dataset,rid,us_name,authorid,match_type,host_id,source,n_papers,award_number,start_year
us_since1990,26,P Shiv Halasyamani,A5080509414,exact,,name_unique,1,"=""0092054""",2001
us_since1990,332,Jayachandran Sethuraman,A5056514157,exact,,name_unique,1,"=""0093981""",2001
us_since1990,722,Maria del Mar Lopez de Murphy,A5062373206,exact,,name_unique,1,"=""0134274""",2002
us_since1990,1017,Harold G Evans,A5107352875,exact,,name_unique,1,"=""0237634""",2003
us_since1990,1045,Vera Kettnaker,A5078259792,exact,,name_unique,1,"=""0237913""",2003
us_since1990,1353,I-Yeu Shen,A5111992492,exact,,name_unique,1,"=""0244116""",2003
us_since1990,2136,Corey S O'Hern,A5110142326,exact,,name_unique,1,"=""0448838""",2005
us_since1990,2373,Kenneth A Bloom,A5107352976,exact,,name_unique,1,"=""0545593""",2005
us_since1990,2521,J Nicholas Laneman,A5084609159,exact,,name_unique,1,"=""0546618""",2006
us_since1990,2958,LaTonya M Williams,A5011619946,exact,,name_unique,1,"=""0643920""",2007
us_since1990,3255,Harold G Evans,A5107352875,exact,,name_unique,1,"=""0647305""",2006
us_since1990,3353,Kameshwar Munagala,A5037484505,exact,,name_unique,1,"=""0745761""",2008
us_since1990,3870,Christopher Gniady,A5005763451,exact,,name_unique,1,"=""0844569""",2009
us_since1990,4212,Francesco Calegari,A5043525562,exact,,name_unique,1,"=""0846285""",2009
us_since1990,5572,Siavash Pourkamali Anaraki,A5034246345,exact,,name_unique,1,"=""1056068""",2011
us_since1990,6060,Ioannis Korkolis,A5053873583,exact,,name_unique,1,"=""1150523""",2012
us_since1990,6867,Siavash Pourkamali Anaraki,A5034246345,exact,,name_unique,1,"=""1314259""",2012
us_since1990,6909,Georgios-Alex Dimakis,A5007721303,exact,,name_unique,1,"=""1344179""",2013
us_since1990,7101,Jen C Owen,A5091714762,exact,,name_unique,1,"=""1350772""",2014
us_since1990,7915,Janet Tomiyama,A5113839748,exact,,name_unique,1,"=""1454735""",2015
us_since1990,8318,Alfred L Hall,A5110657042,exact,,name_unique,1,"=""1553098""",2016
us_since1990,8478,Esra Buyuktahtakin Toy,A5082535664,exact,,name_unique,1,"=""1554018""",2016
us_since1990,9644,Gonzalo Mateos Buckstein,A5003616440,exact,,name_unique,1,"=""1750428""",2018
us_since1990,9799,Anthony Nowatzki,A5067584239,exact,,name_unique,1,"=""1751400""",2018
us_since1990,9832,Reeja Jayan,A5087127934,exact,,name_unique,1,"=""1751605""",2018
us_since1990,10062,Rafael Omar Tinoco Lopez,A5049857553,exact,,name_unique,1,"=""1753200""",2018
us_since1990,10144,Esra Buyuktahtakin Toy,A5082535664,exact,,name_unique,1,"=""1820850""",2017
us_since1990,10267,Dimitrios Papailiopoulos,A5059398329,exact,,name_unique,1,"=""1844951""",2019
us_since1990,11008,Ileana Soto Reyes,A5083238170,exact,,name_unique,1,"=""1941296""",2020
us_since1990,11686,Sara Thoi,A5062005403,exact,,name_unique,1,"=""1945114""",2020
us_since1990,13065,Jennifer C Wilson,A5108959297,exact,,name_unique,1,"=""2142709""",2022
us_since1990,13379,Chris Paolucci,A5110728879,exact,,name_unique,1,"=""2144174""",2022
us_since1990,13453,Chris Rathbone,A5030052713,exact,,name_unique,1,"=""2144438""",2022
us_since1990,13785,Alejandro Velez Melendez,A5031363432,exact,,name_unique,1,"=""2145793""",2022
us_since1990,14297,Shiting Lan,A5041231841,exact,,name_unique,1,"=""2237676""",2023
us_since1990,14873,Tyler R Ray,A5106617387,exact,,name_unique,1,"=""2240170""",2023
us_since1990,14890,Ileana Soto Reyes,A5083238170,exact,,name_unique,1,"=""2243243""",2022
us_since1990,15039,Ravi K Yellavajjala,A5009671549,exact,,name_unique,1,"=""2329562""",2023
us_since1990,15353,Douglas C Hall,A5022310774,exact,,name_unique,1,"=""9502705""",1995
us_since1990,15471,Cynthia E Keppel,A5054317827,exact,,name_unique,1,"=""9600208""",1996
us_since1990,15947,Herman F Nied,A5017082313,exact,,name_unique,1,"=""9702443""",1997
us_since1990,16615,Tsung-Cheng Shen,A5112566395,exact,,name_unique,1,"=""9875129""",1998
us_since1990,625,Joseph R Dwyer,A5105933201,exact,,name_unique,2,"=""0133773""",2002
us_since1990,2839,Valeria LaSaponara,A5088607481,exact,,name_unique,2,"=""0642814""",2007
us_since1990,3171,Brian J Frost,A5041590784,exact,,name_unique,2,"=""0645365""",2007
us_since1990,7002,Artemisia Spyrou,A5103739141,exact,,name_unique,2,"=""1350234""",2014
us_since1990,9151,Rob Macfarlane,A5056219015,exact,,name_unique,2,"=""1653289""",2017
us_since1990,11611,Amin Kargarian Marvasti,A5052639476,exact,,name_unique,2,"=""1944752""",2020
us_since1990,13405,Parinaz Naghizadeh Ardabili,A5085202593,exact,,name_unique,2,"=""2144283""",2022
us_since1990,16197,Janet M Conrad,A5107925271,exact,,name_unique,2,"=""9733023""",1998
us_since1990,17211,Theresa Gaasterland,A5052117560,exact,,name_unique,2,"=""9984882""",2000
us_since1990,857,Alexander D Hall,A5108130925,exact,,name_unique,3,"=""0135136""",2002
us_since1990,8603,Naya Banerjee,A5034156934,exact,,name_unique,3,"=""1554783""",2016
us_since1990,9653,Alexander Endert,A5024965109,exact,,name_unique,3,"=""1750474""",2018
us_since1990,10333,Joan Bruna Estrach,A5029633963,exact,,name_unique,3,"=""1845360""",2019
us_since1990,15617,Urs Hoelzle,A5005454443,exact,,name_unique,3,"=""9624458""",1996
us_since1990,15739,Maria I Cruz,A5108145504,exact,,name_unique,3,"=""9625105""",1996
us_since1990,16461,John D Valentine,A5086485758,exact,,name_unique,3,"=""9734276""",1998
us_since1990,16889,Maria I Cruz,A5108145504,exact,,name_unique,3,"=""9896052""",1997
us_since1990,17355,John D Valentine,A5086485758,exact,,name_unique,3,"=""9996121""",1999
us_since1990,320,Allan Guymon,A5086892425,exact,,name_unique,4,"=""0093911""",2001
us_since1990,1410,Allan Guymon,A5086892425,exact,,name_unique,4,"=""0328231""",2003
us_since1990,5929,Elizabeth Stroupe,A5046269517,exact,,name_unique,4,"=""1149763""",2012
us_since1990,7287,Luna Lu,A5065866914,exact,,name_unique,4,"=""1351817""",2014
us_since1990,8738,Luna Lu,A5065866914,exact,,name_unique,4,"=""1560834""",2015
us_since1990,9865,Jose L Avalos,A5064592292,exact,,name_unique,4,"=""1751840""",2018
us_since1990,12273,Rob Denton,A5057357183,exact,,name_unique,4,"=""2045704""",2021
us_since1990,15218,Radhakrishnan Jagadeesan,A5108192764,exact,,name_unique,4,"=""9501943""",1995
us_since1990,15716,Jon B Weissman,A5029614064,exact,,name_unique,4,"=""9625000""",1996
us_since1990,6775,Alena Talkachova,A5024366530,exact,,name_unique,5,"=""1255410""",2013
us_since1990,7599,Marcelo Ardon-Sayao,A5003992130,exact,,name_unique,5,"=""1452886""",2015
us_since1990,9376,Andreas Kloeckner,A5112508473,exact,,name_unique,5,"=""1654756""",2017
us_since1990,9421,Marcelo Ardon-Sayao,A5003992130,exact,,name_unique,5,"=""1713502""",2016
us_since1990,12074,Hanna Hajishirzi,A5013901408,exact,,name_unique,5,"=""2044660""",2021
us_since1990,12076,Symeon Gerasimidis,A5112621038,exact,,name_unique,5,"=""2044705""",2021
us_since1990,254,Andria Costello Staniec,A5006676681,exact,,name_unique,6,"=""0093513""",2001
us_since1990,4752,Ann Ramirez,A5021983461,exact,,name_unique,6,"=""0953447""",2010
us_since1990,8974,Sophie Joerg,A5006786275,exact,,name_unique,6,"=""1652210""",2017
us_since1990,9965,Michele Yatchmeneff,A5009503299,exact,,name_unique,6,"=""1752598""",2018
us_since1990,10354,Philipp Kraehenbuehl,A5001241073,exact,,name_unique,6,"=""1845485""",2019
us_since1990,11384,MM Faruque Hasan,A5077632026,exact,,name_unique,6,"=""1943479""",2020
us_since1990,1811,Subhashis Ghoshal,A5016249555,exact,,name_unique,7,"=""0349111""",2004
us_since1990,11506,Guhaprasanna Manogharan,A5075966878,exact,,name_unique,7,"=""1944120""",2020
us_since1990,14406,Joshua Alman,A5007462455,exact,,name_unique,7,"=""2238221""",2023
us_since1990,5897,Robert Fergus,A5003544073,exact,,name_unique,8,"=""1149633""",2012
us_since1990,15487,Leilani M Miller,A5071917788,exact,,name_unique,8,"=""9600864""",1996
us_since1990,9569,Asma Hatoum,A5026825708,exact,,name_unique,9,"=""1749886""",2018
us_since1990,12904,Asma Hatoum,A5026825708,exact,,name_unique,9,"=""2054755""",2020
us_since1990,15571,Daniel Frisbie,A5067416783,exact,,name_unique,9,"=""9624154""",1996
us_since1990,929,Obed Norman,A5046710777,exact,,name_unique,10,"=""0222310""",2001
us_since1990,13602,Afiya Fredericks,A5009205376,exact,,name_unique,10,"=""2145105""",2022
us_since1990,16775,Obed Norman,A5046710777,exact,,name_unique,10,"=""9875846""",1999
us_since1990,7420,Balakanapathy Rajaratnam,A5075579121,exact,,name_unique,11,"=""1352656""",2014
us_since1990,10946,Balakanapathy Rajaratnam,A5075579121,exact,,name_unique,11,"=""1916787""",2017
us_since1990,391,Heinrich Nakotte,A5112278311,exact,,name_unique,12,"=""0094241""",2001
us_since1990,1476,Stephan A Zdancewic,A5110923308,exact,,name_unique,12,"=""0346939""",2004
us_since1990,3251,Alexander Gamburd,A5009588205,exact,,name_unique,12,"=""0645807""",2007
us_since1990,6264,Maumita Mandal,A5088991891,exact,,name_unique,12,"=""1151815""",2012
us_since1990,8001,Timothy Perutz,A5058586087,exact,,name_unique,12,"=""1455265""",2015
us_since1990,13277,Diti Bhadra,A5000137273,exact,,name_unique,12,"=""2143740""",2022
us_since1990,3445,Mohan Sankaran,A5110167207,exact,,name_unique,13,"=""0746821""",2008
us_since1990,4706,Bjoern Reinhard,A5109426180,exact,,name_unique,13,"=""0953121""",2010
us_since1990,10882,Michael Gruenwald,A5045429587,exact,,name_unique,13,"=""1848499""",2019
us_since1990,4402,Gurudev Dutt,A5007172474,exact,,name_unique,14,"=""0847195""",2009
us_since1990,13608,Joanna Weremijewicz,A5074943945,exact,,name_unique,14,"=""2145142""",2022
us_since1990,3557,Rainer Doemer,A5038891657,exact,,name_unique,16,"=""0747523""",2008
us_since1990,13098,Amal Ibourk,A5024196212,exact,,name_unique,16,"=""2142908""",2022
us_since1990,7412,Mirela Ciperiani,A5021559712,exact,,name_unique,17,"=""1352598""",2014
us_since1990,14114,Maryam Khanbaghi,A5038724384,exact,,name_unique,17,"=""2236843""",2023
us_since1990,14179,Romila Pradhan,A5079681236,exact,,name_unique,17,"=""2237149""",2023
us_since1990,998,Renae Brodie,A5109094618,exact,,name_unique,18,"=""0237484""",2003
us_since1990,3287,Renae Brodie,A5109094618,exact,,name_unique,18,"=""0719600""",2006
us_since1990,15294,William Quintana,A5108388105,exact,,name_unique,18,"=""9502406""",1995
us_since1990,15362,Philippe Le Floch,A5109448635,exact,,name_unique,18,"=""9502766""",1995
us_since1990,16094,Kate Okikiolu,A5079299474,exact,,name_unique,18,"=""9703329""",1997
us_since1990,1955,Raven McCrory,A5016420689,exact,,name_unique,19,"=""0447611""",2005
us_since1990,12119,Ander Erickson,A5047739949,exact,,name_unique,19,"=""2044960""",2021
us_since1990,12852,Urmila Mahadev,A5011207998,exact,,name_unique,19,"=""2048204""",2021
us_since1990,14142,Mohammad Ghashami,A5057691788,exact,,name_unique,19,"=""2237003""",2023
us_since1990,16438,Sebastian Ceria,A5108791219,exact,,name_unique,19,"=""9734172""",1998
us_since1990,17174,Kurt Stirewalt,A5006795161,exact,,name_unique,19,"=""9984727""",2000
us_since1990,482,Igor Mineyev,A5069868958,exact,,name_unique,20,"=""0132514""",2002
us_since1990,939,Igor Mineyev,A5069868958,exact,,name_unique,20,"=""0228910""",2002
us_since1990,1962,Bobby Jeanpierre,A5046547885,exact,,name_unique,20,"=""0447676""",2005
us_since1990,12308,Alma Steingart,A5039679163,exact,,name_unique,20,"=""2045854""",2021
us_since1990,14437,Subhradeep Roy,A5062073055,exact,,name_unique,20,"=""2238359""",2023
us_since1990,12549,Susanne DiSalvo,A5055044625,exact,,name_unique,21,"=""2046869""",2021
us_since1990,14810,Nicole Danos,A5090730158,exact,,name_unique,21,"=""2239863""",2023
us_since1990,15797,Robert Noiva,A5064640996,exact,,name_unique,21,"=""9631485""",1996
us_since1990,5569,Sigrid Elschot,A5036550417,exact,,name_unique,22,"=""1056042""",2011
us_since1990,7106,Benjamin Carterette,A5109487140,exact,,name_unique,22,"=""1350799""",2014
us_since1990,12814,Mayya Zhilova,A5009839680,exact,,name_unique,22,"=""2048028""",2021
us_since1990,12865,Tanuj Gulati,A5039737644,exact,,name_unique,22,"=""2048231""",2021
us_since1990,13599,Ina Petkova,A5065375431,exact,,name_unique,22,"=""2145090""",2022
us_since1990,14508,Mia Naeini,A5038762345,exact,,name_unique,22,"=""2238658""",2023
us_since1990,14678,Greses Perez,A5043112523,exact,,name_unique,22,"=""2239348""",2023
us_since1990,3996,Nihal Dharmasiri,A5022776280,exact,,name_unique,23,"=""0845305""",2009
us_since1990,6543,Higinio Dominguez,A5016080778,exact,,name_unique,23,"=""1253822""",2013
us_since1990,8558,Vasile Nistor,A5026423719,exact,,name_unique,23,"=""1554500""",2016
us_since1990,12367,Shetay Ashford-Hanserd,A5038059589,exact,,name_unique,23,"=""2046079""",2021
us_since1990,14039,Charlie Fehl,A5086819371,exact,,name_unique,23,"=""2235508""",2023
us_since1990,14372,Daniel Cristofaro-Gardiner,A5067789809,exact,,name_unique,23,"=""2238091""",2023
us_since1990,14375,Akram Alishahi,A5039524026,exact,,name_unique,23,"=""2238103""",2023
us_since1990,14598,Elnaz Banan Sadeghian,A5024085644,exact,,name_unique,23,"=""2238990""",2023
us_since1990,421,Srinivas Manne,A5113351725,exact,,name_unique,24,"=""0094385""",2001
us_since1990,6440,Kenneth Kamrin,A5108672030,exact,,name_unique,24,"=""1253228""",2013
us_since1990,8428,Nadja Spitzer,A5043198680,exact,,name_unique,24,"=""1553667""",2016
us_since1990,13464,Gheorghe Chistol,A5056925498,exact,,name_unique,24,"=""2144481""",2022
us_since1990,13635,Yasmine El-Shamayleh,A5068080807,exact,,name_unique,24,"=""2145241""",2022
us_since1990,14215,Seunghyun Sim,A5003793154,exact,,name_unique,24,"=""2237344""",2023
us_since1990,14233,Itamar Lerner,A5044341747,exact,,name_unique,24,"=""2237419""",2023
us_since1990,14443,Ellora Derenoncourt,A5072052080,exact,,name_unique,24,"=""2238373""",2023
us_since1990,5611,Ibrahim Fatkullin,A5027870918,exact,,name_unique,25,"=""1056471""",2011
us_since1990,7759,Jennifer Noll,A5039132314,exact,,name_unique,25,"=""1453822""",2015
us_since1990,10149,Jennifer Noll,A5039132314,exact,,name_unique,25,"=""1823081""",2017
us_since1990,10858,Sara Maloni,A5034019619,exact,,name_unique,25,"=""1848346""",2019
us_since1990,12025,Kari Kokka,A5051207412,exact,,name_unique,25,"=""2042975""",2021
us_since1990,13746,Dmitry Evtyushkin,A5087128492,exact,,name_unique,25,"=""2145635""",2022
us_since1990,13900,Alison Ravenscraft,A5035177917,exact,,name_unique,25,"=""2146512""",2022
us_since1990,14885,Kari Kokka,A5051207412,exact,,name_unique,25,"=""2242654""",2022
us_since1990,2277,Seong Jin Koh,A5020159637,exact,,name_unique,26,"=""0449958""",2005
us_since1990,4178,Klara Briknarova,A5059750676,exact,,name_unique,26,"=""0846132""",2009
us_since1990,7763,Lea Goentoro,A5006166848,exact,,name_unique,26,"=""1453863""",2015
us_since1990,11922,Danae Schulz,A5000253803,exact,,name_unique,26,"=""2041395""",2021
us_since1990,14325,Nicoletta Fala,A5020094807,exact,,name_unique,26,"=""2237851""",2023
us_since1990,14355,Aurelie Azoug,A5040990489,exact,,name_unique,26,"=""2238035""",2023
us_since1990,408,Thomas Meixner,A5111605656,exact,,name_unique,27,"=""0094312""",2001
us_since1990,1114,Julie Cwikla,A5032439226,exact,,name_unique,27,"=""0238319""",2003
us_since1990,1432,Michel Bellini,A5051534350,exact,,name_unique,27,"=""0344066""",2004
us_since1990,1995,Lee Markosian,A5022178837,exact,,name_unique,27,"=""0447883""",2005
us_since1990,2315,Thomas Meixner,A5111605656,exact,,name_unique,27,"=""0515592""",2005
us_since1990,2948,Christiane Wiese,A5011104088,exact,,name_unique,27,"=""0643878""",2007
us_since1990,3732,Ivan Rasnik,A5007153294,exact,,name_unique,27,"=""0748642""",2008
us_since1990,4880,Hector Viadiu,A5000170576,exact,,name_unique,27,"=""0954267""",2010
us_since1990,5368,Parag Chordia,A5023426780,exact,,name_unique,27,"=""1054659""",2011
us_since1990,8166,Kihyun Ryoo,A5005310494,exact,,name_unique,27,"=""1552114""",2016
us_since1990,11413,Albert Dato,A5034740649,exact,,name_unique,27,"=""1943599""",2020
us_since1990,12764,Megan Phifer-Rixey,A5028239317,exact,,name_unique,27,"=""2047759""",2021
us_since1990,13850,Davoud Mozhdehi,A5080141945,exact,,name_unique,27,"=""2146168""",2022
us_since1990,15052,Megan Phifer-Rixey,A5028239317,exact,,name_unique,27,"=""2332998""",2023
us_since1990,15273,Erika Rogers,A5104362369,exact,,name_unique,27,"=""9502289""",1995
us_since1990,16903,Erika Rogers,A5104362369,exact,,name_unique,27,"=""9896178""",1997
us_since1990,1078,Brenda Bannan,A5090950947,exact,,name_unique,28,"=""0238129""",2003
us_since1990,2428,Christoforos Kozyrakis,A5072960733,exact,,name_unique,28,"=""0546060""",2006
us_since1990,4875,Terrence August,A5025387946,exact,,name_unique,28,"=""0954234""",2010
us_since1990,5634,Kirsten Eisentraeger,A5075846413,exact,,name_unique,28,"=""1056703""",2011
us_since1990,12020,Divya Sitaraman,A5061034487,exact,,name_unique,28,"=""2042873""",2021
us_since1990,13642,Abbey Bourdon,A5067353271,exact,,name_unique,28,"=""2145270""",2022
us_since1990,13669,Lindsey Kuper,A5065115190,exact,,name_unique,28,"=""2145367""",2022
us_since1990,707,Ana Muriel,A5089058942,exact,,name_unique,29,"=""0134175""",2002
us_since1990,7393,Jill Lany,A5090322904,exact,,name_unique,29,"=""1352443""",2014
us_since1990,11185,Janet Walkoe,A5025323041,exact,,name_unique,29,"=""1942580""",2020
us_since1990,14440,Joshua Brake,A5060827676,exact,,name_unique,29,"=""2238365""",2023
us_since1990,15247,Ted Conway,A5081354580,exact,,name_unique,29,"=""9502123""",1995
us_since1990,15263,Bapiraju Vinnakota,A5113630631,exact,,name_unique,29,"=""9502240""",1995
us_since1990,676,Virginia de Sa,A5025854488,fuzzy,I36258959,round2_inst,1,"=""0133996""",2002
us_since1990,1481,Jeffrey Heflin,A5109831244,fuzzy,I186143895,round2_inst,1,"=""0346963""",2004
us_since1990,1830,Oscar D Dubon,A5111611223,fuzzy,I95457486,round2_inst,1,"=""0349257""",2004
us_since1990,1839,J Maurice Rojas,A5080470100,fuzzy,I91045830,round2_inst,1,"=""0349309""",2004
us_since1990,1842,Kevin T Holman,A5103351816,fuzzy,I184565670,round2_inst,1,"=""0349316""",2004
us_since1990,1876,Chuan-kang Shih,A5110004296,alias,I33213144,round2_inst,1,"=""0408465""",2004
us_since1990,2646,Jeffrey M Moehlis,A5111947965,fuzzy,I154570441,round2_inst,1,"=""0547606""",2006
us_since1990,3464,Gookwon E Suh,A5112839659,fuzzy,I205783295,round2_inst,1,"=""0746913""",2008
us_since1990,4472,Enrico J Ramirez-Ruiz,A5108887439,fuzzy,I185103710,round2_inst,1,"=""0847563""",2009
us_since1990,4480,Matthew Kipper,A5103850455,fuzzy,I92446798,round2_inst,1,"=""0847641""",2009
us_since1990,4493,Michael R Brudzinski,A5056977446,alias,I83328450,round2_inst,1,"=""0847688""",2009
us_since1990,10365,Brendan T O'Connor,A5102560619,fuzzy,I24603500,round2_inst,1,"=""1845576""",2019
us_since1990,13696,Geoffrey P Wehmeyer,A5097846097,fuzzy,I74775410,round2_inst,1,"=""2145461""",2022
us_since1990,14596,Allison P Hayman,A5106848233,fuzzy,I188538660,round2_inst,1,"=""2238977""",2023
us_since1990,15379,Oscar D Crisalle,A5104094479,fuzzy,I33213144,round2_inst,1,"=""9502936""",1995
us_since1990,15549,Lisa McIlrath,A5060223941,fuzzy,I12912129,round2_inst,1,"=""9623907""",1996
us_since1990,16013,Howard M Choset,A5110482005,fuzzy,I74973139,round2_inst,1,"=""9702768""",1997
us_since1990,17268,Zachary H He,A5107517105,fuzzy,I71838634,round2_inst,1,"=""9985135""",2000
us_since1990,282,Partha S Dutta,A5014922920,fuzzy,I165799507,round2_inst,2,"=""0093706""",2001
us_since1990,522,Barbara M DiEugenio,A5016846481,fuzzy,I39422238,round2_inst,2,"=""0133123""",2002
us_since1990,2202,Dean Toste,A5071191382,alias,I95457486,round2_inst,2,"=""0449449""",2005
us_since1990,2815,Robert B Day,A5111423457,fuzzy,I87216513,round2_inst,2,"=""0641319""",2007
us_since1990,4005,Daniel Cosley,A5003561964,alias,I205783295,round2_inst,2,"=""0845351""",2009
us_since1990,4558,Ibrahim V Isler,A5050312361,fuzzy,I130238516,round2_inst,2,"=""0917676""",2008
us_since1990,5387,Nicholas Panasik,A5025277389,alias,I16892885,round2_inst,2,"=""1054787""",2011
us_since1990,5439,Georgios-Alex Dimakis,A5037843291,fuzzy,I1174212,round2_inst,2,"=""1055099""",2011
us_since1990,6205,Valeriy Y Ivanov,A5087365093,fuzzy,I27837315,round2_inst,2,"=""1151443""",2012
us_since1990,6242,Julia E Grigsby,A5033716755,fuzzy,I103531236,round2_inst,2,"=""1151671""",2012
us_since1990,6917,Lester B Perry,A5112452650,fuzzy,I430192,round2_inst,2,"=""1347179""",2014
us_since1990,8332,Kate Schilke,A5018786687,alias,I131249849,round2_inst,2,"=""1553183""",2016
us_since1990,8450,Anthony N Vamivakas,A5076522391,fuzzy,I5388228,round2_inst,2,"=""1553788""",2016
us_since1990,11501,John M Meacham,A5103939992,fuzzy,I204465549,round2_inst,2,"=""1944063""",2020
us_since1990,12304,Olivia Feldman,A5113345763,fuzzy,I75027704,round2_inst,2,"=""2045843""",2021
us_since1990,14059,Angel F Adames-Corraliza,A5090973633,fuzzy,I135310074,round2_inst,2,"=""2236433""",2023
us_since1990,14180,Zareen G Aga,A5104632488,fuzzy,I11883440,round2_inst,2,"=""2237151""",2023
us_since1990,15704,Miguel A Garcia-Garibay,A5008836153,fuzzy,I161318765,round2_inst,2,"=""9624950""",1996
us_since1990,16184,Mark A Nanny,A5071358539,fuzzy,I8692664,round2_inst,2,"=""9732969""",1998
us_since1990,16413,Jacqueline A Isaacs,A5069820858,fuzzy,I12912129,round2_inst,2,"=""9734054""",1998
us_since1990,17216,Richard A Cheville,A5103558641,fuzzy,I115475287,round2_inst,2,"=""9984896""",2000
us_since1990,17272,Christi L Magrath,A5013245117,fuzzy,I149292303,round2_inst,2,"=""9985156""",2000
us_since1990,2609,Chinemelu Anumba,A5014702971,fuzzy,I130769515,round2_inst,3,"=""0547324""",2006
us_since1990,4000,Traci L Stevens,A5087393614,fuzzy,I182555378,round2_inst,3,"=""0845332""",2009
us_since1990,4758,Benjamin R Liblit,A5061551373,fuzzy,I135310074,round2_inst,3,"=""0953478""",2010
us_since1990,6513,Christopher T Hittinger,A5006257739,fuzzy,I135310074,round2_inst,3,"=""1253634""",2013
us_since1990,12649,Taran S Gujral,A5029487600,fuzzy,I4210089486,round2_inst,3,"=""2047289""",2021
us_since1990,12702,Sherry S Sahebi,A5001771225,fuzzy,I392282,round2_inst,3,"=""2047500""",2021
us_since1990,13232,Kandis L Abdul-Aziz,A5013730658,fuzzy,I103635307,round2_inst,3,"=""2143578""",2022
us_since1990,15555,Juan M Pestana-Nascimento,A5035486428,fuzzy,I95457486,round2_inst,3,"=""9623979""",1996
us_since1990,947,Douglas F Cowen,A5109395252,fuzzy,I130769515,round2_inst,4,"=""0232144""",2002
us_since1990,1124,Charlie Hu,A5084028620,alias,I219193219,round2_inst,4,"=""0238379""",2003
us_since1990,2279,Prasenjit N Guptasarma,A5103364380,fuzzy,I43579087,round2_inst,4,"=""0449969""",2005
us_since1990,5635,Daniel J Lewis,A5112808541,fuzzy,I165799507,round2_inst,4,"=""1056704""",2011
us_since1990,8680,Amanda J Weinstein,A5107931522,fuzzy,I173911158,round2_inst,4,"=""1555161""",2016
us_since1990,9362,Bradley P Carrow,A5109223386,fuzzy,I20089843,round2_inst,4,"=""1654664""",2017
us_since1990,16256,Bradley G Calder,A5012538132,fuzzy,I36258959,round2_inst,4,"=""9733278""",1998
us_since1990,16917,Rodney E McNair,A5049472080,fuzzy,I86501945,round2_inst,4,"=""9896318""",1998
us_since1990,17344,William N Street,A5103374719,fuzzy,I126307644,round2_inst,4,"=""9996044""",1998
us_since1990,17384,Rodney E McNair,A5049472080,fuzzy,I126548940,round2_inst,4,"=""9996380""",1999
us_since1990,1743,Jochen P Stutz,A5108316954,fuzzy,I161318765,round2_inst,5,"=""0348674""",2004
us_since1990,2492,Karamvir Chatha,A5109037628,alias,I55732556,round2_inst,5,"=""0546462""",2006
us_since1990,4801,Susan C Wang,A5034906807,fuzzy,I72951846,round2_inst,5,"=""0953721""",2010
us_since1990,5234,Veronica Webster,A5004186051,alias,I11957088,round2_inst,5,"=""1053655""",2011
us_since1990,6365,R Keith Slotkin,A5007947893,alias,I52357470,round2_inst,5,"=""1252370""",2013
us_since1990,12184,Christopher J Parnin,A5026291943,fuzzy,I137902535,round2_inst,5,"=""2045272""",2021
us_since1990,13773,Jing Tian,A5113938781,alias,I219193219,round2_inst,5,"=""2145744""",2022
us_since1990,68,Vicki E Jones,A5103536614,fuzzy,I137902535,round2_inst,6,"=""0092669""",2001
us_since1990,575,Carsten E Schuermann,A5065032923,fuzzy,I32971472,round2_inst,6,"=""0133502""",2002
us_since1990,1412,Maria del Mar Lopez de Murphy,A5014583990,fuzzy,I130769515,round2_inst,6,"=""0330592""",2003
us_since1990,1939,James T Oates,A5038285162,fuzzy,I79272384,round2_inst,6,"=""0447435""",2005
us_since1990,1967,Alireza K Ziarani,A5107392298,fuzzy,I16944753,round2_inst,6,"=""0447705""",2005
us_since1990,5259,Carleton Kingsford,A5029994273,alias,I66946132,round2_inst,6,"=""1053918""",2011
us_since1990,7400,Stefan W Ballmer,A5104089408,fuzzy,I70983195,round2_inst,6,"=""1352511""",2014
us_since1990,11433,Steven C Hankey,A5112895259,fuzzy,I859038795,round2_inst,6,"=""1943705""",2020
us_since1990,14160,Tsu-Te J Su,A5030875633,fuzzy,I138006243,round2_inst,6,"=""2237077""",2023
us_since1990,15945,Susan L Burkett,A5111950718,fuzzy,I17301866,round2_inst,6,"=""9702419""",1997
us_since1990,328,Lois Schwarz,A5016300332,fuzzy,I78715868,round2_inst,7,"=""0093962""",2001
us_since1990,971,Lois Schwarz,A5016300332,fuzzy,I82495205,round2_inst,7,"=""0236877""",2002
us_since1990,1072,Teresa J Sylvina,A5059789646,fuzzy,I859038795,round2_inst,7,"=""0238069""",2003
us_since1990,1393,Jacqueline J Li,A5076956013,fuzzy,I125687163,round2_inst,7,"=""0305594""",2002
us_since1990,2381,Md A Haque,A5051334797,fuzzy,I130769515,round2_inst,7,"=""0545683""",2006
us_since1990,6904,Aaron M Thomas,A5001369893,fuzzy,I6750721,round2_inst,7,"=""1342055""",2013
us_since1990,7872,Natalie Y Arnett,A5027276746,fuzzy,I9254433,round2_inst,7,"=""1454451""",2015
us_since1990,10992,Erin J Talvitie,A5078503328,fuzzy,I133543626,round2_inst,7,"=""1939827""",2019
us_since1990,12329,Elisa Celis,A5076632474,exact,I32971472,round2_inst,7,"=""2045951""",2021
us_since1990,13567,Diana C Loucks,A5082235725,fuzzy,I192545095,round2_inst,7,"=""2144942""",2022
us_since1990,2554,Edward Kohler,A5077684047,alias,I161318765,round2_inst,8,"=""0546892""",2006
us_since1990,2970,Nicholas G Feamster,A5021478789,fuzzy,I130701444,round2_inst,8,"=""0643974""",2007
us_since1990,3115,Maria Caterina Santagata,A5108370826,alias,I219193219,round2_inst,8,"=""0644915""",2007
us_since1990,7586,Jonathan M Chaika,A5036402750,fuzzy,I223532165,round2_inst,8,"=""1452762""",2015
us_since1990,8836,Kristen Krupa,A5108834128,alias,I127591826,round2_inst,8,"=""1650960""",2017
us_since1990,15102,Carolyn P Johnston,A5088693082,fuzzy,I63772739,round2_inst,8,"=""9500269""",1995
us_since1990,15181,Luke F Lester,A5088179050,fuzzy,I169521973,round2_inst,8,"=""9501785""",1995
us_since1990,15382,Colleen M Byron,A5040549737,fuzzy,I209336547,round2_inst,8,"=""9503044""",1995
us_since1990,15707,Joy S Shetler,A5010937420,fuzzy,I149919469,round2_inst,8,"=""9624967""",1996
us_since1990,16636,John M Rulnick,A5065981705,fuzzy,I107077323,round2_inst,8,"=""9875221""",1999
us_since1990,315,Melissa M Rieger,A5061666309,fuzzy,I8692664,round2_inst,9,"=""0093881""",2001
us_since1990,1621,Eric S Hsu,A5065557716,fuzzy,I71838634,round2_inst,9,"=""0347784""",2004
us_since1990,1917,Christopher J Bailey-Kellogg,A5023535554,fuzzy,I107672454,round2_inst,9,"=""0444544""",2004
us_since1990,3427,Jacob W Langelaan,A5112226702,fuzzy,I130769515,round2_inst,9,"=""0746655""",2008
us_since1990,5889,Robert K Garrett,A5108147606,fuzzy,I52357470,round2_inst,9,"=""1149599""",2012
us_since1990,7800,Joshua McDermott,A5112357329,alias,I63966007,round2_inst,9,"=""1454094""",2015
us_since1990,13666,Doran I Raccah,A5052876054,fuzzy,I178169726,round2_inst,9,"=""2145358""",2022
us_since1990,15072,Doran I Raccah,A5052876054,fuzzy,I86519309,round2_inst,9,"=""2341178""",2023
us_since1990,16180,Marc P. C Fossorier,A5076440730,fuzzy,I1331384533,round2_inst,9,"=""9732959""",1998
us_since1990,13354,Timothy Tsai,A5102923246,exact,I133543626,round2_inst,10,"=""2144050""",2022
us_since1990,13460,Bharat J Venkat,A5022378515,fuzzy,I161318765,round2_inst,10,"=""2144466""",2022
us_since1990,13873,Jaime Lopez-Mosqueda,A5034189588,exact,I177156846,round2_inst,10,"=""2146384""",2022
us_since1990,15258,Edsel A Ammons,A5073901987,fuzzy,I8248082,round2_inst,10,"=""9502216""",1995
us_since1990,15309,Terence E Parker,A5104105914,fuzzy,I167576493,round2_inst,10,"=""9502481""",1995
us_since1990,388,Anne Reilly,A5111819322,alias,I16285277,round2_inst,11,"=""0094225""",2001
us_since1990,7771,Jason S Chen,A5002444311,fuzzy,I173911158,round2_inst,11,"=""1453896""",2015
us_since1990,14481,Paul Goetsch,A5079245814,alias,I11957088,round2_inst,11,"=""2238540""",2023
us_since1990,15616,Douglas J Swenson,A5103629713,fuzzy,I11957088,round2_inst,11,"=""9624456""",1996
us_since1990,15916,Douglas J Swenson,A5103629713,fuzzy,I11957088,round2_inst,11,"=""9702263""",1997
us_since1990,16315,Scott Raschke,A5112773556,alias,I186143895,round2_inst,11,"=""9733595""",1998
us_since1990,16463,Luke J Mawst,A5045944600,fuzzy,I135310074,round2_inst,11,"=""9734283""",1998
us_since1990,16658,Jonathan G Rossie,A5006672493,fuzzy,I137902535,round2_inst,11,"=""9875329""",1999
us_since1990,17142,Gabe V Garcia,A5020789233,fuzzy,I10052268,round2_inst,11,"=""9984616""",2000
us_since1990,71,Jose N Kutz,A5104909426,fuzzy,I201448701,round2_inst,12,"=""0092682""",2001
us_since1990,4435,Andrew V Newman,A5100998586,fuzzy,I130701444,round2_inst,12,"=""0847382""",2009
us_since1990,4567,Andrew V Newman,A5100998586,fuzzy,I130701444,round2_inst,12,"=""0929960""",2009
us_since1990,8542,Negar Ebadi,A5064821530,alias,I108468826,round2_inst,12,"=""1554402""",2016
us_since1990,9050,Daniel C Rucker,A5103811929,fuzzy,I75027704,round2_inst,12,"=""1652588""",2017
us_since1990,13079,Isaac L Bleaman,A5029110945,fuzzy,I95457486,round2_inst,12,"=""2142797""",2022
us_since1990,13820,Christine M Dykstra,A5065033063,alias,I26538001,round2_inst,12,"=""2145902""",2022
us_since1990,14306,Terrance Burgess,A5081185081,alias,I87216513,round2_inst,12,"=""2237739""",2023
us_since1990,15415,Alexander J Rouch,A5108746236,fuzzy,I74022624,round2_inst,12,"=""9507444""",1995
us_since1990,15669,Hsiu C Han,A5102142711,fuzzy,I173911158,round2_inst,12,"=""9624785""",1996
us_since1990,31,Laura Langer,A5050368226,alias,I138006243,round2_inst,13,"=""0092187""",2001
us_since1990,334,Kimberly L Foster,A5032022278,fuzzy,I154570441,round2_inst,13,"=""0093994""",2001
us_since1990,1062,Lynette M Yarger,A5011567668,fuzzy,I130769515,round2_inst,13,"=""0238009""",2003
us_since1990,1258,Jens U Noeckel,A5020621742,fuzzy,I181233156,round2_inst,13,"=""0239332""",2003
us_since1990,5828,Steven Viscido,A5108443609,alias,I188405335,round2_inst,13,"=""1149302""",2012
us_since1990,7213,Sarah E Gilman,A5081215256,fuzzy,I106107269,round2_inst,13,"=""1351445""",2014
us_since1990,11428,Lauren Andrews,A5036971797,fuzzy,I24603500,round2_inst,13,"=""1943695""",2020
us_since1990,12204,Christina B Cooley,A5033123952,fuzzy,I60060512,round2_inst,13,"=""2045398""",2021
us_since1990,12511,Chelsey Z Hargather,A5065979857,fuzzy,I207123951,round2_inst,13,"=""2046670""",2021
us_since1990,12720,Trevor S Elliott,A5044113467,fuzzy,I177097968,round2_inst,13,"=""2047589""",2021
us_since1990,13771,Allison Lassiter,A5080050757,alias,I79576946,round2_inst,13,"=""2145738""",2022
us_since1990,14152,Joyce G Onyenedum,A5000766708,fuzzy,I205783295,round2_inst,13,"=""2237046""",2023
us_since1990,14517,Peng Zhang,A5100364052,alias,I102322142,round2_inst,13,"=""2238682""",2023
us_since1990,15806,Helen Na,A5009233791,alias,I161318765,round2_inst,13,"=""9696259""",1996
us_since1990,235,Darlene D Judd,A5088052719,fuzzy,I131249849,round2_inst,14,"=""0093392""",2001
us_since1990,1121,Kevin Higgins,A5046268872,exact,I155781252,round2_inst,14,"=""0238354""",2003
us_since1990,1672,Lynn A Salvati,A5073698005,fuzzy,I107639228,round2_inst,14,"=""0348138""",2004
us_since1990,12336,Lisa W Wills,A5042221799,fuzzy,I170897317,round2_inst,14,"=""2045974""",2021
us_since1990,13852,Minghao W Rostami,A5026873569,fuzzy,I70983195,round2_inst,14,"=""2146191""",2022
us_since1990,13889,Seunghee Shin,A5071189588,alias,I123946342,round2_inst,14,"=""2146475""",2022
us_since1990,13922,Tammie Visintainer,A5017808224,alias,I51504820,round2_inst,14,"=""2148014""",2022
us_since1990,14028,Martha R Bhattacharya,A5082005980,fuzzy,I138006243,round2_inst,14,"=""2235079""",2023
us_since1990,14110,Briana N Doering,A5025090554,fuzzy,I12834331,round2_inst,14,"=""2236813""",2023
us_since1990,15444,Randall L Morrison,A5031390650,fuzzy,I87552059,round2_inst,14,"=""9513655""",1996
us_since1990,15615,Michael D Thouless,A5112220067,fuzzy,I27837315,round2_inst,14,"=""9624452""",1996
us_since1990,15919,Dana S Henry,A5109000535,fuzzy,I32971472,round2_inst,14,"=""9702281""",1997
us_since1990,17251,Chuan-kang Shih,A5061758801,exact,I157725225,round2_inst,14,"=""9985041""",2000
us_since1990,81,Rebecca Kohn,A5071838750,alias,I177753169,round2_inst,15,"=""0092733""",2001
us_since1990,4648,Debra Johanning,A5018536740,alias,I90871651,round2_inst,15,"=""0952661""",2010
us_since1990,10890,Jennifer L Derr,A5057213976,fuzzy,I185103710,round2_inst,15,"=""1848557""",2019
us_since1990,11652,Joseph Ewoodzie,A5086084683,fuzzy,I141720752,round2_inst,15,"=""1944961""",2020
us_since1990,12148,Michael A Bertucci,A5031506345,fuzzy,I205139184,round2_inst,15,"=""2045078""",2021
us_since1990,13060,Sheree T Sharpe,A5084236555,fuzzy,I161057412,round2_inst,15,"=""2142659""",2022
us_since1990,13147,Melissa B Gordon,A5069375182,fuzzy,I184759092,round2_inst,15,"=""2143146""",2022
us_since1990,13196,Brandon R Davis,A5090410756,fuzzy,I146416000,round2_inst,15,"=""2143381""",2022
us_since1990,13796,James G Heys,A5077990280,fuzzy,I223532165,round2_inst,15,"=""2145814""",2022
us_since1990,14011,Brandon R Davis,A5090410756,fuzzy,I114832834,round2_inst,15,"=""2231729""",2022
us_since1990,14237,Jerard V Gordon,A5016752536,fuzzy,I27837315,round2_inst,15,"=""2237433""",2023
us_since1990,15396,Michael K Reddy,A5102168141,fuzzy,I43579087,round2_inst,15,"=""9506139""",1995
us_since1990,16568,Thomas J Wiese,A5036573658,fuzzy,I91083438,round2_inst,15,"=""9874851""",1999
us_since1990,16704,Martha L Escobar-Molano,A5073795908,fuzzy,I2613432,round2_inst,15,"=""9875528""",1999
us_since1990,16877,Teresa M Perney,A5113603329,fuzzy,I102322142,round2_inst,15,"=""9876321""",1999
us_since1990,578,Ioannis Papapolymerou,A5084257598,alias,I130701444,round2_inst,16,"=""0133514""",2002
us_since1990,4260,Kurtis G Paterson,A5109187916,fuzzy,I11883440,round2_inst,16,"=""0846468""",2009
us_since1990,7710,Bronwyn H Bleakley,A5032655012,fuzzy,I80335173,round2_inst,16,"=""1453536""",2015
us_since1990,9085,Hysell Oviedo,A5038736421,alias,I125687163,round2_inst,16,"=""1652774""",2017
us_since1990,10413,Maisie Gholson,A5008675811,alias,I27837315,round2_inst,16,"=""1845841""",2019
us_since1990,11896,Robert Patro,A5110572855,alias,I66946132,round2_inst,16,"=""2029424""",2020
us_since1990,12399,Catalina Cuellar Gempeler,A5008198397,exact,I192389796,round2_inst,16,"=""2046214""",2021
us_since1990,13485,Ayrton A Bernussi,A5055517988,fuzzy,I12315562,round2_inst,16,"=""2144568""",2022
us_since1990,14150,Sharon Li,A5076432790,alias,I135310074,round2_inst,16,"=""2237037""",2023
us_since1990,14421,Gheorghi Guzun,A5021597531,alias,I51504820,round2_inst,16,"=""2238291""",2023
us_since1990,14707,Janice Mak,A5007464672,alias,I55732556,round2_inst,16,"=""2239481""",2023
us_since1990,14922,Chia-Yi Chiu,A5056453298,alias,I130238516,round2_inst,16,"=""2302406""",2022
us_since1990,15485,Ann M Flower,A5013321251,fuzzy,I24571045,round2_inst,16,"=""9600851""",1996
us_since1990,16591,Linda R Barrett,A5010927981,fuzzy,I110152177,round2_inst,16,"=""9875015""",1999
us_since1990,227,Peter J Meberg,A5013157502,fuzzy,I24571045,round2_inst,17,"=""0093359""",2001
us_since1990,1445,Abbe Herzig,A5019764789,alias,I392282,round2_inst,17,"=""0346556""",2004
us_since1990,2348,Dmitri E Feldman,A5113890227,fuzzy,I27804330,round2_inst,17,"=""0544116""",2006
us_since1990,2645,Deborah K Follman,A5108214825,fuzzy,I219193219,round2_inst,17,"=""0547599""",2006
us_since1990,4280,Nancy K Lape,A5055142254,fuzzy,I133543626,round2_inst,17,"=""0846541""",2009
us_since1990,4447,Megan Spence,A5076041904,alias,I170201317,round2_inst,17,"=""0847417""",2009
us_since1990,4771,Justin M Ramsey,A5100827200,fuzzy,I5388228,round2_inst,17,"=""0953551""",2010
us_since1990,6976,AUTUMN E KENT,A5039114223,fuzzy,I135310074,round2_inst,17,"=""1350075""",2014
us_since1990,8053,Justin M Ramsey,A5100827200,fuzzy,I75350188,round2_inst,17,"=""1464471""",2014
us_since1990,10017,Benjamin C Gorske,A5005939723,fuzzy,I135474949,round2_inst,17,"=""1752912""",2018
us_since1990,12712,Lynne Dieckman,A5069812407,alias,I114493937,round2_inst,17,"=""2047553""",2021
us_since1990,12980,Linda Zou,A5079412359,alias,I66946132,round2_inst,17,"=""2140987""",2022
us_since1990,14576,Samantha A Vortherms,A5050458528,fuzzy,I204250578,round2_inst,17,"=""2238897""",2023
us_since1990,15419,Michael T K Horvath,A5069946501,fuzzy,I97018004,round2_inst,17,"=""9507978""",1995
us_since1990,15860,Rita A Gregory,A5047490472,fuzzy,I130701444,round2_inst,17,"=""9701923""",1997
us_since1990,16354,Mark L Pitt,A5107145284,fuzzy,I859038795,round2_inst,17,"=""9733772""",1998
us_since1990,17306,Taylor Allen,A5080994936,exact,I70571728,round2_inst,17,"=""9985315""",2000
us_since1990,1194,Laura J Harrell,A5000491676,fuzzy,I81365321,round2_inst,18,"=""0238848""",2003
us_since1990,2295,Lok C Lew Yan Voon,A5004713413,fuzzy,I19648265,round2_inst,18,"=""0454849""",2004
us_since1990,4759,Nicole A LaRonde,A5054809967,fuzzy,I66946132,round2_inst,18,"=""0953493""",2010
us_since1990,6327,Michelle O Claville,A5071408084,fuzzy,I151328261,round2_inst,18,"=""1230357""",2011
us_since1990,7159,Emma Coddington,A5111880943,exact,I141670070,round2_inst,18,"=""1351129""",2014
us_since1990,7311,Elizabeth Dirk,A5090567091,fuzzy,I169521973,round2_inst,18,"=""1351947""",2014
us_since1990,9077,Jean P Gaffney,A5004311894,fuzzy,I141810926,round2_inst,18,"=""1652731""",2017
us_since1990,10547,Sara K Olson,A5085878219,fuzzy,I177881444,round2_inst,18,"=""1846563""",2019
us_since1990,13765,Perla Ayala,A5060332267,alias,I59897056,round2_inst,18,"=""2145723""",2022
us_since1990,14228,Matthew G Niepielko,A5025252125,fuzzy,I47449453,round2_inst,18,"=""2237390""",2023
us_since1990,14252,Nicholas Tsolas,A5040567926,alias,I82497590,round2_inst,18,"=""2237492""",2023
us_since1990,14335,Nicholas C Johnson,A5039574200,fuzzy,I26538001,round2_inst,18,"=""2237902""",2023
us_since1990,14490,Jason E Heindl,A5048431722,fuzzy,I44265643,round2_inst,18,"=""2238568""",2023
us_since1990,15724,Kenneth Y Yun,A5112172140,fuzzy,I36258959,round2_inst,18,"=""9625034""",1996
us_since1990,16241,Peter W Coschigano,A5048455118,fuzzy,I4210106879,round2_inst,18,"=""9733210""",1998
us_since1990,559,Charlene A Yauch,A5036491955,fuzzy,I115475287,round2_inst,19,"=""0133419""",2002
us_since1990,673,Barbara L Gonzalez,A5103963766,fuzzy,I142934699,round2_inst,19,"=""0133989""",2002
us_since1990,783,Audra M Bullock,A5048673179,fuzzy,I1331384533,round2_inst,19,"=""0134640""",2002
us_since1990,808,Mary Gin,A5021256764,fuzzy,I157725225,round2_inst,19,"=""0134792""",2002
us_since1990,1219,Ramani S Pilla,A5062975531,fuzzy,I58956616,round2_inst,19,"=""0239053""",2003
us_since1990,3256,Charlene A Yauch,A5036491955,fuzzy,I50702494,round2_inst,19,"=""0649151""",2006
us_since1990,5763,Jane M Liu,A5055153415,fuzzy,I177880774,round2_inst,19,"=""1148202""",2012
us_since1990,8231,Christina M Hartman,A5108708272,fuzzy,I121980950,round2_inst,19,"=""1552567""",2016
us_since1990,10077,Elizabeth Chiarello,A5017780894,exact,I47838141,round2_inst,19,"=""1753308""",2018
us_since1990,10561,Andrea I Silverman,A5046052321,fuzzy,I57206974,round2_inst,19,"=""1846692""",2019
us_since1990,10984,Zaher Hani,A5104651760,exact,I27837315,round2_inst,19,"=""1936640""",2018
us_since1990,12283,Andrew K Lawton,A5028611132,fuzzy,I99041443,round2_inst,19,"=""2045759""",2021
us_since1990,14682,Irina Bobkova,A5103111569,alias,I91045830,round2_inst,19,"=""2239362""",2023
us_since1990,14791,Daniel A Jacobs,A5073752075,fuzzy,I84392919,round2_inst,19,"=""2239760""",2023
us_since1990,14953,Wei Ho,A5110725131,alias,I20089843,round2_inst,19,"=""2309115""",2022
us_since1990,16073,Jeff Hollingsworth,A5114001621,exact,I66946132,round2_inst,19,"=""9703212""",1997
us_since1990,16443,Kenneth D Turnbull,A5112447868,fuzzy,I78715868,round2_inst,19,"=""9734187""",1998
us_since1990,16569,Yong-Qian Sun,A5100567716,alias,I157725225,round2_inst,19,"=""9874854""",1999
us_since1990,16601,Carmela C Amato-Wierda,A5034488133,fuzzy,I161057412,round2_inst,19,"=""9875062""",1998
us_since1990,17156,Maarten A Rutgers,A5109123220,fuzzy,I52357470,round2_inst,19,"=""9984655""",2000
us_since1990,6218,Jason M Belitsky,A5015904179,fuzzy,I70571728,round2_inst,20,"=""1151498""",2012
us_since1990,9379,Emily J McLaurin,A5067164161,fuzzy,I189590672,round2_inst,20,"=""1654793""",2017
us_since1990,9954,Dorthe Eisele,A5007937028,alias,I125687163,round2_inst,20,"=""1752475""",2018
us_since1990,10674,Stephanie McCalla,A5062756974,alias,I23732399,round2_inst,20,"=""1847245""",2019
us_since1990,11310,Cristian H Danna,A5051994970,fuzzy,I51556381,round2_inst,20,"=""1943120""",2020
us_since1990,13124,Suzanne R Lee,A5086382810,fuzzy,I52669646,round2_inst,20,"=""2143019""",2022
us_since1990,15037,Connie B Chang,A5087345873,fuzzy,I1330342723,round2_inst,20,"=""2328766""",2023
us_since1990,15177,Smaragda Konstantinidou,A5078318947,alias,I145311948,round2_inst,20,"=""9501768""",1995
us_since1990,15337,Murat Azizoglu,A5103540518,alias,I201448701,round2_inst,20,"=""9502610""",1995
us_since1990,548,Karen G Hales,A5051325255,fuzzy,I141720752,round2_inst,21,"=""0133335""",2002
us_since1990,1308,Michelle L Hamm,A5085453319,fuzzy,I158012942,round2_inst,21,"=""0239664""",2003
us_since1990,5435,Colleen G Farmer,A5110851800,fuzzy,I223532165,round2_inst,21,"=""1055080""",2011
us_since1990,10370,Jacob H Hines,A5002845006,fuzzy,I5795714,round2_inst,21,"=""1845603""",2019
us_since1990,11725,Kevin Escudero,A5053636907,exact,I27804330,round2_inst,21,"=""1945304""",2020
us_since1990,12044,Kathryn A Mariner,A5077769486,fuzzy,I5388228,round2_inst,21,"=""2044221""",2021
us_since1990,12188,Steven Frankel,A5103187541,exact,I204465549,round2_inst,21,"=""2045323""",2021
us_since1990,12509,Samuel D Snow,A5089349049,fuzzy,I121820613,round2_inst,21,"=""2046660""",2021
us_since1990,13470,Nicole L Louie,A5050676854,fuzzy,I135310074,round2_inst,21,"=""2144506""",2022
us_since1990,14174,Linh M Truong,A5049876681,fuzzy,I27837315,round2_inst,21,"=""2237131""",2023
us_since1990,14298,Mercedes M Burns,A5054310167,fuzzy,I79272384,round2_inst,21,"=""2237684""",2023
us_since1990,15314,Pamela H Vance,A5012322436,fuzzy,I82497590,round2_inst,21,"=""9502502""",1995
us_since1990,15624,David R Kanis,A5025412258,fuzzy,I74234424,round2_inst,21,"=""9624495""",1996
us_since1990,16648,Michael A McAlear,A5059301464,fuzzy,I100538780,round2_inst,21,"=""9875283""",1999
us_since1990,17352,Pamela H Vance,A5012322436,fuzzy,I150468666,round2_inst,21,"=""9996083""",1998
us_since1990,45,Kathleen A Pickering,A5010307837,fuzzy,I92446798,round2_inst,22,"=""0092527""",2001
us_since1990,199,Stephen C Nold,A5113563162,fuzzy,I1921588,round2_inst,22,"=""0093255""",2001
us_since1990,460,Britt N Thomas,A5022338067,fuzzy,I121820613,round2_inst,22,"=""0096330""",1999
us_since1990,5788,Beth E Thompson,A5040851473,fuzzy,I186335123,round2_inst,22,"=""1148971""",2012
us_since1990,6273,Sarina R Saturn,A5090541786,fuzzy,I131249849,round2_inst,22,"=""1151905""",2012
us_since1990,7181,Stephen L Levy,A5021797257,fuzzy,I123946342,round2_inst,22,"=""1351283""",2014
us_since1990,8260,Jeffery M Wereszczynski,A5069496066,fuzzy,I180949307,round2_inst,22,"=""1552743""",2016
us_since1990,8718,Sarina R Saturn,A5090541786,fuzzy,I71578702,round2_inst,22,"=""1555596""",2015
us_since1990,9300,Clint Carroll,A5088399372,alias,I188538660,round2_inst,22,"=""1654217""",2017
us_since1990,14369,Shauna M Paradine,A5017227977,fuzzy,I5388228,round2_inst,22,"=""2238081""",2023
us_since1990,15481,Frederick S Walters,A5044198025,fuzzy,I6312358,round2_inst,22,"=""9600810""",1996
us_since1990,15498,Kathryn E McLane,A5110098775,fuzzy,I130238516,round2_inst,22,"=""9600963""",1996
us_since1990,15610,Chris E Scott,A5103452858,fuzzy,I63966007,round2_inst,22,"=""9624388""",1996
us_since1990,16020,Christopher Colby,A5109545176,alias,I1925986,round2_inst,22,"=""9702805""",1997
us_since1990,16047,Makola M Abdullah,A5108516375,fuzzy,I8248082,round2_inst,22,"=""9703020""",1997
us_since1990,16458,Britt N Thomas,A5022338067,fuzzy,I12834331,round2_inst,22,"=""9734266""",1998
us_since1990,113,Adrienne T Cooper,A5087871895,fuzzy,I155781252,round2_inst,23,"=""0092921""",2001
us_since1990,1141,Cynthia E Winston,A5000387376,fuzzy,I137853757,round2_inst,23,"=""0238485""",2003
us_since1990,1252,Alan J Kennan,A5078820044,fuzzy,I92446798,round2_inst,23,"=""0239275""",2003
us_since1990,1866,Adrienne T Cooper,A5087871895,fuzzy,I84392919,round2_inst,23,"=""0401472""",2003
us_since1990,2400,Martin J Mohlenkamp,A5080460291,fuzzy,I4210106879,round2_inst,23,"=""0545895""",2006
us_since1990,5282,David A Penry,A5010358280,fuzzy,I100005738,round2_inst,23,"=""1054075""",2011
us_since1990,5824,Matthew R Hemm,A5069528406,fuzzy,I4322298,round2_inst,23,"=""1149274""",2012
us_since1990,7426,Makeba P Wilbourn,A5060997708,fuzzy,I170897317,round2_inst,23,"=""1352672""",2014
us_since1990,10830,Ryan J Rafferty,A5070387497,fuzzy,I189590672,round2_inst,23,"=""1848186""",2019
us_since1990,11104,Kara E Powder,A5009662667,fuzzy,I8078737,round2_inst,23,"=""1942178""",2020
us_since1990,11231,Ryan S Jones,A5069013314,fuzzy,I169615421,round2_inst,23,"=""1942770""",2020
us_since1990,12225,Evangelia Bellas,A5103048671,exact,I84392919,round2_inst,23,"=""2045517""",2021
us_since1990,12456,Devin L Shaffer,A5062203469,fuzzy,I44461941,round2_inst,23,"=""2046453""",2021
us_since1990,12583,Mubarak Hussain Syed,A5008752806,alias,I169521973,round2_inst,23,"=""2047020""",2021
us_since1990,12861,Tayloria Adams,A5044852808,alias,I204250578,round2_inst,23,"=""2048221""",2021
us_since1990,13162,Kirsten Fisher,A5059964164,alias,I27825529,round2_inst,23,"=""2143186""",2022
us_since1990,13203,Matthew L Wohlever,A5043607051,fuzzy,I90871651,round2_inst,23,"=""2143412""",2021
us_since1990,13901,Domenico F Galati,A5077631650,fuzzy,I52669646,round2_inst,23,"=""2146516""",2022
us_since1990,14289,Carl A Denard,A5020535222,fuzzy,I33213144,round2_inst,23,"=""2237629""",2023
us_since1990,15083,Matthew L Wohlever,A5043607051,fuzzy,I170201317,round2_inst,23,"=""2343131""",2023
us_since1990,15201,Liming Chang,A5103965849,alias,I130769515,round2_inst,23,"=""9501877""",1995
us_since1990,15651,Peter A Thompson,A5076007738,fuzzy,I170897317,round2_inst,23,"=""9624634""",1996
us_since1990,15713,Natacha DePaola,A5068498963,alias,I165799507,round2_inst,23,"=""9624991""",1996
us_since1990,16125,Bruce A Jackson,A5049284453,fuzzy,I111088046,round2_inst,23,"=""9707644""",1997
us_since1990,17007,Ana I Anton,A5103332044,fuzzy,I137902535,round2_inst,23,"=""9983926""",2000
us_since1990,272,Christopher Woodward,A5108377818,alias,I102322142,round2_inst,24,"=""0093647""",2001
us_since1990,4035,Bethany K Zolman,A5023123673,fuzzy,I208333798,round2_inst,24,"=""0845507""",2009
us_since1990,5452,Peter Chien,A5109218004,exact,I135310074,round2_inst,24,"=""1055214""",2011
us_since1990,6532,Stuart J Haring,A5079435858,fuzzy,I57328836,round2_inst,24,"=""1253723""",2013
us_since1990,6798,Tai A Melcher,A5026185294,fuzzy,I51556381,round2_inst,24,"=""1255574""",2013
us_since1990,7265,Alexander Olshevsky,A5112449095,alias,I157725225,round2_inst,24,"=""1351684""",2014
us_since1990,9456,Alexander Olshevsky,A5112449095,exact,I111088046,round2_inst,24,"=""1740451""",2017
us_since1990,9846,Ward Lyles,A5076390873,exact,I146416000,round2_inst,24,"=""1751696""",2018
us_since1990,10052,Sylvia Rodriguez-Abudo,A5053929890,alias,I60388903,round2_inst,24,"=""1753158""",2018
us_since1990,10385,Troy Shirangi,A5060866747,alias,I7863295,round2_inst,24,"=""1845673""",2019
us_since1990,10841,Julie A Pigza,A5001489271,fuzzy,I44854399,round2_inst,24,"=""1848257""",2019
us_since1990,10846,Malte C Ziewitz,A5048342313,fuzzy,I205783295,round2_inst,24,"=""1848286""",2019
us_since1990,12323,Mark S Chen,A5072105403,fuzzy,I186143895,round2_inst,24,"=""2045920""",2021
us_since1990,12382,So Young Ryu,A5101664772,alias,I134113660,round2_inst,24,"=""2046122""",2021
us_since1990,13340,Sherice Clarke,A5024735659,alias,I36258959,round2_inst,24,"=""2143993""",2022
us_since1990,13691,Marilyn R Mackiewicz,A5024070770,fuzzy,I131249849,round2_inst,24,"=""2145427""",2022
us_since1990,14821,Won Min Park,A5030940683,exact,I189590672,round2_inst,24,"=""2239927""",2023
us_since1990,15807,Daniel B Lieman,A5089027727,fuzzy,I76835614,round2_inst,24,"=""9700542""",1997
us_since1990,16610,Xiaoyang Wang,A5031351490,fuzzy,I162714631,round2_inst,24,"=""9875114""",1999
us_since1990,16872,Christopher J Grayce,A5053042752,fuzzy,I204250578,round2_inst,24,"=""9876282""",1999
us_since1990,697,Robert Kukta,A5057702469,alias,I59553526,round2_inst,25,"=""0134123""",2002
us_since1990,810,Michael R Carrasco,A5037568492,fuzzy,I16269868,round2_inst,25,"=""0134818""",2002
us_since1990,1462,Frieder Jaekle,A5067894921,alias,I102322142,round2_inst,25,"=""0346828""",2004
us_since1990,3116,Ray A Luechtefeld,A5110148644,fuzzy,I20382870,round2_inst,25,"=""0644917""",2006
us_since1990,3129,Jonathan W Bender,A5108385263,fuzzy,I155781252,round2_inst,25,"=""0645039""",2007
us_since1990,4214,Cameron Charles,A5007079313,alias,I223532165,round2_inst,25,"=""0846298""",2009
us_since1990,5745,Ray A Luechtefeld,A5110148644,fuzzy,I708430,round2_inst,25,"=""1139734""",2011
us_since1990,7663,Kristina L Hillesland,A5044235172,fuzzy,I201448701,round2_inst,25,"=""1453205""",2015
us_since1990,8245,Patrick D Curtis,A5071879555,fuzzy,I368840534,round2_inst,25,"=""1552647""",2016
us_since1990,8429,Cheryl L Van Buskirk,A5049494776,fuzzy,I157638225,round2_inst,25,"=""1553673""",2016
us_since1990,9537,Sepehr Vakil,A5005478589,exact,I86519309,round2_inst,25,"=""1749666""",2018
us_since1990,9785,Coleen M Carrigan,A5018458162,fuzzy,I149919469,round2_inst,25,"=""1751314""",2018
us_since1990,10316,Michael Hilinski,A5000965330,alias,I51556381,round2_inst,25,"=""1845219""",2019
us_since1990,10640,Joseph S Levy,A5108506704,fuzzy,I39660569,round2_inst,25,"=""1847067""",2019
us_since1990,10915,Sepehr Vakil,A5005478589,exact,I111979921,round2_inst,25,"=""1855494""",2018
us_since1990,11083,Austin L Buchanan,A5006813161,fuzzy,I115475287,round2_inst,25,"=""1942065""",2020
us_since1990,12631,Anurag Khandelwal,A5031018906,alias,I32971472,round2_inst,25,"=""2047220""",2021
us_since1990,13245,Joseph P Gerdt,A5067454445,fuzzy,I592451,round2_inst,25,"=""2143636""",2022
us_since1990,13267,Xuecai Ge,A5003450162,alias,I156087764,round2_inst,25,"=""2143711""",2022
us_since1990,13404,Matthew Ballinger,A5089484586,fuzzy,I99041443,round2_inst,25,"=""2144270""",2022
us_since1990,14045,Ana Bahamonde,A5080769788,exact,I103635307,round2_inst,25,"=""2235778""",2023
us_since1990,14649,David H Gutman,A5056612545,fuzzy,I12315562,round2_inst,25,"=""2239228""",2023
us_since1990,14828,YONGJIAN QIU,A5089034223,exact,I368840534,round2_inst,25,"=""2239963""",2023
us_since1990,16338,Frank M Zimmermann,A5090785093,fuzzy,I102322142,round2_inst,25,"=""9733701""",1998
us_since1990,1283,Sytske K Kimball,A5043020879,fuzzy,I83809506,round2_inst,26,"=""0239492""",2003
us_since1990,3081,Chelsey D Baertsch,A5062308020,fuzzy,I219193219,round2_inst,26,"=""0644707""",2007
us_since1990,4143,Shengyuan Yang,A5043644294,exact,I106959904,round2_inst,26,"=""0845954""",2009
us_since1990,7689,Peter Bergholz,A5002243067,alias,I57328836,round2_inst,26,"=""1453397""",2015
us_since1990,8202,Melissa J Luna,A5030847595,fuzzy,I12097938,round2_inst,26,"=""1552428""",2016
us_since1990,8875,Megan L Povelones,A5041363363,fuzzy,I130769515,round2_inst,26,"=""1651517""",2016
us_since1990,8916,Lorraine M Males,A5058030810,fuzzy,I114395901,round2_inst,26,"=""1651836""",2017
us_since1990,10622,Kristen Dorsey,A5046715535,alias,I202524275,round2_inst,26,"=""1846954""",2019
us_since1990,11009,Erika I Hersch-Green,A5061111812,fuzzy,I11957088,round2_inst,26,"=""1941309""",2020
us_since1990,11233,Brian L Cannon,A5030506894,fuzzy,I1925986,round2_inst,26,"=""1942776""",2020
us_since1990,11941,Megan L Povelones,A5041363363,fuzzy,I7863295,round2_inst,26,"=""2041927""",2020
us_since1990,12231,Manos Kapritsos,A5083609711,alias,I27837315,round2_inst,26,"=""2045541""",2021
us_since1990,12640,Nicole J Labbe,A5079811325,fuzzy,I188538660,round2_inst,26,"=""2047259""",2020
us_since1990,12860,Don Daniels,A5056849444,alias,I181233156,round2_inst,26,"=""2048220""",2022
us_since1990,12984,Kristin E Dittenhafer-Reed,A5028733853,fuzzy,I145402516,round2_inst,26,"=""2141375""",2022
us_since1990,13023,Andrea D Pickel,A5055093637,fuzzy,I5388228,round2_inst,26,"=""2142140""",2022
us_since1990,13286,Robin E Thomson,A5066667275,fuzzy,I130238516,round2_inst,26,"=""2143776""",2022
us_since1990,13975,Kristen Dorsey,A5046715535,alias,I12912129,round2_inst,26,"=""2214270""",2021
us_since1990,14804,Vishal Shrivastav,A5102900031,alias,I219193219,round2_inst,26,"=""2239829""",2023
us_since1990,15160,Richard D Broene,A5086628375,fuzzy,I135474949,round2_inst,26,"=""9501647""",1995
us_since1990,16146,Jill B Keeney,A5018915388,fuzzy,I51812067,round2_inst,26,"=""9722274""",1997
us_since1990,16340,Rachel S Goldman,A5025852257,fuzzy,I27837315,round2_inst,26,"=""9733707""",1998
us_since1990,16499,Timothy W Short,A5009374655,fuzzy,I111455621,round2_inst,26,"=""9734527""",1998
us_since1990,16835,Marc W Perkovic,A5113872611,fuzzy,I141649380,round2_inst,26,"=""9876142""",1999
us_since1990,17114,Martha J Grossel,A5077396887,fuzzy,I4498119,round2_inst,26,"=""9984454""",2000
us_since1990,17328,Robert D Harten,A5060027111,fuzzy,I102322142,round2_inst,26,"=""9985500""",2000
us_since1990,1178,Barrett N Rogers,A5026321185,fuzzy,I107672454,round2_inst,27,"=""0238694""",2003
us_since1990,1853,Anna Berge,A5091757173,alias,I141472210,round2_inst,27,"=""0349368""",2004
us_since1990,2015,Frederick J Vetter,A5044119165,fuzzy,I17626003,round2_inst,27,"=""0448050""",2005
us_since1990,3682,Tait S Pottebaum,A5020484569,fuzzy,I1174212,round2_inst,27,"=""0748294""",2008
us_since1990,5352,Jana Shen,A5103575399,fuzzy,I8692664,round2_inst,27,"=""1054547""",2011
us_since1990,5417,Alexey Arkov,A5003851808,alias,I127362389,round2_inst,27,"=""1054962""",2011
us_since1990,5851,Susan Peters,A5012765401,alias,I142740786,round2_inst,27,"=""1149403""",2012
us_since1990,6571,Margaret E Glasner,A5016336553,fuzzy,I91045830,round2_inst,27,"=""1253975""",2013
us_since1990,7728,John P Masly,A5026227940,fuzzy,I8692664,round2_inst,27,"=""1453642""",2015
us_since1990,8017,A  Joshua West,A5103641321,alias,I1174212,round2_inst,27,"=""1455352""",2015
us_since1990,8610,David Gorin,A5079865655,alias,I202524275,round2_inst,27,"=""1554814""",2016
us_since1990,9540,Samantha Daley,A5026704750,alias,I5388228,round2_inst,27,"=""1749696""",2018
us_since1990,9625,Brent L Lockwood,A5041011145,fuzzy,I111236770,round2_inst,27,"=""1750322""",2018
us_since1990,9899,Siris O Laursen,A5043713785,fuzzy,I75027704,round2_inst,27,"=""1752063""",2018
us_since1990,10093,Carie J Green,A5016459197,fuzzy,I141472210,round2_inst,27,"=""1753399""",2018
us_since1990,10669,Nicholas R Sandoval,A5061415635,fuzzy,I114832834,round2_inst,27,"=""1847226""",2019
us_since1990,11276,Dawn H Nagel,A5008414483,fuzzy,I103635307,round2_inst,27,"=""1942949""",2020
us_since1990,11795,Kelly N Chacon,A5017113417,fuzzy,I55486353,round2_inst,27,"=""1945661""",2020
us_since1990,12546,Frances K Harper,A5044295855,fuzzy,I75027704,round2_inst,27,"=""2046856""",2021
us_since1990,12651,Curtis C Cain,A5046867959,fuzzy,I137853757,round2_inst,27,"=""2047292""",2021
us_since1990,12820,Sheel C Ganatra,A5023715795,fuzzy,I1174212,round2_inst,27,"=""2048055""",2021
us_since1990,13107,Valerie Peters,A5091302266,alias,I110325482,round2_inst,27,"=""2142938""",2022
us_since1990,13898,Kensha M Clark,A5067733404,fuzzy,I94658018,round2_inst,27,"=""2146510""",2022
us_since1990,13951,Carie J Green,A5016459197,fuzzy,I177156846,round2_inst,27,"=""2200523""",2021
us_since1990,14084,Blair A Johnson,A5088456806,fuzzy,I86519309,round2_inst,27,"=""2236654""",2023
us_since1990,14211,Yuansi Chen,A5103170781,alias,I170897317,round2_inst,27,"=""2237322""",2023
us_since1990,14334,Tracy Hookway,A5024749463,alias,I123946342,round2_inst,27,"=""2237898""",2023
us_since1990,14450,Martijn Ijtsma,A5010983684,alias,I52357470,round2_inst,27,"=""2238402""",2023
us_since1990,14780,Melissa L Zastrow,A5044252354,fuzzy,I44461941,round2_inst,27,"=""2239712""",2023
us_since1990,14861,Monica Allen,A5042266489,exact,I36258959,round2_inst,27,"=""2240114""",2023
us_since1990,14867,Carissa N Eisler,A5014485969,fuzzy,I161318765,round2_inst,27,"=""2240140""",2023
us_since1990,15088,Kensha M Clark,A5067733404,fuzzy,I368840534,round2_inst,27,"=""2344621""",2023
us_since1990,16137,Craig T Woodard,A5069755581,fuzzy,I150693791,round2_inst,27,"=""9722205""",1997
us_since1990,16839,Jeffrey B Carruthers,A5003306841,fuzzy,I111088046,round2_inst,27,"=""9876149""",1999
us_since1990,17019,Anton V Andreev,A5112460995,fuzzy,I188538660,round2_inst,27,"=""9984002""",2000
us_since1990,17058,James A Stori,A5108634434,fuzzy,I157725225,round2_inst,27,"=""9984214""",2000
us_since1990,646,Junling Hu,A5103937904,exact,I5388228,round2_inst,28,"=""0133845""",2002
us_since1990,860,Ginger Withers,A5028344603,alias,I138943879,round2_inst,28,"=""0135985""",2002
us_since1990,1014,Robert E Bodenheimer,A5061873327,fuzzy,I200719446,round2_inst,28,"=""0237621""",2003
us_since1990,1733,Levent F Degertekin,A5091595708,fuzzy,I130701444,round2_inst,28,"=""0348582""",2004
us_since1990,2112,John J Love,A5042397020,fuzzy,I26538001,round2_inst,28,"=""0448670""",2005
us_since1990,2722,Quinetta D Shelby,A5024802794,fuzzy,I118353179,round2_inst,28,"=""0548107""",2006
us_since1990,3515,Rebecca B Dupaix,A5030249371,fuzzy,I52357470,round2_inst,28,"=""0747252""",2008
us_since1990,6632,Julian L Fairey,A5023103546,fuzzy,I78715868,round2_inst,28,"=""1254350""",2013
us_since1990,6948,Jack Bateman,A5085435570,alias,I135474949,round2_inst,28,"=""1349779""",2013
us_since1990,8347,Alessandro Arlotto,A5063956175,alias,I170897317,round2_inst,28,"=""1553274""",2016
us_since1990,8944,Geoffrey D Findlay,A5017839539,fuzzy,I107139065,round2_inst,28,"=""1652013""",2017
us_since1990,8954,Huan Hsuan Hsu,A5009808730,alias,I121934306,round2_inst,28,"=""1652095""",2017
us_since1990,9584,Shudipto K Dishari,A5010066746,fuzzy,I114395901,round2_inst,28,"=""1750040""",2018
us_since1990,11190,Xun Jian,A5077598145,alias,I859038795,round2_inst,28,"=""1942590""",2020
us_since1990,11222,Lily S Cheung,A5062157355,fuzzy,I130701444,round2_inst,28,"=""1942722""",2019
us_since1990,11696,Myles B Poulin,A5090193367,fuzzy,I66946132,round2_inst,28,"=""1945162""",2020
us_since1990,12238,DeLean Tolbert Smith,A5083820890,alias,I4210130704,round2_inst,28,"=""2045568""",2021
us_since1990,13655,Erin A Henslee,A5055025748,fuzzy,I47251452,round2_inst,28,"=""2145313""",2022
us_since1990,14026,Andra J Garner,A5003466014,fuzzy,I44265643,round2_inst,28,"=""2234866""",2023
us_since1990,14213,Tolani A Britton,A5051039292,fuzzy,I95457486,round2_inst,28,"=""2237330""",2023
us_since1990,14568,Ramya Korlakai Vinayak,A5022057934,exact,I135310074,round2_inst,28,"=""2238876""",2023
us_since1990,14714,Monday U Okoronkwo,A5031789466,fuzzy,I20382870,round2_inst,28,"=""2239511""",2023
us_since1990,14970,Xun Jian,A5077598145,alias,I859038795,round2_inst,28,"=""2312785""",2023
us_since1990,16452,Bennet S Yee,A5112752704,fuzzy,I36258959,round2_inst,28,"=""9734243""",1998
us_since1990,16706,Kim D Reisinger,A5056729539,fuzzy,I33213144,round2_inst,28,"=""9875530""",1999
us_since1990,16829,Karen E Kirk,A5113553910,fuzzy,I162514690,round2_inst,28,"=""9876126""",1999
us_since1990,17143,Kevin S Amaratunga,A5108337821,fuzzy,I63966007,round2_inst,28,"=""9984619""",2000
us_since1990,151,Walter M Stroup,A5062126732,fuzzy,I223532165,round2_inst,29,"=""0093093""",2001
us_since1990,675,Jonathan L Herlocker,A5109877919,fuzzy,I131249849,round2_inst,29,"=""0133994""",2002
us_since1990,2099,Scott W Stevens,A5060853964,fuzzy,I86519309,round2_inst,29,"=""0448556""",2005
us_since1990,2291,Walter M Stroup,A5062126732,fuzzy,I86519309,round2_inst,29,"=""0450794""",2004
us_since1990,2917,Kevin W Kittredge,A5109440365,fuzzy,I83328450,round2_inst,29,"=""0643709""",2007
us_since1990,3554,Diana S Chu,A5077641315,fuzzy,I71838634,round2_inst,29,"=""0747515""",2008
us_since1990,4663,Jason G Gillmore,A5029981040,fuzzy,I145402516,round2_inst,29,"=""0952768""",2010
us_since1990,5922,Amir-Hamed Mohsenian-Rad,A5109180838,alias,I12315562,round2_inst,29,"=""1149735""",2012
us_since1990,6043,Evan A Zamir,A5036768409,fuzzy,I130701444,round2_inst,29,"=""1150406""",2012
us_since1990,6724,Stephen O'Driscoll,A5020490818,alias,I84218800,round2_inst,29,"=""1254993""",2013
us_since1990,6762,Lauren B Benz,A5033570854,fuzzy,I160856358,round2_inst,29,"=""1255326""",2013
us_since1990,7000,David R Angelini,A5017445148,fuzzy,I27504731,round2_inst,29,"=""1350207""",2014
us_since1990,7390,Mona A Atia,A5016714485,fuzzy,I193531525,round2_inst,29,"=""1352435""",2014
us_since1990,8421,Chuan Xue,A5015936392,exact,I52357470,round2_inst,29,"=""1553637""",2016
us_since1990,9514,Eve I Manz,A5090125136,fuzzy,I111088046,round2_inst,29,"=""1749324""",2018
us_since1990,9764,Kelly M Sullivan,A5047882967,fuzzy,I78715868,round2_inst,29,"=""1751191""",2018
us_since1990,9838,Zoe H Wool,A5020365830,fuzzy,I74775410,round2_inst,29,"=""1751639""",2018
us_since1990,11032,Sarah C Petersen,A5078824023,fuzzy,I166972335,round2_inst,29,"=""1941664""",2020
us_since1990,11618,Hyewon K Pechkis,A5084362008,fuzzy,I36053171,round2_inst,29,"=""1944802""",2020
us_since1990,12472,Marie-Odile P Fortier,A5015143740,fuzzy,I156087764,round2_inst,29,"=""2046512""",2021
us_since1990,12602,Lon M Chubiz,A5007065407,fuzzy,I208333798,round2_inst,29,"=""2047115""",2021
us_since1990,12891,Chuan Xue,A5015936392,alias,I130238516,round2_inst,29,"=""2051661""",2020
us_since1990,13493,Brittany N Anderson,A5088101590,fuzzy,I102149020,round2_inst,29,"=""2144618""",2022
us_since1990,14100,Hannah Sande,A5000951850,alias,I95457486,round2_inst,29,"=""2236768""",2023
us_since1990,14218,Xiumin Du,A5065027547,alias,I111979921,round2_inst,29,"=""2237349""",2023
us_since1990,14607,Siyuan Rao,A5066793341,alias,I24603500,round2_inst,29,"=""2239030""",2023
us_since1990,14672,Cecilia F Mondaini,A5079585562,fuzzy,I72816309,round2_inst,29,"=""2239325""",2023
us_since1990,14694,Han-Jae J Cho,A5017240384,alias,I133999245,round2_inst,29,"=""2239416""",2023
us_since1990,14980,Marie-Odile P Fortier,A5015143740,fuzzy,I133999245,round2_inst,29,"=""2316124""",2022
us_since1990,15234,Susan T Graul,A5076702893,fuzzy,I74973139,round2_inst,29,"=""9502038""",1995
us_since1990,15492,Andrew G Campbell,A5084286664,fuzzy,I27804330,round2_inst,29,"=""9600920""",1997
us_since1990,15851,Elizabeth M Sanford,A5003743501,fuzzy,I145402516,round2_inst,29,"=""9701800""",1997
us_since1990,16090,Guotong T Zhou,A5102071978,fuzzy,I130701444,round2_inst,29,"=""9703312""",1997
us_since1990,16200,Kristin K Kumashiro,A5085384685,fuzzy,I1331384533,round2_inst,29,"=""9733035""",1998
us_since1990,16833,Kelly T Miller,A5002936223,fuzzy,I167576493,round2_inst,29,"=""9876135""",1999
us_since1990,16984,William N Brandt,A5108726872,fuzzy,I130769515,round2_inst,29,"=""9983783""",2000
us_since1990,25,Avrom Pfeffer,A5052011602,fuzzy,,round3_semantic,1,"=""0091815""",2001
us_since1990,233,Annamaria B Amenta,A5081427725,fuzzy,,round3_semantic,1,"=""0093378""",2001
us_since1990,261,Wilson K. S. Chiu,A5031802549,alias,I140172145,round3_semantic,1,"=""0093544""",2001
us_since1990,524,Gregory D Conradi Smith,A5103196782,fuzzy,I16285277,round3_semantic,1,"=""0133132""",2002
us_since1990,538,Thomas F Turner,A5041749582,fuzzy,I169521973,round3_semantic,1,"=""0133233""",2002
us_since1990,777,Ian R Fisher,A5081280172,alias,,round3_semantic,1,"=""0134613""",2002
us_since1990,892,Emilia P Martins,A5106731582,fuzzy,,round3_semantic,1,"=""0196357""",2001
us_since1990,1288,Amanda C Bryant-Friedrich,A5104705460,fuzzy,,round3_semantic,1,"=""0239525""",2003
us_since1990,1415,Annamaria B Amenta,A5081427725,fuzzy,,round3_semantic,1,"=""0331736""",2002
us_since1990,1611,Andrew B McDonald,A5009216377,fuzzy,,round3_semantic,1,"=""0347698""",2004
us_since1990,1776,Stephen P O'Brien,A5084358603,fuzzy,,round3_semantic,1,"=""0348938""",2004
us_since1990,1831,Christopher J Levy,A5091263094,alias,,round3_semantic,1,"=""0349258""",2004
us_since1990,1885,Philip L Cole,A5021236397,exact,,round3_semantic,1,"=""0417679""",2003
us_since1990,1912,Grigori R Humphreys,A5051411859,fuzzy,,round3_semantic,1,"=""0443861""",2005
us_since1990,2096,Tze Sing E Ng,A5054574251,fuzzy,,round3_semantic,1,"=""0448546""",2005
us_since1990,2155,Daniel E Reichart,A5109384191,fuzzy,I114027177,round3_semantic,1,"=""0449001""",2005
us_since1990,2251,David Cocker III,A5049557974,fuzzy,,round3_semantic,1,"=""0449778""",2005
us_since1990,2919,Jeffrey G Gray,A5110554218,fuzzy,,round3_semantic,1,"=""0643725""",2007
us_since1990,3145,Dibbon K Walters,A5081535250,fuzzy,,round3_semantic,1,"=""0645138""",2007
us_since1990,4050,J Mathias Weber,A5057124199,fuzzy,,round3_semantic,1,"=""0845618""",2009
us_since1990,4067,itshack G Pe'er,A5053858898,fuzzy,,round3_semantic,1,"=""0845677""",2009
us_since1990,4223,Eva B Schubert,A5048501382,fuzzy,,round3_semantic,1,"=""0846329""",2009
us_since1990,4227,Jason R Petta,A5051907261,fuzzy,,round3_semantic,1,"=""0846341""",2009
us_since1990,4292,Yu-Lin Shen,A5110383952,exact,I169521973,round3_semantic,1,"=""0846589""",2009
us_since1990,4405,Andrew J Campbell,A5104115494,exact,,round3_semantic,1,"=""0847217""",2009
us_since1990,4655,Georgeta-Elisab Marai,A5061510140,fuzzy,,round3_semantic,1,"=""0952720""",2010
us_since1990,4960,Emanuela S Andreescu,A5028572200,alias,,round3_semantic,1,"=""0954919""",2010
us_since1990,5053,Matthew E Pritchard,A5081214738,fuzzy,,round3_semantic,1,"=""0955547""",2010
us_since1990,5087,Meinhard B Cardenas,A5095025855,fuzzy,,round3_semantic,1,"=""0955750""",2010
us_since1990,5135,Nils W Halverson,A5107883874,fuzzy,,round3_semantic,1,"=""0956135""",2010
us_since1990,5201,Jeffrey G Gray,A5110554218,fuzzy,,round3_semantic,1,"=""1052616""",2010
us_since1990,5273,Yogesh N Joglekar,A5101097680,alias,,round3_semantic,1,"=""1054020""",2011
us_since1990,5279,Preston T Fletcher,A5034680790,fuzzy,,round3_semantic,1,"=""1054057""",2011
us_since1990,5280,Gregory G Howes,A5004807319,fuzzy,,round3_semantic,1,"=""1054061""",2011
us_since1990,6344,Andrew J Campbell,A5104115494,exact,,round3_semantic,1,"=""1243847""",2012
us_since1990,6491,Hai Lin,A5101142964,exact,I107639228,round3_semantic,1,"=""1253488""",2013
us_since1990,6879,Taylor Martin,A5102173258,fuzzy,I121980950,round3_semantic,1,"=""1329438""",2012
us_since1990,7341,Lindley A Winslow,A5101176936,fuzzy,,round3_semantic,1,"=""1352116""",2014
us_since1990,8121,Georgeta-Elisab Marai,A5061510140,fuzzy,,round3_semantic,1,"=""1541277""",2014
us_since1990,8305,Benjamin S Elias,A5112623651,fuzzy,,round3_semantic,1,"=""1553032""",2016
us_since1990,8624,Lindley A Winslow,A5101176936,fuzzy,,round3_semantic,1,"=""1554875""",2015
us_since1990,9191,Chi Yan Jeffrey Teo,A5097460733,alias,,round3_semantic,1,"=""1653535""",2017
us_since1990,9484,Victor M Zavala Tejeda,A5074232087,fuzzy,,round3_semantic,1,"=""1748516""",2018
us_since1990,9489,Jin-Oh Hahn,A5112635817,exact,I66946132,round3_semantic,1,"=""1748762""",2018
us_since1990,9689,Hassan G Zadeh,A5071440578,fuzzy,,round3_semantic,1,"=""1750679""",2018
us_since1990,9837,Lars Ruthotto,A5095370849,exact,I150468666,round3_semantic,1,"=""1751636""",2018
us_since1990,10315,Metin M Aktulga,A5092031182,fuzzy,,round3_semantic,1,"=""1845208""",2019
us_since1990,10381,Lauren A O'Connell,A5060980531,fuzzy,,round3_semantic,1,"=""1845651""",2019
us_since1990,10459,Steven M Bowers,A5108888118,fuzzy,I51556381,round3_semantic,1,"=""1846091""",2019
us_since1990,10563,Diego A Gomez-Gualdron,A5108149142,fuzzy,I167576493,round3_semantic,1,"=""1846707""",2019
us_since1990,11184,Samuel D Gordon,A5110190612,fuzzy,,round3_semantic,1,"=""1942575""",2020
us_since1990,11262,Philip Anderson,A5112616639,fuzzy,I157725225,round3_semantic,1,"=""1942906""",2020
us_since1990,11477,Pierre A Gourdain,A5104193141,fuzzy,,round3_semantic,1,"=""1943939""",2020
us_since1990,11675,Denver W Whittington,A5105194350,fuzzy,,round3_semantic,1,"=""1945050""",2020
us_since1990,12113,William Fefferman,A5060042204,fuzzy,,round3_semantic,1,"=""2044923""",2020
us_since1990,12443,Frank G Schroeder,A5108137885,fuzzy,,round3_semantic,1,"=""2046386""",2021
us_since1990,13036,Sylvia L Woodrose Schwartz,A5022701645,fuzzy,,round3_semantic,1,"=""2142340""",2022
us_since1990,13297,Morgan R Raven,A5102470622,fuzzy,,round3_semantic,1,"=""2143817""",2022
us_since1990,13387,Christos Psomas,A5038426824,fuzzy,,round3_semantic,1,"=""2144208""",2022
us_since1990,13498,Zeynel B Celik,A5103902649,fuzzy,,round3_semantic,1,"=""2144645""",2022
us_since1990,13648,Gregory C Durrett,A5034923230,fuzzy,,round3_semantic,1,"=""2145280""",2022
us_since1990,13970,Hassan G Zadeh,A5071440578,fuzzy,,round3_semantic,1,"=""2210133""",2021
us_since1990,14135,Jeffrey Nivala,A5055159505,fuzzy,,round3_semantic,1,"=""2236969""",2023
us_since1990,14346,José M Martinez Hinestroza,A5087931966,fuzzy,,round3_semantic,1,"=""2237986""",2023
us_since1990,14376,Thomason W Price,A5028882730,fuzzy,,round3_semantic,1,"=""2238108""",2023
us_since1990,14623,Sumanta Basu,A5104007159,exact,I205783295,round3_semantic,1,"=""2239102""",2023
us_since1990,14768,Thibaud O Taillefumier,A5103246002,fuzzy,I86519309,round3_semantic,1,"=""2239679""",2023
us_since1990,14797,Carlos A Arguelles Delgado,A5092553386,fuzzy,I136199984,round3_semantic,1,"=""2239795""",2023
us_since1990,15027,Isuru S Godage,A5069538037,alias,,round3_semantic,1,"=""2326536""",2023
us_since1990,15328,Nitin H Vaidya,A5009900699,alias,,round3_semantic,1,"=""9502563""",1995
us_since1990,15373,Jesus R Villalobos,A5111257510,fuzzy,,round3_semantic,1,"=""9502897""",1995
us_since1990,15468,Corbin E Covault,A5102646360,fuzzy,,round3_semantic,1,"=""9600176""",1996
us_since1990,15717,T Randall Lee,A5030208522,alias,I44461941,round3_semantic,1,"=""9625003""",1996
us_since1990,16044,Jose L Cruz-Rivera,A5046827459,fuzzy,I60388903,round3_semantic,1,"=""9703006""",1997
us_since1990,16230,Zhong L Wang,A5102493887,fuzzy,I130701444,round3_semantic,1,"=""9733160""",1998
us_since1990,16432,Bradley S Adelberg,A5057144689,fuzzy,,round3_semantic,1,"=""9734152""",1998
us_since1990,16445,Kenneth L Shepard,A5067917421,fuzzy,I78577930,round3_semantic,1,"=""9734216""",1998
us_since1990,16545,Philip L Cole,A5021236397,exact,,round3_semantic,1,"=""9874653""",1999
us_since1990,16713,Feniosky Pena-Mora,A5012265019,fuzzy,I63966007,round3_semantic,1,"=""9875557""",1999
us_since1990,16739,Narayana R Aluru,A5009311265,alias,,round3_semantic,1,"=""9875671""",1999
us_since1990,16947,Gerard T Blanchard,A5033741588,fuzzy,,round3_semantic,1,"=""9983402""",2000
us_since1990,17040,John W Goodwine,A5083625572,fuzzy,,round3_semantic,1,"=""9984107""",2000
us_since1990,17049,Philip S Stevens,A5113968115,fuzzy,,round3_semantic,1,"=""9984152""",2000
us_since1990,17167,Karen M Miller,A5108851513,fuzzy,I72816309,round3_semantic,1,"=""9984692""",2000
us_since1990,17365,Jesus R Villalobos,A5111257510,fuzzy,,round3_semantic,1,"=""9996183""",1999
us_since1990,19,Frank E Loeffler,A5091815939,fuzzy,,round3_semantic,2,"=""0090496""",2001
us_since1990,397,Francois P Gabbai,A5108288647,fuzzy,,round3_semantic,2,"=""0094264""",2001
us_since1990,830,Deron A Walters,A5043015838,fuzzy,,round3_semantic,2,"=""0134950""",2002
us_since1990,1083,Thomas B Gunnoe,A5004665905,fuzzy,,round3_semantic,2,"=""0238167""",2003
us_since1990,1403,Eyad A Masad,A5046522096,alias,,round3_semantic,2,"=""0315564""",2003
us_since1990,1751,Vladimir V Vassiliev,A5108265723,fuzzy,,round3_semantic,2,"=""0348748""",2004
us_since1990,1888,Vladimir V Vassiliev,A5108265723,fuzzy,,round3_semantic,2,"=""0422093""",2004
us_since1990,2422,Jeff T Wang,A5082477177,fuzzy,I145311948,round3_semantic,2,"=""0546012""",2006
us_since1990,3037,William M Tomlinson,A5027678269,fuzzy,,round3_semantic,2,"=""0644415""",2007
us_since1990,3207,Song-I Han,A5069059439,exact,I154570441,round3_semantic,2,"=""0645536""",2007
us_since1990,3345,Ibrahim V Isler,A5050312361,fuzzy,,round3_semantic,2,"=""0745537""",2008
us_since1990,4079,Liuqing Yang,A5110229640,alias,I33213144,round3_semantic,2,"=""0845722""",2009
us_since1990,4351,Gregory H Huff,A5030001013,alias,,round3_semantic,2,"=""0846865""",2009
us_since1990,4484,Norman P Armitage,A5008199566,alias,,round3_semantic,2,"=""0847652""",2009
us_since1990,4617,Elizabeth S Cochran,A5027716788,alias,,round3_semantic,2,"=""0952376""",2010
us_since1990,4785,Valencia M Koomson,A5088698401,fuzzy,I121934306,round3_semantic,2,"=""0953635""",2010
us_since1990,4820,Aaron D Ames,A5035415382,alias,,round3_semantic,2,"=""0953823""",2010
us_since1990,7151,Christopher E Weaver,A5004291033,fuzzy,,round3_semantic,2,"=""1351055""",2014
us_since1990,7152,Christopher Kanich,A5091532810,alias,,round3_semantic,2,"=""1351058""",2014
us_since1990,7171,Betsy Sanders,A5091755496,fuzzy,I117979880,round3_semantic,2,"=""1351212""",2014
us_since1990,7925,David W Miller,A5105262235,fuzzy,I40347166,round3_semantic,2,"=""1454815""",2015
us_since1990,8394,Aysegul Gunduz,A5054013075,alias,I33213144,round3_semantic,2,"=""1553482""",2016
us_since1990,8899,Charles N Hancock,A5086359116,fuzzy,,round3_semantic,2,"=""1651666""",2017
us_since1990,9238,Jay Oswald,A5032974346,alias,I55732556,round3_semantic,2,"=""1653830""",2017
us_since1990,9912,Cathy Y Wong,A5036196159,fuzzy,,round3_semantic,2,"=""1752129""",2018
us_since1990,10063,Christopher H Rycroft,A5041128603,fuzzy,,round3_semantic,2,"=""1753203""",2018
us_since1990,10827,Megan Connors,A5107119187,alias,I181565077,round3_semantic,2,"=""1848162""",2019
us_since1990,10828,Zhongwen Zhan,A5110935503,alias,I122411786,round3_semantic,2,"=""1848166""",2019
us_since1990,11367,Rashmi Vinayak,A5009725985,alias,I74973139,round3_semantic,2,"=""1943409""",2020
us_since1990,12051,Larisa H Solomon,A5108845691,fuzzy,I78577930,round3_semantic,2,"=""2044360""",2021
us_since1990,12130,Lynna G Avila-Bront,A5046855324,fuzzy,,round3_semantic,2,"=""2045012""",2021
us_since1990,12728,Amir Masoumzadeh,A5001727758,alias,I392282,round3_semantic,2,"=""2047623""",2021
us_since1990,13012,Duck Bong Kim,A5063758814,exact,I63920570,round3_semantic,2,"=""2141905""",2022
us_since1990,13059,Laura Escobar Vega,A5064615742,exact,,round3_semantic,2,"=""2142656""",2022
us_since1990,13062,Feng Bao,A5083180940,alias,I103163165,round3_semantic,2,"=""2142672""",2022
us_since1990,13090,Scott M Simpson,A5101163283,fuzzy,I117309725,round3_semantic,2,"=""2142874""",2022
us_since1990,13234,Navid Asadi,A5093792898,alias,I33213144,round3_semantic,2,"=""2143591""",2022
us_since1990,13289,Shima Shahab,A5112353639,exact,I859038795,round3_semantic,2,"=""2143788""",2022
us_since1990,13462,Vincent C Chen,A5059168895,fuzzy,I1925986,round3_semantic,2,"=""2144472""",2022
us_since1990,13488,Xiangyao Yu,A5091183236,exact,I135310074,round3_semantic,2,"=""2144588""",2022
us_since1990,13513,Benjamin R Hayes,A5077937855,fuzzy,I51556381,round3_semantic,2,"=""2144739""",2022
us_since1990,13704,Junyi Jessy Li,A5091604346,exact,I86519309,round3_semantic,2,"=""2145479""",2022
us_since1990,14054,Timothy A Cernak,A5108136518,fuzzy,I27837315,round3_semantic,2,"=""2236215""",2023
us_since1990,14451,James Holly Jr,A5074922984,fuzzy,,round3_semantic,2,"=""2238410""",2023
us_since1990,14671,Felix Janda,A5112360735,exact,I107639228,round3_semantic,2,"=""2239320""",2023
us_since1990,14725,Laura V Alvarez,A5054339562,fuzzy,,round3_semantic,2,"=""2239550""",2023
us_since1990,15486,Maqsudul Alam,A5042027350,alias,I1331384533,round3_semantic,2,"=""9600860""",1996
us_since1990,15712,Subhendu Das,A5104363125,exact,,round3_semantic,2,"=""9624987""",1996
us_since1990,17020,Louis A Lyon,A5030681467,fuzzy,,round3_semantic,2,"=""9984012""",2000
us_since1990,271,Anna D Gudmundsdottir,A5017604127,alias,,round3_semantic,3,"=""0093622""",2001
us_since1990,602,Wenke Lee,A5110214786,alias,I130701444,round3_semantic,3,"=""0133629""",2002
us_since1990,762,Steve M Blair,A5109216921,fuzzy,I223532165,round3_semantic,3,"=""0134548""",2002
us_since1990,996,Kasturi Varadarajan,A5112237674,alias,I126307644,round3_semantic,3,"=""0237431""",2003
us_since1990,1336,Dong-Kyun Seo,A5022376717,alias,I55732556,round3_semantic,3,"=""0239837""",2003
us_since1990,2229,Hongcai J Zhou,A5103814857,fuzzy,,round3_semantic,3,"=""0449634""",2005
us_since1990,2470,Matthew D Welsh,A5039425186,alias,,round3_semantic,3,"=""0546338""",2006
us_since1990,2664,M Saif Islam,A5086867472,exact,,round3_semantic,3,"=""0547679""",2006
us_since1990,3005,Jun-Hong (June) Cui,A5111727970,fuzzy,I140172145,round3_semantic,3,"=""0644190""",2007
us_since1990,3596,Alina Cojocaru,A5100846899,fuzzy,I39422238,round3_semantic,3,"=""0747724""",2008
us_since1990,4460,Bridget R Smith-Konter,A5026218277,fuzzy,,round3_semantic,3,"=""0847499""",2009
us_since1990,4554,Hongcai J Zhou,A5103814857,fuzzy,,round3_semantic,3,"=""0910761""",2008
us_since1990,4656,Reinhard H Schwienhorst,A5107838072,fuzzy,I87216513,round3_semantic,3,"=""0952729""",2010
us_since1990,5478,William D Merryman,A5103666732,fuzzy,,round3_semantic,3,"=""1055384""",2011
us_since1990,5902,Michael Rosulek,A5034799897,fuzzy,,round3_semantic,3,"=""1149647""",2012
us_since1990,6013,Nicolaus J Correll,A5067549810,fuzzy,,round3_semantic,3,"=""1150223""",2012
us_since1990,6748,Tessa M Hill,A5003801100,fuzzy,,round3_semantic,3,"=""1255194""",2013
us_since1990,7236,Gretchen R Miller,A5043098106,fuzzy,,round3_semantic,3,"=""1351558""",2014
us_since1990,7461,Michael Rosulek,A5034799897,fuzzy,,round3_semantic,3,"=""1420062""",2013
us_since1990,7477,Bridget R Smith-Konter,A5026218277,fuzzy,,round3_semantic,3,"=""1439697""",2014
us_since1990,10235,Daniel Yamins,A5036371925,alias,I97018004,round3_semantic,3,"=""1844724""",2019
us_since1990,10972,Babak Heydari,A5093976008,alias,I12912129,round3_semantic,3,"=""1930082""",2018
us_since1990,11053,Qiang Huang,A5091876538,alias,I17301866,round3_semantic,3,"=""1941820""",2020
us_since1990,11503,Cong Wang,A5008972044,alias,I118118575,round3_semantic,3,"=""1944069""",2020
us_since1990,11553,Joey S Key,A5106277631,fuzzy,,round3_semantic,3,"=""1944412""",2019
us_since1990,13227,Cong Shen,A5085545622,alias,I51556381,round3_semantic,3,"=""2143559""",2022
us_since1990,13707,Michael J Mitchell,A5108969105,exact,I79576946,round3_semantic,3,"=""2145491""",2022
us_since1990,13885,Xu Yuan,A5100572581,exact,I79516672,round3_semantic,3,"=""2146447""",2022
us_since1990,14731,Pan Li,A5031363730,alias,I130701444,round3_semantic,3,"=""2239565""",2023
us_since1990,14949,Hao Zhang,A5092393033,exact,I24603500,round3_semantic,3,"=""2308492""",2022
us_since1990,15131,J. Bradley Chen,A5050262157,exact,I136199984,round3_semantic,3,"=""9501365""",1995
us_since1990,15165,Scott C Douglas,A5056104424,alias,,round3_semantic,3,"=""9501680""",1995
us_since1990,15272,Evan D Green,A5087499953,fuzzy,I51504820,round3_semantic,3,"=""9502288""",1995
us_since1990,15299,Jerry Y Lin,A5060464151,fuzzy,,round3_semantic,3,"=""9502437""",1995
us_since1990,15849,Scott A Strobel,A5109128232,fuzzy,I32971472,round3_semantic,3,"=""9701787""",1997
us_since1990,16847,Timothy T Huang,A5111464738,fuzzy,I195575238,round3_semantic,3,"=""9876181""",1999
us_since1990,17068,Sharyn E Perry,A5112880610,fuzzy,I143302722,round3_semantic,3,"=""9984274""",2000
us_since1990,1112,Kimmen Sjolander,A5107118957,fuzzy,I95457486,round3_semantic,4,"=""0238311""",2003
us_since1990,2006,Emanuela Barberis,A5105703532,exact,I12912129,round3_semantic,4,"=""0447987""",2004
us_since1990,2267,Edwin Walker,A5056735195,alias,,round3_semantic,4,"=""0449886""",2005
us_since1990,2338,Mihaela van der Schaar,A5084639008,alias,I161318765,round3_semantic,4,"=""0541867""",2005
us_since1990,2868,Subhasish Mitra,A5071606111,exact,I97018004,round3_semantic,4,"=""0643319""",2007
us_since1990,3146,Panagiotis Mitropoulos,A5109216774,fuzzy,I55732556,round3_semantic,4,"=""0645139""",2007
us_since1990,3514,Ryan W O'Donnell,A5017850059,fuzzy,,round3_semantic,4,"=""0747250""",2008
us_since1990,3813,Eric L Petersen,A5112863652,alias,,round3_semantic,4,"=""0832561""",2008
us_since1990,4151,Eun Jung Kim,A5002298749,exact,,round3_semantic,4,"=""0845998""",2009
us_since1990,6296,Panagiotis Mitropoulos,A5109216774,fuzzy,I26538001,round3_semantic,4,"=""1158572""",2011
us_since1990,7017,Wendy Hui Wang,A5050741486,alias,I108468826,round3_semantic,4,"=""1350324""",2014
us_since1990,7214,Pedro Miguel Reis,A5103985470,alias,I63966007,round3_semantic,4,"=""1351449""",2014
us_since1990,7481,Carlos M Rinaldi-Ramos,A5023813445,fuzzy,,round3_semantic,4,"=""1439962""",2014
us_since1990,8355,Edward P O'Brien,A5032337771,fuzzy,,round3_semantic,4,"=""1553291""",2016
us_since1990,8923,Stephanie I Fraley,A5102868527,fuzzy,I36258959,round3_semantic,4,"=""1651855""",2017
us_since1990,10392,Blanka Sharma,A5101028096,alias,I33213144,round3_semantic,4,"=""1845728""",2019
us_since1990,10403,Mohamed Sarwat,A5018437893,alias,I55732556,round3_semantic,4,"=""1845789""",2019
us_since1990,10670,Vishal Verma,A5049132860,alias,I157725225,round3_semantic,4,"=""1847237""",2019
us_since1990,11850,Natalie Y Arnett,A5013166674,alias,I8248082,round3_semantic,4,"=""2006757""",2019
us_since1990,12350,Lu Wang,A5101603360,exact,I27837315,round3_semantic,4,"=""2046016""",2021
us_since1990,12485,Samuel R Bowman,A5027800302,fuzzy,I57206974,round3_semantic,4,"=""2046556""",2021
us_since1990,12962,Bradley P Carrow,A5109223386,fuzzy,,round3_semantic,4,"=""2137344""",2021
us_since1990,12976,Adrian Lozano-Duran,A5052316854,exact,I63966007,round3_semantic,4,"=""2140775""",2021
us_since1990,13061,Morgan E DeSantis,A5103207709,fuzzy,I27837315,round3_semantic,4,"=""2142670""",2022
us_since1990,13324,Stephanie M Cologna,A5108703378,fuzzy,I39422238,round3_semantic,4,"=""2143920""",2022
us_since1990,13357,Chih-Kuan Tung,A5104287689,alias,I35777872,round3_semantic,4,"=""2144064""",2022
us_since1990,13613,Pratik A Chaudhari,A5114073128,fuzzy,I79576946,round3_semantic,4,"=""2145164""",2022
us_since1990,14197,Jenna Wong,A5063030215,alias,I71838634,round3_semantic,4,"=""2237250""",2023
us_since1990,14343,Hui Lu,A5101486501,alias,I123946342,round3_semantic,4,"=""2237966""",2023
us_since1990,14655,Na Zou,A5113068088,exact,,round3_semantic,4,"=""2239257""",2023
us_since1990,14687,Murat Kocaoglu,A5098748959,exact,,round3_semantic,4,"=""2239375""",2023
us_since1990,14795,Minghan Chen,A5062068571,alias,I47251452,round3_semantic,4,"=""2239782""",2023
us_since1990,14803,Swati Gupta,A5108138987,exact,I63966007,round3_semantic,4,"=""2239824""",2023
us_since1990,15340,Wai-Yip G Chan,A5110223296,fuzzy,I180949307,round3_semantic,4,"=""9502629""",1995
us_since1990,15638,Gary M Bernstein,A5108138134,fuzzy,,round3_semantic,4,"=""9624592""",1996
us_since1990,15845,Jeremy Levy,A5108081543,exact,I170201317,round3_semantic,4,"=""9701725""",1997
us_since1990,15872,William N Street,A5103374719,fuzzy,,round3_semantic,4,"=""9701992""",1997
us_since1990,15878,I-Kwang Chang,A5066663578,exact,,round3_semantic,4,"=""9702058""",1997
us_since1990,15941,Simon M Spearing,A5107347450,fuzzy,,round3_semantic,4,"=""9702399""",1997
us_since1990,16006,Edward L Gibson,A5039792860,fuzzy,,round3_semantic,4,"=""9702735""",1997
us_since1990,16168,Rodney E McNair,A5049472080,fuzzy,,round3_semantic,4,"=""9722480""",1997
us_since1990,16382,Suresh G. K Ananthasuresh,A5084652136,fuzzy,,round3_semantic,4,"=""9733916""",1998
us_since1990,16548,Douglas F Cowen,A5109395252,fuzzy,,round3_semantic,4,"=""9874665""",1999
us_since1990,17069,Kenneth A Barbee,A5105695851,fuzzy,I72816309,round3_semantic,4,"=""9984276""",2000
us_since1990,1364,Michael P Brenner,A5104321680,fuzzy,I136199984,round3_semantic,5,"=""0296056""",2001
us_since1990,2368,Cora Lind-Kovacs,A5042851728,exact,I90871651,round3_semantic,5,"=""0545517""",2006
us_since1990,2445,Li-Qun Gu,A5102128399,alias,I76835614,round3_semantic,5,"=""0546165""",2006
us_since1990,3122,Wai Kan Victor Chan,A5104100394,fuzzy,I165799507,round3_semantic,5,"=""0644959""",2007
us_since1990,3935,Mark Tehranipoor,A5113845710,exact,I140172145,round3_semantic,5,"=""0844995""",2009
us_since1990,4937,Seth R Bank,A5112844062,fuzzy,I86519309,round3_semantic,5,"=""0954732""",2010
us_since1990,6455,Adam R Abate,A5010200759,fuzzy,I180670191,round3_semantic,5,"=""1253293""",2013
us_since1990,6640,Srikanth Singamaneni,A5108317321,exact,I204465549,round3_semantic,5,"=""1254399""",2013
us_since1990,7246,Lee Martin,A5112654353,alias,I84218800,round3_semantic,5,"=""1351605""",2014
us_since1990,7422,Ha-Yeon Cheong,A5066129643,exact,,round3_semantic,5,"=""1352663""",2014
us_since1990,9211,Francisco E Becerra Chavez,A5015596097,fuzzy,I169521973,round3_semantic,5,"=""1653670""",2017
us_since1990,9499,Zongfu Yu,A5111316028,exact,I135310074,round3_semantic,5,"=""1749050""",2018
us_since1990,9539,Jacqueline A O'Connor,A5025952116,fuzzy,,round3_semantic,5,"=""1749679""",2018
us_since1990,10412,Jaroslaw S Zola,A5045837332,fuzzy,,round3_semantic,5,"=""1845840""",2019
us_since1990,10636,Yan-Yan Hu,A5114106160,alias,I103163165,round3_semantic,5,"=""1847038""",2019
us_since1990,11876,Yiying Zhang,A5008239525,alias,I36258959,round3_semantic,5,"=""2022675""",2019
us_since1990,12004,Rachel E O'Brien,A5008790710,fuzzy,,round3_semantic,5,"=""2042619""",2021
us_since1990,12035,Elizabeth T Hsiao-Wecksler,A5114046512,fuzzy,I157725225,round3_semantic,5,"=""2043339""",2021
us_since1990,12318,Xingyong Song,A5034814739,alias,,round3_semantic,5,"=""2045894""",2021
us_since1990,13187,Ashley E Paz y Puente,A5024455973,fuzzy,I63135867,round3_semantic,5,"=""2143334""",2022
us_since1990,13508,Caroline Robertson,A5087758626,fuzzy,I107672454,round3_semantic,5,"=""2144700""",2022
us_since1990,13787,Joseph O Neeman,A5108729175,fuzzy,,round3_semantic,5,"=""2145800""",2022
us_since1990,14553,Joe P Patterson,A5073946844,fuzzy,I204250578,round3_semantic,5,"=""2238834""",2023
us_since1990,15056,Rachel E O'Brien,A5008790710,fuzzy,,round3_semantic,5,"=""2333584""",2022
us_since1990,15910,Karl Johnson,A5059236789,alias,I170201317,round3_semantic,5,"=""9702239""",1997
us_since1990,16790,Zhongju John Zhang,A5065524406,alias,,round3_semantic,5,"=""9875892""",1999
us_since1990,92,Guohong Cao,A5109042240,alias,I130769515,round3_semantic,6,"=""0092770""",2001
us_since1990,135,Krishna R Narayanan,A5022726292,alias,,round3_semantic,6,"=""0093020""",2001
us_since1990,439,Nikolaos D Sidiropoulos,A5094283801,fuzzy,,round3_semantic,6,"=""0096165""",2000
us_since1990,840,Kevin S McFarland,A5014035973,fuzzy,I5388228,round3_semantic,6,"=""0134988""",2002
us_since1990,2749,David A Schmidt,A5113799466,fuzzy,,round3_semantic,6,"=""0548272""",2006
us_since1990,4240,Anders Ryd,A5107948576,alias,I205783295,round3_semantic,6,"=""0846388""",2009
us_since1990,6609,Tim Whitehead,A5111168212,exact,,round3_semantic,6,"=""1254238""",2013
us_since1990,6814,Carleton Kingsford,A5029994273,alias,I74973139,round3_semantic,6,"=""1256087""",2012
us_since1990,7125,Andrew Gill,A5021660987,exact,,round3_semantic,6,"=""1350901""",2014
us_since1990,7832,Jeong-Hyun Cho,A5046232508,alias,I130238516,round3_semantic,6,"=""1454293""",2015
us_since1990,8997,Randall Hughes,A5109572509,alias,I12912129,round3_semantic,6,"=""1652320""",2017
us_since1990,10013,Jefferson Chan,A5108208818,alias,I157725225,round3_semantic,6,"=""1752879""",2018
us_since1990,12216,Vishal M Patel,A5101429144,fuzzy,I145311948,round3_semantic,6,"=""2045489""",2021
us_since1990,12272,Rika E Anderson,A5059678060,fuzzy,,round3_semantic,6,"=""2045697""",2022
us_since1990,12571,Daniel J Cohen,A5113119455,fuzzy,I20089843,round3_semantic,6,"=""2046977""",2021
us_since1990,12630,Wei Xiong,A5063542362,exact,I170201317,round3_semantic,6,"=""2047218""",2021
us_since1990,12678,Peng Wei,A5061624668,exact,I193531525,round3_semantic,6,"=""2047390""",2021
us_since1990,13883,Catalina I Pislariu,A5103128183,fuzzy,I150913223,round3_semantic,6,"=""2146440""",2022
us_since1990,14080,Michael Reppert,A5014313727,exact,,round3_semantic,6,"=""2236625""",2023
us_since1990,14230,Shunyu Liu,A5061523556,exact,I8078737,round3_semantic,6,"=""2237401""",2023
us_since1990,14476,Andrew A Li,A5020539612,fuzzy,I74973139,round3_semantic,6,"=""2238489""",2023
us_since1990,14660,Danqi Chen,A5063911224,alias,I20089843,round3_semantic,6,"=""2239290""",2023
us_since1990,15099,Douglas L Crawford,A5004820583,fuzzy,,round3_semantic,6,"=""9419781""",1995
us_since1990,15232,Kevin J Sullivan,A5102705417,fuzzy,I51556381,round3_semantic,6,"=""9502029""",1995
us_since1990,15427,Rebecca A Lange,A5045422312,alias,,round3_semantic,6,"=""9508133""",1995
us_since1990,15804,Douglas L Crawford,A5004820583,fuzzy,,round3_semantic,6,"=""9696206""",1996
us_since1990,15911,Arthur A Middleton,A5112501912,fuzzy,,round3_semantic,6,"=""9702242""",1997
us_since1990,16299,Nikolaos D Sidiropoulos,A5094283801,fuzzy,,round3_semantic,6,"=""9733540""",1998
us_since1990,300,Jacqueline J Li,A5076956013,fuzzy,,round3_semantic,7,"=""0093808""",2001
us_since1990,392,Alexander Furman,A5051304889,exact,,round3_semantic,7,"=""0094245""",2001
us_since1990,1494,Richard R Halverson,A5110204403,fuzzy,I135310074,round3_semantic,7,"=""0347030""",2004
us_since1990,2125,Jee-Ching Wang,A5113615205,alias,I20382870,round3_semantic,7,"=""0448767""",2005
us_since1990,3029,Russell E Joseph,A5076841495,fuzzy,,round3_semantic,7,"=""0644332""",2007
us_since1990,3158,Kim M Cobb,A5051780820,fuzzy,,round3_semantic,7,"=""0645291""",2007
us_since1990,4451,Matthew Jones,A5106431707,fuzzy,I219193219,round3_semantic,7,"=""0847443""",2009
us_since1990,5737,Yong-Kyu Yoon,A5108253997,fuzzy,I33213144,round3_semantic,7,"=""1132413""",2010
us_since1990,6216,Gregory W O'Neil,A5113686192,fuzzy,,round3_semantic,7,"=""1151492""",2012
us_since1990,6990,Julie A Shah,A5027711979,fuzzy,I63966007,round3_semantic,7,"=""1350160""",2014
us_since1990,7128,Feng Jiao,A5021652969,alias,I86501945,round3_semantic,7,"=""1350911""",2014
us_since1990,7338,Alexandra Davatzes,A5049478930,fuzzy,I84392919,round3_semantic,7,"=""1352095""",2014
us_since1990,8224,Erin J Talvitie,A5078503328,fuzzy,,round3_semantic,7,"=""1552533""",2016
us_since1990,9577,Norma C Martinez-Gomez,A5085993583,fuzzy,,round3_semantic,7,"=""1750003""",2018
us_since1990,9946,Shan Hu,A5054672300,alias,I173911158,round3_semantic,7,"=""1752378""",2018
us_since1990,10466,Abusayeed M Saifullah,A5103978932,fuzzy,I185443292,round3_semantic,7,"=""1846126""",2019
us_since1990,10923,Shimeng Yu,A5103944148,exact,I130701444,round3_semantic,7,"=""1903951""",2018
us_since1990,11453,Xiaoning Jin,A5048045929,alias,I12912129,round3_semantic,7,"=""1943801""",2020
us_since1990,11939,David Cantu,A5110881876,alias,I134113660,round3_semantic,7,"=""2041914""",2021
us_since1990,12811,Souma Chowdhury,A5103729006,exact,I63190737,round3_semantic,7,"=""2048020""",2021
us_since1990,12942,Norma C Martinez-Gomez,A5085993583,fuzzy,,round3_semantic,7,"=""2127732""",2021
us_since1990,13584,Shanta R Robinson,A5051893990,fuzzy,I40347166,round3_semantic,7,"=""2145011""",2022
us_since1990,13788,Wei Gao,A5041046060,alias,I122411786,round3_semantic,7,"=""2145802""",2022
us_since1990,13802,Mingyue Ji,A5111295050,alias,I223532165,round3_semantic,7,"=""2145835""",2022
us_since1990,14082,Marie Agathe Charpagne,A5112726222,alias,I157725225,round3_semantic,7,"=""2236640""",2023
us_since1990,14111,Xiao Wang,A5101928365,alias,I111979921,round3_semantic,7,"=""2236819""",2023
us_since1990,14945,Abusayeed M Saifullah,A5103978932,fuzzy,I185443292,round3_semantic,7,"=""2306486""",2022
us_since1990,15422,Yu Lin,A5103673251,alias,I82497590,round3_semantic,7,"=""9507993""",1995
us_since1990,17103,Jimmy J Feng,A5091735141,fuzzy,,round3_semantic,7,"=""9984402""",2000
us_since1990,28,Peidong Yang,A5012596204,alias,I95457486,round3_semantic,8,"=""0092086""",2001
us_since1990,1841,Evgueni Pinkhassik,A5004533061,exact,,round3_semantic,8,"=""0349315""",2004
us_since1990,2272,Michael J Murray,A5107949567,fuzzy,I146416000,round3_semantic,8,"=""0449913""",2004
us_since1990,2994,Ramesh Johari,A5103707377,alias,I97018004,round3_semantic,8,"=""0644114""",2007
us_since1990,3548,Henry D Pfister,A5012546565,alias,,round3_semantic,8,"=""0747470""",2008
us_since1990,4420,Jung-Kun Lee,A5111885019,alias,I170201317,round3_semantic,8,"=""0847319""",2009
us_since1990,4850,Guoliang Xing,A5010205314,alias,I87216513,round3_semantic,8,"=""0954039""",2010
us_since1990,7285,Gyungsu Byun,A5101914083,alias,I12097938,round3_semantic,8,"=""1351793""",2014
us_since1990,7335,Sevil Salur,A5104465281,alias,I102322142,round3_semantic,8,"=""1352081""",2014
us_since1990,7505,Stephen J Bradshaw,A5104097669,fuzzy,,round3_semantic,8,"=""1450230""",2015
us_since1990,9316,Xie Chen,A5013315048,alias,I122411786,round3_semantic,8,"=""1654340""",2017
us_since1990,9412,Edward Kohler,A5077684047,alias,,round3_semantic,8,"=""1704376""",2018
us_since1990,9730,Guoqiang Yu,A5034770984,alias,I859038795,round3_semantic,8,"=""1750931""",2018
us_since1990,11581,Shreyas Sen,A5015830471,alias,I219193219,round3_semantic,8,"=""1944602""",2020
us_since1990,12067,Minh-Binh Tran,A5112520153,exact,I178169726,round3_semantic,8,"=""2044626""",2021
us_since1990,13066,Alexander M Wright,A5111614460,fuzzy,,round3_semantic,8,"=""2142712""",2022
us_since1990,13370,Kevin Liu,A5086108592,alias,I87216513,round3_semantic,8,"=""2144121""",2022
us_since1990,13709,Qi Chen,A5008842047,fuzzy,I204250578,round3_semantic,8,"=""2145493""",2022
us_since1990,14069,Sheng Ran,A5068135225,alias,I204465549,round3_semantic,8,"=""2236528""",2023
us_since1990,14072,Junjie Yang,A5103933814,alias,I118118575,round3_semantic,8,"=""2236543""",2023
us_since1990,15477,Jian-xing Ma,A5113491676,exact,I153297377,round3_semantic,8,"=""9600772""",1996
us_since1990,15557,Sharon F Arroyo,A5068072290,fuzzy,,round3_semantic,8,"=""9624022""",1996
us_since1990,16244,Joseph J Helble,A5042142522,fuzzy,,round3_semantic,8,"=""9733234""",1998
us_since1990,17038,Zhi (Alex) Q Zheng,A5100804804,fuzzy,,round3_semantic,8,"=""9984104""",2000
us_since1990,17073,Tracey R Pulliam Holoman,A5042828544,fuzzy,I66946132,round3_semantic,8,"=""9984285""",2000
us_since1990,17278,David P Saltzberg,A5104469071,fuzzy,,round3_semantic,8,"=""9985175""",2000
us_since1990,176,Rich Wolski,A5111609888,alias,I75027704,round3_semantic,9,"=""0093166""",2001
us_since1990,911,Rich Wolski,A5111609888,alias,I154570441,round3_semantic,9,"=""0196500""",2001
us_since1990,1019,Christopher J Bailey-Kellogg,A5023535554,fuzzy,,round3_semantic,9,"=""0237654""",2003
us_since1990,1061,Madhu V Nayakkankuppam,A5091607618,fuzzy,,round3_semantic,9,"=""0238008""",2003
us_since1990,1816,Kevin T Pitts,A5014892150,fuzzy,I157725225,round3_semantic,9,"=""0349179""",2004
us_since1990,2867,Dezhen Song,A5068847615,exact,,round3_semantic,9,"=""0643298""",2007
us_since1990,2954,Yuan Xie,A5056412895,exact,I130769515,round3_semantic,9,"=""0643902""",2007
us_since1990,3042,Min Li,A5100786356,exact,I201448701,round3_semantic,9,"=""0644435""",2007
us_since1990,3765,Juan C Noveron,A5066789979,fuzzy,I164936912,round3_semantic,9,"=""0748913""",2008
us_since1990,3963,Sheng Zhong,A5071983071,exact,I63190737,round3_semantic,9,"=""0845149""",2009
us_since1990,4116,Deukhyoun Heo,A5111493404,exact,I72951846,round3_semantic,9,"=""0845849""",2009
us_since1990,5956,Seyoung Kim,A5115602579,alias,I74973139,round3_semantic,9,"=""1149885""",2012
us_since1990,6153,Carlos H Hidrovo Chavez,A5032951484,fuzzy,,round3_semantic,9,"=""1151091""",2012
us_since1990,6791,Nan Zheng,A5110498949,alias,I78715868,round3_semantic,9,"=""1255539""",2013
us_since1990,8088,Carlos H Hidrovo Chavez,A5032951484,fuzzy,,round3_semantic,9,"=""1522841""",2014
us_since1990,8372,Eric Gilbert,A5113714618,alias,I130701444,round3_semantic,9,"=""1553376""",2016
us_since1990,10165,Eric Gilbert,A5113714618,alias,I27837315,round3_semantic,9,"=""1832811""",2017
us_since1990,10685,Chao Wang,A5100406905,exact,I55732556,round3_semantic,9,"=""1847324""",2019
us_since1990,11147,Jingwen Yan,A5045513086,exact,I592451,round3_semantic,9,"=""1942394""",2020
us_since1990,13139,Fan Chen,A5111004515,exact,,round3_semantic,9,"=""2143120""",2022
us_since1990,13497,James Anderson,A5014005388,exact,I78577930,round3_semantic,9,"=""2144634""",2022
us_since1990,13915,Ruoyu Wang,A5046356501,exact,I55732556,round3_semantic,9,"=""2146568""",2022
us_since1990,14402,Wen Chen,A5106182783,alias,I24603500,round3_semantic,9,"=""2238204""",2023
us_since1990,14740,Long Cheng,A5104106021,alias,I8078737,round3_semantic,9,"=""2239605""",2023
us_since1990,14743,Anton Burtsev,A5081890197,exact,I223532165,round3_semantic,9,"=""2239615""",2023
us_since1990,15172,Gregory T Uehara,A5112263067,fuzzy,,round3_semantic,9,"=""9501726""",1995
us_since1990,15774,Mark B Moldwin,A5063632376,alias,,round3_semantic,9,"=""9628708""",1996
us_since1990,16143,Heather Conrad-Webb,A5102888149,exact,I150913223,round3_semantic,9,"=""9722253""",1997
us_since1990,16464,X. Rong Li,A5043771630,fuzzy,I192396691,round3_semantic,9,"=""9734285""",1998
us_since1990,17319,Linda J Camp,A5103531623,fuzzy,,round3_semantic,9,"=""9985433""",2000
us_since1990,447,Upamanyu Madhow,A5046401755,alias,I154570441,round3_semantic,10,"=""0096227""",2000
us_since1990,1186,Treena Livingston,A5025971066,alias,,round3_semantic,10,"=""0238787""",2003
us_since1990,2268,Julia E Hammer,A5072590874,fuzzy,,round3_semantic,10,"=""0449888""",2005
us_since1990,2855,Xiaojun Lin,A5100582250,alias,I219193219,round3_semantic,10,"=""0643145""",2007
us_since1990,3088,Nuno M Martins,A5015041943,alias,,round3_semantic,10,"=""0644764""",2007
us_since1990,3149,Hang J Qi,A5077730039,fuzzy,,round3_semantic,10,"=""0645219""",2007
us_since1990,3923,Jeremy Ward,A5032899384,alias,I195575238,round3_semantic,10,"=""0844941""",2009
us_since1990,8226,Sudeepa Roy,A5012463450,exact,I170897317,round3_semantic,10,"=""1552538""",2016
us_since1990,8940,Jing Tao,A5107959477,alias,I8692664,round3_semantic,10,"=""1651963""",2017
us_since1990,10146,Jordan L Boyd-Graber,A5092513269,fuzzy,I66946132,round3_semantic,10,"=""1822494""",2017
us_since1990,10656,Weijian Yang,A5101122315,alias,I84218800,round3_semantic,10,"=""1847141""",2019
us_since1990,11111,Ang Chen,A5082276670,exact,I74775410,round3_semantic,10,"=""1942219""",2020
us_since1990,11275,Sanfeng Wu,A5035655313,alias,I20089843,round3_semantic,10,"=""1942942""",2020
us_since1990,11435,Fabrizio Sergi,A5108269379,alias,I86501945,round3_semantic,10,"=""1943712""",2020
us_since1990,12270,Gauri Joshi,A5000950022,alias,I74973139,round3_semantic,10,"=""2045694""",2021
us_since1990,12482,Andreas Pfenning,A5109811903,alias,I74973139,round3_semantic,10,"=""2046550""",2021
us_since1990,13056,Lori Andersen,A5048499184,exact,,round3_semantic,10,"=""2142613""",2022
us_since1990,14524,Dong Chen,A5101813785,alias,I167576493,round3_semantic,10,"=""2238701""",2023
us_since1990,15062,Jaime Lopez-Mosqueda,A5034189588,exact,,round3_semantic,10,"=""2335208""",2023
us_since1990,15276,Dhabaleswar K Panda,A5105360581,fuzzy,I52357470,round3_semantic,10,"=""9502294""",1995
us_since1990,15577,Susan Carlson-Skalak,A5091594294,alias,I51556381,round3_semantic,10,"=""9624195""",1996
us_since1990,15877,Steven W McLaughlin,A5074564253,fuzzy,,round3_semantic,10,"=""9702024""",1997
us_since1990,16638,Thomas M Weller,A5112744593,alias,,round3_semantic,10,"=""9875235""",1999
us_since1990,17179,Yuegang Zuo,A5102137399,alias,I100633361,round3_semantic,10,"=""9984755""",2000
us_since1990,215,Janet Bond-Robinson,A5009417449,alias,I146416000,round3_semantic,11,"=""0093319""",2001
us_since1990,2574,Guillermo A Ameer,A5107933212,fuzzy,I111979921,round3_semantic,11,"=""0547053""",2006
us_since1990,2769,Janet Bond-Robinson,A5009417449,exact,,round3_semantic,11,"=""0601654""",2005
us_since1990,3421,Nigamanth Sridhar,A5014468375,alias,I102607778,round3_semantic,11,"=""0746632""",2008
us_since1990,5535,Zhiyuan Yan,A5102760713,alias,I186143895,round3_semantic,11,"=""1055877""",2011
us_since1990,5740,David R Moore,A5103507735,fuzzy,I4210106879,round3_semantic,11,"=""1135361""",2011
us_since1990,6058,Michelle C Vigeant-Haas,A5068972790,fuzzy,,round3_semantic,11,"=""1150509""",2012
us_since1990,6847,Michelle C Vigeant-Haas,A5068972790,fuzzy,,round3_semantic,11,"=""1302741""",2012
us_since1990,7653,Mingoo Seok,A5050497188,alias,I78577930,round3_semantic,11,"=""1453142""",2015
us_since1990,9642,B Aditya Prakash,A5038217925,fuzzy,,round3_semantic,11,"=""1750407""",2018
us_since1990,10747,Xiaoji Xu,A5112812611,exact,I186143895,round3_semantic,11,"=""1847765""",2019
us_since1990,11266,Jessica A Savage,A5004521336,fuzzy,I4210115145,round3_semantic,11,"=""1942916""",2020
us_since1990,11893,B Aditya Prakash,A5038217925,fuzzy,,round3_semantic,11,"=""2028586""",2020
us_since1990,12253,Manas R Gartia,A5003482933,fuzzy,I121820613,round3_semantic,11,"=""2045640""",2021
us_since1990,12501,Zeynep Demiragli,A5105586624,alias,I111088046,round3_semantic,11,"=""2046626""",2021
us_since1990,12532,Joseph H Davis,A5039981333,fuzzy,I63966007,round3_semantic,11,"=""2046778""",2021
us_since1990,13019,Teo Paoletti,A5102933029,exact,I86501945,round3_semantic,11,"=""2142000""",2022
us_since1990,13272,Tsao-Hsien Chen,A5072938832,exact,I130238516,round3_semantic,11,"=""2143722""",2022
us_since1990,13478,Elham Azizi,A5110914544,alias,I78577930,round3_semantic,11,"=""2144542""",2022
us_since1990,14245,Reza Azadeh,A5096831411,alias,I133738476,round3_semantic,11,"=""2237463""",2023
us_since1990,14735,Thien H Nguyen,A5101576162,fuzzy,I181233156,round3_semantic,11,"=""2239570""",2023
us_since1990,15706,Yin-Lin Shen,A5054015219,alias,I193531525,round3_semantic,11,"=""9624966""",1996
us_since1990,16116,Dragan Maksimovic,A5033405465,alias,I188538660,round3_semantic,11,"=""9703449""",1997
us_since1990,16213,Juli S Wade,A5111958937,fuzzy,I87216513,round3_semantic,11,"=""9733074""",1998
us_since1990,17399,Ying-Cheng Lai,A5109938229,alias,I55732556,round3_semantic,11,"=""9996454""",1999
us_since1990,451,Brenda L Dingus,A5107915071,fuzzy,,round3_semantic,12,"=""0096256""",2000
us_since1990,507,Chongwu Zhou,A5082350948,alias,I1174212,round3_semantic,12,"=""0132982""",2002
us_since1990,1463,Mark A Hiller,A5076224492,fuzzy,,round3_semantic,12,"=""0346843""",2004
us_since1990,5664,Mark S Neubauer,A5106466250,fuzzy,I157725225,round3_semantic,12,"=""1056987""",2011
us_since1990,8545,Angela C Brown,A5026118676,fuzzy,I186143895,round3_semantic,12,"=""1554417""",2016
us_since1990,9213,Meng Lu,A5111264844,alias,I173911158,round3_semantic,12,"=""1653673""",2017
us_since1990,9768,Yong Jae Lee,A5072079475,alias,I84218800,round3_semantic,12,"=""1751206""",2018
us_since1990,10016,Mengqiang Zhu,A5108645112,exact,I12834331,round3_semantic,12,"=""1752903""",2018
us_since1990,10177,Henry Lam,A5086653913,alias,I78577930,round3_semantic,12,"=""1834710""",2017
us_since1990,10629,Michelle Digman,A5107205953,alias,I204250578,round3_semantic,12,"=""1847005""",2019
us_since1990,11198,Bethany L Dumont,A5078147287,fuzzy,,round3_semantic,12,"=""1942620""",2020
us_since1990,12782,Smita Krishnaswamy,A5112456962,exact,I32971472,round3_semantic,12,"=""2047856""",2021
us_since1990,13290,Fei Liu,A5100394613,exact,I106165777,round3_semantic,12,"=""2143792""",2022
us_since1990,13731,Yufei Tang,A5107226498,exact,I63772739,round3_semantic,12,"=""2145571""",2022
us_since1990,13928,Yong Jae Lee,A5072079475,alias,I135310074,round3_semantic,12,"=""2150012""",2021
us_since1990,14766,Yin Sun,A5064175243,alias,I82497590,round3_semantic,12,"=""2239677""",2023
us_since1990,14871,Hao Su,A5056245495,exact,I36258959,round3_semantic,12,"=""2240160""",2023
us_since1990,15187,Mary G Baker,A5109233798,fuzzy,I97018004,round3_semantic,12,"=""9501799""",1995
us_since1990,15886,Hong Qin,A5056907767,exact,I33213144,round3_semantic,12,"=""9702103""",1997
us_since1990,16670,Brenda L Dingus,A5107915071,fuzzy,,round3_semantic,12,"=""9875387""",1999
us_since1990,16897,Hong Qin,A5056907767,exact,I59553526,round3_semantic,12,"=""9896123""",1997
us_since1990,1372,Gagan Agrawal,A5014913714,exact,I52357470,round3_semantic,13,"=""0296137""",2001
us_since1990,2197,Yun-Shik Lee,A5111695567,alias,I131249849,round3_semantic,13,"=""0449426""",2005
us_since1990,4165,Jiangjiang Liu,A5020958052,alias,I177898655,round3_semantic,13,"=""0846053""",2009
us_since1990,4621,Katherine Morrow,A5061323191,exact,I135310074,round3_semantic,13,"=""0952425""",2010
us_since1990,7353,Mary Lisa L Manning,A5017360707,fuzzy,,round3_semantic,13,"=""1352184""",2014
us_since1990,8985,Fan Ye,A5110343970,alias,I59553526,round3_semantic,13,"=""1652276""",2017
us_since1990,9593,Gang Wang,A5100367442,exact,I859038795,round3_semantic,13,"=""1750101""",2018
us_since1990,10124,Yutian Wu,A5011352741,alias,I78577930,round3_semantic,13,"=""1802248""",2017
us_since1990,10784,Chris Hobbs,A5047494071,alias,,round3_semantic,13,"=""1847914""",2019
us_since1990,11100,Hadi Mohammadigoushki,A5102719160,exact,I103163165,round3_semantic,13,"=""1942150""",2020
us_since1990,11529,Jing Dong,A5102888041,alias,I78577930,round3_semantic,13,"=""1944209""",2020
us_since1990,11897,Gang Wang,A5100367442,alias,I157725225,round3_semantic,13,"=""2030521""",2019
us_since1990,12095,Cong Wang,A5100390447,alias,I81365321,round3_semantic,13,"=""2044841""",2021
us_since1990,12102,Thomas Williams,A5065574136,alias,I167576493,round3_semantic,13,"=""2044865""",2021
us_since1990,12177,Galan Moody,A5103253127,exact,I154570441,round3_semantic,13,"=""2045246""",2021
us_since1990,12393,Oscar Vazquez-Mena,A5113498470,exact,I36258959,round3_semantic,13,"=""2046176""",2021
us_since1990,13936,Cong Wang,A5100390447,exact,I162714631,round3_semantic,13,"=""2152580""",2021
us_since1990,14200,William A Allman,A5071600778,fuzzy,,round3_semantic,13,"=""2237284""",2023
us_since1990,14572,Daniel P Kelly,A5101564568,fuzzy,I12315562,round3_semantic,13,"=""2238882""",2023
us_since1990,14627,Suman K Chowdhury,A5070519047,fuzzy,,round3_semantic,13,"=""2239110""",2023
us_since1990,15420,Helen Na,A5009233791,exact,I126307644,round3_semantic,13,"=""9507985""",1995
us_since1990,15786,Ellen E Martin,A5063803857,fuzzy,,round3_semantic,13,"=""9629370""",1996
us_since1990,16138,Kendal S Broadie,A5110233473,fuzzy,I223532165,round3_semantic,13,"=""9722213""",1997
us_since1990,16167,Daniela Bortoletto,A5107836016,alias,,round3_semantic,13,"=""9722420""",1997
us_since1990,17003,Ulrich G Mueller,A5020348864,fuzzy,I86519309,round3_semantic,13,"=""9983879""",2000
us_since1990,626,W. Matthew Michael,A5034827318,alias,I136199984,round3_semantic,14,"=""0133774""",2002
us_since1990,653,Du Li,A5100964394,exact,,round3_semantic,14,"=""0133871""",2002
us_since1990,699,Robert S Parker,A5046365845,fuzzy,I170201317,round3_semantic,14,"=""0134129""",2002
us_since1990,1431,Zhongguo J Ma,A5100917193,fuzzy,,round3_semantic,14,"=""0343865""",2004
us_since1990,1785,Christopher L Cahill,A5103123587,fuzzy,I193531525,round3_semantic,14,"=""0348982""",2004
us_since1990,2347,Manish Chhowalla,A5107592131,alias,I102322142,round3_semantic,14,"=""0543867""",2006
us_since1990,2757,Zhongguo J Ma,A5100917193,fuzzy,,round3_semantic,14,"=""0550899""",2005
us_since1990,3221,Bonnie Fleming,A5086349411,exact,I32971472,round3_semantic,14,"=""0645609""",2007
us_since1990,3797,Du Li,A5100964394,exact,,round3_semantic,14,"=""0813753""",2007
us_since1990,3999,Joseph E Flaherty,A5014914187,fuzzy,,round3_semantic,14,"=""0845324""",2009
us_since1990,5122,Kathleen O'Reilly,A5102862134,alias,I91045830,round3_semantic,14,"=""0956022""",2010
us_since1990,5505,Sihong Wang,A5039686737,alias,I125687163,round3_semantic,14,"=""1055608""",2011
us_since1990,5759,J Sook Chung,A5112254843,fuzzy,,round3_semantic,14,"=""1146774""",2012
us_since1990,6051,Claudia C Marin,A5057315878,fuzzy,,round3_semantic,14,"=""1150462""",2012
us_since1990,6377,Mehmet M dundar,A5023523247,fuzzy,,round3_semantic,14,"=""1252648""",2013
us_since1990,7601,Wei Jin,A5111486488,alias,I57328836,round3_semantic,14,"=""1452898""",2015
us_since1990,8499,Meagan S Mauter,A5112385076,fuzzy,I74973139,round3_semantic,14,"=""1554117""",2016
us_since1990,9453,Wei Jin,A5111486488,alias,I123534392,round3_semantic,14,"=""1739095""",2017
us_since1990,11386,Jian Zhang,A5111473452,exact,I121820613,round3_semantic,14,"=""1943486""",2020
us_since1990,13791,Lin Bian,A5102769072,alias,I40347166,round3_semantic,14,"=""2145809""",2022
us_since1990,14149,Tuan D Nguyen,A5101501906,fuzzy,I189590672,round3_semantic,14,"=""2237035""",2023
us_since1990,14190,Yeonsik Noh,A5115593099,exact,I24603500,round3_semantic,14,"=""2237230""",2023
us_since1990,14429,Zhiying Wang,A5101457905,exact,I204250578,round3_semantic,14,"=""2238327""",2023
us_since1990,14679,YONG CHEN,A5057014050,exact,I44265643,round3_semantic,14,"=""2239350""",2023
us_since1990,16904,Randall L Morrison,A5031390650,fuzzy,,round3_semantic,14,"=""9896212""",1998
us_since1990,429,Zixiang Xiong,A5109087657,exact,,round3_semantic,15,"=""0096070""",1999
us_since1990,496,Albert Wang,A5054432745,fuzzy,I180949307,round3_semantic,15,"=""0132869""",2002
us_since1990,1470,Hesham M El Gamal,A5110237798,fuzzy,I52357470,round3_semantic,15,"=""0346887""",2004
us_since1990,2403,Kiran S Kedlaya,A5103860606,fuzzy,I63966007,round3_semantic,15,"=""0545904""",2006
us_since1990,2507,Tsachy Weissman,A5084079314,alias,I97018004,round3_semantic,15,"=""0546535""",2006
us_since1990,2703,Chekesha M Watson,A5004960181,fuzzy,I205783295,round3_semantic,15,"=""0547976""",2006
us_since1990,2872,Linda N Boyle,A5003161613,fuzzy,I126307644,round3_semantic,15,"=""0643390""",2007
us_since1990,3668,William T Monroe,A5074274701,fuzzy,,round3_semantic,15,"=""0748195""",2008
us_since1990,5858,Aleksey V Smirnov,A5115593849,fuzzy,,round3_semantic,15,"=""1149434""",2012
us_since1990,6300,Aleksey V Smirnov,A5115593849,fuzzy,,round3_semantic,15,"=""1160854""",2013
us_since1990,7970,Wenjun Cai,A5112753597,alias,I2613432,round3_semantic,15,"=""1455108""",2015
us_since1990,8511,Ram Rajagopal,A5050269780,exact,I97018004,round3_semantic,15,"=""1554178""",2016
us_since1990,8549,Cecilia Leal,A5112250123,exact,I157725225,round3_semantic,15,"=""1554435""",2016
us_since1990,9752,Pierre-Emmanuel Gaillardon,A5110447770,alias,I223532165,round3_semantic,15,"=""1751064""",2018
us_since1990,10918,Wenjun Cai,A5112753597,alias,I859038795,round3_semantic,15,"=""1856196""",2018
us_since1990,11206,Yanhua Li,A5100630067,alias,I107077323,round3_semantic,15,"=""1942680""",2020
us_since1990,11273,Marijel C Melo,A5037730757,fuzzy,I114027177,round3_semantic,15,"=""1942930""",2020
us_since1990,12965,Michael A Bertucci,A5031506345,fuzzy,I184759092,round3_semantic,15,"=""2139898""",2021
us_since1990,13100,Jae Sung Park,A5084530392,alias,I114395901,round3_semantic,15,"=""2142916""",2021
us_since1990,14415,Amirhossein Ghasemi,A5112741521,exact,I102149020,round3_semantic,15,"=""2238268""",2023
us_since1990,14441,Eric S Klein,A5019225541,fuzzy,,round3_semantic,15,"=""2238368""",2023
us_since1990,16475,Christopher E Jordan,A5052523677,fuzzy,,round3_semantic,15,"=""9734393""",1998
us_since1990,16503,Jacob P Varkey,A5062661810,fuzzy,,round3_semantic,15,"=""9734584""",1998
us_since1990,17393,Christopher E Jordan,A5052523677,fuzzy,,round3_semantic,15,"=""9996419""",1999
us_since1990,1334,Staci Simonich,A5103519349,fuzzy,I131249849,round3_semantic,16,"=""0239823""",2003
us_since1990,1386,Steve C.S. Cai,A5016095071,fuzzy,,round3_semantic,16,"=""0301696""",2003
us_since1990,1792,David A Peterson,A5012100901,exact,I107672454,round3_semantic,16,"=""0349021""",2004
us_since1990,2166,Eakalak Khan,A5112490273,alias,I57328836,round3_semantic,16,"=""0449125""",2005
us_since1990,2402,Christian Poellabauer,A5028868145,alias,I107639228,round3_semantic,16,"=""0545899""",2006
us_since1990,5100,Deirdre M Shoemaker,A5104993274,fuzzy,I130701444,round3_semantic,16,"=""0955825""",2010
us_since1990,5892,Jing Li,A5100336762,exact,I55732556,round3_semantic,16,"=""1149602""",2012
us_since1990,5915,Rui Kuang,A5108381152,alias,I130238516,round3_semantic,16,"=""1149697""",2012
us_since1990,6098,Utkan Demirci,A5110595476,exact,I1283280774,round3_semantic,16,"=""1150733""",2012
us_since1990,6186,Stephen M Moysey,A5109376645,fuzzy,I8078737,round3_semantic,16,"=""1151294""",2012
us_since1990,6604,Yan Liu,A5100351097,exact,I1174212,round3_semantic,16,"=""1254206""",2013
us_since1990,6804,Jessica M Warren,A5088168089,fuzzy,,round3_semantic,16,"=""1255620""",2013
us_since1990,7938,John A Baldwin,A5052533198,fuzzy,I103531236,round3_semantic,16,"=""1454865""",2015
us_since1990,8040,Utkan Demirci,A5110595476,alias,I97018004,round3_semantic,16,"=""1461602""",2014
us_since1990,8785,Jessica M Warren,A5088168089,fuzzy,,round3_semantic,16,"=""1625032""",2015
us_since1990,9553,Hugo Sanabria Hernandez,A5087242098,fuzzy,,round3_semantic,16,"=""1749778""",2018
us_since1990,9652,Robert Patro,A5110572855,alias,I59553526,round3_semantic,16,"=""1750472""",2018
us_since1990,9971,Xiaohui Chen,A5100375174,exact,I157725225,round3_semantic,16,"=""1752614""",2018
us_since1990,11580,Eduardo Rojas,A5042883485,exact,I84475105,round3_semantic,16,"=""1944599""",2020
us_since1990,12493,Jeremy Blackburn,A5065352794,alias,I123946342,round3_semantic,16,"=""2046590""",2021
us_since1990,13419,Rachel Bezanson,A5110794377,alias,I170201317,round3_semantic,16,"=""2144314""",2022
us_since1990,14198,Srivatsan Raman,A5103090192,alias,I135310074,round3_semantic,16,"=""2237251""",2023
us_since1990,14212,Pablo Soberon Bravo,A5028741854,fuzzy,,round3_semantic,16,"=""2237324""",2023
us_since1990,14434,Katherine de Kleer,A5055836758,fuzzy,I122411786,round3_semantic,16,"=""2238344""",2023
us_since1990,15285,Xiao F Yang,A5103326192,fuzzy,I82497590,round3_semantic,16,"=""9502335""",1995
us_since1990,455,Katharine J Covert,A5054905026,fuzzy,,round3_semantic,17,"=""0096281""",1999
us_since1990,2068,Guevara Noubir,A5112870199,alias,I12912129,round3_semantic,17,"=""0448330""",2005
us_since1990,2406,James B Joshi,A5106132073,fuzzy,I170201317,round3_semantic,17,"=""0545912""",2006
us_since1990,2935,Peter Wonka,A5059559749,alias,I55732556,round3_semantic,17,"=""0643822""",2007
us_since1990,5650,Patrick Meade,A5106634099,alias,I59553526,round3_semantic,17,"=""1056833""",2011
us_since1990,6426,John N Foster,A5103551925,fuzzy,,round3_semantic,17,"=""1253165""",2013
us_since1990,8349,Jason Castro,A5050125942,fuzzy,I37415318,round3_semantic,17,"=""1553279""",2016
us_since1990,8689,Jonathan F Lovell,A5090857900,fuzzy,I63190737,round3_semantic,17,"=""1555220""",2016
us_since1990,10039,Yue Yu,A5027607634,exact,I186143895,round3_semantic,17,"=""1753031""",2018
us_since1990,12572,Hua Bai,A5060982263,exact,I173911158,round3_semantic,17,"=""2046984""",2021
us_since1990,13133,Amy L Dapper,A5012987686,fuzzy,I99041443,round3_semantic,17,"=""2143063""",2022
us_since1990,13315,Saurabh Gupta,A5101672143,exact,I157725225,round3_semantic,17,"=""2143873""",2022
us_since1990,13668,Darinka Dentcheva,A5111666155,alias,I108468826,round3_semantic,17,"=""2145364""",2022
us_since1990,14264,Yang Yang,A5100397668,exact,I87216513,round3_semantic,17,"=""2237534""",2023
us_since1990,14403,Carrie F Olson-Manning,A5035662451,fuzzy,I149700789,round3_semantic,17,"=""2238209""",2023
us_since1990,15755,Katharine J Covert,A5054905026,fuzzy,,round3_semantic,17,"=""9625248""",1996
us_since1990,15982,Xiaoxing Xi,A5112948610,alias,I130769515,round3_semantic,17,"=""9702632""",1997
us_since1990,2092,Michael D Smith,A5108014990,fuzzy,I74973139,round3_semantic,18,"=""0448516""",2005
us_since1990,2837,Scott P Wakely,A5106672931,fuzzy,I40347166,round3_semantic,18,"=""0642751""",2007
us_since1990,3848,Charles H Sykes,A5109062927,alias,,round3_semantic,18,"=""0844343""",2009
us_since1990,4505,Michelle O Claville,A5071408084,fuzzy,,round3_semantic,18,"=""0847742""",2009
us_since1990,5626,Holger Mueller,A5030942567,alias,I95457486,round3_semantic,18,"=""1056620""",2011
us_since1990,8379,Jing Gao,A5100781389,alias,I63190737,round3_semantic,18,"=""1553411""",2016
us_since1990,10432,Susan E Cohen,A5103011862,fuzzy,I27825529,round3_semantic,18,"=""1845953""",2019
us_since1990,12691,Hui Wang,A5051147941,exact,I142740786,round3_semantic,18,"=""2047460""",2021
us_since1990,12878,Kiana Aran,A5103057846,alias,I90708416,round3_semantic,18,"=""2048283""",2021
us_since1990,13625,Sandeep Sharma,A5100673023,exact,I188538660,round3_semantic,18,"=""2145209""",2022
us_since1990,17025,Lok C Lew Yan Voon,A5004713413,fuzzy,,round3_semantic,18,"=""9984059""",2000
us_since1990,1593,Guoliang Fan,A5026886070,alias,I115475287,round3_semantic,19,"=""0347613""",2004
us_since1990,1623,David V Anderson,A5052916820,fuzzy,I130701444,round3_semantic,19,"=""0347792""",2004
us_since1990,2950,David Martin,A5103405753,fuzzy,I103531236,round3_semantic,19,"=""0643887""",2007
us_since1990,3701,John C Glaser,A5070255976,fuzzy,,round3_semantic,19,"=""0748420""",2008
us_since1990,4810,Feng Qin,A5110375745,exact,I52357470,round3_semantic,19,"=""0953759""",2010
us_since1990,5178,Linda N Boyle,A5013055473,fuzzy,I201448701,round3_semantic,19,"=""1027609""",2009
us_since1990,6219,Wei Shen,A5100775326,exact,I130238516,round3_semantic,19,"=""1151529""",2012
us_since1990,6818,Jane M Liu,A5055153415,fuzzy,I177881444,round3_semantic,19,"=""1258307""",2012
us_since1990,9368,Zaher Hani,A5104651760,exact,I130701444,round3_semantic,19,"=""1654692""",2017
us_since1990,10240,Wei Ho,A5110725131,alias,I27837315,round3_semantic,19,"=""1844763""",2019
us_since1990,10894,Xiaodong Li,A5100369715,alias,I84218800,round3_semantic,19,"=""1848575""",2019
us_since1990,11286,Jia Deng,A5101542159,exact,I20089843,round3_semantic,19,"=""1942981""",2020
us_since1990,11455,Sangyeop Lee,A5027235848,alias,I170201317,round3_semantic,19,"=""1943807""",2020
us_since1990,15763,Dong X Shaw,A5017934710,fuzzy,,round3_semantic,19,"=""9625320""",1996
us_since1990,16052,Jorge E Gonzalez-Cruz,A5112193084,fuzzy,,round3_semantic,19,"=""9703062""",1997
us_since1990,16999,Wei-xian Zhang,A5103772394,alias,I186143895,round3_semantic,19,"=""9983855""",2000
us_since1990,17369,Dong X Shaw,A5017934710,fuzzy,,round3_semantic,19,"=""9996249""",1999
us_since1990,206,Karen D King,A5037501953,fuzzy,I87216513,round3_semantic,20,"=""0093292""",2001
us_since1990,933,Xiaodong Wang,A5026959365,alias,I78577930,round3_semantic,20,"=""0225721""",2002
us_since1990,1660,Hai Tao,A5100930827,alias,I185103710,round3_semantic,20,"=""0348020""",2004
us_since1990,2793,Karen D King,A5037501953,fuzzy,,round3_semantic,20,"=""0629266""",2006
us_since1990,4102,Satish K Sharma,A5108624487,fuzzy,I26538001,round3_semantic,20,"=""0845822""",2009
us_since1990,4241,Clifford Wang,A5023572822,fuzzy,I97018004,round3_semantic,20,"=""0846392""",2009
us_since1990,6516,Timothy F Cooper,A5103479470,fuzzy,,round3_semantic,20,"=""1253650""",2013
us_since1990,8957,Ufuk Topcu,A5047471973,alias,I86519309,round3_semantic,20,"=""1652113""",2017
us_since1990,9552,Liuyan Zhao,A5100567107,alias,I27837315,round3_semantic,20,"=""1749774""",2018
us_since1990,9725,Sheng Chen,A5100321009,alias,I79516672,round3_semantic,20,"=""1750886""",2018
us_since1990,10683,Qi Wang,A5071796750,alias,I78577930,round3_semantic,20,"=""1847315""",2019
us_since1990,13325,Harold Williams,A5083704202,exact,,round3_semantic,20,"=""2143922""",2022
us_since1990,13690,Vasileios Paschalidis,A5005756124,alias,I138006243,round3_semantic,20,"=""2145421""",2022
us_since1990,14308,Wei Liu,A5100431821,alias,I103635307,round3_semantic,20,"=""2237743""",2023
us_since1990,14578,Nader Taheri Qazvini,A5032544843,exact,I155781252,round3_semantic,20,"=""2238908""",2023
us_since1990,15224,Daniel E Bentil,A5010744577,fuzzy,,round3_semantic,20,"=""9501980""",1995
us_since1990,15803,Daniel E Bentil,A5010744577,fuzzy,I111236770,round3_semantic,20,"=""9696130""",1995
us_since1990,15885,Victoria J DeRose,A5110928222,fuzzy,I91045830,round3_semantic,20,"=""9702100""",1997
us_since1990,16652,Xiaodong Wang,A5026959365,alias,,round3_semantic,20,"=""9875314""",1999
us_since1990,64,Song-Chun Zhu,A5112314642,alias,I52357470,round3_semantic,21,"=""0092664""",2001
us_since1990,1050,Domenico D'Alessandro,A5104066772,alias,I173911158,round3_semantic,21,"=""0237925""",2003
us_since1990,1356,Song-Chun Zhu,A5112314642,alias,I161318765,round3_semantic,21,"=""0244763""",2002
us_since1990,2137,Maria I Lazar,A5101466537,fuzzy,,round3_semantic,21,"=""0448840""",2005
us_since1990,3082,Elisa E Konofagou,A5113595168,fuzzy,I78577930,round3_semantic,21,"=""0644713""",2007
us_since1990,3922,Lin Ma,A5101405102,alias,I8078737,round3_semantic,21,"=""0844939""",2009
us_since1990,4795,Yong Liu,A5101799913,alias,I57206974,round3_semantic,21,"=""0953682""",2010
us_since1990,5645,Jennifer N Cha,A5003617228,fuzzy,,round3_semantic,21,"=""1056808""",2011
us_since1990,6289,Lin Ma,A5101405102,alias,I859038795,round3_semantic,21,"=""1156564""",2011
us_since1990,6866,Jennifer N Cha,A5003617228,fuzzy,,round3_semantic,21,"=""1313565""",2012
us_since1990,8230,Chia-Yi Chiu,A5112219155,exact,I102322142,round3_semantic,21,"=""1552563""",2016
us_since1990,9947,Michelle L Barry,A5060914235,fuzzy,I78715868,round3_semantic,21,"=""1752392""",2018
us_since1990,12452,Daniel Zitterbart,A5112235663,alias,I66958751,round3_semantic,21,"=""2046437""",2021
us_since1990,13618,Babak Hejrati,A5056814845,exact,I7947594,round3_semantic,21,"=""2145177""",2022
us_since1990,13878,Xiang Chen,A5100441919,exact,I162714631,round3_semantic,21,"=""2146421""",2022
us_since1990,14760,Natalie Wright,A5044273077,alias,I166972335,round3_semantic,21,"=""2239664""",2023
us_since1990,15122,Shih-Fu Chang,A5069745958,alias,I78577930,round3_semantic,21,"=""9501266""",1995
us_since1990,15891,Jaswinder P Singh,A5101589677,fuzzy,I20089843,round3_semantic,21,"=""9702115""",1997
us_since1990,16434,D Sivakumar,A5100715137,alias,,round3_semantic,21,"=""9734164""",1998
us_since1990,76,Hongwei Xi,A5101718310,exact,I63135867,round3_semantic,22,"=""0092703""",2001
us_since1990,263,Timothy P Hogan,A5110635672,fuzzy,I87216513,round3_semantic,22,"=""0093552""",2001
us_since1990,942,Hongwei Xi,A5101718310,exact,I111088046,round3_semantic,22,"=""0229480""",2001
us_since1990,3194,Julia Thom-Levy,A5016102217,alias,I205783295,round3_semantic,22,"=""0645484""",2007
us_since1990,9183,Eun Jung A Lee,A5100321879,fuzzy,I118118575,round3_semantic,22,"=""1653464""",2017
us_since1990,9339,Stefania Gori,A5108133245,alias,I63135867,round3_semantic,22,"=""1654502""",2017
us_since1990,10944,Stefania Gori,A5108133245,alias,I185103710,round3_semantic,22,"=""1915852""",2018
us_since1990,11502,Yanchao Liu,A5003842626,exact,I185443292,round3_semantic,22,"=""1944068""",2020
us_since1990,12419,Haichen Wang,A5108064317,alias,I95457486,round3_semantic,22,"=""2046280""",2021
us_since1990,12707,Bin Ren,A5101795339,alias,I16285277,round3_semantic,22,"=""2047516""",2021
us_since1990,13637,Kishore Kuchibhotla,A5083789615,alias,I145311948,round3_semantic,22,"=""2145247""",2022
us_since1990,14480,Andia Chaves Fonnegra,A5068859665,exact,I63772739,round3_semantic,22,"=""2238537""",2023
us_since1990,14863,Vinayak Prabhu,A5102825589,alias,I92446798,round3_semantic,22,"=""2240126""",2023
us_since1990,15125,William M Snow,A5023414739,fuzzy,,round3_semantic,22,"=""9501312""",1995
us_since1990,16390,Michael B Kruger,A5107844560,fuzzy,I75421653,round3_semantic,22,"=""9733956""",1998
us_since1990,16592,Santosh S Vempala,A5111459522,fuzzy,I63966007,round3_semantic,22,"=""9875024""",1999
us_since1990,1307,Rob Gray,A5113729350,alias,I55732556,round3_semantic,23,"=""0239657""",2003
us_since1990,6675,Qun Wan,A5055724268,exact,,round3_semantic,23,"=""1254656""",2013
us_since1990,7837,Utpal Chatterjee,A5111620007,alias,I51556381,round3_semantic,23,"=""1454304""",2015
us_since1990,7854,Chad Hanna,A5103449202,alias,I130769515,round3_semantic,23,"=""1454389""",2015
us_since1990,9902,Wenliang Zhang,A5051321966,alias,I39422238,round3_semantic,23,"=""1752081""",2018
us_since1990,10515,Rebecca M Calisi-Rodriguez,A5050859706,fuzzy,,round3_semantic,23,"=""1846381""",2019
us_since1990,11796,Yue Wang,A5100371971,alias,I156087764,round3_semantic,23,"=""1945664""",2020
us_since1990,12080,Dakotah R Thompson,A5090599172,fuzzy,I135310074,round3_semantic,23,"=""2044788""",2021
us_since1990,13269,Kristin Morgan,A5039211860,alias,I140172145,round3_semantic,23,"=""2143714""",2022
us_since1990,13360,Jorge I Poveda,A5009688903,fuzzy,I188538660,round3_semantic,23,"=""2144076""",2022
us_since1990,14199,Kory M Evans,A5050298368,fuzzy,I74775410,round3_semantic,23,"=""2237278""",2023
us_since1990,14562,Victor Huayamave,A5086861639,alias,I84475105,round3_semantic,23,"=""2238859""",2023
us_since1990,14734,Cheng Zhang,A5080697701,exact,I205783295,round3_semantic,23,"=""2239569""",2023
us_since1990,14940,Jorge I Poveda,A5009688903,fuzzy,I36258959,round3_semantic,23,"=""2305756""",2022
us_since1990,15737,Gerald R Eykholt,A5018974135,fuzzy,I135310074,round3_semantic,23,"=""9625087""",1996
us_since1990,16368,Valerie S Ashby,A5068140885,fuzzy,,round3_semantic,23,"=""9733837""",1998
us_since1990,16757,William B Kuhn,A5113651169,fuzzy,,round3_semantic,23,"=""9875770""",1999
us_since1990,17325,Ioannis A Kakadiaris,A5101875396,fuzzy,I44461941,round3_semantic,23,"=""9985482""",2000
us_since1990,956,Daniel B Lieman,A5089027727,fuzzy,,round3_semantic,24,"=""0234209""",2002
us_since1990,2884,Gabriel H Loh,A5020621624,fuzzy,I130701444,round3_semantic,24,"=""0643500""",2007
us_since1990,4458,J. Paige Buchanan,A5007524302,alias,I44854399,round3_semantic,24,"=""0847481""",2009
us_since1990,5060,Sarah L Day,A5015531958,fuzzy,I16285277,round3_semantic,24,"=""0955604""",2010
us_since1990,5460,David S Ricketts,A5103464860,fuzzy,I74973139,round3_semantic,24,"=""1055279""",2011
us_since1990,6112,Heather Fahlenkamp,A5083408283,fuzzy,I115475287,round3_semantic,24,"=""1150831""",2012
us_since1990,6903,David S Ricketts,A5103464860,fuzzy,I137902535,round3_semantic,24,"=""1341990""",2012
us_since1990,10082,Connie B Chang,A5110842566,fuzzy,I23732399,round3_semantic,24,"=""1753352""",2018
us_since1990,10339,Zhenqi Wang,A5051112651,fuzzy,I87216513,round3_semantic,24,"=""1845416""",2019
us_since1990,11571,Jung-Eun Lee,A5035005147,exact,I27804330,round3_semantic,24,"=""1944545""",2020
us_since1990,14661,Timothy Zhu,A5024530225,exact,I130769515,round3_semantic,24,"=""2239291""",2023
us_since1990,15599,Narasimha A Reddy,A5089364674,fuzzy,,round3_semantic,24,"=""9624310""",1996
us_since1990,7476,William D McGee,A5040953331,fuzzy,,round3_semantic,25,"=""1439559""",2015
us_since1990,9025,Yang Wang,A5065252864,alias,I70983195,round3_semantic,25,"=""1652497""",2017
us_since1990,9212,Jose A Martinez-Lorenzo,A5108102484,fuzzy,I12912129,round3_semantic,25,"=""1653671""",2017
us_since1990,10755,Sudeep Bhatia,A5113655316,alias,I79576946,round3_semantic,25,"=""1847794""",2019
us_since1990,11582,Christine M Gilbert,A5012268169,fuzzy,I859038795,round3_semantic,25,"=""1944614""",2020
us_since1990,11801,Ashley M Heers,A5056401336,fuzzy,I27825529,round3_semantic,25,"=""1945878""",2020
us_since1990,11892,Yang Wang,A5065252864,alias,I157725225,round3_semantic,25,"=""2028387""",2019
us_since1990,12032,Mahshid Ahmadi,A5100571225,alias,I75027704,round3_semantic,25,"=""2043205""",2021
us_since1990,12753,Swati Singh,A5101730538,alias,I86501945,round3_semantic,25,"=""2047707""",2021
us_since1990,13396,Scott Wood,A5072555496,alias,I184647316,round3_semantic,25,"=""2144240""",2022
us_since1990,14388,Jin Woo Lee,A5091361972,alias,I66946132,round3_semantic,25,"=""2238139""",2023
us_since1990,15391,Michael R Pena,A5075749135,fuzzy,,round3_semantic,25,"=""9503260""",1995
us_since1990,98,Samrat Bhattacharjee,A5060479166,alias,I66946132,round3_semantic,26,"=""0092806""",2001
us_since1990,2878,Hazel A Barton,A5108107741,fuzzy,I168416876,round3_semantic,26,"=""0643462""",2008
us_since1990,5339,Pan T Li,A5058772314,fuzzy,I392282,round3_semantic,26,"=""1054449""",2011
us_since1990,5411,Burkhard Schulz,A5103444311,alias,I219193219,round3_semantic,26,"=""1054918""",2011
us_since1990,6313,Hazel A Barton,A5108107741,fuzzy,I110152177,round3_semantic,26,"=""1215978""",2011
us_since1990,7096,Timothy Miller,A5107929237,alias,I123946342,round3_semantic,26,"=""1350740""",2014
us_since1990,7368,Delphine Gourdon,A5103113138,alias,I205783295,round3_semantic,26,"=""1352299""",2014
us_since1990,7738,Feng Chen,A5100352722,alias,I121820613,round3_semantic,26,"=""1453705""",2015
us_since1990,8709,Jaime Barnes,A5031946522,alias,I86519309,round3_semantic,26,"=""1555346""",2016
us_since1990,10163,WIlliam A Griffith,A5001307237,fuzzy,I52357470,round3_semantic,26,"=""1831126""",2017
us_since1990,12727,Jeff D Thompson,A5072635440,fuzzy,I20089843,round3_semantic,26,"=""2047620""",2021
us_since1990,13509,Qian Chen,A5100428460,alias,I90871651,round3_semantic,26,"=""2144701""",2022
us_since1990,13937,Bin Li,A5101515985,alias,I130769515,round3_semantic,26,"=""2152658""",2021
us_since1990,14567,Ran Feng,A5110483486,alias,I140172145,round3_semantic,26,"=""2238875""",2023
us_since1990,14736,Emily G Peterson,A5029249745,fuzzy,I181401687,round3_semantic,26,"=""2239591""",2023
us_since1990,15176,Rajit Gadh,A5102795540,alias,I135310074,round3_semantic,26,"=""9501760""",1995
us_since1990,16029,Eric R Marsh,A5113989196,fuzzy,I130769515,round3_semantic,26,"=""9702897""",1997
us_since1990,16304,Miriam S Hasson,A5054328567,fuzzy,,round3_semantic,26,"=""9733552""",1998
us_since1990,16809,Amy E Bell,A5112829771,fuzzy,I859038795,round3_semantic,26,"=""9876025""",1999
us_since1990,1026,Tetsuya Iwasaki,A5105359292,exact,I51556381,round3_semantic,27,"=""0237708""",2003
us_since1990,1133,Deborah Robertson,A5110171884,fuzzy,I130785548,round3_semantic,27,"=""0238426""",2003
us_since1990,2322,Anton V Andreev,A5112460995,fuzzy,I201448701,round3_semantic,27,"=""0531550""",2004
us_since1990,5014,Ning Jiang,A5101577906,exact,,round3_semantic,27,"=""0955265""",2010
us_since1990,6210,Javier Arce,A5109509256,alias,,round3_semantic,27,"=""1151458""",2012
us_since1990,6856,Jana Shen,A5103575399,fuzzy,I126744593,round3_semantic,27,"=""1305560""",2012
us_since1990,7357,Ming-Hung Kao,A5004638187,alias,I55732556,round3_semantic,27,"=""1352213""",2014
us_since1990,7528,Michael Doering,A5112355165,exact,I193531525,round3_semantic,27,"=""1452055""",2015
us_since1990,8102,Corinne I Wong,A5113872844,fuzzy,,round3_semantic,27,"=""1535824""",2016
us_since1990,8520,Amir Ali Ahmadi,A5101485689,exact,I20089843,round3_semantic,27,"=""1554230""",2016
us_since1990,9034,Zhenhui Li,A5101510515,alias,I130769515,round3_semantic,27,"=""1652525""",2017
us_since1990,9704,Bo Wu,A5101804515,alias,I167576493,round3_semantic,27,"=""1750760""",2018
us_since1990,11235,Abhishek Jain,A5100661349,exact,I145311948,round3_semantic,27,"=""1942789""",2020
us_since1990,12788,Donny Hanjaya-Putra,A5102983704,alias,I107639228,round3_semantic,27,"=""2047903""",2021
us_since1990,13585,Zakaria Y Al Balushi,A5053253079,fuzzy,I95457486,round3_semantic,27,"=""2145022""",2022
us_since1990,14424,Stephanie Woo,A5083198581,exact,I156087764,round3_semantic,27,"=""2238304""",2022
us_since1990,14737,Kevin J Vogel,A5087165573,fuzzy,,round3_semantic,27,"=""2239595""",2023
us_since1990,15749,Elizabeth L White,A5049007580,fuzzy,I162714631,round3_semantic,27,"=""9625202""",1996
us_since1990,15785,Walter W Dimmick,A5003165326,fuzzy,I146416000,round3_semantic,27,"=""9629366""",1996
us_since1990,4065,An-I Wang,A5081466669,fuzzy,I103163165,round3_semantic,28,"=""0845672""",2009
us_since1990,6434,Baohong Yuan,A5114138260,alias,I189196454,round3_semantic,28,"=""1253199""",2013
us_since1990,8419,Hong-Gu Kang,A5042796901,exact,I13511017,round3_semantic,28,"=""1553613""",2016
us_since1990,9093,Jeyavijayan Rajendran,A5109133603,exact,I162577319,round3_semantic,28,"=""1652842""",2017
us_since1990,10148,Jeyavijayan Rajendran,A5109133603,exact,,round3_semantic,28,"=""1822848""",2017
us_since1990,10875,Supreet Kaur,A5107832174,exact,I1321305853,round3_semantic,28,"=""1848452""",2019
us_since1990,12598,MD NOOR E ALAM,A5078053731,fuzzy,I12912129,round3_semantic,28,"=""2047094""",2021
us_since1990,13179,Alexander Perry,A5108254938,exact,I27837315,round3_semantic,28,"=""2143271""",2022
us_since1990,13718,Cheryl Gomillion,A5082942366,alias,,round3_semantic,28,"=""2145521""",2022
us_since1990,13727,Juan S Borrero,A5036589411,fuzzy,I115475287,round3_semantic,28,"=""2145553""",2022
us_since1990,14056,Benjamin Johnson,A5069025456,alias,I120156002,round3_semantic,28,"=""2236238""",2023
us_since1990,15022,Bo Tang,A5101455932,exact,I107077323,round3_semantic,28,"=""2325863""",2023
us_since1990,17187,Randolph Y Wang,A5080487926,fuzzy,I20089843,round3_semantic,28,"=""9984790""",2000
us_since1990,198,Stephen R Voss,A5075125436,fuzzy,,round3_semantic,29,"=""0093251""",2001
us_since1990,952,Cecilia E Gerber,A5103779750,alias,I39422238,round3_semantic,29,"=""0233716""",2003
us_since1990,1349,Stephen R Voss,A5075125436,fuzzy,,round3_semantic,29,"=""0242833""",2002
us_since1990,1746,Xi Zhang,A5110368046,exact,,round3_semantic,29,"=""0348694""",2004
us_since1990,3308,Kevin W Kittredge,A5109440365,fuzzy,,round3_semantic,29,"=""0738937""",2007
us_since1990,4726,Fei Wang,A5111511007,alias,I157725225,round3_semantic,29,"=""0953267""",2010
us_since1990,5302,Scott Ferguson,A5103636755,fuzzy,I137902535,round3_semantic,29,"=""1054208""",2011
us_since1990,5924,Diana P Bratu,A5037115399,fuzzy,I39694355,round3_semantic,29,"=""1149738""",2012
us_since1990,6495,Amir-Hamed Mohsenian-Rad,A5109180838,exact,,round3_semantic,29,"=""1253516""",2012
us_since1990,6690,Chadi S El Mohtar,A5052009578,fuzzy,I86519309,round3_semantic,29,"=""1254763""",2012
us_since1990,7070,Vinod Vaikuntanathan,A5109730093,alias,I63966007,round3_semantic,29,"=""1350619""",2014
us_since1990,7811,Gurpreet Singh,A5101737397,alias,I189590672,round3_semantic,29,"=""1454151""",2015
us_since1990,8252,William W Hanlon,A5021999966,fuzzy,,round3_semantic,29,"=""1552692""",2016
us_since1990,8948,Matthew E Carter,A5005132242,fuzzy,I22675022,round3_semantic,29,"=""1652060""",2017
us_since1990,9917,Wei-Kuo Chen,A5110260684,exact,I130238516,round3_semantic,29,"=""1752184""",2018
us_since1990,11133,Julie D Stanton,A5032802250,fuzzy,,round3_semantic,29,"=""1942318""",2020
us_since1990,11916,Jing Li,A5100336787,exact,I79576946,round3_semantic,29,"=""2040463""",2020
us_since1990,12617,Yu Zhang,A5100433698,alias,I55732556,round3_semantic,29,"=""2047186""",2021
us_since1990,13005,Ambika Bajpayee,A5101602639,alias,I12912129,round3_semantic,29,"=""2141841""",2022
us_since1990,14062,Yanling Chang,A5079934055,exact,,round3_semantic,29,"=""2236477""",2023
us_since1990,14812,Liping Liu,A5100352448,alias,I121934306,round3_semantic,29,"=""2239869""",2023
us_since1990,15952,Edward K. F Lee,A5069690870,fuzzy,I173911158,round3_semantic,29,"=""9702473""",1997
us_2024plus,3,Rui Hu,A5101675122,alias,,round3_semantic,10,"=""2548395""",2026
us_2024plus,4,Jiaxin Huang,A5058212759,alias,,round3_semantic,12,"=""2541822""",2026
us_2024plus,25,Leah Spangler,A5039738985,alias,I184840846,round2_inst,19,"=""2543720""",2026
us_2024plus,41,Shuang Zhang,A5100321545,exact,I91045830,round3_semantic,13,"=""2543856""",2026
us_2024plus,53,Selyna P Beverly,A5034831372,fuzzy,I138216421,round3_semantic,2,"=""2543094""",2026
us_2024plus,69,Gediminas Bertasius,A5008205639,exact,,name_unique,2,"=""2541848""",2026
us_2024plus,70,Sai Swaminathan,A5103060030,alias,,round3_semantic,4,"=""2543328""",2026
us_2024plus,72,Emily D Sanders,A5063732592,fuzzy,I130701444,round2_inst,8,"=""2542321""",2026
us_2024plus,98,Savannah Eisner,A5071336299,fuzzy,I78577930,round2_inst,12,"=""2542756""",2026
us_2024plus,100,Maxime C Van de Moortel,A5053789248,fuzzy,,round3_semantic,17,"=""2541031""",2026
us_2024plus,105,Christopher Woodward,A5109555470,alias,,round3_semantic,10,"=""2555553""",2026
us_2024plus,106,Qian Zhang,A5107250096,alias,I103635307,round3_semantic,19,"=""2541224""",2026
us_2024plus,108,Marzieh Memar,A5015288674,exact,,name_unique,1,"=""2541217""",2026
us_2024plus,114,Paul Goelz,A5112465272,exact,,name_unique,1,"=""2543553""",2026
us_2024plus,121,Habiba Farrukh,A5090347232,exact,I204250578,round2_inst,17,"=""2544561""",2026
us_2024plus,122,Maha Kenawy,A5065695527,exact,,name_unique,10,"=""2541092""",2026
us_2024plus,136,Jeffrey M Lipshultz,A5026778029,fuzzy,,round3_semantic,14,"=""2541378""",2026
us_2024plus,157,Christopher J Caruvana,A5015521305,fuzzy,I592451,round2_inst,19,"=""2555991""",2026
us_2024plus,158,Daniel A Keedy,A5111158138,fuzzy,,round3_semantic,2,"=""2543428""",2026
us_2024plus,165,Liana T Burghardt,A5041487565,alias,,round4_maxpapers,1,"=""2541790""",2026
us_2024plus,178,Jyoti Champanerkar,A5040676369,exact,,name_unique,10,"=""2527737""",2026
us_2024plus,181,Gong Chen,A5068807982,alias,I130701444,round3_semantic,3,"=""2540992""",2026
us_2024plus,183,Ana Colaco Morais,A5045170383,fuzzy,,round3_semantic,10,"=""2543124""",2026
us_2024plus,194,Teresa W Lee,A5030286190,fuzzy,I133738476,round2_inst,16,"=""2538853""",2026
us_2024plus,204,James C Davis,A5000005083,exact,,name_unique,4,"=""2541917""",2026
us_2024plus,213,Alexander M Kale,A5080552189,fuzzy,,round4_maxpapers,7,"=""2542846""",2026
us_2024plus,215,Nariel Monteiro,A5052676055,exact,,name_unique,8,"=""2604075""",2026
us_2024plus,218,Chen Sun,A5100722239,exact,I27804330,round3_semantic,12,"=""2543166""",2026
us_2024plus,219,Georgios Pavlakos,A5106276634,alias,,round3_semantic,2,"=""2544200""",2026
us_2024plus,226,Kejie Zhao,A5100813310,alias,,round3_semantic,13,"=""2619256""",2026
us_2024plus,228,Milijana Surbatovich,A5021370119,exact,,name_unique,9,"=""2543611""",2026
us_2024plus,229,Kimberly G Fluet,A5040236570,fuzzy,I5388228,round2_inst,18,"=""2547111""",2026
us_2024plus,233,Sung Jin Park,A5015813521,exact,I150468666,round3_semantic,5,"=""2540509""",2026
us_2024plus,250,Duc D Nguyen,A5008446804,alias,,round3_semantic,2,"=""2608376""",2026
us_2024plus,257,Sarah Bryant,A5014208159,alias,,round3_semantic,12,"=""2620717""",2026
us_2024plus,258,Azadeh Ansari,A5003979955,exact,I130701444,round3_semantic,15,"=""2622299""",2026
us_2024plus,259,Sarah Bryant,A5014208159,alias,,round3_semantic,12,"=""2620718""",2026
us_2024plus,262,Elise K Webber,A5082141859,fuzzy,,round4_maxpapers,5,"=""2611769""",2026
us_2024plus,265,Osama Muhammad Raisuddin,A5058258024,exact,,name_unique,5,"=""2618424""",2026
us_2024plus,278,Kaijian Liu,A5114859270,exact,I108468826,round3_semantic,13,"=""2542834""",2026
us_2024plus,283,Melissa L Emory,A5005191353,fuzzy,I115475287,round2_inst,14,"=""2603891""",2026
us_2024plus,291,Tong Huang,A5048703431,exact,I26538001,round3_semantic,18,"=""2540300""",2026
us_2024plus,294,Andy Berglund,A5087183660,exact,,name_unique,3,"=""2548380""",2026
us_2024plus,304,Abigail Stylianou,A5018301000,exact,,name_unique,1,"=""2620618""",2026
us_2024plus,307,Keary M Engle,A5063085607,alias,,round4_maxpapers,1,"=""2548272""",2026
us_2024plus,320,Xugui Zhou,A5084919916,exact,,name_unique,16,"=""2531855""",2026
us_2024plus,334,Andrew W Heard,A5102671469,fuzzy,,round3_semantic,9,"=""2515607""",2026
us_2024plus,335,Randall V Martin,A5102699968,alias,,round3_semantic,1,"=""2617403""",2026
us_2024plus,337,Aric M Bryant,A5091326575,fuzzy,,round3_semantic,3,"=""2527742""",2026
us_2024plus,346,Maxime C Van de Moortel,A5053789248,fuzzy,,round3_semantic,17,"=""2603356""",2026
us_2024plus,354,Trevor Caughlin,A5045239041,exact,,name_unique,15,"=""2531765""",2026
us_2024plus,356,Qi Guo,A5101185683,alias,,round3_semantic,3,"=""2544069""",2026
us_2024plus,366,Kuei-Chun Wang,A5033630040,exact,I55732556,round3_semantic,6,"=""2544114""",2026
us_2024plus,374,Dianqi Han,A5077785541,exact,,name_unique,19,"=""2542688""",2026
us_2024plus,383,Antonio Delgado,A5100907456,alias,,round3_semantic,3,"=""2619119""",2026
us_2024plus,397,Derek A Brown,A5022816786,alias,,round4_maxpapers,1,"=""2610968""",2026
us_2024plus,401,Yuheng Bu,A5114453096,alias,,round3_semantic,1,"=""2543381""",2026
us_2024plus,419,Kimberly A Logan,A5035365430,fuzzy,,round3_semantic,1,"=""2601257""",2026
us_2024plus,435,Kaiwen Hsiao,A5049908088,alias,,round3_semantic,14,"=""2542480""",2026
us_2024plus,444,Cong Hao,A5074300487,alias,I130701444,round3_semantic,6,"=""2549745""",2026
us_2024plus,447,John M Herbert,A5066827924,alias,,round4_maxpapers,1,"=""2548122""",2026
us_2024plus,450,Xi Wang,A5083126439,alias,,round3_semantic,6,"=""2540941""",2026
us_2024plus,463,Wei Zhang,A5102020788,exact,I63966007,round3_semantic,16,"=""2603742""",2026
us_2024plus,474,Dominic J Dal Bello,A5090313433,fuzzy,I78734956,round3_semantic,16,"=""2527562""",2026
us_2024plus,475,Francis G Garvan,A5002312876,fuzzy,,round4_maxpapers,9,"=""2601309""",2026
us_2024plus,479,Tafadzwa J Dube,A5062186547,fuzzy,,round4_maxpapers,9,"=""2527563""",2026
us_2024plus,488,Luca F Di Cerbo,A5029973500,fuzzy,I33213144,round3_semantic,7,"=""2601710""",2026
us_2024plus,494,Juie Shetye,A5014155969,exact,,name_unique,15,"=""2541020""",2026
us_2024plus,497,Arnoldus J Mathijssen,A5017072923,fuzzy,,round3_semantic,1,"=""2542731""",2026
us_2024plus,503,Yujie Xu,A5004851594,alias,I78577930,round2_inst,15,"=""2546353""",2026
us_2024plus,507,Franck J Vernerey,A5049834569,alias,,round4_maxpapers,1,"=""2615100""",2026
us_2024plus,512,Karen S Molek,A5047819232,fuzzy,I83683471,round2_inst,12,"=""2526550""",2026
us_2024plus,524,Mae S Gustin,A5113737358,fuzzy,,round3_semantic,4,"=""2535867""",2026
us_2024plus,525,Anita Nikolich,A5033575565,alias,,round3_semantic,13,"=""2545020""",2026
us_2024plus,541,Michelle Teplensky,A5040891672,alias,I111088046,round2_inst,16,"=""2542672""",2026
us_2024plus,548,Christopher Henderson,A5013420356,alias,,round3_semantic,10,"=""2617615""",2026
us_2024plus,553,Michael A Schultz,A5104075505,fuzzy,I201448701,round2_inst,15,"=""2622136""",2026
us_2024plus,567,Eric Petersen,A5059580642,alias,I1629065,round2_inst,15,"=""2510241""",2026
us_2024plus,574,Hilary R Katz,A5043922766,fuzzy,I94339441,round2_inst,7,"=""2531613""",2026
us_2024plus,577,Bruno G Poggi Cevallos,A5057696893,fuzzy,,round3_semantic,1,"=""2532569""",2026
us_2024plus,586,Erica Cline,A5111125734,alias,I201448701,round3_semantic,1,"=""2527017""",2026
us_2024plus,587,Kathryn S Conger,A5008706150,fuzzy,,round3_semantic,13,"=""2507339""",2026
us_2024plus,591,Amelia A Becker,A5055029360,fuzzy,,round3_semantic,5,"=""2507720""",2026
us_2024plus,593,Keith D Schloeman,A5067776696,fuzzy,,round4_maxpapers,1,"=""2527929""",2026
us_2024plus,596,Shane A Moeykens,A5046905253,fuzzy,I7947594,round2_inst,4,"=""2538306""",2026
us_2024plus,597,Katherine M Collins,A5069214352,fuzzy,,round3_semantic,20,"=""2507321""",2026
us_2024plus,600,Satarupa Bhattacharjee,A5103247006,alias,,round3_semantic,19,"=""2536330""",2026
us_2024plus,608,Peter D Nencka,A5027749250,fuzzy,I83328450,round2_inst,14,"=""2518320""",2026
us_2024plus,616,Elizabeth Hetherington,A5041473638,alias,,round3_semantic,19,"=""2519661""",2026
us_2024plus,623,Heather M Savage,A5057913967,fuzzy,,round4_maxpapers,8,"=""2447635""",2026
us_2024plus,624,April Kilgore,A5070720520,exact,,name_unique,2,"=""2527671""",2026
us_2024plus,631,Lars Hansen,A5028242520,exact,I130238516,round3_semantic,12,"=""2447636""",2026
us_2024plus,638,Tamsen J Dunn,A5055045900,fuzzy,,round3_semantic,3,"=""2507596""",2026
us_2024plus,640,Sevgi Z Gurbuz,A5034000745,alias,,round3_semantic,1,"=""2619789""",2026
us_2024plus,641,Sara J Germain,A5040497616,fuzzy,I12834331,round2_inst,16,"=""2531788""",2026
us_2024plus,653,CAIZHI ZHOU,A5070803455,alias,,round3_semantic,9,"=""2531583""",2026
us_2024plus,656,Giuseppe Martone,A5022462097,exact,,name_unique,16,"=""2524159""",2026
us_2024plus,663,Jennifer Crodelle,A5052582483,alias,I195575238,round2_inst,20,"=""2531428""",2026
us_2024plus,665,Alexey Leontyev,A5075817548,alias,,round3_semantic,19,"=""2442826""",2026
us_2024plus,668,Matt D Carling,A5057993560,fuzzy,I12834331,round3_semantic,3,"=""2526795""",2026
us_2024plus,670,Jeremy W Bakelar,A5030009862,fuzzy,I218822139,round2_inst,13,"=""2526391""",2026
us_2024plus,674,Aiday Sikhova,A5057874334,exact,,name_unique,3,"=""2518321""",2026
us_2024plus,677,Piran R Kidambi,A5084322134,alias,,round4_maxpapers,1,"=""2607530""",2026
us_2024plus,684,Sunita R Shah Walter,A5111090797,fuzzy,,round3_semantic,1,"=""2603134""",2025
us_2024plus,688,Claire E Jasper,A5010979331,fuzzy,,round3_semantic,1,"=""2513617""",2025
us_2024plus,690,Jennifer J Ross,A5003981889,fuzzy,,round3_semantic,9,"=""2550217""",2025
us_2024plus,695,Stacy Larochelle,A5045294573,exact,,name_unique,19,"=""2608006""",2025
us_2024plus,697,Natali C Huggins,A5070080031,fuzzy,,round3_semantic,13,"=""2553734""",2025
us_2024plus,702,Ian T McCrum,A5033117815,alias,,round4_maxpapers,1,"=""2609297""",2025
us_2024plus,708,Wenbin Zhang,A5101785938,exact,I19700959,round3_semantic,16,"=""2554176""",2025
us_2024plus,712,Katherine Yaw,A5049061529,alias,I2613432,round2_inst,17,"=""2520363""",2025
us_2024plus,716,Goli Nossoni,A5034335594,exact,I40253897,round3_semantic,5,"=""2447304""",2025
us_2024plus,717,Yohanna Mejia Cruz,A5085393219,exact,,name_unique,1,"=""2531622""",2025
us_2024plus,718,Benjamin Nachman,A5107211715,alias,I97018004,round3_semantic,19,"=""2602595""",2025
us_2024plus,721,Katherine E McGhee,A5050915033,fuzzy,,round3_semantic,1,"=""2527105""",2025
us_2024plus,723,Stuart E Jones,A5073521336,fuzzy,,round3_semantic,4,"=""2526204""",2025
us_2024plus,730,Monica M Carlsen-Krause,A5022053071,fuzzy,,round4_maxpapers,16,"=""2505527""",2025
us_2024plus,733,Rob Denton,A5057357183,exact,,name_unique,4,"=""2554844""",2025
us_2024plus,734,Lorena Torres Martinez,A5058360657,exact,,name_unique,16,"=""2520651""",2025
us_2024plus,739,Annalise Klein,A5083788936,exact,,name_unique,1,"=""2439826""",2025
us_2024plus,740,Karl R Schmitt,A5080580162,fuzzy,I112164570,round2_inst,6,"=""2517969""",2025
us_2024plus,741,Hang J Qi,A5054100391,fuzzy,,round3_semantic,4,"=""2544942""",2025
us_2024plus,746,eugene l mahmoud,A5025445247,fuzzy,,round3_semantic,5,"=""2450069""",2025
us_2024plus,747,Mallory M Rice,A5059121507,fuzzy,I226560621,round2_inst,11,"=""2524329""",2025
us_2024plus,759,Manuel A Jimenez,A5012010509,fuzzy,I60388903,round3_semantic,18,"=""2526845""",2025
us_2024plus,761,Maria S Peresin,A5041149174,alias,,round4_maxpapers,2,"=""2554976""",2025
us_2024plus,778,Jan Edwards,A5109680704,alias,I62315932,round2_inst,3,"=""2527897""",2025
us_2024plus,781,YING JIN,A5017980493,alias,,round3_semantic,19,"=""2525472""",2025
us_2024plus,784,Alia L Khan,A5076002317,alias,,round4_maxpapers,1,"=""2606385""",2025
us_2024plus,792,Chi Zhou,A5037407296,alias,,round3_semantic,18,"=""2518893""",2025
us_2024plus,795,Kristin M Rosler,A5030485166,fuzzy,,round4_maxpapers,3,"=""2424310""",2025
us_2024plus,802,Brian J Lee,A5090613399,fuzzy,,round3_semantic,1,"=""2526155""",2025
us_2024plus,808,Murat Kocaoglu,A5098748959,alias,,round3_semantic,4,"=""2617987""",2025
us_2024plus,812,Joanna J Cielocha,A5034654940,fuzzy,I114250311,round2_inst,18,"=""2526512""",2025
us_2024plus,815,Bert Rivera-Marchand,A5058686116,exact,I71146071,round2_inst,15,"=""2515226""",2025
us_2024plus,820,Julie R Robinson,A5012110847,alias,,round4_maxpapers,1,"=""2531729""",2025
us_2024plus,832,Salvatore Garofalo,A5086126814,fuzzy,I111455621,round3_semantic,7,"=""2448350""",2025
us_2024plus,833,Yichen Zhang,A5100341422,alias,,round3_semantic,15,"=""2443082""",2025
us_2024plus,838,Tegan S Brennan,A5011404640,fuzzy,I108468826,round2_inst,19,"=""2442117""",2025
us_2024plus,842,Lindsey Applegate,A5053887418,fuzzy,,round4_maxpapers,13,"=""2525928""",2025
us_2024plus,845,Barbara Juncosa,A5042246916,alias,,round3_semantic,13,"=""2500518""",2025
us_2024plus,849,Stephen C Brozina,A5107104514,fuzzy,I161203489,round2_inst,1,"=""2439459""",2025
us_2024plus,859,Naledi M Saul,A5032471873,fuzzy,I180670191,round2_inst,7,"=""2500519""",2025
us_2024plus,866,Moamer Hasanovic,A5034837541,exact,,name_unique,17,"=""2526073""",2025
us_2024plus,867,Husam A Alshareef,A5086184476,fuzzy,I114312114,round2_inst,7,"=""2524522""",2025
us_2024plus,871,Samantha N Jewell,A5106606256,fuzzy,,round3_semantic,1,"=""2526880""",2025
us_2024plus,872,Frank A Gomez,A5041020929,alias,,round4_maxpapers,2,"=""2525982""",2025
us_2024plus,877,Sarah A Wilson,A5101938338,fuzzy,I44265643,round3_semantic,10,"=""2620548""",2025
us_2024plus,880,Scott Frees,A5049731390,exact,,name_unique,11,"=""2527473""",2025
us_2024plus,894,Weiping Pei,A5089019010,alias,I87208437,round2_inst,13,"=""2442883""",2025
us_2024plus,897,Ying Sun,A5102893594,alias,,round3_semantic,19,"=""2607549""",2025
us_2024plus,899,Duck Bong Kim,A5063758814,alias,,round3_semantic,2,"=""2610735""",2025
us_2024plus,908,Ourania Kosti,A5040287827,alias,I1318687432,round2_inst,5,"=""2538161""",2025
us_2024plus,910,Gregory C Durrett,A5034923230,fuzzy,,round3_semantic,1,"=""2607715""",2025
us_2024plus,918,Wei E Gordon,A5012009454,fuzzy,,round4_maxpapers,6,"=""2523875""",2025
us_2024plus,919,Eva L Dyer,A5031430893,alias,,round3_semantic,1,"=""2605385""",2025
us_2024plus,922,Peng Gao,A5102796137,alias,I859038795,round3_semantic,9,"=""2442171""",2025
us_2024plus,923,Richard P Vaughn,A5043975231,fuzzy,,round4_maxpapers,6,"=""2500695""",2025
us_2024plus,925,Tamra Legron-Rodriguez,A5020745292,exact,,name_unique,7,"=""2424312""",2025
us_2024plus,928,Tyler C Maley,A5015187338,fuzzy,,round4_maxpapers,1,"=""2515140""",2025
us_2024plus,930,Rebecca M Reck,A5004598537,alias,,round4_maxpapers,1,"=""2526935""",2025
us_2024plus,931,David Tian,A5033468770,alias,,round3_semantic,12,"=""2508095""",2025
us_2024plus,932,Lily F Durkee,A5054270488,fuzzy,,round3_semantic,9,"=""2508266""",2025
us_2024plus,933,Dina Zohrabi Alaee,A5042055666,alias,,round3_semantic,20,"=""2500744""",2025
us_2024plus,935,John Dabiri,A5097994185,fuzzy,I122411786,round3_semantic,2,"=""2529198""",2025
us_2024plus,936,Christopher Lore,A5064622063,exact,,name_unique,8,"=""2524060""",2025
us_2024plus,938,Kristine M Christensen,A5052417986,fuzzy,,round4_maxpapers,9,"=""2500740""",2025
us_2024plus,939,Darya Aleinikava,A5088517422,exact,,name_unique,19,"=""2527550""",2025
us_2024plus,941,Vini Chaudhary,A5036141011,exact,,name_unique,6,"=""2525911""",2025
us_2024plus,944,Bingzhe Li,A5101323339,alias,,round3_semantic,1,"=""2440611""",2025
us_2024plus,948,Md Tahmidul Islam Molla,A5003217702,fuzzy,,round4_maxpapers,15,"=""2424952""",2025
us_2024plus,958,Mark O Riedl,A5108074094,fuzzy,I130701444,round3_semantic,5,"=""2540254""",2025
us_2024plus,967,John E Majoris,A5063714201,alias,,round4_maxpapers,1,"=""2610857""",2025
us_2024plus,968,Beth Frankel-Merenstein,A5081411342,alias,I154264771,round2_inst,14,"=""2526172""",2025
us_2024plus,971,Pamela K Kerrigan,A5084001296,fuzzy,I89580169,round2_inst,2,"=""2425114""",2025
us_2024plus,977,Morgan P Opie,A5062177187,fuzzy,,round3_semantic,19,"=""2601564""",2025
us_2024plus,987,Sadie S Elliott,A5112869231,fuzzy,,round4_maxpapers,2,"=""2540521""",2025
us_2024plus,989,Jessica M Hutchison,A5075245889,fuzzy,,round4_maxpapers,10,"=""2500052""",2025
us_2024plus,991,Ari Krakowski,A5052202191,exact,,name_unique,15,"=""2445525""",2025
us_2024plus,995,Pamela J Wisniewski,A5061993312,alias,,round4_maxpapers,1,"=""2550812""",2025
us_2024plus,997,Justin W Graham,A5084100653,fuzzy,I184654094,round2_inst,7,"=""2424813""",2025
us_2024plus,999,Jennifer Detlor,A5018464143,alias,I135310074,round2_inst,5,"=""2508574""",2025
us_2024plus,1000,Ander J Sundell,A5057897435,fuzzy,,round4_maxpapers,6,"=""2500435""",2025
us_2024plus,1008,Tamara M Floyd Smith,A5069579821,fuzzy,,round3_semantic,18,"=""2445738""",2025
us_2024plus,1013,Rana Khan,A5010555596,alias,,round3_semantic,16,"=""2526100""",2025
us_2024plus,1015,William C Pfalzgraff,A5044288787,fuzzy,,round3_semantic,16,"=""2532916""",2025
us_2024plus,1018,Alexis R Torres,A5052409584,fuzzy,,round4_maxpapers,15,"=""2445719""",2025
us_2024plus,1019,Kyalamboka Brown,A5062194845,alias,,round3_semantic,1,"=""2514298""",2025
us_2024plus,1021,Evan W Reynolds,A5035253532,fuzzy,,round3_semantic,7,"=""2534434""",2025
us_2024plus,1025,Chad Dorsey,A5031767292,exact,,name_unique,17,"=""2506658""",2025
us_2024plus,1026,Steven M McGee,A5103870097,exact,,name_unique,7,"=""2445718""",2025
us_2024plus,1030,Siobhán M Cully,A5113408003,fuzzy,,round3_semantic,1,"=""2533772""",2025
us_2024plus,1032,David H Bromwich,A5087053284,exact,,name_unique,1,"=""2409691""",2025
us_2024plus,1036,Kimberly C Mullane,A5070122377,alias,,round4_maxpapers,2,"=""2532562""",2025
us_2024plus,1044,Ross J Benbow,A5075584349,fuzzy,I135310074,round2_inst,18,"=""2500325""",2025
us_2024plus,1058,Samuel K Fleming,A5088993558,fuzzy,,round4_maxpapers,9,"=""2500615""",2025
us_2024plus,1060,Ignacio L Montoya,A5032807307,fuzzy,,round3_semantic,6,"=""2450773""",2025
us_2024plus,1065,Sarah Beetham,A5011753205,alias,I177721651,round2_inst,17,"=""2501895""",2025
us_2024plus,1067,Shiyi Chen,A5076725206,alias,I155093810,round3_semantic,13,"=""2441530""",2025
us_2024plus,1069,Derek Gingerich,A5045986761,alias,I124727415,round2_inst,20,"=""2531843""",2025
us_2024plus,1070,Willis B Jones,A5056631370,fuzzy,I11874761,round3_semantic,16,"=""2532295""",2025
us_2024plus,1073,Jorge J Rocca,A5067474334,alias,I92446798,round2_inst,1,"=""2447907""",2025
us_2024plus,1086,Jose Carrion Muniz,A5015635657,fuzzy,,round3_semantic,13,"=""2451675""",2025
us_2024plus,1094,Stacy L Yager,A5004463434,fuzzy,,round3_semantic,1,"=""2513981""",2025
us_2024plus,1095,Emily Camelio,A5114344923,fuzzy,I4210092198,round2_inst,1,"=""2532071""",2025
us_2024plus,1099,Blaire M Porter,A5048553544,fuzzy,,round3_semantic,17,"=""2507469""",2025
us_2024plus,1106,David Hickey,A5111455306,alias,I87216513,round3_semantic,14,"=""2442214""",2025
us_2024plus,1108,Daniel D Davidchik,A5007308381,fuzzy,,round3_semantic,1,"=""2500493""",2025
us_2024plus,1111,Willow M Reed,A5081728606,fuzzy,,round3_semantic,1,"=""2447549""",2025
us_2024plus,1114,Juan C Santos Garcia,A5023928269,alias,,round4_maxpapers,1,"=""2443460""",2025
us_2024plus,1141,Karina I Vielma,A5017908648,fuzzy,,round3_semantic,11,"=""2443235""",2025
us_2024plus,1142,Artemisia Spyrou,A5103739141,exact,,name_unique,2,"=""2514797""",2025
us_2024plus,1147,Jorge A Marchand,A5059494605,fuzzy,I201448701,round2_inst,15,"=""2440857""",2025
us_2024plus,1155,Raquel A Martinez,A5017185588,exact,,name_unique,3,"=""2525859""",2025
us_2024plus,1157,Donald J Siegel,A5026153077,alias,,round4_maxpapers,1,"=""2505299""",2025
us_2024plus,1160,Bihui Zhu,A5100810175,alias,,round3_semantic,6,"=""2443398""",2025
us_2024plus,1162,Eric Wade,A5059472039,alias,,round3_semantic,17,"=""2521747""",2025
us_2024plus,1172,Ngan Le,A5102698991,alias,,round3_semantic,6,"=""2443877""",2025
us_2024plus,1173,Ilker Yildirim,A5103134957,exact,I32971472,round3_semantic,19,"=""2441520""",2025
us_2024plus,1174,Ning Sui,A5103228293,exact,I137902535,round2_inst,17,"=""2526759""",2025
us_2024plus,1178,Sara Thoi,A5062005403,exact,,name_unique,1,"=""2532514""",2025
us_2024plus,1183,Mandi Schaeffer Fry,A5058739367,exact,,name_unique,3,"=""2439897""",2025
us_2024plus,1184,Ali Khabari,A5035148445,exact,,name_unique,12,"=""2440301""",2025
us_2024plus,1185,Benjamin Knudsen,A5081372010,exact,,name_unique,6,"=""2551600""",2025
us_2024plus,1186,Rebecca H Jackson,A5104684575,fuzzy,I121934306,round2_inst,1,"=""2520482""",2025
us_2024plus,1196,C A Figg,A5080259642,fuzzy,,round4_maxpapers,1,"=""2441958""",2025
us_2024plus,1197,Mary A Rogalski,A5014719938,fuzzy,I135474949,round2_inst,20,"=""2441707""",2025
us_2024plus,1201,Christopher Baechle,A5004639572,exact,,name_unique,12,"=""2449173""",2025
us_2024plus,1210,Alex Davies,A5024907657,alias,,round3_semantic,7,"=""2532092""",2025
us_2024plus,1211,Kyle E Murphy,A5059597593,fuzzy,,round3_semantic,13,"=""2532981""",2025
us_2024plus,1218,Sara C Massey,A5082881270,fuzzy,,round3_semantic,8,"=""2532618""",2025
us_2024plus,1219,Alan Legg,A5085046703,alias,,round4_maxpapers,18,"=""2533848""",2025
us_2024plus,1222,Onyekwere M Ogba,A5053250680,fuzzy,,round3_semantic,1,"=""2532469""",2025
us_2024plus,1223,Cassandra Joiner,A5033965684,alias,,round3_semantic,17,"=""2531169""",2025
us_2024plus,1225,Tom G Driver,A5017654256,alias,,round4_maxpapers,1,"=""2544888""",2025
us_2024plus,1237,Colleen Delaney,A5025459116,alias,,round3_semantic,18,"=""2530723""",2025
us_2024plus,1238,Jacqueline Clifford,A5088840657,exact,,name_unique,2,"=""2500977""",2025
us_2024plus,1241,Jacqueline A O'Connor,A5025952116,fuzzy,,round3_semantic,5,"=""2447200""",2025
us_2024plus,1245,Benjamin Morris,A5102748387,alias,,round3_semantic,9,"=""2507555""",2025
us_2024plus,1252,Jonathan Nicholas,A5013356472,alias,,round3_semantic,13,"=""2507527""",2025
us_2024plus,1257,Samuel D Punshon-Smith,A5078922502,fuzzy,I114832834,round2_inst,15,"=""2443774""",2025
us_2024plus,1273,Tyler M Stack,A5020538270,fuzzy,I196272386,round2_inst,13,"=""2532570""",2025
us_2024plus,1278,Hayley Schiebel,A5066272281,exact,,name_unique,19,"=""2533385""",2025
us_2024plus,1286,Yu Su,A5076040901,alias,,round3_semantic,13,"=""2443149""",2025
us_2024plus,1301,Vicki P Losick,A5011795990,fuzzy,I103531236,round2_inst,20,"=""2440762""",2025
us_2024plus,1302,Michael Ham,A5005763135,exact,I125467818,round2_inst,16,"=""2438580""",2025
us_2024plus,1311,Dessie L Clark,A5075882352,fuzzy,I135310074,round2_inst,13,"=""2520531""",2025
us_2024plus,1312,David L Hysell,A5113159356,fuzzy,I205783295,round2_inst,4,"=""2516142""",2025
us_2024plus,1313,Kiranmayi Mangalgiri,A5033740397,exact,,name_unique,14,"=""2521393""",2025
us_2024plus,1322,Kimberly J Coleman,A5054889406,fuzzy,,round3_semantic,4,"=""2447310""",2025
us_2024plus,1326,Miguel F Larsen,A5007414466,alias,,round4_maxpapers,2,"=""2516143""",2025
us_2024plus,1329,Dena J Haritos Tsamitis,A5010284909,fuzzy,I74973139,round2_inst,3,"=""2438885""",2025
us_2024plus,1332,Holly M Golecki,A5021150106,alias,,round3_semantic,1,"=""2541364""",2025
us_2024plus,1334,Hengameh Bagherian,A5108322337,alias,,round3_semantic,2,"=""2503442""",2025
us_2024plus,1338,Jonathan S Anjaria,A5019622579,fuzzy,I6902469,round2_inst,19,"=""2518951""",2025
us_2024plus,1349,Zufen Wang,A5040157910,alias,I75256744,round4_maxpapers,10,"=""2508754""",2025
us_2024plus,1363,Leora Yetnikoff,A5014892173,exact,,name_unique,17,"=""2440400""",2025
us_2024plus,1367,Youzhi Bao,A5021693984,exact,,round4_maxpapers,3,"=""2442984""",2025
us_2024plus,1373,Di Fang,A5071221629,alias,I170897317,round2_inst,18,"=""2438074""",2025
us_2024plus,1375,Eric L Buckles,A5009022430,fuzzy,I64880365,round2_inst,18,"=""2510208""",2025
us_2024plus,1378,Laureano Gherardi Arbizu,A5003686199,exact,,name_unique,1,"=""2443835""",2025
us_2024plus,1379,Lienne Sethna,A5034016317,alias,,round3_semantic,11,"=""2454065""",2025
us_2024plus,1383,Yuri A Omelchenko,A5001944917,alias,,round4_maxpapers,1,"=""2512084""",2025
us_2024plus,1389,Erin M Perchiniak,A5086696502,fuzzy,I126548940,round2_inst,13,"=""2509122""",2025
us_2024plus,1390,Joseph A Skrivanek,A5061441101,fuzzy,,round3_semantic,2,"=""2424874""",2025
us_2024plus,1391,Philip Engel,A5010452405,alias,,round3_semantic,14,"=""2441240""",2025
us_2024plus,1393,Matthew J Paul,A5078858848,alias,,round4_maxpapers,1,"=""2442923""",2025
us_2024plus,1399,Jason T Wright,A5014359103,alias,,round4_maxpapers,2,"=""2503728""",2025
us_2024plus,1401,Srikanthan Ramesh,A5055206579,alias,I115475287,round3_semantic,10,"=""2447871""",2025
us_2024plus,1406,Mary E Foltz,A5002949222,fuzzy,I115475287,round2_inst,10,"=""2440083""",2025
us_2024plus,1408,Rich Adams,A5037119211,alias,,round3_semantic,3,"=""2529693""",2025
us_2024plus,1409,Sergio Gago Masague,A5022346428,alias,I204250578,round3_semantic,20,"=""2447884""",2025
us_2024plus,1418,Felipe Andres Aburto Guerrero,A5001789554,fuzzy,,round3_semantic,3,"=""2442348""",2025
us_2024plus,1421,Christin N Bibby,A5073017252,fuzzy,I121820613,round2_inst,16,"=""2533479""",2025
us_2024plus,1427,Ping Zhong,A5009460929,alias,,round3_semantic,18,"=""2516950""",2025
us_2024plus,1430,Anthony Boccanfuso,A5069631223,alias,I4210113537,round2_inst,11,"=""2534143""",2025
us_2024plus,1434,Monireh Mahmoudi,A5101272918,exact,I87216513,round2_inst,1,"=""2510781""",2025
us_2024plus,1435,Daniel Tannenbaum,A5061677943,alias,I114395901,round2_inst,20,"=""2441204""",2025
us_2024plus,1439,Donna M Barron,A5111094832,fuzzy,I23472080,round3_semantic,1,"=""2500235""",2025
us_2024plus,1442,Harikesh S Wong,A5090452962,fuzzy,,round3_semantic,19,"=""2442857""",2025
us_2024plus,1454,Quentin L Biddy,A5012177993,alias,,round3_semantic,16,"=""2516404""",2025
us_2024plus,1457,Han Zhao,A5101868914,alias,,round3_semantic,2,"=""2442290""",2025
us_2024plus,1463,jeffrey hovermill,A5076629769,exact,,name_unique,10,"=""2436761""",2025
us_2024plus,1465,Kwangsung Oh,A5091738746,exact,,name_unique,19,"=""2443334""",2025
us_2024plus,1475,Benjamin R Hayes,A5019112014,exact,,name_unique,1,"=""2534501""",2025
us_2024plus,1476,Trevor J Jones,A5064161727,fuzzy,I74973139,round3_semantic,19,"=""2440591""",2025
us_2024plus,1477,Patricia M Gregg,A5087033193,alias,,round4_maxpapers,1,"=""2447822""",2025
us_2024plus,1478,Melanie R McReynolds,A5074060815,alias,,round4_maxpapers,2,"=""2441332""",2025
us_2024plus,1482,Cinnamon Hillyard,A5080796455,alias,I201448701,round2_inst,15,"=""2424180""",2025
us_2024plus,1500,Matthew E Pritchard,A5081214738,fuzzy,,round3_semantic,1,"=""2447821""",2025
us_2024plus,1508,Lauren Andrews,A5036971797,fuzzy,I24603500,round2_inst,13,"=""2521807""",2025
us_2024plus,1530,Oana M Martin,A5009077482,fuzzy,,round4_maxpapers,3,"=""2454138""",2025
us_2024plus,1533,Jacob Shiba,A5001536117,fuzzy,,round4_maxpapers,1,"=""2452374""",2025
us_2024plus,1538,Craig A Ogilvie,A5102348820,fuzzy,,round4_maxpapers,1,"=""2500168""",2025
us_2024plus,1540,Hersh J Chaitin,A5038344551,fuzzy,,round3_semantic,6,"=""2500654""",2025
us_2024plus,1544,Julie H Simpson,A5006177901,fuzzy,,round3_semantic,7,"=""2533771""",2025
us_2024plus,1548,Roger Casals Gutierrez,A5026017521,fuzzy,,round4_maxpapers,1,"=""2505760""",2025
us_2024plus,1556,Amanda K Rowe,A5066832623,fuzzy,,round3_semantic,15,"=""2506906""",2025
us_2024plus,1562,Marisa S Otegui,A5046990371,alias,,round4_maxpapers,5,"=""2530336""",2025
us_2024plus,1563,Yaxing Yao,A5057516581,alias,,round3_semantic,9,"=""2442221""",2025
us_2024plus,1567,Darcy K Ernst,A5052943020,fuzzy,,round3_semantic,9,"=""2525249""",2025
us_2024plus,1573,Elizabeth A Nagy,A5043260417,fuzzy,I109301148,round2_inst,20,"=""2515217""",2025
us_2024plus,1574,Emmanuelle A Marquis,A5005125065,alias,,round4_maxpapers,1,"=""2530740""",2025
us_2024plus,1575,Ashanti Edwards,A5084113576,exact,,name_unique,13,"=""2534470""",2025
us_2024plus,1576,Meng Lu,A5111264844,exact,I173911158,round3_semantic,12,"=""2423223""",2025
us_2024plus,1577,Johnathan H Broome,A5012228316,fuzzy,,round4_maxpapers,2,"=""2424885""",2025
us_2024plus,1585,Tingjun Chen,A5109416502,alias,I170897317,round3_semantic,20,"=""2443137""",2025
us_2024plus,1589,Pengfei Su,A5071320445,alias,I156087764,round2_inst,14,"=""2441754""",2025
us_2024plus,1591,Melanie R Fewings,A5087197928,alias,,round4_maxpapers,1,"=""2532547""",2025
us_2024plus,1593,Sandhya K Narayanan,A5077375068,fuzzy,,round3_semantic,6,"=""2443569""",2025
us_2024plus,1601,Shang Zhai,A5032503546,alias,,round3_semantic,18,"=""2442038""",2025
us_2024plus,1612,Carl L Arrington,A5042930784,fuzzy,,round4_maxpapers,3,"=""2500901""",2025
us_2024plus,1625,Lei Gu,A5003597021,alias,I79576946,round3_semantic,5,"=""2442316""",2025
us_2024plus,1630,Abhishek T Naik,A5062667821,fuzzy,,round3_semantic,5,"=""2508220""",2025
us_2024plus,1635,Mary E Whelan,A5094345894,alias,,round3_semantic,2,"=""2451834""",2025
us_2024plus,1651,Anthony Boccanfuso,A5069631223,alias,I4210113537,round2_inst,11,"=""2501504""",2025
us_2024plus,1660,Mohammad Ghashami,A5057691788,exact,,name_unique,19,"=""2534667""",2025
us_2024plus,1674,Lien-Yung Kao,A5090209558,exact,,name_unique,20,"=""2441413""",2025
us_2024plus,1675,Reed K Bay,A5012999867,alias,,round3_semantic,2,"=""2440119""",2025
us_2024plus,1683,Tracie Canada,A5062699020,exact,,name_unique,10,"=""2441321""",2025
us_2024plus,1684,Joaquín Moraga,A5093494915,exact,I161318765,round3_semantic,1,"=""2443425""",2025
us_2024plus,1689,Suzanne Boyd,A5001981257,alias,I43579087,round3_semantic,19,"=""2447752""",2025
us_2024plus,1697,Paul Langridge,A5078693849,alias,I25041050,round2_inst,15,"=""2442440""",2025
us_2024plus,1700,yincheng jin,A5064169296,alias,,round3_semantic,14,"=""2443745""",2025
us_2024plus,1714,Isaiah Abimbola,A5031961996,fuzzy,,round4_maxpapers,1,"=""2500465""",2025
us_2024plus,1718,Tristan S LEcuyer,A5030353580,fuzzy,,round4_maxpapers,2,"=""2527609""",2025
us_2024plus,1727,Marcos H de Moraes,A5091515572,fuzzy,,round3_semantic,14,"=""2443063""",2025
us_2024plus,1733,Philip N Brown,A5048349173,alias,,round4_maxpapers,4,"=""2440836""",2025
us_2024plus,1734,Ira Caspari-Gnann,A5003816470,exact,,name_unique,16,"=""2440934""",2025
us_2024plus,1735,Zong Liu,A5016215419,alias,,round3_semantic,3,"=""2443174""",2025
us_2024plus,1739,Kirin E Furst,A5113192819,exact,,name_unique,1,"=""2533054""",2025
us_2024plus,1747,Tong Shu,A5056821569,exact,I123534392,round3_semantic,8,"=""2443633""",2025
us_2024plus,1759,Joanna Davies,A5022103895,alias,,round3_semantic,2,"=""2503606""",2025
us_2024plus,1766,Pegah Mosharaf Ghahfarokhy,A5093975109,exact,,name_unique,1,"=""2526905""",2025
us_2024plus,1777,Thomas Yahl,A5044824446,exact,,name_unique,16,"=""2508868""",2025
us_2024plus,1782,Corey S O'Hern,A5110142326,exact,,name_unique,1,"=""2446939""",2025
us_2024plus,1786,Sarah M Brown,A5101448913,fuzzy,I17626003,round3_semantic,10,"=""2442566""",2025
us_2024plus,1794,Abigail Stylianou,A5018301000,exact,,name_unique,1,"=""2530030""",2025
us_2024plus,1814,Abigail Stylianou,A5018301000,exact,,name_unique,1,"=""2441774""",2025
us_2024plus,1821,Daljit Singh Dhillon,A5013304349,alias,I8078737,round2_inst,18,"=""2442797""",2025
us_2024plus,1823,Francis J Panetta,A5019326663,fuzzy,,round3_semantic,1,"=""2443973""",2025
us_2024plus,1835,Vernon K Dunn,A5027772108,fuzzy,,round4_maxpapers,1,"=""2515045""",2025
us_2024plus,1837,Krishnakumar Garikipati,A5091031326,exact,,name_unique,4,"=""2512845""",2025
us_2024plus,1850,Yuan Gao,A5028219233,alias,,round3_semantic,12,"=""2440651""",2025
us_2024plus,1851,Stacey D Smith,A5029361917,alias,,round4_maxpapers,1,"=""2449573""",2025
us_2024plus,1858,Omer A Ali,A5087156936,alias,,round3_semantic,9,"=""2447083""",2025
us_2024plus,1862,Joseph M Jez,A5088803064,alias,,round3_semantic,3,"=""2445014""",2025
us_2024plus,1863,Luis E Zambrano-Cruzatty,A5063727700,fuzzy,I7947594,round3_semantic,10,"=""2443020""",2025
us_2024plus,1874,Ravi Karkar,A5003260642,alias,I24603500,round2_inst,20,"=""2441333""",2025
us_2024plus,1876,Laurel E Hind,A5071022007,fuzzy,,round3_semantic,20,"=""2439168""",2025
us_2024plus,1878,Mark R Sweeney,A5080598676,alias,,round4_maxpapers,1,"=""2446432""",2025
us_2024plus,1887,Bridget E Hegarty,A5002092433,alias,I58956616,round2_inst,20,"=""2442755""",2025
us_2024plus,1891,Liela Romero,A5041597524,alias,I157394403,round2_inst,9,"=""2440697""",2025
us_2024plus,1893,Aarushi Bhandari,A5019611547,exact,,name_unique,10,"=""2441728""",2025
us_2024plus,1902,Margarita Kaplow,A5031420354,exact,,name_unique,8,"=""2447707""",2025
us_2024plus,1904,Aaron J Sholders,A5030068936,fuzzy,I92446798,round3_semantic,1,"=""2444765""",2025
us_2024plus,1909,Michael B Larsen,A5027283606,fuzzy,I52669646,round2_inst,20,"=""2441985""",2025
us_2024plus,1910,Rebecca Sanft,A5027923761,exact,,name_unique,9,"=""2424507""",2025
us_2024plus,1924,Gabrielle D Pina,A5037263240,fuzzy,,round4_maxpapers,1,"=""2521557""",2025
us_2024plus,1928,Timothy R Riley,A5114633379,fuzzy,,round3_semantic,1,"=""2452070""",2025
us_2024plus,1931,Eliza I Clark,A5088169966,fuzzy,,round3_semantic,17,"=""2410539""",2025
us_2024plus,1942,Kelly Krieble,A5001175538,exact,,name_unique,10,"=""2424459""",2025
us_2024plus,1946,Caglar Uyanik,A5067348748,exact,I135310074,round2_inst,19,"=""2439076""",2025
us_2024plus,1965,William T Taylor,A5073546934,exact,,name_unique,1,"=""2438455""",2025
us_2024plus,1969,MONICA NESBITT,A5031320421,exact,I592451,round2_inst,16,"=""2441821""",2025
us_2024plus,1975,Philip Shushkov,A5103243410,alias,,round3_semantic,8,"=""2440938""",2025
us_2024plus,1976,Jacqueline E Dixon,A5056933367,fuzzy,,round4_maxpapers,5,"=""2401489""",2025
us_2024plus,1985,Adam B Birchfield,A5036151228,alias,,round3_semantic,7,"=""2442131""",2025
us_2024plus,1986,Can Li,A5100334056,alias,,round3_semantic,8,"=""2441184""",2025
us_2024plus,1999,Victoria D Wilder,A5090538920,fuzzy,,round4_maxpapers,1,"=""2442486""",2025
us_2024plus,2010,Fanxin Kong,A5108999536,exact,I107639228,round3_semantic,14,"=""2442914""",2025
us_2024plus,2021,Xiaoyu Tang,A5006695759,alias,,round3_semantic,11,"=""2443423""",2025
us_2024plus,2033,Christopher DelRe,A5033930647,exact,,name_unique,19,"=""2441824""",2025
us_2024plus,2035,Ashley A Weaver,A5057140665,alias,,round4_maxpapers,1,"=""2446787""",2025
us_2024plus,2049,Filippo Calderoni,A5083772693,exact,,name_unique,19,"=""2508533""",2025
us_2024plus,2050,Kevin P Moran,A5108820532,fuzzy,,round3_semantic,5,"=""2441355""",2025
us_2024plus,2053,Sarah C Jones,A5019810790,exact,,round4_maxpapers,1,"=""2447421""",2025
us_2024plus,2059,Joanna Maria N San Pedro,A5044808931,fuzzy,,round4_maxpapers,5,"=""2447571""",2025
us_2024plus,2060,Ryan B Comes,A5074020104,alias,,round4_maxpapers,2,"=""2527684""",2025
us_2024plus,2073,Rebecca B Simmons,A5046993436,fuzzy,,round3_semantic,14,"=""2424922""",2025
us_2024plus,2076,Mehdi Khazaeli,A5091684348,exact,I119942576,round2_inst,11,"=""2424926""",2025
us_2024plus,2085,Roger H Varney,A5064007159,alias,,round4_maxpapers,1,"=""2442522""",2025
us_2024plus,2092,John V O'Loughlin,A5032287069,fuzzy,,round3_semantic,3,"=""2501270""",2025
us_2024plus,2098,Nikole K Lewis,A5079558896,fuzzy,I205783295,round3_semantic,7,"=""2513289""",2025
us_2024plus,2103,Ana S Balibanu,A5054327950,fuzzy,,round3_semantic,16,"=""2453867""",2025
us_2024plus,2107,Young Rae Choi,A5046227627,alias,I19700959,round2_inst,18,"=""2452263""",2025
us_2024plus,2110,Rebecca H Jackson,A5104684575,fuzzy,I121934306,round2_inst,1,"=""2534637""",2025
us_2024plus,2116,Alaine C Hippee,A5011843685,fuzzy,,round3_semantic,11,"=""2410200""",2025
us_2024plus,2118,Jennifer Spohrer,A5051485933,exact,,name_unique,20,"=""2503169""",2025
us_2024plus,2120,Amy Y Xu,A5018380045,fuzzy,I121820613,round2_inst,20,"=""2441822""",2025
us_2024plus,2127,Amber J Avery,A5057078830,fuzzy,,round3_semantic,1,"=""2507751""",2025
us_2024plus,2129,Lina Quan,A5033964677,alias,I859038795,round2_inst,11,"=""2440516""",2025
us_2024plus,2130,Karri F DiPetrillo,A5011573057,fuzzy,,round4_maxpapers,2,"=""2443370""",2025
us_2024plus,2140,Timothy M Conway,A5102398286,fuzzy,,round3_semantic,1,"=""2446523""",2025
us_2024plus,2142,Catherine Bergman,A5011059353,exact,,name_unique,3,"=""2503245""",2025
us_2024plus,2168,Andrew R Thurber,A5040801727,alias,,round4_maxpapers,1,"=""2535603""",2025
us_2024plus,2182,Pius K Suh,A5032988582,fuzzy,I174612323,round2_inst,9,"=""2501256""",2025
us_2024plus,2183,Hao Zheng,A5091132511,alias,,round3_semantic,8,"=""2441973""",2025
us_2024plus,2186,Joshua Modell,A5024206759,fuzzy,I145311948,round2_inst,20,"=""2440535""",2025
us_2024plus,2189,Demyan E Prokopchuk,A5068273549,alias,,round4_maxpapers,1,"=""2442904""",2025
us_2024plus,2192,Kristopher L Schmidt,A5113720592,fuzzy,I201426678,round2_inst,11,"=""2424309""",2025
us_2024plus,2197,Geraldine L Cochran,A5006627094,alias,,round4_maxpapers,1,"=""2447734""",2025
us_2024plus,2203,Tamara S Lehman,A5020218455,fuzzy,,round3_semantic,16,"=""2443138""",2025
us_2024plus,2207,Qing Zhao,A5102705262,alias,I12912129,round2_inst,16,"=""2440175""",2025
us_2024plus,2216,Kerry L Breno,A5067018479,fuzzy,I168046917,round2_inst,11,"=""2424867""",2025
us_2024plus,2218,Caitlin J Light,A5086092493,fuzzy,,round3_semantic,14,"=""2349311""",2025
us_2024plus,2221,Yun-Sheng Chen,A5091754116,alias,,round3_semantic,5,"=""2442459""",2025
us_2024plus,2226,Sunita R Shah Walter,A5111090797,fuzzy,,round3_semantic,1,"=""2443070""",2025
us_2024plus,2233,Sara Gremillion,A5027743119,exact,,name_unique,15,"=""2424868""",2025
us_2024plus,2238,Alissa R Armstrong,A5067668610,fuzzy,,round3_semantic,18,"=""2443239""",2025
us_2024plus,2239,Yevgeniy Shakirov,A5041292871,alias,I88694374,round2_inst,2,"=""2438829""",2025
us_2024plus,2241,Maria E Labreveux,A5001922989,fuzzy,,round4_maxpapers,9,"=""2438201""",2025
us_2024plus,2245,Javen S Weston,A5041327928,fuzzy,I87208437,round2_inst,18,"=""2422507""",2025
us_2024plus,2252,Manuella O Yassa,A5092093473,fuzzy,I204250578,round2_inst,1,"=""2349460""",2025
us_2024plus,2256,Zheng Dong,A5104100619,exact,I185443292,round3_semantic,4,"=""2441179""",2025
us_2024plus,2261,Xukai Yan,A5052047018,exact,,name_unique,19,"=""2441137""",2025
us_2024plus,2267,Md Ariful Azad,A5002266873,fuzzy,,round3_semantic,19,"=""2528805""",2025
us_2024plus,2276,Siobhán M Cully,A5113408003,fuzzy,,round3_semantic,1,"=""2533375""",2025
us_2024plus,2279,India Jackson,A5009288199,alias,,round4_maxpapers,9,"=""2444918""",2025
us_2024plus,2286,Lindsey M Knapp,A5003873908,fuzzy,,round4_maxpapers,5,"=""2424331""",2025
us_2024plus,2292,Darlene Olsen,A5030847021,exact,,name_unique,11,"=""2424586""",2025
us_2024plus,2301,Rebecca H Jackson,A5104684575,fuzzy,I121934306,round2_inst,1,"=""2528827""",2025
us_2024plus,2303,Noveera T Ahmed,A5075356118,fuzzy,I910567637,round2_inst,6,"=""2424583""",2025
us_2024plus,2308,Nicholas A Vecchiarello,A5059226173,fuzzy,,round3_semantic,9,"=""2440912""",2025
us_2024plus,2310,Chang Lou,A5077905322,alias,,round3_semantic,2,"=""2441284""",2025
us_2024plus,2333,Jeffrey T Freymueller,A5072688223,alias,,round4_maxpapers,2,"=""2514682""",2025
us_2024plus,2334,Camille Hankel,A5069534486,exact,,name_unique,11,"=""2414916""",2025
us_2024plus,2335,Kristi L McQuade,A5000972250,fuzzy,I24648388,round2_inst,13,"=""2423921""",2025
us_2024plus,2339,James J McCarty,A5102966712,fuzzy,I52669646,round3_semantic,19,"=""2441210""",2025
us_2024plus,2347,Mayra S Artiles Fonseca,A5113867780,fuzzy,,round4_maxpapers,2,"=""2448349""",2025
us_2024plus,2355,Karthik C Srikanta,A5092515540,fuzzy,,round4_maxpapers,1,"=""2443697""",2025
us_2024plus,2358,Joanna York,A5015133609,alias,I86501945,round2_inst,15,"=""2447647""",2025
us_2024plus,2360,Joe Omojola,A5018790195,exact,,name_unique,4,"=""2444969""",2025
us_2024plus,2361,Kerry A Brenner,A5061102413,exact,,name_unique,2,"=""2439233""",2025
us_2024plus,2369,Clyde R Varner,A5099381617,fuzzy,I176692203,round2_inst,6,"=""2429178""",2025
us_2024plus,2379,Christopher P Anderson,A5109697922,fuzzy,,round3_semantic,3,"=""2442352""",2025
us_2024plus,2387,Cheng Wang,A5039113028,alias,I173911158,round3_semantic,2,"=""2441290""",2025
us_2024plus,2389,Laura Escobar Vega,A5064615742,alias,,round3_semantic,2,"=""2521270""",2025
us_2024plus,2390,Tanzima Z Islam,A5051863378,alias,,round4_maxpapers,1,"=""2443561""",2025
us_2024plus,2391,Ian E McDowell,A5071992759,fuzzy,,round3_semantic,14,"=""2419987""",2025
us_2024plus,2393,Bhaskar Ray Chaudhury,A5101472737,alias,,round3_semantic,15,"=""2441580""",2025
us_2024plus,2399,Carolyn M Jones,A5110053891,exact,,name_unique,1,"=""2424492""",2025
us_2024plus,2401,Benjamin Sanchez Terrones,A5020294541,alias,,round3_semantic,6,"=""2534572""",2025
us_2024plus,2414,Kyle C Hale,A5040162769,alias,,round4_maxpapers,1,"=""2533773""",2025
us_2024plus,2424,Yusong Bai,A5101924113,alias,,round3_semantic,19,"=""2429391""",2025
us_2024plus,2426,Cesar E Valladares,A5021901842,fuzzy,,round4_maxpapers,4,"=""2431591""",2025
us_2024plus,2432,Suzanne Autrey,A5114442075,alias,,round3_semantic,1,"=""2422775""",2025
us_2024plus,2440,Rickey L Silvey,A5033289984,fuzzy,,round4_maxpapers,1,"=""2424324""",2025
us_2024plus,2442,Ariful I Bhuiyan,A5089012734,fuzzy,I52913039,round2_inst,13,"=""2434162""",2025
us_2024plus,2444,Lauren N Girouard-Hallam,A5086610099,fuzzy,,round3_semantic,9,"=""2404635""",2025
us_2024plus,2447,Pengfei Song,A5086543428,exact,I170897317,round2_inst,8,"=""2523603""",2025
us_2024plus,2448,Jason D Smith,A5002806249,fuzzy,,round3_semantic,13,"=""2404659""",2025
us_2024plus,2453,Hamidreza Aghasi,A5040945735,exact,I204250578,round3_semantic,15,"=""2443820""",2025
us_2024plus,2457,Shaghayegh Bagheri,A5070948703,alias,I162714631,round2_inst,20,"=""2407408""",2025
us_2024plus,2473,Joselina Cheng,A5028022528,exact,,name_unique,4,"=""2434674""",2025
us_2024plus,2478,Gregory S Mountain,A5019035661,alias,,round4_maxpapers,1,"=""2438116""",2025
us_2024plus,2487,Hsin-Chih Yeh,A5018857971,alias,,round3_semantic,11,"=""2432379""",2025
us_2024plus,2490,Roger B Tipton,A5040529379,fuzzy,,round4_maxpapers,8,"=""2444939""",2025
us_2024plus,2492,Georgia L Mansell,A5102387951,fuzzy,,round4_maxpapers,1,"=""2441465""",2024
us_2024plus,2493,Kirin E Furst,A5113192819,exact,,name_unique,1,"=""2532290""",2024
us_2024plus,2494,Camelia M Kantor,A5053612289,fuzzy,,round4_maxpapers,15,"=""2419948""",2024
us_2024plus,2498,Mikhail V Matz,A5074487326,alias,,round4_maxpapers,1,"=""2433977""",2024
us_2024plus,2502,Nicholas V Kessler,A5056033076,fuzzy,I138006243,round2_inst,20,"=""2410559""",2024
us_2024plus,2510,Raymond Sukhdeo,A5060793375,exact,,name_unique,7,"=""2428698""",2024
us_2024plus,2517,Jie Cai,A5113121214,alias,,round3_semantic,19,"=""2512855""",2024
us_2024plus,2522,David A Nichols,A5085133141,alias,,round4_maxpapers,4,"=""2439893""",2024
us_2024plus,2526,Cecilia Huertas Cerdeira,A5073832416,exact,,name_unique,16,"=""2443309""",2024
us_2024plus,2535,Endawoke Yizengaw,A5015381501,alias,,round4_maxpapers,2,"=""2430006""",2024
us_2024plus,2536,Cesar E Valladares,A5021901842,fuzzy,,round4_maxpapers,4,"=""2430007""",2024
us_2024plus,2546,Anna S Grinath,A5006165439,fuzzy,I106969075,round2_inst,17,"=""2339226""",2024
us_2024plus,2551,Flavia Dias de Souza Moraes,A5112396695,exact,,name_unique,4,"=""2348995""",2024
us_2024plus,2552,Xiaoli Yang,A5014194501,alias,,round3_semantic,5,"=""2516721""",2024
us_2024plus,2557,Philip J Erickson,A5003096673,alias,,round4_maxpapers,1,"=""2431719""",2024
us_2024plus,2564,Ali A Ansari,A5109463417,fuzzy,I11786554,round3_semantic,11,"=""2406111""",2024
us_2024plus,2568,Noel Hennessey,A5067749061,exact,,name_unique,6,"=""2417314""",2024
us_2024plus,2571,John W Meriwether,A5038494358,fuzzy,I118118575,round2_inst,6,"=""2431687""",2024
us_2024plus,2579,Matthew D Zettergren,A5061760517,alias,,round4_maxpapers,1,"=""2431689""",2024
us_2024plus,2587,Jian Li,A5101504773,alias,,round3_semantic,5,"=""2337914""",2024
us_2024plus,2591,Sarah A Wilson,A5101938338,fuzzy,I143302722,round3_semantic,10,"=""2424673""",2024
us_2024plus,2593,Suzanne T Ortega,A5075768262,fuzzy,,round3_semantic,1,"=""2429880""",2024
us_2024plus,2601,Robert P Kirshner,A5107837633,fuzzy,,round3_semantic,2,"=""2437863""",2024
us_2024plus,2626,Eframir Franco-Diaz,A5106639098,alias,I4210138427,round2_inst,4,"=""2431743""",2024
us_2024plus,2629,Raj K Vinnakota,A5016725310,fuzzy,I149292303,round2_inst,15,"=""2417383""",2024
us_2024plus,2631,Monica Pfarr,A5025488063,alias,,round3_semantic,2,"=""2436592""",2024
us_2024plus,2635,Na Zou,A5113068088,alias,I44461941,round3_semantic,4,"=""2450671""",2024
us_2024plus,2640,Krista P Kamer,A5072689571,fuzzy,,round3_semantic,16,"=""2424692""",2024
us_2024plus,2641,Stephanie Laughton,A5063129267,exact,,name_unique,18,"=""2424780""",2024
us_2024plus,2644,Melissa C Smith,A5042700995,fuzzy,I8078737,round3_semantic,16,"=""2444574""",2024
us_2024plus,2646,Alden C Adolph,A5047623830,alias,,round4_maxpapers,1,"=""2525532""",2024
us_2024plus,2675,Yi Zhou,A5101704069,alias,,round3_semantic,20,"=""2446527""",2024
us_2024plus,2676,Julia W Hsu,A5022584247,fuzzy,,round3_semantic,5,"=""2425032""",2024
us_2024plus,2677,Matthew D Schau,A5000175507,fuzzy,,round4_maxpapers,3,"=""2421056""",2024
us_2024plus,2680,Joanna G Schiffman,A5065238618,fuzzy,,round3_semantic,6,"=""2429605""",2024
us_2024plus,2683,Sara L Johnson,A5046983186,fuzzy,I12970578,round2_inst,12,"=""2426452""",2024
us_2024plus,2687,Kitrina Carlson,A5032534098,exact,,name_unique,5,"=""2424485""",2024
us_2024plus,2689,Andrew K Lawton,A5023287055,alias,,round4_maxpapers,1,"=""2531299""",2024
us_2024plus,2700,Kimberly X Mulligan,A5025422656,fuzzy,I82497590,round2_inst,19,"=""2424936""",2024
us_2024plus,2702,Truong X Nghiem,A5080459102,alias,,round4_maxpapers,2,"=""2514584""",2024
us_2024plus,2710,Christian W Pester,A5074747161,alias,,round4_maxpapers,3,"=""2528801""",2024
us_2024plus,2713,Xinfang Jin,A5103249931,alias,,round3_semantic,11,"=""2451552""",2024
us_2024plus,2720,Wendy F Todd,A5035265595,fuzzy,,round3_semantic,6,"=""2538642""",2024
us_2024plus,2722,Melissa Karlin,A5020849027,exact,,name_unique,17,"=""2434883""",2024
us_2024plus,2725,Sha Cao,A5024422937,alias,,round3_semantic,9,"=""2514834""",2024
us_2024plus,2726,Parvaneh Mohammadian,A5002517421,exact,,name_unique,17,"=""2433665""",2024
us_2024plus,2727,Angela Hodgson,A5074713513,alias,,round3_semantic,3,"=""2426450""",2024
us_2024plus,2729,Erica V Harris,A5083045324,fuzzy,I64506506,round2_inst,5,"=""2305040""",2024
us_2024plus,2735,Sunghee Lee,A5042328838,alias,,round3_semantic,3,"=""2417365""",2024
us_2024plus,2737,Suman K Chowdhury,A5070519047,fuzzy,,round3_semantic,13,"=""2517026""",2024
us_2024plus,2755,E Dale Broder,A5063191268,exact,,name_unique,2,"=""2429658""",2024
us_2024plus,2757,Rebekah H Klingler,A5080869225,fuzzy,,round3_semantic,17,"=""2424656""",2024
us_2024plus,2759,Cristian H Danna,A5051994970,fuzzy,,round3_semantic,20,"=""2535583""",2024
us_2024plus,2760,Lisa Dierker,A5109412692,alias,I100538780,round3_semantic,1,"=""2416471""",2024
us_2024plus,2761,Meghan K Yap-Chiongco,A5027635646,fuzzy,,round3_semantic,11,"=""2410242""",2024
us_2024plus,2770,Rui Zhang,A5101944273,alias,,round3_semantic,8,"=""2338418""",2024
us_2024plus,2771,Ronda K Bibbs,A5053639947,fuzzy,,round3_semantic,1,"=""2300429""",2024
us_2024plus,2774,Elica M Moss,A5064526250,fuzzy,I176692203,round2_inst,8,"=""2418358""",2024
us_2024plus,2775,Harry E Schoeller,A5110201392,fuzzy,I7079364,round2_inst,20,"=""2400482""",2024
us_2024plus,2777,Michaela Socolof,A5059969610,exact,,name_unique,5,"=""2404542""",2024
us_2024plus,2779,Falcon Rankins,A5106356465,alias,,round3_semantic,1,"=""2326680""",2024
us_2024plus,2781,Kimberley R Sudler,A5009240695,fuzzy,,round4_maxpapers,1,"=""2430207""",2024
us_2024plus,2782,Yalan Ning,A5114164532,alias,,round4_maxpapers,19,"=""2430209""",2024
us_2024plus,2785,Austin A German,A5047825613,fuzzy,,round3_semantic,7,"=""2404654""",2024
us_2024plus,2799,Mohammed T Albahttiti,A5057643548,fuzzy,I36053171,round2_inst,12,"=""2433215""",2024
us_2024plus,2801,Michelle Salzano,A5055641094,exact,,name_unique,4,"=""2432887""",2024
us_2024plus,2802,Jennifer S Tront,A5000816029,fuzzy,,round4_maxpapers,18,"=""2412892""",2024
us_2024plus,2805,Alison F Banwell,A5011797189,alias,,round4_maxpapers,1,"=""2332480""",2024
us_2024plus,2812,Sunita Chandrasekaran,A5085717278,exact,I86501945,round3_semantic,15,"=""2417814""",2024
us_2024plus,2820,Agnieszka Miguel,A5014119333,exact,I58610484,round3_semantic,4,"=""2408861""",2024
us_2024plus,2821,Anthony C Readhead,A5104489199,fuzzy,,round4_maxpapers,1,"=""2407603""",2024
us_2024plus,2823,Rachel Hodge,A5103053598,alias,,round3_semantic,10,"=""2409884""",2024
us_2024plus,2825,Anirudh Sivaraman Kaushalram,A5073988134,exact,,name_unique,5,"=""2340748""",2024
us_2024plus,2834,Vishnu Rajendra Kumar,A5113179766,alias,,round3_semantic,1,"=""2408815""",2024
us_2024plus,2842,Kelly M Costner,A5048870311,fuzzy,,round3_semantic,6,"=""2345156""",2024
us_2024plus,2844,Yan Li,A5042967962,alias,,round3_semantic,10,"=""2417773""",2024
us_2024plus,2848,Aron Kamajaya,A5092419141,alias,I65453921,round2_inst,1,"=""2400820""",2024
us_2024plus,2853,Mahsa Dabaghmeshin,A5047147232,exact,,name_unique,1,"=""2340149""",2024
us_2024plus,2855,Sara Rivara,A5008608896,fuzzy,,round4_maxpapers,2,"=""2400610""",2024
us_2024plus,2858,Jyrko Correa-Morris,A5043809142,exact,,name_unique,14,"=""2412543""",2024
us_2024plus,2860,Ying Wang,A5011898546,exact,I135310074,round3_semantic,4,"=""2339093""",2024
us_2024plus,2862,David Benson,A5047278457,alias,,round3_semantic,4,"=""2413263""",2024
us_2024plus,2867,Matthew C O'Reilly,A5005515045,fuzzy,,round4_maxpapers,3,"=""2337906""",2024
us_2024plus,2886,Leslie A Nickerson,A5091588112,fuzzy,,round3_semantic,18,"=""2418851""",2024
us_2024plus,2892,Alison E Murray,A5027117034,alias,,round4_maxpapers,2,"=""2142912""",2024
us_2024plus,2896,Anita Balaraman,A5060607347,exact,,name_unique,3,"=""2422894""",2024
us_2024plus,2902,Shi J Sim,A5032792064,fuzzy,I130701444,round2_inst,20,"=""2420822""",2024
us_2024plus,2906,Duy Ngo,A5103024092,alias,I141649380,round3_semantic,8,"=""2418816""",2024
us_2024plus,2908,Travis J Hagey,A5010545040,fuzzy,I31807967,round2_inst,19,"=""2338666""",2024
us_2024plus,2914,Weitian Wang,A5031750708,exact,I166088655,round3_semantic,3,"=""2338767""",2024
us_2024plus,2915,Lahiru N Jayakody,A5033368105,exact,,name_unique,1,"=""2339617""",2024
us_2024plus,2918,Yevgeniy Melguy,A5044555416,alias,,round3_semantic,5,"=""2303087""",2024
us_2024plus,2922,Meagan E Hinze,A5032271698,fuzzy,,round3_semantic,13,"=""2338718""",2024
us_2024plus,2935,Solomon L Russell,A5059460476,fuzzy,I201437548,round2_inst,3,"=""2413391""",2024
us_2024plus,2939,Claire A Bergey,A5013455704,fuzzy,,round3_semantic,13,"=""2404676""",2024
us_2024plus,2940,Winifred M Johnson,A5026109001,fuzzy,,round3_semantic,19,"=""2421363""",2024
us_2024plus,2946,Michael A Puthawala,A5014329642,fuzzy,,round3_semantic,11,"=""2418909""",2024
us_2024plus,2967,Sofia Carrera,A5045436979,alias,,round3_semantic,6,"=""2404774""",2024
us_2024plus,2972,Robert Ogburn,A5010920581,fuzzy,,round4_maxpapers,2,"=""2433216""",2024
us_2024plus,2984,Dawei Zhou,A5049799014,exact,I859038795,round3_semantic,9,"=""2339989""",2024
us_2024plus,2988,Sophie Nowicki,A5103892640,alias,,round3_semantic,16,"=""2349189""",2024
