rid,us_name,authorid,match_type,host_id
2863,Chi-Wang Shu,A5047035333,exact,I27804330
2914,Weitian Wang,A5101767054,alias,I166088655
1284,Kemp Plumb,A5068419075,alias,I27804330
1068,Daniel Ducat,A5007719112,alias,I87216513
767,Jia Liu,A5090031793,alias,I33213144
1655,Ping Yang,A5039935543,exact,I91045830
1980,Eric J Tervo,A5014598762,fuzzy,I135310074
1447,Ellen O Martinson,A5036333251,fuzzy,I169521973
572,Helen H Hu,A5013182224,fuzzy,I156220630
2814,Nepomuk Otte,A5078669119,alias,I130701444
1472,Augustin Chaintreau,A5026913706,exact,I78577930
2760,Lisa Dierker,A5071256948,alias,I100538780
1261,Nicholas P McKay,A5013707453,fuzzy,I203172682
1,John M Logsdon,A5039243664,fuzzy,I126307644
2266,Wah Chiu,A5049689333,alias,I97018004
2997,Paulette Clancy,A5030863265,alias,I145311948
1866,Douglas P Hardin,A5066655505,fuzzy,I200719446
861,John H Costello,A5077237996,fuzzy,I196272386
633,Lauren S Mullineaux,A5006023932,fuzzy,I66958751
634,Jason B Sylvan,A5014777100,fuzzy,I91045830
1428,Roxanne S Beltran,A5075982283,fuzzy,I185103710
2518,Paul A Hohenlohe,A5079923400,fuzzy,I155093810
1488,Clark Barrett,A5026961968,alias,I97018004
1841,Francis-Yan Cyr-Racine,A5064297957,exact,I169521973
1619,Cristian-Ioan Vasile,A5086654963,exact,I186143895
442,Amay J Bandodkar,A5087908774,fuzzy,I137902535
1048,Jonathan Blazek,A5073278093,alias,I12912129
2057,Elif E Miskioglu,A5083036188,fuzzy,I131221577
1395,Michael K Brown,A5019359008,fuzzy,I82497590
724,Alexander K Fremier,A5088098542,fuzzy,I72951846
296,Thomas D Gilmore,A5042073445,fuzzy,I111088046
2907,Jie Ding,A5100697343,exact,I130238516
1758,Karen Leung,A5007340626,alias,I201448701
2435,Ming Yang,A5048213108,alias,I8078737
1480,Jonathan K Pokorski,A5055997846,fuzzy,I36258959
830,Sangeetha Abdu Jyothi,A5058967466,alias,I204250578
2477,Xin Zhang,A5100327582,alias,I111088046
647,Igor Cialenco,A5061567868,exact,I180949307
357,Yang Lin,A5011073470,alias,I17626003
1626,Chuang Gan,A5040877128,exact,I24603500
152,Wentao Tang,A5101909402,exact,I137902535
956,Jason O Hallstrom,A5029268835,fuzzy,I63772739
2651,Jennifer H Doherty,A5023434051,fuzzy,I87216513
1622,Diana Dragomir,A5031964650,alias,I169521973
1012,Jennifer C Hom,A5090832694,fuzzy,I130701444
31,Patrick J Walsh,A5071091437,fuzzy,I79576946
771,Joel Atallah,A5086244426,exact,I192396691
1555,Sarah Kurtz,A5065574271,exact,I156087764
2138,Damar L Lopez-Arredondo,A5030247589,fuzzy,I12315562
15,Qianyun Zhang,A5052563154,alias,I10052268
1551,Yuanyuan Shi,A5055691206,alias,I36258959
1173,Ilker Yildirim,A5103134957,alias,I32971472
359,William T Pockman,A5070975541,fuzzy,I169521973
2751,Chengcheng Huang,A5039355930,exact,I170201317
1901,Baobao Zhang,A5031187446,alias,I70983195
2295,John F Wheeler,A5102804006,fuzzy,I86115722
1819,Na Du,A5027093356,exact,I170201317
1386,Jenna Finch,A5049589105,alias,I114395901
1639,Chirag Gupta,A5101612909,alias,I135310074
29,Danica M Ommen,A5002822388,fuzzy,I173911158
2884,Cassandra J McCall,A5044604741,fuzzy,I121980950
1246,Shuna Ni,A5040240885,alias,I66946132
1112,Winnie Chu,A5060538862,exact,I130701444
182,John J Blazeck,A5028913983,fuzzy,I130701444
2767,John T Solomon,A5103641379,fuzzy,I6026837
2812,Sunita Chandrasekaran,A5009614578,exact,I86501945
655,Yan Li,A5100380431,exact,I107672454
2392,Anne G Short Gianotti,A5017076546,fuzzy,I111088046
2477,Xin Zhang,A5100327478,exact,I111088046
2979,Qian Zhang,A5100401578,exact,I103163165
2258,Juan Pablo Canales,A5050859458,alias,I66958751
999,Jennifer Detlor,A5018464143,alias,I135310074
2357,Kira Goldner,A5072753842,exact,I111088046
2121,Sarah Dean,A5029554720,alias,I205783295
407,Maria S Santisteban,A5028347594,fuzzy,I3970613
225,Nghia Hoang,A5102929916,alias,I72951846
2935,Solomon L Russell,A5059460476,fuzzy,I201437548
2820,Agnieszka Miguel,A5075867361,alias,I58610484
1504,Mei Yang,A5101560281,alias,I133999245
240,Wesley R Legant,A5085508441,fuzzy,I114027177
469,Aline Eid,A5025955516,alias,I27837315
102,Shijie Cao,A5015998327,exact,I201448701
2293,Xiaolong Geng,A5083007002,exact,I1331384533
954,Cong Ma,A5074490643,exact,I40347166
420,Daniel T Grier,A5074338298,fuzzy,I36258959
1614,Xu Wang,A5068653834,alias,I27837315
298,Qiuming Yao,A5103020638,alias,I114395901
657,christine verhille,A5020549954,alias,I23732399
66,Mattias V Fitzpatrick,A5068743203,fuzzy,I107672454
95,Giulia Guidi,A5034932123,alias,I205783295
1097,Shan Li,A5100324691,exact,I186143895
2185,Ramya Kumar,A5078716221,alias,I167576493
788,Paige Evans,A5054685136,alias,I44461941
1720,Lei Zhou,A5100712548,alias,I135310074
2032,Alexandra F Paterson,A5005979230,fuzzy,I143302722
1648,Danfei Xu,A5028834865,exact,I130701444
1175,John W Williams,A5085275264,exact,I135310074
1389,Erin M Perchiniak,A5086696502,fuzzy,I126548940
1621,Zachary J Suriano,A5038757516,fuzzy,I94339441
2820,Agnieszka Miguel,A5014119333,alias,I58610484
1509,Bin Chen,A5073108937,alias,I1331384533
586,Erica Cline,A5111904683,exact,I201448701
1863,Luis E Zambrano-Cruzatty,A5063727700,fuzzy,I7947594
943,Zhenkai Zhang,A5043680593,alias,I8078737
2469,Richard C Thompson,A5034506802,fuzzy,I84470341
1614,Xu Wang,A5100407816,alias,I27837315
1554,Zoleikha Biron,A5015697083,alias,I33213144
1569,Yang Xiao,A5046618429,alias,I143302722
631,Lars Hansen,A5018292103,alias,I130238516
840,Joan Y Martinez,A5058392109,fuzzy,I135191193
1588,Yoon H Kim,A5112461872,fuzzy,I63966007
752,Sean P Colin,A5109236495,alias,I79839527
1936,Paul J Apisa,A5045309647,fuzzy,I135310074
312,Sunil Mittal,A5022530317,alias,I12912129
1522,Kinnis K Gosha,A5111268477,fuzzy,I85230861
1705,Wei Tang,A5013607512,alias,I39422238
1699,Jian-Xun Wang,A5100370582,fuzzy,I205783295
1715,Zhongyang Li,A5067333147,exact,I140172145
902,Woo Y Lee,A5004315557,fuzzy,I108468826
1921,Eric Wong,A5066376294,exact,I79576946
735,Candice Y Lumibao,A5062966432,fuzzy,I96749437
2368,Linqing Li,A5031241359,alias,I161057412
2317,Xiang Chen,A5100441912,alias,I102149020
2564,Ali A Ansari,A5109463417,fuzzy,I11786554
1107,Bin Sun,A5066365050,alias,I87216513
2318,Allison J Lopatkin,A5080009166,fuzzy,I5388228
439,Pradeep Sharma,A5100620120,alias,I44461941
34,Zhenyu Gan,A5083017120,exact,I70983195
1859,Yunhui He,A5082790650,exact,I44461941
1090,Molly M MacInnes,A5021263125,fuzzy,I173288447
466,Elizabeth Jerison,A5067499591,alias,I40347166
715,Robert J Lemke Oliver,A5015643236,fuzzy,I135310074
2914,Weitian Wang,A5031750708,alias,I166088655
463,Wei Zhang,A5100441502,exact,I63966007
291,Tong Huang,A5048703431,alias,I26538001
1610,Yang Zhang,A5100752838,alias,I137902535
2590,Yu-Xiang Wang,A5100445279,fuzzy,I36258959
222,Yu Huang,A5026409576,fuzzy,I200719446
1395,Michael K Brown,A5110068720,fuzzy,I82497590
1409,Sergio Gago Masague,A5024963270,exact,I204250578
1720,Lei Zhou,A5039043371,alias,I135310074
369,Xi Wang,A5100442220,alias,I86501945
1244,Yao Zheng,A5100342743,exact,I140172145
2760,Lisa Dierker,A5109412692,alias,I100538780
891,Li Ke,A5100343545,alias,I201448701
177,Gang Qiu,A5046303912,alias,I130238516
641,Sara J Germain,A5040497616,fuzzy,I12834331
1953,Weiwen Jiang,A5103456104,exact,I162714631
2914,Weitian Wang,A5101767053,exact,I166088655
1320,Yan Wang,A5100322712,exact,I33213144
2251,Wen Chen,A5085836910,alias,I1174212
2914,Weitian Wang,A5101767054,exact,I166088655
767,Jia Liu,A5090031793,exact,I33213144
1655,Ping Yang,A5039935543,alias,I91045830
2920,Eric J Tervo,A5014598762,fuzzy,I135310074
1472,Augustin Chaintreau,A5026913706,alias,I78577930
2760,Lisa Dierker,A5071256948,exact,I100538780
2266,Wah Chiu,A5049689333,exact,I97018004
2997,Paulette Clancy,A5030863265,exact,I145311948
1488,Clark Barrett,A5026961968,exact,I97018004
1841,Francis-Yan Cyr-Racine,A5064297957,alias,I169521973
1619,Cristian-Ioan Vasile,A5086654963,alias,I186143895
2907,Jie Ding,A5100697343,alias,I130238516
2435,Ming Yang,A5048213108,exact,I8078737
830,Sangeetha Abdu Jyothi,A5058967466,exact,I204250578
2477,Xin Zhang,A5100327582,exact,I111088046
647,Igor Cialenco,A5061567868,alias,I180949307
357,Yang Lin,A5011073470,exact,I17626003
1626,Chuang Gan,A5040877128,alias,I24603500
152,Wentao Tang,A5101909402,alias,I137902535
1622,Diana Dragomir,A5031964650,exact,I169521973
771,Joel Atallah,A5086244426,alias,I192396691
1555,Sarah Kurtz,A5065574271,alias,I156087764
15,Qianyun Zhang,A5052563154,exact,I10052268
1551,Yuanyuan Shi,A5055691206,exact,I36258959
1173,Ilker Yildirim,A5103134957,exact,I32971472
2751,Chengcheng Huang,A5039355930,alias,I170201317
1901,Baobao Zhang,A5031187446,exact,I70983195
1819,Na Du,A5027093356,alias,I170201317
1639,Chirag Gupta,A5101612909,exact,I135310074
19,Shuna Ni,A5040240885,alias,I66946132
1112,Winnie Chu,A5060538862,alias,I130701444
2812,Sunita Chandrasekaran,A5009614578,alias,I86501945
655,Yan Li,A5100380431,alias,I107672454
2477,Xin Zhang,A5100327478,alias,I111088046
2979,Qian Zhang,A5100401578,alias,I103163165
1431,Juan Pablo Canales,A5050859458,alias,I66958751
2357,Kira Goldner,A5072753842,alias,I111088046
2121,Sarah Dean,A5029554720,exact,I205783295
2820,Agnieszka Miguel,A5075867361,exact,I58610484
1504,Mei Yang,A5101560281,exact,I133999245
469,Aline Eid,A5025955516,exact,I27837315
102,Shijie Cao,A5015998327,alias,I201448701
2293,Xiaolong Geng,A5083007002,alias,I1331384533
954,Cong Ma,A5074490643,alias,I40347166
1614,Xu Wang,A5068653834,exact,I27837315
298,Qiuming Yao,A5103020638,exact,I114395901
95,Giulia Guidi,A5034932123,exact,I205783295
1097,Shan Li,A5100324691,alias,I186143895
2185,Ramya Kumar,A5078716221,exact,I167576493
1648,Danfei Xu,A5028834865,alias,I130701444
2952,John W Williams,A5085275264,exact,I135310074
2820,Agnieszka Miguel,A5014119333,exact,I58610484
1509,Bin Chen,A5073108937,exact,I1331384533
586,Erica Cline,A5111904683,alias,I201448701
943,Zhenkai Zhang,A5043680593,exact,I8078737
1614,Xu Wang,A5100407816,exact,I27837315
1569,Yang Xiao,A5046618429,exact,I143302722
752,Sean P Colin,A5109236495,exact,I79839527
312,Sunil Mittal,A5022530317,exact,I12912129
1715,Zhongyang Li,A5067333147,alias,I140172145
1921,Eric Wong,A5066376294,alias,I79576946
2368,Linqing Li,A5031241359,exact,I161057412
2317,Xiang Chen,A5100441912,exact,I102149020
439,Pradeep Sharma,A5100620120,exact,I44461941
34,Zhenyu Gan,A5083017120,alias,I70983195
1859,Yunhui He,A5082790650,alias,I44461941
2914,Weitian Wang,A5031750708,exact,I166088655
463,Wei Zhang,A5100441502,alias,I63966007
291,Tong Huang,A5048703431,exact,I26538001
1610,Yang Zhang,A5100752838,exact,I137902535
1409,Sergio Gago Masague,A5024963270,alias,I204250578
1720,Lei Zhou,A5039043371,exact,I135310074
369,Xi Wang,A5100442220,exact,I86501945
1244,Yao Zheng,A5100342743,alias,I140172145
177,Gang Qiu,A5046303912,exact,I130238516
1953,Weiwen Jiang,A5103456104,alias,I162714631
2914,Weitian Wang,A5101767053,alias,I166088655
1320,Yan Wang,A5100322712,alias,I33213144
2251,Wen Chen,A5085836910,exact,I1174212
19,Shuna Ni,A5040240885,exact,I66946132
1246,Shuna Ni,A5040240885,exact,I66946132
631,Lars Hansen,A5028242520,alias,I130238516
1079,Pengcheng Dai,A5100705692,alias,I74775410
26,Lan Zhang,A5101469408,exact,I8078737
426,Yuanchao Xu,A5016606164,alias,I185103710
26,Lan Zhang,A5100322309,alias,I8078737
358,Lei Fan,A5103672652,alias,I44461941
2083,Saiprasad Ravishankar,A5111562177,alias,I87216513
218,Chen Sun,A5100722239,alias,I27804330
1329,Dena J Haritos Tsamitis,A5010284909,fuzzy,I74973139
1104,Ming L Tang,A5089836405,fuzzy,I223532165
1373,Di Fang,A5071221629,alias,I170897317
1610,Yang Zhang,A5059541194,alias,I137902535
2106,YANG YANG,A5100397657,exact,I26538001
631,Lars Hansen,A5028242520,exact,I130238516
1079,Pengcheng Dai,A5100705692,exact,I74775410
26,Lan Zhang,A5101469408,alias,I8078737
426,Yuanchao Xu,A5016606164,exact,I185103710
26,Lan Zhang,A5100322309,exact,I8078737
2083,Saiprasad Ravishankar,A5111562177,exact,I87216513
218,Chen Sun,A5100722239,exact,I27804330
1373,Di Fang,A5071221629,exact,I170897317
1610,Yang Zhang,A5059541194,exact,I137902535
2106,YANG YANG,A5100397657,alias,I26538001
1503,Victoria A Webster-Wood,A5007509117,fuzzy,I74973139
444,Cong Hao,A5053022655,exact,I130701444
1645,William B Ludington,A5053132852,fuzzy,I145311948
461,Donghee Yvette Wohn,A5040735139,alias,I118118575
2889,Jong Hyun Ham,A5008489344,exact,I134386540
2362,Laurent P Saloff-Coste,A5067207257,fuzzy,I205783295
1701,Yin Li,A5100451141,exact,I135310074
729,Jan P Stegemann,A5044948841,fuzzy,I27837315
1038,Benjamin K Blackman,A5059939053,fuzzy,I95457486
2265,Fabien Pinaud,A5060214768,alias,I1174212
2911,Ivan I Oleynik,A5065464997,fuzzy,I2613432
996,Sarah Hendricks,A5032967781,alias,I155093810
1240,John J Dennehy,A5007945304,fuzzy,I111455621
2320,Istvan Kovacs,A5000202774,alias,I111979921
2105,Kyle Chard,A5065464552,alias,I40347166
230,Adam P Summers,A5012847693,fuzzy,I201448701
1209,Jeffrey M Trop,A5017377136,fuzzy,I131221577
2912,Carmela Rosaria Guadagno,A5076569444,alias,I12834331
1302,Michael Ham,A5005763135,exact,I125467818
2523,Denise R Simmons,A5028862597,fuzzy,I33213144
1482,Cinnamon Hillyard,A5080796455,alias,I201448701
210,Brooke M Gardner,A5007386757,fuzzy,I154570441
1081,Brendan Hassett,A5025173159,alias,I27804330
2936,Laura Rabin,A5107297270,alias,I83041322
1687,Alexander Koldobsky,A5102833837,exact,I76835614
1522,Kinnis K Gosha,A5074411430,fuzzy,I85230861
91,Claus R Danielson,A5072891938,alias,I169521973
2234,Gen Yin,A5080922868,alias,I184565670
1793,Igor V Kamenkovich,A5073014954,fuzzy,I145608581
344,Angelica M Osorno,A5008716625,fuzzy,I55486353
531,Nathalie M Pinkerton,A5071946643,fuzzy,I57206974
1756,Kennedy O Doro,A5085449126,fuzzy,I90871651
2407,Luke McGuire,A5020316659,alias,I138006243
2804,Tara Hudiburg,A5009573971,alias,I155093810
77,Maryam Hojati,A5011294780,alias,I169521973
1804,Jingdao Chen,A5081456948,alias,I99041443
31,Patrick J Walsh,A5033460123,fuzzy,I79576946
2199,Elaine C Seaver,A5003330079,fuzzy,I33213144
2747,Pierluigi Nuzzo,A5067636168,exact,I95457486
405,Aditya Vashistha,A5072922547,exact,I205783295
1052,Shih-Chun Lin,A5080987710,alias,I137902535
2793,Virginia M Naibo,A5020804463,fuzzy,I189590672
1958,Francesco Carbone,A5090392147,exact,I140172145
478,John Hu,A5005026721,alias,I115475287
1620,Shubhendu Bhardwaj,A5078872365,exact,I114395901
2880,Qiang S Cheng,A5100768223,fuzzy,I143302722
2461,Xitong Liu,A5072983516,alias,I193531525
2217,Rong Yin,A5058963501,alias,I137902535
2453,Hamidreza Aghasi,A5040945735,alias,I204250578
848,Cesar A Uribe,A5047076392,fuzzy,I74775410
2941,Nathan Laxague,A5003786387,alias,I161057412
2450,Andrew J Mannix,A5055435906,fuzzy,I97018004
958,Mark O Riedl,A5108074094,fuzzy,I130701444
1395,Michael K Brown,A5101576838,fuzzy,I82497590
1546,Rowan B Killip,A5060648196,fuzzy,I161318765
1813,David C Anastasiu,A5002755684,fuzzy,I16269868
1382,Mengjia Yan,A5057740643,exact,I63966007
1056,Kwek-Tze Tan,A5021223767,alias,I110152177
212,Ahmed Saeed,A5031381014,alias,I130701444
1200,David R Broussard,A5038151764,fuzzy,I55926968
153,Sui Yang,A5100618091,alias,I55732556
891,Li Ke,A5107945956,alias,I201448701
891,Li Ke,A5107922938,alias,I201448701
181,Gong Chen,A5042827224,alias,I130701444
298,Qiuming Yao,A5049970842,alias,I114395901
1104,Ming L Tang,A5056292870,fuzzy,I223532165
2903,Peter Hitchcock,A5000195518,alias,I205783295
41,Shuang Zhang,A5100321545,alias,I91045830
2149,Eric A Montoya,A5076145388,fuzzy,I223532165
1121,Yang Wang,A5100423354,exact,I145608581
655,Yan Li,A5100648834,exact,I107672454
873,Samet Oymak,A5050547472,exact,I27837315
2477,Xin Zhang,A5101662915,alias,I111088046
625,Kirsten Adam,A5066280556,alias,I74775410
2366,Lesley B Knoll,A5014139923,fuzzy,I83328450
2353,Wei Zhang,A5057842914,alias,I12315562
786,Lin Lin,A5106406577,alias,I95457486
128,Grace C Wu,A5026817940,fuzzy,I154570441
1429,Xiaoran Hu,A5042217329,exact,I70983195
541,Michelle Teplensky,A5040891672,alias,I111088046
2466,Jeremy A Riousset,A5057925807,fuzzy,I84475105
1669,Xin Liang,A5077485590,alias,I143302722
5,Heng Zuo,A5034247762,exact,I169521973
2446,Emil A Hernández-Pagán,A5038983042,fuzzy,I86501945
2408,SUSU XU,A5000157874,alias,I145311948
1655,Ping Yang,A5101947336,alias,I91045830
445,Juner Zhu,A5101869803,alias,I12912129
1919,Trevor S Waldien,A5071550357,fuzzy,I184647316
2269,Kaiqing Zhang,A5047410441,alias,I66946132
1741,Rachel Riley,A5019133023,alias,I44265643
740,Karl R Schmitt,A5080580162,fuzzy,I112164570
922,Peng Gao,A5024596435,exact,I859038795
2445,Sarah R Smith,A5088804551,fuzzy,I51504820
2210,Laura A Katz,A5112841187,fuzzy,I202524275
2084,James Shepherd,A5083528587,alias,I87216513
2850,Reza Kamali-Sarvestani,A5037852701,alias,I226560621
2984,Dawei Zhou,A5049799014,alias,I859038795
966,Mukesh Kumar,A5101851727,alias,I16277215
455,Martin Tomanik,A5084366282,alias,I57206974
80,Abhay Bangalore Ramachandra,A5003306040,alias,I173911158
1796,Xiaojing Wang,A5100411608,alias,I140172145
2692,Xing Gao,A5029553428,alias,I86501945
1884,Yuan Wang,A5100322864,alias,I97018004
1655,Ping Yang,A5103833058,alias,I91045830
154,Xueqing Liu,A5100775509,alias,I108468826
1884,Yuan Wang,A5016628929,fuzzy,I97018004
2196,Aayush Jain,A5033799874,alias,I74973139
1233,Elizabeth Paul,A5054394934,alias,I78577930
824,Michael J Daley,A5102913303,fuzzy,I5388228
554,Min Shi,A5076712745,exact,I79516672
2065,Jing Li,A5100337041,alias,I368840534
851,Mingyue Ji,A5058487273,alias,I33213144
2571,John W Meriwether,A5038494358,fuzzy,I118118575
17,Pan Xu,A5102751773,alias,I118118575
398,Aritra Mitra,A5101651422,exact,I137902535
699,Robert Iafe,A5054473185,alias,I226560621
1610,Yang Zhang,A5100354811,exact,I137902535
347,Laura J Muller,A5051344430,fuzzy,I4210115256
997,Justin W Graham,A5084100653,fuzzy,I184654094
91,Claus R Danielson,A5021038488,fuzzy,I169521973
602,Wei Liu,A5084509044,alias,I859038795
1694,Sungjin Im,A5006392819,alias,I185103710
1156,Stephanie M Campos,A5068500580,fuzzy,I7863295
1796,Xiaojing Wang,A5100411595,alias,I140172145
894,Weiping Pei,A5089019010,alias,I87208437
2396,Joseph D Peterson,A5070534549,fuzzy,I161318765
1193,John M Zobitz,A5098358955,fuzzy,I119916105
444,Cong Hao,A5053022655,alias,I130701444
461,Donghee Yvette Wohn,A5040735139,exact,I118118575
2889,Jong Hyun Ham,A5008489344,alias,I134386540
1701,Yin Li,A5100451141,alias,I135310074
2265,Fabien Pinaud,A5060214768,exact,I1174212
2105,Kyle Chard,A5065464552,exact,I40347166
1302,Michael Ham,A5005763135,alias,I125467818
1482,Cinnamon Hillyard,A5080796455,exact,I201448701
1081,Brendan Hassett,A5025173159,exact,I27804330
1687,Alexander Koldobsky,A5102833837,alias,I76835614
2234,Gen Yin,A5080922868,exact,I184565670
2768,Maryam Hojati,A5011294780,alias,I169521973
1804,Jingdao Chen,A5081456948,exact,I99041443
2747,Pierluigi Nuzzo,A5067636168,alias,I95457486
405,Aditya Vashistha,A5072922547,alias,I205783295
1052,Shih-Chun Lin,A5080987710,exact,I137902535
1958,Francesco Carbone,A5090392147,alias,I140172145
478,John Hu,A5005026721,exact,I115475287
1620,Shubhendu Bhardwaj,A5078872365,alias,I114395901
2461,Xitong Liu,A5072983516,exact,I193531525
2217,Rong Yin,A5058963501,exact,I137902535
2453,Hamidreza Aghasi,A5040945735,exact,I204250578
2071,Cesar A Uribe,A5047076392,fuzzy,I74775410
1382,Mengjia Yan,A5057740643,alias,I63966007
212,Ahmed Saeed,A5031381014,exact,I130701444
153,Sui Yang,A5100618091,exact,I55732556
298,Qiuming Yao,A5049970842,exact,I114395901
41,Shuang Zhang,A5100321545,exact,I91045830
2409,Yang Wang,A5100423354,exact,I145608581
655,Yan Li,A5100648834,alias,I107672454
873,Samet Oymak,A5050547472,alias,I27837315
2477,Xin Zhang,A5101662915,exact,I111088046
625,Kirsten Adam,A5066280556,exact,I74775410
2353,Wei Zhang,A5057842914,exact,I12315562
786,Lin Lin,A5106406577,exact,I95457486
1429,Xiaoran Hu,A5042217329,alias,I70983195
5,Heng Zuo,A5034247762,alias,I169521973
2408,SUSU XU,A5000157874,exact,I145311948
1655,Ping Yang,A5101947336,exact,I91045830
445,Juner Zhu,A5101869803,exact,I12912129
2269,Kaiqing Zhang,A5047410441,exact,I66946132
1741,Rachel Riley,A5019133023,exact,I44265643
922,Peng Gao,A5024596435,alias,I859038795
2850,Reza Kamali-Sarvestani,A5037852701,exact,I226560621
2984,Dawei Zhou,A5049799014,exact,I859038795
966,Mukesh Kumar,A5101851727,exact,I16277215
455,Martin Tomanik,A5084366282,exact,I57206974
1796,Xiaojing Wang,A5100411608,exact,I140172145
2692,Xing Gao,A5029553428,exact,I86501945
154,Xueqing Liu,A5100775509,exact,I108468826
2196,Aayush Jain,A5033799874,exact,I74973139
1233,Elizabeth Paul,A5054394934,exact,I78577930
554,Min Shi,A5076712745,alias,I79516672
2065,Jing Li,A5100337041,exact,I368840534
851,Mingyue Ji,A5058487273,exact,I33213144
398,Aritra Mitra,A5101651422,alias,I137902535
1610,Yang Zhang,A5100354811,alias,I137902535
602,Wei Liu,A5084509044,exact,I859038795
1694,Sungjin Im,A5006392819,exact,I185103710
1796,Xiaojing Wang,A5100411595,exact,I140172145
894,Weiping Pei,A5089019010,exact,I87208437
77,Maryam Hojati,A5011294780,exact,I169521973
2409,Yang Wang,A5100423354,alias,I145608581
2768,Maryam Hojati,A5011294780,exact,I169521973
1121,Yang Wang,A5100423354,alias,I145608581
2477,Xin Zhang,A5076631760,exact,I111088046
2213,Faez Ahmed,A5108910035,alias,I63966007
1780,Tanushree Mitra,A5049845658,alias,I201448701
1623,Murat Arcak,A5093988643,exact,I95457486
2718,Michelle Smith,A5108660029,alias,I205783295
1439,Donna M Barron,A5111094832,fuzzy,I23472080
2907,Jie Ding,A5100625885,exact,I130238516
2706,Chi Zhang,A5100458257,alias,I165690674
2477,Xin Zhang,A5076631760,alias,I111088046
2213,Faez Ahmed,A5108910035,exact,I63966007
1780,Tanushree Mitra,A5049845658,exact,I201448701
1623,Murat Arcak,A5093988643,alias,I95457486
2907,Jie Ding,A5100625885,alias,I130238516
2706,Chi Zhang,A5100458257,exact,I165690674
1640,Song Gao,A5101938899,alias,I135310074
1276,Shannon Roberts,A5070684238,alias,I24603500
2416,David C Podgorski,A5074201260,fuzzy,I192396691
814,Wesley C Sanders,A5088464247,fuzzy,I201917954
635,Richard C Flagan,A5012711441,fuzzy,I122411786
2089,Bryan S Kim,A5000081394,fuzzy,I70983195
2894,Kerstin A Lehnert,A5057736062,fuzzy,I78577930
1130,Brian Jicha,A5068582901,alias,I135310074
720,Weihang Zhu,A5072028806,alias,I44461941
2930,Douglas R MacAyeal,A5083559036,fuzzy,I40347166
2993,Charles D Brown,A5017158416,fuzzy,I32971472
1413,Robert G Spencer,A5038898780,fuzzy,I103163165
1320,Yan Wang,A5100322502,alias,I33213144
2642,Ken Frank,A5104360637,alias,I87216513
2971,Jessica E Garb,A5001309106,fuzzy,I133738476
2859,James W Moffett,A5043163437,fuzzy,I1174212
2978,Simon Laflamme,A5009338916,exact,I173911158
1320,Yan Wang,A5083516425,alias,I33213144
218,Chen Sun,A5101488443,exact,I27804330
1315,Terrence J Sejnowski,A5044141636,fuzzy,I36258959
945,Paul Ruth,A5072444330,exact,I114027177
1778,Donald E Martin,A5038657872,fuzzy,I137902535
1988,Takamitsu Ito,A5049005458,exact,I130701444
1732,Christopher J Zappa,A5059238662,fuzzy,I78577930
2830,David L Nidever,A5014732953,fuzzy,I23732399
2465,Melissa Burt,A5048639636,alias,I92446798
1666,Brianna Mount,A5022672526,alias,I75350188
2810,Zhonghua Xu,A5037231596,exact,I859038795
2007,Peter Barry,A5052302040,alias,I66958751
1249,Derk Joester,A5109268288,alias,I111979921
2643,Kaitlin E Mallouk,A5084215296,fuzzy,I44265643
2900,Rebecca B Neumann,A5018422134,fuzzy,I201448701
2459,Achim D Herrmann,A5040002071,fuzzy,I121820613
969,Venkattraman Ayyaswamy,A5080329454,alias,I156087764
1655,Ping Yang,A5106266355,alias,I91045830
516,Claudia Ratti,A5034860260,alias,I44461941
2547,Simon Wing,A5041761983,alias,I145311948
2222,Konstantin Bukhryakov,A5043699263,alias,I19700959
2762,Deliang Fan,A5047916979,alias,I55732556
2546,Anna S Grinath,A5006165439,fuzzy,I106969075
1126,Mike Williams,A5101764947,alias,I63966007
2477,Xin Zhang,A5100327617,alias,I111088046
1301,Vicki P Losick,A5011795990,fuzzy,I103531236
1969,MONICA NESBITT,A5031320421,exact,I592451
518,William T Ross,A5029977888,fuzzy,I158012942
1845,Meghan E Huber,A5045432789,fuzzy,I24603500
2984,Dawei Zhou,A5022696348,exact,I859038795
1289,Fatiha Benmokhtar,A5034352124,alias,I165102784
965,Xuqing Wu,A5101263473,exact,I44461941
1763,Pei Sun,A5016004165,alias,I223532165
2453,Hamidreza Aghasi,A5037801789,alias,I204250578
244,Philip T Gressman,A5073463363,fuzzy,I79576946
1978,Ryan W Webb,A5034011859,fuzzy,I12834331
2387,Cheng Wang,A5101782463,alias,I173911158
1568,Xiaorui Liu,A5072369461,exact,I137902535
2162,Kaushik Ragunathan,A5034301215,alias,I6902469
983,Allison M Louthan,A5060073111,fuzzy,I189590672
2255,Deanna M Arble,A5054185816,fuzzy,I102461120
2882,Grigory Fedyukovich,A5027818967,alias,I103163165
1565,Hua Wei,A5100777770,alias,I55732556
718,Benjamin Nachman,A5054491740,alias,I97018004
1801,Lei S Li,A5100440358,fuzzy,I74775410
303,Jena E Johnson,A5009853422,fuzzy,I27837315
2106,YANG YANG,A5100733872,alias,I26538001
1743,Stephanie J Galla,A5025507139,fuzzy,I120156002
1353,Paul Higgins,A5048846112,exact,I1298748095
563,Murielle Watzky,A5020145081,fuzzy,I71966907
180,Styliani Avraamidou,A5062147977,alias,I135310074
1790,Ge Ou,A5015846787,alias,I33213144
1064,Xiaolong Liu,A5100393819,alias,I107639228
2924,Ana I Torres,A5027983186,fuzzy,I74973139
399,Javad Khazaei,A5041147963,exact,I186143895
146,Masoud Jahandar Lashaki,A5024246686,alias,I63772739
2656,Adam S Charles,A5062177768,fuzzy,I145311948
2158,Gabriel A Cook,A5039782766,fuzzy,I115475287
1298,Bin Zhang,A5100392806,alias,I63966007
2072,Lauren F Bergquist,A5001814138,alias,I32971472
2421,Kevin M Pitt,A5014559211,fuzzy,I114395901
1974,Mehdi Sadi,A5036369307,alias,I82497590
522,Yisha Xiang,A5063225585,alias,I44461941
434,Narayanan Rengaswamy,A5070430560,exact,I138006243
2501,Faisal Aqlan,A5021017364,alias,I142740786
2810,Zhonghua Xu,A5100523231,alias,I859038795
2763,Shixiang Zhu,A5074367596,alias,I74973139
245,Kai Wu,A5073951891,exact,I12315562
953,Patrick A Rafter,A5038578153,fuzzy,I2613432
1233,Elizabeth Paul,A5070073675,alias,I78577930
1234,Xiaolei Huang,A5053404777,alias,I94658018
2339,James J McCarty,A5108588363,fuzzy,I52669646
2191,Bo Zhao,A5005734123,exact,I44461941
1568,Xiaorui Liu,A5009156496,alias,I137902535
2539,Allen Mensinger,A5018093948,alias,I1338920048
1385,Robert L Moore,A5093404800,fuzzy,I33213144
2081,Andrew McShan,A5011793026,alias,I130701444
1426,Anna M Nierenberg,A5006631263,fuzzy,I156087764
2441,Tomas Gonzalez-Fernandez,A5066184840,alias,I186143895
980,Kevin Carr,A5087404058,exact,I4210149261
1599,Tirthankar Roy,A5003844700,exact,I114395901
1614,Xu Wang,A5101889925,alias,I27837315
1261,Nicholas P McKay,A5113163968,fuzzy,I203172682
1406,Mary E Foltz,A5002949222,fuzzy,I115475287
2758,Rui Zhang,A5101750692,alias,I86501945
1088,Irene Tung,A5061413715,alias,I290598920
1070,Willis B Jones,A5111808810,fuzzy,I11874761
2419,Yanan Wang,A5100385394,exact,I114395901
1080,Susanta Ghosh,A5027767677,alias,I11957088
1640,Song Gao,A5007542519,alias,I135310074
1361,Zane K Li,A5013213435,fuzzy,I137902535
1072,Mania Aghaei Meibodi,A5024588953,alias,I27837315
2207,Qing Zhao,A5102705262,alias,I12912129
2746,Dan T Bergstralh,A5042927941,fuzzy,I76835614
41,Shuang Zhang,A5007892503,alias,I91045830
463,Wei Zhang,A5100441734,alias,I63966007
382,Yuan Ping,A5018202477,alias,I135310074
463,Wei Zhang,A5101766670,alias,I63966007
242,Yang Liu,A5100356143,alias,I74973139
2211,Jacqueline A Smith,A5103235741,fuzzy,I137853757
2860,Ying Wang,A5100364888,alias,I135310074
1509,Bin Chen,A5102216705,alias,I1331384533
1610,Yang Zhang,A5100354713,alias,I137902535
1701,Yin Li,A5101249418,exact,I135310074
1707,Kan Li,A5100342149,alias,I66958751
2353,Wei Zhang,A5100428737,alias,I12315562
1355,Brittany N Hupp,A5014237407,fuzzy,I162714631
1273,Tyler M Stack,A5020538270,fuzzy,I196272386
1701,Yin Li,A5100759456,alias,I135310074
2077,Ruijuan Xu,A5080728082,alias,I137902535
1320,Yan Wang,A5100322900,alias,I33213144
1682,Yuchen Liu,A5100373054,alias,I137902535
1671,Jinyoung Park,A5100428898,exact,I57206974
1350,Min Zhang,A5100402837,alias,I47500952
1377,Alex G Novoselov,A5089905547,fuzzy,I223532165
2979,Qian Zhang,A5037808540,exact,I103163165
573,Peng Guo,A5056002620,exact,I125467818
2718,Michelle Smith,A5102778025,alias,I205783295
2171,Andrew Higginbotham,A5041875872,alias,I40347166
935,John Dabiri,A5097994185,fuzzy,I122411786
2094,Jun-Chau Chien,A5112448720,alias,I95457486
67,Jiming Jiang,A5015531023,alias,I84218800
1747,Tong Shu,A5056821569,alias,I123534392
1280,Xiao Liu,A5032647094,alias,I130701444
2191,Bo Zhao,A5101890484,alias,I44461941
1640,Song Gao,A5101938899,exact,I135310074
720,Weihang Zhu,A5072028806,exact,I44461941
1320,Yan Wang,A5100322502,exact,I33213144
1320,Yan Wang,A5083516425,exact,I33213144
218,Chen Sun,A5101488443,alias,I27804330
945,Paul Ruth,A5072444330,alias,I114027177
1988,Takamitsu Ito,A5049005458,alias,I130701444
2465,Melissa Burt,A5048639636,exact,I92446798
2810,Zhonghua Xu,A5037231596,alias,I859038795
1249,Derk Joester,A5109268288,exact,I111979921
516,Claudia Ratti,A5034860260,exact,I44461941
2762,Deliang Fan,A5047916979,exact,I55732556
2477,Xin Zhang,A5100327617,exact,I111088046
1969,MONICA NESBITT,A5031320421,alias,I592451
2984,Dawei Zhou,A5022696348,alias,I859038795
965,Xuqing Wu,A5101263473,alias,I44461941
1763,Pei Sun,A5016004165,exact,I223532165
2453,Hamidreza Aghasi,A5037801789,exact,I204250578
2387,Cheng Wang,A5101782463,exact,I173911158
1568,Xiaorui Liu,A5072369461,alias,I137902535
2162,Kaushik Ragunathan,A5034301215,exact,I6902469
2882,Grigory Fedyukovich,A5027818967,exact,I103163165
1565,Hua Wei,A5100777770,exact,I55732556
718,Benjamin Nachman,A5054491740,exact,I97018004
2106,YANG YANG,A5100733872,exact,I26538001
1353,Paul Higgins,A5048846112,alias,I1298748095
180,Styliani Avraamidou,A5062147977,exact,I135310074
1790,Ge Ou,A5015846787,exact,I33213144
1064,Xiaolong Liu,A5100393819,exact,I107639228
399,Javad Khazaei,A5041147963,alias,I186143895
146,Masoud Jahandar Lashaki,A5024246686,exact,I63772739
1298,Bin Zhang,A5100392806,exact,I63966007
1974,Mehdi Sadi,A5036369307,exact,I82497590
522,Yisha Xiang,A5063225585,exact,I44461941
434,Narayanan Rengaswamy,A5070430560,alias,I138006243
2501,Faisal Aqlan,A5021017364,exact,I142740786
2810,Zhonghua Xu,A5100523231,exact,I859038795
2763,Shixiang Zhu,A5074367596,exact,I74973139
245,Kai Wu,A5073951891,alias,I12315562
1233,Elizabeth Paul,A5070073675,exact,I78577930
1234,Xiaolei Huang,A5053404777,exact,I94658018
2191,Bo Zhao,A5005734123,alias,I44461941
2441,Tomas Gonzalez-Fernandez,A5066184840,exact,I186143895
980,Kevin Carr,A5087404058,alias,I4210149261
1614,Xu Wang,A5101889925,exact,I27837315
2758,Rui Zhang,A5101750692,exact,I86501945
1088,Irene Tung,A5061413715,exact,I290598920
2419,Yanan Wang,A5100385394,alias,I114395901
1640,Song Gao,A5007542519,exact,I135310074
1072,Mania Aghaei Meibodi,A5024588953,exact,I27837315
2207,Qing Zhao,A5102705262,exact,I12912129
41,Shuang Zhang,A5007892503,exact,I91045830
463,Wei Zhang,A5100441734,exact,I63966007
463,Wei Zhang,A5101766670,exact,I63966007
242,Yang Liu,A5100356143,exact,I74973139
1610,Yang Zhang,A5100354713,exact,I137902535
1701,Yin Li,A5101249418,alias,I135310074
1707,Kan Li,A5100342149,exact,I66958751
2077,Ruijuan Xu,A5080728082,exact,I137902535
1320,Yan Wang,A5100322900,exact,I33213144
1682,Yuchen Liu,A5100373054,exact,I137902535
1671,Jinyoung Park,A5100428898,alias,I57206974
1350,Min Zhang,A5100402837,exact,I47500952
2979,Qian Zhang,A5037808540,alias,I103163165
573,Peng Guo,A5056002620,alias,I125467818
2718,Michelle Smith,A5102778025,exact,I205783295
2171,Andrew Higginbotham,A5041875872,exact,I40347166
2094,Jun-Chau Chien,A5112448720,exact,I95457486
67,Jiming Jiang,A5015531023,exact,I84218800
1747,Tong Shu,A5056821569,exact,I123534392
1280,Xiao Liu,A5032647094,exact,I130701444
2191,Bo Zhao,A5101890484,exact,I44461941
2828,Tomas Gonzalez-Fernandez,A5066184840,exact,I186143895
2828,Tomas Gonzalez-Fernandez,A5066184840,alias,I186143895
1320,Yan Wang,A5104132114,alias,I33213144
1258,Amy Dejongh Curry,A5018644457,fuzzy,I94658018
2749,Emily J Beverly,A5076029226,fuzzy,I130238516
1614,Xu Wang,A5100673708,alias,I27837315
763,Robert F Anderson,A5079557293,fuzzy,I78577930
68,Yuxin Chen,A5100416087,alias,I40347166
2659,Adalbert Gerald Soosai Raj,A5108831563,exact,I36258959
222,Yu Huang,A5102023428,exact,I200719446
1067,Shiyi Chen,A5100631624,alias,I155093810
242,Yang Liu,A5100355795,exact,I74973139
668,Matt D Carling,A5109219486,fuzzy,I12834331
2691,Mohammed A Qazi,A5053095577,fuzzy,I6026837
1701,Yin Li,A5100411680,exact,I135310074
848,Cesar A Uribe,A5108950455,fuzzy,I74775410
1320,Yan Wang,A5104132114,exact,I33213144
1614,Xu Wang,A5100673708,exact,I27837315
68,Yuxin Chen,A5100416087,exact,I40347166
2659,Adalbert Gerald Soosai Raj,A5108831563,alias,I36258959
222,Yu Huang,A5102023428,alias,I200719446
242,Yang Liu,A5100355795,alias,I74973139
1701,Yin Li,A5100411680,alias,I135310074
2071,Cesar A Uribe,A5108950455,fuzzy,I74775410
2950,Maanak Gupta,A5047952246,alias,I63920570
891,Li Ke,A5105508680,alias,I201448701
1715,Zhongyang Li,A5100773636,alias,I140172145
2871,Saonli Basu,A5058258081,exact,I130238516
1266,Ozgun Babur,A5006448195,exact,I33434090
1271,Jordi Cabana,A5052912774,alias,I39422238
2184,William Wylie,A5067628220,alias,I70983195
321,Seth D Newsome,A5082666143,fuzzy,I169521973
1723,Adina Paytan,A5109465808,exact,I185103710
2800,Diane Markoff,A5035029905,alias,I123127086
742,Laura P Ford,A5038305877,fuzzy,I87208437
631,Lars Hansen,A5070761679,alias,I130238516
1605,Tyler B Smith,A5011044707,fuzzy,I17001226
2808,Amy Y Liu,A5100776764,fuzzy,I184565670
1249,Derk Joester,A5046468644,exact,I111979921
696,Timothy J Nokes-Malach,A5073862769,fuzzy,I170201317
133,Yao Yang,A5012460628,alias,I205783295
390,Wendy L Applequist,A5077996158,fuzzy,I2802431724
1849,Dipankar Maity,A5090451555,alias,I102149020
1312,David L Hysell,A5113159356,fuzzy,I205783295
2511,Yinlun Huang,A5032455689,alias,I185443292
1234,Xiaolei Huang,A5027237221,alias,I94658018
2772,Xiaofei Wang,A5100363486,alias,I75256744
621,Ruiqing Shen,A5027558966,alias,I115475287
1610,Yang Zhang,A5100354731,alias,I137902535
118,Florent P Baudier,A5001062856,fuzzy,I91045830
1528,Frank Li,A5050884723,alias,I130701444
1599,Tirthankar Roy,A5071516225,alias,I114395901
485,Jane L Lehr,A5061316154,fuzzy,I149919469
1890,Caroline M Ajo-Franklin,A5000355786,fuzzy,I74775410
916,Dan Li,A5100380810,alias,I201448701
2477,Xin Zhang,A5101807748,alias,I111088046
1199,Megan Cimino,A5036046813,alias,I185103710
2344,Calvin Henard,A5041281489,alias,I123534392
1146,Caitlin Whalen,A5009752667,alias,I201448701
1887,Bridget E Hegarty,A5002092433,alias,I58956616
2807,Benjamin Halpern,A5103061166,alias,I154570441
1476,Trevor J Jones,A5064161727,fuzzy,I74973139
1387,Monica Gentili,A5055370413,alias,I142740786
747,Mallory M Rice,A5059121507,fuzzy,I226560621
1258,Amy Dejongh Curry,A5078104720,fuzzy,I94658018
181,Gong Chen,A5045305534,alias,I130701444
1888,Anna V Little,A5063777231,fuzzy,I223532165
1360,Xuan Zhang,A5100697673,alias,I156087764
905,Ann Carla Staver,A5018977438,alias,I20089843
654,Vitaly Shmatikov,A5038206174,alias,I205783295
2495,Ben Xu,A5049030970,alias,I44461941
292,Xuemin Lu,A5049940913,exact,I107639228
326,Mattia Fazzini,A5059830348,exact,I130238516
1884,Yuan Wang,A5054409245,exact,I97018004
1532,Javad Hashemi,A5102999974,exact,I63772739
727,Benjamin P Warner,A5006179506,fuzzy,I169521973
981,Xingyu Zhou,A5051891202,alias,I185443292
2051,Andrew B Davies,A5063589119,fuzzy,I136199984
68,Yuxin Chen,A5100416074,exact,I40347166
2701,Jie Xu,A5019176524,alias,I33213144
990,Nanette I Marcum-Dietrich,A5086151138,fuzzy,I104651037
1750,Varghese M Vaidyan,A5090994008,fuzzy,I125467818
2353,Wei Zhang,A5014921180,exact,I12315562
290,Hantang Qin,A5082697804,exact,I135310074
369,Xi Wang,A5021428067,alias,I86501945
2186,Joshua Modell,A5024206759,fuzzy,I145311948
1796,Xiaojing Wang,A5100411584,exact,I140172145
1216,Colleen M Witzenburg,A5052683196,fuzzy,I135310074
415,Yi Wang,A5100364972,exact,I76835614
1307,Caterina Strambio De Castillia,A5038795878,exact,I166722992
1147,Jorge A Marchand,A5059494605,fuzzy,I201448701
614,Jeffrey P Walters,A5050185557,fuzzy,I201448701
1042,Hao Sun,A5005804154,exact,I40253897
463,Wei Zhang,A5045834384,exact,I63966007
1807,Diliang Chen,A5009208057,alias,I161057412
514,Christine R Kirkpatrick,A5060540398,fuzzy,I36258959
1298,Bin Zhang,A5100392858,alias,I63966007
195,Alexander J Pak,A5004172217,fuzzy,I167576493
2758,Rui Zhang,A5040976660,exact,I86501945
1786,Sarah M Brown,A5007625707,fuzzy,I17626003
1277,Alan A Kaptanoglu,A5057282926,fuzzy,I57206974
1719,Reza Gheissari,A5085479654,alias,I111979921
1356,Luca V Delacretaz,A5089019137,fuzzy,I40347166
2558,Eleny-Nicoleta Ionel,A5109166002,exact,I97018004
2758,Rui Zhang,A5100422102,alias,I86501945
487,Alison Bain,A5001246019,exact,I131249849
68,Yuxin Chen,A5100416078,alias,I40347166
2348,Mark Brinton,A5043448627,alias,I35429941
1742,Jason Lee,A5100657717,alias,I95457486
2595,Andrew F Thompson,A5077989274,fuzzy,I122411786
2905,Ming Liu,A5100347785,alias,I135310074
1452,Ge Gao,A5042889658,alias,I66946132
1242,Meng Wang,A5028100583,fuzzy,I44461941
217,Lily Wang,A5100335873,alias,I162714631
2953,Xiaoxia Huang,A5017402480,exact,I70983195
1504,Mei Yang,A5113137108,alias,I133999245
568,Chang Liu,A5100353201,exact,I140172145
512,Karen S Molek,A5047819232,fuzzy,I83683471
325,Pranjal Nautiyal,A5078971415,exact,I115475287
2979,Qian Zhang,A5100635758,alias,I103163165
463,Wei Zhang,A5100441660,alias,I63966007
1440,Shenghua Wu,A5111182390,exact,I83809506
2013,Ji Yong Shin,A5059352538,alias,I12912129
744,Robert B Rose,A5111489753,fuzzy,I137902535
1715,Zhongyang Li,A5100773638,alias,I140172145
786,Lin Lin,A5100342078,exact,I95457486
1328,Cara H Haney,A5039705679,fuzzy,I170201317
2620,Adrienne Simoes Correa,A5058737671,fuzzy,I95457486
2477,Xin Zhang,A5063953966,exact,I111088046
2769,Hannah I Shamloo,A5048362536,fuzzy,I29867402
463,Wei Zhang,A5100754823,alias,I63966007
2254,Alexandra E Strom,A5075986062,fuzzy,I202524275
1585,Tingjun Chen,A5109416502,exact,I170897317
1532,Javad Hashemi,A5103556052,exact,I63772739
2590,Yu-Xiang Wang,A5100445080,fuzzy,I36258959
2076,Mehdi Khazaeli,A5091684348,exact,I119942576
1874,Ravi Karkar,A5003260642,alias,I24603500
2609,Caiwen Ding,A5030060072,alias,I130238516
1518,Chen Shi,A5100631623,alias,I82497590
1705,Wei Tang,A5085022536,exact,I39422238
716,Goli Nossoni,A5085064620,alias,I40253897
1062,Trevor M Leslie,A5066200410,fuzzy,I180949307
2613,Chang Liu,A5100353172,exact,I24603500
2772,Xiaofei Wang,A5100363484,alias,I75256744
2564,Ali A Ansari,A5080379072,fuzzy,I11786554
1966,Lu Cheng,A5102542046,exact,I39422238
1790,Ge Ou,A5013739466,alias,I33213144
1684,Joaquín Moraga,A5093494915,alias,I161318765
2950,Maanak Gupta,A5047952246,exact,I63920570
1715,Zhongyang Li,A5100773636,exact,I140172145
2871,Saonli Basu,A5058258081,alias,I130238516
1266,Ozgun Babur,A5006448195,alias,I33434090
1271,Jordi Cabana,A5052912774,exact,I39422238
2184,William Wylie,A5067628220,exact,I70983195
1723,Adina Paytan,A5109465808,alias,I185103710
1249,Derk Joester,A5046468644,alias,I111979921
133,Yao Yang,A5012460628,exact,I205783295
1849,Dipankar Maity,A5090451555,exact,I102149020
2511,Yinlun Huang,A5032455689,exact,I185443292
1234,Xiaolei Huang,A5027237221,exact,I94658018
2772,Xiaofei Wang,A5100363486,exact,I75256744
621,Ruiqing Shen,A5027558966,exact,I115475287
1610,Yang Zhang,A5100354731,exact,I137902535
1528,Frank Li,A5050884723,exact,I130701444
1599,Tirthankar Roy,A5071516225,exact,I114395901
916,Dan Li,A5100380810,exact,I201448701
1387,Monica Gentili,A5055370413,exact,I142740786
1360,Xuan Zhang,A5100697673,exact,I156087764
654,Vitaly Shmatikov,A5038206174,exact,I205783295
2495,Ben Xu,A5049030970,exact,I44461941
292,Xuemin Lu,A5049940913,alias,I107639228
326,Mattia Fazzini,A5059830348,alias,I130238516
1884,Yuan Wang,A5054409245,alias,I97018004
1532,Javad Hashemi,A5102999974,alias,I63772739
68,Yuxin Chen,A5100416074,alias,I40347166
2701,Jie Xu,A5019176524,exact,I33213144
2353,Wei Zhang,A5014921180,alias,I12315562
290,Hantang Qin,A5082697804,alias,I135310074
369,Xi Wang,A5021428067,exact,I86501945
1796,Xiaojing Wang,A5100411584,alias,I140172145
415,Yi Wang,A5100364972,alias,I76835614
1307,Caterina Strambio De Castillia,A5038795878,alias,I166722992
1042,Hao Sun,A5005804154,alias,I40253897
463,Wei Zhang,A5045834384,alias,I63966007
1807,Diliang Chen,A5009208057,exact,I161057412
1298,Bin Zhang,A5100392858,exact,I63966007
2758,Rui Zhang,A5040976660,alias,I86501945
1719,Reza Gheissari,A5085479654,exact,I111979921
2558,Eleny-Nicoleta Ionel,A5109166002,alias,I97018004
2758,Rui Zhang,A5100422102,exact,I86501945
487,Alison Bain,A5001246019,alias,I131249849
68,Yuxin Chen,A5100416078,exact,I40347166
1742,Jason Lee,A5100657717,exact,I95457486
2905,Ming Liu,A5100347785,exact,I135310074
1452,Ge Gao,A5042889658,exact,I66946132
2953,Xiaoxia Huang,A5017402480,alias,I70983195
1504,Mei Yang,A5113137108,exact,I133999245
568,Chang Liu,A5100353201,alias,I140172145
325,Pranjal Nautiyal,A5078971415,alias,I115475287
2979,Qian Zhang,A5100635758,exact,I103163165
463,Wei Zhang,A5100441660,exact,I63966007
1440,Shenghua Wu,A5111182390,alias,I83809506
2013,Ji Yong Shin,A5059352538,exact,I12912129
1715,Zhongyang Li,A5100773638,exact,I140172145
786,Lin Lin,A5100342078,alias,I95457486
2477,Xin Zhang,A5063953966,alias,I111088046
463,Wei Zhang,A5100754823,exact,I63966007
1585,Tingjun Chen,A5109416502,alias,I170897317
1532,Javad Hashemi,A5103556052,alias,I63772739
2076,Mehdi Khazaeli,A5091684348,alias,I119942576
1874,Ravi Karkar,A5003260642,exact,I24603500
2609,Caiwen Ding,A5030060072,exact,I130238516
1705,Wei Tang,A5085022536,alias,I39422238
716,Goli Nossoni,A5085064620,exact,I40253897
2613,Chang Liu,A5100353172,alias,I24603500
2772,Xiaofei Wang,A5100363484,exact,I75256744
1966,Lu Cheng,A5102542046,alias,I39422238
1684,Joaquín Moraga,A5093494915,exact,I161318765
2084,James Shepherd,A5031439303,alias,I87216513
239,Sameer Deshpande,A5082018351,alias,I135310074
2513,Wen Wu,A5069931779,fuzzy,I368840534
2350,Megan M Butala,A5075481811,fuzzy,I33213144
2607,Yoel Rodriguez,A5097091497,alias,I50568159
1617,Varun Mishra,A5004254348,alias,I12912129
2299,Yuan Cao,A5101949866,exact,I95457486
1940,Laura M Hurley,A5077477494,fuzzy,I592451
106,Qian Zhang,A5107250096,exact,I103635307
1827,Zhiqian Chen,A5101965632,alias,I99041443
763,Robert F Anderson,A5111467434,fuzzy,I78577930
2814,Nepomuk Otte,A5103996730,fuzzy,I130701444
783,Jean-Philippe Tessonnier,A5103903526,exact,I173911158
398,Aritra Mitra,A5106470034,alias,I137902535
152,Wentao Tang,A5102893400,alias,I137902535
2236,Matthew A McCary,A5026384512,fuzzy,I74775410
902,Woo Y Lee,A5074639221,fuzzy,I108468826
1829,Fei Dai,A5110790532,exact,I1331384533
1748,Matthew R Walter,A5110929108,fuzzy,I160992636
2121,Sarah Dean,A5034027561,alias,I205783295
1662,Dana N Reinemann,A5080778190,fuzzy,I368840534
239,Sameer Deshpande,A5082018351,exact,I135310074
2607,Yoel Rodriguez,A5097091497,exact,I50568159
2299,Yuan Cao,A5101949866,alias,I95457486
106,Qian Zhang,A5107250096,alias,I103635307
1827,Zhiqian Chen,A5101965632,exact,I99041443
783,Jean-Philippe Tessonnier,A5103903526,alias,I173911158
152,Wentao Tang,A5102893400,exact,I137902535
1829,Fei Dai,A5110790532,alias,I1331384533
2121,Sarah Dean,A5034027561,exact,I205783295
1659,Ishan G Thakkar,A5083056788,fuzzy,I143302722
1017,Lucas A Bang,A5061187880,fuzzy,I133543626
1953,Weiwen Jiang,A5019027088,exact,I162714631
1259,Angeline G Pendergrass,A5015849102,fuzzy,I205783295
1753,Thomas Hou,A5059824798,alias,I859038795
1372,Anne B McCoy,A5046613137,fuzzy,I201448701
1508,Lauren Andrews,A5036971797,fuzzy,I24603500
490,Gabrielle Gaustad,A5015444230,alias,I49502546
301,Weilu Gao,A5001678605,alias,I223532165
1828,Maryam Rahnemoonfar,A5010792548,alias,I186143895
1873,Jose Pablo Vazquez-Medina,A5027325862,exact,I95457486
2000,Jimmy H Saw,A5005089302,fuzzy,I193531525
1320,Yan Wang,A5100322823,alias,I33213144
1607,Yorie Nakahira,A5084147009,alias,I74973139
957,Russell W Mailen,A5057333871,fuzzy,I82497590
1585,Tingjun Chen,A5034818470,alias,I170897317
1523,Harry Arnold,A5043551823,alias,I145311948
1984,Sujit S Datta,A5063823945,fuzzy,I122411786
2775,Harry E Schoeller,A5110201392,fuzzy,I7079364
364,Thomas W Scanlon,A5027882126,fuzzy,I95457486
707,Arianne J Cease,A5045766168,fuzzy,I55732556
1395,Michael K Brown,A5028420558,fuzzy,I82497590
255,Aobo Li,A5020186567,exact,I36258959
1898,Adriana Rocha Lima,A5068524877,alias,I79272384
2313,Susan E Perry,A5005385786,fuzzy,I161318765
2632,Jacqueline Urla,A5049190402,alias,I24603500
1243,Katrina D Barron,A5034296934,fuzzy,I107639228
488,Luca F Di Cerbo,A5081089792,fuzzy,I33213144
2936,Laura Rabin,A5103703479,fuzzy,I83041322
1803,Sandra E Safo,A5070820216,fuzzy,I130238516
26,Lan Zhang,A5100322308,exact,I8078737
831,Anand K Gramopadhye,A5014880083,fuzzy,I8078737
2638,Jeffrey Ross-Ibarra,A5083430943,alias,I84218800
1352,Suzanne S Bohlson,A5011158259,fuzzy,I204250578
2926,Arnold J Bloom,A5014172578,fuzzy,I84218800
2439,Ka Un Lao,A5058617942,exact,I184840846
1897,Joseph C Ayoob,A5087052833,fuzzy,I170201317
2075,Laura Edsberg,A5032369938,alias,I137296409
1918,Derek V Mallia,A5069329318,fuzzy,I223532165
601,Amanda Achberger,A5012781709,alias,I121820613
2104,Sunil K Sukumaran,A5042702040,fuzzy,I114395901
1815,Yixin Wang,A5101934111,alias,I27837315
1014,Ethan Bueno de Mesquita,A5056063783,exact,I40347166
2260,Vivishek Sudhir,A5048486979,exact,I63966007
1097,Shan Li,A5040192831,alias,I186143895
1474,Austin D Gray,A5017457100,fuzzy,I859038795
2443,Xuan Zhang,A5010392575,alias,I12912129
1549,Wenjie Xiong,A5008550066,exact,I859038795
737,Amanda M Holland-Minkley,A5005093323,fuzzy,I28527212
242,Yang Liu,A5100351175,alias,I74973139
142,Tianjun Lu,A5035331464,exact,I143302722
1366,Esteban A Hernandez Vargas,A5051418152,fuzzy,I155093810
903,Susan R Vanderplas,A5090140316,alias,I114395901
286,Jeong Joon Park,A5073988659,exact,I27837315
117,Shirley Li,A5100426717,alias,I204250578
2902,Shi J Sim,A5032792064,fuzzy,I130701444
1195,Tim L Andersen,A5007449362,fuzzy,I120156002
686,Narges Norouzi,A5082852383,alias,I95457486
1830,Herman R Gluck,A5001799964,fuzzy,I79576946
1998,Ralf C Kotulla,A5075900375,fuzzy,I135310074
2069,Lindsay B Case,A5003361057,fuzzy,I63966007
1022,Karen A High,A5043514708,fuzzy,I8078737
2653,Christina J Schneider,A5062981201,fuzzy,I36258959
1867,Songling Shan,A5015238599,alias,I82497590
2025,Michelle H Wilkerson,A5019886241,fuzzy,I95457486
1298,Bin Zhang,A5100392884,alias,I63966007
1634,Elizabeth Roberto,A5027128329,exact,I74775410
1801,Lei S Li,A5100440234,fuzzy,I74775410
1848,Elena Agapie,A5015415555,exact,I204250578
2602,Peng Wang,A5100396017,exact,I58956616
2797,Steven J Bromley,A5011078796,fuzzy,I82497590
599,Elizabeth Harvey,A5005327012,alias,I161057412
1459,Chicheng Zhang,A5066555678,alias,I138006243
1738,Vijay K Shah,A5083496212,fuzzy,I137902535
1288,Boya Xiong,A5065915537,alias,I130238516
1320,Yan Wang,A5089191258,alias,I33213144
2369,Clyde R Varner,A5099381617,fuzzy,I176692203
981,Xingyu Zhou,A5067378652,alias,I185443292
1534,Kathryn Mann,A5083634119,alias,I205783295
2098,Nikole K Lewis,A5079558896,fuzzy,I205783295
1232,Akshay Venkatesh,A5114444440,alias,I40036882
229,Kimberly G Fluet,A5040236570,fuzzy,I5388228
1977,Martha M Munoz,A5031423099,fuzzy,I32971472
859,Naledi M Saul,A5032471873,fuzzy,I180670191
2302,Fereshteh Billiot,A5059824285,alias,I96749437
249,Bobby L Wilson,A5102828227,fuzzy,I201448701
1547,Eric Larson,A5047115153,alias,I27804330
381,Mingzhe Chen,A5101892812,alias,I145608581
2998,Shabnam Semnani,A5012570882,fuzzy,I36258959
1588,Yoon H Kim,A5100621083,fuzzy,I63966007
175,Peipei Zhou,A5063866156,exact,I27804330
2311,Zhichao Cao,A5038377797,exact,I55732556
1796,Xiaojing Wang,A5100411597,exact,I140172145
614,Jeffrey P Walters,A5034631575,fuzzy,I201448701
1917,Ruobing Bai,A5004334120,alias,I12912129
1257,Samuel D Punshon-Smith,A5078922502,fuzzy,I114832834
393,Anne E Egger,A5098211481,fuzzy,I29867402
35,Daniel Fried,A5003637850,exact,I74973139
255,Aobo Li,A5016189936,alias,I36258959
2565,Woochul Lee,A5040830494,alias,I1331384533
2129,Lina Quan,A5033964677,alias,I859038795
1668,Mark Mondrinos,A5007627568,alias,I114832834
2066,Michelle B Sabick,A5071915724,fuzzy,I131651094
1742,Jason Lee,A5066654413,fuzzy,I95457486
25,Leah Spangler,A5039738985,alias,I184840846
533,Joon-Ho Choi,A5074609712,exact,I1174212
1855,Zheng Fan,A5082293355,alias,I44461941
316,Richard d'Arcy,A5006495466,alias,I55732556
1121,Yang Wang,A5035193524,exact,I145608581
474,Dominic J Dal Bello,A5090313433,fuzzy,I78734956
1298,Bin Zhang,A5100392799,exact,I63966007
2443,Xuan Zhang,A5100342935,alias,I12912129
2056,Andrea S Carlini,A5010375388,fuzzy,I154570441
1525,Lixin Wang,A5100331165,exact,I592451
671,Tin C Nguyen,A5018043372,fuzzy,I185443292
160,Xiaomei Wang,A5101509274,exact,I142740786
2065,Jing Li,A5100337131,exact,I368840534
1833,Samuel Carton,A5086610894,alias,I161057412
68,Yuxin Chen,A5100416079,alias,I40347166
2754,Markus P Nemitz,A5075236868,fuzzy,I121934306
1877,Ali C Gurbuz,A5036752295,fuzzy,I137902535
1573,Elizabeth A Nagy,A5043260417,fuzzy,I109301148
968,Beth Frankel-Merenstein,A5081411342,alias,I154264771
1298,Bin Zhang,A5100392923,alias,I63966007
545,Connie Wu,A5063885457,alias,I27837315
2590,Yu-Xiang Wang,A5100445256,fuzzy,I36258959
759,Manuel A Jimenez,A5012010509,fuzzy,I60388903
2068,Sean W Freeman,A5037555208,fuzzy,I82495205
2966,Meredith Kupinski,A5110917847,alias,I138006243
2979,Qian Zhang,A5100401582,alias,I103163165
164,Yuan Liu,A5020246614,alias,I137902535
155,Ziyuan Guo,A5114184823,alias,I1285204247
2477,Xin Zhang,A5100647626,alias,I111088046
1953,Weiwen Jiang,A5019027088,alias,I162714631
490,Gabrielle Gaustad,A5015444230,exact,I49502546
301,Weilu Gao,A5001678605,exact,I223532165
1828,Maryam Rahnemoonfar,A5010792548,exact,I186143895
1873,Jose Pablo Vazquez-Medina,A5027325862,alias,I95457486
1320,Yan Wang,A5100322823,exact,I33213144
1607,Yorie Nakahira,A5084147009,exact,I74973139
1585,Tingjun Chen,A5034818470,exact,I170897317
1523,Harry Arnold,A5043551823,exact,I145311948
255,Aobo Li,A5020186567,alias,I36258959
1898,Adriana Rocha Lima,A5068524877,exact,I79272384
2632,Jacqueline Urla,A5049190402,exact,I24603500
26,Lan Zhang,A5100322308,alias,I8078737
2638,Jeffrey Ross-Ibarra,A5083430943,exact,I84218800
2439,Ka Un Lao,A5058617942,alias,I184840846
1014,Ethan Bueno de Mesquita,A5056063783,alias,I40347166
2260,Vivishek Sudhir,A5048486979,alias,I63966007
1097,Shan Li,A5040192831,exact,I186143895
2443,Xuan Zhang,A5010392575,exact,I12912129
1549,Wenjie Xiong,A5008550066,alias,I859038795
142,Tianjun Lu,A5035331464,alias,I143302722
286,Jeong Joon Park,A5073988659,alias,I27837315
686,Narges Norouzi,A5082852383,exact,I95457486
2696,Karen A High,A5043514708,fuzzy,I8078737
1867,Songling Shan,A5015238599,exact,I82497590
1298,Bin Zhang,A5100392884,exact,I63966007
1634,Elizabeth Roberto,A5027128329,alias,I74775410
1848,Elena Agapie,A5015415555,alias,I204250578
2602,Peng Wang,A5100396017,alias,I58956616
1459,Chicheng Zhang,A5066555678,exact,I138006243
1288,Boya Xiong,A5065915537,exact,I130238516
1320,Yan Wang,A5089191258,exact,I33213144
981,Xingyu Zhou,A5067378652,exact,I185443292
1534,Kathryn Mann,A5083634119,exact,I205783295
1232,Akshay Venkatesh,A5114444440,exact,I40036882
1547,Eric Larson,A5047115153,exact,I27804330
381,Mingzhe Chen,A5101892812,exact,I145608581
175,Peipei Zhou,A5063866156,alias,I27804330
2311,Zhichao Cao,A5038377797,alias,I55732556
1796,Xiaojing Wang,A5100411597,alias,I140172145
1917,Ruobing Bai,A5004334120,exact,I12912129
35,Daniel Fried,A5003637850,alias,I74973139
2565,Woochul Lee,A5040830494,exact,I1331384533
2129,Lina Quan,A5033964677,exact,I859038795
533,Joon-Ho Choi,A5074609712,alias,I1174212
2409,Yang Wang,A5035193524,exact,I145608581
1298,Bin Zhang,A5100392799,alias,I63966007
2443,Xuan Zhang,A5100342935,exact,I12912129
1525,Lixin Wang,A5100331165,alias,I592451
160,Xiaomei Wang,A5101509274,alias,I142740786
2065,Jing Li,A5100337131,alias,I368840534
1833,Samuel Carton,A5086610894,exact,I161057412
68,Yuxin Chen,A5100416079,exact,I40347166
968,Beth Frankel-Merenstein,A5081411342,exact,I154264771
1298,Bin Zhang,A5100392923,exact,I63966007
545,Connie Wu,A5063885457,exact,I27837315
2979,Qian Zhang,A5100401582,exact,I103163165
164,Yuan Liu,A5020246614,exact,I137902535
155,Ziyuan Guo,A5114184823,exact,I1285204247
2477,Xin Zhang,A5100647626,exact,I111088046
2409,Yang Wang,A5035193524,alias,I145608581
1121,Yang Wang,A5035193524,alias,I145608581
68,Yuxin Chen,A5070894907,exact,I40347166
2863,Chi-Wang Shu,A5107943655,alias,I27804330
631,Lars Hansen,A5112678936,exact,I130238516
1213,Julie A Peterson,A5064344192,fuzzy,I157417397
1537,Anuradha Gupta,A5030114388,alias,I368840534
2251,Wen Chen,A5009339011,alias,I1174212
2476,Emma Pierson,A5067807487,exact,I95457486
1350,Min Zhang,A5100402851,alias,I47500952
17,Pan Xu,A5102200505,alias,I118118575
1320,Yan Wang,A5100357614,alias,I33213144
2378,Gage Hills,A5003214642,alias,I136199984
2597,Ziming Zhao,A5073603754,alias,I12912129
1121,Yang Wang,A5100714578,alias,I145608581
1227,Sara Warix,A5074170532,alias,I223532165
375,Mohamed I Ibrahim,A5102213733,fuzzy,I205783295
68,Yuxin Chen,A5070894907,alias,I40347166
631,Lars Hansen,A5112678936,alias,I130238516
2251,Wen Chen,A5009339011,exact,I1174212
2476,Emma Pierson,A5067807487,alias,I95457486
1350,Min Zhang,A5100402851,exact,I47500952
17,Pan Xu,A5102200505,exact,I118118575
2378,Gage Hills,A5003214642,exact,I136199984
2597,Ziming Zhao,A5073603754,exact,I12912129
2409,Yang Wang,A5100714578,alias,I145608581
1121,Yang Wang,A5100714578,exact,I145608581
2409,Yang Wang,A5100714578,exact,I145608581
160,Xiaomei Wang,A5100457091,alias,I142740786
1724,Leilani H Gilpin,A5013309687,fuzzy,I185103710
2691,Mohammed A Qazi,A5022161643,fuzzy,I6026837
2113,Tal G Malkin,A5058081649,fuzzy,I78577930
1175,John W Williams,A5075824722,fuzzy,I135310074
831,Anand K Gramopadhye,A5038503495,fuzzy,I8078737
2840,Rui Bo,A5073578061,alias,I20382870
1664,Raul E Curto,A5070954786,fuzzy,I126307644
309,Todd M Holden,A5048324575,fuzzy,I47807954
1304,Siamak Nejati,A5027405483,alias,I114395901
2707,James T Randerson,A5057159878,fuzzy,I204250578
868,Kimberly E Kurtis,A5054530597,fuzzy,I130701444
1576,Meng Lu,A5027856369,alias,I173911158
998,Charles P Baylis,A5025640305,fuzzy,I157394403
1993,Olufemi M Olorode,A5032921989,fuzzy,I121820613
569,Michael F Howland,A5064818110,fuzzy,I63966007
2342,An Wang,A5100419959,exact,I58956616
2204,Bella Bose,A5108277072,exact,I131249849
716,Goli Nossoni,A5035519649,alias,I40253897
1115,Niccolo M Fiorentino,A5082463471,fuzzy,I111236770
2248,Joerg Bewersdorf,A5037258583,alias,I32971472
2417,Xiaohui Yuan,A5021355100,alias,I123534392
2964,Teresa J Cutright,A5068406850,fuzzy,I110152177
409,Richard D Canary,A5025951431,fuzzy,I27837315
583,Sonia M Tiquia-Arashiro,A5074550587,fuzzy,I4210130704
892,Sankha Banerjee,A5082113851,exact,I67328108
1628,Ashok Litwin-Kumar,A5020551914,alias,I78577930
2630,Steve Smith,A5011759109,alias,I184647316
2629,Raj K Vinnakota,A5016725310,fuzzy,I149292303
1748,Matthew R Walter,A5103153703,fuzzy,I160992636
1783,Sarah E Fox,A5038768773,fuzzy,I74973139
473,Bala Krishnamoorthy,A5102955818,alias,I72951846
2213,Faez Ahmed,A5040705509,exact,I63966007
295,Daniel N Congreve,A5064878604,fuzzy,I97018004
758,Diane L Peters,A5055565398,fuzzy,I39965400
1706,Tolga Karsili,A5043670906,alias,I79516672
2527,Caroline Terry,A5024872274,alias,I39422238
1870,Susan E Clark,A5001902542,fuzzy,I97018004
2331,Susanna M Thon,A5064910080,fuzzy,I145311948
270,Roy R Gal,A5064953454,alias,I1331384533
1602,Shuya Wei,A5017212107,exact,I169521973
2659,Adalbert Gerald Soosai Raj,A5016629484,exact,I36258959
2126,Arpit Gupta,A5046100948,exact,I154570441
1537,Anuradha Gupta,A5107987768,alias,I368840534
388,Charles B Dhong,A5033824331,fuzzy,I86501945
912,Abas Sabouni,A5090617284,alias,I160003610
1229,Lorraine Lisiecki,A5091455900,alias,I154570441
46,SeungYeon Kang,A5041192714,exact,I140172145
327,Tianqi Chen,A5101471083,alias,I74973139
2792,Jamesina J Simpson,A5014638745,fuzzy,I223532165
1401,Srikanthan Ramesh,A5031047373,alias,I115475287
1539,Kevin M McPeak,A5090250124,fuzzy,I121820613
443,John W Bennewitz,A5057043012,fuzzy,I82495205
1165,Yunan Luo,A5040139742,exact,I130701444
1658,Wenchao Ge,A5042192813,exact,I17626003
2905,Ming Liu,A5100347800,exact,I135310074
1649,Benjamin Woolston,A5083818064,alias,I12912129
2086,Shimon J Kolkowitz,A5049596670,fuzzy,I95457486
1752,JAMES WEIMER,A5054356243,alias,I200719446
2475,Chenchen Song,A5039107850,exact,I84218800
732,Chadia Affane Aji,A5003263087,alias,I6026837
1236,Tingying Xu,A5045044384,exact,I115475287
281,Michael I Baron,A5102863922,fuzzy,I181401687
1303,Nicholas C Butzin,A5067454023,fuzzy,I177156846
2477,Xin Zhang,A5077268127,fuzzy,I111088046
2046,Jiaoyang Li,A5101499733,alias,I74973139
1713,Matthew D Tyler,A5034347097,fuzzy,I74775410
2157,Hendrik Utzat,A5036365552,exact,I95457486
2387,Cheng Wang,A5100416981,alias,I173911158
2553,Alan J Kaufman,A5085525996,fuzzy,I66946132
458,Hang Yu,A5026394256,exact,I23732399
1485,Paul D Asimow,A5112805179,fuzzy,I122411786
1299,Sanjiban Choudhury,A5057995939,alias,I205783295
2065,Jing Li,A5100337133,alias,I368840534
106,Qian Zhang,A5011473115,alias,I103635307
1168,Meiyi Ma,A5114192481,exact,I200719446
2200,Andrea Bajcsy,A5050279893,alias,I74973139
2202,Hsien-Chih Chang,A5003923315,exact,I107672454
1063,Carlos F Moffat,A5044995325,fuzzy,I86501945
2094,Jun-Chau Chien,A5057902584,alias,I95457486
72,Emily D Sanders,A5063732592,fuzzy,I130701444
2477,Xin Zhang,A5100327336,alias,I111088046
2335,Kristi L McQuade,A5000972250,fuzzy,I24648388
1610,Yang Zhang,A5100354763,exact,I137902535
1311,Dessie L Clark,A5075882352,fuzzy,I135310074
2692,Xing Gao,A5100622641,alias,I86501945
530,Christina O Lee,A5104104909,fuzzy,I95457486
1348,Fenghai Guo,A5034050368,alias,I188405335
2065,Jing Li,A5100367188,exact,I368840534
2569,Xian Lu,A5007895377,alias,I8078737
302,Brendan M David-John,A5070114175,fuzzy,I859038795
2005,Juliet Y Davidow,A5089091112,exact,I12912129
463,Wei Zhang,A5100441671,exact,I63966007
2812,Sunita Chandrasekaran,A5085717278,alias,I86501945
457,Jacob Z Shapiro,A5089706733,alias,I127591826
2692,Xing Gao,A5100622643,exact,I86501945
2868,Corey Jones,A5023931973,alias,I137902535
1689,Suzanne Boyd,A5055432523,alias,I43579087
1107,Bin Sun,A5100641761,alias,I87216513
1100,Farid Ahmed,A5090334994,exact,I2802326326
971,Pamela K Kerrigan,A5084001296,fuzzy,I89580169
2758,Rui Zhang,A5100422092,alias,I86501945
2537,Joshua B Russell,A5071712019,fuzzy,I70983195
2036,Yizhi Xiang,A5085348062,alias,I76835614
2966,Meredith Kupinski,A5111222770,fuzzy,I138006243
916,Dan Li,A5100380736,alias,I201448701
1206,Jonathan D Nash,A5018477331,fuzzy,I131249849
233,Sung Jin Park,A5100323608,alias,I150468666
1350,Min Zhang,A5100403003,alias,I47500952
2496,Anthony R Cummings,A5050774796,fuzzy,I100538780
2591,Sarah A Wilson,A5101938338,fuzzy,I143302722
2692,Xing Gao,A5100622647,exact,I86501945
2969,Michael R Peterson,A5102926223,fuzzy,I59897056
358,Lei Fan,A5101802266,alias,I44461941
340,Max S New,A5050680882,fuzzy,I27837315
1528,Frank Li,A5102716978,fuzzy,I130701444
1581,Qi Zhang,A5100360282,alias,I107077323
1758,Karen Leung,A5071998024,exact,I201448701
550,Daniel E Parker,A5082530701,fuzzy,I36258959
2993,Charles D Brown,A5015566669,fuzzy,I32971472
463,Wei Zhang,A5109436583,fuzzy,I63966007
2362,Laurent P Saloff-Coste,A5106424443,fuzzy,I205783295
209,Maria M Coronel,A5065868161,fuzzy,I27837315
408,Ying Cui,A5025630034,alias,I95457486
849,Stephen C Brozina,A5107104514,fuzzy,I161203489
2679,Kai Shu,A5058670321,alias,I150468666
2602,Peng Wang,A5100396168,exact,I58956616
233,Sung Jin Park,A5032937707,exact,I150468666
2080,Rachel E Wilbur,A5007147671,fuzzy,I72951846
457,Jacob Z Shapiro,A5040981258,fuzzy,I127591826
2435,Ming Yang,A5108532590,alias,I8078737
415,Yi Wang,A5100364952,exact,I76835614
1799,Brian T Smith,A5065178123,fuzzy,I1338124936
2007,Peter Barry,A5103071019,alias,I66958751
655,Yan Li,A5100760069,alias,I107672454
160,Xiaomei Wang,A5100457091,exact,I142740786
2952,John W Williams,A5075824722,fuzzy,I135310074
2840,Rui Bo,A5073578061,exact,I20382870
1304,Siamak Nejati,A5027405483,exact,I114395901
1576,Meng Lu,A5027856369,exact,I173911158
2342,An Wang,A5100419959,alias,I58956616
2204,Bella Bose,A5108277072,alias,I131249849
716,Goli Nossoni,A5035519649,exact,I40253897
2248,Joerg Bewersdorf,A5037258583,exact,I32971472
2417,Xiaohui Yuan,A5021355100,exact,I123534392
892,Sankha Banerjee,A5082113851,alias,I67328108
1628,Ashok Litwin-Kumar,A5020551914,exact,I78577930
473,Bala Krishnamoorthy,A5102955818,exact,I72951846
2213,Faez Ahmed,A5040705509,alias,I63966007
2659,Adalbert Gerald Soosai Raj,A5016629484,alias,I36258959
2126,Arpit Gupta,A5046100948,alias,I154570441
1537,Anuradha Gupta,A5107987768,exact,I368840534
912,Abas Sabouni,A5090617284,exact,I160003610
46,SeungYeon Kang,A5041192714,alias,I140172145
327,Tianqi Chen,A5101471083,exact,I74973139
1401,Srikanthan Ramesh,A5031047373,exact,I115475287
1165,Yunan Luo,A5040139742,alias,I130701444
1658,Wenchao Ge,A5042192813,alias,I17626003
2905,Ming Liu,A5100347800,alias,I135310074
2982,Benjamin Woolston,A5083818064,alias,I12912129
1752,JAMES WEIMER,A5054356243,exact,I200719446
2475,Chenchen Song,A5039107850,alias,I84218800
1236,Tingying Xu,A5045044384,alias,I115475287
2046,Jiaoyang Li,A5101499733,exact,I74973139
2387,Cheng Wang,A5100416981,exact,I173911158
458,Hang Yu,A5026394256,alias,I23732399
1299,Sanjiban Choudhury,A5057995939,exact,I205783295
2065,Jing Li,A5100337133,exact,I368840534
106,Qian Zhang,A5011473115,exact,I103635307
1168,Meiyi Ma,A5114192481,alias,I200719446
2200,Andrea Bajcsy,A5050279893,exact,I74973139
2202,Hsien-Chih Chang,A5003923315,alias,I107672454
2094,Jun-Chau Chien,A5057902584,exact,I95457486
2477,Xin Zhang,A5100327336,exact,I111088046
1610,Yang Zhang,A5100354763,alias,I137902535
2692,Xing Gao,A5100622641,exact,I86501945
1348,Fenghai Guo,A5034050368,exact,I188405335
2065,Jing Li,A5100367188,alias,I368840534
2569,Xian Lu,A5007895377,exact,I8078737
2005,Juliet Y Davidow,A5089091112,alias,I12912129
463,Wei Zhang,A5100441671,alias,I63966007
2812,Sunita Chandrasekaran,A5085717278,exact,I86501945
2692,Xing Gao,A5100622643,alias,I86501945
2868,Corey Jones,A5023931973,exact,I137902535
1107,Bin Sun,A5100641761,exact,I87216513
1100,Farid Ahmed,A5090334994,alias,I2802326326
2758,Rui Zhang,A5100422092,exact,I86501945
2036,Yizhi Xiang,A5085348062,exact,I76835614
916,Dan Li,A5100380736,exact,I201448701
233,Sung Jin Park,A5100323608,exact,I150468666
1350,Min Zhang,A5100403003,exact,I47500952
2692,Xing Gao,A5100622647,alias,I86501945
358,Lei Fan,A5101802266,exact,I44461941
1581,Qi Zhang,A5100360282,exact,I107077323
1758,Karen Leung,A5071998024,alias,I201448701
408,Ying Cui,A5025630034,exact,I95457486
2679,Kai Shu,A5058670321,exact,I150468666
2602,Peng Wang,A5100396168,alias,I58956616
233,Sung Jin Park,A5032937707,alias,I150468666
415,Yi Wang,A5100364952,alias,I76835614
655,Yan Li,A5100760069,exact,I107672454
2477,Xin Zhang,A5100327624,exact,I111088046
1824,Yan Yan,A5100395059,alias,I72951846
846,Andrew D Steen,A5040578598,fuzzy,I1174212
1742,Jason Lee,A5100657726,alias,I95457486
216,Clemencia M Rojas,A5072214709,fuzzy,I114395901
2443,Xuan Zhang,A5100342892,alias,I12912129
877,Sarah A Wilson,A5029467172,fuzzy,I44265643
2925,Christos Athanasiou,A5106163625,fuzzy,I130701444
1320,Yan Wang,A5100322819,alias,I33213144
1682,Yuchen Liu,A5100373067,alias,I137902535
716,Goli Nossoni,A5034335594,alias,I40253897
2602,Peng Wang,A5044519513,alias,I58956616
2848,Aron Kamajaya,A5092419141,alias,I65453921
1320,Yan Wang,A5100322888,exact,I33213144
1212,Monique Borgerhoff Mulder,A5105465663,alias,I1308548392
181,Gong Chen,A5006022622,exact,I130701444
1452,Ge Gao,A5101779347,exact,I66946132
1073,Jorge J Rocca,A5067474334,alias,I92446798
2106,YANG YANG,A5100397762,alias,I26538001
2692,Xing Gao,A5100622642,exact,I86501945
1981,Li Zhang,A5056688285,exact,I2802326326
2477,Xin Zhang,A5100327624,alias,I111088046
1824,Yan Yan,A5100395059,exact,I72951846
1742,Jason Lee,A5100657726,exact,I95457486
2443,Xuan Zhang,A5100342892,exact,I12912129
1320,Yan Wang,A5100322819,exact,I33213144
1682,Yuchen Liu,A5100373067,exact,I137902535
716,Goli Nossoni,A5034335594,exact,I40253897
2602,Peng Wang,A5044519513,exact,I58956616
2848,Aron Kamajaya,A5092419141,exact,I65453921
1320,Yan Wang,A5100322888,alias,I33213144
1212,Monique Borgerhoff Mulder,A5105465663,exact,I1308548392
181,Gong Chen,A5006022622,alias,I130701444
1452,Ge Gao,A5101779347,alias,I66946132
2106,YANG YANG,A5100397762,exact,I26538001
2692,Xing Gao,A5100622642,alias,I86501945
1981,Li Zhang,A5056688285,alias,I2802326326
1812,Nancy Fulda,A5043661073,exact,I100005738
1512,Vidya A Chhabria,A5069179438,fuzzy,I55732556
495,Joseph A Gauthier,A5088579134,fuzzy,I12315562
381,Mingzhe Chen,A5072241033,alias,I145608581
1504,Mei Yang,A5029144194,exact,I133999245
1136,Pier Alexandre Champagne,A5027518220,exact,I118118575
2091,Ramon A Miranda Quintana,A5039322037,fuzzy,I33213144
154,Xueqing Liu,A5100775513,alias,I108468826
1768,Christopher E Hoffman,A5068889969,fuzzy,I201448701
1517,Ming C Hammond,A5033537158,fuzzy,I223532165
1121,Yang Wang,A5029040392,exact,I145608581
1177,Umesh Vaidya,A5050749492,alias,I8078737
2191,Bo Zhao,A5072625482,alias,I44461941
2291,Jacob A George,A5066449963,fuzzy,I223532165
786,Lin Lin,A5107195431,exact,I95457486
2838,Matthew V Tirrell,A5006465118,fuzzy,I40347166
2698,Meena M Balgopal,A5040956478,fuzzy,I92446798
718,Benjamin Nachman,A5107211715,alias,I97018004
508,Zhanqing Li,A5037950211,exact,I66946132
958,Mark O Riedl,A5061883150,fuzzy,I130701444
1834,Sergey V Kravtsov,A5052337472,fuzzy,I43579087
1347,Dina Verdin,A5020436365,alias,I55732556
841,Francois Primeau,A5088078785,exact,I204250578
1663,Amie M Gordon,A5064466983,fuzzy,I27837315
2137,Hangbo Zhao,A5038624492,alias,I1174212
1138,Mohammad H Malakooti,A5074703772,fuzzy,I201448701
2155,Wilma A Bainbridge,A5061047919,fuzzy,I40347166
1578,Bradley A Kramer,A5034350821,fuzzy,I189590672
17,Pan Xu,A5007399946,alias,I118118575
816,Michele Barbato,A5050816364,alias,I84218800
1708,Lingling Zhao,A5044291825,alias,I82495205
2079,Leah D Grant,A5090426744,fuzzy,I92446798
2143,Anita Raja,A5055430969,alias,I39694355
1966,Lu Cheng,A5040552536,alias,I39422238
223,Tessa M Burch-Smith,A5053128994,fuzzy,I2799511691
2742,Ruiguo Yang,A5041747112,exact,I87216513
2558,Eleny-Nicoleta Ionel,A5013638611,alias,I97018004
2477,Xin Zhang,A5100327436,exact,I111088046
1455,Allison H Moore,A5036989845,fuzzy,I184840846
2826,Tala Navab-Daneshmand,A5052100378,exact,I131249849
1055,Laura Desimone,A5065383411,alias,I86501945
197,Andrew Head,A5003473641,alias,I79576946
1054,Cristiano Fanelli,A5016435765,alias,I16285277
1504,Mei Yang,A5100438296,alias,I133999245
2985,Pengtao Xie,A5083884675,exact,I36258959
217,Lily Wang,A5020503630,exact,I162714631
425,Kun Wang,A5100366663,alias,I145608581
2042,Brian A Aguado,A5037165431,fuzzy,I36258959
1551,Yuanyuan Shi,A5100645756,exact,I36258959
2350,Megan M Butala,A5076597309,fuzzy,I33213144
2876,Peter Buston,A5001238421,alias,I111088046
1089,Laura K Rademacher,A5067643486,fuzzy,I119942576
2324,Stephanie S Ivey,A5014252342,fuzzy,I94658018
89,Megan E Holtz,A5003087423,fuzzy,I167576493
2817,Kasey D Fowler-Finn,A5089570524,fuzzy,I47838141
2699,STEFANO M BERTOZZI,A5063104847,fuzzy,I95457486
2943,Matthew Kleban,A5016762597,exact,I57206974
902,Woo Y Lee,A5058621365,fuzzy,I108468826
1124,Xuan Wang,A5100656414,alias,I859038795
719,Mengxue Hou,A5063884621,alias,I107639228
2936,Laura Rabin,A5083193407,alias,I83041322
1742,Jason Lee,A5015427831,alias,I95457486
200,Jiaqi Gu,A5090386129,exact,I55732556
1504,Mei Yang,A5100438307,alias,I133999245
2635,Na Zou,A5113068088,exact,I44461941
2327,Elizabeth M Lee,A5100786315,fuzzy,I204250578
1964,Stephen Archer,A5023499622,alias,I2800663845
1101,Kyle F Davis,A5081299715,fuzzy,I86501945
2030,Jeffrey D Rudolf,A5032968619,fuzzy,I33213144
2564,Ali A Ansari,A5063267124,fuzzy,I11786554
351,Fatemeh Ganji,A5017195195,exact,I107077323
2477,Xin Zhang,A5100327613,exact,I111088046
239,Sameer Deshpande,A5083253309,alias,I135310074
1716,Kiana Aran,A5055891950,exact,I36258959
2144,HaoSheng Sun,A5007601064,alias,I32389192
886,Brent A Nelson,A5110104317,fuzzy,I87216513
168,John King,A5109970239,alias,I169521973
1242,Meng Wang,A5100377130,exact,I44461941
518,William T Ross,A5073040180,fuzzy,I158012942
391,Dustin L Updike,A5082250718,fuzzy,I2800736356
2602,Peng Wang,A5100395960,alias,I58956616
754,Jessica D Boles,A5044794240,fuzzy,I95457486
1614,Xu Wang,A5100407889,alias,I27837315
1541,Si Jung Kim,A5008639790,exact,I133999245
2979,Qian Zhang,A5115603610,alias,I103163165
353,Zhengming Ding,A5054177926,alias,I114832834
2007,Peter Barry,A5080037227,alias,I66958751
2019,Dawn H Nagel,A5008414483,fuzzy,I103635307
167,Heather Feaga,A5021305940,alias,I205783295
2583,Ross K Maddox,A5031488938,fuzzy,I27837315
1435,Daniel Tannenbaum,A5061677943,alias,I114395901
431,Navid Azizan Ruhi,A5005748450,alias,I63966007
744,Robert B Rose,A5001919234,fuzzy,I137902535
2387,Cheng Wang,A5100416959,alias,I173911158
594,Shannon E Pittman,A5028946997,fuzzy,I72702400
2065,Jing Li,A5100336827,alias,I368840534
1438,Yulong Lu,A5080770658,alias,I130238516
2945,Kailong Jin,A5085684108,exact,I55732556
109,Yuyang Dong,A5021045482,exact,I92446798
2031,John W Hickey,A5058493443,fuzzy,I170897317
233,Sung Jin Park,A5017964507,fuzzy,I150468666
1421,Christin N Bibby,A5073017252,fuzzy,I121820613
1597,Tobin J Hammer,A5073474435,fuzzy,I204250578
2606,Felice J Levine,A5035871132,fuzzy,I168161088
2010,Fanxin Kong,A5007560139,alias,I107639228
1582,Andrew M Daw,A5062174312,fuzzy,I1174212
546,Qilei Zhu,A5085508143,alias,I223532165
1336,Mark Shoemaker,A5058423102,alias,I92446798
2395,Wenlin Zhang,A5100635260,exact,I107672454
2488,Stephanie Balzer,A5083850156,alias,I74973139
2422,Jonathan Dannatt,A5007193236,alias,I182980787
2589,Laura Morett,A5023030989,alias,I76835614
1096,Oana-Alexandra Dumitru,A5043922578,alias,I33213144
958,Mark O Riedl,A5094131177,fuzzy,I130701444
1796,Xiaojing Wang,A5100411598,alias,I140172145
283,Melissa L Emory,A5005191353,fuzzy,I115475287
357,Yang Lin,A5101766860,alias,I17626003
2051,Andrew B Davies,A5036710862,fuzzy,I136199984
189,MINGYU CAI,A5040493161,alias,I103635307
503,Yujie Xu,A5004851594,alias,I78577930
411,David A Butler,A5101978564,fuzzy,I1318687432
2489,Liu Liu,A5100324294,alias,I165799507
211,Xingcheng Lin,A5046672665,alias,I137902535
2065,Jing Li,A5100336985,exact,I368840534
2216,Kerry L Breno,A5067018479,fuzzy,I168046917
2849,Tuan D Nguyen,A5005095777,fuzzy,I76835614
1955,Jacob W Faber,A5093869855,fuzzy,I57206974
786,Lin Lin,A5100342044,exact,I95457486
2005,Juliet Y Davidow,A5061427957,fuzzy,I12912129
149,Andres R Vindas Melendez,A5065824597,fuzzy,I133543626
2106,YANG YANG,A5100397717,exact,I26538001
485,Jane L Lehr,A5099127641,alias,I149919469
1124,Xuan Wang,A5100329027,alias,I859038795
1052,Shih-Chun Lin,A5114377379,exact,I137902535
2106,YANG YANG,A5100397767,alias,I26538001
1701,Yin Li,A5100979407,alias,I135310074
1809,Md Mobashir H Shandhi,A5031102176,fuzzy,I55732556
2854,Hongchang Gao,A5112587596,exact,I84392919
1812,Nancy Fulda,A5043661073,alias,I100005738
381,Mingzhe Chen,A5072241033,exact,I145608581
1504,Mei Yang,A5029144194,alias,I133999245
1136,Pier Alexandre Champagne,A5027518220,alias,I118118575
154,Xueqing Liu,A5100775513,exact,I108468826
2409,Yang Wang,A5029040392,exact,I145608581
1177,Umesh Vaidya,A5050749492,exact,I8078737
2191,Bo Zhao,A5072625482,exact,I44461941
786,Lin Lin,A5107195431,alias,I95457486
508,Zhanqing Li,A5037950211,alias,I66946132
1347,Dina Verdin,A5020436365,exact,I55732556
841,Francois Primeau,A5088078785,alias,I204250578
2137,Hangbo Zhao,A5038624492,exact,I1174212
17,Pan Xu,A5007399946,exact,I118118575
816,Michele Barbato,A5050816364,exact,I84218800
1708,Lingling Zhao,A5044291825,exact,I82495205
2143,Anita Raja,A5055430969,exact,I39694355
1966,Lu Cheng,A5040552536,exact,I39422238
2264,Tessa M Burch-Smith,A5053128994,fuzzy,I2799511691
2742,Ruiguo Yang,A5041747112,alias,I87216513
2558,Eleny-Nicoleta Ionel,A5013638611,exact,I97018004
2477,Xin Zhang,A5100327436,alias,I111088046
2826,Tala Navab-Daneshmand,A5052100378,alias,I131249849
197,Andrew Head,A5003473641,exact,I79576946
1504,Mei Yang,A5100438296,exact,I133999245
217,Lily Wang,A5020503630,alias,I162714631
425,Kun Wang,A5100366663,exact,I145608581
1551,Yuanyuan Shi,A5100645756,alias,I36258959
2943,Matthew Kleban,A5016762597,alias,I57206974
719,Mengxue Hou,A5063884621,exact,I107639228
2936,Laura Rabin,A5083193407,exact,I83041322
200,Jiaqi Gu,A5090386129,alias,I55732556
1504,Mei Yang,A5100438307,exact,I133999245
2635,Na Zou,A5113068088,alias,I44461941
351,Fatemeh Ganji,A5017195195,alias,I107077323
2477,Xin Zhang,A5100327613,alias,I111088046
1716,Kiana Aran,A5055891950,alias,I36258959
2144,HaoSheng Sun,A5007601064,exact,I32389192
1242,Meng Wang,A5100377130,alias,I44461941
2602,Peng Wang,A5100395960,exact,I58956616
1614,Xu Wang,A5100407889,exact,I27837315
1541,Si Jung Kim,A5008639790,alias,I133999245
2979,Qian Zhang,A5115603610,exact,I103163165
1435,Daniel Tannenbaum,A5061677943,exact,I114395901
2387,Cheng Wang,A5100416959,exact,I173911158
2065,Jing Li,A5100336827,exact,I368840534
1438,Yulong Lu,A5080770658,exact,I130238516
2945,Kailong Jin,A5085684108,alias,I55732556
109,Yuyang Dong,A5021045482,alias,I92446798
2010,Fanxin Kong,A5007560139,exact,I107639228
546,Qilei Zhu,A5085508143,exact,I223532165
1336,Mark Shoemaker,A5058423102,exact,I92446798
2395,Wenlin Zhang,A5100635260,alias,I107672454
2488,Stephanie Balzer,A5083850156,exact,I74973139
1796,Xiaojing Wang,A5100411598,exact,I140172145
189,MINGYU CAI,A5040493161,exact,I103635307
503,Yujie Xu,A5004851594,exact,I78577930
927,David A Butler,A5101978564,fuzzy,I1318687432
2489,Liu Liu,A5100324294,exact,I165799507
211,Xingcheng Lin,A5046672665,exact,I137902535
2065,Jing Li,A5100336985,alias,I368840534
2106,YANG YANG,A5100397717,alias,I26538001
485,Jane L Lehr,A5099127641,exact,I149919469
1124,Xuan Wang,A5100329027,exact,I859038795
1052,Shih-Chun Lin,A5114377379,alias,I137902535
2106,YANG YANG,A5100397767,exact,I26538001
1701,Yin Li,A5100979407,exact,I135310074
2854,Hongchang Gao,A5112587596,alias,I84392919
2409,Yang Wang,A5029040392,alias,I145608581
1121,Yang Wang,A5029040392,alias,I145608581
2330,Zhengtian Xu,A5110959975,alias,I193531525
1124,Xuan Wang,A5100328984,alias,I859038795
1320,Yan Wang,A5060542920,exact,I33213144
602,Wei Liu,A5114207477,alias,I859038795
2644,Melissa C Smith,A5042700995,fuzzy,I8078737
1974,Mehdi Sadi,A5093276767,alias,I82497590
463,Wei Zhang,A5100699829,alias,I63966007
2204,Bella Bose,A5108188514,alias,I131249849
1705,Wei Tang,A5054738516,exact,I39422238
602,Wei Liu,A5100431814,alias,I859038795
2330,Zhengtian Xu,A5110959975,exact,I193531525
1124,Xuan Wang,A5100328984,exact,I859038795
1320,Yan Wang,A5060542920,alias,I33213144
602,Wei Liu,A5114207477,exact,I859038795
1974,Mehdi Sadi,A5093276767,exact,I82497590
463,Wei Zhang,A5100699829,exact,I63966007
1705,Wei Tang,A5054738516,alias,I39422238
602,Wei Liu,A5100431814,exact,I859038795
2966,Meredith Kupinski,A5037930301,alias,I138006243
536,Panpan Zhang,A5100411733,exact,I901861585
2011,Erin K Molloy,A5045334836,fuzzy,I66946132
2811,Tracy A Hammond,A5075250507,fuzzy,I91045830
2856,Dinshaw S Balsara,A5077912016,fuzzy,I107639228
341,Tyler R Kartzinel,A5073382238,fuzzy,I27804330
41,Shuang Zhang,A5100321571,exact,I91045830
1956,Justus C Ndukaife,A5005967434,fuzzy,I200719446
2704,Jeffrey E Shield,A5051506809,fuzzy,I114395901
2247,Md Mahbubul Islam,A5046600331,exact,I185443292
2542,Eun-Hwa Kim,A5079286249,exact,I102298084
2624,John R Schaibley,A5066838571,fuzzy,I138006243
31,Patrick J Walsh,A5037620851,fuzzy,I79576946
501,Daniel C Floryan,A5086567929,fuzzy,I44461941
2987,Stephanie J Lunn,A5067592592,fuzzy,I19700959
2602,Peng Wang,A5100396091,alias,I58956616
1882,David J Berg,A5101983540,fuzzy,I83328450
2968,Donald A Hantula,A5077752619,fuzzy,I84392919
1853,Patrick P Edger,A5001730410,fuzzy,I87216513
2520,Erin L Landguth,A5043190186,fuzzy,I6750721
1337,Billy M Williams,A5037471842,fuzzy,I160664669
1176,Roland Mundil,A5042881068,alias,I1325733142
1785,David van Dijk,A5019679682,alias,I32971472
2981,Alessandro Alabastri,A5059307028,alias,I74775410
2576,H David Jeong,A5023847318,alias,I91045830
1467,Mimi M Recker,A5001765476,fuzzy,I121980950
2634,Ryan Behunin,A5003889338,alias,I203172682
974,Peter Veres,A5048905624,alias,I82495205
521,Qifei Niu,A5014934575,exact,I120156002
1364,Yingmei Liu,A5101414933,exact,I115475287
2486,Michael A Grubb,A5057246676,fuzzy,I56722557
1796,Xiaojing Wang,A5055435981,alias,I140172145
2716,Wing Lam,A5036039220,exact,I162714631
1932,Katherine McAuliffe,A5057595868,alias,I103531236
783,Jean-Philippe Tessonnier,A5021135468,alias,I173911158
2731,Peter Morton,A5076606274,alias,I91045830
2102,Ru-yu Lai,A5020756113,alias,I130238516
893,Sarah Cannon,A5032733831,alias,I106107269
556,Louis Bouchard,A5053925403,alias,I161318765
2485,Chiara Borrelli,A5021194983,alias,I5388228
1855,Zheng Fan,A5050996662,exact,I44461941
280,Aaron H Morris,A5041878749,fuzzy,I27837315
2003,Christina M Rost,A5014759418,fuzzy,I859038795
2591,Sarah A Wilson,A5101938339,fuzzy,I143302722
2229,Jennifer Jacobs,A5058644728,exact,I154570441
2618,Martha Escobar,A5058835370,exact,I177721651
2832,Alexander R Tye,A5068314771,fuzzy,I218822139
1365,Megan E Cattau,A5077064108,fuzzy,I120156002
2909,Nathan Ahlgren,A5055904764,alias,I130785548
1863,Luis E Zambrano-Cruzatty,A5099294465,fuzzy,I7947594
358,Lei Fan,A5017743726,alias,I44461941
2384,Andrew Katz,A5079726704,exact,I859038795
751,Andrew H Owens,A5034304163,fuzzy,I205783295
366,Kuei-Chun Wang,A5056149788,exact,I55732556
1831,Alex Abramson,A5018503273,exact,I130701444
1885,Sagar Vijay,A5015466659,alias,I154570441
1592,Hannah Zierden,A5021503157,alias,I66946132
1656,Lisa C McManus,A5044601653,fuzzy,I1331384533
2672,Rodrigo O Spinola,A5020235955,fuzzy,I184840846
2041,Bijaya Adhikari,A5052463345,exact,I126307644
2599,Quentin C Sedlacek,A5086682879,fuzzy,I178169726
993,Alejandro Rico-Guevara,A5046143048,alias,I201448701
2592,Emily Wakild,A5030441949,exact,I120156002
2717,Rut Pedrosa Pamies,A5033107151,alias,I1338920048
672,Bonnie Ferri,A5076929592,alias,I130701444
2563,Michael T Ruggiero,A5055136612,fuzzy,I5388228
2925,Christos Athanasiou,A5087518328,alias,I130701444
1452,Ge Gao,A5101730038,alias,I66946132
1080,Susanta Ghosh,A5012521601,alias,I11957088
1706,Tolga Karsili,A5085877515,fuzzy,I79516672
543,Guosheng Fu,A5000943631,alias,I107639228
2670,Jennifer E Broatch,A5051843155,fuzzy,I55732556
2630,Steve Smith,A5083105026,alias,I184647316
251,Suhas S Jain,A5023212336,fuzzy,I130701444
1779,Sara M Beery,A5055165096,fuzzy,I63966007
1145,Michael K West,A5082097672,fuzzy,I184647316
708,Wenbin Zhang,A5100710814,alias,I19700959
1126,Mike Williams,A5107399136,exact,I63966007
1139,Bo Xiao,A5062706653,exact,I11957088
1124,Xuan Wang,A5100328989,alias,I859038795
1569,Yang Xiao,A5009050006,exact,I143302722
1262,Shana Moothedath,A5087007662,alias,I173911158
732,Chadia Affane Aji,A5032573422,alias,I6026837
242,Yang Liu,A5100707405,alias,I74973139
2655,Paea J LePendu,A5059906626,fuzzy,I103635307
2950,Maanak Gupta,A5102483629,exact,I63920570
2871,Saonli Basu,A5113347637,alias,I130238516
2502,Nicholas V Kessler,A5056033076,fuzzy,I138006243
981,Xingyu Zhou,A5101753195,alias,I185443292
2417,Xiaohui Yuan,A5100610021,exact,I123534392
1024,Andrea M Ogilvie,A5054901202,fuzzy,I91045830
42,Kevin A Adkins,A5076207736,fuzzy,I84475105
2017,Hamed Rahmani,A5066586950,exact,I57206974
1061,Jian J Zhang,A5100409964,fuzzy,I201448701
2249,Yingying Wu,A5028495724,alias,I33213144
2928,Deborah C Good,A5034583572,fuzzy,I6750721
2979,Qian Zhang,A5100401738,exact,I103163165
2936,Laura Rabin,A5102086615,alias,I83041322
2613,Chang Liu,A5100353349,alias,I24603500
1815,Yixin Wang,A5100328544,exact,I27837315
2322,Oluseye K Onajole,A5076512597,fuzzy,I102101047
415,Yi Wang,A5100364983,exact,I76835614
1242,Meng Wang,A5111002272,exact,I44461941
878,Matthew Shannon,A5091607760,alias,I99490713
785,Marianna Maiaru,A5055307981,exact,I78577930
2861,Andrew L Gillen,A5008559038,fuzzy,I12912129
1385,Robert L Moore,A5102788721,fuzzy,I33213144
124,Minxiang Zeng,A5109593170,alias,I12315562
838,Tegan S Brennan,A5011404640,fuzzy,I108468826
2358,Joanna York,A5015133609,alias,I86501945
1640,Song Gao,A5100539054,alias,I135310074
2590,Yu-Xiang Wang,A5115602729,fuzzy,I36258959
891,Li Ke,A5100343450,alias,I201448701
2880,Qiang S Cheng,A5100767866,fuzzy,I143302722
668,Matt D Carling,A5057993560,fuzzy,I12834331
463,Wei Zhang,A5101143458,alias,I63966007
1397,Maria Apostolaki,A5026774096,alias,I20089843
2337,Justin C Major,A5052092015,fuzzy,I44265643
76,Kai Gong,A5050827377,alias,I74775410
1966,Lu Cheng,A5022914600,alias,I39422238
1934,Maitreyi E Das,A5037941689,fuzzy,I103531236
2477,Xin Zhang,A5051020416,exact,I111088046
2433,Nikki M Seymour,A5058187280,fuzzy,I72903472
815,Bert Rivera-Marchand,A5058686116,exact,I71146071
2106,YANG YANG,A5100397613,exact,I26538001
1833,Samuel Carton,A5081096921,alias,I161057412
40,Andrea Contina,A5020004054,exact,I2802326326
1725,Christopher S Kim,A5102724352,fuzzy,I185071736
1610,Yang Zhang,A5050166961,alias,I137902535
2910,Alparslan E Bayrak,A5064426673,fuzzy,I186143895
1401,Srikanthan Ramesh,A5055206579,alias,I115475287
2541,Mostafa Yourdkhani,A5084230225,alias,I55732556
2905,Ming Liu,A5100322864,alias,I135310074
2314,Yubo Qi,A5067434756,exact,I32389192
2966,Meredith Kupinski,A5037930301,exact,I138006243
536,Panpan Zhang,A5100411733,alias,I901861585
41,Shuang Zhang,A5100321571,alias,I91045830
2542,Eun-Hwa Kim,A5079286249,alias,I102298084
2602,Peng Wang,A5100396091,exact,I58956616
1636,Billy M Williams,A5037471842,fuzzy,I160664669
1176,Roland Mundil,A5042881068,exact,I1325733142
1785,David van Dijk,A5019679682,exact,I32971472
2981,Alessandro Alabastri,A5059307028,exact,I74775410
521,Qifei Niu,A5014934575,alias,I120156002
1364,Yingmei Liu,A5101414933,alias,I115475287
1796,Xiaojing Wang,A5055435981,exact,I140172145
2716,Wing Lam,A5036039220,alias,I162714631
1932,Katherine McAuliffe,A5057595868,exact,I103531236
783,Jean-Philippe Tessonnier,A5021135468,exact,I173911158
2102,Ru-yu Lai,A5020756113,exact,I130238516
893,Sarah Cannon,A5032733831,exact,I106107269
1855,Zheng Fan,A5050996662,alias,I44461941
2229,Jennifer Jacobs,A5058644728,alias,I154570441
2618,Martha Escobar,A5058835370,alias,I177721651
358,Lei Fan,A5017743726,exact,I44461941
2890,Andrew Katz,A5079726704,exact,I859038795
366,Kuei-Chun Wang,A5056149788,alias,I55732556
1831,Alex Abramson,A5018503273,alias,I130701444
1885,Sagar Vijay,A5015466659,exact,I154570441
2041,Bijaya Adhikari,A5052463345,alias,I126307644
993,Alejandro Rico-Guevara,A5046143048,exact,I201448701
2592,Emily Wakild,A5030441949,alias,I120156002
2717,Rut Pedrosa Pamies,A5033107151,exact,I1338920048
672,Bonnie Ferri,A5076929592,exact,I130701444
1452,Ge Gao,A5101730038,exact,I66946132
1080,Susanta Ghosh,A5012521601,exact,I11957088
543,Guosheng Fu,A5000943631,exact,I107639228
708,Wenbin Zhang,A5100710814,exact,I19700959
1126,Mike Williams,A5107399136,alias,I63966007
1139,Bo Xiao,A5062706653,alias,I11957088
1124,Xuan Wang,A5100328989,exact,I859038795
1569,Yang Xiao,A5009050006,alias,I143302722
1262,Shana Moothedath,A5087007662,exact,I173911158
732,Chadia Affane Aji,A5032573422,exact,I6026837
2950,Maanak Gupta,A5102483629,alias,I63920570
2871,Saonli Basu,A5113347637,exact,I130238516
981,Xingyu Zhou,A5101753195,exact,I185443292
2417,Xiaohui Yuan,A5100610021,alias,I123534392
2017,Hamed Rahmani,A5066586950,alias,I57206974
2249,Yingying Wu,A5028495724,exact,I33213144
2979,Qian Zhang,A5100401738,alias,I103163165
2936,Laura Rabin,A5102086615,exact,I83041322
2613,Chang Liu,A5100353349,exact,I24603500
1815,Yixin Wang,A5100328544,alias,I27837315
415,Yi Wang,A5100364983,alias,I76835614
1242,Meng Wang,A5111002272,alias,I44461941
878,Matthew Shannon,A5091607760,exact,I99490713
785,Marianna Maiaru,A5055307981,alias,I78577930
124,Minxiang Zeng,A5109593170,exact,I12315562
463,Wei Zhang,A5101143458,exact,I63966007
1397,Maria Apostolaki,A5026774096,exact,I20089843
76,Kai Gong,A5050827377,exact,I74775410
2477,Xin Zhang,A5051020416,alias,I111088046
815,Bert Rivera-Marchand,A5058686116,alias,I71146071
2106,YANG YANG,A5100397613,alias,I26538001
40,Andrea Contina,A5020004054,alias,I2802326326
2541,Mostafa Yourdkhani,A5084230225,exact,I55732556
2860,Ying Wang,A5100322864,alias,I135310074
2314,Yubo Qi,A5067434756,alias,I32389192
2384,Andrew Katz,A5079726704,alias,I859038795
2890,Andrew Katz,A5079726704,alias,I859038795
1100,Farid Ahmed,A5102017555,exact,I2802326326
1254,Tao Gao,A5051467847,exact,I223532165
1121,Yang Wang,A5100322715,alias,I145608581
2106,YANG YANG,A5100397669,alias,I26538001
1701,Yin Li,A5080487524,alias,I135310074
1320,Yan Wang,A5100322769,exact,I33213144
672,Bonnie Ferri,A5108245217,alias,I130701444
2890,Andrew Katz,A5108275080,alias,I859038795
1588,Yoon H Kim,A5100621084,fuzzy,I63966007
2907,Jie Ding,A5042794702,exact,I130238516
1124,Xuan Wang,A5078292155,alias,I859038795
310,Nicole S Wein,A5091698334,fuzzy,I27837315
1561,Weiwei Jia,A5105023951,alias,I17626003
1350,Min Zhang,A5100402911,alias,I47500952
1614,Xu Wang,A5102001370,alias,I27837315
37,Luis A Ceferino,A5094333733,fuzzy,I95457486
1100,Farid Ahmed,A5102017555,alias,I2802326326
1254,Tao Gao,A5051467847,alias,I223532165
1121,Yang Wang,A5100322715,exact,I145608581
2106,YANG YANG,A5100397669,exact,I26538001
1701,Yin Li,A5080487524,exact,I135310074
1320,Yan Wang,A5100322769,alias,I33213144
2384,Andrew Katz,A5108275080,alias,I859038795
2907,Jie Ding,A5042794702,alias,I130238516
1124,Xuan Wang,A5078292155,exact,I859038795
1561,Weiwei Jia,A5105023951,exact,I17626003
1350,Min Zhang,A5100402911,exact,I47500952
1614,Xu Wang,A5102001370,exact,I27837315
2409,Yang Wang,A5100322715,exact,I145608581
2409,Yang Wang,A5100322715,alias,I145608581
1751,Yong-Jie Hu,A5091112732,alias,I72816309
935,John Dabiri,A5072842791,alias,I122411786
1670,Heejin Jeong,A5068209902,exact,I55732556
1396,Maxwell Millar-Blanchaer,A5008078263,fuzzy,I154570441
1374,Khairi Reda,A5060626774,alias,I39422238
1610,Yang Zhang,A5100354734,exact,I137902535
1079,Pengcheng Dai,A5016782700,exact,I74775410
854,James Cahoon,A5006320259,alias,I114027177
2899,Andrew Parsekian,A5049920825,alias,I12834331
2170,Christa A Kelleher,A5006904826,fuzzy,I184759092
2210,Laura A Katz,A5024826537,fuzzy,I202524275
2658,Lauren B Davis,A5069686900,fuzzy,I35777872
1385,Robert L Moore,A5043260259,fuzzy,I33213144
1359,Ritambhara Singh,A5070578596,exact,I27804330
371,Rakibul Hasan,A5081469015,exact,I55732556
2483,Sasha Wagner,A5022674236,alias,I165799507
1541,Si Jung Kim,A5064939179,alias,I133999245
2715,Joseph L Allen,A5007920939,fuzzy,I65571275
1023,William J Davis,A5077504928,fuzzy,I91036609
367,Juan J Manfredi,A5072602476,fuzzy,I170201317
825,Christopher A Lepczyk,A5072956454,fuzzy,I82497590
2346,Grant M Rotskoff,A5071403558,fuzzy,I97018004
1298,Bin Zhang,A5023560103,exact,I63966007
2529,Vera Gluscevic,A5041566825,alias,I1174212
1323,Panagiotis E Souganidis,A5066466020,fuzzy,I40347166
1212,Monique Borgerhoff Mulder,A5081576422,exact,I1308548392
2417,Xiaohui Yuan,A5101543726,alias,I123534392
1705,Wei Tang,A5009121711,alias,I39422238
258,Azadeh Ansari,A5003979955,alias,I130701444
530,Christina O Lee,A5080924936,fuzzy,I95457486
1652,Erik E Santiso,A5064519981,fuzzy,I137902535
202,Mikael Vejdemo-Johansson,A5049695343,exact,I121847817
2509,Nathan B Crane,A5044700287,fuzzy,I100005738
2002,Elodie Pozzi,A5011704669,alias,I47838141
1110,Douglas E Spearot,A5060135475,fuzzy,I33213144
728,Erich Grotewold,A5021399007,alias,I87216513
2578,Fang Wang,A5065372059,exact,I76835614
1908,Miguel A Acevedo,A5060302736,fuzzy,I33213144
1224,Daniel Anglés-Alcázar,A5008589829,alias,I140172145
129,Yuanwen Jiang,A5085972136,exact,I79576946
511,Connor G Bischak,A5048628755,fuzzy,I223532165
38,Bruno Nachtergaele,A5082684634,alias,I84218800
888,Anne M Baranger,A5031194172,fuzzy,I95457486
660,Kerri M Crawford,A5010616834,fuzzy,I44461941
291,Tong Huang,A5051963490,alias,I26538001
413,Soroosh Shafiee,A5096114626,exact,I205783295
1550,Sloan Coats,A5058928456,alias,I1331384533
843,Brendan R Eagan,A5061166172,fuzzy,I135310074
898,Dibakar Datta,A5049423398,alias,I118118575
1939,Zhizhang Xie,A5020451303,alias,I91045830
1131,Jacob Wenegrat,A5089396075,alias,I66946132
891,Li Ke,A5108718080,alias,I201448701
2166,Leslie S Babonis,A5036148526,fuzzy,I205783295
1035,Sandip P Harimkar,A5034733145,fuzzy,I115475287
1742,Jason Lee,A5059740024,alias,I95457486
2052,Luke T Roling,A5015241487,fuzzy,I173911158
1324,Kacy Gordon,A5044188303,alias,I114027177
877,Sarah A Wilson,A5101938339,fuzzy,I44265643
452,Hung Tran,A5103117172,alias,I12315562
834,Cody W Edwards,A5079018829,fuzzy,I162714631
637,Kristin Bartlett,A5037494295,alias,I143302722
81,Megan G Behringer,A5027309077,fuzzy,I200719446
2016,Aleksandr Kazachkov,A5025774365,alias,I33213144
387,Ziv D Scully,A5014560251,fuzzy,I205783295
1935,Ivan Ruchkin,A5021509994,alias,I33213144
2163,Stephanie J Madon,A5040516780,fuzzy,I55732556
764,Sarah L Harris,A5065027413,fuzzy,I133999245
463,Wei Zhang,A5100441715,alias,I63966007
1175,John W Williams,A5031452897,fuzzy,I135310074
157,Christopher J Caruvana,A5015521305,fuzzy,I592451
2228,Angela M Oliverio,A5035890361,fuzzy,I70983195
565,Matthew R Edwards,A5086315430,fuzzy,I97018004
2404,Bagrat Mailyan,A5089971523,alias,I106959904
1829,Fei Dai,A5113910816,alias,I1331384533
152,Wentao Tang,A5101909403,exact,I137902535
2132,Yifan Sun,A5041025969,exact,I16285277
107,Muhammad Ali Gulzar,A5003747461,alias,I859038795
2979,Qian Zhang,A5114378267,exact,I103163165
2854,Hongchang Gao,A5014924409,alias,I84392919
952,Gregory T Rushton,A5031043172,fuzzy,I169615421
2504,Amir Pahlavan,A5038718370,alias,I32971472
2809,Zacchaeus G Compson,A5077171703,fuzzy,I123534392
2758,Rui Zhang,A5100422048,alias,I86501945
1614,Xu Wang,A5100407848,exact,I27837315
1799,Brian T Smith,A5034865246,fuzzy,I1338124936
2442,Ariful I Bhuiyan,A5089012734,fuzzy,I52913039
1651,Anthony Boccanfuso,A5069631223,alias,I4210113537
364,Thomas W Scanlon,A5044959389,fuzzy,I95457486
1742,Jason Lee,A5100657725,alias,I95457486
2284,Aleksey Charapko,A5003813132,exact,I161057412
2462,David Andrew B Hyde,A5040432863,fuzzy,I200719446
1154,Kiran C Jayaram,A5058932186,fuzzy,I2613432
2590,Yu-Xiang Wang,A5023418354,fuzzy,I36258959
767,Jia Liu,A5086864360,alias,I33213144
1799,Brian T Smith,A5109072738,fuzzy,I1338124936
2120,Amy Y Xu,A5018380045,fuzzy,I121820613
508,Zhanqing Li,A5059270308,exact,I66946132
30,Jihong A Ma,A5029136335,fuzzy,I111236770
2054,Jiasi Chen,A5061832197,exact,I27837315
1747,Tong Shu,A5103106461,exact,I123534392
53,Selyna P Beverly,A5072962321,fuzzy,I138216421
979,Shuai Li,A5100424126,exact,I33213144
2717,Rut Pedrosa Pamies,A5000986126,alias,I1338920048
655,Yan Li,A5101685252,exact,I107672454
1239,Ali M Hamed,A5038661442,fuzzy,I177328695
1964,Stephen Archer,A5101558254,exact,I2800663845
2193,Hanumanthrao Kannan,A5003945796,alias,I82495205
2513,Wen Wu,A5102238143,fuzzy,I368840534
181,Gong Chen,A5100389824,alias,I130701444
771,Joel Atallah,A5048389516,alias,I192396691
891,Li Ke,A5100343513,alias,I201448701
2952,John W Williams,A5040602391,fuzzy,I135310074
222,Yu Huang,A5070896899,fuzzy,I200719446
1487,Andrew Lee,A5100450491,exact,I137902535
2929,Marzia Cescon,A5097983992,alias,I44461941
1504,Mei Yang,A5100438299,alias,I133999245
1868,Nathan E Glatt-Holtz,A5058571963,fuzzy,I592451
2931,Dustin Carroll,A5077609398,exact,I51504820
1750,Varghese M Vaidyan,A5107611156,fuzzy,I125467818
242,Yang Liu,A5100355692,alias,I74973139
778,Jan Edwards,A5109680704,alias,I62315932
1069,Derek Gingerich,A5045986761,alias,I124727415
2859,James W Moffett,A5108080787,fuzzy,I1174212
2889,Jong Hyun Ham,A5111522307,alias,I134386540
1979,Andrea M Balbas,A5020021456,fuzzy,I131249849
1904,Aaron J Sholders,A5030068936,fuzzy,I92446798
2477,Xin Zhang,A5100763925,exact,I111088046
1584,Sandra Gesing,A5091197632,alias,I36258959
2353,Wei Zhang,A5100441733,alias,I12315562
1614,Xu Wang,A5072629719,alias,I27837315
1395,Michael K Brown,A5103044490,fuzzy,I82497590
415,Yi Wang,A5100721619,exact,I76835614
2256,Zheng Dong,A5101493153,exact,I185443292
568,Chang Liu,A5011791178,exact,I140172145
1810,Carl Yang,A5101444039,alias,I150468666
2692,Xing Gao,A5100622644,alias,I86501945
400,Yu Sun,A5015598445,alias,I145311948
1751,Yong-Jie Hu,A5091112732,exact,I72816309
1670,Heejin Jeong,A5068209902,alias,I55732556
1374,Khairi Reda,A5060626774,exact,I39422238
1610,Yang Zhang,A5100354734,alias,I137902535
1079,Pengcheng Dai,A5016782700,alias,I74775410
1359,Ritambhara Singh,A5070578596,alias,I27804330
371,Rakibul Hasan,A5081469015,alias,I55732556
2483,Sasha Wagner,A5022674236,exact,I165799507
1541,Si Jung Kim,A5064939179,exact,I133999245
1298,Bin Zhang,A5023560103,alias,I63966007
2529,Vera Gluscevic,A5041566825,exact,I1174212
1212,Monique Borgerhoff Mulder,A5081576422,alias,I1308548392
2417,Xiaohui Yuan,A5101543726,exact,I123534392
1705,Wei Tang,A5009121711,exact,I39422238
258,Azadeh Ansari,A5003979955,exact,I130701444
202,Mikael Vejdemo-Johansson,A5049695343,alias,I121847817
2002,Elodie Pozzi,A5011704669,exact,I47838141
728,Erich Grotewold,A5021399007,exact,I87216513
2578,Fang Wang,A5065372059,alias,I76835614
1224,Daniel Anglés-Alcázar,A5008589829,exact,I140172145
129,Yuanwen Jiang,A5085972136,alias,I79576946
38,Bruno Nachtergaele,A5082684634,exact,I84218800
291,Tong Huang,A5051963490,exact,I26538001
413,Soroosh Shafiee,A5096114626,alias,I205783295
352,Sloan Coats,A5058928456,exact,I1331384533
1653,Brendan R Eagan,A5061166172,fuzzy,I135310074
898,Dibakar Datta,A5049423398,exact,I118118575
1939,Zhizhang Xie,A5020451303,exact,I91045830
452,Hung Tran,A5103117172,exact,I12315562
1935,Ivan Ruchkin,A5021509994,exact,I33213144
463,Wei Zhang,A5100441715,exact,I63966007
2952,John W Williams,A5031452897,fuzzy,I135310074
1829,Fei Dai,A5113910816,exact,I1331384533
152,Wentao Tang,A5101909403,alias,I137902535
2132,Yifan Sun,A5041025969,alias,I16285277
107,Muhammad Ali Gulzar,A5003747461,exact,I859038795
2979,Qian Zhang,A5114378267,alias,I103163165
2854,Hongchang Gao,A5014924409,exact,I84392919
2758,Rui Zhang,A5100422048,exact,I86501945
1614,Xu Wang,A5100407848,alias,I27837315
1430,Anthony Boccanfuso,A5069631223,alias,I4210113537
1742,Jason Lee,A5100657725,exact,I95457486
2284,Aleksey Charapko,A5003813132,alias,I161057412
508,Zhanqing Li,A5059270308,alias,I66946132
2054,Jiasi Chen,A5061832197,alias,I27837315
1747,Tong Shu,A5103106461,alias,I123534392
979,Shuai Li,A5100424126,alias,I33213144
2717,Rut Pedrosa Pamies,A5000986126,exact,I1338920048
655,Yan Li,A5101685252,alias,I107672454
1964,Stephen Archer,A5101558254,alias,I2800663845
2193,Hanumanthrao Kannan,A5003945796,exact,I82495205
771,Joel Atallah,A5048389516,exact,I192396691
1175,John W Williams,A5040602391,fuzzy,I135310074
1487,Andrew Lee,A5100450491,alias,I137902535
2929,Marzia Cescon,A5097983992,exact,I44461941
1504,Mei Yang,A5100438299,exact,I133999245
2931,Dustin Carroll,A5077609398,alias,I51504820
242,Yang Liu,A5100355692,exact,I74973139
778,Jan Edwards,A5109680704,exact,I62315932
2889,Jong Hyun Ham,A5111522307,exact,I134386540
2047,Andrea M Balbas,A5020021456,fuzzy,I131249849
2477,Xin Zhang,A5100763925,alias,I111088046
1584,Sandra Gesing,A5091197632,exact,I36258959
2353,Wei Zhang,A5100441733,exact,I12315562
1614,Xu Wang,A5072629719,exact,I27837315
415,Yi Wang,A5100721619,alias,I76835614
2256,Zheng Dong,A5101493153,alias,I185443292
568,Chang Liu,A5011791178,alias,I140172145
1810,Carl Yang,A5101444039,exact,I150468666
2692,Xing Gao,A5100622644,exact,I86501945
400,Yu Sun,A5015598445,exact,I145311948
1550,Sloan Coats,A5058928456,exact,I1331384533
352,Sloan Coats,A5058928456,alias,I1331384533
655,Yan Li,A5026897121,alias,I107672454
1395,Michael K Brown,A5076297908,fuzzy,I82497590
2106,YANG YANG,A5100397778,exact,I26538001
891,Li Ke,A5100343550,alias,I201448701
1517,Ming C Hammond,A5094235718,fuzzy,I223532165
2718,Michelle Smith,A5019062990,alias,I205783295
1320,Yan Wang,A5100322496,alias,I33213144
1843,Elizabeth Qian,A5059159562,alias,I130701444
1121,Yang Wang,A5063323262,alias,I145608581
1581,Qi Zhang,A5100360194,alias,I107077323
2106,YANG YANG,A5100397778,alias,I26538001
1320,Yan Wang,A5100322496,exact,I33213144
1843,Elizabeth Qian,A5059159562,exact,I130701444
2409,Yang Wang,A5063323262,alias,I145608581
1581,Qi Zhang,A5100360194,exact,I107077323
1121,Yang Wang,A5063323262,exact,I145608581
2409,Yang Wang,A5063323262,exact,I145608581
874,Felix Warneken,A5024921128,exact,I27837315
1321,Christopher E Miles,A5036077055,fuzzy,I223532165
651,Tiffany M Barnes,A5083076004,fuzzy,I137902535
1875,David Saldana,A5023803863,alias,I186143895
1150,Lisa Holland,A5040230130,alias,I12097938
2934,Erica J Crespi,A5030472994,fuzzy,I72951846
1507,Lisa D Brown,A5031581947,fuzzy,I83909951
2321,Mark T Stacey,A5016686168,fuzzy,I95457486
2989,Russell J Composto,A5074582280,fuzzy,I79576946
1043,Colin R Meyer,A5042908854,fuzzy,I107672454
2512,Maya L Gomes,A5025798106,fuzzy,I145311948
206,Vignesh Sundaresan,A5022523999,alias,I368840534
1669,Xin Liang,A5103064768,alias,I143302722
1818,Naomi T Fitter,A5090905513,fuzzy,I131249849
2787,David G Schmale,A5085488093,fuzzy,I859038795
2403,Xiaogang Ma,A5071393418,alias,I155093810
2402,Christopher P Scheitle,A5006612722,fuzzy,I12097938
1023,William J Davis,A5009859610,fuzzy,I91036609
2829,Dejan Slepcev,A5004682327,alias,I74973139
1333,Richard Seager,A5000493164,exact,I78577930
2423,Mark A Torres,A5090104374,fuzzy,I74775410
2499,Shinsei Ryu,A5053662519,alias,I20089843
2553,Alan J Kaufman,A5020476917,fuzzy,I66946132
533,Joon-Ho Choi,A5004522965,alias,I1174212
1955,Jacob W Faber,A5041240817,fuzzy,I57206974
2605,Sarah L Swisher,A5050774215,fuzzy,I130238516
1470,Leonid Mirny,A5017406892,alias,I63966007
2037,Kevin D Dorfman,A5080268173,fuzzy,I130238516
1688,Xinhua Bai,A5036147792,alias,I184647316
1126,Mike Williams,A5108065580,alias,I63966007
2907,Jie Ding,A5069838077,alias,I130238516
965,Xuqing Wu,A5008560262,alias,I44461941
222,Yu Huang,A5055069752,alias,I200719446
2843,Michael Hartinger,A5065569295,alias,I1298453700
1609,Daniela Inclezan,A5022062603,alias,I83328450
1501,Laura Gagliardi,A5062631568,exact,I40347166
0,Joseph R Burger,A5037765593,fuzzy,I143302722
2880,Qiang S Cheng,A5100768220,fuzzy,I143302722
63,Anne J Shiu,A5042332739,fuzzy,I91045830
2256,Zheng Dong,A5062514822,alias,I185443292
2883,Ramsey R Harcourt,A5015581719,fuzzy,I201448701
517,Alex F Kruckman,A5040705316,fuzzy,I100538780
1039,Christopher T Solomon,A5056737164,fuzzy,I3131038610
2570,Christine A France,A5029835043,fuzzy,I103187081
2764,Janet L Branchaw,A5012640180,fuzzy,I135310074
2106,YANG YANG,A5100397455,alias,I26538001
1385,Robert L Moore,A5013292610,fuzzy,I33213144
1409,Sergio Gago Masague,A5022346428,exact,I204250578
1016,Vijaya B Chalivendra,A5067265547,fuzzy,I100633361
1440,Shenghua Wu,A5088002090,alias,I83809506
2419,Yanan Wang,A5100322864,alias,I114395901
2330,Zhengtian Xu,A5010551166,alias,I193531525
865,Brani D Vidakovic,A5029550725,fuzzy,I91045830
2477,Xin Zhang,A5100327417,alias,I111088046
1158,Allyson C Tessin,A5006260867,fuzzy,I149910238
393,Anne E Egger,A5070908130,fuzzy,I29867402
2022,Yi Xue,A5089479936,alias,I84218800
836,Helene Le Mevel,A5015206859,exact,I196817621
1385,Robert L Moore,A5103364219,fuzzy,I33213144
920,Allan P Donsig,A5085341813,fuzzy,I114395901
266,Kerry Hamilton,A5018701949,alias,I55732556
247,David Futer,A5004718984,exact,I84392919
900,Jennifer J Kaplan,A5041853866,fuzzy,I169615421
1354,Irene V Pasquetto,A5024537982,fuzzy,I66946132
2581,Tamara L Clegg,A5030017220,fuzzy,I66946132
241,Kareem J El-Badry,A5039647198,fuzzy,I122411786
2224,Andy I Nguyen,A5015088254,fuzzy,I39422238
1443,Kyle Moor,A5081839704,alias,I121980950
566,Jane Bae,A5051222488,alias,I122411786
2094,Jun-Chau Chien,A5111549974,exact,I95457486
1309,Kevin Liang,A5016353383,alias,I71965598
189,MINGYU CAI,A5001420415,exact,I103635307
1817,Yalong Yang,A5050126617,alias,I130701444
2074,Yair Zick,A5076656216,alias,I24603500
2156,Yue Zhang,A5100333652,exact,I91045830
904,Michelle E Jarvie-Eggart,A5003417006,fuzzy,I11957088
1655,Ping Yang,A5100542594,alias,I91045830
863,Mohit N Iyyer,A5082767919,fuzzy,I66946132
2577,Dayoung Kim,A5100730533,alias,I859038795
2838,Matthew V Tirrell,A5112722855,fuzzy,I40347166
823,Olusola T Odeyomi,A5035313713,fuzzy,I35777872
2015,Jonathan D Sharp,A5032917150,fuzzy,I201448701
2906,Duy Ngo,A5103024092,exact,I141649380
115,Qiang Liu,A5100409471,alias,I114395901
2907,Jie Ding,A5100697347,alias,I130238516
1669,Xin Liang,A5057011942,alias,I143302722
1945,Matthew H Rosenzweig,A5017793144,fuzzy,I74973139
2495,Ben Xu,A5078442921,alias,I44461941
613,Jacob Downs,A5006823448,exact,I6750721
376,Shaowei Li,A5100742855,alias,I36258959
2263,Yuming P Zhang,A5041810986,fuzzy,I82497590
2667,Juan S Borrero,A5090676672,fuzzy,I2613432
553,Michael A Schultz,A5104075505,fuzzy,I201448701
608,Peter D Nencka,A5027749250,fuzzy,I83328450
1513,Shenglong Xu,A5025529150,alias,I91045830
1067,Shiyi Chen,A5076725206,exact,I155093810
2602,Peng Wang,A5101779357,alias,I58956616
1699,Jian-Xun Wang,A5085043351,alias,I205783295
2602,Peng Wang,A5011130586,alias,I58956616
635,Richard C Flagan,A5113788958,fuzzy,I122411786
2513,Wen Wu,A5066335935,alias,I368840534
488,Luca F Di Cerbo,A5029973500,fuzzy,I33213144
1799,Brian T Smith,A5070403672,fuzzy,I1338124936
2555,Nyssa Silbiger,A5066269572,alias,I1331384533
922,Peng Gao,A5051836631,alias,I859038795
1872,Catherine F Whittington,A5043257357,fuzzy,I107077323
1624,Ashley A Dineen,A5040983552,fuzzy,I95457486
1284,Kemp Plumb,A5018112647,fuzzy,I27804330
1615,Patricia S Thibodeau,A5082061293,fuzzy,I275799156
214,Laura H Gunn,A5055734767,fuzzy,I205783295
2342,An Wang,A5100419957,alias,I58956616
2373,Gabriele Farina,A5070571735,exact,I63966007
408,Ying Cui,A5084586546,alias,I95457486
1298,Bin Zhang,A5100392792,exact,I63966007
2065,Jing Li,A5100775910,exact,I368840534
2602,Peng Wang,A5018799884,alias,I58956616
1568,Xiaorui Liu,A5100621795,alias,I137902535
579,Clayton R Mulvihill,A5080431097,fuzzy,I157394403
12,Andrea Wei Coladangelo,A5091749382,alias,I201448701
2529,Vera Gluscevic,A5100460379,alias,I1174212
1884,Yuan Wang,A5030185541,fuzzy,I97018004
2633,Amitai Shenhav,A5071496598,alias,I95457486
2470,Sabrina Neuman,A5013815284,alias,I111088046
2243,Alexander Perry,A5108254938,alias,I27837315
586,Erica Cline,A5111125734,exact,I201448701
2477,Xin Zhang,A5100327406,exact,I111088046
1270,Yaofa Li,A5051282109,alias,I103635307
529,William M Mongan,A5045056426,fuzzy,I177753169
2469,Richard C Thompson,A5101662707,fuzzy,I84470341
181,Gong Chen,A5100389843,alias,I130701444
2584,Chau-Wai Wong,A5112362900,alias,I137902535
181,Gong Chen,A5068807982,exact,I130701444
1875,David Saldana,A5023803863,exact,I186143895
1150,Lisa Holland,A5040230130,exact,I12097938
206,Vignesh Sundaresan,A5022523999,exact,I368840534
1669,Xin Liang,A5103064768,exact,I143302722
2403,Xiaogang Ma,A5071393418,exact,I155093810
2829,Dejan Slepcev,A5004682327,exact,I74973139
1333,Richard Seager,A5000493164,alias,I78577930
2499,Shinsei Ryu,A5053662519,exact,I20089843
2907,Jie Ding,A5069838077,exact,I130238516
965,Xuqing Wu,A5008560262,exact,I44461941
222,Yu Huang,A5055069752,exact,I200719446
1609,Daniela Inclezan,A5022062603,exact,I83328450
1501,Laura Gagliardi,A5062631568,alias,I40347166
2256,Zheng Dong,A5062514822,exact,I185443292
2106,YANG YANG,A5100397455,exact,I26538001
1409,Sergio Gago Masague,A5022346428,alias,I204250578
1440,Shenghua Wu,A5088002090,exact,I83809506
2330,Zhengtian Xu,A5010551166,exact,I193531525
2477,Xin Zhang,A5100327417,exact,I111088046
2022,Yi Xue,A5089479936,exact,I84218800
836,Helene Le Mevel,A5015206859,alias,I196817621
247,David Futer,A5004718984,alias,I84392919
2094,Jun-Chau Chien,A5111549974,alias,I95457486
1309,Kevin Liang,A5016353383,exact,I71965598
189,MINGYU CAI,A5001420415,alias,I103635307
1817,Yalong Yang,A5050126617,exact,I130701444
2074,Yair Zick,A5076656216,exact,I24603500
2156,Yue Zhang,A5100333652,alias,I91045830
2577,Dayoung Kim,A5100730533,exact,I859038795
2906,Duy Ngo,A5103024092,alias,I141649380
115,Qiang Liu,A5100409471,exact,I114395901
2907,Jie Ding,A5100697347,exact,I130238516
1669,Xin Liang,A5057011942,exact,I143302722
613,Jacob Downs,A5006823448,alias,I6750721
376,Shaowei Li,A5100742855,exact,I36258959
1513,Shenglong Xu,A5025529150,exact,I91045830
1067,Shiyi Chen,A5076725206,alias,I155093810
2602,Peng Wang,A5101779357,exact,I58956616
2602,Peng Wang,A5011130586,exact,I58956616
2513,Wen Wu,A5066335935,exact,I368840534
922,Peng Gao,A5051836631,exact,I859038795
2342,An Wang,A5100419957,exact,I58956616
2373,Gabriele Farina,A5070571735,alias,I63966007
408,Ying Cui,A5084586546,exact,I95457486
1298,Bin Zhang,A5100392792,alias,I63966007
2065,Jing Li,A5100775910,alias,I368840534
2602,Peng Wang,A5018799884,exact,I58956616
1568,Xiaorui Liu,A5100621795,exact,I137902535
2633,Amitai Shenhav,A5071496598,exact,I95457486
2243,Alexander Perry,A5108254938,exact,I27837315
586,Erica Cline,A5111125734,alias,I201448701
2477,Xin Zhang,A5100327406,alias,I111088046
1270,Yaofa Li,A5051282109,exact,I103635307
181,Gong Chen,A5100389843,exact,I130701444
2584,Chau-Wai Wong,A5112362900,exact,I137902535
181,Gong Chen,A5068807982,alias,I130701444
2259,Jiawei Yang,A5059573831,exact,I107077323
37,Luis A Ceferino,A5007804127,fuzzy,I95457486
258,Azadeh Ansari,A5092893603,exact,I130701444
415,Yi Wang,A5115596326,alias,I76835614
796,Jennifer A Wilhelm,A5004852878,fuzzy,I143302722
52,Hannah K Larson,A5064565006,fuzzy,I95457486
1061,Jian J Zhang,A5079881393,fuzzy,I201448701
2590,Yu-Xiang Wang,A5100445144,fuzzy,I36258959
763,Robert F Anderson,A5109465847,fuzzy,I78577930
2437,Sarah B King,A5032048742,fuzzy,I40347166
922,Peng Gao,A5028272399,alias,I859038795
1699,Jian-Xun Wang,A5100758062,fuzzy,I205783295
1610,Yang Zhang,A5100354611,exact,I137902535
301,Weilu Gao,A5010531980,alias,I223532165
708,Wenbin Zhang,A5028376037,exact,I19700959
2820,Agnieszka Miguel,A5058589496,alias,I58610484
1599,Tirthankar Roy,A5069113453,alias,I114395901
670,Jeremy W Bakelar,A5030009862,fuzzy,I218822139
2259,Jiawei Yang,A5059573831,alias,I107077323
258,Azadeh Ansari,A5092893603,alias,I130701444
415,Yi Wang,A5115596326,exact,I76835614
922,Peng Gao,A5028272399,exact,I859038795
1610,Yang Zhang,A5100354611,alias,I137902535
301,Weilu Gao,A5010531980,exact,I223532165
708,Wenbin Zhang,A5028376037,alias,I19700959
2820,Agnieszka Miguel,A5058589496,exact,I58610484
1599,Tirthankar Roy,A5069113453,exact,I114395901
1093,Sossina M Haile,A5009290154,fuzzy,I111979921
669,Neil M Donahue,A5041685684,fuzzy,I74973139
981,Xingyu Zhou,A5082563145,alias,I185443292
2845,Jingjing Wang,A5100426850,exact,I169521973
1437,Pamela L Sullivan,A5074395966,fuzzy,I131249849
1294,Monowar Hasan,A5032176749,alias,I72951846
67,Jiming Jiang,A5084728323,alias,I84218800
368,Emily Riehl,A5022117243,alias,I145311948
596,Shane A Moeykens,A5046905253,fuzzy,I7947594
628,Jasmine Saros,A5053620946,alias,I7947594
2673,Amy R Betz,A5049200189,fuzzy,I189590672
2559,David F Feldon,A5060104370,fuzzy,I121980950
2607,Yoel Rodriguez,A5021669224,alias,I50568159
2515,Carla E Brodley,A5045379675,fuzzy,I12912129
985,Santosh K Pandey,A5005422935,fuzzy,I173911158
1657,Kent D Messer,A5000708557,fuzzy,I86501945
1954,Brian S Cheng,A5062923931,fuzzy,I24603500
2145,Eslam Khalaf,A5034171340,exact,I136199984
2898,Youxing Chen,A5021748150,alias,I102149020
1964,Stephen Archer,A5025073434,alias,I2800663845
439,Pradeep Sharma,A5100620114,alias,I44461941
509,Jennifer S Balakrishnan,A5067470072,fuzzy,I111088046
2835,Berk Calli,A5008443652,alias,I107077323
2040,Raphael Stern,A5053975688,alias,I130238516
2332,Matthew Zook,A5030042920,exact,I143302722
2070,Yong Zheng,A5051900701,exact,I180949307
1810,Carl Yang,A5006897094,alias,I150468666
2907,Jie Ding,A5029275607,exact,I130238516
2705,Eric Vogel,A5049480520,alias,I130701444
2477,Xin Zhang,A5100327327,alias,I111088046
20,Sean P Howe,A5011269698,fuzzy,I223532165
2319,Jason McCullough,A5027697245,exact,I173911158
496,Elizabeth Stearns,A5022605294,exact,I102149020
2212,Nicholas A Mason,A5056310769,fuzzy,I121820613
2745,Mariah Carbone,A5032558156,alias,I203172682
1293,Easton R White,A5024538989,fuzzy,I161057412
1614,Xu Wang,A5100407858,alias,I27837315
2195,Daniel L Childers,A5062049633,fuzzy,I55732556
258,Azadeh Ansari,A5057362202,alias,I130701444
285,Zakir Durumeric,A5069939742,alias,I97018004
2125,Neel H Shah,A5061592874,fuzzy,I78577930
382,Yuan Ping,A5071056338,alias,I135310074
2572,Maureen H Tang,A5024800819,fuzzy,I72816309
2839,Amanda B Marciel,A5068486821,fuzzy,I74775410
2009,Mark A Thornton,A5090132542,fuzzy,I107672454
71,Jida Huang,A5072191882,exact,I39422238
1254,Tao Gao,A5013727422,alias,I223532165
1290,Lauren L Sullivan,A5049704200,fuzzy,I87216513
425,Kun Wang,A5028703104,exact,I145608581
1798,Michelle A Manes,A5075435317,fuzzy,I1336492463
1269,Alejandra C Ortiz,A5031558580,fuzzy,I27504731
1667,Mateo Diaz Diaz,A5014128725,alias,I145311948
1109,Charles E Lawrence,A5026511725,fuzzy,I27804330
1961,LeGrande M Slaughter,A5005626841,fuzzy,I123534392
2457,Shaghayegh Bagheri,A5070948703,alias,I162714631
1084,Marc Miskin,A5038956187,fuzzy,I79576946
1460,Robin S Walters,A5020217201,fuzzy,I12912129
1338,Jonathan S Anjaria,A5019622579,fuzzy,I6902469
1529,Catherine M Drerup,A5041989144,fuzzy,I135310074
900,Jennifer J Kaplan,A5109590497,fuzzy,I169615421
2477,Xin Zhang,A5100327640,exact,I111088046
394,Ellen R Iverson,A5021715119,fuzzy,I188497080
41,Shuang Zhang,A5100321583,alias,I91045830
1827,Zhiqian Chen,A5082832007,exact,I99041443
1148,Marie Strader,A5066787495,alias,I91045830
233,Sung Jin Park,A5100323617,exact,I150468666
2980,Shelly Peyton,A5051251433,alias,I121934306
2289,Elise A Corbin,A5066493672,fuzzy,I86501945
416,Ruggero Rossi,A5072130398,alias,I145311948
2993,Charles D Brown,A5042272261,fuzzy,I32971472
390,Wendy L Applequist,A5108236873,fuzzy,I2802431724
2728,Rachael J Filwett,A5091148946,fuzzy,I23732399
1247,Andrew T Jessup,A5048023885,fuzzy,I201448701
1655,Ping Yang,A5012660436,alias,I91045830
55,Samantha A Meenach,A5006060582,fuzzy,I17626003
1988,Takamitsu Ito,A5103519452,alias,I130701444
119,Daniel Huh,A5031307618,fuzzy,I17626003
1891,Liela Romero,A5041597524,alias,I157394403
2477,Xin Zhang,A5100327501,alias,I111088046
248,Cyprian K Lewandowski,A5052399510,fuzzy,I103163165
1074,Luiz Santos,A5036222542,alias,I150468666
2477,Xin Zhang,A5100686371,alias,I111088046
1532,Javad Hashemi,A5046697827,alias,I63772739
1849,Dipankar Maity,A5042246095,alias,I102149020
712,Katherine Yaw,A5049061529,alias,I2613432
2846,Logan A Perry,A5048314757,fuzzy,I114395901
1176,Roland Mundil,A5062795197,exact,I1325733142
2679,Kai Shu,A5010533974,exact,I150468666
106,Qian Zhang,A5114378267,exact,I103635307
1024,Andrea M Ogilvie,A5039912199,fuzzy,I91045830
1370,Juba Ziani,A5008250785,exact,I130701444
463,Wei Zhang,A5047886193,exact,I63966007
2106,YANG YANG,A5100397465,alias,I26538001
1193,John M Zobitz,A5019528799,fuzzy,I119916105
463,Wei Zhang,A5100441730,exact,I63966007
2626,Eframir Franco-Diaz,A5106639098,alias,I4210138427
769,Matthew Cushing,A5082611670,alias,I74775410
2199,Elaine C Seaver,A5110703901,fuzzy,I33213144
1773,Kristen Vaccaro,A5064496195,alias,I36258959
759,Manuel A Jimenez,A5055478135,fuzzy,I60388903
2042,Brian A Aguado,A5110842443,fuzzy,I36258959
2590,Yu-Xiang Wang,A5100322864,alias,I36258959
2613,Chang Liu,A5100353259,alias,I24603500
1375,Eric L Buckles,A5009022430,fuzzy,I64880365
161,Duri Long,A5035682073,alias,I111979921
1561,Weiwei Jia,A5034331684,alias,I17626003
1977,Martha M Munoz,A5113900810,fuzzy,I32971472
233,Sung Jin Park,A5015813521,alias,I150468666
1124,Xuan Wang,A5100322864,alias,I859038795
800,Darran R Cairns,A5077773585,fuzzy,I75421653
1610,Yang Zhang,A5101481017,alias,I137902535
96,Agnes Thorarinsdottir,A5028170577,alias,I5388228
151,Joshua D Roth,A5047505832,fuzzy,I135310074
2447,Pengfei Song,A5086543428,exact,I170897317
2979,Qian Zhang,A5100401723,alias,I103163165
874,Felix Warneken,A5113860390,alias,I27837315
400,Yu Sun,A5069703881,alias,I145311948
1320,Yan Wang,A5115591660,alias,I33213144
2904,Makenzie Long,A5088907365,alias,I114493937
602,Wei Liu,A5103018072,exact,I859038795
17,Pan Xu,A5100396257,exact,I118118575
708,Wenbin Zhang,A5101785938,alias,I19700959
1715,Zhongyang Li,A5100773642,alias,I140172145
1256,Michelle Chu,A5020303759,alias,I130238516
2979,Qian Zhang,A5100401734,alias,I103163165
1873,Jose Pablo Vazquez-Medina,A5101511305,fuzzy,I95457486
886,Brent A Nelson,A5083691929,fuzzy,I87216513
2845,Jingjing Wang,A5100426850,alias,I169521973
1294,Monowar Hasan,A5032176749,exact,I72951846
67,Jiming Jiang,A5084728323,exact,I84218800
368,Emily Riehl,A5022117243,exact,I145311948
2145,Eslam Khalaf,A5034171340,alias,I136199984
439,Pradeep Sharma,A5100620114,exact,I44461941
2040,Raphael Stern,A5053975688,exact,I130238516
2332,Matthew Zook,A5030042920,alias,I143302722
2070,Yong Zheng,A5051900701,alias,I180949307
1810,Carl Yang,A5006897094,exact,I150468666
2907,Jie Ding,A5029275607,alias,I130238516
2477,Xin Zhang,A5100327327,exact,I111088046
243,Sean P Howe,A5011269698,fuzzy,I223532165
2319,Jason McCullough,A5027697245,alias,I173911158
1614,Xu Wang,A5100407858,exact,I27837315
258,Azadeh Ansari,A5057362202,exact,I130701444
285,Zakir Durumeric,A5069939742,exact,I97018004
382,Yuan Ping,A5071056338,exact,I135310074
71,Jida Huang,A5072191882,alias,I39422238
1254,Tao Gao,A5013727422,exact,I223532165
425,Kun Wang,A5028703104,alias,I145608581
2477,Xin Zhang,A5100327640,alias,I111088046
41,Shuang Zhang,A5100321583,exact,I91045830
1827,Zhiqian Chen,A5082832007,alias,I99041443
233,Sung Jin Park,A5100323617,alias,I150468666
416,Ruggero Rossi,A5072130398,exact,I145311948
738,Samantha A Meenach,A5006060582,fuzzy,I17626003
1988,Takamitsu Ito,A5103519452,exact,I130701444
2477,Xin Zhang,A5100327501,exact,I111088046
712,Katherine Yaw,A5049061529,exact,I2613432
1176,Roland Mundil,A5062795197,alias,I1325733142
2679,Kai Shu,A5010533974,alias,I150468666
106,Qian Zhang,A5114378267,alias,I103635307
1370,Juba Ziani,A5008250785,alias,I130701444
463,Wei Zhang,A5047886193,alias,I63966007
2106,YANG YANG,A5100397465,exact,I26538001
1773,Kristen Vaccaro,A5064496195,exact,I36258959
2613,Chang Liu,A5100353259,exact,I24603500
161,Duri Long,A5035682073,exact,I111979921
1561,Weiwei Jia,A5034331684,exact,I17626003
233,Sung Jin Park,A5015813521,exact,I150468666
1610,Yang Zhang,A5101481017,exact,I137902535
2447,Pengfei Song,A5086543428,alias,I170897317
2979,Qian Zhang,A5100401723,exact,I103163165
874,Felix Warneken,A5113860390,exact,I27837315
400,Yu Sun,A5069703881,exact,I145311948
1320,Yan Wang,A5115591660,exact,I33213144
602,Wei Liu,A5103018072,alias,I859038795
17,Pan Xu,A5100396257,alias,I118118575
708,Wenbin Zhang,A5101785938,exact,I19700959
1715,Zhongyang Li,A5100773642,exact,I140172145
1256,Michelle Chu,A5020303759,exact,I130238516
2979,Qian Zhang,A5100401734,exact,I103163165
2477,Xin Zhang,A5045106081,alias,I111088046
2106,YANG YANG,A5100397628,exact,I26538001
602,Wei Liu,A5100327227,alias,I859038795
2342,An Wang,A5049151787,alias,I58956616
222,Yu Huang,A5100566736,alias,I200719446
1077,Zhe Zhang,A5100459168,alias,I91045830
1395,Michael K Brown,A5103429347,fuzzy,I82497590
1446,Aditi Raghunathan,A5031731960,alias,I74973139
2151,Xin Cui,A5101507502,exact,I123534392
2082,Monica Olvera de la Cruz,A5010866582,fuzzy,I111979921
61,Jeanette B Moss,A5075318875,fuzzy,I859038795
1320,Yan Wang,A5100978857,alias,I33213144
2256,Zheng Dong,A5081385202,alias,I185443292
1829,Fei Dai,A5038336908,alias,I1331384533
432,Kurt W Vinhage,A5031884099,fuzzy,I223532165
1186,Rebecca H Jackson,A5104684575,fuzzy,I121934306
2477,Xin Zhang,A5045106081,exact,I111088046
2106,YANG YANG,A5100397628,alias,I26538001
222,Yu Huang,A5100566736,exact,I200719446
1446,Aditi Raghunathan,A5031731960,exact,I74973139
2151,Xin Cui,A5101507502,alias,I123534392
1320,Yan Wang,A5100978857,exact,I33213144
1829,Fei Dai,A5038336908,exact,I1331384533
2110,Rebecca H Jackson,A5104684575,fuzzy,I121934306
2301,Rebecca H Jackson,A5104684575,fuzzy,I121934306
1678,Assaf Naor,A5052985577,exact,I20089843
2921,Ashley P Ballantyne,A5037665979,fuzzy,I6750721
2427,Tim J Zuehlsdorff,A5038738989,fuzzy,I131249849
329,John D Finan,A5017386590,fuzzy,I39422238
2362,Laurent P Saloff-Coste,A5106429611,fuzzy,I205783295
112,Sanat K Kumar,A5033735762,fuzzy,I78577930
2215,Steward T Pickett,A5062031872,fuzzy,I3131038610
1143,Martin J Bridgeman,A5088287805,fuzzy,I103531236
704,Dimitri Y Shlyakhtenko,A5085505149,fuzzy,I161318765
1576,Meng Lu,A5111264844,alias,I173911158
111,Michael V Maseda,A5079172029,fuzzy,I135310074
1120,Ching-Yao Lai,A5080242148,alias,I97018004
636,Samantha R Brunhaver,A5068072480,fuzzy,I55732556
44,Ting Liao,A5034967897,alias,I108468826
2454,Assefaw H Gebremedhin,A5049685547,fuzzy,I72951846
533,Joon-Ho Choi,A5084133523,alias,I1174212
835,Suzette R Burckhard,A5032926565,fuzzy,I177156846
752,Sean P Colin,A5064592204,fuzzy,I79839527
2952,John W Williams,A5037671290,fuzzy,I135310074
1077,Zhe Zhang,A5100442935,alias,I91045830
1280,Xiao Liu,A5111840380,fuzzy,I130701444
1870,Susan E Clark,A5005699219,fuzzy,I97018004
1799,Brian T Smith,A5084005896,fuzzy,I1338124936
2507,Chris Funk,A5064390526,alias,I92446798
970,Jae Ryu,A5083719575,alias,I155093810
2807,Benjamin Halpern,A5056427982,alias,I154570441
2686,Zhigang Peng,A5082692944,alias,I130701444
568,Chang Liu,A5100353347,alias,I140172145
1825,Zhiting Hu,A5085608858,alias,I36258959
1445,Tonmoy Chakraborty,A5091783739,alias,I169521973
617,Maureen C Kennedy,A5008063149,fuzzy,I201448701
1510,Jonathan Rittle,A5073789463,alias,I95457486
1125,Geoffrey J Gilleaudeau,A5039534526,fuzzy,I162714631
1639,Chirag Gupta,A5031523626,alias,I135310074
1957,Diana Kapiszewski,A5066901604,exact,I184565670
2701,Jie Xu,A5085531312,alias,I33213144
1672,Jared M Ashcroft,A5052574788,fuzzy,I109301148
9,Gen Li,A5079234224,alias,I154570441
2372,Sahil Singla,A5078010312,alias,I130701444
400,Yu Sun,A5109301537,alias,I145311948
2789,Armando G McDonald,A5065944014,fuzzy,I155093810
567,Eric Petersen,A5059580642,alias,I1629065
1786,Sarah M Brown,A5101448913,fuzzy,I17626003
2995,Nuwan K Wijewardane,A5057088506,fuzzy,I99041443
2412,Kendra A Turk-Kubo,A5077254525,fuzzy,I185103710
1797,Guoxiang Hu,A5089957292,alias,I130701444
1536,Allegra T Aron,A5069291692,fuzzy,I131651094
2245,Javen S Weston,A5041327928,fuzzy,I87208437
1921,Eric Wong,A5103200100,alias,I79576946
2236,Matthew A McCary,A5031699699,fuzzy,I74775410
652,Stace E Beaulieu,A5078786551,fuzzy,I66958751
1989,Umberto Ciri,A5069718565,alias,I60388903
412,Donald E Penman,A5084514056,fuzzy,I121980950
1909,Michael B Larsen,A5027283606,fuzzy,I52669646
273,Jian Wang,A5100756296,alias,I39587148
960,Elizabeth A Gillaspy,A5037847106,fuzzy,I6750721
2115,Keara M Lane,A5042851368,fuzzy,I111979921
181,Gong Chen,A5100679028,alias,I130701444
2251,Wen Chen,A5111579326,fuzzy,I1174212
1341,Prathap Parameswaran,A5012086955,exact,I189590672
2787,David G Schmale,A5108117214,alias,I859038795
2477,Xin Zhang,A5100327524,exact,I111088046
2636,Pedram Hassanzadeh,A5052673105,alias,I40347166
2022,Yi Xue,A5100303001,alias,I84218800
1914,Corlett W Wood,A5080158969,fuzzy,I79576946
1511,Matthew Gleeson,A5028911822,exact,I95457486
444,Cong Hao,A5101761172,alias,I130701444
2187,Dior R Kelley,A5050426745,fuzzy,I173911158
748,Shannon Timmons,A5054239280,alias,I2276074
502,Ling Long,A5103382982,alias,I121820613
1251,Diana M Byrne,A5073979252,fuzzy,I143302722
889,Valentina V Kuskova,A5069790131,fuzzy,I107639228
492,David W Lipke,A5020657344,fuzzy,I20382870
188,Devanshi D Khokhani,A5060316373,fuzzy,I130238516
444,Cong Hao,A5074300487,exact,I130701444
446,Inna I Zakharevich,A5012403109,fuzzy,I205783295
1112,Winnie Chu,A5102490499,exact,I130701444
2860,Ying Wang,A5011898546,alias,I135310074
648,Meng Han,A5071013651,alias,I189590672
1197,Mary A Rogalski,A5014719938,fuzzy,I135474949
2100,Tingting Wang,A5100447698,alias,I184565670
1107,Bin Sun,A5063575227,alias,I87216513
2880,Qiang S Cheng,A5013639266,fuzzy,I143302722
832,Salvatore Garofalo,A5113682796,exact,I111455621
1682,Yuchen Liu,A5100373048,exact,I137902535
1350,Min Zhang,A5100403023,alias,I47500952
1253,Kayhan batmanghelich,A5031717623,alias,I111088046
1317,Ashley M Burkett,A5043461828,fuzzy,I115475287
1221,Tej B Limbu,A5037790456,fuzzy,I52913039
2004,Robin Lammi,A5051590972,alias,I169086405
954,Cong Ma,A5060187092,exact,I40347166
1044,Ross J Benbow,A5075584349,fuzzy,I135310074
2409,Yang Wang,A5101641133,alias,I145608581
484,Nathan E Green,A5101718052,fuzzy,I919208787
2990,Sandra M Duran,A5034633828,fuzzy,I92446798
2907,Jie Ding,A5100697342,exact,I130238516
1966,Lu Cheng,A5094237177,exact,I39422238
415,Yi Wang,A5101469989,exact,I76835614
1452,Ge Gao,A5062008887,alias,I66946132
1983,Ryan Norris,A5102926177,alias,I207123951
2387,Cheng Wang,A5100895587,exact,I173911158
2986,Karen McKinnon,A5005855096,alias,I161318765
719,Mengxue Hou,A5101366098,alias,I107639228
2012,Megan N Jackson,A5051130665,fuzzy,I114027177
2700,Kimberly X Mulligan,A5025422656,fuzzy,I82497590
2387,Cheng Wang,A5024196428,alias,I173911158
1250,Aparajeo Chattopadhyay,A5039399220,alias,I5388228
2477,Xin Zhang,A5110516399,exact,I111088046
1589,Pengfei Su,A5071320445,alias,I156087764
358,Lei Fan,A5101759399,alias,I44461941
708,Wenbin Zhang,A5100658791,alias,I19700959
463,Wei Zhang,A5090811629,alias,I63966007
2303,Noveera T Ahmed,A5075356118,fuzzy,I910567637
1625,Lei Gu,A5003597021,exact,I79576946
2799,Mohammed T Albahttiti,A5057643548,fuzzy,I36053171
1076,Wei Xie,A5100918160,alias,I12912129
635,Richard C Flagan,A5109284603,fuzzy,I122411786
1320,Yan Wang,A5100322630,exact,I33213144
411,David A Butler,A5020577930,fuzzy,I1318687432
1946,Caglar Uyanik,A5067348748,exact,I135310074
1350,Min Zhang,A5100402879,alias,I47500952
1678,Assaf Naor,A5052985577,alias,I20089843
1576,Meng Lu,A5111264844,exact,I173911158
1120,Ching-Yao Lai,A5080242148,exact,I97018004
44,Ting Liao,A5034967897,exact,I108468826
533,Joon-Ho Choi,A5084133523,exact,I1174212
1175,John W Williams,A5037671290,fuzzy,I135310074
1077,Zhe Zhang,A5100442935,exact,I91045830
2686,Zhigang Peng,A5082692944,exact,I130701444
568,Chang Liu,A5100353347,exact,I140172145
1825,Zhiting Hu,A5085608858,exact,I36258959
1445,Tonmoy Chakraborty,A5091783739,exact,I169521973
1510,Jonathan Rittle,A5073789463,exact,I95457486
2562,Geoffrey J Gilleaudeau,A5039534526,fuzzy,I162714631
1639,Chirag Gupta,A5031523626,exact,I135310074
2701,Jie Xu,A5085531312,exact,I33213144
9,Gen Li,A5079234224,exact,I154570441
2372,Sahil Singla,A5078010312,exact,I130701444
400,Yu Sun,A5109301537,exact,I145311948
1797,Guoxiang Hu,A5089957292,exact,I130701444
1921,Eric Wong,A5103200100,exact,I79576946
1989,Umberto Ciri,A5069718565,exact,I60388903
1342,Donald E Penman,A5084514056,fuzzy,I121980950
273,Jian Wang,A5100756296,exact,I39587148
1341,Prathap Parameswaran,A5012086955,alias,I189590672
2787,David G Schmale,A5108117214,exact,I859038795
2477,Xin Zhang,A5100327524,alias,I111088046
2636,Pedram Hassanzadeh,A5052673105,exact,I40347166
2022,Yi Xue,A5100303001,exact,I84218800
1511,Matthew Gleeson,A5028911822,alias,I95457486
444,Cong Hao,A5074300487,alias,I130701444
1112,Winnie Chu,A5102490499,alias,I130701444
2860,Ying Wang,A5011898546,exact,I135310074
648,Meng Han,A5071013651,exact,I189590672
2100,Tingting Wang,A5100447698,exact,I184565670
1107,Bin Sun,A5063575227,exact,I87216513
832,Salvatore Garofalo,A5113682796,alias,I111455621
1682,Yuchen Liu,A5100373048,alias,I137902535
1350,Min Zhang,A5100403023,exact,I47500952
1253,Kayhan batmanghelich,A5031717623,exact,I111088046
954,Cong Ma,A5060187092,alias,I40347166
1121,Yang Wang,A5101641133,alias,I145608581
2907,Jie Ding,A5100697342,alias,I130238516
1966,Lu Cheng,A5094237177,alias,I39422238
415,Yi Wang,A5101469989,alias,I76835614
1452,Ge Gao,A5062008887,exact,I66946132
1983,Ryan Norris,A5102926177,exact,I207123951
2387,Cheng Wang,A5100895587,alias,I173911158
719,Mengxue Hou,A5101366098,exact,I107639228
2387,Cheng Wang,A5024196428,exact,I173911158
1250,Aparajeo Chattopadhyay,A5039399220,exact,I5388228
2477,Xin Zhang,A5110516399,alias,I111088046
1589,Pengfei Su,A5071320445,exact,I156087764
708,Wenbin Zhang,A5100658791,exact,I19700959
463,Wei Zhang,A5090811629,exact,I63966007
1625,Lei Gu,A5003597021,alias,I79576946
1076,Wei Xie,A5100918160,exact,I12912129
1320,Yan Wang,A5100322630,alias,I33213144
927,David A Butler,A5020577930,fuzzy,I1318687432
1946,Caglar Uyanik,A5067348748,alias,I135310074
1350,Min Zhang,A5100402879,exact,I47500952
1121,Yang Wang,A5101641133,exact,I145608581
2409,Yang Wang,A5101641133,exact,I145608581
133,Yao Yang,A5100369307,alias,I205783295
2251,Wen Chen,A5100344141,alias,I1174212
2628,Matthew K Voigt,A5017928416,fuzzy,I87216513
2984,Dawei Zhou,A5113306669,exact,I859038795
2192,Kristopher L Schmidt,A5113720592,fuzzy,I201426678
630,Christopher Lew,A5024973131,alias,I51504820
2604,Stephen E Leonard,A5005188785,fuzzy,I138535782
53,Selyna P Beverly,A5034831372,fuzzy,I138216421
2590,Yu-Xiang Wang,A5101990526,alias,I36258959
1565,Hua Wei,A5078290894,alias,I55732556
1283,Roman Kuzmin,A5012220089,exact,I135310074
502,Ling Long,A5101013615,alias,I121820613
329,John D Finan,A5010320145,fuzzy,I39422238
2106,YANG YANG,A5100397741,exact,I26538001
1701,Yin Li,A5041305185,fuzzy,I135310074
1122,Donna Riley,A5090907595,alias,I169521973
1298,Bin Zhang,A5100392885,exact,I63966007
2251,Wen Chen,A5100344141,exact,I1174212
2984,Dawei Zhou,A5113306669,alias,I859038795
1565,Hua Wei,A5078290894,exact,I55732556
1283,Roman Kuzmin,A5012220089,alias,I135310074
2106,YANG YANG,A5100397741,alias,I26538001
1122,Donna Riley,A5090907595,exact,I169521973
1298,Bin Zhang,A5100392885,alias,I63966007
1173,Ilker Yildirim,A5068090762,exact,I32971472
2744,Diana Franklin,A5015650035,alias,I40347166
2665,Mac H Alford,A5080360700,fuzzy,I44854399
1572,Seth B Herzon,A5055878366,fuzzy,I32971472
2595,Andrew F Thompson,A5058289238,fuzzy,I122411786
369,Xi Wang,A5100442258,alias,I86501945
2251,Wen Chen,A5100428822,fuzzy,I1174212
1479,Hamish Gordon,A5086004922,alias,I74973139
2146,Joshua N Garcia,A5051205341,fuzzy,I204250578
2351,Marat Latypov,A5043536344,alias,I138006243
1583,Matthias Plum,A5075944583,alias,I184647316
1190,Gunes Uzer,A5012529101,exact,I120156002
1962,Jeffrey G Bell,A5031060981,fuzzy,I72951846
2584,Chau-Wai Wong,A5014799225,alias,I137902535
1163,Aaron J Rossini,A5061742754,fuzzy,I173911158
518,William T Ross,A5076319738,fuzzy,I158012942
1029,Christine L Mallinson,A5047324018,fuzzy,I79272384
267,Truman P Young,A5025306158,fuzzy,I84218800
2944,Andrew J Long,A5087990463,fuzzy,I74775410
829,Yanning Shen,A5019337064,alias,I204250578
36,Alexis M Mychajliw,A5074091475,fuzzy,I195575238
2778,Michael W Lomas,A5087722654,fuzzy,I2800663845
1840,Brittany T Fasy,A5063015907,fuzzy,I23732399
2148,Robinson W Fulweiler,A5087389057,fuzzy,I111088046
2098,Nikole K Lewis,A5034482425,fuzzy,I205783295
1905,Ciprian Dumitrache,A5006804139,alias,I92446798
1745,Rosangela Sozzani,A5041070807,alias,I137902535
1623,Murat Arcak,A5025743742,alias,I95457486
489,Anne Pommier,A5044468660,exact,I196817621
2235,Delphis Levia,A5079158186,alias,I86501945
1662,Dana N Reinemann,A5008782191,fuzzy,I368840534
2020,Kyle Bibby,A5062959054,exact,I107639228
505,Russell J Perkins,A5074929971,fuzzy,I92446798
2958,Evan C Lemley,A5078592219,fuzzy,I139325414
2664,Bethann G Merkle,A5075563101,fuzzy,I12834331
2061,Laura J Moore,A5112206943,fuzzy,I157471465
279,Jeffrey L Meier,A5017131893,fuzzy,I52669646
2367,Kevin C Rose,A5089311522,fuzzy,I165799507
1327,Golden G Richard,A5040000514,fuzzy,I121820613
1903,Thang Le,A5024159074,alias,I130701444
1145,Michael K West,A5110941587,fuzzy,I184647316
1481,Christopher Shepard,A5082306307,alias,I143302722
2644,Melissa C Smith,A5043923029,fuzzy,I8078737
1643,Max B Berkelhammer,A5074005404,fuzzy,I39422238
2671,Jerrod A Henderson,A5029787065,fuzzy,I44461941
951,MAHESH KUMAR GANGISHETTY,A5083660104,alias,I99041443
2975,Cheng-Yu Lai,A5053289187,alias,I19700959
826,George Veletsianos,A5052894920,alias,I130238516
1696,Chaofan Chen,A5101627369,alias,I7947594
1995,Evgenios Kornaropoulos,A5030196581,alias,I162714631
2029,Randelle M Bundy,A5063440274,fuzzy,I201448701
1113,Lauren G Shoemaker,A5062454217,fuzzy,I12834331
2929,Marzia Cescon,A5057762991,alias,I44461941
1542,Sarra Alqahtani,A5057127359,exact,I47251452
2425,Muhammad Shahbaz,A5100610963,alias,I27837315
1071,Dorothy Lerit,A5065143503,fuzzy,I150468666
1400,Elizabeth A McCullagh,A5022181861,fuzzy,I115475287
513,Hong-Zhou Ye,A5100359421,fuzzy,I66946132
151,Joshua D Roth,A5089086738,alias,I135310074
2007,Peter Barry,A5101833350,alias,I66958751
2395,Wenlin Zhang,A5036112318,exact,I107672454
942,Brad J Gemmell,A5025268550,fuzzy,I2613432
655,Yan Li,A5100613182,alias,I107672454
902,Woo Y Lee,A5112828375,fuzzy,I108468826
1118,Matthew B Young,A5091177873,fuzzy,I121980950
1495,Sam J Silva,A5012693145,fuzzy,I1174212
2611,Hai Lin,A5004637055,alias,I121820613
1244,Yao Zheng,A5101975545,exact,I140172145
2256,Zheng Dong,A5101473772,exact,I185443292
2398,Carl E Hjelmen,A5069875178,fuzzy,I197572798
584,Lucy Pickering,A5086578840,alias,I206651237
2919,Marcus Michelen,A5048318626,exact,I39422238
2653,Christina J Schneider,A5098784966,fuzzy,I36258959
1349,Zufen Wang,A5004301466,alias,I75256744
2477,Xin Zhang,A5100327381,exact,I111088046
2251,Wen Chen,A5100344294,alias,I1174212
2991,Christine Wittich,A5032537254,alias,I114395901
2106,YANG YANG,A5100397653,alias,I26538001
2979,Qian Zhang,A5100684853,alias,I103163165
708,Wenbin Zhang,A5100710816,alias,I19700959
729,Jan P Stegemann,A5113589732,fuzzy,I27837315
1306,Natalie L Cápiro,A5074655662,fuzzy,I205783295
1412,Jonathan J Zhu,A5017697784,fuzzy,I201448701
1320,Yan Wang,A5033518081,alias,I33213144
1847,Ed Habtour,A5004423131,alias,I201448701
1628,Ashok Litwin-Kumar,A5016204865,fuzzy,I78577930
2774,Elica M Moss,A5064526250,fuzzy,I176692203
1070,Willis B Jones,A5056631370,fuzzy,I11874761
2477,Xin Zhang,A5100327370,exact,I111088046
2383,Marc P Dandin,A5057731484,fuzzy,I74973139
1609,Daniela Inclezan,A5039799886,exact,I83328450
874,Felix Warneken,A5110849632,exact,I27837315
2936,Laura Rabin,A5101968039,alias,I83041322
1487,Andrew Lee,A5100450492,alias,I137902535
194,Teresa W Lee,A5030286190,fuzzy,I133738476
76,Kai Gong,A5061620513,exact,I74775410
1084,Marc Miskin,A5078521173,alias,I79576946
366,Kuei-Chun Wang,A5033630040,alias,I55732556
1617,Varun Mishra,A5111156190,alias,I12912129
891,Li Ke,A5107946645,alias,I201448701
1640,Song Gao,A5017315985,alias,I135310074
121,Habiba Farrukh,A5090347232,exact,I204250578
1263,Carla Michini,A5078379802,alias,I135310074
1665,Francisco R Hung,A5020716125,fuzzy,I12912129
198,Mert D Pesé,A5085340429,fuzzy,I8078737
2242,Rees F Garmann,A5016295954,fuzzy,I26538001
576,Wenyang Gao,A5082455230,alias,I4210106879
1610,Yang Zhang,A5100354659,alias,I137902535
31,Patrick J Walsh,A5046008054,fuzzy,I79576946
786,Lin Lin,A5100342029,alias,I95457486
413,Soroosh Shafiee,A5030361767,alias,I205783295
1838,Charlotte O Chan,A5009235216,fuzzy,I27837315
1320,Yan Wang,A5100322902,exact,I33213144
502,Ling Long,A5101651257,alias,I121820613
2929,Marzia Cescon,A5113377582,exact,I44461941
530,Christina O Lee,A5100676447,fuzzy,I95457486
2464,Zheyu Jiang,A5048967357,exact,I115475287
1244,Yao Zheng,A5100342740,alias,I140172145
470,Matthew D Golub,A5008892922,fuzzy,I201448701
2751,Chengcheng Huang,A5009834250,alias,I170201317
126,Ari E Martinez,A5037786383,fuzzy,I185103710
655,Yan Li,A5100677738,exact,I107672454
163,Shivani Ahuja,A5012032251,alias,I55486353
2434,Erdem Sasmaz,A5084407783,alias,I204250578
1610,Yang Zhang,A5100748949,alias,I137902535
1395,Michael K Brown,A5013680597,fuzzy,I82497590
2188,Julia Gaudio,A5073149598,exact,I111979921
518,William T Ross,A5072261015,fuzzy,I158012942
2477,Xin Zhang,A5068179016,alias,I111088046
1821,Daljit Singh Dhillon,A5013304349,alias,I8078737
877,Sarah A Wilson,A5101938338,fuzzy,I44265643
1173,Ilker Yildirim,A5068090762,alias,I32971472
2471,Diana Franklin,A5015650035,alias,I40347166
369,Xi Wang,A5100442258,exact,I86501945
1479,Hamish Gordon,A5086004922,exact,I74973139
1190,Gunes Uzer,A5012529101,alias,I120156002
2584,Chau-Wai Wong,A5014799225,exact,I137902535
829,Yanning Shen,A5019337064,exact,I204250578
1905,Ciprian Dumitrache,A5006804139,exact,I92446798
1745,Rosangela Sozzani,A5041070807,exact,I137902535
1623,Murat Arcak,A5025743742,exact,I95457486
489,Anne Pommier,A5044468660,alias,I196817621
2020,Kyle Bibby,A5062959054,alias,I107639228
1481,Christopher Shepard,A5082306307,exact,I143302722
2975,Cheng-Yu Lai,A5053289187,exact,I19700959
826,George Veletsianos,A5052894920,exact,I130238516
1696,Chaofan Chen,A5101627369,exact,I7947594
2929,Marzia Cescon,A5057762991,exact,I44461941
1542,Sarra Alqahtani,A5057127359,alias,I47251452
2425,Muhammad Shahbaz,A5100610963,exact,I27837315
2395,Wenlin Zhang,A5036112318,alias,I107672454
655,Yan Li,A5100613182,exact,I107672454
2611,Hai Lin,A5004637055,exact,I121820613
1244,Yao Zheng,A5101975545,alias,I140172145
2256,Zheng Dong,A5101473772,alias,I185443292
584,Lucy Pickering,A5086578840,exact,I206651237
2919,Marcus Michelen,A5048318626,alias,I39422238
1349,Zufen Wang,A5004301466,exact,I75256744
2477,Xin Zhang,A5100327381,alias,I111088046
2106,YANG YANG,A5100397653,exact,I26538001
2979,Qian Zhang,A5100684853,exact,I103163165
708,Wenbin Zhang,A5100710816,exact,I19700959
1320,Yan Wang,A5033518081,exact,I33213144
1847,Ed Habtour,A5004423131,exact,I201448701
2477,Xin Zhang,A5100327370,alias,I111088046
1609,Daniela Inclezan,A5039799886,alias,I83328450
874,Felix Warneken,A5110849632,alias,I27837315
1487,Andrew Lee,A5100450492,exact,I137902535
76,Kai Gong,A5061620513,alias,I74775410
366,Kuei-Chun Wang,A5033630040,exact,I55732556
1617,Varun Mishra,A5111156190,exact,I12912129
1640,Song Gao,A5017315985,exact,I135310074
121,Habiba Farrukh,A5090347232,alias,I204250578
1263,Carla Michini,A5078379802,exact,I135310074
1610,Yang Zhang,A5100354659,exact,I137902535
786,Lin Lin,A5100342029,exact,I95457486
1320,Yan Wang,A5100322902,alias,I33213144
502,Ling Long,A5101651257,exact,I121820613
2929,Marzia Cescon,A5113377582,alias,I44461941
2464,Zheyu Jiang,A5048967357,alias,I115475287
1244,Yao Zheng,A5100342740,exact,I140172145
655,Yan Li,A5100677738,alias,I107672454
163,Shivani Ahuja,A5012032251,exact,I55486353
2434,Erdem Sasmaz,A5084407783,exact,I204250578
1610,Yang Zhang,A5100748949,exact,I137902535
2477,Xin Zhang,A5068179016,exact,I111088046
2471,Diana Franklin,A5015650035,exact,I40347166
2744,Diana Franklin,A5015650035,exact,I40347166
2880,Qiang S Cheng,A5083141785,fuzzy,I143302722
2477,Xin Zhang,A5100327403,exact,I111088046
1320,Yan Wang,A5100322555,alias,I33213144
1092,Michael A Hill,A5044034295,fuzzy,I130238516
2477,Xin Zhang,A5100327632,alias,I111088046
2906,Duy Ngo,A5112508615,alias,I141649380
2514,Aaryani Sajja,A5019708641,fuzzy,I44461941
1121,Yang Wang,A5101921102,exact,I145608581
15,Qianyun Zhang,A5028549439,exact,I10052268
1625,Lei Gu,A5050271766,alias,I79576946
1077,Zhe Zhang,A5102284095,alias,I91045830
2477,Xin Zhang,A5100327403,alias,I111088046
1320,Yan Wang,A5100322555,exact,I33213144
2477,Xin Zhang,A5100327632,exact,I111088046
2409,Yang Wang,A5101921102,exact,I145608581
15,Qianyun Zhang,A5028549439,alias,I10052268
1121,Yang Wang,A5101921102,alias,I145608581
2409,Yang Wang,A5101921102,alias,I145608581
1781,Hua Fang,A5084745600,exact,I100633361
2087,Marc A Osherson,A5002432070,fuzzy,I107639228
1314,Rajesh K Sani,A5063534124,fuzzy,I184647316
480,Akram Aldroubi,A5003347271,exact,I200719446
22,Sandhya Saisubramanian,A5037326029,exact,I131249849
821,Aditya Johri,A5056968920,alias,I162714631
2549,Abdallah Khreishah,A5062119199,exact,I118118575
1381,Melissa K Santala,A5043758880,fuzzy,I131249849
2519,Justin Kim,A5101793698,alias,I130701444
1657,Kent D Messer,A5092161251,fuzzy,I86501945
1275,Andrei Afanasev,A5007797421,exact,I193531525
1485,Paul D Asimow,A5052684939,fuzzy,I122411786
759,Manuel A Jimenez,A5100599693,fuzzy,I60388903
406,David Galvin,A5073164280,alias,I107639228
2897,Mohammad Rahimi,A5074012074,alias,I44461941
1034,Robert W Orttung,A5033482521,fuzzy,I193531525
113,Ankun Yang,A5033941444,exact,I177721651
99,Florian Frick,A5070597025,alias,I74973139
2154,Molly C Sutherland,A5031151984,fuzzy,I86501945
2244,Chris Richardson,A5002966076,alias,I154570441
68,Yuxin Chen,A5100416080,alias,I40347166
2690,Amy E Hessl,A5089688072,fuzzy,I12097938
515,Michael Thompson,A5101754196,alias,I157394403
763,Robert F Anderson,A5005785286,fuzzy,I78577930
1360,Xuan Zhang,A5100342932,exact,I156087764
2307,Amit A Levy,A5078224627,fuzzy,I20089843
2413,Kevin R Arrigo,A5037033232,fuzzy,I97018004
62,Sougata Roy,A5047320891,exact,I173911158
190,Ricardo Azevedo,A5076747646,alias,I44461941
655,Yan Li,A5100380402,alias,I107672454
260,Hiroshi Maeda,A5040429486,exact,I135310074
1395,Michael K Brown,A5101576835,fuzzy,I82497590
943,Zhenkai Zhang,A5101696649,alias,I8078737
1947,Cynthia Holland,A5006419595,alias,I22675022
2356,Meng Zhou,A5052253458,alias,I10052268
242,Yang Liu,A5072096775,alias,I74973139
1372,Anne B McCoy,A5039510931,fuzzy,I201448701
1938,Ryan S Senger,A5005155877,fuzzy,I859038795
1911,Xiaoguang Dong,A5007425101,exact,I200719446
1896,Wenfei Xu,A5062166205,alias,I205783295
1453,David J Durden,A5039964575,fuzzy,I1325736334
2875,Marisa A Rinkus,A5068477204,fuzzy,I87216513
2500,Jina Ko,A5065605894,alias,I79576946
1736,Ryan C Range,A5078692545,fuzzy,I82497590
2610,Raul Castro Fernandez,A5003690515,alias,I40347166
1392,Scott W Linderman,A5054079047,fuzzy,I97018004
2223,Stefano Martiniani,A5003291747,alias,I57206974
1226,John P Ziker,A5073382012,fuzzy,I120156002
2371,Emily L Dolson,A5039490105,fuzzy,I87216513
1037,Linda Hyman,A5054452522,alias,I1338920048
2648,Callum J Hetherington,A5077994314,fuzzy,I12315562
2854,Hongchang Gao,A5102798905,alias,I84392919
2979,Qian Zhang,A5017812506,alias,I103163165
666,Luis A Ruiz Pestana,A5027872356,fuzzy,I145608581
2107,Young Rae Choi,A5046227627,alias,I19700959
687,Nicole R Looper,A5039070582,fuzzy,I27804330
2586,Guanglei Hong,A5041762435,exact,I40347166
2010,Fanxin Kong,A5108999536,alias,I107639228
417,Ryan Kingsbury,A5053029311,exact,I20089843
1076,Wei Xie,A5069412360,alias,I12912129
2979,Qian Zhang,A5100401720,alias,I103163165
2695,Robin Tinghitella,A5024278604,alias,I131651094
2365,Sitao Huang,A5050532440,exact,I204250578
796,Jennifer A Wilhelm,A5018311906,fuzzy,I143302722
2387,Cheng Wang,A5061067733,exact,I173911158
2093,Nicholas J Hawco,A5024842130,fuzzy,I1331384533
908,Ourania Kosti,A5040287827,alias,I1318687432
1753,Thomas Hou,A5113999511,alias,I859038795
1614,Xu Wang,A5100708433,exact,I27837315
1253,Kayhan batmanghelich,A5113263187,alias,I111088046
1899,Craig A Schenck,A5073604787,fuzzy,I76835614
1916,Kuikui Liu,A5088744585,alias,I63966007
2590,Yu-Xiang Wang,A5100445368,fuzzy,I36258959
1298,Bin Zhang,A5003956220,alias,I63966007
1460,Robin S Walters,A5063254454,fuzzy,I12912129
336,Nikhil Bajaj,A5060906794,alias,I170201317
686,Narges Norouzi,A5090187471,exact,I95457486
1359,Ritambhara Singh,A5109648910,alias,I27804330
1280,Xiao Liu,A5100441116,alias,I130701444
1641,Andrew J Wilson,A5014078497,fuzzy,I142740786
1689,Suzanne Boyd,A5001981257,exact,I43579087
832,Salvatore Garofalo,A5086126814,fuzzy,I111455621
218,Chen Sun,A5100418655,alias,I27804330
2718,Michelle Smith,A5103953871,fuzzy,I205783295
1796,Xiaojing Wang,A5101509100,alias,I140172145
1065,Sarah Beetham,A5011753205,alias,I177721651
655,Yan Li,A5100736469,alias,I107672454
2477,Xin Zhang,A5068665155,exact,I111088046
2225,Lea Nienhaus,A5007496801,alias,I74775410
1095,Emily Camelio,A5114344923,fuzzy,I4210092198
2258,Juan Pablo Canales,A5112868397,alias,I66958751
2090,Alison B Altman,A5013286460,fuzzy,I91045830
2381,Adam M Bouland,A5007781126,fuzzy,I97018004
281,Michael I Baron,A5041858091,fuzzy,I181401687
2556,William J Longley,A5006111487,fuzzy,I118118575
2064,Christopher J Marvel,A5029441299,fuzzy,I121820613
306,Anthony Dell,A5005797884,alias,I2801455325
1547,Eric Larson,A5101782957,alias,I27804330
1908,Miguel A Acevedo,A5035923167,fuzzy,I33213144
2046,Jiaoyang Li,A5027709346,alias,I74973139
1987,Haozhe Wang,A5047021656,alias,I170897317
2984,Dawei Zhou,A5100655955,exact,I859038795
2590,Yu-Xiang Wang,A5032036377,fuzzy,I36258959
2683,Sara L Johnson,A5046983186,fuzzy,I12970578
2387,Cheng Wang,A5108221850,exact,I173911158
2252,Manuella O Yassa,A5092093473,fuzzy,I204250578
2477,Xin Zhang,A5100327385,exact,I111088046
379,Michal A Kopera,A5086898686,fuzzy,I120156002
189,MINGYU CAI,A5051737344,exact,I103635307
2477,Xin Zhang,A5103011900,exact,I111088046
1174,Ning Sui,A5103228293,exact,I137902535
343,Ryan L Sensenig,A5060176573,fuzzy,I107639228
2608,Gushu Li,A5009768065,alias,I79576946
2263,Yuming P Zhang,A5100421240,fuzzy,I82497590
1750,Varghese M Vaidyan,A5099096820,fuzzy,I125467818
1781,Hua Fang,A5084745600,alias,I100633361
480,Akram Aldroubi,A5003347271,alias,I200719446
22,Sandhya Saisubramanian,A5037326029,alias,I131249849
821,Aditya Johri,A5056968920,exact,I162714631
2549,Abdallah Khreishah,A5062119199,alias,I118118575
2519,Justin Kim,A5101793698,exact,I130701444
1275,Andrei Afanasev,A5007797421,alias,I193531525
406,David Galvin,A5073164280,exact,I107639228
2897,Mohammad Rahimi,A5074012074,exact,I44461941
113,Ankun Yang,A5033941444,alias,I177721651
99,Florian Frick,A5070597025,exact,I74973139
68,Yuxin Chen,A5100416080,exact,I40347166
515,Michael Thompson,A5101754196,exact,I157394403
1360,Xuan Zhang,A5100342932,alias,I156087764
62,Sougata Roy,A5047320891,alias,I173911158
655,Yan Li,A5100380402,exact,I107672454
260,Hiroshi Maeda,A5040429486,alias,I135310074
943,Zhenkai Zhang,A5101696649,exact,I8078737
2356,Meng Zhou,A5052253458,exact,I10052268
1911,Xiaoguang Dong,A5007425101,alias,I200719446
1896,Wenfei Xu,A5062166205,exact,I205783295
2500,Jina Ko,A5065605894,exact,I79576946
2610,Raul Castro Fernandez,A5003690515,exact,I40347166
2223,Stefano Martiniani,A5003291747,exact,I57206974
1451,Linda Hyman,A5054452522,alias,I1338920048
2854,Hongchang Gao,A5102798905,exact,I84392919
2979,Qian Zhang,A5017812506,exact,I103163165
2107,Young Rae Choi,A5046227627,exact,I19700959
2586,Guanglei Hong,A5041762435,alias,I40347166
2010,Fanxin Kong,A5108999536,exact,I107639228
417,Ryan Kingsbury,A5053029311,alias,I20089843
1076,Wei Xie,A5069412360,exact,I12912129
2979,Qian Zhang,A5100401720,exact,I103163165
2365,Sitao Huang,A5050532440,alias,I204250578
2387,Cheng Wang,A5061067733,alias,I173911158
908,Ourania Kosti,A5040287827,exact,I1318687432
1614,Xu Wang,A5100708433,alias,I27837315
1916,Kuikui Liu,A5088744585,exact,I63966007
1298,Bin Zhang,A5003956220,exact,I63966007
336,Nikhil Bajaj,A5060906794,exact,I170201317
686,Narges Norouzi,A5090187471,alias,I95457486
1359,Ritambhara Singh,A5109648910,exact,I27804330
1280,Xiao Liu,A5100441116,exact,I130701444
1689,Suzanne Boyd,A5001981257,alias,I43579087
218,Chen Sun,A5100418655,exact,I27804330
1065,Sarah Beetham,A5011753205,exact,I177721651
655,Yan Li,A5100736469,exact,I107672454
2477,Xin Zhang,A5068665155,alias,I111088046
2225,Lea Nienhaus,A5007496801,exact,I74775410
1431,Juan Pablo Canales,A5112868397,alias,I66958751
2046,Jiaoyang Li,A5027709346,exact,I74973139
1987,Haozhe Wang,A5047021656,exact,I170897317
2984,Dawei Zhou,A5100655955,alias,I859038795
2387,Cheng Wang,A5108221850,alias,I173911158
2477,Xin Zhang,A5100327385,alias,I111088046
189,MINGYU CAI,A5051737344,alias,I103635307
2477,Xin Zhang,A5103011900,alias,I111088046
1174,Ning Sui,A5103228293,alias,I137902535
2608,Gushu Li,A5009768065,exact,I79576946
2387,Cheng Wang,A5101606333,alias,I173911158
1697,Paul Langridge,A5078693849,alias,I25041050
1610,Yang Zhang,A5101456454,alias,I137902535
2477,Xin Zhang,A5100638346,alias,I111088046
463,Wei Zhang,A5102020788,alias,I63966007
655,Yan Li,A5100640488,alias,I107672454
2212,Nicholas A Mason,A5102444633,fuzzy,I121820613
2979,Qian Zhang,A5076597781,alias,I103163165
2387,Cheng Wang,A5101606333,exact,I173911158
1610,Yang Zhang,A5101456454,exact,I137902535
2477,Xin Zhang,A5100638346,exact,I111088046
463,Wei Zhang,A5102020788,exact,I63966007
655,Yan Li,A5100640488,exact,I107672454
2979,Qian Zhang,A5076597781,exact,I103163165
1682,Yuchen Liu,A5100373044,exact,I137902535
679,Jill McDermott,A5076596540,alias,I186143895
1129,John M Shea,A5090298379,fuzzy,I33213144
278,Kaijian Liu,A5040751149,alias,I108468826
2976,Stephen D Starnes,A5030926544,fuzzy,I206651237
1737,Aseema Mohanty,A5064327633,alias,I121934306
2128,Allegra Midgette,A5055475654,alias,I91045830
2300,Rahman Tashakkori,A5045740822,exact,I430192
2082,Monica Olvera de la Cruz,A5068153815,exact,I111979921
2117,Sara M Freeman,A5105986512,fuzzy,I121980950
2147,Megan D Willis,A5021255789,fuzzy,I92446798
2477,Xin Zhang,A5100327456,exact,I111088046
664,Donald J Wink,A5063130237,fuzzy,I39422238
2172,Andrew H Bass,A5024830075,fuzzy,I205783295
1385,Robert L Moore,A5084079702,fuzzy,I33213144
1320,Yan Wang,A5100322758,alias,I33213144
1497,Joanna C Carey,A5004185049,fuzzy,I96062909
2852,Razieh Rahimi,A5103185916,alias,I24603500
1402,Anirban Mandal,A5063480283,alias,I114027177
1723,Adina Paytan,A5089742767,alias,I185103710
731,Mary Kurz,A5045753221,alias,I8078737
2681,Kevin Konrad,A5066024005,alias,I131249849
632,Jeff Frolik,A5067954811,alias,I111236770
940,Afrooz Jalilzadeh,A5010113200,alias,I138006243
978,Evangelos Papalexakis,A5054849323,alias,I103635307
1123,Charles G Hoogstraten,A5087505697,fuzzy,I87216513
2657,Jo E Handelsman,A5060743111,fuzzy,I135310074
2969,Michael R Peterson,A5038946660,fuzzy,I59897056
890,Susan E Burns,A5051522198,fuzzy,I130701444
1898,Adriana Rocha Lima,A5105789071,alias,I79272384
2227,Sung Soo Kim,A5035518782,alias,I154570441
982,MacKenzie Stetzer,A5003929208,alias,I7947594
467,Max D Engelstein,A5030903138,fuzzy,I130238516
1730,Philip B Lundrigan,A5074917892,fuzzy,I100005738
2780,Neelam Azad,A5085464026,alias,I151328261
159,Noelia Grande Gutiérrez,A5090383833,alias,I74973139
1491,Patrick F Musgrave,A5015064505,fuzzy,I33213144
1521,Oluwasanmi Koyejo,A5076316802,alias,I97018004
2174,Eric A Stach,A5075870873,fuzzy,I79576946
1590,Robert J McTaggart,A5014894626,fuzzy,I177156846
2866,Harriet Alexander,A5013626144,alias,I66958751
1515,Stephen P Good,A5037376302,fuzzy,I131249849
2933,Myunghee Kim,A5100724191,alias,I39422238
474,Dominic J Dal Bello,A5109169814,fuzzy,I78734956
1680,Mary S Himmelstein,A5078646799,fuzzy,I149910238
353,Zhengming Ding,A5083458247,exact,I114832834
2339,James J McCarty,A5102966712,fuzzy,I52669646
2359,Jessica R Deters,A5027480108,fuzzy,I114395901
2718,Michelle Smith,A5089741891,alias,I205783295
1800,Kayse L Maass,A5015812305,fuzzy,I12912129
186,Kerry A Geiler-Samerotte,A5079773342,fuzzy,I55732556
1822,Anhong Guo,A5021329493,alias,I27837315
1384,Elizabeth VanWormer,A5087155322,alias,I114395901
27,Gabrielle J Gutierrez,A5064552774,fuzzy,I98540497
428,Katrina S Korfmacher,A5020196988,fuzzy,I5388228
2645,Jessica N Fitzsimmons,A5036217068,fuzzy,I91045830
811,Samuel C Chevalier,A5005388341,fuzzy,I111236770
2688,Susan Hackwood,A5071312791,alias,I103635307
141,Meenal Datta,A5015735736,alias,I107639228
1532,Javad Hashemi,A5048809064,exact,I63772739
1808,Ajay Anand,A5078900695,alias,I5388228
570,Jennifer L Middleton,A5026961621,fuzzy,I78577930
2161,Alexandra Ion,A5068542191,alias,I74973139
1784,Shubham Tulsiani,A5029932788,alias,I74973139
812,Joanna J Cielocha,A5034654940,fuzzy,I114250311
2508,Ebru Demir,A5073254434,alias,I186143895
1450,Mengdi Huai,A5016035883,alias,I173911158
1476,Trevor J Jones,A5113021138,fuzzy,I74973139
867,Husam A Alshareef,A5086184476,fuzzy,I114312114
2182,Pius K Suh,A5032988582,fuzzy,I174612323
2243,Alexander Perry,A5042452819,alias,I27837315
2931,Dustin Carroll,A5062043920,alias,I51504820
2485,Chiara Borrelli,A5059978407,alias,I5388228
2602,Peng Wang,A5100651198,exact,I58956616
1117,Lily S Pfeifer,A5030552975,fuzzy,I44265643
2951,Daniel A Rhodes,A5026135263,fuzzy,I135310074
375,Mohamed I Ibrahim,A5052635327,fuzzy,I205783295
47,Haihan Sun,A5033289076,alias,I135310074
2469,Richard C Thompson,A5104504828,fuzzy,I84470341
1168,Meiyi Ma,A5007967134,alias,I200719446
1047,David E Thompson,A5103042578,fuzzy,I191429286
1791,Garritt L Page,A5079236937,fuzzy,I100005738
2602,Peng Wang,A5100396141,alias,I58956616
1642,Shahin Shahrampour,A5040922600,alias,I12912129
2232,Kazuo Yamazaki,A5011915062,alias,I114395901
1076,Wei Xie,A5100617974,exact,I12912129
1504,Mei Yang,A5109278736,alias,I133999245
1742,Jason Lee,A5101605613,alias,I95457486
263,Alexander R Smith,A5053726428,fuzzy,I31649931
1682,Yuchen Liu,A5100373052,alias,I137902535
1588,Yoon H Kim,A5100693798,fuzzy,I63966007
2820,Agnieszka Miguel,A5108628033,alias,I58610484
2356,Meng Zhou,A5018069531,exact,I10052268
437,Mohammad A Bukhari,A5041466042,fuzzy,I185443292
1796,Xiaojing Wang,A5100411590,alias,I140172145
2387,Cheng Wang,A5100754291,exact,I173911158
650,Phillip A Cleves,A5070109300,fuzzy,I95457486
1320,Yan Wang,A5100322723,exact,I33213144
463,Wei Zhang,A5101605428,alias,I63966007
1640,Song Gao,A5113147380,exact,I135310074
2906,Duy Ngo,A5102338455,alias,I141649380
1028,Sheel C Ganatra,A5023715795,fuzzy,I1174212
1409,Sergio Gago Masague,A5078681992,alias,I204250578
2160,Tania Leal,A5035799727,alias,I138006243
1715,Zhongyang Li,A5100773643,alias,I140172145
209,Maria M Coronel,A5011263216,fuzzy,I27837315
2730,Justin M Bradley,A5034664299,fuzzy,I137902535
2741,Brett M Savoie,A5013076223,fuzzy,I107639228
1981,Li Zhang,A5000461117,exact,I2802326326
1042,Hao Sun,A5073474958,alias,I40253897
998,Charles P Baylis,A5019405043,fuzzy,I157394403
574,Hilary R Katz,A5043922766,fuzzy,I94339441
463,Wei Zhang,A5052847412,alias,I63966007
361,Emily Stark,A5103044553,exact,I100538780
2106,YANG YANG,A5100397659,alias,I26538001
1701,Yin Li,A5109688228,alias,I135310074
463,Wei Zhang,A5054806347,alias,I63966007
2156,Yue Zhang,A5100333774,exact,I91045830
1576,Meng Lu,A5023725539,exact,I173911158
922,Peng Gao,A5102796137,exact,I859038795
2418,Diane M Thomson,A5030966868,fuzzy,I16970960
1720,Lei Zhou,A5091690989,alias,I135310074
1061,Jian J Zhang,A5100409879,fuzzy,I201448701
2598,Dara M Wald,A5002318671,alias,I859038795
1682,Yuchen Liu,A5100373044,alias,I137902535
278,Kaijian Liu,A5040751149,exact,I108468826
1737,Aseema Mohanty,A5064327633,exact,I121934306
2300,Rahman Tashakkori,A5045740822,alias,I430192
2082,Monica Olvera de la Cruz,A5068153815,alias,I111979921
2477,Xin Zhang,A5100327456,alias,I111088046
1320,Yan Wang,A5100322758,exact,I33213144
2852,Razieh Rahimi,A5103185916,exact,I24603500
1402,Anirban Mandal,A5063480283,exact,I114027177
1723,Adina Paytan,A5089742767,exact,I185103710
476,Kevin Konrad,A5066024005,alias,I131249849
632,Jeff Frolik,A5067954811,exact,I111236770
940,Afrooz Jalilzadeh,A5010113200,exact,I138006243
1898,Adriana Rocha Lima,A5105789071,exact,I79272384
2227,Sung Soo Kim,A5035518782,exact,I154570441
2780,Neelam Azad,A5085464026,exact,I151328261
159,Noelia Grande Gutiérrez,A5090383833,exact,I74973139
1521,Oluwasanmi Koyejo,A5076316802,exact,I97018004
2866,Harriet Alexander,A5013626144,exact,I66958751
353,Zhengming Ding,A5083458247,alias,I114832834
1822,Anhong Guo,A5021329493,exact,I27837315
1384,Elizabeth VanWormer,A5087155322,exact,I114395901
141,Meenal Datta,A5015735736,exact,I107639228
1532,Javad Hashemi,A5048809064,alias,I63772739
1808,Ajay Anand,A5078900695,exact,I5388228
2161,Alexandra Ion,A5068542191,exact,I74973139
1784,Shubham Tulsiani,A5029932788,exact,I74973139
2508,Ebru Demir,A5073254434,exact,I186143895
1450,Mengdi Huai,A5016035883,exact,I173911158
2931,Dustin Carroll,A5062043920,exact,I51504820
2485,Chiara Borrelli,A5059978407,exact,I5388228
2602,Peng Wang,A5100651198,alias,I58956616
1168,Meiyi Ma,A5007967134,exact,I200719446
2602,Peng Wang,A5100396141,exact,I58956616
1642,Shahin Shahrampour,A5040922600,exact,I12912129
611,Kazuo Yamazaki,A5011915062,exact,I114395901
1076,Wei Xie,A5100617974,alias,I12912129
1504,Mei Yang,A5109278736,exact,I133999245
1682,Yuchen Liu,A5100373052,exact,I137902535
2820,Agnieszka Miguel,A5108628033,exact,I58610484
2356,Meng Zhou,A5018069531,alias,I10052268
1796,Xiaojing Wang,A5100411590,exact,I140172145
2387,Cheng Wang,A5100754291,alias,I173911158
1320,Yan Wang,A5100322723,alias,I33213144
463,Wei Zhang,A5101605428,exact,I63966007
1640,Song Gao,A5113147380,alias,I135310074
1506,Sheel C Ganatra,A5023715795,fuzzy,I1174212
1409,Sergio Gago Masague,A5078681992,exact,I204250578
2160,Tania Leal,A5035799727,exact,I138006243
1715,Zhongyang Li,A5100773643,exact,I140172145
1981,Li Zhang,A5000461117,alias,I2802326326
1042,Hao Sun,A5073474958,exact,I40253897
361,Emily Stark,A5103044553,alias,I100538780
2106,YANG YANG,A5100397659,exact,I26538001
463,Wei Zhang,A5054806347,exact,I63966007
2156,Yue Zhang,A5100333774,alias,I91045830
1576,Meng Lu,A5023725539,alias,I173911158
922,Peng Gao,A5102796137,alias,I859038795
1720,Lei Zhou,A5091690989,exact,I135310074
2274,Kevin Konrad,A5066024005,alias,I131249849
2232,Kazuo Yamazaki,A5011915062,exact,I114395901
476,Kevin Konrad,A5066024005,exact,I131249849
611,Kazuo Yamazaki,A5011915062,alias,I114395901
2274,Kevin Konrad,A5066024005,exact,I131249849
2681,Kevin Konrad,A5066024005,exact,I131249849
2046,Jiaoyang Li,A5001122754,alias,I74973139
2998,Shabnam Semnani,A5008331513,alias,I36258959
1248,Heili E Lowman,A5086722808,fuzzy,I170897317
1434,Monireh Mahmoudi,A5101272918,exact,I87216513
1395,Michael K Brown,A5074033382,fuzzy,I82497590
1298,Bin Zhang,A5100392823,exact,I63966007
98,Savannah Eisner,A5071336299,fuzzy,I78577930
286,Jeong Joon Park,A5109413502,exact,I27837315
296,Thomas D Gilmore,A5114012612,fuzzy,I111088046
1413,Robert G Spencer,A5056637313,fuzzy,I103163165
1320,Yan Wang,A5100322574,alias,I33213144
2046,Jiaoyang Li,A5001122754,exact,I74973139
2998,Shabnam Semnani,A5008331513,exact,I36258959
1434,Monireh Mahmoudi,A5101272918,alias,I87216513
1298,Bin Zhang,A5100392823,alias,I63966007
286,Jeong Joon Park,A5109413502,alias,I27837315
1320,Yan Wang,A5100322574,exact,I33213144
1780,Tanushree Mitra,A5062498796,alias,I201448701
2956,Jose L Contreras-Vidal,A5028200774,fuzzy,I44461941
395,Jeffrey J Gray,A5009383312,fuzzy,I145311948
160,Xiaomei Wang,A5100457092,alias,I142740786
173,Travis W Sawyer,A5083412885,fuzzy,I138006243
2083,Saiprasad Ravishankar,A5101799762,alias,I87216513
172,Zhiquan Shu,A5001130716,exact,I201448701
1789,Kurt E Beschorner,A5070381564,fuzzy,I170201317
1684,Joaquín Moraga,A5075600941,exact,I161318765
663,Jennifer Crodelle,A5052582483,alias,I195575238
2916,Bianca Viray,A5052639660,alias,I201448701
1502,Nicholas Gravish,A5034529120,alias,I36258959
2544,Wendy S Beane,A5048756641,fuzzy,I141649380
2600,Jeffrey R Raker,A5041337743,fuzzy,I2613432
759,Manuel A Jimenez,A5100599698,fuzzy,I60388903
559,Armina A Kazi,A5112771700,fuzzy,I165556055
2612,Devon G Brenner,A5052476314,fuzzy,I99041443
59,Noboru Nakamura,A5034918184,alias,I40347166
1206,Jonathan D Nash,A5025049906,fuzzy,I131249849
2758,Rui Zhang,A5100421929,exact,I86501945
2106,YANG YANG,A5012877783,exact,I26538001
934,David Mitzi,A5024058183,alias,I170897317
715,Robert J Lemke Oliver,A5102849268,fuzzy,I135310074
1900,Michael B Sponsler,A5058956621,fuzzy,I70983195
2309,Michael P Howard,A5046436466,fuzzy,I82497590
1535,Rebecca Sandlin,A5078139072,alias,I4210087915
2986,Karen McKinnon,A5059018774,alias,I161318765
74,Farhad Imani,A5058788547,alias,I140172145
1824,Yan Yan,A5100395035,alias,I72951846
2468,Ivan A Moreno-Hernandez,A5025670842,fuzzy,I170897317
1580,Peter D Roopnarine,A5050488917,fuzzy,I2803094215
2908,Travis J Hagey,A5010545040,fuzzy,I31807967
1650,Le Chen,A5100420744,alias,I82497590
819,Aram Amassian,A5035652561,exact,I137902535
1682,Yuchen Liu,A5100373068,alias,I137902535
2994,Ioannis Zervantonakis,A5004209082,alias,I170201317
2437,Sarah B King,A5003248155,fuzzy,I40347166
2692,Xing Gao,A5003274478,alias,I86501945
2506,Evdokiya G Kostadinova,A5075696019,fuzzy,I82497590
736,Jeremiah A Henning,A5031055261,fuzzy,I83809506
124,Minxiang Zeng,A5023724066,exact,I12315562
1717,Kaighin A McColl,A5030204998,alias,I136199984
1106,David Hickey,A5111455306,alias,I87216513
2753,Chengyu Li,A5100385486,alias,I58956616
2376,Zhangxian Deng,A5001821618,alias,I120156002
902,Woo Y Lee,A5112144910,fuzzy,I108468826
1121,Yang Wang,A5100715998,alias,I145608581
1704,Francesc Castella,A5028129170,exact,I154570441
1119,Constanze D Liaw,A5064120873,fuzzy,I86501945
1441,Sebastian Stoian,A5047008470,alias,I155093810
1305,Stephanie A Claussen,A5046274310,fuzzy,I71838634
1725,Christopher S Kim,A5003083374,fuzzy,I185071736
1050,Ronghua Pan,A5019649516,alias,I130701444
2595,Andrew F Thompson,A5051760158,fuzzy,I122411786
155,Ziyuan Guo,A5018919093,alias,I1285204247
2288,Ananya Mallik,A5081619254,exact,I138006243
1725,Christopher S Kim,A5101778904,fuzzy,I185071736
150,Jaimie A Krems,A5040228009,fuzzy,I161318765
1128,Allison L Harris,A5075077906,fuzzy,I47301684
1407,Amanda N Laubmeier,A5020753799,fuzzy,I12315562
2983,Kookjin Lee,A5003125158,alias,I55732556
2697,Paul W Denton,A5044654137,fuzzy,I122266389
463,Wei Zhang,A5100740307,alias,I63966007
1049,Taryn M Bayles,A5015892053,fuzzy,I170201317
565,Matthew R Edwards,A5033023771,fuzzy,I97018004
2112,Sitan Chen,A5026455990,alias,I136199984
2239,Yevgeniy Shakirov,A5041292871,alias,I88694374
1617,Varun Mishra,A5036254245,alias,I12912129
904,Michelle E Jarvie-Eggart,A5023801426,fuzzy,I11957088
1860,Marie Snipes,A5041933534,alias,I166972335
132,Juan Zhai,A5071575216,alias,I24603500
1106,David Hickey,A5022388199,alias,I87216513
2622,Elaheh Ahmadi,A5085630701,alias,I161318765
1937,Daniel J Votipka,A5068333184,fuzzy,I121934306
2703,Elizabeth T Cady,A5065068034,fuzzy,I1318687432
575,Yafei Ren,A5037101414,alias,I86501945
2065,Jing Li,A5100337102,alias,I368840534
2819,Angela Storey,A5045329945,alias,I142740786
218,Chen Sun,A5100722234,exact,I27804330
1816,Maria D Molina,A5069471918,fuzzy,I87216513
2635,Na Zou,A5084497683,alias,I44461941
1432,Yun Shen,A5069847496,exact,I193531525
2058,Kyle A Palmquist,A5023797018,fuzzy,I88694374
2582,Wendy K Adams,A5072073794,fuzzy,I167576493
1610,Yang Zhang,A5028760412,alias,I137902535
2585,Colin J Carlson,A5012579229,fuzzy,I32971472
1349,Zufen Wang,A5040157910,alias,I75256744
242,Yang Liu,A5100355677,alias,I74973139
222,Yu Huang,A5042056886,exact,I200719446
464,Frederi G Viens,A5033321277,fuzzy,I74775410
2211,Jacqueline A Smith,A5084042822,fuzzy,I137853757
1815,Yixin Wang,A5100328533,alias,I27837315
1082,Tony Feng,A5045383221,alias,I95457486
777,Amrit S Verma,A5089400387,fuzzy,I7947594
2613,Chang Liu,A5100353377,alias,I24603500
278,Kaijian Liu,A5114859270,alias,I108468826
2374,Ralph A Wheeler,A5065061819,fuzzy,I102502594
2634,Ryan Behunin,A5012161901,fuzzy,I203172682
708,Wenbin Zhang,A5100686421,exact,I19700959
2590,Yu-Xiang Wang,A5102937215,fuzzy,I36258959
1880,James F Davis,A5103438113,fuzzy,I592451
2595,Andrew F Thompson,A5102438650,fuzzy,I122411786
2008,Jean-Francois Louf,A5000095471,alias,I82497590
1076,Wei Xie,A5005631264,alias,I12912129
35,Daniel Fried,A5102739620,alias,I74973139
1337,Billy M Williams,A5036340635,fuzzy,I160664669
1581,Qi Zhang,A5100360281,exact,I107077323
2491,Chuxu Zhang,A5022275632,alias,I140172145
1742,Jason Lee,A5011022144,fuzzy,I95457486
2349,Gül Zerze,A5034358356,alias,I44461941
1939,Zhizhang Xie,A5097249750,alias,I91045830
381,Mingzhe Chen,A5023852840,alias,I145608581
233,Sung Jin Park,A5100323627,alias,I150468666
2477,Xin Zhang,A5053373350,alias,I111088046
2667,Juan S Borrero,A5036589411,fuzzy,I2613432
2701,Jie Xu,A5044771462,alias,I33213144
1309,Kevin Liang,A5063654643,exact,I71965598
245,Kai Wu,A5107953284,alias,I12315562
602,Wei Liu,A5101677306,alias,I859038795
2370,Anya E Vostinar,A5070798686,fuzzy,I188497080
201,David M Truong,A5087863649,fuzzy,I57206974
2716,Wing Lam,A5110431590,alias,I162714631
2780,Neelam Azad,A5061626039,exact,I151328261
2701,Jie Xu,A5012803702,exact,I33213144
68,Yuxin Chen,A5100416073,exact,I40347166
1691,Michael Kipp,A5011371408,alias,I170897317
2729,Erica V Harris,A5083045324,fuzzy,I64506506
2102,Ru-yu Lai,A5103935965,alias,I130238516
1840,Brittany T Fasy,A5111037209,fuzzy,I23732399
2602,Peng Wang,A5100706337,alias,I58956616
1981,Li Zhang,A5115588160,alias,I2802326326
1780,Tanushree Mitra,A5062498796,exact,I201448701
160,Xiaomei Wang,A5100457092,exact,I142740786
2083,Saiprasad Ravishankar,A5101799762,exact,I87216513
172,Zhiquan Shu,A5001130716,alias,I201448701
1684,Joaquín Moraga,A5075600941,alias,I161318765
663,Jennifer Crodelle,A5052582483,exact,I195575238
2916,Bianca Viray,A5052639660,exact,I201448701
59,Noboru Nakamura,A5034918184,exact,I40347166
2758,Rui Zhang,A5100421929,alias,I86501945
2106,YANG YANG,A5012877783,alias,I26538001
74,Farhad Imani,A5058788547,exact,I140172145
1824,Yan Yan,A5100395035,exact,I72951846
1650,Le Chen,A5100420744,exact,I82497590
819,Aram Amassian,A5035652561,alias,I137902535
1682,Yuchen Liu,A5100373068,exact,I137902535
2692,Xing Gao,A5003274478,exact,I86501945
124,Minxiang Zeng,A5023724066,alias,I12315562
2753,Chengyu Li,A5100385486,exact,I58956616
2376,Zhangxian Deng,A5001821618,exact,I120156002
1121,Yang Wang,A5100715998,exact,I145608581
1704,Francesc Castella,A5028129170,alias,I154570441
1050,Ronghua Pan,A5019649516,exact,I130701444
155,Ziyuan Guo,A5018919093,exact,I1285204247
2288,Ananya Mallik,A5081619254,alias,I138006243
2983,Kookjin Lee,A5003125158,exact,I55732556
463,Wei Zhang,A5100740307,exact,I63966007
2112,Sitan Chen,A5026455990,exact,I136199984
1617,Varun Mishra,A5036254245,exact,I12912129
132,Juan Zhai,A5071575216,exact,I24603500
2622,Elaheh Ahmadi,A5085630701,exact,I161318765
575,Yafei Ren,A5037101414,exact,I86501945
2065,Jing Li,A5100337102,exact,I368840534
218,Chen Sun,A5100722234,alias,I27804330
2635,Na Zou,A5084497683,exact,I44461941
1432,Yun Shen,A5069847496,alias,I193531525
1610,Yang Zhang,A5028760412,exact,I137902535
1349,Zufen Wang,A5040157910,exact,I75256744
242,Yang Liu,A5100355677,exact,I74973139
222,Yu Huang,A5042056886,alias,I200719446
1815,Yixin Wang,A5100328533,exact,I27837315
1082,Tony Feng,A5045383221,exact,I95457486
2613,Chang Liu,A5100353377,exact,I24603500
278,Kaijian Liu,A5114859270,exact,I108468826
708,Wenbin Zhang,A5100686421,alias,I19700959
2008,Jean-Francois Louf,A5000095471,exact,I82497590
1076,Wei Xie,A5005631264,exact,I12912129
35,Daniel Fried,A5102739620,exact,I74973139
1636,Billy M Williams,A5036340635,fuzzy,I160664669
1581,Qi Zhang,A5100360281,alias,I107077323
2491,Chuxu Zhang,A5022275632,exact,I140172145
2477,Xin Zhang,A5053373350,exact,I111088046
2701,Jie Xu,A5044771462,exact,I33213144
1309,Kevin Liang,A5063654643,alias,I71965598
245,Kai Wu,A5107953284,exact,I12315562
602,Wei Liu,A5101677306,exact,I859038795
2716,Wing Lam,A5110431590,exact,I162714631
2780,Neelam Azad,A5061626039,alias,I151328261
2701,Jie Xu,A5012803702,alias,I33213144
68,Yuxin Chen,A5100416073,alias,I40347166
2102,Ru-yu Lai,A5103935965,exact,I130238516
1981,Li Zhang,A5115588160,exact,I2802326326
2409,Yang Wang,A5100715998,exact,I145608581
2409,Yang Wang,A5100715998,alias,I145608581
2740,Hantao Cui,A5044250087,exact,I137902535
1541,Si Jung Kim,A5043517826,fuzzy,I133999245
1904,Aaron J Sholders,A5098411483,fuzzy,I92446798
1655,Ping Yang,A5070078378,alias,I91045830
2590,Yu-Xiang Wang,A5022083383,fuzzy,I36258959
1701,Yin Li,A5100451133,alias,I135310074
2387,Cheng Wang,A5039113028,exact,I173911158
1534,Kathryn Mann,A5035128806,alias,I205783295
1966,Lu Cheng,A5100384333,alias,I39422238
2959,Scott W Barclay,A5006006137,fuzzy,I55732556
1126,Mike Williams,A5104929431,alias,I63966007
2156,Yue Zhang,A5102027296,alias,I91045830
1439,Donna M Barron,A5059822997,fuzzy,I23472080
2256,Zheng Dong,A5104100619,alias,I185443292
2921,Ashley P Ballantyne,A5045033104,alias,I6750721
2740,Hantao Cui,A5044250087,alias,I137902535
1655,Ping Yang,A5070078378,exact,I91045830
1701,Yin Li,A5100451133,exact,I135310074
2387,Cheng Wang,A5039113028,alias,I173911158
1534,Kathryn Mann,A5035128806,exact,I205783295
1966,Lu Cheng,A5100384333,exact,I39422238
1126,Mike Williams,A5104929431,exact,I63966007
2156,Yue Zhang,A5102027296,exact,I91045830
2256,Zheng Dong,A5104100619,exact,I185443292
