row_id,code,institution,host_openalex_id,matched_name
0,FT250100003,The University of Newcastle,I78757542,(manual)
1,FT250100023,Deakin University,I149704539,Deakin University
2,FT250100040,The University of Melbourne,I165779595,The University of Melbourne
3,FT250100051,The University of New South Wales,I31746571,(manual)
4,FT250100055,Monash University,I56590836,Monash University
5,FT250100072,The University of Queensland,I165143802,The University of Queensland
6,FT250100092,Macquarie University,I99043593,Macquarie University
7,FT250100095,La Trobe University,I196829312,La Trobe University
8,FT250100099,The Australian National University,I118347636,(manual)
9,FT250100107,University of Technology Sydney,I114017466,University of Technology Sydney
10,FT250100113,The Australian National University,I118347636,(manual)
11,FT250100116,The University of Melbourne,I165779595,The University of Melbourne
12,FT250100128,The University of Melbourne,I165779595,The University of Melbourne
13,FT250100132,University of Technology Sydney,I114017466,University of Technology Sydney
14,FT250100159,Macquarie University,I99043593,Macquarie University
15,FT250100160,The University of Sydney,I129604602,The University of Sydney
16,FT250100162,The Australian National University,I118347636,(manual)
17,FT250100168,The University of Western Australia,I177877127,The University of Western Australia
18,FT250100171,Monash University,I56590836,Monash University
19,FT250100180,The University of Sydney,I129604602,The University of Sydney
20,FT250100182,RMIT University,I82951845,RMIT University
21,FT250100191,The University of Sydney,I129604602,The University of Sydney
22,FT250100199,The University of Sydney,I129604602,The University of Sydney
23,FT250100204,Adelaide University,I4405259444,Adelaide University
24,FT250100206,Monash University,I56590836,Monash University
25,FT250100208,The University of New South Wales,I31746571,(manual)
26,FT250100217,University of Wollongong,I204824540,University of Wollongong
27,FT250100226,RMIT University,I82951845,RMIT University
28,FT250100237,La Trobe University,I196829312,La Trobe University
29,FT250100239,The University of Queensland,I165143802,The University of Queensland
30,FT250100252,The University of Sydney,I129604602,The University of Sydney
31,FT250100270,The University of Melbourne,I165779595,The University of Melbourne
32,FT250100305,Monash University,I56590836,Monash University
33,FT250100311,Griffith University,I11701301,Griffith University
34,FT250100313,The University of Queensland,I165143802,The University of Queensland
35,FT250100327,The Australian National University,I118347636,(manual)
36,FT250100334,Monash University,I56590836,Monash University
37,FT250100335,Monash University,I56590836,Monash University
38,FT250100337,The University of Queensland,I165143802,The University of Queensland
39,FT250100341,The University of Queensland,I165143802,The University of Queensland
40,FT250100360,Queensland University of Technology,I160993911,Queensland University of Technology
41,FT250100365,Monash University,I56590836,Monash University
42,FT250100371,RMIT University,I82951845,RMIT University
43,FT250100383,Adelaide University,I4405259444,Adelaide University
44,FT250100401,University of Wollongong,I204824540,University of Wollongong
45,FT250100412,Adelaide University,I4405259444,Adelaide University
46,FT250100413,La Trobe University,I196829312,La Trobe University
47,FT250100415,The University of Melbourne,I165779595,The University of Melbourne
48,FT250100438,The University of Melbourne,I165779595,The University of Melbourne
49,FT250100446,Macquarie University,I99043593,Macquarie University
50,FT250100448,Murdoch University,I176790772,Murdoch University
51,FT250100453,The University of Sydney,I129604602,The University of Sydney
52,FT250100459,The University of Melbourne,I165779595,The University of Melbourne
53,FT250100460,La Trobe University,I196829312,La Trobe University
54,FT250100495,Griffith University,I11701301,Griffith University
55,FT250100503,Macquarie University,I99043593,Macquarie University
56,FT250100508,The University of Melbourne,I165779595,The University of Melbourne
57,FT250100520,Western Sydney University,I63525965,Western Sydney University
58,FT250100521,Adelaide University,I4405259444,Adelaide University
59,FT250100529,Deakin University,I149704539,Deakin University
60,FT250100533,La Trobe University,I196829312,La Trobe University
61,FT250100563,Monash University,I56590836,Monash University
62,FT250100565,Monash University,I56590836,Monash University
63,FT250100569,The University of Queensland,I165143802,The University of Queensland
64,FT250100584,The University of New South Wales,I31746571,(manual)
65,FT250100595,The University of Melbourne,I165779595,The University of Melbourne
66,FT250100606,Adelaide University,I4405259444,Adelaide University
67,FT250100607,The University of Queensland,I165143802,The University of Queensland
68,FT250100610,The University of Queensland,I165143802,The University of Queensland
69,FT250100612,The University of New South Wales,I31746571,(manual)
70,FT250100621,The University of Queensland,I165143802,The University of Queensland
71,FT250100646,The University of Queensland,I165143802,The University of Queensland
72,FT250100652,University of Wollongong,I204824540,University of Wollongong
73,FT250100662,The University of Newcastle,I78757542,(manual)
74,FT250100670,The University of Western Australia,I177877127,The University of Western Australia
75,FT250100684,The University of Queensland,I165143802,The University of Queensland
76,FT250100699,Griffith University,I11701301,Griffith University
77,FT250100734,Curtin University,I205640436,Curtin University
78,FT250100737,James Cook University,I86467917,James Cook University
79,FT250100748,Monash University,I56590836,Monash University
80,FT250100757,Charles Sturt University,I153230381,Charles Sturt University
81,FT250100772,The University of Queensland,I165143802,The University of Queensland
82,FT250100777,Western Sydney University,I63525965,Western Sydney University
83,FT250100812,Curtin University,I205640436,Curtin University
84,FT250100813,The University of Sydney,I129604602,The University of Sydney
85,FT250100816,Monash University,I56590836,Monash University
86,FT250100821,University of Wollongong,I204824540,University of Wollongong
87,FT250100831,The University of Melbourne,I165779595,The University of Melbourne
88,FT250100834,The Australian National University,I118347636,(manual)
89,FT250100844,The University of New South Wales,I31746571,(manual)
90,FT250100852,The University of Sydney,I129604602,The University of Sydney
91,FT250100853,Macquarie University,I99043593,Macquarie University
92,FT250100854,The University of Western Australia,I177877127,The University of Western Australia
93,FT250100855,The University of Sydney,I129604602,The University of Sydney
94,FT250100875,The University of New South Wales,I31746571,(manual)
95,FT250100879,Adelaide University,I4405259444,Adelaide University
96,FT250100880,University of Wollongong,I204824540,University of Wollongong
97,FT250100881,Monash University,I56590836,Monash University
98,FT250100922,The Australian National University,I118347636,(manual)
99,FT250100951,The Australian National University,I118347636,(manual)
100,FT240100010,The Australian National University,I118347636,(manual)
101,FT240100011,University of Technology Sydney,I114017466,University of Technology Sydney
102,FT240100016,University of Southern Queensland,I185523456,University of Southern Queensland
103,FT240100020,Griffith University,I11701301,Griffith University
104,FT240100022,The University of Queensland,I165143802,The University of Queensland
105,FT240100030,The University of Queensland,I165143802,The University of Queensland
106,FT240100038,The University of New South Wales,I31746571,(manual)
107,FT240100041,Curtin University,I205640436,Curtin University
108,FT240100043,The University of Melbourne,I165779595,The University of Melbourne
109,FT240100067,Flinders University,I169541294,Flinders University
110,FT240100071,The Australian National University,I118347636,(manual)
111,FT240100089,The University of Sydney,I129604602,The University of Sydney
112,FT240100092,University of Tasmania,I129801699,University of Tasmania
113,FT240100140,Curtin University,I205640436,Curtin University
114,FT240100146,Monash University,I56590836,Monash University
115,FT240100162,The University of Sydney,I129604602,The University of Sydney
116,FT240100170,The University of Melbourne,I165779595,The University of Melbourne
117,FT240100181,Macquarie University,I99043593,Macquarie University
118,FT240100194,University of Technology Sydney,I114017466,University of Technology Sydney
119,FT240100198,The Australian National University,I118347636,(manual)
120,FT240100200,The University of New South Wales,I31746571,(manual)
121,FT240100203,The University of New South Wales,I31746571,(manual)
122,FT240100210,The Australian National University,I118347636,(manual)
123,FT240100222,University of Technology Sydney,I114017466,University of Technology Sydney
124,FT240100224,Adelaide University,I4405259444,Adelaide University
125,FT240100229,The Australian National University,I118347636,(manual)
126,FT240100230,The University of Queensland,I165143802,The University of Queensland
127,FT240100236,Griffith University,I11701301,Griffith University
128,FT240100256,La Trobe University,I196829312,La Trobe University
129,FT240100262,Griffith University,I11701301,Griffith University
130,FT240100269,Macquarie University,I99043593,Macquarie University
131,FT240100278,The Australian National University,I118347636,(manual)
132,FT240100280,Griffith University,I11701301,Griffith University
133,FT240100291,The University of Adelaide,I5681781,The University of Adelaide
134,FT240100301,RMIT University,I82951845,RMIT University
135,FT240100306,The University of Melbourne,I165779595,The University of Melbourne
136,FT240100307,University of Technology Sydney,I114017466,University of Technology Sydney
137,FT240100322,The University of Melbourne,I165779595,The University of Melbourne
138,FT240100330,Flinders University,I169541294,Flinders University
139,FT240100338,Macquarie University,I99043593,Macquarie University
140,FT240100348,RMIT University,I82951845,RMIT University
141,FT240100352,Griffith University,I11701301,Griffith University
142,FT240100361,The University of Queensland,I165143802,The University of Queensland
143,FT240100370,Griffith University,I11701301,Griffith University
144,FT240100376,The University of Sydney,I129604602,The University of Sydney
145,FT240100378,The Australian National University,I118347636,(manual)
146,FT240100383,The University of Queensland,I165143802,The University of Queensland
147,FT240100384,The University of New South Wales,I31746571,(manual)
148,FT240100396,Monash University,I56590836,Monash University
149,FT240100398,The University of New South Wales,I31746571,(manual)
150,FT240100405,The University of Queensland,I165143802,The University of Queensland
151,FT240100418,The University of Sydney,I129604602,The University of Sydney
152,FT240100420,Adelaide University,I4405259444,Adelaide University
153,FT240100422,Flinders University,I169541294,Flinders University
154,FT240100427,Western Sydney University,I63525965,Western Sydney University
155,FT240100466,University of Tasmania,I129801699,University of Tasmania
156,FT240100473,University of Tasmania,I129801699,University of Tasmania
157,FT240100475,The University of Western Australia,I177877127,The University of Western Australia
158,FT240100491,Monash University,I56590836,Monash University
159,FT240100498,The Australian National University,I118347636,(manual)
160,FT240100502,Monash University,I56590836,Monash University
161,FT240100506,The University of Melbourne,I165779595,The University of Melbourne
162,FT240100511,Monash University,I56590836,Monash University
163,FT240100514,Griffith University,I11701301,Griffith University
164,FT240100519,University of Tasmania,I129801699,University of Tasmania
165,FT240100520,The University of Queensland,I165143802,The University of Queensland
166,FT240100522,The Australian National University,I118347636,(manual)
167,FT240100555,The University of Melbourne,I165779595,The University of Melbourne
168,FT240100558,Flinders University,I169541294,Flinders University
169,FT240100578,The University of Sydney,I129604602,The University of Sydney
170,FT240100584,The University of New South Wales,I31746571,(manual)
171,FT240100587,The University of Western Australia,I177877127,The University of Western Australia
172,FT240100592,The University of Queensland,I165143802,The University of Queensland
173,FT240100596,University of Technology Sydney,I114017466,University of Technology Sydney
174,FT240100607,The University of New South Wales,I31746571,(manual)
175,FT240100614,The University of Sydney,I129604602,The University of Sydney
176,FT240100621,Griffith University,I11701301,Griffith University
177,FT240100641,Adelaide University,I4405259444,Adelaide University
178,FT240100653,University of Canberra,I188329596,University of Canberra
179,FT240100665,The University of Sydney,I129604602,The University of Sydney
180,FT240100673,Federation University Australia,I149672521,(manual)
181,FT240100685,James Cook University,I86467917,James Cook University
182,FT240100691,The University of New South Wales,I31746571,(manual)
183,FT240100693,The University of Sydney,I129604602,The University of Sydney
184,FT240100725,The University of Queensland,I165143802,The University of Queensland
185,FT240100731,The University of New South Wales,I31746571,(manual)
186,FT240100740,The University of Queensland,I165143802,The University of Queensland
187,FT240100767,La Trobe University,I196829312,La Trobe University
188,FT240100795,Monash University,I56590836,Monash University
189,FT240100798,Monash University,I56590836,Monash University
190,FT240100815,Flinders University,I169541294,Flinders University
191,FT240100816,The University of Queensland,I165143802,The University of Queensland
192,FT240100820,The Australian National University,I118347636,(manual)
193,FT240100821,Monash University,I56590836,Monash University
194,FT240100825,The University of Queensland,I165143802,The University of Queensland
195,FT240100831,Central Queensland University,I74899385,Central Queensland University
196,FT240100832,The University of Queensland,I165143802,The University of Queensland
197,FT240100854,The University of Queensland,I165143802,The University of Queensland
198,FT240100855,The University of Adelaide,I5681781,The University of Adelaide
199,FT240100856,Flinders University,I169541294,Flinders University
200,FT230100001,University of Wollongong,I204824540,University of Wollongong
201,FT230100002,The University of New South Wales,I31746571,(manual)
202,FT230100010,The University of Queensland,I165143802,The University of Queensland
203,FT230100021,Monash University,I56590836,Monash University
204,FT230100030,Deakin University,I149704539,Deakin University
205,FT230100054,Swinburne University of Technology,I57093077,Swinburne University of Technology
206,FT230100058,The Australian National University,I118347636,(manual)
207,FT230100059,The Australian National University,I118347636,(manual)
208,FT230100062,University of Technology Sydney,I114017466,University of Technology Sydney
209,FT230100065,RMIT University,I82951845,RMIT University
210,FT230100067,Macquarie University,I99043593,Macquarie University
211,FT230100084,Griffith University,I11701301,Griffith University
212,FT230100092,The University of Adelaide,I5681781,The University of Adelaide
213,FT230100104,University of Technology Sydney,I114017466,University of Technology Sydney
214,FT230100109,The University of Queensland,I165143802,The University of Queensland
215,FT230100115,The Australian National University,I118347636,(manual)
216,FT230100116,The University of New South Wales,I31746571,(manual)
217,FT230100119,Macquarie University,I99043593,Macquarie University
218,FT230100121,University of Technology Sydney,I114017466,University of Technology Sydney
219,FT230100125,The University of Melbourne,I165779595,The University of Melbourne
220,FT230100126,The Australian National University,I118347636,(manual)
221,FT230100131,RMIT University,I82951845,RMIT University
222,FT230100138,Flinders University,I169541294,Flinders University
223,FT230100154,Adelaide University,I4405259444,Adelaide University
224,FT230100158,The University of Melbourne,I165779595,The University of Melbourne
225,FT230100172,Flinders University,I169541294,Flinders University
226,FT230100180,Monash University,I56590836,Monash University
227,FT230100192,Adelaide University,I4405259444,Adelaide University
228,FT230100193,The Australian National University,I118347636,(manual)
229,FT230100203,Adelaide University,I4405259444,Adelaide University
230,FT230100207,Macquarie University,I99043593,Macquarie University
231,FT230100209,The University of New South Wales,I31746571,(manual)
232,FT230100214,The University of Western Australia,I177877127,The University of Western Australia
233,FT230100220,The University of Melbourne,I165779595,The University of Melbourne
234,FT230100229,Swinburne University of Technology,I57093077,Swinburne University of Technology
235,FT230100230,The University of Queensland,I165143802,The University of Queensland
236,FT230100234,University of Tasmania,I129801699,University of Tasmania
237,FT230100235,The University of Melbourne,I165779595,The University of Melbourne
238,FT230100237,The Australian National University,I118347636,(manual)
239,FT230100240,The University of Sydney,I129604602,The University of Sydney
240,FT230100243,Queensland University of Technology,I160993911,Queensland University of Technology
241,FT230100249,The University of Sydney,I129604602,The University of Sydney
242,FT230100251,The University of Queensland,I165143802,The University of Queensland
243,FT230100257,The University of New South Wales,I31746571,(manual)
244,FT230100276,Deakin University,I149704539,Deakin University
245,FT230100283,The University of Western Australia,I177877127,The University of Western Australia
246,FT230100296,The University of Melbourne,I165779595,The University of Melbourne
247,FT230100297,University of Tasmania,I129801699,University of Tasmania
248,FT230100316,University of Southern Queensland,I185523456,University of Southern Queensland
249,FT230100333,The University of Western Australia,I177877127,The University of Western Australia
250,FT230100340,The University of Western Australia,I177877127,The University of Western Australia
251,FT230100348,Curtin University,I205640436,Curtin University
252,FT230100352,The University of Melbourne,I165779595,The University of Melbourne
253,FT230100388,The University of Queensland,I165143802,The University of Queensland
254,FT230100396,The University of New South Wales,I31746571,(manual)
255,FT230100400,Griffith University,I11701301,Griffith University
256,FT230100401,The University of Sydney,I129604602,The University of Sydney
257,FT230100402,Monash University,I56590836,Monash University
258,FT230100423,Australian Catholic University,I86695891,Australian Catholic University
259,FT230100426,The University of Queensland,I165143802,The University of Queensland
260,FT230100436,The University of New South Wales,I31746571,(manual)
261,FT230100462,Flinders University,I169541294,Flinders University
262,FT230100465,The University of Queensland,I165143802,The University of Queensland
263,FT230100468,The University of Queensland,I165143802,The University of Queensland
264,FT230100475,RMIT University,I82951845,RMIT University
265,FT230100476,The University of Melbourne,I165779595,The University of Melbourne
266,FT230100478,Macquarie University,I99043593,Macquarie University
267,FT230100480,The University of Melbourne,I165779595,The University of Melbourne
268,FT230100489,The University of Sydney,I129604602,The University of Sydney
269,FT230100499,Flinders University,I169541294,Flinders University
270,FT230100504,The University of New South Wales,I31746571,(manual)
271,FT230100513,The University of Queensland,I165143802,The University of Queensland
272,FT230100517,University of Southern Queensland,I185523456,University of Southern Queensland
273,FT230100519,The University of Sydney,I129604602,The University of Sydney
274,FT230100524,The University of Adelaide,I5681781,The University of Adelaide
275,FT230100526,Adelaide University,I4405259444,Adelaide University
276,FT230100537,The Australian National University,I118347636,(manual)
277,FT230100545,The University of New South Wales,I31746571,(manual)
278,FT230100547,The University of Queensland,I165143802,The University of Queensland
279,FT230100549,The University of Sydney,I129604602,The University of Sydney
280,FT230100559,The University of Melbourne,I165779595,The University of Melbourne
281,FT230100560,Queensland University of Technology,I160993911,Queensland University of Technology
282,FT230100563,The Australian National University,I118347636,(manual)
283,FT230100565,Monash University,I56590836,Monash University
284,FT230100571,RMIT University,I82951845,RMIT University
285,FT230100588,Monash University,I56590836,Monash University
286,FT230100595,Macquarie University,I99043593,Macquarie University
287,FT230100598,Adelaide University,I4405259444,Adelaide University
288,FT230100612,The Australian National University,I118347636,(manual)
289,FT230100629,University of Wollongong,I204824540,University of Wollongong
290,FT230100648,Adelaide University,I4405259444,Adelaide University
291,FT230100651,The University of Western Australia,I177877127,The University of Western Australia
292,FT230100653,The University of Sydney,I129604602,The University of Sydney
293,FT230100656,Monash University,I56590836,Monash University
294,FT230100658,Adelaide University,I4405259444,Adelaide University
295,FT230100681,Victoria University,I71270174,Victoria University
296,FT230100683,The University of Queensland,I165143802,The University of Queensland
297,FT230100697,The University of New South Wales,I31746571,(manual)
298,FT230100710,Macquarie University,I99043593,Macquarie University
299,FT230100724,Queensland University of Technology,I160993911,Queensland University of Technology
300,FT220100009,The University of New South Wales,I31746571,(manual)
301,FT220100010,The Australian National University,I118347636,(manual)
302,FT220100017,Western Sydney University,I63525965,Western Sydney University
303,FT220100018,University of Technology Sydney,I114017466,University of Technology Sydney
304,FT220100023,La Trobe University,I196829312,La Trobe University
305,FT220100024,The Australian National University,I118347636,(manual)
306,FT220100046,University of Wollongong,I204824540,University of Wollongong
307,FT220100053,University of Technology Sydney,I114017466,University of Technology Sydney
308,FT220100054,Flinders University,I169541294,Flinders University
309,FT220100062,Deakin University,I149704539,Deakin University
310,FT220100069,The University of Queensland,I165143802,The University of Queensland
311,FT220100073,Deakin University,I149704539,Deakin University
312,FT220100076,The University of Sydney,I129604602,The University of Sydney
313,FT220100078,Flinders University,I169541294,Flinders University
314,FT220100091,The University of Melbourne,I165779595,The University of Melbourne
315,FT220100092,The University of New South Wales,I31746571,(manual)
316,FT220100094,The University of New South Wales,I31746571,(manual)
317,FT220100096,University of Tasmania,I129801699,University of Tasmania
318,FT220100100,The University of New South Wales,I31746571,(manual)
319,FT220100103,The University of Queensland,I165143802,The University of Queensland
320,FT220100106,Queensland University of Technology,I160993911,Queensland University of Technology
321,FT220100115,The University of Sydney,I129604602,The University of Sydney
322,FT220100119,Macquarie University,I99043593,Macquarie University
323,FT220100125,The University of Sydney,I129604602,The University of Sydney
324,FT220100149,The University of Melbourne,I165779595,The University of Melbourne
325,FT220100152,Macquarie University,I99043593,Macquarie University
326,FT220100159,The University of New South Wales,I31746571,(manual)
327,FT220100166,University of Southern Queensland,I185523456,University of Southern Queensland
328,FT220100177,The University of New South Wales,I31746571,(manual)
329,FT220100178,University of Wollongong,I204824540,University of Wollongong
330,FT220100184,Flinders University,I169541294,Flinders University
331,FT220100186,The University of Queensland,I165143802,The University of Queensland
332,FT220100209,Queensland University of Technology,I160993911,Queensland University of Technology
333,FT220100210,University of Tasmania,I129801699,University of Tasmania
334,FT220100253,The University of Melbourne,I165779595,The University of Melbourne
335,FT220100276,The Australian National University,I118347636,(manual)
336,FT220100290,Monash University,I56590836,Monash University
337,FT220100294,Monash University,I56590836,Monash University
338,FT220100318,The University of Sydney,I129604602,The University of Sydney
339,FT220100319,The University of Melbourne,I165779595,The University of Melbourne
340,FT220100330,The University of Newcastle,I78757542,(manual)
341,FT220100345,The University of Melbourne,I165779595,The University of Melbourne
342,FT220100350,The University of Queensland,I165143802,The University of Queensland
343,FT220100351,Deakin University,I149704539,Deakin University
344,FT220100359,The University of Sydney,I129604602,The University of Sydney
345,FT220100368,The University of Sydney,I129604602,The University of Sydney
346,FT220100388,The University of New South Wales,I31746571,(manual)
347,FT220100391,The University of New South Wales,I31746571,(manual)
348,FT220100405,Swinburne University of Technology,I57093077,Swinburne University of Technology
349,FT220100418,The University of Melbourne,I165779595,The University of Melbourne
350,FT220100427,Macquarie University,I99043593,Macquarie University
351,FT220100474,The University of New South Wales,I31746571,(manual)
352,FT220100475,The University of New South Wales,I31746571,(manual)
353,FT220100479,The University of New South Wales,I31746571,(manual)
354,FT220100485,The University of Queensland,I165143802,The University of Queensland
355,FT220100487,The University of Queensland,I165143802,The University of Queensland
356,FT220100493,The University of Melbourne,I165779595,The University of Melbourne
357,FT220100496,Monash University,I56590836,Monash University
358,FT220100509,Monash University,I56590836,Monash University
359,FT220100515,RMIT University,I82951845,RMIT University
360,FT220100543,Macquarie University,I99043593,Macquarie University
361,FT220100552,RMIT University,I82951845,RMIT University
362,FT220100557,The University of Newcastle,I78757542,(manual)
363,FT220100559,RMIT University,I82951845,RMIT University
364,FT220100561,University of Technology Sydney,I114017466,University of Technology Sydney
365,FT220100564,Monash University,I56590836,Monash University
366,FT220100566,Curtin University,I205640436,Curtin University
367,FT220100583,The University of Queensland,I165143802,The University of Queensland
368,FT220100599,The University of New South Wales,I31746571,(manual)
369,FT220100601,The University of Sydney,I129604602,The University of Sydney
370,FT220100610,University of Technology Sydney,I114017466,University of Technology Sydney
371,FT220100615,The University of Notre Dame Australia,I93396115,The University of Notre Dame Australia
372,FT220100617,Monash University,I56590836,Monash University
373,FT220100618,RMIT University,I82951845,RMIT University
374,FT220100629,The University of Melbourne,I165779595,The University of Melbourne
375,FT220100650,The University of Melbourne,I165779595,The University of Melbourne
376,FT220100652,University of Tasmania,I129801699,University of Tasmania
377,FT220100656,University of Technology Sydney,I114017466,University of Technology Sydney
378,FT220100666,The University of Queensland,I165143802,The University of Queensland
379,FT220100669,Macquarie University,I99043593,Macquarie University
380,FT220100670,The Australian National University,I118347636,(manual)
381,FT220100679,Monash University,I56590836,Monash University
382,FT220100690,The University of Sydney,I129604602,The University of Sydney
383,FT220100695,Flinders University,I169541294,Flinders University
384,FT220100711,The University of New South Wales,I31746571,(manual)
385,FT220100713,The University of Queensland,I165143802,The University of Queensland
386,FT220100717,The University of Sydney,I129604602,The University of Sydney
387,FT220100732,The University of Sydney,I129604602,The University of Sydney
388,FT220100738,The University of Queensland,I165143802,The University of Queensland
389,FT220100742,Monash University,I56590836,Monash University
390,FT220100749,Deakin University,I149704539,Deakin University
391,FT220100756,Queensland University of Technology,I160993911,Queensland University of Technology
392,FT220100757,The University of New South Wales,I31746571,(manual)
393,FT220100769,Deakin University,I149704539,Deakin University
394,FT220100774,The Australian National University,I118347636,(manual)
395,FT220100792,The Australian National University,I118347636,(manual)
396,FT220100798,Swinburne University of Technology,I57093077,Swinburne University of Technology
397,FT220100835,Monash University,I56590836,Monash University
398,FT220100841,Swinburne University of Technology,I57093077,Swinburne University of Technology
399,FT220100857,The University of Sydney,I129604602,The University of Sydney
400,FT210100168,The University of New South Wales,I31746571,(manual)
401,FT210100034,The University of Melbourne,I165779595,The University of Melbourne
402,FT210100050,Curtin University,I205640436,Curtin University
403,FT210100063,Curtin University,I205640436,Curtin University
404,FT210100065,The University of Melbourne,I165779595,The University of Melbourne
405,FT210100080,Griffith University,I11701301,Griffith University
406,FT210100085,Swinburne University of Technology,I57093077,Swinburne University of Technology
407,FT210100097,Griffith University,I11701301,Griffith University
408,FT210100100,University of Technology Sydney,I114017466,University of Technology Sydney
409,FT210100113,The University of Melbourne,I165779595,The University of Melbourne
410,FT210100118,The University of Adelaide,I5681781,The University of Adelaide
411,FT210100150,The University of New South Wales,I31746571,(manual)
412,FT210100165,The University of New South Wales,I31746571,(manual)
413,FT210100173,The University of New South Wales,I31746571,(manual)
414,FT210100176,The University of New South Wales,I31746571,(manual)
415,FT210100183,Monash University,I56590836,Monash University
416,FT210100186,The University of New South Wales,I31746571,(manual)
417,FT210100193,The University of Melbourne,I165779595,The University of Melbourne
418,FT210100210,The University of Sydney,I129604602,The University of Sydney
419,FT210100218,The University of Sydney,I129604602,The University of Sydney
420,FT210100228,The University of Sydney,I129604602,The University of Sydney
421,FT210100229,Queensland University of Technology,I160993911,Queensland University of Technology
422,FT210100234,Central Queensland University,I74899385,Central Queensland University
423,FT210100241,Macquarie University,I99043593,Macquarie University
424,FT210100243,Queensland University of Technology,I160993911,Queensland University of Technology
425,FT210100244,The University of Sydney,I129604602,The University of Sydney
426,FT210100256,The University of Melbourne,I165779595,The University of Melbourne
427,FT210100260,Queensland University of Technology,I160993911,Queensland University of Technology
428,FT210100263,Queensland University of Technology,I160993911,Queensland University of Technology
429,FT210100264,Flinders University,I169541294,Flinders University
430,FT210100266,The University of Queensland,I165143802,The University of Queensland
431,FT210100268,The University of Western Australia,I177877127,The University of Western Australia
432,FT210100271,La Trobe University,I196829312,La Trobe University
433,FT210100278,Deakin University,I149704539,Deakin University
434,FT210100298,RMIT University,I82951845,RMIT University
435,FT210100303,The University of New South Wales,I31746571,(manual)
436,FT210100320,Macquarie University,I99043593,Macquarie University
437,FT210100335,The University of Queensland,I165143802,The University of Queensland
438,FT210100345,Macquarie University,I99043593,Macquarie University
439,FT210100355,The University of New South Wales,I31746571,(manual)
440,FT210100356,The University of Sydney,I129604602,The University of Sydney
441,FT210100357,Macquarie University,I99043593,Macquarie University
442,FT210100364,The University of New South Wales,I31746571,(manual)
443,FT210100366,The University of Adelaide,I5681781,The University of Adelaide
444,FT210100392,The Australian National University,I118347636,(manual)
445,FT210100405,The University of Melbourne,I165779595,The University of Melbourne
446,FT210100422,The University of Sydney,I129604602,The University of Sydney
447,FT210100440,The Australian National University,I118347636,(manual)
448,FT210100448,Flinders University,I169541294,Flinders University
449,FT210100452,The Australian National University,I118347636,(manual)
450,FT210100455,Macquarie University,I99043593,Macquarie University
451,FT210100459,The University of New South Wales,I31746571,(manual)
452,FT210100485,University of Southern Queensland,I185523456,University of Southern Queensland
453,FT210100495,The Australian National University,I118347636,(manual)
454,FT210100498,Western Sydney University,I63525965,Western Sydney University
455,FT210100506,Curtin University,I205640436,Curtin University
456,FT210100509,Curtin University,I205640436,Curtin University
457,FT210100512,Griffith University,I11701301,Griffith University
458,FT210100514,The University of Melbourne,I165779595,The University of Melbourne
459,FT210100521,Queensland University of Technology,I160993911,Queensland University of Technology
460,FT210100537,The University of Melbourne,I165779595,The University of Melbourne
461,FT210100543,The University of Melbourne,I165779595,The University of Melbourne
462,FT210100557,University of Tasmania,I129801699,University of Tasmania
463,FT210100579,Queensland University of Technology,I160993911,Queensland University of Technology
464,FT210100589,The University of Queensland,I165143802,The University of Queensland
465,FT210100593,The University of Queensland,I165143802,The University of Queensland
466,FT210100617,Griffith University,I11701301,Griffith University
467,FT210100623,The Australian National University,I118347636,(manual)
468,FT210100624,The University of Queensland,I165143802,The University of Queensland
469,FT210100652,The University of Melbourne,I165779595,The University of Melbourne
470,FT210100655,Queensland University of Technology,I160993911,Queensland University of Technology
471,FT210100656,Curtin University,I205640436,Curtin University
472,FT210100663,Griffith University,I11701301,Griffith University
473,FT210100667,The University of New South Wales,I31746571,(manual)
474,FT210100668,The University of New South Wales,I31746571,(manual)
475,FT210100669,RMIT University,I82951845,RMIT University
476,FT210100675,The University of Queensland,I165143802,The University of Queensland
477,FT210100694,Adelaide University,I4405259444,Adelaide University
478,FT210100715,Macquarie University,I99043593,Macquarie University
479,FT210100724,The Australian National University,I118347636,(manual)
480,FT210100728,RMIT University,I82951845,RMIT University
481,FT210100737,Macquarie University,I99043593,Macquarie University
482,FT210100759,The Australian National University,I118347636,(manual)
483,FT210100786,Monash University,I56590836,Monash University
484,FT210100789,The University of Adelaide,I5681781,The University of Adelaide
485,FT210100792,University of Tasmania,I129801699,University of Tasmania
486,FT210100798,University of Tasmania,I129801699,University of Tasmania
487,FT210100804,RMIT University,I82951845,RMIT University
488,FT210100806,RMIT University,I82951845,RMIT University
489,FT210100809,The Australian National University,I118347636,(manual)
490,FT210100810,The University of Adelaide,I5681781,The University of Adelaide
491,FT210100812,The University of Queensland,I165143802,The University of Queensland
492,FT210100844,The University of New South Wales,I31746571,(manual)
493,FT210100851,The University of New England,I90745801,University of New England
494,FT210100857,Curtin University,I205640436,Curtin University
495,FT210100858,The University of Sydney,I129604602,The University of Sydney
496,FT210100873,Curtin University,I205640436,Curtin University
497,FT210100899,RMIT University,I82951845,RMIT University
498,FT210100902,The University of Western Australia,I177877127,The University of Western Australia
499,FT210100906,The University of Adelaide,I5681781,The University of Adelaide
500,FT210100926,Swinburne University of Technology,I57093077,Swinburne University of Technology
501,FT200100006,University of Wollongong,I204824540,University of Wollongong
502,FT200100015,Griffith University,I11701301,Griffith University
503,FT200100024,The University of Melbourne,I165779595,The University of Melbourne
504,FT200100025,The University of Melbourne,I165779595,The University of Melbourne
505,FT200100049,University of Tasmania,I129801699,University of Tasmania
506,FT200100055,The University of Western Australia,I177877127,The University of Western Australia
507,FT200100062,The University of Adelaide,I5681781,The University of Adelaide
508,FT200100073,RMIT University,I82951845,RMIT University
509,FT200100096,Queensland University of Technology,I160993911,Queensland University of Technology
510,FT200100098,The University of Melbourne,I165779595,The University of Melbourne
511,FT200100099,Deakin University,I149704539,Deakin University
512,FT200100100,RMIT University,I82951845,RMIT University
513,FT200100102,University of Tasmania,I129801699,University of Tasmania
514,FT200100108,Monash University,I56590836,Monash University
515,FT200100135,The Australian National University,I118347636,(manual)
516,FT200100148,Macquarie University,I99043593,Macquarie University
517,FT200100154,University of South Australia,I170239107,University of South Australia
518,FT200100169,The University of Queensland,I165143802,The University of Queensland
519,FT200100179,The University of Queensland,I165143802,The University of Queensland
520,FT200100183,Curtin University,I205640436,Curtin University
521,FT200100185,The University of Sydney,I129604602,The University of Sydney
522,FT200100188,The University of Queensland,I165143802,The University of Queensland
523,FT200100190,The University of Sydney,I129604602,The University of Sydney
524,FT200100192,The University of Queensland,I165143802,The University of Queensland
525,FT200100209,La Trobe University,I196829312,La Trobe University
526,FT200100218,Monash University,I56590836,Monash University
527,FT200100221,Monash University,I56590836,Monash University
528,FT200100242,The Australian National University,I118347636,(manual)
529,FT200100243,The University of Western Australia,I177877127,The University of Western Australia
530,FT200100246,Queensland University of Technology,I160993911,Queensland University of Technology
531,FT200100259,RMIT University,I82951845,RMIT University
532,FT200100264,University of Technology Sydney,I114017466,University of Technology Sydney
533,FT200100270,The University of Melbourne,I165779595,The University of Melbourne
534,FT200100279,The University of Queensland,I165143802,The University of Queensland
535,FT200100301,Flinders University,I169541294,Flinders University
536,FT200100314,The University of Queensland,I165143802,The University of Queensland
537,FT200100317,Monash University,I56590836,Monash University
538,FT200100329,The University of Queensland,I165143802,The University of Queensland
539,FT200100346,Deakin University,I149704539,Deakin University
540,FT200100353,The University of New South Wales,I31746571,(manual)
541,FT200100369,The University of New South Wales,I31746571,(manual)
542,FT200100372,The University of New England,I90745801,University of New England
543,FT200100375,The University of Western Australia,I177877127,The University of Western Australia
544,FT200100381,The Australian National University,I118347636,(manual)
545,FT200100390,Griffith University,I11701301,Griffith University
546,FT200100399,The Australian National University,I118347636,(manual)
547,FT200100401,The University of Melbourne,I165779595,The University of Melbourne
548,FT200100421,The Australian National University,I118347636,(manual)
549,FT200100422,Curtin University,I205640436,Curtin University
550,FT200100427,The University of New South Wales,I31746571,(manual)
551,FT200100431,The University of Melbourne,I165779595,The University of Melbourne
552,FT200100446,Queensland University of Technology,I160993911,Queensland University of Technology
553,FT200100449,Southern Cross University,I66809481,Southern Cross University
554,FT200100457,The University of Melbourne,I165779595,The University of Melbourne
555,FT200100464,The University of Sydney,I129604602,The University of Sydney
556,FT200100495,Griffith University,I11701301,Griffith University
557,FT200100502,The University of New South Wales,I31746571,(manual)
558,FT200100519,Flinders University,I169541294,Flinders University
559,FT200100525,Macquarie University,I99043593,Macquarie University
560,FT200100536,The University of Adelaide,I5681781,The University of Adelaide
561,FT200100539,The University of Sydney,I129604602,The University of Sydney
562,FT200100572,Griffith University,I11701301,Griffith University
563,FT200100573,The University of Western Australia,I177877127,The University of Western Australia
564,FT200100590,Macquarie University,I99043593,Macquarie University
565,FT200100597,Deakin University,I149704539,Deakin University
566,FT200100604,RMIT University,I82951845,RMIT University
567,FT200100613,The University of Queensland,I165143802,The University of Queensland
568,FT200100619,Monash University,I56590836,Monash University
569,FT200100630,The University of Melbourne,I165779595,The University of Melbourne
570,FT200100656,The University of Sydney,I129604602,The University of Sydney
571,FT200100703,La Trobe University,I196829312,La Trobe University
572,FT200100707,The University of New South Wales,I31746571,(manual)
573,FT200100730,RMIT University,I82951845,RMIT University
574,FT200100732,The University of Melbourne,I165779595,The University of Melbourne
575,FT200100761,Monash University,I56590836,Monash University
576,FT200100787,University of Technology Sydney,I114017466,University of Technology Sydney
577,FT200100798,The University of New South Wales,I31746571,(manual)
578,FT200100809,The University of Sydney,I129604602,The University of Sydney
579,FT200100813,Monash University,I56590836,Monash University
580,FT200100816,The University of Adelaide,I5681781,The University of Adelaide
581,FT200100820,The University of New South Wales,I31746571,(manual)
582,FT200100822,The Australian National University,I118347636,(manual)
583,FT200100834,The University of Melbourne,I165779595,The University of Melbourne
584,FT200100837,The University of Queensland,I165143802,The University of Queensland
585,FT200100843,The University of Queensland,I165143802,The University of Queensland
586,FT200100844,The University of Sydney,I129604602,The University of Sydney
587,FT200100846,University of Tasmania,I129801699,University of Tasmania
588,FT200100870,The University of Adelaide,I5681781,The University of Adelaide
589,FT200100871,The University of Sydney,I129604602,The University of Sydney
590,FT200100880,Monash University,I56590836,Monash University
591,FT200100884,Monash University,I56590836,Monash University
592,FT200100899,The University of Queensland,I165143802,The University of Queensland
593,FT200100914,The Australian National University,I118347636,(manual)
594,FT200100918,Monash University,I56590836,Monash University
595,FT200100928,The University of Melbourne,I165779595,The University of Melbourne
596,FT200100939,The University of Sydney,I129604602,The University of Sydney
597,FT200100942,Monash University,I56590836,Monash University
598,FT200100949,University of Tasmania,I129801699,University of Tasmania
599,FT200100981,The University of Melbourne,I165779595,The University of Melbourne
600,FT200100985,Swinburne University of Technology,I57093077,Swinburne University of Technology
601,FT190100011,Monash University,I56590836,Monash University
602,FT190100014,Monash University,I56590836,Monash University
603,FT190100015,James Cook University,I86467917,James Cook University
604,FT190100017,Curtin University,I205640436,Curtin University
605,FT190100039,Monash University,I56590836,Monash University
606,FT190100058,The University of New South Wales,I31746571,(manual)
607,FT190100062,The University of New South Wales,I31746571,(manual)
608,FT190100072,The University of Melbourne,I165779595,The University of Melbourne
609,FT190100077,Macquarie University,I99043593,Macquarie University
610,FT190100082,University of Wollongong,I204824540,University of Wollongong
611,FT190100083,The University of Western Australia,I177877127,The University of Western Australia
612,FT190100106,Macquarie University,I99043593,Macquarie University
613,FT190100114,The University of Queensland,I165143802,The University of Queensland
614,FT190100129,Queensland University of Technology,I160993911,Queensland University of Technology
615,FT190100144,Swinburne University of Technology,I57093077,Swinburne University of Technology
616,FT190100147,Monash University,I56590836,Monash University
617,FT190100148,Curtin University,I205640436,Curtin University
618,FT190100155,Swinburne University of Technology,I57093077,Swinburne University of Technology
619,FT190100156,The University of New South Wales,I31746571,(manual)
620,FT190100188,University of Southern Queensland,I185523456,University of Southern Queensland
621,FT190100197,The University of New South Wales,I31746571,(manual)
622,FT190100200,The University of Melbourne,I165779595,The University of Melbourne
623,FT190100211,Queensland University of Technology,I160993911,Queensland University of Technology
624,FT190100215,RMIT University,I82951845,RMIT University
625,FT190100218,Monash University,I56590836,Monash University
626,FT190100231,Curtin University,I205640436,Curtin University
627,FT190100232,The University of New South Wales,I31746571,(manual)
628,FT190100234,The University of Melbourne,I165779595,The University of Melbourne
629,FT190100243,The Australian National University,I118347636,(manual)
630,FT190100244,Adelaide University,I4405259444,Adelaide University
631,FT190100247,The Australian National University,I118347636,(manual)
632,FT190100255,The University of Melbourne,I165779595,The University of Melbourne
633,FT190100258,Monash University,I56590836,Monash University
634,FT190100263,University of South Australia,I170239107,University of South Australia
635,FT190100265,Monash University,I56590836,Monash University
636,FT190100266,Monash University,I56590836,Monash University
637,FT190100280,The University of Melbourne,I165779595,The University of Melbourne
638,FT190100293,The University of Melbourne,I165779595,The University of Melbourne
639,FT190100298,The University of New South Wales,I31746571,(manual)
640,FT190100300,The University of Melbourne,I165779595,The University of Melbourne
641,FT190100306,The University of Queensland,I165143802,The University of Queensland
642,FT190100313,The University of Queensland,I165143802,The University of Queensland
643,FT190100335,Griffith University,I11701301,Griffith University
644,FT190100339,The University of New South Wales,I31746571,(manual)
645,FT190100361,The University of New South Wales,I31746571,(manual)
646,FT190100372,RMIT University,I82951845,RMIT University
647,FT190100374,The University of Melbourne,I165779595,The University of Melbourne
648,FT190100383,The University of Melbourne,I165779595,The University of Melbourne
649,FT190100403,Monash University,I56590836,Monash University
650,FT190100404,The University of Melbourne,I165779595,The University of Melbourne
651,FT190100410,Queensland University of Technology,I160993911,Queensland University of Technology
652,FT190100413,University of Tasmania,I129801699,University of Tasmania
653,FT190100429,The University of New South Wales,I31746571,(manual)
654,FT190100449,Macquarie University,I99043593,Macquarie University
655,FT190100451,University of Wollongong,I204824540,University of Wollongong
656,FT190100462,The University of Melbourne,I165779595,The University of Melbourne
657,FT190100475,The University of Western Australia,I177877127,The University of Western Australia
658,FT190100477,The University of Melbourne,I165779595,The University of Melbourne
659,FT190100482,University of the Sunshine Coast,I174025329,University of the Sunshine Coast
660,FT190100484,The University of New South Wales,I31746571,(manual)
661,FT190100485,University of South Australia,I170239107,University of South Australia
662,FT190100516,The University of Queensland,I165143802,The University of Queensland
663,FT190100525,The University of Adelaide,I5681781,The University of Adelaide
664,FT190100544,University of South Australia,I170239107,University of South Australia
665,FT190100552,Adelaide University,I4405259444,Adelaide University
666,FT190100559,The University of Melbourne,I165779595,The University of Melbourne
667,FT190100567,Swinburne University of Technology,I57093077,Swinburne University of Technology
668,FT190100572,Monash University,I56590836,Monash University
669,FT190100574,Monash University,I56590836,Monash University
670,FT190100590,Western Sydney University,I63525965,Western Sydney University
671,FT190100599,University of Tasmania,I129801699,University of Tasmania
672,FT190100605,The University of Sydney,I129604602,The University of Sydney
673,FT190100613,La Trobe University,I196829312,La Trobe University
674,FT190100619,Monash University,I56590836,Monash University
675,FT190100623,Macquarie University,I99043593,Macquarie University
676,FT190100630,The University of Melbourne,I165779595,The University of Melbourne
677,FT190100632,Western Sydney University,I63525965,Western Sydney University
678,FT190100636,The University of Adelaide,I5681781,The University of Adelaide
679,FT190100645,The University of Melbourne,I165779595,The University of Melbourne
680,FT190100658,University of Technology Sydney,I114017466,University of Technology Sydney
681,FT190100674,University of Tasmania,I129801699,University of Tasmania
682,FT190100687,Macquarie University,I99043593,Macquarie University
683,FT190100688,University of Tasmania,I129801699,University of Tasmania
684,FT190100697,The University of New South Wales,I31746571,(manual)
685,FT190100708,The University of Western Australia,I177877127,The University of Western Australia
686,FT190100729,Western Sydney University,I63525965,Western Sydney University
687,FT190100733,Monash University,I56590836,Monash University
688,FT190100734,Macquarie University,I99043593,Macquarie University
689,FT190100735,The University of Western Australia,I177877127,The University of Western Australia
690,FT190100736,The University of Melbourne,I165779595,The University of Melbourne
691,FT190100756,The University of New South Wales,I31746571,(manual)
692,FT190100794,The University of Adelaide,I5681781,The University of Adelaide
693,FT190100801,Curtin University,I205640436,Curtin University
694,FT190100803,The University of Adelaide,I5681781,The University of Adelaide
695,FT190100812,The University of Western Australia,I177877127,The University of Western Australia
696,FT190100814,The University of Queensland,I165143802,The University of Queensland
697,FT190100819,The Australian National University,I118347636,(manual)
698,FT190100829,The University of Sydney,I129604602,The University of Sydney
699,FT190100854,The University of Adelaide,I5681781,The University of Adelaide
700,FT190100855,Queensland University of Technology,I160993911,Queensland University of Technology
701,FT180100009,Australian Catholic University,I86695891,Australian Catholic University
702,FT180100014,The University of Queensland,I165143802,The University of Queensland
703,FT180100020,Swinburne University of Technology,I57093077,Swinburne University of Technology
704,FT180100024,The Australian National University,I118347636,(manual)
705,FT180100027,The University of Melbourne,I165779595,The University of Melbourne
706,FT180100031,The University of New South Wales,I31746571,(manual)
707,FT180100037,The University of Melbourne,I165779595,The University of Melbourne
708,FT180100038,Flinders University,I169541294,Flinders University
709,FT180100049,Monash University,I56590836,Monash University
710,FT180100055,Griffith University,I11701301,Griffith University
711,FT180100058,The University of Adelaide,I5681781,The University of Adelaide
712,FT180100066,The University of Western Australia,I177877127,The University of Western Australia
713,FT180100067,Monash University,I56590836,Monash University
714,FT180100069,The Australian National University,I118347636,(manual)
715,FT180100075,The University of Melbourne,I165779595,The University of Melbourne
716,FT180100081,The University of Adelaide,I5681781,The University of Adelaide
717,FT180100082,RMIT University,I82951845,RMIT University
718,FT180100099,La Trobe University,I196829312,La Trobe University
719,FT180100100,The Australian National University,I118347636,(manual)
720,FT180100116,The University of Sydney,I129604602,The University of Sydney
721,FT180100123,The University of Newcastle,I78757542,(manual)
722,FT180100139,Griffith University,I11701301,Griffith University
723,FT180100140,Monash University,I56590836,Monash University
724,FT180100154,Deakin University,I149704539,Deakin University
725,FT180100157,Queensland University of Technology,I160993911,Queensland University of Technology
726,FT180100162,RMIT University,I82951845,RMIT University
727,FT180100172,The University of Queensland,I165143802,The University of Queensland
728,FT180100186,The University of Queensland,I165143802,The University of Queensland
729,FT180100194,Swinburne University of Technology,I57093077,Swinburne University of Technology
730,FT180100204,The University of Western Australia,I177877127,The University of Western Australia
731,FT180100211,The University of Melbourne,I165779595,The University of Melbourne
732,FT180100214,The University of Sydney,I129604602,The University of Sydney
733,FT180100216,The University of Melbourne,I165779595,The University of Melbourne
734,FT180100231,The University of Sydney,I129604602,The University of Sydney
735,FT180100232,The University of Sydney,I129604602,The University of Sydney
736,FT180100240,Deakin University,I149704539,Deakin University
737,FT180100248,Monash University,I56590836,Monash University
738,FT180100250,The University of Queensland,I165143802,The University of Queensland
739,FT180100252,Monash University,I56590836,Monash University
740,FT180100255,The University of Melbourne,I165779595,The University of Melbourne
741,FT180100256,The University of Sydney,I129604602,The University of Sydney
742,FT180100257,Monash University,I56590836,Monash University
743,FT180100260,The University of New South Wales,I31746571,(manual)
744,FT180100280,The University of Sydney,I129604602,The University of Sydney
745,FT180100289,Flinders University,I169541294,Flinders University
746,FT180100295,The University of Melbourne,I165779595,The University of Melbourne
747,FT180100302,The Australian National University,I118347636,(manual)
748,FT180100309,Flinders University,I169541294,Flinders University
749,FT180100312,University of Technology Sydney,I114017466,University of Technology Sydney
750,FT180100317,Griffith University,I11701301,Griffith University
751,FT180100321,Curtin University,I205640436,Curtin University
752,FT180100324,The University of Melbourne,I165779595,The University of Melbourne
753,FT180100327,University of Wollongong,I204824540,University of Wollongong
754,FT180100333,La Trobe University,I196829312,La Trobe University
755,FT180100338,Queensland University of Technology,I160993911,Queensland University of Technology
756,FT180100343,Swinburne University of Technology,I57093077,Swinburne University of Technology
757,FT180100353,The University of Queensland,I165143802,The University of Queensland
758,FT180100354,The University of Queensland,I165143802,The University of Queensland
759,FT180100361,Griffith University,I11701301,Griffith University
760,FT180100371,The Australian National University,I118347636,(manual)
761,FT180100374,Monash University,I56590836,Monash University
762,FT180100375,The Australian National University,I118347636,(manual)
763,FT180100385,Curtin University,I205640436,Curtin University
764,FT180100387,Queensland University of Technology,I160993911,Queensland University of Technology
765,FT180100397,The University of Melbourne,I165779595,The University of Melbourne
766,FT180100407,The University of Adelaide,I5681781,The University of Adelaide
767,FT180100409,The University of Western Australia,I177877127,The University of Western Australia
768,FT180100417,The University of New South Wales,I31746571,(manual)
769,FT180100447,Macquarie University,I99043593,Macquarie University
770,FT180100458,Queensland University of Technology,I160993911,Queensland University of Technology
771,FT180100462,Macquarie University,I99043593,Macquarie University
772,FT180100466,The University of Adelaide,I5681781,The University of Adelaide
773,FT180100476,The Australian National University,I118347636,(manual)
774,FT180100491,The University of Western Australia,I177877127,The University of Western Australia
775,FT180100494,The University of New South Wales,I31746571,(manual)
776,FT180100495,The Australian National University,I118347636,(manual)
777,FT180100496,The University of Sydney,I129604602,The University of Sydney
778,FT180100519,The University of Melbourne,I165779595,The University of Melbourne
779,FT180100521,The University of Melbourne,I165779595,The University of Melbourne
780,FT180100524,University of Wollongong,I204824540,University of Wollongong
781,FT180100533,Monash University,I56590836,Monash University
782,FT180100541,The University of New South Wales,I31746571,(manual)
783,FT180100543,The University of Queensland,I165143802,The University of Queensland
784,FT180100565,The University of Adelaide,I5681781,The University of Adelaide
785,FT180100572,The University of Western Australia,I177877127,The University of Western Australia
786,FT180100585,University of Wollongong,I204824540,University of Wollongong
787,FT180100594,Monash University,I56590836,Monash University
788,FT180100606,The University of New South Wales,I31746571,(manual)
789,FT180100610,Monash University,I56590836,Monash University
790,FT180100622,The University of New South Wales,I31746571,(manual)
791,FT180100625,The University of Western Australia,I177877127,The University of Western Australia
792,FT180100632,The Australian National University,I118347636,(manual)
793,FT180100634,Flinders University,I169541294,Flinders University
794,FT180100652,University of the Sunshine Coast,I174025329,University of the Sunshine Coast
795,FT180100653,The University of Sydney,I129604602,The University of Sydney
796,FT180100674,The University of Adelaide,I5681781,The University of Adelaide
797,FT180100683,The University of Western Australia,I177877127,The University of Western Australia
798,FT180100692,The University of Queensland,I165143802,The University of Queensland
799,FT180100698,Queensland University of Technology,I160993911,Queensland University of Technology
800,FT180100705,University of Technology Sydney,I114017466,University of Technology Sydney
801,FT170100004,Charles Darwin University,I29894533,Charles Darwin University
802,FT170100006,The University of Melbourne,I165779595,The University of Melbourne
803,FT170100011,The University of Melbourne,I165779595,The University of Melbourne
804,FT170100019,The Australian National University,I118347636,(manual)
805,FT170100021,The Australian National University,I118347636,(manual)
806,FT170100022,RMIT University,I82951845,RMIT University
807,FT170100024,Curtin University,I205640436,Curtin University
808,FT170100025,Griffith University,I11701301,Griffith University
809,FT170100033,Monash University,I56590836,Monash University
810,FT170100037,The University of Sydney,I129604602,The University of Sydney
811,FT170100040,Monash University,I56590836,Monash University
812,FT170100042,The University of Queensland,I165143802,The University of Queensland
813,FT170100047,The University of Queensland,I165143802,The University of Queensland
814,FT170100048,Monash University,I56590836,Monash University
815,FT170100059,The University of Melbourne,I165779595,The University of Melbourne
816,FT170100061,The University of Queensland,I165143802,The University of Queensland
817,FT170100070,Queensland University of Technology,I160993911,Queensland University of Technology
818,FT170100072,The University of Queensland,I165143802,The University of Queensland
819,FT170100077,The University of Newcastle,I78757542,(manual)
820,FT170100079,The University of New South Wales,I31746571,(manual)
821,FT170100080,The University of Queensland,I165143802,The University of Queensland
822,FT170100084,The University of Western Australia,I177877127,The University of Western Australia
823,FT170100088,The University of Adelaide,I5681781,The University of Adelaide
824,FT170100094,The University of New South Wales,I31746571,(manual)
825,FT170100096,The University of Queensland,I165143802,The University of Queensland
826,FT170100101,Deakin University,I149704539,Deakin University
827,FT170100105,Macquarie University,I99043593,Macquarie University
828,FT170100106,The University of New South Wales,I31746571,(manual)
829,FT170100120,Curtin University,I205640436,Curtin University
830,FT170100124,The University of Melbourne,I165779595,The University of Melbourne
831,FT170100128,University of Technology Sydney,I114017466,University of Technology Sydney
832,FT170100140,The University of Queensland,I165143802,The University of Queensland
833,FT170100144,Monash University,I56590836,Monash University
834,FT170100153,The University of Sydney,I129604602,The University of Sydney
835,FT170100156,La Trobe University,I196829312,La Trobe University
836,FT170100162,The University of New South Wales,I31746571,(manual)
837,FT170100174,Monash University,I56590836,Monash University
838,FT170100194,The University of Queensland,I165143802,The University of Queensland
839,FT170100195,The University of Western Australia,I177877127,The University of Western Australia
840,FT170100196,The University of Queensland,I165143802,The University of Queensland
841,FT170100210,Macquarie University,I99043593,Macquarie University
842,FT170100213,The University of Queensland,I165143802,The University of Queensland
843,FT170100214,The University of Queensland,I165143802,The University of Queensland
844,FT170100220,University of Wollongong,I204824540,University of Wollongong
845,FT170100224,The University of New South Wales,I31746571,(manual)
846,FT170100229,The Australian National University,I118347636,(manual)
847,FT170100231,The Australian National University,I118347636,(manual)
848,FT170100235,Curtin University,I205640436,Curtin University
849,FT170100239,The University of Sydney,I129604602,The University of Sydney
850,FT170100243,The University of New South Wales,I31746571,(manual)
851,FT170100254,Monash University,I56590836,Monash University
852,FT170100259,Monash University,I56590836,Monash University
853,FT170100261,The Australian National University,I118347636,(manual)
854,FT170100262,The University of Sydney,I129604602,The University of Sydney
855,FT170100273,Swinburne University of Technology,I57093077,Swinburne University of Technology
856,FT170100274,Queensland University of Technology,I160993911,Queensland University of Technology
857,FT170100279,University of the Sunshine Coast,I174025329,University of the Sunshine Coast
858,FT170100281,The Australian National University,I118347636,(manual)
859,FT170100283,The University of Sydney,I129604602,The University of Sydney
860,FT170100288,Macquarie University,I99043593,Macquarie University
861,FT170100294,Queensland University of Technology,I160993911,Queensland University of Technology
862,FT170100301,The Australian National University,I118347636,(manual)
863,FT170100313,Monash University,I56590836,Monash University
864,FT170100315,Curtin University,I205640436,Curtin University
865,FT170100316,The University of Sydney,I129604602,The University of Sydney
866,FT170100327,Southern Cross University,I66809481,Southern Cross University
867,FT170100328,Monash University,I56590836,Monash University
868,FT170100331,The Australian National University,I118347636,(manual)
869,FT170100341,The University of New South Wales,I31746571,(manual)
870,FT170100342,Western Sydney University,I63525965,Western Sydney University
871,FT170100358,The University of Melbourne,I165779595,The University of Melbourne
872,FT170100359,The University of New South Wales,I31746571,(manual)
873,FT170100363,The University of Melbourne,I165779595,The University of Melbourne
874,FT170100371,The University of New South Wales,I31746571,(manual)
875,FT170100373,The University of Western Australia,I177877127,The University of Western Australia
876,FT170100374,The University of Melbourne,I165779595,The University of Melbourne
877,FT170100376,Swinburne University of Technology,I57093077,Swinburne University of Technology
878,FT170100392,Monash University,I56590836,Monash University
879,FT170100399,University of Technology Sydney,I114017466,University of Technology Sydney
880,FT170100401,The University of Queensland,I165143802,The University of Queensland
881,FT170100409,The University of Melbourne,I165779595,The University of Melbourne
882,FT170100417,Macquarie University,I99043593,Macquarie University
883,FT170100420,The University of Melbourne,I165779595,The University of Melbourne
884,FT170100431,University of South Australia,I170239107,University of South Australia
885,FT170100437,The University of Adelaide,I5681781,The University of Adelaide
886,FT170100441,Monash University,I56590836,Monash University
887,FT170100447,The University of New South Wales,I31746571,(manual)
888,FT170100448,The University of Adelaide,I5681781,The University of Adelaide
889,FT170100452,The University of Queensland,I165143802,The University of Queensland
890,FT170100460,The University of Newcastle,I78757542,(manual)
891,FT170100470,The University of Melbourne,I165779595,The University of Melbourne
892,FT160100007,La Trobe University,I196829312,La Trobe University
893,FT160100010,University of Technology Sydney,I114017466,University of Technology Sydney
894,FT160100017,Deakin University,I149704539,Deakin University
895,FT160100018,The Australian National University,I118347636,(manual)
896,FT160100022,Monash University,I56590836,Monash University
897,FT160100028,The University of New South Wales,I31746571,(manual)
898,FT160100029,The Australian National University,I118347636,(manual)
899,FT160100035,Monash University,I56590836,Monash University
900,FT160100039,The University of New South Wales,I31746571,(manual)
901,FT160100046,Monash University,I56590836,Monash University
902,FT160100047,James Cook University,I86467917,James Cook University
903,FT160100048,Monash University,I56590836,Monash University
904,FT160100055,The University of Queensland,I165143802,The University of Queensland
905,FT160100056,University of Tasmania,I129801699,University of Tasmania
906,FT160100063,Monash University,I56590836,Monash University
907,FT160100066,Swinburne University of Technology,I57093077,Swinburne University of Technology
908,FT160100068,The Australian National University,I118347636,(manual)
909,FT160100073,Monash University,I56590836,Monash University
910,FT160100074,Monash University,I56590836,Monash University
911,FT160100075,Monash University,I56590836,Monash University
912,FT160100077,Deakin University,I149704539,Deakin University
913,FT160100083,The University of Melbourne,I165779595,The University of Melbourne
914,FT160100092,La Trobe University,I196829312,La Trobe University
915,FT160100093,Deakin University,I149704539,Deakin University
916,FT160100094,The University of New South Wales,I31746571,(manual)
917,FT160100095,The University of New South Wales,I31746571,(manual)
918,FT160100096,The University of Sydney,I129604602,The University of Sydney
919,FT160100098,The University of Sydney,I129604602,The University of Sydney
920,FT160100104,The Australian National University,I118347636,(manual)
921,FT160100107,The University of Sydney,I129604602,The University of Sydney
922,FT160100108,The University of Adelaide,I5681781,The University of Adelaide
923,FT160100112,Monash University,I56590836,Monash University
924,FT160100113,The University of New South Wales,I31746571,(manual)
925,FT160100115,Swinburne University of Technology,I57093077,Swinburne University of Technology
926,FT160100119,Griffith University,I11701301,Griffith University
927,FT160100126,RMIT University,I82951845,RMIT University
928,FT160100139,University of Wollongong,I204824540,University of Wollongong
929,FT160100143,The Australian National University,I118347636,(manual)
930,FT160100144,Monash University,I56590836,Monash University
931,FT160100149,The Australian National University,I118347636,(manual)
932,FT160100153,The Australian National University,I118347636,(manual)
933,FT160100162,Monash University,I56590836,Monash University
934,FT160100166,The University of Melbourne,I165779595,The University of Melbourne
935,FT160100167,The University of Sydney,I129604602,The University of Sydney
936,FT160100178,The Australian National University,I118347636,(manual)
937,FT160100191,Monash University,I56590836,Monash University
938,FT160100195,University of Technology Sydney,I114017466,University of Technology Sydney
939,FT160100198,The University of Melbourne,I165779595,The University of Melbourne
940,FT160100205,The University of Newcastle,I78757542,(manual)
941,FT160100206,The Australian National University,I118347636,(manual)
942,FT160100207,Queensland University of Technology,I160993911,Queensland University of Technology
943,FT160100212,The University of Queensland,I165143802,The University of Queensland
944,FT160100218,The University of Melbourne,I165779595,The University of Melbourne
945,FT160100219,The University of New South Wales,I31746571,(manual)
946,FT160100226,The Australian National University,I118347636,(manual)
947,FT160100229,University of South Australia,I170239107,University of South Australia
948,FT160100232,Monash University,I56590836,Monash University
949,FT160100233,The University of Western Australia,I177877127,The University of Western Australia
950,FT160100235,The University of Sydney,I129604602,The University of Sydney
951,FT160100242,The University of Queensland,I165143802,The University of Queensland
952,FT160100244,Monash University,I56590836,Monash University
953,FT160100250,The University of Western Australia,I177877127,The University of Western Australia
954,FT160100251,University of Wollongong,I204824540,University of Wollongong
955,FT160100252,RMIT University,I82951845,RMIT University
956,FT160100259,The University of Western Australia,I177877127,The University of Western Australia
957,FT160100267,The University of Adelaide,I5681781,The University of Adelaide
958,FT160100271,The University of Melbourne,I165779595,The University of Melbourne
959,FT160100274,Monash University,I56590836,Monash University
960,FT160100276,The University of Melbourne,I165779595,The University of Melbourne
961,FT160100281,Queensland University of Technology,I160993911,Queensland University of Technology
962,FT160100293,RMIT University,I82951845,RMIT University
963,FT160100298,The University of Queensland,I165143802,The University of Queensland
964,FT160100300,University of South Australia,I170239107,University of South Australia
965,FT160100301,University of Technology Sydney,I114017466,University of Technology Sydney
966,FT160100303,Curtin University,I205640436,Curtin University
967,FT160100313,The University of Adelaide,I5681781,The University of Adelaide
968,FT160100314,The University of Queensland,I165143802,The University of Queensland
969,FT160100318,Flinders University,I169541294,Flinders University
970,FT160100344,Griffith University,I11701301,Griffith University
971,FT160100353,The University of Newcastle,I78757542,(manual)
972,FT160100355,Griffith University,I11701301,Griffith University
973,FT160100357,RMIT University,I82951845,RMIT University
974,FT160100360,The Australian National University,I118347636,(manual)
975,FT160100366,University of South Australia,I170239107,University of South Australia
976,FT160100393,Macquarie University,I99043593,Macquarie University
977,FT160100397,University of Technology Sydney,I114017466,University of Technology Sydney
978,FT160100402,The Australian National University,I118347636,(manual)
979,FT160100409,The Australian National University,I118347636,(manual)
980,FT160100411,The University of Sydney,I129604602,The University of Sydney
981,FT160100417,The University of Sydney,I129604602,The University of Sydney
982,FT160100423,The Australian National University,I118347636,(manual)
983,FT160100428,Monash University,I56590836,Monash University
984,FT160100437,University of South Australia,I170239107,University of South Australia
985,FT160100450,Griffith University,I11701301,Griffith University
986,FT160100453,Macquarie University,I99043593,Macquarie University
987,FT160100454,Monash University,I56590836,Monash University
988,FT160100463,The University of Sydney,I129604602,The University of Sydney
989,FT160100477,University of Tasmania,I129801699,University of Tasmania
990,FT160100495,The University of New South Wales,I31746571,(manual)
991,FT160100514,Western Sydney University,I63525965,Western Sydney University
992,FT150100024,The Australian National University,I118347636,(manual)
993,FT150100042,The University of Queensland,I165143802,The University of Queensland
994,FT150100049,Monash University,I56590836,Monash University
995,FT150100067,The University of Melbourne,I165779595,The University of Melbourne
996,FT150100074,The University of Melbourne,I165779595,The University of Melbourne
997,FT150100079,The University of Western Australia,I177877127,The University of Western Australia
998,FT150100099,The University of Sydney,I129604602,The University of Sydney
999,FT150100105,Monash University,I56590836,Monash University
1000,FT150100109,University of Wollongong,I204824540,University of Wollongong
1001,FT150100110,Monash University,I56590836,Monash University
1002,FT150100115,Macquarie University,I99043593,Macquarie University
1003,FT150100131,The University of Melbourne,I165779595,The University of Melbourne
1004,FT150100138,University of Wollongong,I204824540,University of Wollongong
1005,FT150100139,The Australian National University,I118347636,(manual)
1006,FT150100141,The University of Melbourne,I165779595,The University of Melbourne
1007,FT150100147,The University of Queensland,I165143802,The University of Queensland
1008,FT150100162,The University of Western Australia,I177877127,The University of Western Australia
1009,FT150100168,The University of Western Australia,I177877127,The University of Western Australia
1010,FT150100179,The University of Newcastle,I78757542,(manual)
1011,FT150100190,La Trobe University,I196829312,La Trobe University
1012,FT150100197,Macquarie University,I99043593,Macquarie University
1013,FT150100207,Monash University,I56590836,Monash University
1014,FT150100212,La Trobe University,I196829312,La Trobe University
1015,FT150100215,Griffith University,I11701301,Griffith University
1016,FT150100232,The University of Melbourne,I165779595,The University of Melbourne
1017,FT150100237,Monash University,I56590836,Monash University
1018,FT150100250,The University of Adelaide,I5681781,The University of Adelaide
1019,FT150100266,Monash University,I56590836,Monash University
1020,FT150100269,Swinburne University of Technology,I57093077,Swinburne University of Technology
1021,FT150100281,Monash University,I56590836,Monash University
1022,FT150100294,The University of Sydney,I129604602,The University of Sydney
1023,FT150100297,The University of Melbourne,I165779595,The University of Melbourne
1024,FT150100330,The University of Melbourne,I165779595,The University of Melbourne
1025,FT150100333,Macquarie University,I99043593,Macquarie University
1026,FT150100341,The University of Sydney,I129604602,The University of Sydney
1027,FT150100342,Macquarie University,I99043593,Macquarie University
1028,FT150100347,The University of Queensland,I165143802,The University of Queensland
1029,FT150100370,Griffith University,I11701301,Griffith University
1030,FT150100398,Queensland University of Technology,I160993911,Queensland University of Technology
1031,FT150100403,Flinders University,I169541294,Flinders University
1032,FT150100406,University of Tasmania,I129801699,University of Tasmania
1033,FT150100408,Queensland University of Technology,I160993911,Queensland University of Technology
1034,FT150100415,Swinburne University of Technology,I57093077,Swinburne University of Technology
1035,FT150100420,The Australian National University,I118347636,(manual)
1036,FT150100426,Monash University,I56590836,Monash University
1037,FT150100450,Monash University,I56590836,Monash University
1038,FT150100452,The Australian National University,I118347636,(manual)
1039,FT150100479,The University of Queensland,I165143802,The University of Queensland
1040,FT150100492,The University of Queensland,I165143802,The University of Queensland
1041,FT150100541,University of South Australia,I170239107,University of South Australia
1042,FT140100574,University of Technology Sydney,I114017466,University of Technology Sydney
1043,FT140100645,The Australian National University,I118347636,(manual)
1044,FT140101162,Western Sydney University,I63525965,Western Sydney University
1045,FT140100516,The University of Queensland,I165143802,The University of Queensland
1046,FT140100195,University of Technology Sydney,I114017466,University of Technology Sydney
1047,FT140100214,The University of Melbourne,I165779595,The University of Melbourne
1048,FT140100313,Griffith University,I11701301,Griffith University
1049,FT140100698,University of Wollongong,I204824540,University of Wollongong
1050,FT140100873,The University of Melbourne,I165779595,The University of Melbourne
1051,FT140101044,University of Canberra,I188329596,University of Canberra
1052,FT140100826,Curtin University,I205640436,Curtin University
1053,FT140100048,The University of New South Wales,I31746571,(manual)
1054,FT140100018,The University of Queensland,I165143802,The University of Queensland
1055,FT140101152,Queensland University of Technology,I160993911,Queensland University of Technology
1056,FT140100596,University of Tasmania,I129801699,University of Tasmania
1057,FT140100834,The Australian National University,I118347636,(manual)
1058,FT140100452,Macquarie University,I99043593,Macquarie University
1059,FT140100610,The University of Newcastle,I78757542,(manual)
1060,FT140101020,Western Sydney University,I63525965,Western Sydney University
1061,FT140100515,The University of New South Wales,I31746571,(manual)
1062,FT140100861,The University of Melbourne,I165779595,The University of Melbourne
1063,FT140100681,University of the Sunshine Coast,I174025329,University of the Sunshine Coast
1064,FT140100422,The Australian National University,I118347636,(manual)
1065,FT140100255,Macquarie University,I99043593,Macquarie University
1066,FT140100047,The University of Melbourne,I165779595,The University of Melbourne
1067,FT140100535,The University of New South Wales,I31746571,(manual)
1068,FT140101270,University of Tasmania,I129801699,University of Tasmania
1069,FT140101112,Curtin University,I205640436,Curtin University
1070,FT140100646,University of Tasmania,I129801699,University of Tasmania
1071,FT140101192,The University of Adelaide,I5681781,The University of Adelaide
1072,FT140100824,The University of Sydney,I129604602,The University of Sydney
1073,FT140100128,Monash University,I56590836,Monash University
1074,FT140101082,Curtin University,I205640436,Curtin University
1075,FT140100073,Monash University,I56590836,Monash University
1076,FT140100408,The University of Adelaide,I5681781,The University of Adelaide
1077,FT140101285,RMIT University,I82951845,RMIT University
1078,FT140101368,The University of Newcastle,I78757542,(manual)
1079,FT140100135,The University of New South Wales,I31746571,(manual)
1080,FT140100977,The University of Queensland,I165143802,The University of Queensland
1081,FT140101351,University of Tasmania,I129801699,University of Tasmania
1082,FT140100415,The University of Sydney,I129604602,The University of Sydney
1083,FT140100625,The University of Queensland,I165143802,The University of Queensland
1084,FT140100338,The University of Queensland,I165143802,The University of Queensland
1085,FT140100191,Curtin University,I205640436,Curtin University
1086,FT140100019,The University of Newcastle,I78757542,(manual)
1087,FT140101256,Monash University,I56590836,Monash University
1088,FT140100594,Hudson Institute of Medical Research,I2802600346,Hudson Institute of Medical Research
1089,FT140100081,University of Technology Sydney,I114017466,University of Technology Sydney
1090,FT140100147,The University of New South Wales,I31746571,(manual)
1091,FT140101262,The Australian National University,I118347636,(manual)
1092,FT140101208,University of Technology Sydney,I114017466,University of Technology Sydney
1093,FT140100544,The University of Melbourne,I165779595,The University of Melbourne
1094,FT140100273,The University of Queensland,I165143802,The University of Queensland
1095,FT140100299,The University of Melbourne,I165779595,The University of Melbourne
1096,FT140100481,The University of New South Wales,I31746571,(manual)
1097,FT140101029,Monash University,I56590836,Monash University
1098,FT140100986,Queensland University of Technology,I160993911,Queensland University of Technology
1099,FT140100743,The University of Melbourne,I165779595,The University of Melbourne
1100,FT140100514,RMIT University,I82951845,RMIT University
1101,FT140100783,The University of Sydney,I129604602,The University of Sydney
1102,FT140100291,The University of New South Wales,I31746571,(manual)
1103,FT140100992,Queensland University of Technology,I160993911,Queensland University of Technology
1104,FT140100114,Monash University,I56590836,Monash University
1105,FT140100266,The University of Melbourne,I165779595,The University of Melbourne
1106,FT140100383,The University of Melbourne,I165779595,The University of Melbourne
1107,FT140100780,The University of Adelaide,I5681781,The University of Adelaide
1108,FT140100822,The University of Sydney,I129604602,The University of Sydney
1109,FT140100101,University of Wollongong,I204824540,University of Wollongong
1110,FT140100865,The University of Queensland,I165143802,The University of Queensland
1111,FT140100226,Macquarie University,I99043593,Macquarie University
1112,FT140101201,Monash University,I56590836,Monash University
1113,FT140100604,The Australian National University,I118347636,(manual)
1114,FT140101287,The University of Melbourne,I165779595,The University of Melbourne
1115,FT140100773,The University of Adelaide,I5681781,The University of Adelaide
1116,FT140100770,University of Tasmania,I129801699,University of Tasmania
1117,FT140100456,The University of Melbourne,I165779595,The University of Melbourne
1118,FT140100763,The Australian National University,I118347636,(manual)
1119,FT140100837,The University of New South Wales,I31746571,(manual)
1120,FT140100577,The University of Melbourne,I165779595,The University of Melbourne
1121,FT140100084,Griffith University,I11701301,Griffith University
1122,FT140100504,Monash University,I56590836,Monash University
1123,FT140101309,The University of Queensland,I165143802,The University of Queensland
1124,FT140100818,Monash University,I56590836,Monash University
1125,FT140100746,Queensland University of Technology,I160993911,Queensland University of Technology
1126,FT140100322,The University of New South Wales,I31746571,(manual)
1127,FT140101145,Queensland University of Technology,I160993911,Queensland University of Technology
1128,FT140100399,The University of Newcastle,I78757542,(manual)
1129,FT140100794,Monash University,I56590836,Monash University
1130,FT140101059,The Australian National University,I118347636,(manual)
1131,FT140100355,The University of Adelaide,I5681781,The University of Adelaide
1132,FT140101247,Macquarie University,I99043593,Macquarie University
1133,FT140100244,The University of Adelaide,I5681781,The University of Adelaide
1134,FT140101308,The University of Sydney,I129604602,The University of Sydney
1135,FT140100650,The University of Queensland,I165143802,The University of Queensland
1136,FT140101061,The University of Sydney,I129604602,The University of Sydney
1137,FT140100993,The Australian National University,I118347636,(manual)
1138,FT140101327,The University of Melbourne,I165779595,The University of Melbourne
1139,FT140100032,The University of New South Wales,I31746571,(manual)
1140,FT140101104,Swinburne University of Technology,I57093077,Swinburne University of Technology
1141,FT140100227,The University of Melbourne,I165779595,The University of Melbourne
1142,FT140100730,The University of Queensland,I165143802,The University of Queensland
1143,FT140100393,The University of Melbourne,I165779595,The University of Melbourne
1144,FT140100952,The University of Queensland,I165143802,The University of Queensland
1145,FT140100872,The University of Adelaide,I5681781,The University of Adelaide
1146,FT140100907,The University of Queensland,I165143802,The University of Queensland
1147,FT140101266,The University of Sydney,I129604602,The University of Sydney
1148,FT140101229,Queensland University of Technology,I160993911,Queensland University of Technology
1149,FT140101303,The University of Adelaide,I5681781,The University of Adelaide
1150,FT140100757,The University of Adelaide,I5681781,The University of Adelaide
1151,FT140100067,The Australian National University,I118347636,(manual)
1152,FT140100130,The University of Sydney,I129604602,The University of Sydney
1153,FT140100498,The University of Queensland,I165143802,The University of Queensland
1154,FT140100384,University of Wollongong,I204824540,University of Wollongong
1155,FT140101062,Monash University,I56590836,Monash University
1156,FT140100222,The University of Melbourne,I165779595,The University of Melbourne
1157,FT140100629,The University of Melbourne,I165779595,The University of Melbourne
1158,FT140100964,The University of Melbourne,I165779595,The University of Melbourne
1159,FT140101126,The Australian National University,I118347636,(manual)
1160,FT140100825,The University of Adelaide,I5681781,The University of Adelaide
1161,FT140101216,Queensland University of Technology,I160993911,Queensland University of Technology
1162,FT140100295,The University of Sydney,I129604602,The University of Sydney
1163,FT140101202,The Australian National University,I118347636,(manual)
1164,FT140100286,University of Wollongong,I204824540,University of Wollongong
1165,FT140100527,The University of Melbourne,I165779595,The University of Melbourne
1166,FT140100796,The University of Queensland,I165143802,The University of Queensland
1167,FT140100843,The Australian National University,I118347636,(manual)
1168,FT140100003,Swinburne University of Technology,I57093077,Swinburne University of Technology
1169,FT140100085,Australian Catholic University,I86695891,Australian Catholic University
1170,FT140100219,The University of Newcastle,I78757542,(manual)
1171,FT140100190,The University of Melbourne,I165779595,The University of Melbourne
1172,FT140100933,Swinburne University of Technology,I57093077,Swinburne University of Technology
1173,FT140100670,The University of Adelaide,I5681781,The University of Adelaide
1174,FT140100115,The University of New South Wales,I31746571,(manual)
1175,FT140100554,The Australian National University,I118347636,(manual)
1176,FT140100221,Macquarie University,I99043593,Macquarie University
1177,FT140100398,The University of New South Wales,I31746571,(manual)
1178,FT140100849,The University of Western Australia,I177877127,The University of Western Australia
1179,FT140100321,The University of Western Australia,I177877127,The University of Western Australia
1180,FT140101260,The Australian National University,I118347636,(manual)
1181,FT140101100,The University of Melbourne,I165779595,The University of Melbourne
1182,FT140100686,The University of Newcastle,I78757542,(manual)
1183,FT140101213,The Australian National University,I118347636,(manual)
1184,FT140100131,Deakin University,I149704539,Deakin University
1185,FT140100278,The University of Melbourne,I165779595,The University of Melbourne
1186,FT140100207,The University of New South Wales,I31746571,(manual)
1187,FT140101166,The University of New South Wales,I31746571,(manual)
1188,FT140100197,The University of New South Wales,I31746571,(manual)
1189,FT140100726,The University of Queensland,I165143802,The University of Queensland
1190,FT140100103,The University of Western Australia,I177877127,The University of Western Australia
1191,FT140100807,The University of Melbourne,I165779595,The University of Melbourne
1192,FT130100511,The University of New South Wales,I31746571,(manual)
1193,FT130100326,The University of Melbourne,I165779595,The University of Melbourne
1194,FT130100303,The University of Melbourne,I165779595,The University of Melbourne
1195,FT130100612,Monash University,I56590836,Monash University
1196,FT130101319,James Cook University,I86467917,James Cook University
1197,FT130101219,Swinburne University of Technology,I57093077,Swinburne University of Technology
1198,FT130100697,The Australian National University,I118347636,(manual)
1199,FT130101159,The University of New South Wales,I31746571,(manual)
1200,FT130100334,Macquarie University,I99043593,Macquarie University
1201,FT130101086,The University of Queensland,I165143802,The University of Queensland
1202,FT130100038,The University of New South Wales,I31746571,(manual)
1203,FT130100572,The University of New South Wales,I31746571,(manual)
1204,FT130100518,Queensland Institute of Medical Research,I217937681,QIMR Berghofer Medical Research Institute
1205,FT130100098,The University of Melbourne,I165779595,The University of Melbourne
1206,FT130100141,The Australian National University,I118347636,(manual)
1207,FT130101902,Queensland Institute of Medical Research,I217937681,QIMR Berghofer Medical Research Institute
1208,FT130100654,RMIT University,I82951845,RMIT University
1209,FT130100781,The Australian National University,I118347636,(manual)
1210,FT130100092,The University of New South Wales,I31746571,(manual)
1211,FT130101713,The University of Western Australia,I177877127,The University of Western Australia
1212,FT130101744,The University of Sydney,I129604602,The University of Sydney
1213,FT130101453,Monash University,I56590836,Monash University
1214,FT130100484,The University of Adelaide,I5681781,The University of Adelaide
1215,FT130100692,University of Tasmania,I129801699,University of Tasmania
1216,FT130100525,The University of Adelaide,I5681781,The University of Adelaide
1217,FT130101430,Western Sydney University,I63525965,Western Sydney University
1218,FT130100809,The University of Melbourne,I165779595,The University of Melbourne
1219,FT130100142,Macquarie University,I99043593,Macquarie University
1220,FT130100942,The University of Queensland,I165143802,The University of Queensland
1221,FT130101875,Queensland Institute of Medical Research,I217937681,QIMR Berghofer Medical Research Institute
1222,FT130100950,The University of Melbourne,I165779595,The University of Melbourne
1223,FT130100514,University of Wollongong,I204824540,University of Wollongong
1224,FT130101346,The University of Sydney,I129604602,The University of Sydney
1225,FT130100580,La Trobe University,I196829312,La Trobe University
1226,FT130100033,Curtin University,I205640436,Curtin University
1227,FT130101733,The University of Western Australia,I177877127,The University of Western Australia
1228,FT130100041,The University of Western Australia,I177877127,The University of Western Australia
1229,FT130100346,Macquarie University,I99043593,Macquarie University
1230,FT130100195,The University of Adelaide,I5681781,The University of Adelaide
1231,FT130100202,University of Technology Sydney,I114017466,University of Technology Sydney
1232,FT130101068,Flinders University,I169541294,Flinders University
1233,FT130100490,The University of New South Wales,I31746571,(manual)
1234,FT130101941,The University of New South Wales,I31746571,(manual)
1235,FT130101165,The University of Melbourne,I165779595,The University of Melbourne
1236,FT130100672,RMIT University,I82951845,RMIT University
1237,FT130100148,Queensland University of Technology,I160993911,Queensland University of Technology
1238,FT130101349,La Trobe University,I196829312,La Trobe University
1239,FT130101718,Macquarie University,I99043593,Macquarie University
1240,FT130100748,The University of Adelaide,I5681781,The University of Adelaide
1241,FT130101444,The University of Melbourne,I165779595,The University of Melbourne
1242,FT130100464,Monash University,I56590836,Monash University
1243,FT130100960,Macquarie University,I99043593,Macquarie University
1244,FT130100150,The University of Sydney,I129604602,The University of Sydney
1245,FT130100268,The University of New South Wales,I31746571,(manual)
1246,FT130101201,Swinburne University of Technology,I57093077,Swinburne University of Technology
1247,FT130100506,Monash University,I56590836,Monash University
1248,FT130100177,The University of New South Wales,I31746571,(manual)
1249,FT130101677,Macquarie University,I99043593,Macquarie University
1250,FT130100625,The University of Queensland,I165143802,The University of Queensland
1251,FT130100703,Queensland University of Technology,I160993911,Queensland University of Technology
1252,FT130100430,Monash University,I56590836,Monash University
1253,FT130100532,University of Wollongong,I204824540,University of Wollongong
1254,FT130101003,University of South Australia,I170239107,University of South Australia
1255,FT130100968,Monash University,I56590836,Monash University
1256,FT130100708,The Walter and Eliza Hall Institute of Medical Research,I196021976,(manual)
1257,FT130100505,James Cook University,I86467917,James Cook University
1258,FT130100161,The University of Queensland,I165143802,The University of Queensland
1259,FT130100235,The Australian National University,I118347636,(manual)
1260,FT130100541,The Walter and Eliza Hall Institute of Medical Research,I196021976,(manual)
1261,FT130101394,The University of Melbourne,I165779595,The University of Melbourne
1262,FT130101495,The Australian National University,I118347636,(manual)
1263,FT130100838,Monash University,I56590836,Monash University
1264,FT130100607,The Australian National University,I118347636,(manual)
1265,FT130100744,Monash University,I56590836,Monash University
1266,FT130101767,The University of Western Australia,I177877127,The University of Western Australia
1267,FT130100472,Griffith University,I11701301,Griffith University
1268,FT130100916,The Australian National University,I118347636,(manual)
1269,FT130100138,The University of Queensland,I165143802,The University of Queensland
1270,FT130100545,Monash University,I56590836,Monash University
1271,FT130101329,The University of Adelaide,I5681781,The University of Adelaide
1272,FT130100709,The University of Adelaide,I5681781,The University of Adelaide
1273,FT130100057,Deakin University,I149704539,Deakin University
1274,FT130100604,The University of Western Australia,I177877127,The University of Western Australia
1275,FT130100087,Flinders University,I169541294,Flinders University
1276,FT130100100,Monash University,I56590836,Monash University
1277,FT130101115,Western Sydney University,I63525965,Western Sydney University
1278,FT130100254,The University of Adelaide,I5681781,The University of Adelaide
1279,FT130100012,Monash University,I56590836,Monash University
1280,FT130100858,The University of New South Wales,I31746571,(manual)
1281,FT130101004,The University of Adelaide,I5681781,The University of Adelaide
1282,FT130101965,The University of Adelaide,I5681781,The University of Adelaide
1283,FT130100415,The University of Sydney,I129604602,The University of Sydney
1284,FT130100132,Griffith University,I11701301,Griffith University
1285,FT130100821,La Trobe University,I196829312,La Trobe University
1286,FT130100828,The University of New South Wales,I31746571,(manual)
1287,FT130101532,University of Tasmania,I129801699,University of Tasmania
1288,FT130100879,Griffith University,I11701301,Griffith University
1289,FT130101708,The University of Western Australia,I177877127,The University of Western Australia
1290,FT130100972,Swinburne University of Technology,I57093077,Swinburne University of Technology
1291,FT130101417,Queensland Institute of Medical Research,I217937681,QIMR Berghofer Medical Research Institute
1292,FT130100543,The University of Newcastle,I78757542,(manual)
1293,FT130101715,Flinders University,I169541294,Flinders University
1294,FT130100361,The University of Queensland,I165143802,The University of Queensland
1295,FT130100380,Deakin University,I149704539,Deakin University
1296,FT130101220,Macquarie University,I99043593,Macquarie University
1297,FT130100097,The University of Sydney,I129604602,The University of Sydney
1298,FT130101253,Macquarie University,I99043593,Macquarie University
1299,FT130101337,Queensland University of Technology,I160993911,Queensland University of Technology
1300,FT130100637,Deakin University,I149704539,Deakin University
1301,FT130100037,University of Tasmania,I129801699,University of Tasmania
1302,FT130100589,Monash University,I56590836,Monash University
1303,FT130101102,Monash University,I56590836,Monash University
1304,FT130100466,The University of Sydney,I129604602,The University of Sydney
1305,FT130100043,The Australian National University,I118347636,(manual)
1306,FT130101530,The University of Queensland,I165143802,The University of Queensland
1307,FT130100655,The University of New South Wales,I31746571,(manual)
1308,FT130100463,Curtin University,I205640436,Curtin University
1309,FT130100175,The University of Melbourne,I165779595,The University of Melbourne
1310,FT130100101,University of Tasmania,I129801699,University of Tasmania
1311,FT130101304,The University of Melbourne,I165779595,The University of Melbourne
1312,FT130101488,Monash University,I56590836,Monash University
1313,FT130100815,Swinburne University of Technology,I57093077,Swinburne University of Technology
1314,FT130101648,Flinders University,I169541294,Flinders University
1315,FT130100957,The University of Melbourne,I165779595,The University of Melbourne
1316,FT130100218,University of Technology Sydney,I114017466,University of Technology Sydney
1317,FT130100884,La Trobe University,I196829312,La Trobe University
1318,FT130100211,The University of Melbourne,I165779595,The University of Melbourne
1319,FT130100096,The University of New South Wales,I31746571,(manual)
1320,FT130101570,The University of Sydney,I129604602,The University of Sydney
1321,FT130100215,The University of Melbourne,I165779595,The University of Melbourne
1322,FT130100274,The University of Queensland,I165143802,The University of Queensland
1323,FT130101107,La Trobe University,I196829312,La Trobe University
1324,FT130100671,La Trobe University,I196829312,La Trobe University
1325,FT130100405,The University of Queensland,I165143802,The University of Queensland
1326,FT130101729,Garvan Institute of Medical Research,I136750679,Garvan Institute of Medical Research
1327,FT130100076,Swinburne University of Technology,I57093077,Swinburne University of Technology
1328,FT130100481,The University of Newcastle,I78757542,(manual)
1329,FT130101524,The Australian National University,I118347636,(manual)
1330,FT130101302,The University of New South Wales,I31746571,(manual)
1331,FT130100204,The University of Melbourne,I165779595,The University of Melbourne
1332,FT130101442,The University of Queensland,I165143802,The University of Queensland
1333,FT130101709,The University of Queensland,I165143802,The University of Queensland
1334,FT130100018,The University of Adelaide,I5681781,The University of Adelaide
1335,FT130101332,The University of Sydney,I129604602,The University of Sydney
1336,FT130101280,Deakin University,I149704539,Deakin University
1337,FT130101702,The University of Queensland,I165143802,The University of Queensland
1338,FT130100540,Monash University,I56590836,Monash University
1339,FT130100166,The Walter and Eliza Hall Institute of Medical Research,I196021976,(manual)
1340,FT130101282,The University of Queensland,I165143802,The University of Queensland
1341,FT130100338,The University of Melbourne,I165779595,The University of Melbourne
1342,FT130100345,Commonwealth Scientific and Industrial Research Organisation,I1292875679,Commonwealth Scientific and Industrial Research Organisation
1343,FT130100818,La Trobe University,I196829312,La Trobe University
1344,FT130101122,Macfarlane Burnet Institute for Medical Research and Public Health Ltd.,I145902186,(manual)
1345,FT130101215,The University of Queensland,I165143802,The University of Queensland
1346,FT130101338,The University of Western Australia,I177877127,The University of Western Australia
1347,FT130100112,The University of Western Australia,I177877127,The University of Western Australia
1348,FT130101599,The University of Melbourne,I165779595,The University of Melbourne
1349,FT130100146,The University of Melbourne,I165779595,The University of Melbourne
1350,FT130101177,The University of Melbourne,I165779595,The University of Melbourne
1351,FT130100103,The University of Melbourne,I165779595,The University of Melbourne
1352,FT130100988,St Vincent's Institute of Medical Research,I77826658,(manual)
1353,FT130100070,The University of Western Australia,I177877127,The University of Western Australia
1354,FT130100412,The University of Melbourne,I165779595,The University of Melbourne
1355,FT130100738,The University of Queensland,I165143802,The University of Queensland
1356,FT130100329,The Australian National University,I118347636,(manual)
1357,FT130101330,Griffith University,I11701301,Griffith University
1358,FT130101289,The University of Newcastle,I78757542,(manual)
1359,FT130100391,Swinburne University of Technology,I57093077,Swinburne University of Technology
1360,FT130101355,The Australian National University,I118347636,(manual)
1361,FT130101457,The University of Sydney,I129604602,The University of Sydney
1362,FT130100197,The University of Melbourne,I165779595,The University of Melbourne
1363,FT130101593,The University of Melbourne,I165779595,The University of Melbourne
1364,FT130100746,University of Technology Sydney,I114017466,University of Technology Sydney
1365,FT130100149,The University of Western Australia,I177877127,The University of Western Australia
1366,FT130100123,The University of Western Australia,I177877127,The University of Western Australia
1367,FT130101797,La Trobe University,I196829312,La Trobe University
1368,FT130100778,University of Wollongong,I204824540,University of Wollongong
1369,FT130100214,The University of New South Wales,I31746571,(manual)
1370,FT130100650,Monash University,I56590836,Monash University
1371,FT130100801,The University of Melbourne,I165779595,The University of Melbourne
1372,FT130101105,The University of Melbourne,I165779595,The University of Melbourne
1373,FT130101768,La Trobe University,I196829312,La Trobe University
1374,FT130100384,The University of Queensland,I165143802,The University of Queensland
1375,FT130100034,Monash University,I56590836,Monash University
1376,FT130100517,University of Technology Sydney,I114017466,University of Technology Sydney
1377,FT130100605,The University of Queensland,I165143802,The University of Queensland
1378,FT130101040,Griffith University,I11701301,Griffith University
1379,FT130100510,Commonwealth Scientific and Industrial Research Organisation,I1292875679,Commonwealth Scientific and Industrial Research Organisation
1380,FT130100890,The University of Queensland,I165143802,The University of Queensland
1381,FT130100500,The University of Melbourne,I165779595,The University of Melbourne
1382,FT130100659,The University of Queensland,I165143802,The University of Queensland
1383,FT130101254,University of South Australia,I170239107,University of South Australia
1384,FT130101148,Deakin University,I149704539,Deakin University
1385,FT130100416,The University of Melbourne,I165779595,The University of Melbourne
1386,FT130101094,Swinburne University of Technology,I57093077,Swinburne University of Technology
1387,FT130101145,Griffith University,I11701301,Griffith University
1388,FT130101688,The University of Western Australia,I177877127,The University of Western Australia
1389,FT130101225,RMIT University,I82951845,RMIT University
1390,FT130101493,Monash University,I56590836,Monash University
1391,FT130101728,Flinders University,I169541294,Flinders University
1392,FT130101564,The University of Sydney,I129604602,The University of Sydney
1393,FT120100731,Queensland University of Technology,I160993911,Queensland University of Technology
1394,FT120100048,University of Tasmania,I129801699,University of Tasmania
1395,FT120100262,The University of Western Australia,I177877127,The University of Western Australia
1396,FT120100067,Monash University,I56590836,Monash University
1397,FT120100407,The University of Melbourne,I165779595,The University of Melbourne
1398,FT120100587,Swinburne University of Technology,I57093077,Swinburne University of Technology
1399,FT120100862,The University of Western Australia,I177877127,The University of Western Australia
1400,FT120100932,Australian Catholic University,I86695891,Australian Catholic University
1401,FT120100307,The University of Melbourne,I165779595,The University of Melbourne
1402,FT120100545,The University of Melbourne,I165779595,The University of Melbourne
1403,FT120100876,RMIT University,I82951845,RMIT University
1404,FT120100409,The University of Melbourne,I165779595,The University of Melbourne
1405,FT120100060,The University of Newcastle,I78757542,(manual)
1406,FT120100110,The University of Melbourne,I165779595,The University of Melbourne
1407,FT120100226,The University of Sydney,I129604602,The University of Sydney
1408,FT120100546,The University of Queensland,I165143802,The University of Queensland
1409,FT120100742,The Australian National University,I118347636,(manual)
1410,FT120100658,The University of Melbourne,I165779595,The University of Melbourne
1411,FT120100036,The University of Western Australia,I177877127,The University of Western Australia
1412,FT120100825,The University of Sydney,I129604602,The University of Sydney
1413,FT120100449,University of Technology Sydney,I114017466,University of Technology Sydney
1414,FT120100766,The Australian National University,I118347636,(manual)
1415,FT120100883,The University of Sydney,I129604602,The University of Sydney
1416,FT120100720,The University of Queensland,I165143802,The University of Queensland
1417,FT120100453,Queensland Institute of Medical Research,I217937681,QIMR Berghofer Medical Research Institute
1418,FT120100635,Queensland University of Technology,I160993911,Queensland University of Technology
1419,FT120100397,Macquarie University,I99043593,Macquarie University
1420,FT120100366,Griffith University,I11701301,Griffith University
1421,FT120100399,La Trobe University,I196829312,La Trobe University
1422,FT120100045,Monash University,I56590836,Monash University
1423,FT120100277,The University of Queensland,I165143802,The University of Queensland
1424,FT120100416,Monash University,I56590836,Monash University
1425,FT120100432,University of Wollongong,I204824540,University of Wollongong
1426,FT120100170,The University of Queensland,I165143802,The University of Queensland
1427,FT120100102,Macquarie University,I99043593,Macquarie University
1428,FT120100020,Macquarie University,I99043593,Macquarie University
1429,FT120100452,Macquarie University,I99043593,Macquarie University
1430,FT120100509,RMIT University,I82951845,RMIT University
1431,FT120100208,The University of Melbourne,I165779595,The University of Melbourne
1432,FT120100642,The University of Queensland,I165143802,The University of Queensland
1433,FT120100313,The University of Newcastle,I78757542,(manual)
1434,FT120100630,The University of Sydney,I129604602,The University of Sydney
1435,FT120100183,The University of Adelaide,I5681781,The University of Adelaide
1436,FT120100674,Queensland University of Technology,I160993911,Queensland University of Technology
1437,FT120100666,La Trobe University,I196829312,La Trobe University
1438,FT120100421,The University of Queensland,I165143802,The University of Queensland
1439,FT120100030,The Florey Institute of Neuroscience and Mental Health,I242743682,(manual)
1440,FT120100716,The Australian National University,I118347636,(manual)
1441,FT120100291,The Australian National University,I118347636,(manual)
1442,FT120100253,MURDOCH CHILDREN'S RESEARCH INSTITUTE,I4210150290,Murdoch Children's Research Institute
1443,FT120100943,The University of Sydney,I129604602,The University of Sydney
1444,FT120100039,The University of Melbourne,I165779595,The University of Melbourne
1445,FT120100004,The University of New South Wales,I31746571,(manual)
1446,FT120100777,Western Sydney University,I63525965,Western Sydney University
1447,FT120100931,Macquarie University,I99043593,Macquarie University
1448,FT120100384,Southern Cross University,I66809481,Southern Cross University
1449,FT120100178,Curtin University,I205640436,Curtin University
1450,FT120100069,The University of Sydney,I129604602,The University of Sydney
1451,FT120100289,The Australian National University,I118347636,(manual)
1452,FT120100660,The University of Western Australia,I177877127,The University of Western Australia
1453,FT120100486,La Trobe University,I196829312,La Trobe University
1454,FT120100265,The University of Sydney,I129604602,The University of Sydney
1455,FT120100419,Griffith University,I11701301,Griffith University
1456,FT120100346,RMIT University,I82951845,RMIT University
1457,FT120100830,Macquarie University,I99043593,Macquarie University
1458,FT120100216,The University of New South Wales,I31746571,(manual)
1459,FT120100533,The Australian National University,I118347636,(manual)
1460,FT120100193,The University of Queensland,I165143802,The University of Queensland
1461,FT120100707,The University of New South Wales,I31746571,(manual)
1462,FT120100893,Monash University,I56590836,Monash University
1463,FT120100127,University of Wollongong,I204824540,University of Wollongong
1464,FT120100466,The University of Western Australia,I177877127,The University of Western Australia
1465,FT120100027,The University of Adelaide,I5681781,The University of Adelaide
1466,FT120100010,The University of Sydney,I129604602,The University of Sydney
1467,FT120100244,The University of Newcastle,I78757542,(manual)
1468,FT120100034,Swinburne University of Technology,I57093077,Swinburne University of Technology
1469,FT120100145,The Walter and Eliza Hall Institute of Medical Research,I196021976,(manual)
1470,FT120100389,Macfarlane Burnet Institute for Medical Research and Public Health Ltd.,I145902186,(manual)
1471,FT120100718,The University of Queensland,I165143802,The University of Queensland
1472,FT120100300,Monash University,I56590836,Monash University
1473,FT120100501,The University of New South Wales,I31746571,(manual)
1474,FT120100604,Curtin University,I205640436,Curtin University
1475,FT120100816,The University of Sydney,I129604602,The University of Sydney
1476,FT120100202,Queensland University of Technology,I160993911,Queensland University of Technology
1477,FT120100032,Deakin University,I149704539,Deakin University
1478,FT120100976,Griffith University,I11701301,Griffith University
1479,FT120100770,The University of New England,I90745801,University of New England
1480,FT120100200,The University of Sydney,I129604602,The University of Sydney
1481,FT120100371,The University of New South Wales,I31746571,(manual)
1482,FT120100096,The University of New South Wales,I31746571,(manual)
1483,FT120100241,The Australian National University,I118347636,(manual)
1484,FT120100323,The University of New South Wales,I31746571,(manual)
1485,FT120100410,Monash University,I56590836,Monash University
1486,FT120100697,Monash University,I56590836,Monash University
1487,FT120100462,Macquarie University,I99043593,Macquarie University
1488,FT120100753,The Australian National University,I118347636,(manual)
1489,FT120100779,Monash University,I56590836,Monash University
1490,FT120100033,The University of Queensland,I165143802,The University of Queensland
1491,FT120100605,Commonwealth Scientific and Industrial Research Organisation,I1292875679,Commonwealth Scientific and Industrial Research Organisation
1492,FT120100274,The University of New South Wales,I31746571,(manual)
1493,FT120100056,The Walter and Eliza Hall Institute of Medical Research,I196021976,(manual)
1494,FT120100799,University of South Australia,I170239107,University of South Australia
1495,FT120100351,The University of Adelaide,I5681781,The University of Adelaide
1496,FT120100947,The University of Sydney,I129604602,The University of Sydney
1497,FT120100471,University of Tasmania,I129801699,University of Tasmania
1498,FT120100851,The Walter and Eliza Hall Institute of Medical Research,I196021976,(manual)
1499,FT120100917,Mater Research Institute,I4210092543,(manual)
1500,FT120100704,University of Technology Sydney,I114017466,University of Technology Sydney
1501,FT120100969,The University of Adelaide,I5681781,The University of Adelaide
1502,FT120100150,Flinders University,I169541294,Flinders University
1503,FT120100026,Monash University,I56590836,Monash University
1504,FT120100095,The University of Sydney,I129604602,The University of Sydney
1505,FT120100475,Queensland Institute of Medical Research,I217937681,QIMR Berghofer Medical Research Institute
1506,FT120100812,The University of Queensland,I165143802,The University of Queensland
1507,FT120100473,RMIT University,I82951845,RMIT University
1508,FT120100924,Curtin University,I205640436,Curtin University
1509,FT120100463,The University of Adelaide,I5681781,The University of Adelaide
1510,FT120100926,Monash University,I56590836,Monash University
1511,FT120100780,Queensland University of Technology,I160993911,Queensland University of Technology
1512,FT120100564,The University of Melbourne,I165779595,The University of Melbourne
1513,FT120100842,The Australian National University,I118347636,(manual)
1514,FT120100284,Flinders University,I169541294,Flinders University
1515,FT120100778,The University of Sydney,I129604602,The University of Sydney
1516,FT120100251,The University of Queensland,I165143802,The University of Queensland
1517,FT120100953,The Florey Institute of Neuroscience and Mental Health,I242743682,(manual)
1518,FT120100227,The Australian National University,I118347636,(manual)
1519,FT120100097,Victor Chang Cardiac Research Institute,I19514445,Victor Chang Cardiac Research Institute
1520,FT120100609,The University of Queensland,I165143802,The University of Queensland
1521,FT120100391,The University of Queensland,I165143802,The University of Queensland
1522,FT120100309,The University of Sydney,I129604602,The University of Sydney
1523,FT120100581,The Florey Institute of Neuroscience and Mental Health,I242743682,(manual)
1524,FT120100656,James Cook University,I86467917,James Cook University
1525,FT120100588,The University of Newcastle,I78757542,(manual)
1526,FT120100608,The University of Queensland,I165143802,The University of Queensland
1527,FT120100013,The University of Western Australia,I177877127,The University of Western Australia
1528,FT120100445,Griffith University,I11701301,Griffith University
1529,FT120100760,The Australian National University,I118347636,(manual)
1530,FT120100942,Baker IDI Heart and Diabetes Institute,I142471025,Baker Heart and Diabetes Institute
1531,FT120100120,The University of Sydney,I129604602,The University of Sydney
1532,FT120100196,The University of Queensland,I165143802,The University of Queensland
1533,FT120100294,Macquarie University,I99043593,Macquarie University
1534,FT120100579,Curtin University,I205640436,Curtin University
1535,FT120100086,The University of Adelaide,I5681781,The University of Adelaide
1536,FT120100694,The University of Queensland,I165143802,The University of Queensland
1537,FT120100757,The Australian National University,I118347636,(manual)
1538,FT120100198,James Cook University,I86467917,James Cook University
1539,FT120100510,Flinders University,I169541294,Flinders University
1540,FT120100746,Queensland University of Technology,I160993911,Queensland University of Technology
1541,FT120100536,The University of Sydney,I129604602,The University of Sydney
1542,FT120100913,Griffith University,I11701301,Griffith University
1543,FT120100215,Curtin University,I205640436,Curtin University
1544,FT120100168,The University of New South Wales,I31746571,(manual)
1545,FT120100363,Monash University,I56590836,Monash University
1546,FT120100480,The Australian Institute of Marine Science,I1328540965,(manual)
1547,FT120100153,The University of Newcastle,I78757542,(manual)
1548,FT120100093,University of Wollongong,I204824540,University of Wollongong
1549,FT120100612,The University of New South Wales,I31746571,(manual)
1550,FT120100164,The Walter and Eliza Hall Institute of Medical Research,I196021976,(manual)
1551,FT120100498,The Australian National University,I118347636,(manual)
1552,FT120100595,Commonwealth Scientific and Industrial Research Organisation,I1292875679,Commonwealth Scientific and Industrial Research Organisation
1553,FT120100485,Griffith University,I11701301,Griffith University
1554,FT120100008,Commonwealth Scientific and Industrial Research Organisation,I1292875679,Commonwealth Scientific and Industrial Research Organisation
1555,FT120100880,Garvan Institute of Medical Research,I136750679,Garvan Institute of Medical Research
1556,FT120100583,Bond University,I120125038,Bond University
1557,FT120100459,Hudson Institute of Medical Research,I2802600346,Hudson Institute of Medical Research
1558,FT120100101,The University of New South Wales,I31746571,(manual)
1559,FT120100487,The University of Sydney,I129604602,The University of Sydney
1560,FT120100269,The University of New South Wales,I31746571,(manual)
1561,FT120100053,The University of New South Wales,I31746571,(manual)
1562,FT120100745,The University of Sydney,I129604602,The University of Sydney
1563,FT120100132,University of South Australia,I170239107,University of South Australia
1564,FT120100682,The University of Sydney,I129604602,The University of Sydney
1565,FT120100559,University of Tasmania,I129801699,University of Tasmania
1566,FT120100623,University of Tasmania,I129801699,University of Tasmania
1567,FT120100228,The University of New South Wales,I31746571,(manual)
1568,FT120100402,University of Tasmania,I129801699,University of Tasmania
1569,FT120100229,The University of Queensland,I165143802,The University of Queensland
1570,FT120100723,Monash University,I56590836,Monash University
1571,FT120100576,Garvan Institute of Medical Research,I136750679,Garvan Institute of Medical Research
1572,FT120100355,The University of Sydney,I129604602,The University of Sydney
1573,FT120100813,The University of Queensland,I165143802,The University of Queensland
1574,FT120100009,The University of Melbourne,I165779595,The University of Melbourne
1575,FT120100217,Macquarie University,I99043593,Macquarie University
1576,FT120100210,The University of Newcastle,I78757542,(manual)
1577,FT120100315,The University of Sydney,I129604602,The University of Sydney
1578,FT120100242,Charles Sturt University,I153230381,Charles Sturt University
1579,FT120100821,The University of Adelaide,I5681781,The University of Adelaide
1580,FT120100130,The University of Melbourne,I165779595,The University of Melbourne
1581,FT120100250,The University of New South Wales,I31746571,(manual)
1582,FT120100759,University of Tasmania,I129801699,University of Tasmania
1583,FT120100114,The University of New South Wales,I31746571,(manual)
1584,FT120100440,Macquarie University,I99043593,Macquarie University
1585,FT120100204,The Australian National University,I118347636,(manual)
1586,FT120100057,Monash University,I56590836,Monash University
1587,FT120100357,The Australian National University,I118347636,(manual)
1588,FT120100282,The University of Sydney,I129604602,The University of Sydney
1589,FT120100299,The Australian National University,I118347636,(manual)
1590,FT120100737,The University of Sydney,I129604602,The University of Sydney
1591,FT120100619,Monash University,I56590836,Monash University
1592,FT120100073,The University of Western Australia,I177877127,The University of Western Australia
1593,FT120100464,The University of Sydney,I129604602,The University of Sydney
1594,FT120100715,The University of Melbourne,I165779595,The University of Melbourne
1595,FT120100388,University of Wollongong,I204824540,University of Wollongong
1596,FT120100025,The University of New South Wales,I31746571,(manual)
1597,FT120100340,The University of Adelaide,I5681781,The University of Adelaide
1598,FT120100632,The University of Queensland,I165143802,The University of Queensland
1599,FT120100891,Western Sydney University,I63525965,Western Sydney University
1600,FT120100135,Deakin University,I149704539,Deakin University
1601,FT120100832,The University of Melbourne,I165779595,The University of Melbourne
1602,FT110100831,Queensland Institute of Medical Research,I217937681,QIMR Berghofer Medical Research Institute
1603,FT110100057,The University of New South Wales,I31746571,(manual)
1604,FT110100152,RMIT University,I82951845,RMIT University
1605,FT110100698,The Australian National University,I118347636,(manual)
1606,FT110100990,University of the Sunshine Coast,I174025329,University of the Sunshine Coast
1607,FT110100272,The University of New South Wales,I31746571,(manual)
1608,FT110101117,Queensland University of Technology,I160993911,Queensland University of Technology
1609,FT110100151,The University of New South Wales,I31746571,(manual)
1610,FT110100305,The Australian National University,I118347636,(manual)
1611,FT110101038,Swinburne University of Technology,I57093077,Swinburne University of Technology
1612,FT110100460,The University of New South Wales,I31746571,(manual)
1613,FT110100805,The Australian National University,I118347636,(manual)
1614,FT110100112,The University of Melbourne,I165779595,The University of Melbourne
1615,FT110100105,The University of Western Australia,I177877127,The University of Western Australia
1616,FT110100114,The University of Queensland,I165143802,The University of Queensland
1617,FT110101037,The University of Sydney,I129604602,The University of Sydney
1618,FT110100919,The Australian National University,I118347636,(manual)
1619,FT110100284,The University of Queensland,I165143802,The University of Queensland
1620,FT110100431,The University of New South Wales,I31746571,(manual)
1621,FT110100884,Queensland University of Technology,I160993911,Queensland University of Technology
1622,FT110100851,The University of Queensland,I165143802,The University of Queensland
1623,FT110100188,The University of Western Australia,I177877127,The University of Western Australia
1624,FT110100625,Monash University,I56590836,Monash University
1625,FT110100116,The University of Sydney,I129604602,The University of Sydney
1626,FT110100432,The University of Melbourne,I165779595,The University of Melbourne
1627,FT110100242,The University of Western Australia,I177877127,The University of Western Australia
1628,FT110100185,Griffith University,I11701301,Griffith University
1629,FT110100198,Macquarie University,I99043593,Macquarie University
1630,FT110100265,Monash University,I56590836,Monash University
1631,FT110100319,Monash University,I56590836,Monash University
1632,FT110100505,Monash University,I56590836,Monash University
1633,FT110100972,The University of Queensland,I165143802,The University of Queensland
1634,FT110100130,Southern Cross University,I66809481,Southern Cross University
1635,FT110100632,The University of New South Wales,I31746571,(manual)
1636,FT110100084,RMIT University,I82951845,RMIT University
1637,FT110100724,The University of Queensland,I165143802,The University of Queensland
1638,FT110100496,The University of Queensland,I165143802,The University of Queensland
1639,FT110100170,University of Wollongong,I204824540,University of Wollongong
1640,FT110100463,Queensland University of Technology,I160993911,Queensland University of Technology
1641,FT110100528,The University of Western Australia,I177877127,The University of Western Australia
1642,FT110100490,The University of Queensland,I165143802,The University of Queensland
1643,FT110100597,University of Tasmania,I129801699,University of Tasmania
1644,FT110100392,The University of Western Australia,I177877127,The University of Western Australia
1645,FT110100110,The University of Melbourne,I165779595,The University of Melbourne
1646,FT110100254,The University of Sydney,I129604602,The University of Sydney
1647,FT110100646,The University of Melbourne,I165779595,The University of Melbourne
1648,FT110100373,Flinders University,I169541294,Flinders University
1649,FT110100241,The University of Western Australia,I177877127,The University of Western Australia
1650,FT110100951,Monash University,I56590836,Monash University
1651,FT110100721,The University of New South Wales,I31746571,(manual)
1652,FT110100203,The University of Queensland,I165143802,The University of Queensland
1653,FT110100054,Monash University,I56590836,Monash University
1654,FT110100070,Macquarie University,I99043593,Macquarie University
1655,FT110101005,The University of Sydney,I129604602,The University of Sydney
1656,FT110101098,The University of Sydney,I129604602,The University of Sydney
1657,FT110100957,University of Canberra,I188329596,University of Canberra
1658,FT110100099,Flinders University,I169541294,Flinders University
1659,FT110100178,The University of Newcastle,I78757542,(manual)
1660,FT110100511,The University of Sydney,I129604602,The University of Sydney
1661,FT110100457,The Australian National University,I118347636,(manual)
1662,FT110100573,Flinders University,I169541294,Flinders University
1663,FT110100121,The University of Sydney,I129604602,The University of Sydney
1664,FT110100478,The University of New South Wales,I31746571,(manual)
1665,FT110100635,James Cook University,I86467917,James Cook University
1666,FT110100427,Monash University,I56590836,Monash University
1667,FT110100711,The University of Adelaide,I5681781,The University of Adelaide
1668,FT110100612,Monash University,I56590836,Monash University
1669,FT110101065,The Australian National University,I118347636,(manual)
1670,FT110100752,University of Wollongong,I204824540,University of Wollongong
1671,FT110100214,The University of Melbourne,I165779595,The University of Melbourne
1672,FT110100075,Victor Chang Cardiac Research Institute,I19514445,Victor Chang Cardiac Research Institute
1673,FT110100339,Macquarie University,I99043593,Macquarie University
1674,FT110100310,The Australian National University,I118347636,(manual)
1675,FT110100836,Victor Chang Cardiac Research Institute,I19514445,Victor Chang Cardiac Research Institute
1676,FT110100557,The University of Queensland,I165143802,The University of Queensland
1677,FT110100629,The University of Melbourne,I165779595,The University of Melbourne
1678,FT110101119,The University of Sydney,I129604602,The University of Sydney
1679,FT110100754,The Australian National University,I118347636,(manual)
1680,FT110100218,The University of Melbourne,I165779595,The University of Melbourne
1681,FT110100043,The University of Sydney,I129604602,The University of Sydney
1682,FT110100483,The University of New South Wales,I31746571,(manual)
1683,FT110100345,Western Sydney University,I63525965,Western Sydney University
1684,FT110100743,Macquarie University,I99043593,Macquarie University
1685,FT110100548,Queensland Institute of Medical Research,I217937681,QIMR Berghofer Medical Research Institute
1686,FT110100909,The University of Sydney,I129604602,The University of Sydney
1687,FT110100064,The Australian National University,I118347636,(manual)
1688,FT110100545,Monash University,I56590836,Monash University
1689,FT110100065,Monash University,I56590836,Monash University
1690,FT110100560,Monash University,I56590836,Monash University
1691,FT110100887,The University of Queensland,I165143802,The University of Queensland
1692,FT110100604,The Australian National University,I118347636,(manual)
1693,FT110101044,University of Technology Sydney,I114017466,University of Technology Sydney
1694,FT110100238,The University of Queensland,I165143802,The University of Queensland
1695,FT110100513,Griffith University,I11701301,Griffith University
1696,FT110100316,The University of Sydney,I129604602,The University of Sydney
1697,FT110100753,University of Technology Sydney,I114017466,University of Technology Sydney
1698,FT110100207,University of Tasmania,I129801699,University of Tasmania
1699,FT110100453,The Australian National University,I118347636,(manual)
1700,FT110100617,The University of Melbourne,I165779595,The University of Melbourne
1701,FT110100418,Western Sydney University,I63525965,Western Sydney University
1702,FT110100639,Swinburne University of Technology,I57093077,Swinburne University of Technology
1703,FT110101052,The Australian National University,I118347636,(manual)
1704,FT110100072,The Australian National University,I118347636,(manual)
1705,FT110100216,The University of Queensland,I165143802,The University of Queensland
1706,FT110101036,MURDOCH CHILDREN'S RESEARCH INSTITUTE,I4210150290,Murdoch Children's Research Institute
1707,FT110100586,University of Wollongong,I204824540,University of Wollongong
1708,FT110100034,University of Wollongong,I204824540,University of Wollongong
1709,FT110100132,Deakin University,I149704539,Deakin University
1710,FT110100276,University of Tasmania,I129801699,University of Tasmania
1711,FT110100576,The University of New South Wales,I31746571,(manual)
1712,FT110100191,The University of Queensland,I165143802,The University of Queensland
1713,FT110100658,The University of Melbourne,I165779595,The University of Melbourne
1714,FT110100411,The University of Melbourne,I165779595,The University of Melbourne
1715,FT110100686,The Australian National University,I118347636,(manual)
1716,FT110100665,The Australian National University,I118347636,(manual)
1717,FT110100631,Macquarie University,I99043593,Macquarie University
1718,FT110100875,University of Technology Sydney,I114017466,University of Technology Sydney
1719,FT110100166,Queensland University of Technology,I160993911,Queensland University of Technology
1720,FT110100733,University of Canberra,I188329596,University of Canberra
1721,FT110100728,The Australian National University,I118347636,(manual)
1722,FT110100078,The University of Adelaide,I5681781,The University of Adelaide
1723,FT110100996,The University of Sydney,I129604602,The University of Sydney
1724,FT110100046,Curtin University,I205640436,Curtin University
1725,FT110100226,James Cook University,I86467917,James Cook University
1726,FT110100249,University of Wollongong,I204824540,University of Wollongong
1727,FT110100504,The University of Sydney,I129604602,The University of Sydney
1728,FT110100250,The University of Melbourne,I165779595,The University of Melbourne
1729,FT110100853,The Australian National University,I118347636,(manual)
1730,FT110100768,Monash University,I56590836,Monash University
1731,FT110100199,The University of Melbourne,I165779595,The University of Melbourne
1732,FT110100385,Macquarie University,I99043593,Macquarie University
1733,FT110100097,The University of Queensland,I165143802,The University of Queensland
1734,FT110100082,The University of Adelaide,I5681781,The University of Adelaide
1735,FT110100108,The Australian National University,I118347636,(manual)
1736,FT110100793,The University of Adelaide,I5681781,The University of Adelaide
1737,FT110100169,The Walter and Eliza Hall Institute of Medical Research,I196021976,(manual)
1738,FT110101050,The University of Adelaide,I5681781,The University of Adelaide
1739,FT110100292,Monash University,I56590836,Monash University
1740,FT110100585,The University of Melbourne,I165779595,The University of Melbourne
1741,FT110100256,The University of New England,I90745801,University of New England
1742,FT110100523,The University of New South Wales,I31746571,(manual)
1743,FT110100609,Macquarie University,I99043593,Macquarie University
1744,FT110100924,Macquarie University,I99043593,Macquarie University
1745,FT110100041,The University of New South Wales,I31746571,(manual)
1746,FT110100174,The University of Western Australia,I177877127,The University of Western Australia
1747,FT110100328,The University of New South Wales,I31746571,(manual)
1748,FT110100037,The Australian National University,I118347636,(manual)
1749,FT110100150,The University of New South Wales,I31746571,(manual)
1750,FT110100088,The University of Melbourne,I165779595,The University of Melbourne
1751,FT110100083,Queensland University of Technology,I160993911,Queensland University of Technology
1752,FT110100475,Monash University,I56590836,Monash University
1753,FT110100341,Monash University,I56590836,Monash University
1754,FT110100871,University of Canberra,I188329596,University of Canberra
1755,FT110100757,The Australian National University,I118347636,(manual)
1756,FT110100685,Macquarie University,I99043593,Macquarie University
1757,FT110100726,The Florey Institute of Neuroscience and Mental Health,I242743682,(manual)
1758,FT110100176,The University of Western Australia,I177877127,The University of Western Australia
1759,FT110100889,The Walter and Eliza Hall Institute of Medical Research,I196021976,(manual)
1760,FT110100200,The University of New South Wales,I31746571,(manual)
1761,FT110100642,The University of Sydney,I129604602,The University of Sydney
1762,FT110100524,The Australian National University,I118347636,(manual)
1763,FT110100854,Monash University,I56590836,Monash University
1764,FT110100283,The Walter and Eliza Hall Institute of Medical Research,I196021976,(manual)
1765,FT110100384,Monash University,I56590836,Monash University
1766,FT110100295,The University of Newcastle,I78757542,(manual)
1767,FT110100746,The University of Newcastle,I78757542,(manual)
1768,FT110100729,The University of Melbourne,I165779595,The University of Melbourne
1769,FT110100067,The University of New South Wales,I31746571,(manual)
1770,FT110100378,Griffith University,I11701301,Griffith University
1771,FT110100690,La Trobe University,I196829312,La Trobe University
1772,FT110100007,The University of New South Wales,I31746571,(manual)
1773,FT110100602,The University of Western Australia,I177877127,The University of Western Australia
1774,FT110100800,University of Technology Sydney,I114017466,University of Technology Sydney
1775,FT110101007,The University of Sydney,I129604602,The University of Sydney
1776,FT110100623,The University of Queensland,I165143802,The University of Queensland
1777,FT110100587,James Cook University,I86467917,James Cook University
1778,FT110100263,Swinburne University of Technology,I57093077,Swinburne University of Technology
1779,FT110100306,The University of Adelaide,I5681781,The University of Adelaide
1780,FT110100500,The University of Western Australia,I177877127,The University of Western Australia
1781,FT110100236,The University of Sydney,I129604602,The University of Sydney
1782,FT110100925,The University of Queensland,I165143802,The University of Queensland
1783,FT110100896,The University of Western Australia,I177877127,The University of Western Australia
1784,FT110100223,Monash University,I56590836,Monash University
1785,FT110100572,University of Tasmania,I129801699,University of Tasmania
1786,FT110100680,The Australian National University,I118347636,(manual)
1787,FT110100891,The Walter and Eliza Hall Institute of Medical Research,I196021976,(manual)
1788,FT110101046,The University of Sydney,I129604602,The University of Sydney
1789,FT110100429,The University of Adelaide,I5681781,The University of Adelaide
1790,FT110100019,Monash University,I56590836,Monash University
1791,FT110101049,The University of Western Australia,I177877127,The University of Western Australia
1792,FT110100332,The University of Queensland,I165143802,The University of Queensland
1793,FT110100246,The University of Western Australia,I177877127,The University of Western Australia
1794,FT110100201,The University of Western Australia,I177877127,The University of Western Australia
1795,FT110100225,RMIT University,I82951845,RMIT University
1796,FT110100455,University of Technology Sydney,I114017466,University of Technology Sydney
1797,FT110100234,Commonwealth Scientific and Industrial Research Organisation,I1292875679,Commonwealth Scientific and Industrial Research Organisation
1798,FT110100352,The University of Western Australia,I177877127,The University of Western Australia
1799,FT110100760,Queensland University of Technology,I160993911,Queensland University of Technology
1800,FT110100304,The University of Western Australia,I177877127,The University of Western Australia
1801,FT110101048,Griffith University,I11701301,Griffith University
1802,FT110100327,The University of Melbourne,I165779595,The University of Melbourne
1803,FT110100195,The University of Newcastle,I78757542,(manual)
1804,FT110100372,The University of Queensland,I165143802,The University of Queensland
1805,FT100100990,University of Wollongong,I204824540,University of Wollongong
1806,FT100100898,Western Sydney University,I63525965,Western Sydney University
1807,FT100100909,The University of Western Australia,I177877127,The University of Western Australia
1808,FT100101003,The Australian National University,I118347636,(manual)
1809,FT100100806,The University of Queensland,I165143802,The University of Queensland
1810,FT100100833,Griffith University,I11701301,Griffith University
1811,FT100100835,The Florey Institute of Neuroscience and Mental Health,I242743682,(manual)
1812,FT100101004,The Australian Institute of Marine Science,I1328540965,(manual)
1813,FT100100976,The University of Queensland,I165143802,The University of Queensland
1814,FT100100971,University of Technology Sydney,I114017466,University of Technology Sydney
1815,FT100100928,The University of Sydney,I129604602,The University of Sydney
1816,FT100101018,The University of Adelaide,I5681781,The University of Adelaide
1817,FT100100966,Monash University,I56590836,Monash University
1818,FT100100991,The Australian National University,I118347636,(manual)
1819,FT100100952,La Trobe University,I196829312,La Trobe University
1820,FT100100746,Deakin University,I149704539,Deakin University
1821,FT100100918,Baker IDI Heart and Diabetes Institute,I142471025,Baker Heart and Diabetes Institute
1822,FT100100879,The University of Queensland,I165143802,The University of Queensland
1823,FT100100956,The University of New South Wales,I31746571,(manual)
1824,FT100100953,The University of Sydney,I129604602,The University of Sydney
1825,FT100100759,The University of Melbourne,I165779595,The University of Melbourne
1826,FT100100824,The Australian National University,I118347636,(manual)
1827,FT100100970,University of South Australia,I170239107,University of South Australia
1828,FT100100764,The Walter and Eliza Hall Institute of Medical Research,I196021976,(manual)
1829,FT100100869,The Australian National University,I118347636,(manual)
1830,FT100100910,Macquarie University,I99043593,Macquarie University
1831,FT100100825,The Australian National University,I118347636,(manual)
1832,FT100100779,The University of Sydney,I129604602,The University of Sydney
1833,FT100100674,The University of Melbourne,I165779595,The University of Melbourne
1834,FT100100923,The University of Melbourne,I165779595,The University of Melbourne
1835,FT100100905,The University of Queensland,I165143802,The University of Queensland
1836,FT100100737,Curtin University,I205640436,Curtin University
1837,FT100100761,Macquarie University,I99043593,Macquarie University
1838,FT100100657,The University of Queensland,I165143802,The University of Queensland
1839,FT100100609,University of Tasmania,I129801699,University of Tasmania
1840,FT100100548,Monash University,I56590836,Monash University
1841,FT100100801,RMIT University,I82951845,RMIT University
1842,FT100100819,The University of Melbourne,I165779595,The University of Melbourne
1843,FT100100791,The Walter and Eliza Hall Institute of Medical Research,I196021976,(manual)
1844,FT100100754,The Walter and Eliza Hall Institute of Medical Research,I196021976,(manual)
1845,FT100100603,The University of Sydney,I129604602,The University of Sydney
1846,FT100100767,The University of Adelaide,I5681781,The University of Adelaide
1847,FT100100627,The University of Western Australia,I177877127,The University of Western Australia
1848,FT100100810,The University of Western Australia,I177877127,The University of Western Australia
1849,FT100100763,Monash University,I56590836,Monash University
1850,FT100100756,The University of Western Australia,I177877127,The University of Western Australia
1851,FT100100721,The University of Queensland,I165143802,The University of Queensland
1852,FT100100774,The University of Queensland,I165143802,The University of Queensland
1853,FT100100750,MURDOCH CHILDREN'S RESEARCH INSTITUTE,I4210150290,Murdoch Children's Research Institute
1854,FT100100734,The University of Western Australia,I177877127,The University of Western Australia
1855,FT100100738,The University of Sydney,I129604602,The University of Sydney
1856,FT100100717,Macquarie University,I99043593,Macquarie University
1857,FT100100762,The University of Melbourne,I165779595,The University of Melbourne
1858,FT100100795,The University of Queensland,I165143802,The University of Queensland
1859,FT100100695,Griffith University,I11701301,Griffith University
1860,FT100100519,Macquarie University,I99043593,Macquarie University
1861,FT100100748,Monash University,I56590836,Monash University
1862,FT100100725,The University of Queensland,I165143802,The University of Queensland
1863,FT100100755,The University of Sydney,I129604602,The University of Sydney
1864,FT100100688,Deakin University,I149704539,Deakin University
1865,FT100100708,The University of Queensland,I165143802,The University of Queensland
1866,FT100100689,The University of Melbourne,I165779595,The University of Melbourne
1867,FT100100443,The University of New South Wales,I31746571,(manual)
1868,FT100100358,The Australian National University,I118347636,(manual)
1869,FT100100400,The University of Adelaide,I5681781,The University of Adelaide
1870,FT100100694,The University of Queensland,I165143802,The University of Queensland
1871,FT100100646,Deakin University,I149704539,Deakin University
1872,FT100100704,The University of Queensland,I165143802,The University of Queensland
1873,FT100100476,The University of Queensland,I165143802,The University of Queensland
1874,FT100100673,Curtin University,I205640436,Curtin University
1875,FT100100354,University of Tasmania,I129801699,University of Tasmania
1876,FT100100690,Monash University,I56590836,Monash University
1877,FT100100662,The University of Queensland,I165143802,The University of Queensland
1878,FT100100656,Australian Catholic University,I86695891,Australian Catholic University
1879,FT100100654,The University of Queensland,I165143802,The University of Queensland
1880,FT100100595,The University of Queensland,I165143802,The University of Queensland
1881,FT100100481,Monash University,I56590836,Monash University
1882,FT100100305,Monash University,I56590836,Monash University
1883,FT100100669,The Australian National University,I118347636,(manual)
1884,FT100100620,Monash University,I56590836,Monash University
1885,FT100100581,Deakin University,I149704539,Deakin University
1886,FT100100663,The University of Sydney,I129604602,The University of Sydney
1887,FT100100585,The University of Adelaide,I5681781,The University of Adelaide
1888,FT100100614,La Trobe University,I196829312,La Trobe University
1889,FT100100536,The University of New South Wales,I31746571,(manual)
1890,FT100100613,The Australian National University,I118347636,(manual)
1891,FT100100285,The University of Queensland,I165143802,The University of Queensland
1892,FT100100495,The University of New South Wales,I31746571,(manual)
1893,FT100100527,The Australian National University,I118347636,(manual)
1894,FT100100524,The Walter and Eliza Hall Institute of Medical Research,I196021976,(manual)
1895,FT100100546,The University of New South Wales,I31746571,(manual)
1896,FT100100538,The University of Melbourne,I165779595,The University of Melbourne
1897,FT100100589,The University of New South Wales,I31746571,(manual)
1898,FT100100393,University of South Australia,I170239107,University of South Australia
1899,FT100100514,The University of Sydney,I129604602,The University of Sydney
1900,FT100100539,The University of Newcastle,I78757542,(manual)
1901,FT100100560,The University of Melbourne,I165779595,The University of Melbourne
1902,FT100100562,The University of Adelaide,I5681781,The University of Adelaide
1903,FT100100502,The University of Queensland,I165143802,The University of Queensland
1904,FT100100533,University of Wollongong,I204824540,University of Wollongong
1905,FT100100543,The University of Sydney,I129604602,The University of Sydney
1906,FT100100238,University of Technology Sydney,I114017466,University of Technology Sydney
1907,FT100100553,University of Tasmania,I129801699,University of Tasmania
1908,FT100100518,The University of Melbourne,I165779595,The University of Melbourne
1909,FT100100464,The Australian National University,I118347636,(manual)
1910,FT100100418,The Australian National University,I118347636,(manual)
1911,FT100100515,The University of Queensland,I165143802,The University of Queensland
1912,FT100100392,Monash University,I56590836,Monash University
1913,FT100100494,Monash University,I56590836,Monash University
1914,FT100100411,The University of New South Wales,I31746571,(manual)
1915,FT100100511,Charles Darwin University,I29894533,Charles Darwin University
1916,FT100100470,The Australian National University,I118347636,(manual)
1917,FT100100489,The University of Sydney,I129604602,The University of Sydney
1918,FT100100427,The University of Queensland,I165143802,The University of Queensland
1919,FT100100446,La Trobe University,I196829312,La Trobe University
1920,FT100100206,The University of Western Australia,I177877127,The University of Western Australia
1921,FT100100426,University of Canberra,I188329596,University of Canberra
1922,FT100100468,The Australian National University,I118347636,(manual)
1923,FT100100469,The University of Queensland,I165143802,The University of Queensland
1924,FT100100449,The Australian National University,I118347636,(manual)
1925,FT100100439,The University of Newcastle,I78757542,(manual)
1926,FT100100203,The University of Melbourne,I165779595,The University of Melbourne
1927,FT100100457,The University of Sydney,I129604602,The University of Sydney
1928,FT100100432,The University of Western Australia,I177877127,The University of Western Australia
1929,FT100100375,James Cook University,I86467917,James Cook University
1930,FT100100172,Queensland University of Technology,I160993911,Queensland University of Technology
1931,FT100100384,University of Wollongong,I204824540,University of Wollongong
1932,FT100100143,Griffith University,I11701301,Griffith University
1933,FT100100376,The University of Sydney,I129604602,The University of Sydney
1934,FT100100321,Macfarlane Burnet Institute for Medical Research and Public Health Ltd.,I145902186,(manual)
1935,FT100100413,The University of Queensland,I165143802,The University of Queensland
1936,FT100100380,The University of Melbourne,I165779595,The University of Melbourne
1937,FT100100078,The University of New South Wales,I31746571,(manual)
1938,FT100100320,The Australian National University,I118347636,(manual)
1939,FT100100322,Monash University,I56590836,Monash University
1940,FT100100349,The University of Melbourne,I165779595,The University of Melbourne
1941,FT100100129,The University of Queensland,I165143802,The University of Queensland
1942,FT100100296,The University of New South Wales,I31746571,(manual)
1943,FT100100329,James Cook University,I86467917,James Cook University
1944,FT100100291,The University of Western Australia,I177877127,The University of Western Australia
1945,FT100100199,La Trobe University,I196829312,La Trobe University
1946,FT100100077,The University of Sydney,I129604602,The University of Sydney
1947,FT100100271,The University of Western Australia,I177877127,The University of Western Australia
1948,FT100100324,The University of Melbourne,I165779595,The University of Melbourne
1949,FT100100294,The University of Queensland,I165143802,The University of Queensland
1950,FT100100377,Monash University,I56590836,Monash University
1951,FT100100165,The University of Queensland,I165143802,The University of Queensland
1952,FT100100337,University of South Australia,I170239107,University of South Australia
1953,FT100100197,The University of New South Wales,I31746571,(manual)
1954,FT100100295,The University of Sydney,I129604602,The University of Sydney
1955,FT100100278,Griffith University,I11701301,Griffith University
1956,FT100100144,The University of Melbourne,I165779595,The University of Melbourne
1957,FT100100345,The University of Western Australia,I177877127,The University of Western Australia
1958,FT100100364,Griffith University,I11701301,Griffith University
1959,FT100100338,The University of Queensland,I165143802,The University of Queensland
1960,FT100100333,Mater Research Institute,I4210092543,(manual)
1961,FT100100312,University of South Australia,I170239107,University of South Australia
1962,FT100100261,The Florey Institute of Neuroscience and Mental Health,I242743682,(manual)
1963,FT100100160,The Australian National University,I118347636,(manual)
1964,FT100100292,University of South Australia,I170239107,University of South Australia
1965,FT100100344,Griffith University,I11701301,Griffith University
1966,FT100100268,The University of Sydney,I129604602,The University of Sydney
1967,FT100100177,The Australian National University,I118347636,(manual)
1968,FT100100275,Monash University,I56590836,Monash University
1969,FT100100088,The Australian Institute of Marine Science,I1328540965,(manual)
1970,FT100100280,Monash University,I56590836,Monash University
1971,FT100100303,Commonwealth Scientific and Industrial Research Organisation,I1292875679,Commonwealth Scientific and Industrial Research Organisation
1972,FT100100072,Monash University,I56590836,Monash University
1973,FT100100087,Charles Darwin University,I29894533,Charles Darwin University
1974,FT100100260,The University of New South Wales,I31746571,(manual)
1975,FT100100112,The Walter and Eliza Hall Institute of Medical Research,I196021976,(manual)
1976,FT100100293,University of Wollongong,I204824540,University of Wollongong
1977,FT100100192,Monash University,I56590836,Monash University
1978,FT100100232,The University of New South Wales,I31746571,(manual)
1979,FT100100022,The University of Melbourne,I165779595,The University of Melbourne
1980,FT100100091,The University of Sydney,I129604602,The University of Sydney
1981,FT100100297,Deakin University,I149704539,Deakin University
1982,FT100100218,University of Technology Sydney,I114017466,University of Technology Sydney
1983,FT100100215,The University of Sydney,I129604602,The University of Sydney
1984,FT100100100,The Walter and Eliza Hall Institute of Medical Research,I196021976,(manual)
1985,FT100100179,The University of New South Wales,I31746571,(manual)
1986,FT100100237,University of Tasmania,I129801699,University of Tasmania
1987,FT100100113,The University of Queensland,I165143802,The University of Queensland
1988,FT100100241,The Australian National University,I118347636,(manual)
1989,FT100100176,The University of Sydney,I129604602,The University of Sydney
1990,FT100100228,Flinders University,I169541294,Flinders University
1991,FT100100253,The University of New South Wales,I31746571,(manual)
1992,FT100100048,The Australian National University,I118347636,(manual)
1993,FT100100307,The University of Melbourne,I165779595,The University of Melbourne
1994,FT100100235,The Florey Institute of Neuroscience and Mental Health,I242743682,(manual)
1995,FT100100040,The University of Western Australia,I177877127,The University of Western Australia
1996,FT100100242,The Australian National University,I118347636,(manual)
1997,FT100100211,Western Sydney University,I63525965,Western Sydney University
1998,FT100100059,The University of Western Australia,I177877127,The University of Western Australia
1999,FT100100213,University of Tasmania,I129801699,University of Tasmania
2000,FT100100002,Monash University,I56590836,Monash University
2001,FT100100200,The University of Adelaide,I5681781,The University of Adelaide
2002,FT100100250,University of Tasmania,I129801699,University of Tasmania
2003,FT100100024,The University of Sydney,I129604602,The University of Sydney
2004,FT100100139,University of South Australia,I170239107,University of South Australia
2005,FT100100125,University of Canberra,I188329596,University of Canberra
2006,FT100100064,The University of Western Australia,I177877127,The University of Western Australia
2007,FT100100163,Deakin University,I149704539,Deakin University
2008,FT100100134,Curtin University,I205640436,Curtin University
2009,FT100100031,University of Tasmania,I129801699,University of Tasmania
2010,FT100100137,The University of Queensland,I165143802,The University of Queensland
2011,FT100100073,The Australian National University,I118347636,(manual)
2012,FT100100025,The University of New South Wales,I31746571,(manual)
2013,FT100100108,The University of Adelaide,I5681781,The University of Adelaide
2014,FT100100027,The University of Queensland,I165143802,The University of Queensland
2015,FT100100020,The University of Queensland,I165143802,The University of Queensland
2016,FT100100005,The University of Adelaide,I5681781,The University of Adelaide
2017,FT100100098,The University of Sydney,I129604602,The University of Sydney
2018,FT100100109,The University of Adelaide,I5681781,The University of Adelaide
2019,FT100100003,La Trobe University,I196829312,La Trobe University
2020,FT0992328,University of Wollongong,I204824540,University of Wollongong
2021,FT0992259,Australian Astronomical Observatory,I2802629923,Australian Astronomical Observatory
2022,FT0992161,Macquarie University,I99043593,Macquarie University
2023,FT0992071,The Australian National University,I118347636,(manual)
2024,FT0992302,The University of Sydney,I129604602,The University of Sydney
2025,FT0992317,Macfarlane Burnet Institute for Medical Research and Public Health Ltd.,I145902186,(manual)
2026,FT0992299,National Stroke Research Institute,I242743682,(manual)
2027,FT0992257,The Walter and Eliza Hall Institute of Medical Research,I196021976,(manual)
2028,FT0991969,Commonwealth Scientific and Industrial Research Organisation,I1292875679,Commonwealth Scientific and Industrial Research Organisation
2029,FT0992193,The Australian National University,I118347636,(manual)
2030,FT0991965,Commonwealth Scientific and Industrial Research Organisation,I1292875679,Commonwealth Scientific and Industrial Research Organisation
2031,FT0992331,The University of Adelaide,I5681781,The University of Adelaide
2032,FT0992258,La Trobe University,I196829312,La Trobe University
2033,FT0992212,The University of Sydney,I129604602,The University of Sydney
2034,FT0991910,The University of Adelaide,I5681781,The University of Adelaide
2035,FT0992226,RMIT University,I82951845,RMIT University
2036,FT0991861,The University of Sydney,I129604602,The University of Sydney
2037,FT0992234,Ludwig Institute for Cancer Research Ltd,I4210123010,(manual)
2038,FT0992291,The Australian National University,I118347636,(manual)
2039,FT0992322,Macfarlane Burnet Institute for Medical Research and Public Health Ltd.,I145902186,(manual)
2040,FT0992254,RMIT University,I82951845,RMIT University
2041,FT0992164,The Walter and Eliza Hall Institute of Medical Research,I196021976,(manual)
2042,FT0992285,Garvan Institute of Medical Research,I136750679,Garvan Institute of Medical Research
2043,FT0992210,Baker IDI Heart and Diabetes Institute,I142471025,Baker Heart and Diabetes Institute
2044,FT0992310,Deakin University,I149704539,Deakin University
2045,FT0991771,The Australian National University,I118347636,(manual)
2046,FT0992251,The Australian National University,I118347636,(manual)
2047,FT0992214,The University of Sydney,I129604602,The University of Sydney
2048,FT0992129,The Australian National University,I118347636,(manual)
2049,FT0992081,The University of Sydney,I129604602,The University of Sydney
2050,FT0991717,The University of New South Wales,I31746571,(manual)
2051,FT0992123,The University of Sydney,I129604602,The University of Sydney
2052,FT0992120,The University of Western Australia,I177877127,The University of Western Australia
2053,FT0991602,The University of New South Wales,I31746571,(manual)
2054,FT0992002,The University of New South Wales,I31746571,(manual)
2055,FT0992021,The University of New South Wales,I31746571,(manual)
2056,FT0991953,The University of Adelaide,I5681781,The University of Adelaide
2057,FT0991566,The University of New South Wales,I31746571,(manual)
2058,FT0992105,The Walter and Eliza Hall Institute of Medical Research,I196021976,(manual)
2059,FT0992063,The University of Sydney,I129604602,The University of Sydney
2060,FT0992111,The University of New South Wales,I31746571,(manual)
2061,FT0992079,The University of Sydney,I129604602,The University of Sydney
2062,FT0991785,Griffith University,I11701301,Griffith University
2063,FT0991727,University of Tasmania,I129801699,University of Tasmania
2064,FT0992069,The University of Sydney,I129604602,The University of Sydney
2065,FT0992033,La Trobe University,I196829312,La Trobe University
2066,FT0992041,The University of New South Wales,I31746571,(manual)
2067,FT0991722,The University of Queensland,I165143802,The University of Queensland
2068,FT0991982,The University of Queensland,I165143802,The University of Queensland
2069,FT0991990,The University of New South Wales,I31746571,(manual)
2070,FT0991938,The Australian National University,I118347636,(manual)
2071,FT0991968,Commonwealth Scientific and Industrial Research Organisation,I1292875679,Commonwealth Scientific and Industrial Research Organisation
2072,FT0991871,University of South Australia,I170239107,University of South Australia
2073,FT0991986,University of Wollongong,I204824540,University of Wollongong
2074,FT0991918,The University of Sydney,I129604602,The University of Sydney
2075,FT0991433,Western Sydney University,I63525965,Western Sydney University
2076,FT0991923,La Trobe University,I196829312,La Trobe University
2077,FT0991892,Commonwealth Scientific and Industrial Research Organisation,I1292875679,Commonwealth Scientific and Industrial Research Organisation
2078,FT0991657,Baker IDI Heart and Diabetes Institute,I142471025,Baker Heart and Diabetes Institute
2079,FT0991552,The University of Queensland,I165143802,The University of Queensland
2080,FT0991933,The Australian National University,I118347636,(manual)
2081,FT0991446,Mater Research Institute,I4210092543,(manual)
2082,FT0991820,The Australian National University,I118347636,(manual)
2083,FT0991606,The University of Queensland,I165143802,The University of Queensland
2084,FT0991840,Monash University,I56590836,Monash University
2085,FT0991816,The University of Western Australia,I177877127,The University of Western Australia
2086,FT0991895,The University of Sydney,I129604602,The University of Sydney
2087,FT0991956,Commonwealth Scientific and Industrial Research Organisation,I1292875679,Commonwealth Scientific and Industrial Research Organisation
2088,FT0991854,Curtin University,I205640436,Curtin University
2089,FT0991917,The Australian National University,I118347636,(manual)
2090,FT0991511,The University of New South Wales,I31746571,(manual)
2091,FT0991479,The University of Queensland,I165143802,The University of Queensland
2092,FT0991574,Griffith University,I11701301,Griffith University
2093,FT0991617,The University of Western Australia,I177877127,The University of Western Australia
2094,FT0991412,La Trobe University,I196829312,La Trobe University
2095,FT0991801,The University of Melbourne,I165779595,The University of Melbourne
2096,FT0991248,Monash University,I56590836,Monash University
2097,FT0991671,Queensland University of Technology,I160993911,Queensland University of Technology
2098,FT0991557,Griffith University,I11701301,Griffith University
2099,FT0991899,The Australian National University,I118347636,(manual)
2100,FT0991338,University of South Australia,I170239107,University of South Australia
2101,FT0991885,The University of Melbourne,I165779595,The University of Melbourne
2102,FT0991864,The University of New South Wales,I31746571,(manual)
2103,FT0991634,The University of Queensland,I165143802,The University of Queensland
2104,FT0991246,The University of Sydney,I129604602,The University of Sydney
2105,FT0991741,Curtin University,I205640436,Curtin University
2106,FT0991272,Griffith University,I11701301,Griffith University
2107,FT0991709,The Australian National University,I118347636,(manual)
2108,FT0991524,University of Tasmania,I129801699,University of Tasmania
2109,FT0991558,The University of Melbourne,I165779595,The University of Melbourne
2110,FT0991611,The University of Queensland,I165143802,The University of Queensland
2111,FT0991554,Griffith University,I11701301,Griffith University
2112,FT0991413,The University of Melbourne,I165779595,The University of Melbourne
2113,FT0991525,The University of Queensland,I165143802,The University of Queensland
2114,FT0991711,Griffith University,I11701301,Griffith University
2115,FT0991646,The University of Melbourne,I165779595,The University of Melbourne
2116,FT0991631,The University of Adelaide,I5681781,The University of Adelaide
2117,FT0991468,The University of Queensland,I165143802,The University of Queensland
2118,FT0991640,The University of Melbourne,I165779595,The University of Melbourne
2119,FT0991403,The University of New South Wales,I31746571,(manual)
2120,FT0991598,Monash University,I56590836,Monash University
2121,FT0991213,Griffith University,I11701301,Griffith University
2122,FT0991462,The Australian National University,I118347636,(manual)
2123,FT0991594,Monash University,I56590836,Monash University
2124,FT0991420,The University of Adelaide,I5681781,The University of Adelaide
2125,FT0991470,The University of Melbourne,I165779595,The University of Melbourne
2126,FT0991576,The University of Queensland,I165143802,The University of Queensland
2127,FT0991472,The University of Melbourne,I165779595,The University of Melbourne
2128,FT0991464,La Trobe University,I196829312,La Trobe University
2129,FT0991385,The University of Melbourne,I165779595,The University of Melbourne
2130,FT0991245,La Trobe University,I196829312,La Trobe University
2131,FT0991273,The University of New South Wales,I31746571,(manual)
2132,FT0991360,The University of Queensland,I165143802,The University of Queensland
2133,FT0991397,University of Wollongong,I204824540,University of Wollongong
2134,FT0991356,Monash University,I56590836,Monash University
2135,FT0991448,The Australian National University,I118347636,(manual)
2136,FT0991458,The University of Western Australia,I177877127,The University of Western Australia
2137,FT0991407,The Australian National University,I118347636,(manual)
2138,FT0991296,The University of Melbourne,I165779595,The University of Melbourne
2139,FT0991404,The University of Melbourne,I165779595,The University of Melbourne
2140,FT0991348,The University of New South Wales,I31746571,(manual)
2141,FT0991314,The University of New South Wales,I31746571,(manual)
2142,FT0991309,The University of Newcastle,I78757542,(manual)
2143,FT0991395,The University of Melbourne,I165779595,The University of Melbourne
2144,FT0991222,Queensland Institute of Medical Research,I217937681,QIMR Berghofer Medical Research Institute
2145,FT0991289,The University of Western Australia,I177877127,The University of Western Australia
2146,FT0991283,The University of Queensland,I165143802,The University of Queensland
2147,FT0991231,The University of Newcastle,I78757542,(manual)
2148,FT0991326,The University of Melbourne,I165779595,The University of Melbourne
2149,FT0991224,The University of Queensland,I165143802,The University of Queensland
2150,FT0991249,The University of Western Australia,I177877127,The University of Western Australia
2151,FT0991243,Macquarie University,I99043593,Macquarie University
2152,FT0991113,The University of Western Australia,I177877127,The University of Western Australia
2153,FT0991128,The University of Newcastle,I78757542,(manual)
2154,FT0991052,The University of Queensland,I165143802,The University of Queensland
2155,FT0991117,The University of Melbourne,I165779595,The University of Melbourne
2156,FT0991199,Monash University,I56590836,Monash University
2157,FT0991187,The University of Melbourne,I165779595,The University of Melbourne
2158,FT0991022,Queensland Institute of Medical Research,I217937681,QIMR Berghofer Medical Research Institute
2159,FT0991193,University of Wollongong,I204824540,University of Wollongong
2160,FT0991086,National Stroke Research Institute,I242743682,(manual)
2161,FT0991110,The University of Melbourne,I165779595,The University of Melbourne
2162,FT0991010,Monash University,I56590836,Monash University
2163,FT0990986,The University of Western Australia,I177877127,The University of Western Australia
2164,FT0990846,University of Wollongong,I204824540,University of Wollongong
2165,FT0991036,Monash University,I56590836,Monash University
2166,FT0991045,Monash University,I56590836,Monash University
2167,FT0990987,Queensland Institute of Medical Research,I217937681,QIMR Berghofer Medical Research Institute
2168,FT0990983,Macquarie University,I99043593,Macquarie University
2169,FT0990978,The University of Queensland,I165143802,The University of Queensland
2170,FT0991008,The University of Western Australia,I177877127,The University of Western Australia
2171,FT0991003,Griffith University,I11701301,Griffith University
2172,FT0991007,The Australian National University,I118347636,(manual)
2173,FT0990910,Southern Cross University,I66809481,Southern Cross University
2174,FT0990628,The Florey Institute of Neuroscience and Mental Health,I242743682,(manual)
2175,FT0990811,University of Technology Sydney,I114017466,University of Technology Sydney
2176,FT0990972,The Australian National University,I118347636,(manual)
2177,FT0990805,The Australian National University,I118347636,(manual)
2178,FT0990727,The University of Melbourne,I165779595,The University of Melbourne
2179,FT0990895,The Australian National University,I118347636,(manual)
2180,FT0990768,University of Southern Queensland,I185523456,University of Southern Queensland
2181,FT0990583,The University of Melbourne,I165779595,The University of Melbourne
2182,FT0990547,Griffith University,I11701301,Griffith University
2183,FT0990835,James Cook University,I86467917,James Cook University
2184,FT0990722,The Australian National University,I118347636,(manual)
2185,FT0990685,The University of Queensland,I165143802,The University of Queensland
2186,FT0990405,Swinburne University of Technology,I57093077,Swinburne University of Technology
2187,FT0990356,The University of Queensland,I165143802,The University of Queensland
2188,FT0990285,The University of New South Wales,I31746571,(manual)
2189,FT0990892,The University of Melbourne,I165779595,The University of Melbourne
2190,FT0990467,The Florey Institute of Neuroscience and Mental Health,I242743682,(manual)
2191,FT0990901,Flinders University,I169541294,Flinders University
2192,FT0990350,The University of Melbourne,I165779595,The University of Melbourne
2193,FT0990942,Monash University,I56590836,Monash University
2194,FT0990930,The University of Melbourne,I165779595,The University of Melbourne
2195,FT0990767,The University of Sydney,I129604602,The University of Sydney
2196,FT0990797,University of South Australia,I170239107,University of South Australia
2197,FT0990907,The Australian National University,I118347636,(manual)
2198,FT0990287,University of Wollongong,I204824540,University of Wollongong
2199,FT0990785,The University of Adelaide,I5681781,The University of Adelaide
2200,FT0990521,University of Tasmania,I129801699,University of Tasmania
2201,FT0990622,Macquarie University,I99043593,Macquarie University
2202,FT0990651,The University of Newcastle,I78757542,(manual)
2203,FT0990485,The University of Sydney,I129604602,The University of Sydney
2204,FT0990695,Monash University,I56590836,Monash University
2205,FT0990730,The Australian National University,I118347636,(manual)
2206,FT0990683,La Trobe University,I196829312,La Trobe University
2207,FT0990391,University of Wollongong,I204824540,University of Wollongong
2208,FT0990681,Monash University,I56590836,Monash University
2209,FT0990652,James Cook University,I86467917,James Cook University
2210,FT0990531,The University of Melbourne,I165779595,The University of Melbourne
2211,FT0990447,University of Wollongong,I204824540,University of Wollongong
2212,FT0990591,The Australian National University,I118347636,(manual)
2213,FT0990588,Charles Sturt University,I153230381,Charles Sturt University
2214,FT0990267,The University of Melbourne,I165779595,The University of Melbourne
2215,FT0990539,The University of Melbourne,I165779595,The University of Melbourne
2216,FT0990308,University of Tasmania,I129801699,University of Tasmania
2217,FT0990436,Charles Sturt University,I153230381,Charles Sturt University
2218,FT0990301,The University of Western Australia,I177877127,The University of Western Australia
2219,FT0990337,RMIT University,I82951845,RMIT University
