rid,aus_name,authorid,match_type,host_id,source,n_papers
0,Belinda Liddell,A5031856973,alias,,round3_semantic,113
1,Benjamin Isakhan,A5091134612,exact,,name_unique,198
2,Douglas Brumley,A5045512307,alias,,round3_semantic,61
3,Miriam Matamales,A5065832532,alias,,round4_semtie,34
4,Jathan Sadowski,A5101449907,alias,,round4_semtie,34
5,Aude Bernard,A5000725361,exact,,round4_semtie,76
6,Lina Yao,A5052731721,exact,,round4_semtie,573
7,Karen Hughes,A5007066750,exact,,round4_semtie,246
8,Filip Slaveski,A5087780355,alias,,round4_semtie,38
9,Poppy Watson,A5045780777,exact,,round4_semtie,74
10,Ben Scheele,A5112040501,alias,,round3_semantic,88
11,David Byrne,A5063338968,exact,,round4_semtie,317
12,Samuel Baron,A5022130761,alias,,round3_semantic,108
14,Jia Wu,A5101913769,alias,,round4_semtie,599
15,Anne Thomas,A5060639360,alias,,round4_semtie,386
16,Edward Simpson,A5105193900,alias,,round3_semantic,125
17,Maxim Goryachev,A5106084715,alias,,round4_semtie,226
18,Cameron Bentley,A5005521200,alias,,round3_semantic,106
19,Shuying Wu,A5055454866,alias,,round4_semtie,788
20,Rajeev Roychand,A5003800246,exact,,round4_semtie,56
21,Maté Biro,A5072078340,alias,,round4_semtie,128
22,Tiangang Cui,A5067931953,alias,,round4_semtie,87
23,Wenjie Tian,A5057172831,alias,,round4_semtie,115
25,Alina Ostafe,A5008253632,exact,,name_unique,120
26,Michelle Voyer,A5056893898,exact,,name_unique,55
27,Dawei Su,A5000129210,exact,,round4_semtie,207
28,Dugald Reid,A5015976988,exact,,name_unique,45
29,Ruirui Qiao,A5047227853,exact,,round4_semtie,109
30,Pengyi Yang,A5114375167,exact,,round4_semtie,168
31,Bjørn Nansen,A5063281894,exact,,name_unique,167
32,Suzy Killmister,A5089797067,alias,,round4_semtie,35
33,Matthew Currell,A5016594948,exact,,round4_semtie,95
34,Katarzyna Koltowska,A5057751537,exact,,name_unique,39
35,Grace Shephard,A5004083328,alias,,round3_semantic,108
36,Leon Smyth,A5002593625,exact,,name_unique,43
37,Liton Kamruzzaman,A5034994970,alias,,round3_semantic,192
38,Zuduo Zheng,A5000972645,exact,,round4_semtie,161
39,Seth Cheetham,A5057742020,fuzzy,,round3_semantic,44
40,Bo Xia,A5044226655,alias,,round4_semtie,382
41,Chengxue Qin,A5016692843,alias,,round3_semantic,130
42,Peter Macreadie,A5020824771,alias,,round4_semtie,280
43,John Carty,A5054798053,exact,,round4_semtie,63
44,Sonia Graham,A5063826254,alias,,round4_semtie,88
46,Amy Pennay,A5068440678,alias,,round4_semtie,154
47,Michelle Wille,A5022062973,alias,,round4_semtie,141
48,Rosemary Langford,A5069659528,alias,,round3_semantic,101
49,Charles Butcher,A5108702546,alias,,round4_semtie,46
50,Hamid Laga,A5002077138,exact,,round4_semtie,194
51,Barbara Barbosa Neves,A5043528816,exact,,round4_semtie,90
52,Wafa Johal,A5048175000,alias,,round4_semtie,107
54,Lyndel Bates,A5028222881,alias,,round4_semtie,134
55,Mark Alfano,A5002852096,alias,,round4_semtie,216
57,Rachael Gallagher,A5039749882,alias,,round3_semantic,222
59,Hannah Pitt,A5035495909,alias,,round4_semtie,85
60,Lisa Mielke,A5005124824,alias,,round3_semantic,74
61,Adeel Razi,A5045981641,exact,,name_unique,212
62,Haoran Ren,A5053189435,exact,,round4_semtie,111
63,Luke Munn,A5003334504,exact,,round4_semtie,85
64,Meead Saberi,A5013479513,exact,,round4_semtie,147
65,Samintha Perera,A5049425101,alias,,round3_semantic,166
66,Withawat Withayachumnankul,A5064275416,exact,,name_unique,311
67,Miaoqiang Lyu,A5012029695,alias,,round4_semtie,97
68,Ruifeng Yan,A5055140400,exact,,round4_semtie,111
69,Tema Milstein,A5079321078,alias,,round4_semtie,47
70,Anne Karine Lagendijk,A5046524929,alias,,round3_semantic,61
71,Andrew Walker,A5022584491,alias,,round4_semtie,450
72,Siqi Ma,A5016972157,exact,,round4_semtie,207
74,Kristin Gainey,A5002720959,alias,,round3_semantic,101
75,Shekhar Chandra,A5083545460,alias,,round3_semantic,142
76,Munkhbayar Batmunkh,A5083705602,exact,,round4_semtie,104
77,Peter Spackman,A5088566301,alias,I205640436,round2_inst,108
78,Felecia Watkin Lui,A5090719717,alias,,round4_semtie,36
79,Rebecca Nealon,A5085855139,exact,,name_unique,57
80,Amy MacDonald,A5030500381,alias,I153230381,round2_inst,123
81,Jenny Munro,A5061488948,exact,,round3_semantic,144
82,Ben Etherington,A5026815901,exact,,round4_semtie,53
83,Morten Allentoft,A5041528578,alias,I205640436,round2_inst,151
84,Anusha Withanage Don,A5047568623,alias,,round3_semantic,64
85,Lesley Alton,A5041628955,alias,,round3_semantic,66
87,Gang Li,A5055340435,alias,,round3_semantic,112
88,Mat Langford,A5065181230,exact,,name_unique,76
89,Xin Cao,A5100677572,alias,,round4_semtie,257
90,Zengxia Pei,A5060068223,alias,,round4_semtie,88
91,Yijiao Jiang,A5072704368,exact,,round4_semtie,164
92,Emilie Dotte-Sarout,A5056928614,exact,,name_unique,48
93,Junning Chen,A5066523003,exact,,round4_semtie,203
94,Peter Wich,A5036510125,exact,,name_unique,98
95,Lan Nguyen,A5040251521,alias,,round3_semantic,146
96,Glen Wheeler,A5004762708,alias,,round4_semtie,135
97,Kathryn Fitzsimmons,A5041202612,alias,,round3_semantic,182
98,Andrew Lawrence,A5065550610,alias,,round3_semantic,85
99,Katharine Turner,A5075245013,alias,,round4_semtie,59
100,Lara Malins,A5059997572,alias,,round3_semantic,134
101,Heather Ford,A5082940945,alias,,round4_semtie,132
102,Xu Huang,A5057441318,alias,,round3_semantic,246
103,Jun Zhang,A5100400217,alias,,round4_semtie,4099
104,Gianluca Demartini,A5052565959,exact,,round4_semtie,238
105,Justyna Miszkiewicz,A5036161300,alias,,round3_semantic,101
106,Georgios Konstantinou,A5069417209,exact,,round4_semtie,318
107,Denis Fougerouse,A5035293723,exact,I205640436,round2_inst,153
108,Xingliang Yuan,A5064553444,alias,,round4_semtie,153
109,Vi Khanh Truong,A5016100426,exact,,round4_semtie,212
110,Caillan Davenport,A5016565122,alias,,round4_semtie,98
111,Martijn Konings,A5053678026,alias,,round4_semtie,89
112,Andrew Flies,A5078451263,alias,,round3_semantic,61
113,Nadim Darwish,A5068938888,alias,I205640436,round2_inst,114
114,Jessica Frith,A5003512608,alias,,round3_semantic,84
115,Girish Lakhwani,A5069626817,alias,,round4_semtie,62
116,Jianzhong Qi,A5022290876,alias,,round4_semtie,216
117,Oliver Griffith,A5027454158,alias,,round3_semantic,45
118,Jianguang Fang,A5009826094,alias,,round4_semtie,156
119,Ceri Shipton,A5029512575,exact,,name_unique,135
121,Hoang Phuong Phan,A5024560510,exact,,round4_semtie,222
122,Luke Glanville,A5076309050,exact,,round4_semtie,100
123,Jun Li,A5068882254,alias,,round4_semtie,2863
124,Ingrid Ward,A5006006965,exact,,name_unique,110
125,Jamie Hicks,A5007316465,alias,,round4_semtie,415
126,Hannah Filmer,A5062056682,alias,,round3_semantic,61
127,Danielle Harris,A5050485080,alias,,round3_semantic,96
128,Thomas Ford,A5059963865,alias,,round3_semantic,59
129,Lisa Stafford,A5027156357,exact,,round4_semtie,49
130,Xi Zheng,A5081182489,exact,,round4_semtie,302
131,Jane Catford,A5033756643,alias,,round3_semantic,165
132,Hang Ta,A5045169513,alias,,round3_semantic,137
133,Kylie Dunning,A5085173358,alias,,round3_semantic,96
134,Xiaoshan Lin,A5018068424,alias,,round4_semtie,163
135,Andrew King,A5053848578,alias,,round4_semtie,699
136,Min Xu,A5100413849,alias,,round4_semtie,740
137,Jordana Silverstein,A5041967891,exact,,round4_semtie,47
138,Witold Bloch,A5003807343,alias,,round3_semantic,163
139,Hanlin Shang,A5087947210,alias,,round3_semantic,267
140,Thuy (Kate) Nguyen,A5102901773,fuzzy,,round4_semtie,140
141,Sergei Slussarenko,A5045169408,exact,,round4_semtie,87
142,Ramiro Lafuente,A5007825140,alias,,round3_semantic,100
144,Fengwang Li,A5089706752,exact,,round4_semtie,116
145,Hongyi Xu,A5031446445,exact,,round4_semtie,239
146,Daniel Franks,A5058493222,alias,,round3_semantic,114
147,Melissa Crouch,A5049377121,exact,,name_unique,131
148,Stephen Muirhead,A5000405788,exact,,name_unique,72
149,Sophie Primig,A5038852113,exact,,round4_semtie,179
150,Christopher Baker,A5014278817,alias,,round4_semtie,621
151,Ben Fulcher,A5091269081,exact,,round4_semtie,267
152,Danny Wilson,A5028141012,alias,,round3_semantic,110
153,Robin Beck,A5087668390,alias,,round3_semantic,111
154,Jonathan Plett,A5088847286,alias,,round3_semantic,101
155,Gregory Walter,A5057312827,alias,,round3_semantic,55
156,Joanne Whittaker,A5046072480,alias,,round3_semantic,220
157,Hongqi Sun,A5089558604,exact,,round4_semtie,432
158,Md. Arifur Rahim,A5019983208,exact,,name_unique,75
159,Craig Anderson,A5045005298,alias,,round3_semantic,169
160,Chris Greening,A5065449925,alias,,round4_semtie,199
161,Tim Adair,A5053566705,exact,,name_unique,132
162,Lisa Kervin,A5090134878,exact,,name_unique,231
163,Porun Liu,A5030072924,exact,,name_unique,207
164,Rebecca Carey,A5110787636,alias,,round4_semtie,135
165,Timothy Ballard,A5077992672,alias,,round4_semtie,66
166,Ben Shaw,A5046145105,exact,,round4_semtie,45
167,Daniel Bennett,A5000042792,alias,,round4_semtie,151
168,Emma Thomas,A5026866964,alias,,round3_semantic,103
169,Ben Colagiuri,A5044132185,alias,,round4_semtie,137
170,Junming Ho,A5069059768,alias,,round4_semtie,175
171,Shino Konishi,A5012830076,alias,,round4_semtie,70
172,Cecilia Gonzalez Tokman,A5079769493,alias,,round4_semtie,63
173,Nana Wang,A5100364748,alias,,round4_semtie,188
175,Barnaby Norris,A5063547801,alias,,round4_semtie,242
176,Maria Fernanda Adame,A5028923543,exact,,name_unique,126
177,Ferry Melchels,A5088927987,alias,,round3_semantic,104
178,Nicole Curato,A5035441746,exact,,name_unique,122
179,Dalia Nassar,A5023891625,exact,,round4_semtie,71
180,Jiefeng Hu,A5004758745,exact,,round4_semtie,167
181,Sue-Ann Watson,A5058728431,exact,,name_unique,146
182,Selene Fernandez Valverde,A5048170608,alias,,round3_semantic,49
183,Tanya Latty,A5051345411,alias,,round4_semtie,113
184,Fabio Cortesi,A5008527692,exact,,round4_semtie,88
185,Anton Kolotilin,A5107479283,exact,,name_unique,74
186,Jody Hobson-Peters,A5005356237,exact,,name_unique,113
187,Roland Burke,A5003734068,exact,,round4_semtie,46
188,Norman Do,A5039939209,exact,,name_unique,46
189,Chen Li,A5108044601,alias,,round4_semtie,17245
190,Andrew Phillips,A5071361352,alias,,round3_semantic,181
191,Larisa Labzin,A5061906689,alias,,round3_semantic,36
192,Liang Zheng,A5100709340,alias,,round4_semtie,395
193,Chen Davidovich,A5020232884,alias,,round4_semtie,52
194,Rodrigo Suarez,A5006582917,alias,,round4_semtie,86
195,Anjum Naweed,A5070309508,exact,I74899385,round2_inst,156
196,Zhifeng Bao,A5080660416,exact,,round4_semtie,216
197,Xiaodan Huang,A5017477244,exact,,round4_semtie,153
198,Timothy Legrand,A5075682388,alias,,round3_semantic,81
199,Martin Polkinghorne,A5028198343,exact,,round4_semtie,46
200,Nicolas Flament,A5038326726,alias,,round4_semtie,188
201,Murad Tayebjee,A5065888204,alias,,round3_semantic,91
202,Jonathan Redshaw,A5035728245,exact,,name_unique,77
203,Yolande Strengers,A5054322739,exact,,name_unique,155
204,Helen Young,A5020899841,alias,,round4_semtie,191
205,Rosalie Hocking,A5002235771,alias,,round3_semantic,167
206,Daria Smirnova,A5090216697,alias,,round4_semtie,204
207,Zongyou Yin,A5074090421,alias,,round4_semtie,272
208,Bill Söderström,A5042148271,exact,,name_unique,42
209,Yichao Wang,A5100363941,alias,,round4_semtie,282
210,Julien Cooper,A5032635432,alias,,round4_semtie,31
211,Frank Sainsbury,A5027472169,exact,,name_unique,96
212,David Baraglia,A5032901937,exact,,name_unique,66
213,Xi (Forest) Zhu,A5066852437,fuzzy,,round4_semtie,319
214,Wenhua Zhao,A5008166057,alias,,round4_semtie,560
215,Tom Geue,A5060196435,exact,,round4_semtie,37
216,Jin Zhang,A5017574831,alias,,round4_semtie,2869
217,Anina Rich,A5020457109,alias,,round3_semantic,150
218,Ling Chen,A5100411084,exact,,round4_semtie,1297
219,Tu'uhevaha Kaitu'u-Lino,A5081990591,alias,,round3_semantic,235
220,Daniel Preston,A5110429277,alias,,round4_semtie,154
221,Hannah Badland,A5088515938,exact,,name_unique,237
222,Cedric Bardy,A5051105644,exact,,name_unique,50
223,Matthew Griffith,A5074582408,alias,,round4_semtie,75
224,Hangwei Hu,A5074576539,alias,,round3_semantic,292
225,Rene Koenigs,A5029776010,alias,,round3_semantic,198
226,Yuman Zhu,A5055824316,alias,,round4_semtie,139
227,Jingrun Ran,A5088778869,exact,,round4_semtie,72
228,Danielle Way,A5080483170,alias,,round3_semantic,122
229,Tatiana Soares da Costa,A5052660856,alias,,round3_semantic,99
230,Katie Barclay,A5086078154,alias,,round4_semtie,418
231,Yi Liu,A5100330523,alias,,round4_semtie,1521
232,Karen Filbee-Dexter,A5008910790,alias,,round4_semtie,98
233,David Nisbet,A5103138288,alias,,round4_semtie,413
234,JIA WANG,A5100404644,exact,,round4_semtie,2704
235,Teresa Ubide,A5082513141,exact,,name_unique,148
236,Alexander Fraser,A5061754269,exact,,round4_semtie,213
237,Natalia Egorova-Brumley,A5091903973,alias,,round3_semantic,108
238,Carolyn Hendriks,A5041644700,alias,,round3_semantic,139
239,Alistair Senior,A5030763843,alias,,round3_semantic,175
240,Yang Liu,A5100355692,alias,,round4_semtie,3267
241,Khoon Lim,A5015866577,alias,,round4_semtie,127
242,Zhiliang Wang,A5100343131,alias,,round4_semtie,272
243,Shiyang Tang,A5004070252,alias,,round3_semantic,172
244,Yamini Narayanan,A5018692659,exact,,round4_semtie,57
245,Georg Fritz,A5015117184,exact,,round4_semtie,101
246,Joseph Watts,A5025502494,alias,,round4_semtie,75
247,Rachael Weaver,A5036053686,exact,,name_unique,47
248,Min Hong,A5011980528,alias,,round4_semtie,513
249,Serena Dipierro,A5051228281,alias,,round4_semtie,370
250,Martin Porr,A5021905207,alias,,round4_semtie,94
251,Luc Doucet,A5008575251,alias,I205640436,round2_inst,94
252,James Osborne,A5015466996,alias,,round3_semantic,123
253,Martin Ploschner,A5066305597,exact,,name_unique,57
254,Ali Jalili,A5032822192,alias,,round3_semantic,90
255,Johanna Kenyon,A5006538595,alias,,round3_semantic,109
256,Carolyn MacCann,A5061753421,exact,,name_unique,168
257,Carly Cook,A5000097862,alias,,round3_semantic,108
258,Kim Loh,A5063814387,alias,I86695891,round2_inst,50
259,Mahsa Baktashmotlagh,A5014648528,exact,,name_unique,121
260,Wenxian Li,A5100744440,exact,,round4_semtie,381
261,Jonathan Benjamin,A5016275445,exact,,round4_semtie,145
262,Andrii Slonchak,A5072578794,exact,,name_unique,40
263,Zeinab Khalil,A5046282420,alias,,round3_semantic,230
264,James Meese,A5002754349,alias,,round4_semtie,108
265,Lucy Palmer,A5026846718,alias,,round3_semantic,42
266,Rachael Dudaniec,A5046070171,alias,,round3_semantic,68
267,Iroise Dumontheil,A5031387197,alias,,round4_semtie,108
268,Daniel Tubbenhauer,A5016692246,alias,,round4_semtie,72
269,Amy Roberts,A5009285032,alias,,round4_semtie,199
270,Julie Brown,A5065832832,exact,,round4_semtie,379
271,Steven Zuryn,A5014893281,exact,,name_unique,38
272,Yanjun Zhou,A5101664287,exact,,round4_semtie,152
273,Dries Verstraete,A5046405453,alias,,round4_semtie,109
274,Dominic Thewlis,A5026178137,exact,,name_unique,202
275,Xiaoguang Duan,A5006059700,alias,,round4_semtie,496
276,Una McIlvenna,A5001040919,exact,,name_unique,41
277,Petr Sedlacek,A5054904756,alias,,round4_semtie,140
278,Andrew Phillips,A5004174170,alias,,round4_semtie,844
279,Chang Xu,A5001529504,alias,,round4_semtie,503
280,Neil Young,A5040055695,alias,,round3_semantic,256
281,Phillip Pope,A5034320292,alias,,round3_semantic,149
282,Lexing Xie,A5049449495,exact,,round4_semtie,251
283,Dragoslav Vidovic,A5083998405,alias,,round3_semantic,414
284,Nicolas Menicucci,A5089178242,alias,,round3_semantic,116
285,Zihua Guo,A5014535747,alias,,round4_semtie,187
286,Emilie-Jane Ens,A5047756264,alias,,round3_semantic,78
287,Jianfeng Mao,A5060974161,exact,,round4_semtie,164
288,Miranda Forsyth,A5072518716,exact,,name_unique,164
289,Steven Howard,A5036253121,alias,,round3_semantic,160
290,Jonathan Tyler,A5045531092,exact,,round4_semtie,141
291,Clint Bracknell,A5053773124,exact,,name_unique,57
292,Ivan Kassal,A5046143495,exact,,name_unique,81
293,James Coxon,A5089575082,alias,,round3_semantic,124
294,Mitchell Goldsworthy,A5040867578,alias,,round3_semantic,78
295,Matthew Klugman,A5040015664,exact,,name_unique,57
296,Michael Bermingham,A5006216563,exact,,round4_semtie,119
297,Jessica Whyte,A5080912198,alias,,round4_semtie,70
298,Christian Schwab,A5044900891,alias,,round4_semtie,346
299,Luis Pedro Coelho,A5078114370,alias,,round4_semtie,150
300,Kristen Splinter,A5081452912,alias,,round3_semantic,179
301,Christoph Nitsche,A5009631967,exact,,round4_semtie,107
302,Vivian Tam,A5021156425,alias,,round3_semantic,582
303,Jiajia Zhou,A5100417635,exact,,round4_semtie,288
304,Travis Johnson,A5039846826,alias,,round3_semantic,56
305,Catherine Frieman,A5026993313,alias,,round3_semantic,72
306,Fuchun Guo,A5051751395,exact,,round4_semtie,197
307,Igor Aharonovich,A5002213102,exact,,round4_semtie,549
308,Justin Chalker,A5062206988,alias,,round3_semantic,197
309,Tebeje Molla,A5003341087,exact,,round4_semtie,112
310,Loic Yengo,A5025712490,alias,,round4_semtie,242
311,David Farrugia,A5046379553,alias,,round4_semtie,136
312,Marcus Carter,A5041837927,exact,,round4_semtie,153
313,Natalie Harkin,A5060714128,exact,,round4_semtie,46
314,Andrew Zalesky,A5031170774,exact,,round4_semtie,359
315,Megan Lord,A5039814543,alias,,round4_semtie,125
316,Shuhua Peng,A5039579363,alias,,round4_semtie,129
317,Stuart Thickett,A5016713552,alias,,round3_semantic,94
318,Joanne Bryant,A5057678524,exact,,round4_semtie,121
319,Joel Carpenter,A5055166872,exact,,round4_semtie,159
320,Zhi-Gang Chen,A5090437166,exact,,round4_semtie,806
321,Amanda Harris,A5027481123,alias,,round4_semtie,176
322,Emily O'Gorman,A5024219772,alias,,round3_semantic,54
323,Kevin Coulembier,A5086285555,exact,,name_unique,128
324,Zhe Liu,A5100462336,exact,,round4_semtie,636
325,Amy Cain,A5083942740,alias,,round3_semantic,104
326,Charles Cox,A5022944335,alias,,round3_semantic,366
327,Lei Ge,A5100648466,exact,,round4_semtie,353
328,Wengui Li,A5027220120,alias,,round4_semtie,302
329,Karen Charlton,A5009433771,exact,,round4_semtie,403
330,Ian Moffat,A5012891598,alias,,round4_semtie,185
331,Coral Gartner,A5046524299,alias,,round4_semtie,346
332,Zhaojun Han,A5076167668,alias,,round4_semtie,248
333,Vanessa Adams,A5049205358,alias,,round3_semantic,198
334,Adam Vogel,A5070930882,alias,,round3_semantic,266
336,Mark Edmonds,A5051389983,alias,,round3_semantic,128
337,Trevor Chong,A5001897613,alias,,round3_semantic,121
338,Tongliang Liu,A5065250332,alias,,round4_semtie,442
339,Joseph Berry,A5049518688,alias,,round3_semantic,70
340,Hannah Schunker,A5030778982,alias,,round3_semantic,84
341,Anastasios Polyzos,A5077451285,exact,,name_unique,119
342,Lee Hickey,A5053390830,alias,,round3_semantic,160
343,Jee Hyun Kim,A5100623844,alias,,round4_semtie,423
344,Ting Rei Tan,A5026904177,alias,,round3_semantic,65
345,Jiakun Liu,A5012983146,alias,,round4_semtie,93
346,Joel Pearson,A5012993883,alias,,round4_semtie,137
347,Yulei Sui,A5053058502,alias,,round4_semtie,181
348,Nadia Zatsepin,A5091042424,alias,,round3_semantic,86
349,Margaret Young,A5091481095,alias,,round3_semantic,121
350,Randa Abdel-Fattah,A5042626521,exact,,round4_semtie,34
351,Vincent Laurent,A5011143061,exact,,round4_semtie,58
352,Alexander Sen Gupta,A5042978765,alias,,round3_semantic,194
353,Kang Liang,A5023870393,alias,,round4_semtie,300
354,Victor Anggono,A5082881461,exact,,name_unique,80
355,Antje Blumenthal,A5072007540,exact,,round4_semtie,128
356,Leah Ruppanner,A5013376896,exact,,name_unique,100
357,Ricardo Ruiz Baier,A5042374611,alias,,round4_semtie,195
358,Adrian Carter,A5030527783,alias,,round4_semtie,307
359,Annan Zhou,A5056380462,exact,,round4_semtie,383
360,Greta Hawes,A5085068751,alias,,round4_semtie,54
361,Larissa Hjorth,A5068787013,alias,,round4_semtie,366
362,Zamira Gibb,A5008302760,exact,,name_unique,96
363,Han Lin,A5100717043,alias,,round4_semtie,439
364,Bing Sun,A5113967897,exact,,round4_semtie,331
365,Darren Creek,A5008276408,alias,,round4_semtie,210
366,Chris Clark,A5064341140,alias,I205640436,round4_semtie,424
367,Conan Wang,A5063128380,alias,,round3_semantic,134
368,Jarryd Pla,A5048713725,alias,,round3_semantic,67
369,Jun Huang,A5059743923,exact,,round4_semtie,663
370,Amie Steel,A5013123291,alias,,round4_semtie,337
371,David Bronstein,A5090622115,exact,,round4_semtie,49
372,Nicholas Veldhuis,A5026397595,alias,,round3_semantic,71
373,Erica Kuligowski,A5069983536,alias,,round3_semantic,192
374,Sebastian Duchene,A5051736895,alias,,round4_semtie,195
375,Jason Thompson,A5103121924,exact,,round4_semtie,331
376,Jason Byrne,A5053951579,exact,,round4_semtie,199
377,Daoyi Dong,A5000582423,exact,,round4_semtie,406
378,Ruth Knibbe,A5079987566,exact,,name_unique,114
380,Sean Hodgman,A5051649181,alias,,round3_semantic,70
381,Daniel Edgington-Mitchell,A5070112337,alias,,round4_semtie,164
382,Phillip Baker,A5031968879,alias,,round4_semtie,692
383,Alec Zuo,A5101440325,alias,,round4_semtie,103
385,Timothy Mercer,A5089375087,alias,,round3_semantic,160
386,Renae Ryan,A5069593357,alias,,round3_semantic,72
387,Sarina Sarina,A5058593113,exact,,round4_semtie,127
389,Najoua Lalaoui,A5070494081,exact,,name_unique,80
390,Roey Elnathan,A5076109037,exact,,name_unique,77
391,Kelly Richards,A5057090674,exact,,round4_semtie,202
392,Albert Fahrenbach,A5011785645,alias,,round3_semantic,150
393,Eben Kirksey,A5043959461,alias,,round4_semtie,73
394,Alan Gamlen,A5059015746,exact,,round4_semtie,102
396,Ivo Labbe,A5040520737,alias,,round4_semtie,437
397,William Corcoran,A5050804748,alias,,round4_semtie,95
399,Thomas Astell-Burt,A5078694518,exact,,round4_semtie,279
400,Caroline Foster,A5031652547,exact,,round4_semtie,188
401,Jennifer Flegg,A5062407259,alias,,round3_semantic,135
402,Wensu Chen,A5004508839,alias,I205640436,round2_inst,265
403,Katarina Miljkovic,A5017225260,exact,I205640436,round2_inst,134
404,Patrick Goodbourn,A5014689210,alias,,round3_semantic,72
405,Leanne Wiseman,A5012754507,alias,,round4_semtie,128
406,Katherine Albury,A5004922583,alias,,round3_semantic,101
407,Shirui Pan,A5008056593,alias,,round4_semtie,469
408,Jean-Baptiste Raina,A5058036490,exact,,name_unique,111
409,Christopher Hall,A5062568510,alias,,round3_semantic,131
410,Sally May,A5014307550,alias,,round3_semantic,119
411,Edgar Wong,A5009049591,alias,,round3_semantic,106
412,Ryan Armstrong,A5050047327,alias,,round3_semantic,291
413,Katherine Moseby,A5081405470,alias,,round3_semantic,177
414,Gabriele Gratton,A5023204162,alias,,round4_semtie,241
415,Ben Beck,A5074963018,alias,,round4_semtie,296
416,Douglas Guilfoyle,A5031873158,alias,,round4_semtie,141
417,Natalie Hannan,A5062361099,alias,,round3_semantic,266
418,Anita Ho-Baillie,A5060853707,exact,,round4_semtie,282
419,Li Wei,A5100318325,alias,,round4_semtie,2168
420,Wanli Ouyang,A5087818121,exact,,round4_semtie,644
421,Kerrie Sadiq,A5035996249,exact,,name_unique,240
422,Corneel Vandelanotte,A5039064332,alias,I74899385,round2_inst,422
423,Kate Rossmanith,A5062084280,exact,,name_unique,43
424,Arian Wallach,A5049366772,alias,,round3_semantic,64
425,James Flexner,A5016635376,alias,,round3_semantic,99
426,Marcy Robertson,A5045143032,exact,,name_unique,66
427,Christopher Drovandi,A5070517866,alias,,round4_semtie,314
428,Nicolas Suzor,A5086527358,exact,,round4_semtie,228
429,Darryl Jones,A5081676722,alias,,round3_semantic,134
430,Markus Muttenthaler,A5050804038,exact,,name_unique,89
431,Ajmal Mian,A5089986388,exact,,round4_semtie,468
432,Yuning Hong,A5005359088,exact,,round4_semtie,239
433,Severine Lamon,A5001908944,exact,,round4_semtie,149
434,Tianyi Ma,A5069632856,alias,,round4_semtie,693
435,Wenjie Zhang,A5100441715,alias,,round4_semtie,2756
436,Sandra Suchet-Pearson,A5091717516,alias,,round3_semantic,85
437,Paul Harpur,A5017868372,exact,,name_unique,232
438,Amanda Johnson,A5006781714,alias,,round4_semtie,174
439,Robert Weatheritt,A5031170324,alias,,round3_semantic,64
440,Rae (Rachel) Cooper,A5039184080,fuzzy,,round3_semantic,117
441,Kristian Ruming,A5059547619,exact,,name_unique,127
442,CHI CHENG,A5037827658,alias,,round4_semtie,174
443,Zhong-Hua Chen,A5038013995,exact,,round4_semtie,355
444,Marcus Doherty,A5102761690,alias,,round3_semantic,121
445,Jack Hall,A5100602259,alias,,round4_semtie,425
446,Tooran Alizadeh,A5007334682,exact,,round4_semtie,111
447,Meghan Miller,A5026672994,alias,,round3_semantic,276
448,Matthew Fitzpatrick,A5032701280,alias,,round3_semantic,136
449,Natasha Fijn,A5042143317,exact,,round4_semtie,57
450,Morten Andersen,A5026885591,alias,,round4_semtie,352
451,Lisa Alexander,A5007565458,alias,,round3_semantic,262
452,Simon Murphy,A5001661267,alias,,round3_semantic,253
453,Nicholas White,A5020302210,alias,,round3_semantic,454
454,Jayakumar Bose,A5025723104,alias,,round4_semtie,80
455,Ba Tuong Vo,A5070960013,alias,I205640436,round2_inst,151
456,Guohua Jia,A5073232362,alias,I205640436,round2_inst,213
457,Carol Farbotko,A5006505407,alias,,round4_semtie,132
458,Johanna Knapp,A5048269364,exact,,name_unique,42
459,Benjamin Woodcroft,A5035489365,alias,,round3_semantic,152
460,Marie Segrave,A5062496277,exact,,name_unique,127
461,Gurutzeta Guillera-Arroita,A5069640986,alias,,round4_semtie,83
462,Simon Williams,A5009869062,exact,,round4_semtie,277
464,Jingwei Hou,A5071567083,exact,,round4_semtie,206
465,Xiwang Zhang,A5038750020,alias,,round4_semtie,300
466,Duncan McDonnell,A5016734496,exact,,round4_semtie,104
467,Lia Kent,A5054494329,alias,,round4_semtie,71
468,Hongzhi Yin,A5088492734,exact,,round4_semtie,543
469,Simine Vazire,A5011404541,alias,,round4_semtie,264
470,Ayesha Tulloch,A5022753818,exact,,name_unique,134
471,Michael Livingston,A5075351092,alias,I205640436,round4_semtie,477
472,Timothy Gould,A5086555627,alias,,round3_semantic,214
473,Rosalind Dixon,A5059546468,alias,,round4_semtie,203
474,Jelena Rnjak-Kovacina,A5063678105,exact,,round4_semtie,102
475,Joseph Richardson,A5085440998,alias,,round3_semantic,181
476,Magdalena Zych,A5090641711,alias,,round4_semtie,107
477,Nigel Rogasch,A5074453122,alias,,round4_semtie,149
478,Sally Potter,A5043031610,alias,,round4_semtie,66
479,Seth Lazar,A5062824333,alias,,round4_semtie,82
480,Saman Atapattu,A5088812297,alias,,round4_semtie,114
481,Yuling Wang,A5100322864,alias,,round4_semtie,1193
482,Bina D'Costa,A5012969058,alias,,round3_semantic,73
483,Stephen Dubsky,A5091042501,exact,,round4_semtie,57
484,Melissa Nursey-Bray,A5021247477,alias,,round4_semtie,180
485,Christopher Brown,A5006956502,alias,,round3_semantic,212
486,Julia Blanchard,A5047035656,alias,,round3_semantic,211
487,Weiwei Lei,A5012131084,exact,,round4_semtie,301
488,Baohua Jia,A5084237401,exact,,round4_semtie,547
489,Simon Haine,A5071441102,alias,,round3_semantic,99
490,Scott Boden,A5052810821,alias,,round3_semantic,47
491,Paul Evans,A5052204474,alias,,round3_semantic,63
492,Zhi Li,A5100375968,exact,,round4_semtie,646
493,Romina Rader,A5068317097,exact,,round4_semtie,126
494,Kim Scott,A5023336784,alias,I205640436,round2_inst,70
495,Anthony Cesare,A5077580701,alias,,round3_semantic,84
496,Anthony Brown,A5073564346,alias,,round4_semtie,655
497,Sarah Foster,A5110172701,alias,,round4_semtie,336
498,Yinglong Chen,A5036995439,alias,,round4_semtie,523
499,Stijn Glorie,A5057911678,exact,,round4_semtie,256
500,Niki Frantzeskaki,A5017134980,exact,,name_unique,221
501,Jennifer Atchison,A5060171663,alias,,round4_semtie,69
502,Yu Lin Zhong,A5069298813,alias,,round4_semtie,213
503,Huu-Tai Thai,A5000488615,exact,,name_unique,187
504,Belinda van Heerwaarden,A5034541666,exact,,round4_semtie,38
506,Luke Davies,A5029546235,alias,,round3_semantic,173
507,Yao Zheng,A5061628897,exact,,round4_semtie,350
508,Jean-Philippe Tetienne,A5046023427,alias,,round4_semtie,136
509,Jonathan Rhodes,A5021131756,alias,,round3_semantic,320
510,David Ackland,A5050491115,alias,,round3_semantic,155
511,Kate Seear,A5009403620,exact,,name_unique,146
512,Haiqing Yu,A5066632201,alias,,round4_semtie,88
513,Kathryn Allen,A5072517470,exact,,round4_semtie,93
514,David Chapple,A5034621182,alias,,round3_semantic,281
515,Simon Williams,A5079811534,alias,,round3_semantic,107
516,Stefan Trueck,A5010076112,exact,,round4_semtie,60
517,Stephen Warren-Smith,A5047448028,alias,,round3_semantic,165
518,Daniel Ortiz-Barrientos,A5005372623,exact,,round4_semtie,104
519,Alison Crowther,A5032739607,alias,,round4_semtie,119
520,Kaiming Bi,A5042727633,alias,I205640436,round2_inst,228
521,Markus Müllner,A5113737683,exact,,round4_semtie,100
522,Erich Round,A5004704755,alias,,round3_semantic,104
523,Peter Kim,A5100672878,exact,,round4_semtie,357
524,Celine Frere,A5079121743,alias,,round4_semtie,128
525,Amanda Cooklin,A5049728333,exact,,name_unique,100
526,Peishen Zhao,A5041334443,exact,,round4_semtie,60
527,Yin Xiang Setoh,A5067048102,exact,,name_unique,67
528,Barry Thompson,A5001408033,alias,,round3_semantic,93
529,Stephen Moggach,A5029928521,alias,,round3_semantic,895
530,Hinze Hogendoorn,A5033574613,exact,,name_unique,100
531,Huacheng Zhang,A5000730080,exact,,round4_semtie,176
532,Qilin Wang,A5100710389,exact,,round4_semtie,648
533,Nichollas Scott,A5033216655,alias,,round3_semantic,184
534,Bin Luo,A5100372676,exact,,round4_semtie,925
535,Melanie MacGregor,A5011407847,exact,,name_unique,66
536,Carissa Klein,A5008875069,alias,,round3_semantic,131
537,Alexandr Simonov,A5062733036,alias,,round3_semantic,318
538,Martijn Cloos,A5033557680,alias,,round3_semantic,106
539,Holly High,A5048930250,exact,,round4_semtie,54
540,David White,A5065698184,exact,,round4_semtie,932
541,Ke Meng,A5100650529,exact,,round4_semtie,296
543,Aaron Robotham,A5089501032,alias,,round3_semantic,453
544,Steven Lade,A5066581729,alias,,round3_semantic,97
545,Tanya Smith,A5085108818,alias,,round4_semtie,142
546,Po-Lam Yung,A5087336696,exact,,round4_semtie,83
547,Elizabeth Hinde,A5050331643,alias,,round4_semtie,119
548,Stephen Gould,A5071663279,alias,,round4_semtie,1013
549,Rachel Ong ViforJ,A5070013718,alias,I205640436,round2_inst,223
550,Kama Maclean,A5006535378,exact,,round3_semantic,52
551,David Ridout,A5060119897,exact,,name_unique,88
552,Emilie Sauret,A5002881487,exact,,name_unique,170
553,Edward Burton,A5049000482,alias,,round3_semantic,239
554,Yinghui Tian,A5059885036,alias,,round4_semtie,203
555,Patrick Faulkner,A5078236535,exact,,name_unique,76
556,Brydie-Leigh Bartleet,A5075029710,exact,,name_unique,150
557,Jay Bertran-Gonzalez,A5058652421,alias,,round3_semantic,46
558,Harald Janovjak,A5053338933,exact,,name_unique,91
559,Sandy O'Sullivan,A5003869648,alias,,round3_semantic,57
560,Frank Neumann,A5089531887,exact,,round4_semtie,625
561,Sarah Phillips,A5070753738,alias,,round4_semtie,188
562,Thomas Ve,A5056044080,exact,,round4_semtie,89
563,Andrea Gaynor,A5077035185,exact,,round4_semtie,134
564,Simon Gross,A5051460511,exact,,round4_semtie,271
565,Susanne Protschky,A5083308382,alias,,round3_semantic,74
566,Nicola Henry,A5060066744,exact,,round4_semtie,129
567,Shahar Hameiri,A5085319872,exact,,name_unique,116
568,Meera Parish,A5045449983,alias,,round3_semantic,153
569,Yuting Zhang,A5100451826,alias,,round4_semtie,483
570,Fleur Johns,A5050887599,exact,,round4_semtie,140
571,Vanessa Kellermann,A5078269788,alias,,round4_semtie,48
572,Neeraj Sharma,A5100437499,exact,,round4_semtie,693
573,Dan Liu,A5100326831,alias,,round4_semtie,1754
574,Rebecca Traub,A5042165812,alias,,round3_semantic,228
575,Dana Kulic,A5072377971,alias,,round4_semtie,305
576,Lu Qin,A5016391596,alias,,round4_semtie,435
577,William Donald,A5045582222,alias,,round3_semantic,211
578,Megan MacKenzie,A5017725837,alias,,round4_semtie,58
579,Christopher Watkin,A5059158534,alias,,round4_semtie,109
580,Martina Demuro,A5084137381,exact,,name_unique,98
581,Adrian Russell,A5064360812,alias,,round3_semantic,139
582,Laura Wilson,A5074870604,exact,,round4_semtie,180
583,Ruth Singer,A5088750767,exact,,round4_semtie,73
584,Allan McRae,A5025726582,alias,,round3_semantic,262
585,Jessica Taubert,A5013760522,alias,,round4_semtie,101
586,Sahand Mahmoodian,A5054166029,exact,,name_unique,56
587,Lennart Bach,A5044360827,alias,,round3_semantic,252
588,Camille Mellin,A5025588756,exact,,name_unique,116
589,Daniel Huber,A5035303223,exact,,round4_semtie,871
590,Timothy Scott,A5027020150,alias,,round3_semantic,81
591,Ha Bui,A5068687167,alias,,round3_semantic,184
592,Melanie White,A5086668344,alias,,round3_semantic,46
593,Christopher Danta,A5075254810,alias,,round3_semantic,42
594,Victoria Blair,A5057558608,alias,,round3_semantic,424
595,Matthew McKay,A5091126453,alias,,round4_semtie,303
596,Antonio Tricoli,A5046945765,alias,,round4_semtie,186
597,Leonardo Gollo,A5013568992,alias,,round3_semantic,66
598,Scott Ling,A5053541360,alias,,round3_semantic,159
599,Michael Wheeler,A5061333891,alias,,round4_semtie,265
600,Lily (Yali) Li,A5100361075,fuzzy,,round4_semtie,94
601,Luke Morgan,A5067130662,exact,,round4_semtie,96
602,Bob Wong,A5045419602,alias,,round3_semantic,253
603,Jennifer Donelson,A5069496127,alias,,round3_semantic,82
604,Mark Hackett,A5060228610,alias,I205640436,round2_inst,139
605,Gholamreza Haffari,A5081525024,alias,,round4_semtie,353
606,Da-Wei Wang,A5100445442,alias,,round3_semantic,652
607,Dimitrie Culcer,A5002700041,exact,,round4_semtie,213
608,Richard Sandberg,A5021829090,alias,,round3_semantic,409
609,Elizabeth Pellicano,A5010278223,exact,,name_unique,438
610,Shane Ellis,A5073485462,alias,,round3_semantic,120
611,Danail Obreschkow,A5081334756,exact,,name_unique,255
612,Daniel Burgarth,A5044459179,alias,,round4_semtie,147
613,Karen McNamara,A5048638847,alias,,round3_semantic,264
614,Glen Lichtwark,A5079451770,alias,,round3_semantic,221
615,Ramon Lobato,A5047430649,exact,,round4_semtie,119
616,David Ripley,A5101913762,alias,,round4_semtie,169
617,Simone Ciampi,A5050840673,exact,I205640436,round2_inst,151
618,Ryan Shannon,A5016391781,alias,,round4_semtie,405
619,Guo Chen,A5024633466,alias,,round4_semtie,2136
620,Pingan Song,A5044707487,exact,,round4_semtie,368
621,Yang Song,A5100424908,alias,,round4_semtie,1029
622,Charles Kemp,A5089014521,alias,,round4_semtie,253
623,Simon McIlroy,A5074447212,alias,,round3_semantic,111
624,David Garrett,A5001307702,alias,,round4_semtie,103
625,Alex Collie,A5034586000,exact,,round3_semantic,377
626,Natasha Hurley-Walker,A5045567359,alias,I205640436,round2_inst,266
627,Lisa Ford,A5113530295,alias,,round4_semtie,66
628,Emily Nicholson,A5007091216,alias,,round4_semtie,167
629,Carmel O'Shannessy,A5064046862,alias,,round3_semantic,60
630,Zoe Doubleday,A5004946579,alias,,round3_semantic,92
631,Tanya Jakimow,A5016204996,exact,,name_unique,89
632,Eva Alisic,A5026717136,alias,,round4_semtie,131
633,Timothy Verhoeven,A5045435752,alias,,round4_semtie,63
634,Endre Szili,A5085833751,alias,,round3_semantic,87
635,Karla Hutt,A5029043451,alias,,round3_semantic,94
636,Kate Lawlor,A5052867051,alias,,round3_semantic,89
637,Daniel Heath,A5058644808,alias,,round3_semantic,92
638,Colette Boskovic,A5054944854,alias,,round4_semtie,381
639,Pauline Grosjean,A5006435210,alias,,round4_semtie,117
640,Katharine Greenaway,A5064325969,alias,,round3_semantic,144
641,Tyler Neely,A5012152416,alias,,round3_semantic,76
642,Karen Cheney,A5040236202,alias,,round3_semantic,142
643,Renee Jeffery,A5020786862,alias,,round4_semtie,91
644,Natalie Klein,A5081877180,alias,,round4_semtie,165
645,Yansong Shen,A5066843115,alias,,round4_semtie,323
646,Ellie Rennie,A5032691356,exact,,round4_semtie,130
647,Howard Bondell,A5047493332,alias,,round3_semantic,132
648,Jizheng He,A5068325756,alias,,round3_semantic,476
649,Sridevi Sureshkumar,A5019776062,exact,,name_unique,49
650,Luke Bennetts,A5080783187,alias,,round3_semantic,168
651,Ben White,A5075731564,exact,,round4_semtie,458
652,Paul Spence,A5064884653,alias,,round4_semtie,111
653,Parastoo Sadeghi,A5068612701,alias,,round4_semtie,374
654,Shari Breen,A5037277941,alias,,round3_semantic,181
655,Michael Higgins,A5079072267,alias,,round3_semantic,140
656,Lee Skerratt,A5086732623,alias,,round3_semantic,254
657,Elise Bant,A5027549435,exact,,name_unique,97
658,Kirsty Gover,A5041041822,alias,,round4_semtie,33
659,Volker Herzig,A5062525294,alias,,round4_semtie,120
660,Bernd Gludovatz,A5012401398,alias,,round4_semtie,113
661,Haolan Xu,A5061683222,alias,,round4_semtie,167
663,Gustavo Carneiro,A5029215323,exact,,round4_semtie,473
664,Cameron Bracken,A5061492074,alias,,round3_semantic,74
665,Paul Medwell,A5015307371,alias,,round3_semantic,189
666,Andrew Cox,A5037580930,alias,,round4_semtie,277
667,Petra Gemeinboeck,A5062235663,exact,,name_unique,48
668,Kristian Kempe,A5009042033,alias,,round4_semtie,186
669,Ilya Mandel,A5039882234,alias,,round4_semtie,479
670,Jeff Powell,A5058081074,alias,,round3_semantic,259
671,Rick Stuart-Smith,A5007589148,alias,,round3_semantic,178
672,Hollis Taylor,A5038805536,alias,,round4_semtie,50
674,Scott Findlay,A5021926088,alias,,round3_semantic,235
675,Antonio Di Ieva,A5035155009,exact,,round4_semtie,244
676,Tom Wilkening,A5075980651,exact,,name_unique,52
677,James East,A5090352318,alias,,round4_semtie,364
678,Yan Jiao,A5034195419,exact,,round4_semtie,242
679,Robyn Araujo,A5031055873,alias,,round3_semantic,80
680,Zhenguo Huang,A5076645149,alias,,round4_semtie,188
681,Susan Baker,A5068775358,alias,,round3_semantic,109
682,Tom Murray,A5010715317,exact,,round4_semtie,138
683,Delphine Lannuzel,A5084840521,exact,,name_unique,165
684,Nathan Holmes,A5046604772,alias,,round3_semantic,87
685,Ullrich Ecker,A5043657584,alias,,round3_semantic,204
686,Juan Salazar,A5005040509,alias,,round3_semantic,87
687,Ana Traven,A5087713515,exact,,name_unique,90
688,Longbing Cao,A5000798681,exact,,name_unique,658
689,Muhammad Hossain,A5060449255,alias,,round3_semantic,207
690,Kate Macdonald,A5048771913,exact,,round4_semtie,120
691,Xiaojing Hao,A5036517550,alias,,round4_semtie,318
692,Tanya Zivkovic,A5035410662,exact,,name_unique,48
693,Jun Li,A5100362041,exact,I205640436,round4_semtie,959
694,Emma Sherratt,A5010059340,alias,,round4_semtie,121
695,Shayne Loft,A5004939155,alias,,round4_semtie,164
696,Pat Scott,A5063472907,alias,,round4_semtie,240
698,Adriana Dutkiewicz,A5045298810,exact,,name_unique,110
699,Cameron Shearer,A5077897301,alias,,round3_semantic,107
700,Laurianne Sitbon,A5023210944,exact,,name_unique,201
701,Kathy Mills,A5076819534,alias,I86695891,round2_inst,219
702,Michael Westaway,A5066308169,alias,,round3_semantic,73
703,Tapio Simula,A5054778110,exact,,name_unique,116
704,Benjamin Schwessinger,A5070501215,exact,,name_unique,230
705,Linda Wakim,A5036633914,alias,,round3_semantic,62
706,Yvonne Wong,A5007044846,alias,,round3_semantic,141
707,Bishakhdatta Gayen,A5017181481,exact,,name_unique,111
708,Liam Brady,A5055456510,alias,,round3_semantic,108
709,Traude Beilharz,A5013708479,alias,,round3_semantic,98
710,Mirko Lobino,A5076550453,exact,,name_unique,118
711,Deepak Dubal,A5003557857,alias,,round3_semantic,317
712,Luca Cortese,A5025377130,alias,,round3_semantic,502
713,Toby Handfield,A5010338562,exact,,name_unique,85
714,Anthony Licata,A5013984238,alias,,round4_semtie,310
715,Matthew Spittal,A5067367617,alias,,round3_semantic,329
716,Philip Brewer,A5071220342,alias,,round3_semantic,47
717,Mary Tolcos,A5083028196,exact,,round4_semtie,88
718,Ian Marquette,A5049413367,exact,,name_unique,137
719,Liam McGuinness,A5002849509,alias,,round3_semantic,78
720,Dong Xu,A5082428303,alias,,round4_semtie,597
721,Karl Hassan,A5062811599,alias,,round3_semantic,122
722,Kristina Murphy,A5001906574,alias,,round4_semtie,192
723,Muhammad Cheema,A5047549903,alias,,round3_semantic,170
724,Timothy Clark,A5017203543,exact,,round4_semtie,861
725,Yi-Chin Toh,A5005340924,exact,,round4_semtie,120
726,Hariz Halilovich,A5048541708,exact,,round4_semtie,55
727,Julia Pagan,A5063634904,alias,,round3_semantic,32
728,Jian Yang,A5087117028,exact,,round4_semtie,1221
729,Michael Murphy,A5090814337,alias,,round3_semantic,411
730,Archa Fox,A5003308258,alias,,round3_semantic,99
731,Stephan Rachel,A5035148600,exact,,round4_semtie,168
732,Chiara Neto,A5087796607,exact,,round4_semtie,127
733,Devi Stuart-Fox,A5027202151,alias,,round4_semtie,167
734,Julia Bryant,A5076314144,alias,,round3_semantic,247
735,Julie Cairney,A5085222628,alias,,round3_semantic,386
736,Maurizio Meloni,A5005112768,exact,,round4_semtie,87
737,Matthew Hall,A5060383813,alias,,round4_semtie,933
738,Cameron Parsell,A5019316998,alias,,round4_semtie,181
739,Andreas Leibbrandt,A5056114255,exact,,round4_semtie,127
740,Louise Cheng,A5053998048,alias,,round3_semantic,40
741,Lijun Chang,A5037530341,exact,,round4_semtie,137
742,Dustin Marshall,A5027894993,alias,,round3_semantic,265
743,Thanh Vinh Nguyen,A5089229400,alias,,round4_semtie,165
744,Kalervo Gulson,A5014038876,alias,,round3_semantic,144
745,Karin Nordstrom,A5081200507,alias,,round4_semtie,102
746,James Hutchison,A5014292640,alias,,round3_semantic,125
747,Thomas White,A5103046101,alias,,round4_semtie,442
748,Mike Morley,A5054492023,alias,,round3_semantic,64
749,Qiang Fu,A5035531924,exact,,round4_semtie,1190
750,Eric Cavalcanti,A5078802033,alias,,round3_semantic,105
751,Cathryn Trott,A5045219389,alias,I205640436,round3_semantic,193
752,Matthew Dolan,A5054531499,alias,,round3_semantic,239
753,Nicholas Deutscher,A5013692809,alias,,round3_semantic,336
754,Suresh Mathivanan,A5066701356,exact,,name_unique,133
755,Saulo Martelli,A5060155753,exact,,name_unique,225
756,Ivan Maksymov,A5071681496,alias,,round3_semantic,171
757,Gabriele Tartaglino-Mazzucchelli,A5042547732,exact,,name_unique,114
758,Tatsuya Amano,A5006772243,alias,,round4_semtie,219
759,Hongjie An,A5029811848,alias,,round4_semtie,125
760,Rosalind Smith,A5053270749,exact,,round4_semtie,68
761,Kaye Morgan,A5014334670,alias,,round3_semantic,142
762,Mark Krumholz,A5014544028,alias,,round3_semantic,461
763,Raffaella Demichelis,A5044783968,exact,,name_unique,72
764,Ziqi Sun,A5029410439,alias,,round4_semtie,396
765,Megan Maher,A5025793442,alias,,round3_semantic,80
766,Laura Weyrich,A5109395385,alias,,round4_semtie,113
767,Michael Considine,A5023086953,exact,,round4_semtie,150
768,Kristopher Kilian,A5019240728,alias,,round3_semantic,519
769,Michael Richardson,A5090429070,alias,,round3_semantic,284
770,Andrew Zele,A5004961440,alias,,round3_semantic,168
771,Felicity Cox,A5077554384,exact,,round4_semtie,153
772,Steven Wiederman,A5004313903,alias,,round3_semantic,68
773,Caitlin Byrt,A5066070550,alias,,round3_semantic,58
774,Jennifer Kelley,A5080625000,alias,,round3_semantic,60
775,Melissa Merritt,A5034206120,exact,,round4_semtie,41
776,Christoph Federrath,A5016250498,exact,,round4_semtie,357
777,Vincent Gramoli,A5036969849,exact,,name_unique,249
778,Alessandro Soncini,A5070148430,alias,,round4_semtie,196
779,Justine Mintern,A5010793011,alias,,round3_semantic,120
780,Timothy Cohen,A5029545065,alias,,round3_semantic,142
781,Andrew Tomkins,A5012146766,alias,,round3_semantic,159
782,Danyang Wang,A5100322864,alias,,round4_semtie,1193
783,Sebastian Furness,A5049639665,alias,,round3_semantic,81
784,Mark Hutchinson,A5037100405,alias,,round3_semantic,379
785,Eric May,A5013018945,alias,,round4_semtie,384
786,Yi Du,A5055715913,alias,,round4_semtie,330
787,Amelia Liu,A5022123692,alias,,round3_semantic,91
788,Laurie Menviel,A5049584223,exact,,round4_semtie,248
790,Tjeerd Boonstra,A5069969267,alias,,round3_semantic,107
791,Renee Firman,A5010135292,fuzzy,,round3_semantic,61
792,Fedor Iskhakov,A5012481605,exact,,name_unique,53
793,Vera Weisbecker,A5086440532,alias,,round4_semtie,148
794,Timothy Smith,A5088341096,alias,,round3_semantic,189
795,Alyson Ashe,A5012250175,exact,,name_unique,50
796,Jose Polo,A5012942304,alias,,round3_semantic,190
797,Vincent Wallace,A5002316468,alias,,round3_semantic,190
798,Alexander Scheuermann,A5008192091,exact,,name_unique,247
799,Dan Nicolau,A5019223218,alias,,round3_semantic,45
800,Hao Liu,A5100338921,alias,,round4_semtie,3800
801,Brett Murphy,A5042735197,alias,I29894533,round2_inst,179
802,Christopher McDevitt,A5066853094,alias,,round3_semantic,121
803,Rebecca Giblin,A5009170679,exact,,name_unique,86
804,Scott Morrison,A5021256205,alias,,round4_semtie,210
805,Stephanie Goodhew,A5088654479,alias,,round3_semantic,95
806,Daniel Harris,A5003772111,alias,,round3_semantic,340
807,Gretchen Benedix,A5020515245,alias,I205640436,round2_inst,283
808,Maxime Aubert,A5060541137,alias,,round4_semtie,92
809,Jon McCormack,A5040093215,alias,,round4_semtie,162
810,Laura Shepherd,A5059583399,alias,,round3_semantic,188
811,Christophe Pinte,A5075262164,alias,,round3_semantic,369
812,Felicity Meakins,A5026047614,exact,,name_unique,169
813,Jessica Mar,A5025645526,alias,,round3_semantic,117
814,Belinda Gabbe,A5007413782,alias,,round3_semantic,648
815,David Bissell,A5059488256,exact,,round4_semtie,106
816,Adrian Cherney,A5079210038,exact,,name_unique,227
817,Gene Tyson,A5050640033,alias,,round3_semantic,259
818,Anders Eriksson,A5058055590,alias,,round4_semtie,545
819,Nicole Verrills,A5070732797,alias,,round3_semantic,120
820,Scott Sisson,A5044778185,alias,,round3_semantic,222
821,Philip Gillingham,A5041432402,exact,,name_unique,71
822,Tim Winter,A5012017859,exact,,round4_semtie,178
823,Rebeca Gonzalez Suarez,A5106331204,alias,,round3_semantic,1912
824,Jonathon Beves,A5069934510,alias,,round3_semantic,334
825,Julie Henry,A5013348165,alias,,round3_semantic,322
826,Ly Tran,A5044443632,alias,,round3_semantic,259
827,Alexandra Woolgar,A5062680873,exact,,name_unique,101
828,Sarah Perkins-Kirkpatrick,A5049901095,alias,,round3_semantic,151
829,Ryan Loxton,A5066144982,alias,I205640436,round2_inst,116
830,Liana Jacobi,A5024807196,exact,,name_unique,41
831,Ying Zhang,A5100386104,exact,,round4_semtie,1277
832,Eve McDonald-Madden,A5002187633,alias,,round4_semtie,142
833,John Quinn,A5061510230,alias,,round4_semtie,527
834,Helen Watt,A5088564723,alias,,round3_semantic,167
835,John Moses,A5087253678,alias,,round4_semtie,139
836,Suzanne Neville,A5023541806,alias,,round3_semantic,493
837,Nicole La Gruta,A5066451265,alias,,round3_semantic,138
838,Ian Hesketh,A5106627156,exact,,round4_semtie,67
839,Kosala Ranathunge,A5016087814,exact,,round4_semtie,62
840,Jianhua Guo,A5005999266,exact,,round4_semtie,509
841,Joanne Faulkner,A5072880375,exact,,name_unique,64
842,Christian Rinke,A5049254580,alias,,round4_semtie,76
843,Elizabeth Stephens,A5020827699,alias,,round4_semtie,213
844,Timothy Barrows,A5020825692,alias,,round3_semantic,139
845,Chuan Zhao,A5046268649,alias,,round4_semtie,497
846,Katherine Bode,A5083578169,exact,,round4_semtie,82
847,Qinian Jin,A5101410597,alias,,round4_semtie,90
848,Joshua Ramsay,A5010490256,alias,I205640436,round2_inst,72
849,Julia Kindt,A5110696782,exact,,round4_semtie,61
850,Ashley Ruiter,A5084761383,alias,,round3_semantic,194
851,Fabio Capitanio,A5003880683,alias,,round3_semantic,151
852,Christen Mirth,A5065809766,alias,,round3_semantic,113
853,Chunle Xiong,A5102906724,alias,,round4_semtie,121
854,Kristie Miller,A5070749405,alias,,round4_semtie,215
855,Michelle Cluver,A5056066643,alias,,round3_semantic,200
856,Michael Bode,A5101467964,alias,,round4_semtie,231
857,Andrew Marshall,A5067355673,alias,,round4_semtie,187
858,Ceridwen Fraser,A5041137479,alias,,round3_semantic,110
859,Deanna D'Alessandro,A5003296253,alias,,round3_semantic,445
860,Karin Sowada,A5040011819,exact,,name_unique,64
861,Kristin Laurens,A5052018941,alias,,round3_semantic,229
862,Pu Xiao,A5055198364,exact,,round4_semtie,257
863,Thomas Naderer,A5017073551,exact,,name_unique,66
864,Debbie Silvester,A5027601300,alias,I205640436,round2_inst,150
865,Stephan Tillmann,A5060650935,exact,,round4_semtie,124
866,Isaac Santos,A5063133546,alias,,round3_semantic,361
868,Alexander Poddubny,A5009669793,alias,,round3_semantic,288
869,Belinda Ferrari,A5004430695,alias,,round3_semantic,132
870,Scott Johnson,A5027714089,alias,,round3_semantic,212
871,Tarunabh Khaitan,A5011699495,alias,,round4_semtie,78
872,Irina Voineagu,A5042750508,exact,,name_unique,58
873,Song Yao,A5057765648,alias,,round3_semantic,97
874,Stuart Khan,A5058404436,alias,,round3_semantic,247
875,Amir Karton,A5062367420,exact,,round4_semtie,289
876,Natalya Lusty,A5088537166,exact,,name_unique,35
877,Deanne Fisher,A5049727819,alias,,round3_semantic,177
878,Karen Gregory,A5019565246,alias,,round3_semantic,114
879,Nathan Langford,A5081546262,alias,,round3_semantic,118
880,Valentin Zelenyuk,A5004469718,exact,,name_unique,230
881,Malwina Luczak,A5017243306,exact,,name_unique,88
882,Darrell Kemp,A5103149670,alias,,round3_semantic,219
883,Jennifer Waycott,A5063013979,alias,,round3_semantic,178
884,Janna Morrison,A5047956479,alias,,round3_semantic,309
885,Jonathan George,A5080675508,alias,,round3_semantic,158
886,Michael McDonald,A5062355819,alias,,round3_semantic,64
887,Alison Lennon,A5031474857,exact,,round4_semtie,178
888,Bastien Llamas,A5082962342,exact,,round4_semtie,137
889,Jacinda Ginges,A5034714752,alias,,round3_semantic,55
890,Michael Rotkowitz,A5001049101,exact,,round4_semtie,60
891,Zoran Nikoloski,A5059658943,alias,,round4_semtie,321
892,Jason Dutton,A5019356924,alias,,round3_semantic,374
893,Iain Duggin,A5090925805,alias,,round3_semantic,85
894,Clinton Bruce,A5036754896,alias,,round3_semantic,145
895,Uri Onn,A5090897140,exact,,name_unique,56
896,Damian Dowling,A5085092943,alias,,round3_semantic,129
897,Ivo Seitenzahl,A5025672621,alias,,round3_semantic,284
898,Nerilie Abram,A5051259325,alias,,round3_semantic,188
899,Bernhard Müller,A5090572749,exact,,round4_semtie,276
900,Guozhen Liu,A5100691558,alias,,round4_semtie,457
901,Simon Campbell,A5048340539,alias,,round3_semantic,131
902,Joshua Cinner,A5090751584,alias,,round3_semantic,245
903,Daniel Horsley,A5028146693,alias,,round4_semtie,112
904,Christina Schroeder,A5058339404,alias,,round3_semantic,135
905,John Yu-luen Lin,A5044035274,alias,,round3_semantic,67
906,Michael Lazarou,A5061877082,exact,,name_unique,99
907,Ali Nazari,A5061714089,exact,,round4_semtie,307
908,Maja Adamska,A5050536765,exact,,round4_semtie,76
909,Kavan Modi,A5053776631,exact,,round4_semtie,207
910,JEROME LE NOURS,A5028631871,exact,,name_unique,62
911,Katie Leach,A5075216835,alias,,round4_semtie,79
913,Alexandra Corbett,A5013628614,alias,,round3_semantic,113
914,Jake Chandler,A5066130935,exact,,round4_semtie,33
915,Emma Kowal,A5053916573,exact,,round4_semtie,130
916,Timothy Trudgian,A5022560324,alias,,round3_semantic,117
917,Jiangtao Xu,A5051428047,exact,,round4_semtie,340
918,Muireann Irish,A5054871768,exact,,name_unique,195
919,Thom van Dooren,A5085821049,exact,,round4_semtie,96
920,Markus Brueckner,A5044389878,alias,,round4_semtie,112
921,Yuan Chen,A5100373745,alias,,round4_semtie,18172
922,Yvonne Stokes,A5015754334,alias,,round3_semantic,115
923,Paul Lasky,A5000611658,alias,,round3_semantic,428
924,Daniel Falster,A5087681406,alias,,round3_semantic,154
925,Kay Cook,A5047970757,exact,,round4_semtie,161
926,Adam Brumm,A5004543203,exact,,name_unique,85
927,Elisa Hill,A5069788701,alias,,round3_semantic,82
928,Alexander Mackay,A5014600423,alias,,round3_semantic,173
929,Jiayu Wen,A5081634959,alias,,round4_semtie,130
931,Megan Head,A5017382822,alias,,round3_semantic,128
932,Ilya Shadrivov,A5074820946,alias,,round3_semantic,356
933,Shayne McGregor,A5038432220,alias,,round4_semtie,143
934,Mark Holmes,A5026725087,alias,,round4_semtie,370
935,Simon Ho,A5090497511,alias,,round3_semantic,348
936,Alexander Mikheyev,A5035830278,alias,,round3_semantic,186
937,Rico Tabor,A5077628732,alias,,round3_semantic,221
938,Bing-Jie Ni,A5056640675,alias,,round4_semtie,668
939,Benjamin Phillips,A5080884772,alias,,round3_semantic,257
940,Jiabao Yi,A5079135640,alias,,round4_semtie,307
941,Dougal Mackey,A5014815473,exact,,name_unique,224
942,Dongchen Qi,A5003339166,alias,,round4_semtie,243
944,Staffan Persson,A5009878515,exact,,round4_semtie,327
945,David Harvey,A5019907938,alias,,round4_semtie,762
946,Rowena Martin,A5054910765,alias,,round3_semantic,61
947,Sang Hong Lee,A5100383483,alias,,round3_semantic,509
948,Jessica Purcell,A5079308734,alias,,round3_semantic,146
949,Yit Heng Chooi,A5043215577,exact,,round4_semtie,132
950,Justin Hastings,A5017643996,alias,,round3_semantic,73
951,Christopher Clarkson,A5083144378,alias,,round3_semantic,165
952,Jesper Levinsen,A5081235266,exact,,name_unique,116
953,Aaron Ludlow,A5055264885,alias,,round3_semantic,79
954,Wei Kong Pang,A5079731588,alias,,round4_semtie,296
955,Yuncang Li,A5100404181,alias,,round4_semtie,333
956,Julie Trotter,A5064565499,exact,,name_unique,89
957,Frank Gruetzner,A5035572752,alias,,round3_semantic,132
958,Shahram Rahatlou,A5100753969,alias,,round4_semtie,2428
959,Peter Athron,A5060842815,exact,,round4_semtie,113
960,Berit Ebert,A5058669335,alias,,round4_semtie,79
961,Ting Liao,A5023347434,exact,,round4_semtie,230
962,Anna Hickey-Moody,A5005242120,alias,,round4_semtie,158
963,Brendan Zietsch,A5089364263,alias,,round3_semantic,139
964,Drew Evans,A5060968054,alias,,round4_semtie,125
965,Jonathan Marshall,A5049577868,alias,,round4_semtie,193
966,Mark Paskevicius,A5030050794,alias,I205640436,round2_inst,178
968,Allison Pettit,A5034604471,alias,,round3_semantic,135
969,Simon Conn,A5063248323,alias,,round3_semantic,56
970,Daniel Kolarich,A5018317721,alias,,round4_semtie,183
971,Sarah Wright,A5016684951,exact,,round4_semtie,110
972,Kai He,A5100700367,exact,,round4_semtie,196
973,Andrew Greentree,A5108167360,alias,,round3_semantic,389
974,Koji Tanaka,A5047261124,alias,,round4_semtie,650
975,Guillermo Gomez,A5008963986,alias,,round3_semantic,298
976,Richard Garner,A5045461807,alias,,round4_semtie,143
977,Peter Rohde,A5030937873,alias,,round3_semantic,201
978,Luca Casagrande,A5086796344,alias,,round3_semantic,374
979,Nicholas Southwood,A5056171312,exact,,name_unique,68
980,John Romalis,A5085356980,exact,,name_unique,75
981,Mark Byron,A5023917509,exact,,name_unique,59
982,John Stachurski,A5047959069,exact,,name_unique,168
983,Adam Clulow,A5024397251,exact,,round4_semtie,121
984,Ina Bornkessel-Schlesewsky,A5052817033,exact,,round4_semtie,243
985,Julien Louys,A5055696620,exact,,name_unique,166
986,Evangelia Anagnostou-Laoutides,A5041835511,alias,,round3_semantic,83
987,Marcus Kitchen,A5051597652,alias,,round3_semantic,134
988,Nathan Lo,A5011378498,alias,,round4_semtie,226
989,Zbynek Malenovsky,A5077322258,exact,,name_unique,123
990,Andrea Taschetto,A5015211247,alias,,round3_semantic,123
991,Paola Escudero,A5025374032,alias,,round4_semtie,196
992,Naomi McClure-Griffiths,A5006593185,alias,,round3_semantic,411
993,Firuz Zare,A5028349208,alias,,round4_semtie,382
994,Michelle Dunstone,A5008315680,alias,,round3_semantic,63
996,Christian Reichardt,A5013035399,alias,,round4_semtie,651
997,Elisabete da Cunha,A5079179941,alias,,round4_semtie,246
998,Tara Murphy,A5041621306,exact,,round4_semtie,418
999,Keyne Monro,A5032017030,exact,,name_unique,84
1000,Zaiping Guo,A5110015262,alias,,round3_semantic,1867
1001,Julie Kalman,A5008194410,exact,,round4_semtie,38
1002,Olivier Alard,A5034349319,exact,,round4_semtie,208
1003,Rebecca Bentley,A5058770473,exact,,round4_semtie,207
1004,Zenobia Jacobs,A5028899889,exact,,round4_semtie,200
1005,Janet Gardner,A5004149901,alias,,round3_semantic,55
1006,Sally Treloyn,A5012604252,alias,,round4_semtie,41
1007,Fiona Barlow,A5037225650,alias,,round3_semantic,192
1008,Mark Waters,A5073277191,alias,,round3_semantic,58
1009,Alistair Paterson,A5102150150,exact,,round4_semtie,103
1010,Kirsty Pringle,A5018064654,alias,,round3_semantic,115
1011,Liz Conor,A5048125120,alias,,round4_semtie,47
1012,Alexander Argyros,A5052698990,exact,,round4_semtie,201
1013,Tobias Merson,A5056582943,alias,,round3_semantic,46
1014,Erinna Lee,A5038439002,alias,,round3_semantic,117
1015,Mathieu Duval,A5060957276,exact,,round4_semtie,210
1016,Paul Zinn-Justin,A5006276965,exact,,name_unique,150
1017,Matthew Piper,A5043122280,alias,,round3_semantic,132
1018,Frank Reith,A5037651436,exact,,round4_semtie,106
1019,Tim Bayne,A5010096301,alias,,round4_semtie,173
1020,Edward Taylor,A5004962328,alias,,round3_semantic,241
1021,Eric Thrane,A5088976307,alias,,round3_semantic,557
1022,Simon Butt,A5113460872,alias,,round4_semtie,128
1023,Fiona Fidler,A5006406097,exact,,name_unique,162
1024,Christine Wells,A5072188738,alias,,round3_semantic,273
1025,Richard McDermid,A5049397643,alias,,round3_semantic,397
1026,Zhou Zhang,A5100397155,exact,,round4_semtie,257
1027,Alfonso Garcia-Bennett,A5037455412,alias,,round3_semantic,111
1028,Petr Cejka,A5056096904,exact,,round4_semtie,128
1029,Hui Feng,A5005866164,exact,,round4_semtie,251
1030,Sonia Henriques,A5051238211,alias,,round3_semantic,120
1031,Adrian Werner,A5045690075,alias,,round3_semantic,252
1032,Mark Hinder,A5073013659,alias,,round3_semantic,119
1033,Tim Dargaville,A5062123032,alias,,round3_semantic,178
1034,Adam Deller,A5091286821,alias,,round4_semtie,433
1035,Timothy Denham,A5085338452,alias,,round3_semantic,262
1036,Agustin Schiffrin,A5060915367,exact,,name_unique,58
1037,Qiaoliang Bao,A5024429715,exact,,round4_semtie,388
1039,Yusuke Yamauchi,A5037509120,exact,,round4_semtie,1428
1040,Robbie Wilson,A5055734625,alias,,round3_semantic,189
1042,Min-Hsiu Hsieh,A5083737500,exact,,round4_semtie,266
1043,Guillaume Tcherkez,A5011667102,alias,,round4_semtie,231
1044,Peter Keller,A5025896672,alias,,round4_semtie,421
1045,Martine Maron,A5033812756,exact,,name_unique,250
1046,Jonathan Adams,A5056277994,alias,,round3_semantic,911
1047,Nicholas Thieberger,A5058531311,alias,,round3_semantic,199
1048,Elena Marchetti,A5060764907,exact,,round4_semtie,80
1049,Shujun Zhang,A5100658008,alias,,round4_semtie,1263
1050,Francesca Cavalieri,A5035220446,exact,,name_unique,163
1051,Leanne Weber,A5016810863,exact,,round4_semtie,152
1052,Xuan-Ce Wang,A5049854737,alias,I205640436,round4_semtie,148
1053,Serge Gaspers,A5048738368,exact,,name_unique,205
1054,Ian Hardy,A5078309034,alias,,round4_semtie,215
1055,Zhi-Yong Li,A5100396732,alias,,round4_semtie,895
1056,Gretta Pecl,A5023494490,alias,,round3_semantic,425
1057,Nicholas Cox,A5033536093,alias,,round4_semtie,1193
1058,Andrew Barron,A5035671163,alias,,round3_semantic,191
1059,Patricia Saco,A5051990895,exact,,name_unique,226
1060,Mark Kelly,A5103089041,alias,,round3_semantic,62
1061,Tanja Dreher,A5039070707,exact,,name_unique,76
1062,Belinda Hewitt,A5079817204,exact,,name_unique,161
1063,Paul Salmon,A5090048784,alias,,round3_semantic,727
1064,Colin Klein,A5077337094,alias,,round4_semtie,127
1065,Matthew Owers,A5074327882,alias,,round3_semantic,222
1067,Juno Kim,A5024866431,exact,,round4_semtie,148
1068,Krzysztof Bolejko,A5020901295,exact,,name_unique,103
1069,Lishan Liu,A5000389536,alias,I205640436,round2_inst,316
1070,Heather Lovell,A5011558323,alias,,round4_semtie,111
1071,Damien Fordham,A5012369360,alias,,round3_semantic,180
1072,Rafael Calvo,A5013835523,alias,,round3_semantic,390
1073,Lee Wong,A5040434089,alias,,round3_semantic,76
1074,James Miller-Jones,A5075858737,alias,I205640436,round3_semantic,635
1075,Joanne Evans,A5047347308,exact,,round4_semtie,79
1076,Giang Nguyen,A5016391740,alias,,round3_semantic,216
1077,Vipul Bansal,A5054308329,alias,,round4_semtie,321
1078,Brett Nixon,A5066498990,exact,,round4_semtie,274
1079,Claudio Cazorla,A5087568082,alias,,round4_semtie,254
1080,Neil McIntyre,A5103262214,alias,,round4_semtie,504
1081,Kim Beswick,A5066236490,exact,,name_unique,232
1082,Helen Proctor,A5009257584,exact,,round4_semtie,58
1083,Ian McCulloch,A5009037328,alias,,round3_semantic,192
1084,Arkady Fedorov,A5084198938,alias,,round4_semtie,119
1085,Irene Suarez-Martinez,A5064260162,alias,I205640436,round2_inst,86
1086,Shanyong Wang,A5040781254,exact,,round4_semtie,395
1087,Cordelia Selomulya,A5040632049,exact,,name_unique,282
1088,Michael Gantier,A5028263566,alias,,round3_semantic,115
1089,Anna Clark,A5104089555,exact,,round4_semtie,162
1090,Dennis Stello,A5031187863,alias,,round4_semtie,517
1091,Rhodri Davies,A5072460934,alias,,round3_semantic,248
1092,Ho Kyong Shon,A5032339401,alias,,round4_semtie,647
1093,Michael Griffin,A5085160372,alias,,round3_semantic,149
1094,Jack Clegg,A5073361343,alias,,round3_semantic,1533
1095,Kalissa Alexeyeff,A5011068587,alias,,round4_semtie,68
1096,Jan Hamann,A5106633723,alias,,round4_semtie,46
1097,Robin Hobbs,A5048961794,alias,,round3_semantic,108
1098,John McMurtrie,A5048957496,alias,,round3_semantic,808
1099,Claire Roberts,A5113019216,alias,,round3_semantic,30
1100,Daniel Gomez,A5002937608,alias,,round3_semantic,164
1101,Myfany Turpin,A5012693173,exact,,name_unique,86
1102,Thomas Denson,A5076098584,alias,,round3_semantic,152
1103,Michael Flood,A5059432732,exact,,round4_semtie,240
1104,Celine Valant,A5019071622,exact,,name_unique,95
1105,Andrea Rizzi,A5100686187,alias,,round4_semtie,1987
1106,Timothy Dempster,A5029411990,alias,,round3_semantic,214
1107,Matthew Tucker,A5027193685,alias,,round3_semantic,105
1108,Timothy Stephens,A5009328571,alias,,round3_semantic,170
1109,Benjamin Marwick,A5057770476,alias,,round3_semantic,278
1110,Markus Barth,A5058316985,alias,,round4_semtie,226
1111,Bronwen Neil,A5059598670,alias,,round4_semtie,219
1112,Jacqui True,A5070243420,alias,,round4_semtie,272
1113,Vanessa Robins,A5055608145,exact,,name_unique,76
1114,Joanne Devlin,A5043643448,alias,,round3_semantic,148
1115,Sarah Wheeler,A5049130370,alias,,round3_semantic,218
1116,Eloise Foo,A5078500104,exact,,name_unique,87
1117,Justin Clemens,A5010955535,alias,,round4_semtie,221
1118,Benjamin Goldsmith,A5056807174,alias,,round3_semantic,117
1119,Denis O'Carroll,A5066567292,alias,,round3_semantic,226
1120,Kenneth Crozier,A5076231121,alias,,round3_semantic,379
1121,Susan Harris Rimmer,A5108291483,exact,,round4_semtie,125
1122,Katherine Szabo,A5055593744,alias,,round4_semtie,106
1123,Bradley Launikonis,A5047537559,alias,,round3_semantic,108
1124,Julian Millie,A5024688269,alias,,round4_semtie,116
1125,Kathryn Fairfull-Smith,A5089727729,alias,,round3_semantic,136
1126,Paul Gribben,A5019280606,alias,,round3_semantic,125
1127,Xavier Boyen,A5110806873,exact,,name_unique,145
1128,David Lubans,A5024702541,alias,,round3_semantic,485
1129,Robert Izzard,A5073609162,alias,,round3_semantic,209
1130,Colin Jackson,A5052860841,alias,,round3_semantic,329
1131,Stephen Bell,A5027128497,alias,,round4_semtie,288
1132,Michael Sheng,A5080744092,alias,,round3_semantic,1070
1133,Martin White,A5017618655,alias,,round4_semtie,2350
1134,Daniel Anlezark,A5025639135,exact,,round4_semtie,69
1135,Warwick Bowen,A5085689440,alias,,round3_semantic,360
1136,Asaph Widmer-Cooper,A5024671651,exact,,name_unique,77
1137,Jimin Yu,A5077338822,alias,,round4_semtie,196
1138,Jess Nithianantharajah,A5074495455,exact,,name_unique,75
1139,Dewei Chu,A5087368019,exact,,round4_semtie,313
1140,Damien Hicks,A5036934463,alias,,round3_semantic,355
1141,Guillermo Narsilio,A5071220097,alias,,round3_semantic,198
1142,Christian Gruber,A5049100399,alias,,round3_semantic,136
1143,Brian Petersen,A5106570930,alias,,round4_semtie,2015
1144,Thomas Stace,A5021091857,alias,,round3_semantic,176
1145,Emma Baker,A5058660951,alias,,round4_semtie,178
1147,Sally Cripps,A5089488913,exact,,round4_semtie,55
1148,Michael Milford,A5078340555,exact,,round4_semtie,469
1149,Simon Baxter,A5086984989,alias,,round3_semantic,123
1150,Haihui Wang,A5100628512,exact,,round4_semtie,585
1151,Hua Xia,A5012086388,alias,,round4_semtie,150
1152,Gianluca Ranzi,A5065103253,alias,,round4_semtie,281
1153,Margaret Mayfield,A5060839898,alias,,round3_semantic,150
1154,Bo Li,A5065955866,exact,,round4_semtie,1510
1155,Oliver Nebel,A5073128359,alias,,round4_semtie,213
1156,Francesca Martin,A5102824113,alias,,round3_semantic,107
1157,Michael Zyphur,A5027463796,alias,,round3_semantic,117
1158,Andrew Pask,A5021054750,alias,,round3_semantic,198
1159,Konstantin Bliokh,A5081616947,alias,,round3_semantic,194
1160,Megan Warin,A5065990819,exact,,name_unique,107
1161,Wenbiao Hu,A5037253679,alias,,round4_semtie,469
1162,Yanbo Wang,A5100322864,alias,,round4_semtie,1193
1163,Brent Groves,A5045011986,exact,,round4_semtie,402
1164,Helen McGregor,A5014678668,alias,,round4_semtie,164
1165,Girish Nair,A5021984276,alias,,round3_semantic,161
1166,Heather Douglas,A5009036143,alias,,round4_semtie,448
1167,Robert Lanfear,A5037983874,exact,,round4_semtie,183
1168,Xia-Ji Liu,A5065851954,exact,,round4_semtie,244
1169,Ester Cerin,A5048260631,alias,I86695891,round2_inst,481
1170,Lawrence Ong,A5050821228,exact,,round4_semtie,273
1171,Anoma Pieris,A5031882824,exact,,round4_semtie,190
1172,Glenn Kacprzak,A5046904827,alias,,round3_semantic,245
1173,Lian Pin Koh,A5045807850,exact,,round4_semtie,241
1174,Michael Kasumovic,A5089001016,alias,,round3_semantic,92
1175,David Yong,A5029570243,alias,,round4_semtie,281
1176,Ajay Narendra,A5027429235,alias,,round4_semtie,94
1177,Mark Tanaka,A5075425530,alias,,round3_semantic,121
1178,Peter Munro,A5003524485,alias,,round3_semantic,267
1179,David Wacey,A5088938152,exact,,name_unique,127
1180,Julie Smith,A5051034534,alias,,round4_semtie,165
1181,Mark Edele,A5074068111,exact,,round4_semtie,163
1182,Candice Morey,A5033273450,alias,,round3_semantic,135
1183,Wojciech Lipinski,A5061778377,alias,,round4_semtie,263
1184,Katherine Buchanan,A5043430415,alias,,round3_semantic,177
1185,Adam Uldrich,A5085889061,alias,,round3_semantic,80
1186,Jessica Grisham,A5015731803,alias,,round3_semantic,164
1187,Sarah Brough,A5040414752,alias,,round4_semtie,398
1188,Torsten Thomas,A5088030110,exact,,round4_semtie,259
1189,Chun-Xia Zhao,A5101832764,alias,,round4_semtie,330
1190,Megan Ryan,A5070190769,alias,,round3_semantic,234
1191,Olivia Carter,A5060157509,alias,,round4_semtie,102
1192,Hazel Easthope,A5009729554,exact,,name_unique,111
1193,Ute Roessner,A5062149146,alias,,round4_semtie,288
1194,Phillip Urquijo,A5052038948,alias,,round3_semantic,2142
1195,Michael Shields,A5039052555,alias,,round3_semantic,326
1196,Susan Laurance,A5012015233,alias,,round4_semtie,222
1199,Richard Holden,A5031387731,exact,,round4_semtie,216
1200,Robert Sinnerbrink,A5016907982,exact,,round4_semtie,169
1201,David Parkinson,A5044470461,alias,,round4_semtie,344
1202,Guoyin Li,A5025579166,alias,,round4_semtie,178
1203,Kevin Morris,A5011086438,alias,,round3_semantic,166
1204,Simon Phipps,A5081379226,exact,,round4_semtie,227
1205,Aurore Delaigle,A5085296117,exact,,name_unique,92
1206,Mark Kendrick,A5007804894,alias,,round3_semantic,129
1207,Stuart Macgregor,A5043306923,alias,,round4_semtie,837
1208,Steven Bozinovski,A5079475266,alias,,round4_semtie,183
1209,Ben Corry,A5004739456,exact,,name_unique,182
1211,Reto Dorta,A5035305002,exact,,name_unique,376
1212,Steven Flammia,A5007129549,alias,,round3_semantic,149
1213,Victor Galitski,A5039578291,alias,,round4_semtie,356
1214,Sanjeeva Balasuriya,A5015924313,exact,,name_unique,91
1215,Guy Williams,A5034431716,exact,,round4_semtie,294
1216,Iain Searle,A5075355803,exact,,round4_semtie,86
1217,Cristina Rocha,A5073451559,exact,,round4_semtie,122
1218,Malte Meinshausen,A5008924658,exact,,round4_semtie,270
1219,Andrew Piggott,A5022956852,alias,,round3_semantic,131
1220,Andrew Burton-Jones,A5071993179,alias,,round4_semtie,127
1221,Katja Fischer,A5012644402,alias,,round4_semtie,146
1222,Wolfram Dressler,A5049394524,exact,,round4_semtie,122
1223,Mirella Dottori,A5011677289,exact,,round4_semtie,127
1224,Leo Tzou,A5083416384,alias,,round4_semtie,76
1225,Begoña Heras,A5041973018,exact,,name_unique,122
1226,Massimiliano Massi,A5047782731,alias,I205640436,round4_semtie,614
1227,Martin Hill,A5102723119,alias,,round3_semantic,49
1228,Christopher Power,A5038583170,alias,,round4_semtie,492
1229,Wendy Rogers,A5101503529,alias,,round4_semtie,675
1230,Lee Arnold,A5018043423,alias,,round3_semantic,182
1231,David Suggett,A5044102443,alias,,round3_semantic,243
1232,Luciano Beheregaray,A5005481794,alias,,round3_semantic,264
1233,Nicole Moore,A5057994629,alias,,round4_semtie,60
1234,Diana Marculescu,A5065985595,alias,,round4_semtie,383
1235,Joshua Heazlewood,A5029423357,alias,,round3_semantic,142
1236,Leslie Yeo,A5017582467,alias,,round3_semantic,442
1237,Matthew Simpson,A5060813398,alias,,round3_semantic,465
1238,Marc Kvansakul,A5066995121,exact,,name_unique,118
1239,Javier Alvarez-Mon,A5039799688,exact,,round4_semtie,71
1240,Andrew Ridgwell,A5074849392,alias,,round3_semantic,485
1241,Peter Butterworth,A5009838261,alias,,round4_semtie,503
1242,David Wood,A5066302647,alias,,round3_semantic,495
1243,Richard Menary,A5055720061,exact,,name_unique,47
1244,Richard Payne,A5053176470,alias,,round3_semantic,310
1245,Shinichi Nakagawa,A5064087878,exact,,round4_semtie,606
1246,Dean Lusher,A5052438394,alias,,round4_semtie,150
1247,Brett Hutchins,A5045992531,exact,,name_unique,109
1248,Timothy Schmidt,A5004046189,alias,,round3_semantic,341
1249,Bridget Griffen-Foley,A5081551938,exact,,name_unique,134
1250,Anna Johnston,A5033695877,alias,,round4_semtie,148
1251,Axel Bruns,A5025254950,exact,,round4_semtie,425
1252,Mehmet Yuce,A5010668389,alias,,round3_semantic,305
1253,Kerrylee Rogers,A5068956559,exact,,round4_semtie,156
1254,Erica Donner,A5072354171,alias,,round4_semtie,186
1255,Alistair Evans,A5063863788,alias,,round3_semantic,175
1256,Joanna Groom,A5030092965,alias,,round3_semantic,84
1257,Philip Munday,A5024202369,alias,,round3_semantic,379
1258,Benjamin Powell,A5010463629,alias,,round3_semantic,216
1259,Michael Ireland,A5044187868,exact,,round4_semtie,588
1260,Rhys Allan,A5003796244,alias,,round3_semantic,53
1261,Abd-Krim Seghouane,A5084681382,exact,,round4_semtie,155
1262,Sango Mahanty,A5006075360,alias,,round4_semtie,101
1263,Bim Graham,A5111744240,alias,,round4_semtie,154
1264,Pierre Portal,A5010622741,exact,,name_unique,95
1265,Peter Skands,A5063067715,exact,,name_unique,238
1266,Pilar Blancafort,A5022898788,alias,,round4_semtie,116
1267,Erik Streed,A5046341775,alias,,round3_semantic,116
1268,Kylie Catchpole,A5076140093,exact,,round4_semtie,232
1269,Philip Stevenson,A5060955442,alias,,round3_semantic,145
1270,Valentijn Pauwels,A5012590564,exact,,name_unique,301
1271,Diego García-Bellido,A5061288008,alias,,round3_semantic,117
1272,Matthew Gilliham,A5037451186,alias,,round4_semtie,137
1273,Jingliang Li,A5110488978,alias,,round4_semtie,359
1274,Jacqueline Batley,A5086358262,exact,,round4_semtie,436
1275,Damien Riggs,A5051501121,alias,,round3_semantic,451
1276,Nigel Jones,A5028913352,alias,,round3_semantic,220
1277,Brendan Choat,A5078155588,alias,,round4_semtie,160
1278,Joshua Ross,A5026776788,alias,,round3_semantic,173
1279,Melissa Miles,A5037033652,exact,,round4_semtie,133
1280,Stephen Redmond,A5013317847,alias,,round3_semantic,230
1281,Lisa Butler,A5050075947,alias,,round3_semantic,492
1282,Kate Sanders,A5091288342,alias,,round3_semantic,110
1283,Yasmine Musharbash,A5090629083,exact,,name_unique,62
1284,Luz Boyero,A5016875916,exact,,name_unique,171
1285,Heloise Gibb,A5076815889,alias,,round4_semtie,137
1286,Suhelen Egan,A5032188457,exact,,name_unique,117
1287,Catia Domingues,A5058586357,alias,,round3_semantic,85
1288,Zhiyong Tang,A5067430528,exact,,round4_semtie,672
1289,Wen Lei,A5056913793,alias,,round4_semtie,461
1290,Nathan Clisby,A5014176746,alias,,round4_semtie,44
1291,Fares Al-Ejeh,A5036264210,exact,,round4_semtie,129
1292,Andrew Fleming,A5055319905,alias,,round3_semantic,327
1293,Christine Winter,A5101827259,exact,,round4_semtie,210
1294,Kate Schroder,A5029662334,alias,,round4_semtie,189
1295,Joselito Razal,A5049532431,alias,,round3_semantic,250
1296,Yingjie Yang,A5006135936,alias,,round4_semtie,232
1297,Gerard Goggin,A5028129143,alias,,round4_semtie,346
1298,Simon Griffith,A5075126259,alias,,round3_semantic,305
1299,Prashant Sonar,A5063148036,exact,,round4_semtie,349
1300,Kylie Hesketh,A5008005872,alias,,round3_semantic,314
1301,Andrew Bowie,A5009801587,alias,,round3_semantic,241
1303,Julie Clutterbuck,A5074097019,exact,,name_unique,35
1304,Dean Rickles,A5035908423,alias,,round4_semtie,183
1305,Sam Banks,A5109899434,alias,,round3_semantic,155
1306,Zi Huang,A5078170935,exact,,round4_semtie,398
1307,Frances Kuo,A5045896084,alias,,round3_semantic,181
1308,Paolo Raiteri,A5071019558,exact,I205640436,round2_inst,249
1309,Rana Hinman,A5015081262,alias,,round3_semantic,529
1310,Michael Breadmore,A5069019979,alias,,round3_semantic,307
1311,Gabriel da Silva,A5004403965,exact,,round4_semtie,223
1313,Hui Hu,A5100422502,alias,,round4_semtie,512
1314,Justine Smith,A5055467340,alias,,round4_semtie,431
1315,Katharine McGregor,A5066241922,exact,,round4_semtie,55
1316,Justin Seymour,A5080289309,alias,,round3_semantic,217
1317,Tracey Banivanua-Mar,A5019824937,alias,,round4_semtie,46
1318,Amanda Ellis,A5018568646,exact,,round4_semtie,981
1319,Jason Wong,A5072309345,alias,,round3_semantic,332
1320,Joanne Arciuli,A5045593543,alias,,round4_semtie,179
1321,Sally Young,A5023381652,alias,,round4_semtie,128
1322,Yongping Wei,A5023849125,exact,,round4_semtie,183
1323,Clare Wright,A5005504727,alias,,round4_semtie,78
1324,Belinda Parker,A5045235444,alias,,round3_semantic,234
1325,Joao Diniz da Costa,A5018311475,alias,,round3_semantic,360
1326,Paul Baldock,A5029220305,alias,,round3_semantic,160
1327,Chenghua Sun,A5058308419,alias,,round4_semtie,463
1328,Hans Kieser,A5017965583,fuzzy,,round3_semantic,96
1329,Penelope King,A5012983965,alias,,round3_semantic,232
1330,Matthew Kearnes,A5067191886,exact,,name_unique,88
1331,Paul Donnelly,A5112877679,alias,,round3_semantic,515
1332,Zhongfan Jia,A5014010460,alias,,round4_semtie,160
1333,David Evans,A5087003938,alias,,round4_semtie,2197
1334,Paul Jackson,A5050242178,alias,,round3_semantic,3632
1335,Valerie Harwood,A5019740879,alias,,round4_semtie,174
1336,Melinda Hinkson,A5052020310,alias,,round4_semtie,109
1337,Andrew Fairbairn,A5052482378,exact,,round4_semtie,124
1338,Justin Hamilton,A5037526449,alias,,round3_semantic,81
1339,Ueli Nachbur,A5065424896,exact,,name_unique,54
1340,Stefanie Becker,A5047893798,alias,,round3_semantic,197
1341,Bang Bui,A5068760555,alias,,round3_semantic,268
1342,Matthew Hill,A5038728602,alias,I1292875679,round3_semantic,155
1344,Freya Fowkes,A5050635434,alias,,round3_semantic,160
1345,Irina Vetter,A5005160521,alias,,round4_semtie,269
1346,Shaobai Huang,A5044601381,exact,,round4_semtie,68
1347,Monika Murcha,A5012461672,alias,,round3_semantic,84
1348,Bruce Preston,A5068641067,exact,,round4_semtie,128
1349,Alexander Idnurm,A5070444328,alias,,round4_semtie,231
1350,Brock Bastian,A5017938670,exact,,name_unique,210
1352,Jonathan Oakhill,A5070326774,alias,,round3_semantic,103
1353,Susan Broomhall,A5004500643,exact,,round4_semtie,355
1354,Sarah Biddulph,A5053206545,exact,,name_unique,95
1355,Paul Frijters,A5077002222,exact,,round4_semtie,364
1356,Bram Slagmolen,A5091492769,alias,,round3_semantic,433
1357,Allison Waters,A5003378965,alias,,round3_semantic,218
1358,Pradeep Tanwar,A5025474706,alias,,round3_semantic,95
1359,Melanie Swalwell,A5037039328,exact,,round4_semtie,47
1360,Jodie Bradby,A5041779189,alias,,round3_semantic,163
1361,Dacheng Tao,A5074103823,alias,,round4_semtie,1941
1362,Scott Mueller,A5016350097,alias,,round3_semantic,169
1363,Michele Trenti,A5082471169,exact,,name_unique,399
1364,Ivor Tsang,A5021751767,alias,,round3_semantic,494
1365,Simon Farrell,A5077470909,exact,,round4_semtie,137
1366,Nicolas Taylor,A5103898997,alias,,round3_semantic,222
1367,Brian Abbey,A5089723778,exact,,name_unique,195
1368,Xiaolin Wang,A5100322864,alias,,round4_semtie,1193
1369,Dane McCamey,A5015853294,alias,,round3_semantic,135
1370,Suzanne Miller,A5063001635,alias,,round4_semtie,304
1371,John Hellstrom,A5026671736,alias,,round4_semtie,416
1372,Trevor Cohn,A5078530959,exact,,name_unique,383
1373,Anne-Maree Farrell,A5003090638,exact,,name_unique,156
1374,Yvonne Buckley,A5000167575,alias,,round3_semantic,214
1375,Daniel Price,A5013805663,alias,,round3_semantic,295
1376,Dayong Jin,A5100633582,exact,,round4_semtie,610
1377,Derek Arnold,A5074726896,alias,,round3_semantic,194
1378,Sara Davies,A5056995682,alias,,round3_semantic,213
1379,Weihua Liu,A5031637834,alias,I1292875679,round4_semtie,307
1380,Karl Rosengren,A5038467362,alias,,round3_semantic,204
1381,Wallace Wong,A5058487031,alias,,round3_semantic,212
1382,Zoltan Neufeld,A5055338740,exact,,name_unique,107
1383,Natasha Harvey,A5086662582,alias,,round3_semantic,87
1384,Yin Paradies,A5029141180,exact,,round4_semtie,401
1385,Andrew Mitchell,A5071923410,alias,,round3_semantic,520
1386,Xiaodong Huang,A5068970345,alias,,round4_semtie,507
1387,Sue Jackson,A5055178407,exact,,round4_semtie,282
1389,Sarah Bekessy,A5042583761,alias,,round3_semantic,159
1390,Craig White,A5082488407,alias,,round3_semantic,269
1391,Gavin Prideaux,A5057536575,alias,,round3_semantic,117
1392,Maria Seton,A5011175371,exact,,name_unique,173
1393,Susan Danby,A5006103453,alias,,round4_semtie,263
1394,James Weller,A5044193254,alias,,round3_semantic,156
1395,James Leach,A5051021794,alias,,round4_semtie,156
1396,Wenhui Duan,A5033079136,alias,,round4_semtie,619
1397,Andrew Anderson,A5071895434,alias,,round3_semantic,150
1398,Jeffrey Davis,A5040530102,alias,,round3_semantic,370
1399,Ryan Lister,A5057408603,exact,,name_unique,191
1400,Sandra Jones,A5029349607,alias,I86695891,round2_inst,471
1401,Anthony Wirth,A5087794199,exact,,name_unique,128
1402,Rajkumar Buyya,A5014716105,alias,,round4_semtie,1403
1403,STAVROS SELEMIDIS,A5047909615,exact,,name_unique,135
1404,Jason Monty,A5023371791,exact,,name_unique,247
1405,Pablo Moscato,A5041229487,exact,,round4_semtie,246
1406,Nicole Bell,A5002462495,alias,,round3_semantic,135
1407,Marcela Bilek,A5087087362,alias,,round3_semantic,466
1408,Jochen Mueller,A5089520065,alias,,round3_semantic,642
1409,Edward Aspinall,A5051179148,exact,,round4_semtie,207
1410,Timothy Baldwin,A5103085805,alias,,round4_semtie,449
1411,John Bamberg,A5033315445,alias,,round4_semtie,162
1412,Aristides Gionis,A5022164041,alias,,round4_semtie,375
1413,Runyao Duan,A5109830244,alias,,round4_semtie,135
1415,Andrew Leach,A5065961187,alias,,round4_semtie,181
1416,John Zhu,A5033539820,alias,,round4_semtie,583
1417,Nicole Cloonan,A5084301986,exact,,round4_semtie,105
1418,Paula McDonald,A5034040008,alias,,round4_semtie,212
1419,Gilles Guillemin,A5075562396,alias,,round3_semantic,474
1420,Suzanne Chambers,A5040734426,alias,,round3_semantic,457
1421,Andy Herries,A5023726210,alias,,round3_semantic,152
1422,Todd Oliynyk,A5007227171,alias,,round3_semantic,83
1423,Peter Kopittke,A5000563634,alias,,round3_semantic,353
1424,Stephanie Gras,A5088068626,alias,,round4_semtie,191
1425,Zheng Jiang,A5006147935,alias,,round3_semantic,919
1426,Michael Piper,A5086214764,exact,,round4_semtie,160
1427,Lyndsey Nickels,A5032979408,exact,,name_unique,331
1428,Amanda Barnier,A5003473190,alias,,round3_semantic,152
1429,Orsola De Marco,A5057362556,exact,,round4_semtie,325
1430,Jason Potts,A5042648415,alias,,round4_semtie,408
1431,Jonathon Barnett,A5085632683,alias,,round3_semantic,212
1432,Jennifer Corrin,A5001390703,alias,,round4_semtie,150
1433,Rob Atkin,A5077693107,exact,,round3_semantic,261
1434,Daniela Traini,A5087142025,exact,,name_unique,323
1435,Ivan Nagelkerken,A5037665177,exact,,name_unique,227
1436,Hongxia Wang,A5100322864,alias,,round4_semtie,1193
1437,Marcel Jackson,A5032939431,exact,,round4_semtie,102
1438,Jeffrey Harmer,A5080885291,alias,,round3_semantic,277
1439,Paul Adlard,A5023428581,alias,,round3_semantic,221
1440,Stuart Bedford,A5058468175,alias,,round4_semtie,171
1441,Joseph Hope,A5013157879,alias,,round3_semantic,157
1442,Justine Ellis,A5011738671,alias,,round3_semantic,136
1443,Seok-Hee Hong,A5071834503,exact,,round4_semtie,209
1444,Daniel Hatters,A5008377267,alias,,round3_semantic,107
1445,Christopher Fogwill,A5045247167,alias,,round3_semantic,166
1446,Caroline Jones,A5014416264,exact,,round4_semtie,125
1447,Louise D'Arcens,A5033700094,alias,,round3_semantic,114
1448,Kai Schulz,A5091734550,alias,,round3_semantic,309
1449,Shaomin Liu,A5100638193,alias,I205640436,round2_inst,805
1450,Jane Ford,A5047585339,alias,,round3_semantic,200
1451,Patrick Kluth,A5090042052,alias,,round3_semantic,223
1452,Barbara Catinella,A5042798740,exact,,name_unique,247
1453,Marija Tabain,A5059321996,exact,,name_unique,89
1454,Ute Eickelkamp,A5044294648,exact,,name_unique,35
1455,Thomas Haselhorst,A5027795204,alias,,round4_semtie,88
1456,Sara Charlesworth,A5068854421,exact,,name_unique,130
1457,Matthew Finkbeiner,A5112061847,exact,,name_unique,63
1458,Christoph Arns,A5059953798,alias,,round3_semantic,216
1460,Dominic Ng,A5019766243,alias,,round4_semtie,84
1461,Steven Most,A5033972361,alias,,round3_semantic,112
1462,Fasseli Coulibaly,A5014375115,exact,,name_unique,66
1463,Julia Martinez,A5035821697,alias,,round3_semantic,102
1464,Evgeny Buchbinder,A5014602778,alias,,round3_semantic,88
1465,Leonie Heilbronn,A5036557857,alias,,round3_semantic,198
1466,Archil Kobakhidze,A5075244093,exact,,name_unique,170
1467,Scott Brown,A5074709577,alias,,round4_semtie,373
1469,Melissa Call,A5045635110,alias,,round4_semtie,79
1470,Paul Gorry,A5091208578,alias,,round3_semantic,142
1471,Heng Tao Shen,A5052993469,exact,,round4_semtie,703
1472,David Turner,A5012263133,alias,,round3_semantic,879
1473,David Warton,A5054836512,alias,,round3_semantic,173
1474,Lorenzo Ntogramatzidis,A5009759761,exact,,name_unique,188
1476,Kirsten Vallmuur,A5038941653,exact,,name_unique,87
1477,Shahram Akbarzadeh,A5005738569,exact,,round3_semantic,238
1478,Matthew Burke,A5077531936,exact,,round4_semtie,170
1479,John Paterson,A5070020447,alias,,round3_semantic,143
1480,Andrew Merchant,A5014802391,exact,,name_unique,94
1481,Nigel Turner,A5039666431,alias,,round4_semtie,301
1482,Cyrille Boyer,A5001395511,alias,,round4_semtie,497
1483,Paul Sidwell,A5068536245,exact,,round3_semantic,114
1484,Tao Liu,A5043928018,exact,,round4_semtie,65334
1485,Alison Ross,A5068597653,alias,,round4_semtie,85
1486,Benjamin Boyd,A5012711579,alias,,round3_semantic,396
1487,Dorrit Jacob,A5031751266,alias,,round3_semantic,243
1488,Simon Avenell,A5050138968,exact,,round4_semtie,88
1489,Dena Lyras,A5081312384,exact,,name_unique,211
1491,Roshanka Ranasinghe,A5045322252,exact,,round4_semtie,268
1492,Russell Bonduriansky,A5073861127,exact,,name_unique,200
1493,Onisha Patel,A5042148105,alias,,round4_semtie,61
1494,Gary Owens,A5073520886,alias,,round4_semtie,322
1495,Derek Abbott,A5040978000,exact,,round4_semtie,1079
1496,Qing Li,A5100404176,alias,,round4_semtie,2449
1497,Keith Jacobs,A5035338038,exact,,round4_semtie,310
1498,Wai-Hong Tham,A5038326007,exact,,round4_semtie,112
1499,John Hooper,A5001191708,alias,,round3_semantic,189
1500,Shauna Murray,A5077003877,alias,,round3_semantic,180
1501,Chunhua Shen,A5006294869,alias,,round4_semtie,860
1502,Anna Ziersch,A5091182086,exact,,name_unique,148
1503,Catherine Mills,A5101505715,exact,,round4_semtie,94
1504,Gregory Brown,A5055278950,alias,,round3_semantic,277
1505,Michelle Wykes,A5031307625,exact,,name_unique,57
1506,Gita Mishra,A5070105243,alias,,round4_semtie,487
1507,Xuehua Zhang,A5001457988,exact,,round4_semtie,521
1508,Nigel Marks,A5041750270,alias,I205640436,round2_inst,220
1509,Timothy Cavagnaro,A5024343532,alias,,round3_semantic,222
1510,Bayden Wood,A5044253971,alias,,round4_semtie,295
1511,Leanne Hides,A5023673789,exact,,name_unique,395
1512,Georgina Such,A5080650707,alias,,round3_semantic,112
1513,Andrew Hogg,A5046927861,alias,,round3_semantic,309
1514,Mark Halsey,A5061221134,exact,,round4_semtie,110
1515,Michele Ford,A5057635394,alias,,round4_semtie,180
1516,Michelle Hill,A5070498464,alias,,round3_semantic,223
1517,Mathias Dutschmann,A5021487531,exact,,name_unique,201
1518,Nicolas Cherbuin,A5002065453,alias,,round4_semtie,335
1519,Catherine Suter,A5078579946,alias,,round3_semantic,102
1520,Richard Fuller,A5036770672,alias,,round4_semtie,403
1522,Martin Wechselberger,A5089288259,exact,,name_unique,93
1524,Sean Ulm,A5068897012,exact,,round3_semantic,271
1525,Andrei Lyamin,A5024468460,alias,,round3_semantic,131
1526,Marcus Meinzer,A5068847747,alias,,round4_semtie,165
1527,Joshua Mylne,A5025271401,alias,,round3_semantic,110
1528,Francesca Iacopi,A5085512740,exact,,round4_semtie,257
1529,Cedric Simenel,A5083759542,alias,,round3_semantic,222
1530,Tom Karagiannis,A5078535728,alias,I142471025,round3_semantic,205
1531,Madeleine Beekman,A5067827338,alias,,round4_semtie,227
1532,Lianzhou Wang,A5100385100,exact,,round4_semtie,1602
1533,Helen Pask,A5019793507,alias,,round3_semantic,207
1534,Katy Evans,A5033850826,alias,I205640436,round2_inst,142
1535,Cheryl Shoubridge,A5007870842,exact,,name_unique,77
1536,Gerhard Schenk,A5026257435,alias,,round4_semtie,356
1537,Judith Cameron,A5067981386,exact,,round4_semtie,54
1538,Carl Spandler,A5007191033,exact,,round4_semtie,175
1539,Peter Catcheside,A5058046345,alias,,round4_semtie,316
1540,Stephen Cameron,A5079179847,alias,,round3_semantic,188
1541,Sebastien Perrier,A5014057252,alias,,round4_semtie,332
1542,Huagui Yang,A5100770981,alias,,round3_semantic,434
1543,Suzanne Fraser,A5068361782,alias,I205640436,round2_inst,201
1544,Darren Curnoe,A5020076040,exact,,name_unique,98
1545,Alexander Heger,A5035138469,alias,,round4_semtie,486
1546,Nicole Webster,A5057141730,alias,,round3_semantic,218
1547,Ian Grainge,A5017400423,exact,,name_unique,56
1548,Kate Senior,A5070422602,alias,,round3_semantic,712
1549,Jenny Yingzi Wang,A5031528165,alias,,round3_semantic,229
1550,Christopher Tonkin,A5088878681,alias,,round3_semantic,84
1551,Philippe Caroff-Gaonac'h,A5015281781,alias,,round3_semantic,232
1552,George Hobbs,A5081228919,alias,I1292875679,round2_inst,429
1553,Jason Sharman,A5113603494,alias,,round3_semantic,161
1554,Terence O'Kane,A5006843590,alias,I1292875679,round2_inst,243
1555,Paul Timpson,A5064107409,exact,,name_unique,429
1556,Dan Svantesson,A5090072619,alias,I120125038,round2_inst,295
1557,Matthew McKenzie,A5021358192,alias,,round4_semtie,86
1558,Pall Thordarson,A5065630135,exact,,round4_semtie,268
1559,Yonghui Li,A5100448724,exact,,round4_semtie,1141
1560,Lucy Marshall,A5053383515,exact,,round4_semtie,249
1561,Emery Schubert,A5029602122,exact,,name_unique,178
1562,Bruce Yabsley,A5075323817,alias,,round3_semantic,2506
1563,Michael Samuel,A5018114066,alias,,round4_semtie,176
1564,Clare Hawkins,A5082145076,alias,,round3_semantic,226
1565,Miroslav Macka,A5011260131,alias,,round3_semantic,310
1566,Joanne Dickinson,A5104857678,alias,,round3_semantic,163
1567,Tapabrata Ray,A5061883146,alias,,round4_semtie,324
1568,Elizabeth Leane,A5086871189,alias,,round4_semtie,150
1569,Salit Kark,A5033454060,exact,,name_unique,169
1570,Hai Vu,A5069363273,alias,,round3_semantic,285
1572,Kirrie Ballard,A5018988365,alias,,round3_semantic,178
1573,Zhi Ping Xu,A5100699454,exact,,round4_semtie,569
1574,Deborah Warr,A5071316983,exact,,name_unique,108
1575,Jennifer Hudson,A5017426474,alias,,round3_semantic,278
1576,Jennifer Milam,A5059821242,exact,,round4_semtie,39
1577,Budiman Minasny,A5051455406,alias,,round4_semtie,616
1578,Jade Forwood,A5029725982,alias,I153230381,round2_inst,193
1579,Ross Young,A5029492036,alias,,round3_semantic,308
1580,Murray Peel,A5063349644,alias,,round3_semantic,210
1581,Gavan McNally,A5024039361,alias,,round3_semantic,182
1582,Zanna Chase,A5008038356,exact,,name_unique,190
1583,Justin O'Brien,A5009867465,alias,,round3_semantic,125
1584,Heather Handley,A5015243141,exact,,name_unique,105
1585,Martijn van de Pol,A5006832649,exact,,name_unique,110
1586,Sergiy Shelyag,A5014154903,alias,,round3_semantic,138
1587,Ehsan Arabzadeh,A5003622202,exact,,round4_semtie,95
1588,Peter Anstey,A5069498459,alias,,round3_semantic,133
1589,Marc Oxenham,A5075258991,alias,,round4_semtie,168
1590,Baoping Li,A5073301336,alias,,round4_semtie,272
1591,Naotsugu Tsuchiya,A5026535553,alias,,round4_semtie,235
1592,Paul Low,A5024152240,alias,,round3_semantic,996
1593,Min Chen,A5100337209,alias,,round4_semtie,1408
1594,Patrick Baker,A5085092796,alias,,round3_semantic,192
1595,Mark McLelland,A5063359269,alias,,round4_semtie,144
1596,Gary Froyland,A5016233400,exact,,name_unique,205
1597,Alan Collins,A5046466285,alias,,round3_semantic,378
1598,Elizabeth Krenske,A5000188305,alias,,round3_semantic,216
1599,Donald McNeill,A5063636636,alias,,round4_semtie,152
1600,Tong Lin,A5100769666,alias,,round4_semtie,391
1601,Rui Zhang,A5100422102,alias,,round4_semtie,1297
1602,David Harrich,A5017279608,exact,,name_unique,98
1603,Mike Letnic,A5011750705,alias,,round4_semtie,222
1604,Sheshanath Bhosale,A5044696583,alias,,round3_semantic,395
1605,Peter Solomon,A5066146500,alias,,round3_semantic,182
1606,Scott Cummins,A5068222080,alias,,round3_semantic,204
1607,Clinton Free,A5033670590,exact,,name_unique,59
1608,Dietmar W. Hutmacher,A5003215109,alias,,round4_semtie,827
1609,Benjamin Newell,A5021914264,alias,,round3_semantic,351
1611,James Chon,A5055709573,alias,,round3_semantic,108
1612,Gavin Conibeer,A5016304583,alias,,round4_semtie,395
1613,Sarah Holcombe,A5078923245,exact,,round4_semtie,95
1614,James Bailey,A5031013029,alias,,round4_semtie,536
1615,Boris Baer,A5058282030,exact,,round4_semtie,125
1616,Katharine Gelber,A5073798876,exact,,round4_semtie,159
1617,Mark Pelusi,A5056111604,exact,,round4_semtie,237
1618,Matthew Sellars,A5083736781,alias,,round3_semantic,147
1619,Kristofer Thurecht,A5014665196,alias,,round3_semantic,250
1620,Danielle Navarro,A5045288622,alias,,round3_semantic,259
1621,Selena Bartlett,A5103102064,alias,,round3_semantic,54
1622,Craig Williams,A5052572299,alias,,round3_semantic,461
1623,Amanda Ridley,A5088647455,alias,,round3_semantic,172
1624,Christina Twomey,A5006370688,exact,,round4_semtie,106
1625,John Canning,A5037901723,exact,,round4_semtie,850
1626,Nicholas Hutchins,A5018874846,exact,,round4_semtie,336
1627,Andrew Millar,A5004433673,alias,,round3_semantic,434
1628,Sally-Ann Poulsen,A5007995592,alias,,round4_semtie,155
1629,Marion Maddox,A5089577329,alias,,round4_semtie,87
1630,Angus Johnston,A5086995353,alias,,round3_semantic,217
1631,David Lupton,A5008812521,alias,,round3_semantic,233
1633,Lachlan Coin,A5056039026,alias,,round4_semtie,321
1634,Scott Johnston,A5041888075,alias,,round3_semantic,222
1635,Geoffrey Levey,A5064014730,alias,,round3_semantic,81
1636,Sarah Spencer,A5058063005,alias,,round3_semantic,167
1637,Katrina McGuigan,A5035695817,exact,,name_unique,91
1638,Kelly Smith,A5110109250,alias,,round3_semantic,34
1639,Jung Ho Kim,A5056808142,alias,,round4_semtie,2790
1640,Benno Torgler,A5077256749,exact,,round4_semtie,713
1642,Brian Anderson,A5074363981,alias,,round3_semantic,229
1643,Erik Wapstra,A5013130357,exact,,round4_semtie,306
1644,John McFerran,A5103101462,alias,,round3_semantic,93
1645,Jennifer Lewis,A5018656376,alias,,round3_semantic,39
1646,Anandwardhan Hardikar,A5015293558,alias,,round3_semantic,145
1647,Julie McLeod,A5073968412,alias,,round4_semtie,175
1648,Robyn Meech,A5019672015,exact,,name_unique,96
1649,Marco Fiorentini,A5028967721,alias,,round3_semantic,258
1650,Carla Sgro,A5068364542,alias,,round3_semantic,166
1651,Jane McAdam,A5020477415,exact,,round4_semtie,239
1652,Martin Mills,A5084734985,exact,,round4_semtie,262
1653,Andrea Whittaker,A5079583411,exact,,round4_semtie,193
1654,Sandra Piazolo,A5030383698,alias,,round4_semtie,364
1655,Ivan Crozier,A5008926107,exact,,name_unique,83
1656,Philip de Chazal,A5078054483,alias,,round4_semtie,195
1657,Ross Thompson,A5010142429,alias,,round3_semantic,189
1658,Sarah Harmer,A5071762672,alias,,round3_semantic,72
1659,Murray Elder,A5030338122,exact,,name_unique,121
1660,Stefan Williams,A5044131792,alias,,round3_semantic,218
1661,Patrick Meir,A5050358490,exact,,round4_semtie,388
1662,Kathy Arthurson,A5024398025,alias,,round4_semtie,103
1663,Ben Saul,A5047825662,exact,,round4_semtie,247
1664,Yann Gambin,A5077923906,exact,,name_unique,120
1665,Andreas Lopata,A5079654252,alias,,round3_semantic,398
1666,Philip Nakashima,A5043822253,alias,,round3_semantic,82
1667,Dusan Losic,A5003652299,exact,,round4_semtie,499
1669,Daniel Fitzpatrick,A5090185318,exact,,round4_semtie,108
1670,Nadia Solowij,A5063703477,exact,,name_unique,189
1671,Anne Orford,A5055081040,exact,,name_unique,119
1672,Adam Hill,A5060826983,alias,,round3_semantic,162
1673,Frederik Vercauteren,A5032574536,alias,,round4_semtie,175
1674,David Tscharke,A5045887042,alias,,round3_semantic,153
1675,Kazu Kikuchi,A5012795226,exact,,name_unique,66
1676,Han Huang,A5100709581,alias,,round4_semtie,652
1677,Sanming Zhou,A5077967587,alias,,round4_semtie,208
1678,Duanfang Lu,A5072268868,exact,,name_unique,40
1679,Lan Fu,A5054231666,alias,,round4_semtie,323
1680,Peter Crack,A5064944464,alias,,round3_semantic,110
1681,Michael Rafferty,A5039818306,alias,,round4_semtie,161
1682,Bronwen Morgan,A5004638634,exact,,round4_semtie,119
1683,Andre Renzaho,A5084934841,alias,,round3_semantic,438
1684,Daniel Zucker,A5038770526,alias,,round3_semantic,295
1685,Sarah Medland,A5011519020,alias,,round3_semantic,791
1686,Mark Colyvan,A5052471655,alias,,round4_semtie,169
1687,Elena Ostrovskaya,A5016575257,alias,,round3_semantic,238
1688,Alison Funston,A5015579525,alias,,round3_semantic,112
1689,Ian Wanless,A5019627457,alias,,round3_semantic,184
1690,Wouter Schellart,A5018307892,alias,,round3_semantic,209
1691,Ethan Scott,A5076150919,alias,,round3_semantic,109
1692,Assa Doron,A5086532477,alias,,round4_semtie,89
1694,Jolanda Jetten,A5004337400,exact,,name_unique,469
1695,David Kielpinski,A5051592659,alias,,round3_semantic,192
1696,Christopher Chaston,A5039645035,alias,,round3_semantic,216
1697,Shari Forbes,A5010828956,alias,,round3_semantic,205
1698,Matt King,A5057576854,alias,,round3_semantic,355
1699,Loeske Kruuk,A5034616536,alias,,round3_semantic,214
1700,Kate Shaw,A5107922771,alias,,round4_semtie,316
1701,Paolo Bubbio,A5008509041,fuzzy,,round3_semantic,88
1702,Christopher Blake,A5108678374,alias,,round4_semtie,80
1703,Lisa Kewley,A5027796962,alias,,round3_semantic,500
1704,Hark Hoe Tan,A5059240816,exact,,round4_semtie,1175
1705,Ebinazar Namdas,A5023348013,alias,,round3_semantic,165
1706,Stephanie Brown,A5078278213,exact,,round4_semtie,305
1707,Heath Ecroyd,A5083304343,exact,,round4_semtie,124
1708,Haibo Yu,A5039169614,exact,,round4_semtie,182
1710,Changhai Ding,A5029946717,alias,,round4_semtie,584
1711,Jason Evans,A5073805601,alias,,round3_semantic,439
1712,Diana Fisher,A5058065051,alias,,round3_semantic,115
1713,Cordelia Fine,A5029372639,alias,,round4_semtie,61
1714,Greg Qiao,A5090998106,alias,,round3_semantic,406
1715,Lyndall Strazdins,A5086465892,exact,,round4_semtie,180
1716,Sarah Pryke,A5007410963,alias,,round3_semantic,68
1717,Robyn Langdon,A5024711241,alias,,round4_semtie,208
1718,Thomas Bibby,A5060998789,alias,,round3_semantic,70
1719,Travis Klein,A5072967810,alias,,round4_semtie,149
1720,Tariq Ezaz,A5077263123,exact,,round4_semtie,197
1721,James Borger,A5085867060,exact,,round4_semtie,40
1722,Andrew Rosser,A5051896079,alias,,round4_semtie,401
1723,Paul Young,A5012646235,alias,,round3_semantic,385
1724,Andrew Lowe,A5071737201,alias,I205640436,round2_inst,180
1725,Norelle Daly,A5080112340,alias,,round3_semantic,289
1726,Todd Mitchell,A5059130544,alias,,round3_semantic,176
1727,Anthony Henderson,A5072805397,alias,,round4_semtie,69
1728,James McCaw,A5001788962,alias,,round3_semantic,223
1729,Duk-Yong Choi,A5004914333,alias,,round4_semtie,514
1730,Andreas Stasch,A5006430396,exact,,name_unique,620
1731,Simon Drew,A5042751532,alias,,round3_semantic,132
1732,Stephen Lack,A5073756839,alias,,round4_semtie,129
1733,Massimo Hilliard,A5058343547,alias,,round3_semantic,59
1734,Camille Buhl,A5014746205,exact,,name_unique,57
1735,Roland Crocker,A5004701549,alias,,round3_semantic,180
1736,Francesca McInerney,A5007267778,alias,,round3_semantic,82
1737,Jeffrey Babon,A5086602150,alias,,round3_semantic,118
1738,Philip Gerrans,A5059384703,exact,,name_unique,100
1739,Charles Claudianos,A5039699593,exact,,round4_semtie,80
1740,Heroen Verbruggen,A5006850471,exact,,round4_semtie,262
1741,Anne Pender,A5014359393,exact,,round4_semtie,51
1742,Jan Seidel,A5079605556,exact,,round4_semtie,302
1743,Joshua Madin,A5007985600,alias,,round3_semantic,174
1744,Gabriel Molina Terriza,A5083339333,exact,,round4_semtie,164
1745,Douglas Kahn,A5108670592,alias,,round4_semtie,231
1746,Thomas Wernberg,A5026692680,exact,,round4_semtie,297
1747,Bellie Sivakumar,A5008084305,exact,,round4_semtie,369
1748,Andrey Miroshnichenko,A5074616594,alias,,round3_semantic,584
1749,Colin Clifford,A5001538229,alias,,round4_semtie,279
1750,Robert Hester,A5087092731,alias,,round4_semtie,170
1751,Nerina Jimmieson,A5051665760,alias,,round3_semantic,210
1752,Amanda Karakas,A5088116706,alias,,round3_semantic,411
1753,Dan Li,A5100380810,exact,,round4_semtie,1077
1754,Simon Niemeyer,A5015736894,exact,,name_unique,86
1755,Bruce Smyth,A5043486675,exact,,name_unique,137
1756,Elena Belousova,A5056695911,alias,,round3_semantic,423
1757,Fernando Calamante,A5071212566,exact,,name_unique,229
1758,Wayne Davies,A5053471289,alias,,round3_semantic,107
1759,Matthew McCormack,A5052655026,alias,,round3_semantic,61
1761,Lee Wallace,A5048772715,exact,,round4_semtie,64
1762,Matthew Tomlinson,A5065141253,alias,,round3_semantic,119
1763,Sally Weller,A5008020613,exact,,name_unique,80
1764,Gabrielle Belz,A5062316238,alias,,round3_semantic,347
1765,Yuri Levin,A5015048102,alias,,round3_semantic,302
1766,Peter Ireland,A5051850551,alias,,round3_semantic,65
1767,Christopher Kellett,A5022096550,alias,,round3_semantic,192
1768,Michael Smith,A5071611181,alias,,round4_semtie,611
1769,Richard Collins,A5090728820,alias,,round3_semantic,113
1770,Geoffrey Pryde,A5036537125,alias,,round3_semantic,173
1771,Robert Horvath,A5080861242,exact,,round4_semtie,233
1772,Stephanie Donald,A5040887145,alias,,round3_semantic,184
1773,Jason Beringer,A5033905771,exact,,round3_semantic,306
1774,Guoxiu Wang,A5007273016,exact,,round4_semtie,909
1776,Andrew Bradley,A5042053820,alias,,round4_semtie,258
1777,Jennifer Deger,A5039326399,exact,,round4_semtie,86
1778,Alister Graham,A5043358107,alias,,round3_semantic,295
1779,Corey Bradshaw,A5070000668,alias,,round3_semantic,513
1780,Joseph Tomkins,A5090913163,alias,,round3_semantic,127
1781,Xiaozhou Liao,A5069784195,exact,,round4_semtie,396
1782,Mehdi Mobli,A5027954268,exact,,name_unique,170
1783,Michael Small,A5015055144,alias,,round4_semtie,653
1784,Natalie Borg,A5019562426,alias,,round3_semantic,66
1785,Penny Edmonds,A5062451585,alias,,round3_semantic,109
1786,Daniel Macdonald,A5077826305,exact,,round4_semtie,459
1787,Leigh Coultas,A5045358062,exact,,name_unique,44
1788,Mark McKenna,A5019173682,alias,,round4_semtie,261
1789,Thomas Leistner,A5050333409,exact,,name_unique,87
1790,Maryrose Casey,A5022616435,alias,,round4_semtie,94
1791,John Hammond,A5016274906,alias,,round3_semantic,193
1792,Trent Woodruff,A5055017065,alias,,round3_semantic,352
1793,Daniel Murphy,A5047102367,alias,,round4_semtie,312
1794,Ryan Lowe,A5038882588,exact,,round4_semtie,298
1795,Brant Gibson,A5039061435,alias,,round3_semantic,262
1796,Gyorgy Hutvagner,A5012268284,exact,,round4_semtie,91
1797,Michelle Baker,A5069294286,alias,I1292875679,round2_inst,137
1798,Grzegorz Skrzypek,A5029300673,alias,,round4_semtie,157
1800,Gavin Flematti,A5010384949,alias,,round3_semantic,187
1801,Glen Ulett,A5058445985,alias,,round3_semantic,165
1802,Dagmar Wilhelm,A5044931412,alias,,round4_semtie,123
1803,Sarah Johnson,A5010753349,alias,,round3_semantic,378
1804,Raymond Steptoe,A5063324769,alias,,round3_semantic,136
1805,Clive Schofield,A5090985498,exact,,round4_semtie,295
1806,Andrew Francis,A5063389459,exact,,round4_semtie,172
1807,Sharon Parker,A5016251055,alias,,round3_semantic,375
1808,Desmond Manderson,A5066667446,exact,,round4_semtie,182
1809,Christine Beveridge,A5021798737,alias,,round3_semantic,185
1810,Wesley Widmaier,A5033824215,alias,,round3_semantic,60
1811,Anthony Hannan,A5052976583,alias,,round3_semantic,339
1812,Michelle Heupel,A5030500452,alias,,round3_semantic,262
1813,David Copland,A5066165958,alias,,round3_semantic,338
1814,Xingquan Zhu,A5001246506,alias,,round4_semtie,671
1815,Hisatomi Arima,A5086855818,exact,,round4_semtie,589
1816,Michael Davies,A5048327749,alias,,round4_semtie,1224
1817,Zane Andrews,A5007604702,alias,,round3_semantic,184
1818,Gregory Lane,A5102996036,alias,,round3_semantic,369
1819,Tomasz Kowalski,A5053842643,alias,,round4_semtie,102
1820,Matthew Barnett,A5021895988,exact,,round4_semtie,382
1821,David Dunstan,A5044902961,alias,I142471025,round2_inst,632
1822,Xiu Song Zhao,A5100445703,alias,,round4_semtie,982
1823,Sean Li,A5044978302,exact,,round4_semtie,500
1824,Peter Tuthill,A5016960997,exact,,round4_semtie,455
1825,Elaine Wong,A5044922102,alias,,round4_semtie,324
1826,Terry Frankcombe,A5047258701,alias,,round3_semantic,121
1827,Ajayan Vinu,A5015562487,alias,,round4_semtie,639
1828,Melanie Bahlo,A5061764650,exact,,name_unique,439
1829,Graham Hughes,A5111676885,alias,,round4_semtie,442
1830,Ian Wright,A5028139677,alias,,round3_semantic,313
1831,Cormac Corr,A5076606130,exact,,name_unique,124
1832,Feike Dijkstra,A5064229546,alias,,round3_semantic,254
1833,Anthony White,A5045915090,alias,,round3_semantic,313
1834,Michael McCarthy,A5025024507,alias,,round3_semantic,341
1835,Michael Bromley,A5009981990,alias,,round3_semantic,90
1836,Nicholas Seymour,A5035042727,alias,I205640436,round2_inst,380
1837,Dominic Berry,A5085151983,alias,,round3_semantic,281
1838,Matthew Sweet,A5026924357,alias,,round3_semantic,228
1839,David McGuinness,A5013000968,alias,,round3_semantic,126
1840,Sharon Pickering,A5054700358,exact,,round4_semtie,207
1841,Esther Charlesworth,A5044462077,exact,,name_unique,52
1842,Brendan Wintle,A5047183172,alias,,round3_semantic,224
1843,Grant Dewson,A5073982345,exact,,name_unique,142
1844,Ruth Kluck,A5048884063,alias,,round3_semantic,85
1845,Christopher Maher,A5012328768,alias,,round3_semantic,1011
1846,Bronwyn Gillanders,A5087370269,alias,,round3_semantic,333
1847,Hilde Tubex,A5045262132,alias,,round4_semtie,114
1848,Alexandra Gillespie,A5026530276,exact,,round3_semantic,68
1849,Sandra Floyd,A5014274308,alias,,round3_semantic,36
1850,Livia Hool,A5023899010,alias,,round3_semantic,204
1851,Idriss Blakey,A5014471792,alias,,round4_semtie,151
1852,Jorgen Rasmussen,A5089881368,alias,,round3_semantic,117
1853,Craig Smith,A5017323254,alias,,round3_semantic,186
1854,Kristen Nowak,A5017114623,alias,,round3_semantic,267
1855,Maureen O'Malley,A5052479288,alias,,round3_semantic,117
1856,Craig O'Neill,A5037735809,alias,,round3_semantic,157
1857,Helen MacDonald,A5010635935,exact,,round4_semtie,45
1858,Evan Moore,A5057877864,alias,,round3_semantic,223
1859,Jason Peart,A5004008884,alias,,round3_semantic,182
1860,Rebecca Jennings,A5082358610,alias,,round4_semtie,57
1861,Tianhai Tian,A5039097797,exact,,round4_semtie,167
1862,Bruno van Swinderen,A5075309572,alias,,round4_semtie,163
1863,Joachim Gudmundsson,A5087003217,exact,,round4_semtie,318
1864,Amanda Keddie,A5001040257,alias,,round4_semtie,267
1865,Celine Nauges,A5105845982,exact,,round4_semtie,212
1866,Elizabeth Scarr,A5063663165,alias,,round4_semtie,170
1867,Katrin Meissner,A5009719935,alias,,round3_semantic,182
1868,Adrian Manning,A5048135041,alias,,round3_semantic,136
1869,Christian Doonan,A5083099327,alias,,round3_semantic,475
1871,Paul Francis,A5022628011,alias,,round3_semantic,249
1872,Kelly Fielding,A5047055323,alias,,round3_semantic,190
1874,Dmitry Fursa,A5004665989,alias,I205640436,round2_inst,401
1875,Jonathan Waters,A5030023952,alias,,round3_semantic,323
1876,Sheena McGowan,A5024989335,exact,,round4_semtie,117
1877,Mark Schembri,A5059456421,alias,,round3_semantic,373
1878,Joseph Ciarrochi,A5069689429,alias,I86695891,round2_inst,303
1879,Dustin Marshall,A5027894993,alias,,round3_semantic,265
1880,Tamara Davis,A5075733791,alias,,round3_semantic,426
1881,Robert Sparrow,A5003388479,alias,,round4_semtie,149
1882,Maria Lugaro,A5036569027,alias,,round4_semtie,373
1883,Ulrike Mathesius,A5002900420,alias,,round4_semtie,137
1884,Ian Smyth,A5005766430,exact,,round4_semtie,116
1885,Sarah McNaughton,A5020936902,alias,,round3_semantic,363
1886,Andrew Harris,A5024439180,alias,,round3_semantic,182
1887,Christophe Fumeaux,A5031042967,alias,,round4_semtie,505
1888,Stephen Morey,A5015488429,alias,,round4_semtie,67
1889,Evatt Hawkes,A5068312712,alias,,round3_semantic,235
1890,Daniel Shaddock,A5075697176,alias,,round3_semantic,378
1891,Karen Kheruntsyan,A5078510078,alias,,round3_semantic,187
1892,Christopher Wright,A5101483076,alias,,round3_semantic,74
1893,Philip Piper,A5071515221,alias,,round3_semantic,145
1894,Stephen Nutt,A5003798176,alias,,round3_semantic,362
1895,Matthias Klugmann,A5008892103,exact,,name_unique,118
1896,Chris Manzie,A5020178903,alias,,round4_semtie,331
1897,Sven Rogge,A5025971682,alias,,round4_semtie,260
1898,David Beattie,A5008865748,alias,,round4_semtie,140
1899,Cameron Kepert,A5046584123,alias,,round3_semantic,821
1900,Kristian Krabbenhoft,A5073968971,alias,,round3_semantic,117
1901,Andrew Hill,A5019296552,alias,,round3_semantic,371
1902,Gary Hill,A5019106560,alias,,round3_semantic,769
1903,Stephen Williams,A5045174960,alias,,round4_semtie,1827
1904,Aidan Sims,A5091380066,exact,,round4_semtie,269
1905,Melinda Cooper,A5081203523,alias,,round4_semtie,94
1906,Elaine Jeffreys,A5002290376,exact,,name_unique,92
1907,Ingrid van der Mei,A5071467218,alias,,round4_semtie,303
1908,Adrian Hearn,A5029958592,alias,,round3_semantic,89
1909,Adrienne Nicotra,A5034281205,alias,,round3_semantic,169
1910,Matthew Rimmer,A5020616444,exact,,round4_semtie,734
1912,Megan Cassidy-Welch,A5080544222,exact,,round4_semtie,98
1913,Timothy Garoni,A5086477624,alias,,round3_semantic,64
1915,Patricia Valery,A5087222566,alias,I29894533,round2_inst,305
1916,Adrian Sheppard,A5007352291,alias,,round4_semtie,241
1917,Deborah Marsh,A5051055093,alias,,round3_semantic,206
1918,Thiruma Arumugam,A5079636891,alias,,round3_semantic,249
1919,Miranda Rose,A5033707221,exact,,round3_semantic,222
1920,Josephine McDonald,A5030327003,alias,,round3_semantic,134
1921,Janine Deakin,A5003786277,alias,,round3_semantic,132
1922,Andrew Truscott,A5056088427,alias,,round3_semantic,164
1923,Nicholas Aroney,A5076654804,alias,,round4_semtie,432
1924,Yun Liu,A5040223036,exact,,round4_semtie,893
1925,Paulette van Vliet,A5081062946,exact,,name_unique,79
1926,Amy Jordan,A5001098137,alias,,round3_semantic,182
1927,Scott Croom,A5067344624,alias,,round3_semantic,528
1928,Farida Fozdar,A5087772044,alias,,round4_semtie,132
1929,Lee Berger,A5102770374,alias,,round4_semtie,230
1930,Yuantong Gu,A5108068122,exact,,round4_semtie,812
1931,Gerrit van den Bergh,A5045189005,alias,,round4_semtie,65
1932,Stephen Billett,A5070979641,exact,,round4_semtie,531
1933,Andy Dong,A5059957550,alias,,round4_semtie,193
1934,Paul Dietze,A5047149020,alias,,round4_semtie,510
1935,Kerrie Wilson,A5069706748,alias,,round3_semantic,254
1936,Stephen Turner,A5081119135,alias,,round3_semantic,739
1937,Michael Manefield,A5041678529,exact,,name_unique,71
1938,Michelle Coote,A5083158068,alias,,round3_semantic,568
1939,Jakob Hohwy,A5083789193,alias,,round4_semtie,218
1940,Michael Kearney,A5066939927,exact,,round4_semtie,356
1941,Lynda Cheshire,A5039947221,exact,,name_unique,117
1943,Lucas Cernusak,A5009680531,alias,,round3_semantic,212
1944,Keith Stubbs,A5066227932,alias,,round3_semantic,215
1945,Martin Steinbauer,A5045880636,alias,,round3_semantic,104
1946,Alison Bashford,A5016061037,exact,,round4_semtie,165
1947,Kevin Pfleger,A5066839373,alias,,round3_semantic,106
1948,William Shieh,A5027948932,exact,,round4_semtie,488
1949,Alexander Broom,A5091798597,alias,,round3_semantic,400
1950,Sureshkumar Balasubramanian,A5027058223,exact,,name_unique,75
1951,Benjamin Hogan,A5082699033,alias,,round3_semantic,120
1952,Enzo Lombi,A5072201127,alias,,round4_semtie,364
1953,Ashish Sharma,A5007946243,alias,,round4_semtie,880
1954,Bruce Neal,A5075162144,alias,,round4_semtie,941
1955,Jay Gambetta,A5030701195,exact,,name_unique,296
1956,Timothy Fletcher,A5071968278,alias,,round3_semantic,393
1957,David Coward,A5046277232,alias,,round3_semantic,528
1958,Regina Ganter,A5017794852,alias,,round4_semtie,54
1959,Clive McAlpine,A5045129018,exact,,name_unique,319
1960,Suyinn Chong,A5000745049,exact,,name_unique,40
1961,Margaret Cargo,A5063090390,alias,,round4_semtie,116
1962,Neil Levy,A5051836354,exact,,round4_semtie,408
1963,Andrey Sukhorukov,A5027067212,alias,,round3_semantic,694
1964,Krasimir Vasilev,A5053551404,alias,,round4_semtie,411
1965,Guangshan Zhu,A5010014663,alias,,round4_semtie,840
1966,Geraint Lewis,A5058938677,alias,,round3_semantic,893
1967,Shannon Notley,A5078815015,alias,,round3_semantic,70
1968,Christopher McNeill,A5078711076,alias,,round3_semantic,367
1969,Madeleine van Oppen,A5086971721,alias,,round3_semantic,348
1970,Michael Brown,A5022787224,alias,,round3_semantic,404
1971,Kostya (Ken) Ostrikov,A5013359536,fuzzy,I1292875679,round2_inst,1558
1972,Nathalie Nguyen,A5018613046,alias,,round3_semantic,64
1973,Ross Bailie,A5021005949,alias,I29894533,round2_inst,305
1974,Mike Le Pelley,A5020235233,alias,,round3_semantic,180
1975,Jake Baum,A5018262996,alias,,round4_semtie,173
1976,Christopher Perry,A5071751843,alias,,round3_semantic,221
1977,Huanting Wang,A5012782337,exact,,round4_semtie,1003
1978,Jennifer Biddle,A5087111087,alias,,round4_semtie,149
1979,Felicity Baker,A5088999334,alias,,round4_semtie,174
1980,Justin Harris,A5017705092,alias,,round3_semantic,177
1981,Johnson Mak,A5076804968,exact,,round4_semtie,137
1982,Yuan Feng,A5069207859,alias,,round4_semtie,777
1983,Ana Vila Concejo,A5027801969,exact,,name_unique,127
1984,James Murphy,A5029275926,alias,,round4_semtie,456
1986,Timothy Brodribb,A5085206568,alias,,round3_semantic,259
1987,Bryan Fry,A5073667848,alias,,round3_semantic,292
1988,Mark Donohue,A5069158338,exact,,round4_semtie,189
1989,Catherine Waldby,A5053202470,exact,,round4_semtie,128
1990,Timothy Windsor,A5028087820,alias,,round3_semantic,134
1991,Sarah Maddison,A5023246769,exact,,round4_semtie,191
1994,Jhodie Duncan,A5083354584,alias,,round3_semantic,65
1995,Raphael Didham,A5057245217,alias,,round3_semantic,210
1996,Daniel Stoljar,A5040625146,exact,,name_unique,120
1997,Baolin Wang,A5100402741,alias,,round4_semtie,481
1998,Anthony Kemp,A5051411866,alias,,round3_semantic,201
1999,Joselito Quirino,A5005566522,alias,,round3_semantic,177
2000,Jian Li,A5100402504,alias,,round4_semtie,1744
2001,Barry Brook,A5023228317,alias,,round3_semantic,549
2002,Menna Jones,A5027613128,alias,,round3_semantic,284
2003,Charles Warren,A5032088163,alias,,round3_semantic,164
2004,Thomas Nann,A5081385176,alias,,round4_semtie,200
2005,Colin Butler,A5052433549,alias,,round3_semantic,384
2006,Jane Lydon,A5055215067,alias,,round4_semtie,197
2007,Anita Harris,A5048013826,exact,,round4_semtie,133
2008,Zongping Shao,A5034744923,alias,I205640436,round4_semtie,1058
2009,Barbara Holland,A5070191714,alias,,round3_semantic,161
2010,Aijun Du,A5082839443,alias,,round4_semtie,598
2011,Maria Nugent,A5021570335,alias,,round4_semtie,77
2012,Timothy Duty,A5082753513,alias,,round3_semantic,87
2013,Jeremy Austin,A5051214450,alias,,round3_semantic,192
2014,Brett Collins,A5019522016,alias,,round3_semantic,259
2015,Guy Wallis,A5043437185,alias,,round4_semtie,203
2016,James Zanotti,A5068608722,alias,,round3_semantic,406
2017,Maryanne Large,A5074918216,alias,,round3_semantic,131
2018,Zudi Lu,A5022214887,exact,,round4_semtie,148
2019,Anne Richards,A5085085833,alias,,round3_semantic,253
2020,Vera Mackie,A5012271192,exact,,round4_semtie,221
2021,Christopher Lidman,A5080812976,alias,I2802629923,round2_inst,691
2022,John Alroy,A5016573003,alias,,round4_semtie,118
2023,Laurajane Smith,A5013561708,exact,,round4_semtie,152
2024,Fiona Allon,A5063482672,exact,,name_unique,55
2025,James Beeson,A5077385105,alias,,round3_semantic,393
2026,Leeanne Carey,A5054163393,alias,,round3_semantic,239
2027,Anthony Uren,A5074016040,alias,,round3_semantic,60
2028,Simon Lucey,A5055053078,alias,I1292875679,round2_inst,369
2029,Lindell Bromham,A5046478069,alias,,round4_semtie,171
2030,Susie Nilsson,A5080139485,alias,I1292875679,round2_inst,171
2031,Alan Cooper,A5040956604,alias,,round4_semtie,726
2032,Colin Smith,A5033451132,alias,,round4_semtie,1355
2033,Katherine Belov,A5073806855,exact,,name_unique,298
2034,Christopher Sumby,A5060018496,alias,,round3_semantic,643
2035,Jinhu Lu,A5027725400,alias,,round4_semtie,713
2036,Jane Latimer,A5085028090,exact,,round4_semtie,239
2037,John Mariadason,A5038419173,alias,,round3_semantic,395
2038,Martin Thomas,A5055978192,alias,,round4_semtie,420
2039,Amanda Gavin,A5029744947,alias,,round3_semantic,62
2040,Quentin Stevens,A5070404382,exact,,name_unique,143
2041,Axel Kallies,A5015395050,exact,,round3_semantic,272
2042,Shane Grey,A5067720195,alias,,round3_semantic,191
2043,Karlheinz Peter,A5049936296,exact,I142471025,round4_semtie,903
2044,Peter Biro,A5063407067,alias,,round3_semantic,101
2045,Robert Mahony,A5011097720,exact,,round4_semtie,401
2046,Jonathan Schaffer,A5013585969,alias,,round4_semtie,164
2047,Georg Gottwald,A5075677942,fuzzy,,round3_semantic,174
2048,John Rathjen,A5032099774,alias,,round3_semantic,123
2049,Hong-Yuan Liu,A5032709433,alias,,round3_semantic,386
2050,John Gooding,A5045621149,alias,,round3_semantic,792
2051,Irina Harris,A5013682054,alias,,round3_semantic,72
2052,Christopher Peacock,A5109112187,alias,,round3_semantic,84
2053,Louise Chappell,A5023732073,exact,,round4_semtie,143
2054,Malte Ebach,A5084892771,alias,,round3_semantic,239
2055,Veena Sahajwalla,A5041041634,exact,,round4_semtie,498
2056,Sean Connell,A5060861311,alias,,round3_semantic,340
2057,Helen Groth,A5086332109,exact,,name_unique,111
2058,Peter Czabotar,A5063424737,alias,,round3_semantic,140
2059,Margaret Barbour,A5076068024,alias,,round3_semantic,145
2060,Vanessa Venturi,A5019891961,alias,,round4_semtie,90
2061,Andrew Doherty,A5090447046,alias,,round3_semantic,200
2062,Kaile Su,A5037325282,exact,,name_unique,227
2063,Joseph Bailey,A5036840080,alias,,round3_semantic,145
2064,Peter Franks,A5009709943,alias,,round3_semantic,64
2065,Kaye Truscott,A5044117119,alias,,round3_semantic,59
2066,Gary Edmond,A5080652528,exact,,name_unique,159
2067,Anthony Richardson,A5053871178,alias,,round4_semtie,580
2068,Mark Kendall,A5038629041,alias,,round3_semantic,177
2069,David Wilson,A5052009668,alias,,round4_semtie,857
2070,Sanjay Srivastava,A5022942037,alias,,round4_semtie,543
2071,David Haylock,A5057615707,alias,I1292875679,round2_inst,106
2072,Catherine Whitby,A5053768852,alias,,round3_semantic,77
2073,Brett Garner,A5030922535,exact,,round4_semtie,150
2074,Jean Yang,A5028524705,alias,,round4_semtie,449
2075,Zhong Tao,A5028212723,alias,,round4_semtie,383
2076,Suzanne Cutts,A5006525314,fuzzy,,round3_semantic,89
2077,Nobuo Maeda,A5091708188,alias,I1292875679,round2_inst,208
2078,Julie McMullen,A5049355201,alias,I142471025,round2_inst,223
2079,Ranjeny Thomas,A5060328058,exact,,round4_semtie,390
2080,Vincent Craig,A5012119324,alias,,round3_semantic,167
2081,Nigel Waterhouse,A5032896683,alias,,round3_semantic,95
2082,Mohammad Jalal Abbasi Shavazi,A5029752779,exact,,round4_semtie,130
2083,Bart Knols,A5077876869,alias,,round3_semantic,217
2084,Stuart Batten,A5077691241,alias,,round3_semantic,666
2085,David White,A5065698184,exact,,round4_semtie,932
2086,Boris Kuhlmey,A5062932961,alias,,round3_semantic,218
2087,Ming-Bo Wang,A5055855869,alias,I1292875679,round2_inst,225
2088,Ba-Ngu Vo,A5072792589,alias,I205640436,round2_inst,258
2089,Jochen Renz,A5041861581,exact,,round4_semtie,146
2090,Melissa Green,A5086121026,alias,,round3_semantic,395
2091,Amin Abbosh,A5017903283,exact,,round4_semtie,642
2092,Bruce Buchan,A5010849121,alias,,round4_semtie,93
2093,Linqing Wen,A5056913793,alias,,round3_semantic,461
2094,Birgit Hellwig,A5032018050,alias,,round4_semtie,52
2095,Linda Bennett,A5020896202,alias,,round3_semantic,102
2096,Anupam Mazumdar,A5020747405,exact,,round4_semtie,373
2097,Derek Richard,A5061866475,alias,,round3_semantic,269
2098,Susan Dennison,A5017436966,alias,,round4_semtie,82
2099,Matthew Hole,A5070315443,alias,,round3_semantic,172
2100,Jill Slay,A5062854609,exact,,name_unique,172
2101,Vedi Hadiz,A5065429454,alias,,round3_semantic,138
2102,Tony Butler,A5024175675,exact,,round4_semtie,286
2103,Greig de Zubicaray,A5036061196,alias,,round3_semantic,489
2104,David Hunter,A5080921373,alias,,round3_semantic,2254
2105,Michael Bunce,A5085536018,exact,I205640436,round4_semtie,245
2106,Suresh Mahalingam,A5040747937,exact,,name_unique,238
2107,Thomas Huber,A5070756295,alias,,round4_semtie,502
2108,Kristy Sanderson,A5035840968,alias,,round4_semtie,192
2109,John Gehman,A5074745491,alias,,round3_semantic,52
2110,Kirill Alexandrov,A5060924890,exact,,name_unique,235
2111,Shanqing Zhang,A5046237914,alias,,round4_semtie,428
2112,Kim Bennell,A5014653008,alias,,round3_semantic,967
2113,Mark Blows,A5017400602,alias,,round3_semantic,150
2114,Juanita Elias,A5086910343,alias,,round4_semtie,122
2115,Jeremy Moss,A5007314448,alias,,round4_semtie,71
2116,Andre Luiten,A5038619093,alias,,round3_semantic,258
2117,Ross Cunnington,A5018995287,exact,,round4_semtie,212
2118,Jane Elith,A5032805182,exact,,name_unique,131
2119,Hongyuan Yang,A5024570365,exact,,round4_semtie,179
2120,Duncan Galloway,A5069967780,alias,,round3_semantic,370
2121,Katherine Andrews,A5084779683,alias,,round3_semantic,151
2122,Sharon Friel,A5005840333,alias,,round4_semtie,349
2123,Lachlan Andrew,A5011921013,alias,,round3_semantic,184
2124,Phillip Cassey,A5089061217,alias,,round4_semtie,363
2125,Rebecca Kippen,A5071457133,exact,,name_unique,154
2126,Katryn Stacey,A5046551226,alias,,round3_semantic,118
2127,Nick Barker,A5073963216,exact,,round4_semtie,186
2128,Christine Hawkins,A5046373006,alias,,round3_semantic,141
2129,Ying Tan,A5023089209,exact,,round4_semtie,620
2130,Matthew Perugini,A5089976475,alias,,round3_semantic,152
2132,Naomi Wray,A5064741640,alias,,round3_semantic,902
2133,Willy Susilo,A5054741725,exact,,round4_semtie,1010
2134,Bjorn Winther-Jensen,A5033089433,alias,,round3_semantic,136
2135,Owen Atkin,A5025094320,alias,,round3_semantic,236
2136,Cristina Gibson,A5040206247,alias,,round3_semantic,148
2137,Spencer Whitney,A5088450469,alias,,round3_semantic,92
2138,Anthony Scott,A5114377276,exact,,round4_semtie,330
2139,Raymond Dagastine,A5015850936,alias,,round3_semantic,130
2140,Michael Thielscher,A5057895161,alias,,round4_semtie,185
2141,Andrew Martin,A5017756615,alias,,round4_semtie,462
2142,Michael Ostwald,A5029144226,alias,,round3_semantic,305
2143,Margaret Kelaher,A5084201756,alias,,round4_semtie,256
2144,Yuesheng Li,A5075403529,alias,,round4_semtie,616
2145,Kenji Bekki,A5073753592,exact,,name_unique,414
2146,Annette Dexter,A5045233128,fuzzy,,round3_semantic,58
2147,Victoria Haskins,A5036143156,alias,,round4_semtie,80
2148,Andrew Turpin,A5014748363,alias,,round4_semtie,258
2149,Chengzhong Yu,A5009277202,alias,,round4_semtie,508
2150,Mark Griffin,A5040525254,alias,,round4_semtie,382
2151,James Rabeau,A5007213391,alias,,round3_semantic,68
2152,Oliver Rackham,A5070261696,alias,,round4_semtie,215
2153,Mark Parsons,A5084412014,exact,,round3_semantic,587
2154,Holger Baumgardt,A5078820006,exact,,name_unique,316
2155,Michael Brear,A5006784611,alias,,round3_semantic,222
2156,Jacqueline Broad,A5042195622,exact,,round4_semtie,100
2157,Peter Anderson,A5063008596,alias,,round3_semantic,637
2158,Dale Nyholt,A5042709773,alias,,round3_semantic,489
2159,Christopher Gibson,A5070981604,alias,,round3_semantic,366
2160,Julie Bernhardt,A5028509018,exact,,name_unique,422
2161,Christina Lim,A5032554580,alias,,round4_semtie,379
2162,Lian Zhang,A5101746653,alias,,round3_semantic,52
2163,Jeremy Smith,A5018106788,alias,,round4_semtie,353
2164,Marc in het Panhuis,A5023785226,exact,,round4_semtie,204
2165,Christopher Hutchinson,A5086771995,alias,,round4_semtie,225
2166,Gael Martin,A5110737641,alias,,round3_semantic,150
2167,David Whiteman,A5027765428,alias,,round3_semantic,718
2168,Matthew Kosnik,A5019659091,alias,,round3_semantic,63
2169,Michael Monteiro,A5024077146,alias,,round3_semantic,335
2170,Aleksandra Filipovska,A5050949179,exact,,name_unique,177
2171,Stephen Smallbone,A5002893290,exact,,name_unique,100
2172,Rowena Ball,A5058161910,alias,,round4_semtie,96
2173,Anja Scheffers,A5041537814,exact,,name_unique,207
2174,Christopher Reid,A5081385516,alias,,round3_semantic,216
2175,Sanjiang Li,A5108049690,exact,,round4_semtie,121
2176,Warwick Hillier,A5109124842,exact,,name_unique,78
2177,Ping Koy Lam,A5083266765,alias,,round4_semtie,558
2178,Dragan Nesic,A5035230630,exact,,round4_semtie,575
2179,Andrew Hassell,A5011098037,exact,,round4_semtie,135
2180,Nam Mai-Duy,A5054983995,alias,,round3_semantic,180
2181,Rachel Caruso,A5041297111,alias,,round3_semantic,206
2182,Chengrong Chen,A5009088303,alias,,round4_semtie,253
2183,Glenn Almany,A5112385289,alias,,round3_semantic,67
2184,Thomas Faunce,A5085044596,alias,,round4_semtie,395
2185,Maoz Fine,A5013238887,exact,,name_unique,177
2186,Sarah Russell,A5036763393,alias,,round3_semantic,188
2187,Jin Zou,A5003746258,alias,,round4_semtie,1214
2188,Adam Micolich,A5032343757,alias,,round3_semantic,213
2189,Todd Lane,A5002345305,alias,,round3_semantic,171
2190,Justin Rubio,A5061300992,alias,,round3_semantic,92
2191,Damien Keating,A5035952377,alias,,round3_semantic,124
2192,Stuart Ralph,A5074946484,alias,,round3_semantic,145
2193,Xuchuan Jiang,A5002962596,exact,,round4_semtie,163
2194,Allison McKendrick,A5000899137,alias,,round3_semantic,273
2196,Elizabeth (Libby) Roughead,A5051519595,fuzzy,,round3_semantic,406
2197,Greg Yaxley,A5038931845,alias,,round3_semantic,144
2198,Aaron Oakley,A5067844458,alias,,round3_semantic,156
2199,Darryl Russell,A5007839058,alias,,round3_semantic,152
2200,Emily Hilder,A5056416194,alias,,round3_semantic,177
2201,Richard Mildren,A5069056248,alias,,round3_semantic,283
2202,S. O. Reza Moheimani,A5061619957,exact,,round4_semtie,446
2203,Thomas Maschmeyer,A5101545166,exact,,round4_semtie,437
2204,Jie Zhang,A5023023644,exact,,round4_semtie,3951
2205,Aaron Corn,A5083649177,exact,,round4_semtie,61
2206,Hamsa Puthalakath,A5055609597,exact,,name_unique,80
2207,Zhenxiang Cheng,A5009561241,alias,,round4_semtie,536
2208,Pathegama Ranjith,A5053961001,alias,,round3_semantic,755
2209,Andrew Baird,A5064642955,alias,,round3_semantic,354
2210,Matt Duckham,A5004605851,exact,,name_unique,172
2211,Anthony Dosseto,A5063283027,exact,,round4_semtie,260
2212,Geoffrey Clark,A5014516552,alias,,round3_semantic,210
2213,Sharynne McLeod,A5009930445,exact,,name_unique,486
2214,Elizabeth Hartland,A5051887598,alias,,round3_semantic,193
2215,Thomas Reuter,A5102923163,exact,,round4_semtie,115
2216,Peter Strutton,A5018218083,alias,,round3_semantic,177
2217,Gary Luck,A5022028487,alias,I153230381,round2_inst,166
2218,Mark Cassidy,A5056064826,exact,,round4_semtie,456
2219,Helen Lingard,A5088858888,exact,,name_unique,208
