rid,aus_name,authorid,match_type,host_id
1194,Phillip Urquijo,A5052038948,alias,I165779595
1963,Andrey Sukhorukov,A5027067212,alias,I118347636
1428,Amanda Barnier,A5003473190,alias,I99043593
1845,Christopher Maher,A5012328768,alias,I129604602
1356,Bram Slagmolen,A5091492769,alias,I118347636
1282,Kate Sanders,A5091288342,alias,I5681781
106,Georgios Konstantinou,A5069417209,exact,I31746571
749,Qiang Fu,A5088254630,exact,I114017466
1766,Peter Ireland,A5051850551,alias,I78757542
431,Ajmal Mian,A5089986388,exact,I177877127
1513,Andrew Hogg,A5046927861,alias,I118347636
1898,David Beattie,A5008865748,alias,I170239107
1421,Andy Herries,A5023726210,alias,I196829312
2080,Vincent Craig,A5012119324,alias,I118347636
845,Chuan Zhao,A5046268649,alias,I31746571
1426,Michael Piper,A5086214764,exact,I165143802
2133,Willy Susilo,A5054741725,alias,I204824540
1633,Lachlan Coin,A5056039026,alias,I165143802
1357,Allison Waters,A5003378965,alias,I11701301
1559,Yonghui Li,A5100448724,exact,I129604602
1952,Enzo Lombi,A5072201127,alias,I170239107
501,Jennifer Atchison,A5060171663,exact,I204824540
449,Natasha Fijn,A5042143317,exact,I118347636
1306,Zi Huang,A5078170935,exact,I165143802
994,Michelle Dunstone,A5008315680,alias,I56590836
1971,Kostya (Ken) Ostrikov,A5013359536,fuzzy,I1292875679
1707,Heath Ecroyd,A5083304343,exact,I204824540
1186,Jessica Grisham,A5015731803,alias,I31746571
1518,Nicolas Cherbuin,A5002065453,exact,I118347636
1812,Michelle Heupel,A5030500452,alias,I1328540965
1833,Anthony White,A5045915090,alias,I165779595
1385,Andrew Mitchell,A5071923410,alias,I165779595
2108,Kristy Sanderson,A5035840968,alias,I129801699
681,Susan Baker,A5068775358,alias,I129801699
1400,Sandra Jones,A5029349607,alias,I86695891
1158,Andrew Pask,A5021054750,alias,I165779595
2060,Vanessa Venturi,A5019891961,exact,I31746571
1504,Gregory Brown,A5055278950,alias,I129604602
1440,Stuart Bedford,A5058468175,exact,I118347636
1460,Dominic Ng,A5019766243,alias,I165143802
1132,Michael Sheng,A5080744092,alias,I99043593
1114,Joanne Devlin,A5043643448,alias,I165779595
1877,Mark Schembri,A5059456421,alias,I165143802
156,Joanne Whittaker,A5046072480,alias,I129801699
99,Katharine Turner,A5075245013,exact,I118347636
51,Barbara Barbosa Neves,A5043528816,alias,I129604602
1469,Melissa Call,A5045635110,exact,I196021976
1813,David Copland,A5066165958,alias,I165143802
784,Mark Hutchinson,A5037100405,alias,I5681781
284,Nicolas Menicucci,A5089178242,alias,I82951845
544,Steven Lade,A5066581729,alias,I118347636
2008,Zongping Shao,A5034744923,exact,I205640436
1407,Marcela Bilek,A5087087362,alias,I129604602
2103,Greig de Zubicaray,A5036061196,alias,I165143802
1656,Philip de Chazal,A5078054483,exact,I129604602
1938,Michelle Coote,A5083158068,alias,I118347636
2086,Boris Kuhlmey,A5062932961,alias,I129604602
451,Lisa Alexander,A5007565458,alias,I31746571
911,Katie Leach,A5075216835,alias,I56590836
518,Daniel Ortiz-Barrientos,A5005372623,exact,I165143802
183,Tanya Latty,A5051345411,alias,I129604602
1301,Andrew Bowie,A5009801587,alias,I129801699
1177,Mark Tanaka,A5075425530,alias,I31746571
1660,Stefan Williams,A5044131792,alias,I129604602
1854,Kristen Nowak,A5017114623,alias,I177877127
432,Yuning Hong,A5005359088,exact,I196829312
1663,Ben Saul,A5047825662,exact,I129604602
1556,Dan Svantesson,A5090072619,alias,I120125038
1358,Pradeep Tanwar,A5025474706,alias,I78757542
618,Ryan Shannon,A5016391781,alias,I57093077
1615,Boris Baer,A5058282030,exact,I177877127
489,Simon Haine,A5071441102,alias,I118347636
966,Mark Paskevicius,A5030050794,alias,I205640436
788,Laurie Menviel,A5049584223,alias,I31746571
1385,Andrew Mitchell,A5048557679,alias,I165779595
1500,Shauna Murray,A5077003877,alias,I114017466
1155,Oliver Nebel,A5073128359,alias,I56590836
109,Vi Khanh Truong,A5016100426,alias,I169541294
339,Joseph Berry,A5049518688,alias,I165779595
168,Emma Thomas,A5026866964,alias,I169541294
1910,Matthew Rimmer,A5020616444,alias,I118347636
1613,Sarah Holcombe,A5078923245,exact,I118347636
1713,Cordelia Fine,A5029372639,exact,I165779595
1269,Philip Stevenson,A5060955442,alias,I165143802
1332,Zhongfan Jia,A5014010460,exact,I165143802
951,Christopher Clarkson,A5083144378,alias,I165143802
1304,Dean Rickles,A5035908423,exact,I129604602
2049,Hong-Yuan Liu,A5107942136,exact,I129604602
2144,Yuesheng Li,A5107856253,alias,I217937681
924,Daniel Falster,A5087681406,alias,I31746571
1521,Timothy Carroll,A5019671194,alias,I165143802
1601,Rui Zhang,A5100422095,alias,I165779595
1994,Jhodie Duncan,A5083354584,alias,I242743682
787,Amelia Liu,A5030955063,alias,I56590836
854,Kristie Miller,A5070749405,exact,I129604602
1630,Angus Johnston,A5086995353,alias,I56590836
364,Bing Sun,A5019152038,exact,I114017466
1737,Jeffrey Babon,A5086602150,alias,I196021976
1022,Simon Butt,A5113460872,alias,I129604602
1792,Trent Woodruff,A5012726679,exact,I165143802
1349,Alexander Idnurm,A5070444328,alias,I165779595
2095,Linda Bennett,A5001351804,fuzzy,I165779595
1221,Katja Fischer,A5012644402,alias,I217937681
559,Sandy O'Sullivan,A5003869648,alias,I99043593
328,Wengui Li,A5027220120,alias,I31746571
810,Laura Shepherd,A5059583399,alias,I129604602
1997,Baolin Wang,A5100648294,exact,I63525965
1579,Ross Young,A5029492036,alias,I5681781
1926,Amy Jordan,A5001098137,alias,I165779595
1833,Anthony White,A5023096783,exact,I165779595
1743,Joshua Madin,A5007985600,alias,I99043593
817,Gene Tyson,A5050640033,alias,I160993911
1317,Tracey Banivanua-Mar,A5019824937,alias,I196829312
619,Guo Chen,A5055361870,alias,I31746571
1335,Valerie Harwood,A5025251959,alias,I129604602
1336,Melinda Hinkson,A5052020310,exact,I149704539
1162,Yanbo Wang,A5048133455,alias,I129604602
206,Daria Smirnova,A5056437881,alias,I118347636
2010,Aijun Du,A5082839443,exact,I165143802
1063,Paul Salmon,A5038786080,alias,I174025329
1586,Sergiy Shelyag,A5014154903,alias,I56590836
1753,Dan Li,A5100668171,exact,I56590836
972,Kai He,A5035180621,alias,I11701301
1378,Sara Davies,A5056995682,alias,I11701301
714,Anthony Licata,A5006388085,alias,I118347636
237,Natalia Egorova-Brumley,A5091903973,alias,I165779595
773,Caitlin Byrt,A5066070550,alias,I118347636
445,Jack Hall,A5060245178,exact,I165779595
1853,Craig Smith,A5082587372,alias,I4210150290
1595,Mark McLelland,A5063359269,exact,I204824540
1105,Andrea Rizzi,A5087154130,exact,I165779595
2005,Colin Butler,A5052433549,alias,I188329596
467,Lia Kent,A5054494329,alias,I118347636
86,Sinead Keaveney,A5042855471,fuzzy,I204824540
621,Yang Song,A5103084324,alias,I31746571
1089,Anna Clark,A5104089555,alias,I114017466
1263,Bim Graham,A5019095041,exact,I56590836
1745,Douglas Kahn,A5108670592,alias,I31746571
1128,David Lubans,A5112699641,fuzzy,I78757542
2069,David Wilson,A5071119117,exact,I31746571
393,Eben Kirksey,A5043959461,exact,I149704539
1510,Bayden Wood,A5104005749,alias,I56590836
1825,Elaine Wong,A5020446939,alias,I165779595
1189,Chun-Xia Zhao,A5101832764,alias,I165143802
599,Michael Wheeler,A5031528167,alias,I165779595
988,Nathan Lo,A5005903669,alias,I129604602
69,Tema Milstein,A5079321078,alias,I31746571
697,Katia Alexander,A5113379741,exact,I118347636
480,Saman Atapattu,A5088812297,alias,I82951845
1006,Sally Treloyn,A5012604252,exact,I165779595
2043,Karlheinz Peter,A5110137969,exact,I142471025
1227,Martin Hill,A5002889047,alias,I177877127
1162,Yanbo Wang,A5100605034,alias,I129604602
1165,Girish Nair,A5038197407,alias,I165779595
2000,Jian Li,A5100402477,alias,I56590836
512,Haiqing Yu,A5066632201,exact,I82951845
862,Pu Xiao,A5101775944,exact,I118347636
1835,Michael Bromley,A5047315896,alias,I165143802
11,David Byrne,A5109008290,alias,I165779595
419,Li Wei,A5100342627,alias,I129604602
720,Dong Xu,A5028040461,exact,I129604602
693,Jun Li,A5100361799,alias,I205640436
1903,Stephen Williams,A5111144790,exact,I165143802
1768,Michael Smith,A5101458786,exact,I165779595
189,Chen Li,A5100295224,fuzzy,I56590836
159,Craig Anderson,A5045005298,alias,I118347636
1845,Christopher Maher,A5006818962,exact,I129604602
1614,James Bailey,A5027006412,exact,I165779595
369,Jun Huang,A5111604384,alias,I129604602
419,Li Wei,A5110413237,alias,I129604602
419,Li Wei,A5100776646,alias,I129604602
934,Mark Holmes,A5040274096,alias,I165779595
2165,Christopher Hutchinson,A5058929711,alias,I56590836
2000,Jian Li,A5083878190,alias,I56590836
2000,Jian Li,A5100402517,alias,I56590836
1484,Tao Liu,A5100338147,exact,I31746571
2038,Martin Thomas,A5081329718,exact,I118347636
409,Christopher Hall,A5103046457,alias,I165779595
954,Wei Kong Pang,A5114186441,alias,I204824540
363,Han Lin,A5101153760,alias,I82951845
419,Li Wei,A5101533152,alias,I129604602
840,Jianhua Guo,A5062080737,alias,I165143802
513,Kathryn Allen,A5102248439,exact,I129801699
1577,Budiman Minasny,A5103745314,alias,I129604602
619,Guo Chen,A5091589438,alias,I31746571
2129,Ying Tan,A5113127469,exact,I165779595
435,Wenjie Zhang,A5100385514,alias,I31746571
1642,Brian Anderson,A5074363981,alias,I165143802
1151,Hua Xia,A5100960611,alias,I118347636
87,Gang Li,A5100438608,exact,I165779595
1604,Sheshanath Bhosale,A5112845496,fuzzy,I82951845
1386,Xiaodong Huang,A5024542237,exact,I57093077
540,David White,A5101806834,exact,I31746571
680,Zhenguo Huang,A5022888844,alias,I114017466
106,Georgios Konstantinou,A5069417209,alias,I31746571
749,Qiang Fu,A5088254630,alias,I114017466
431,Ajmal Mian,A5089986388,alias,I177877127
845,Chuan Zhao,A5046268649,exact,I31746571
1426,Michael Piper,A5086214764,alias,I165143802
2133,Willy Susilo,A5054741725,exact,I204824540
1633,Lachlan Coin,A5056039026,exact,I165143802
1559,Yonghui Li,A5100448724,alias,I129604602
1952,Enzo Lombi,A5072201127,exact,I170239107
501,Jennifer Atchison,A5060171663,alias,I204824540
449,Natasha Fijn,A5042143317,alias,I118347636
1306,Zi Huang,A5078170935,alias,I165143802
1707,Heath Ecroyd,A5083304343,alias,I204824540
1518,Nicolas Cherbuin,A5002065453,alias,I118347636
2108,Kristy Sanderson,A5035840968,exact,I129801699
2060,Vanessa Venturi,A5019891961,alias,I31746571
1440,Stuart Bedford,A5058468175,alias,I118347636
99,Katharine Turner,A5075245013,alias,I118347636
51,Barbara Barbosa Neves,A5043528816,exact,I129604602
1469,Melissa Call,A5045635110,alias,I196021976
2008,Zongping Shao,A5034744923,alias,I205640436
1656,Philip de Chazal,A5078054483,alias,I129604602
911,Katie Leach,A5075216835,exact,I56590836
518,Daniel Ortiz-Barrientos,A5005372623,alias,I165143802
183,Tanya Latty,A5051345411,exact,I129604602
432,Yuning Hong,A5005359088,alias,I196829312
1663,Ben Saul,A5047825662,alias,I129604602
1615,Boris Baer,A5058282030,alias,I177877127
966,Mark Paskevicius,A5030050794,exact,I205640436
788,Laurie Menviel,A5049584223,exact,I31746571
1155,Oliver Nebel,A5073128359,exact,I56590836
109,Vi Khanh Truong,A5016100426,exact,I169541294
1910,Matthew Rimmer,A5020616444,exact,I118347636
1613,Sarah Holcombe,A5078923245,alias,I118347636
1713,Cordelia Fine,A5029372639,alias,I165779595
1332,Zhongfan Jia,A5014010460,alias,I165143802
1304,Dean Rickles,A5035908423,alias,I129604602
2049,Hong-Yuan Liu,A5107942136,alias,I129604602
2144,Yuesheng Li,A5107856253,exact,I217937681
1601,Rui Zhang,A5100422095,exact,I165779595
854,Kristie Miller,A5070749405,alias,I129604602
364,Bing Sun,A5019152038,alias,I114017466
1022,Simon Butt,A5113460872,exact,I129604602
1792,Trent Woodruff,A5012726679,alias,I165143802
1349,Alexander Idnurm,A5070444328,exact,I165779595
1221,Katja Fischer,A5012644402,exact,I217937681
328,Wengui Li,A5027220120,exact,I31746571
1997,Baolin Wang,A5100648294,alias,I63525965
1833,Anthony White,A5023096783,alias,I165779595
1317,Tracey Banivanua-Mar,A5019824937,exact,I196829312
619,Guo Chen,A5055361870,exact,I31746571
1335,Valerie Harwood,A5025251959,exact,I129604602
1336,Melinda Hinkson,A5052020310,alias,I149704539
2010,Aijun Du,A5082839443,alias,I165143802
1063,Paul Salmon,A5038786080,exact,I174025329
1753,Dan Li,A5100668171,alias,I56590836
972,Kai He,A5035180621,exact,I11701301
714,Anthony Licata,A5006388085,exact,I118347636
445,Jack Hall,A5060245178,alias,I165779595
1595,Mark McLelland,A5063359269,alias,I204824540
1105,Andrea Rizzi,A5087154130,alias,I165779595
467,Lia Kent,A5054494329,exact,I118347636
621,Yang Song,A5103084324,exact,I31746571
1089,Anna Clark,A5104089555,exact,I114017466
1263,Bim Graham,A5019095041,alias,I56590836
2069,David Wilson,A5071119117,alias,I31746571
393,Eben Kirksey,A5043959461,alias,I149704539
1825,Elaine Wong,A5020446939,exact,I165779595
69,Tema Milstein,A5079321078,exact,I31746571
697,Katia Alexander,A5113379741,alias,I118347636
480,Saman Atapattu,A5088812297,exact,I82951845
1006,Sally Treloyn,A5012604252,alias,I165779595
2043,Karlheinz Peter,A5110137969,alias,I142471025
2000,Jian Li,A5100402477,exact,I56590836
512,Haiqing Yu,A5066632201,alias,I82951845
862,Pu Xiao,A5101775944,alias,I118347636
1835,Michael Bromley,A5047315896,exact,I165143802
720,Dong Xu,A5028040461,alias,I129604602
693,Jun Li,A5100361799,exact,I205640436
1903,Stephen Williams,A5111144790,alias,I165143802
1768,Michael Smith,A5101458786,alias,I165779595
1845,Christopher Maher,A5006818962,alias,I129604602
1614,James Bailey,A5027006412,alias,I165779595
369,Jun Huang,A5111604384,exact,I129604602
2165,Christopher Hutchinson,A5058929711,exact,I56590836
2000,Jian Li,A5100402517,exact,I56590836
1484,Tao Liu,A5100338147,alias,I31746571
2038,Martin Thomas,A5081329718,alias,I118347636
409,Christopher Hall,A5103046457,exact,I165779595
954,Wei Kong Pang,A5114186441,exact,I204824540
363,Han Lin,A5101153760,exact,I82951845
840,Jianhua Guo,A5062080737,exact,I165143802
513,Kathryn Allen,A5102248439,alias,I129801699
619,Guo Chen,A5091589438,exact,I31746571
2129,Ying Tan,A5113127469,alias,I165779595
435,Wenjie Zhang,A5100385514,exact,I31746571
87,Gang Li,A5100438608,alias,I165779595
1386,Xiaodong Huang,A5024542237,alias,I57093077
540,David White,A5101806834,alias,I31746571
680,Zhenguo Huang,A5022888844,exact,I114017466
1245,Shinichi Nakagawa,A5064087878,alias,I31746571
1794,Ryan Lowe,A5038882588,alias,I177877127
427,Christopher Drovandi,A5070517866,exact,I160993911
1277,Brendan Choat,A5078155588,alias,I63525965
1867,Katrin Meissner,A5009719935,alias,I31746571
1080,Neil McIntyre,A5103262214,exact,I165143802
2164,Marc in het Panhuis,A5023785226,alias,I204824540
893,Iain Duggin,A5090925805,alias,I114017466
680,Zhenguo Huang,A5076645149,exact,I114017466
1793,Daniel Murphy,A5076710857,alias,I177877127
883,Jennifer Waycott,A5063013979,alias,I165779595
1699,Loeske Kruuk,A5034616536,alias,I118347636
289,Steven Howard,A5036253121,alias,I204824540
300,Kristen Splinter,A5081452912,alias,I31746571
1991,Sarah Maddison,A5066058404,alias,I31746571
2181,Rachel Caruso,A5041297111,alias,I165779595
1661,Patrick Meir,A5050358490,exact,I118347636
746,James Hutchison,A5014292640,alias,I165779595
1639,Jung Ho Kim,A5100426073,exact,I204824540
334,Adam Vogel,A5070930882,alias,I165779595
1973,Ross Bailie,A5021005949,alias,I29894533
1846,Bronwyn Gillanders,A5087370269,alias,I5681781
2091,Amin Abbosh,A5017903283,exact,I165143802
1187,Sarah Brough,A5040414752,exact,I31746571
1259,Michael Ireland,A5044187868,exact,I118347636
2014,Brett Collins,A5019522016,alias,I165143802
747,Thomas White,A5105411514,alias,I118347636
1863,Joachim Gudmundsson,A5087003217,alias,I129604602
1271,Diego García-Bellido,A5061288008,alias,I5681781
724,Timothy Clark,A5108076864,alias,I149704539
1798,Grzegorz Skrzypek,A5029300673,exact,I177877127
422,Corneel Vandelanotte,A5039064332,alias,I74899385
2212,Geoffrey Clark,A5103328554,fuzzy,I118347636
404,Patrick Goodbourn,A5014689210,alias,I165779595
1057,Nicholas Cox,A5033536093,alias,I118347636
1312,Mark Bellgrove,A5073426199,alias,I56590836
691,Xiaojing Hao,A5036517550,exact,I31746571
1834,Michael McCarthy,A5114255818,fuzzy,I165779595
2199,Darryl Russell,A5007839058,alias,I5681781
563,Andrea Gaynor,A5077035185,alias,I177877127
973,Andrew Greentree,A5108167360,alias,I82951845
1874,Dmitry Fursa,A5004665989,alias,I205640436
1191,Olivia Carter,A5060157509,alias,I165779595
429,Darryl Jones,A5081676722,alias,I169541294
1527,Joshua Mylne,A5025271401,alias,I177877127
1776,Andrew Bradley,A5042053820,alias,I165143802
1387,Sue Jackson,A5055178407,alias,I11701301
1923,Nicholas Aroney,A5076654804,alias,I165143802
869,Belinda Ferrari,A5004430695,alias,I31746571
1751,Nerina Jimmieson,A5051665760,alias,I160993911
136,Min Xu,A5100413849,exact,I114017466
1814,Xingquan Zhu,A5084641325,exact,I114017466
1628,Sally-Ann Poulsen,A5007995592,exact,I11701301
1832,Feike Dijkstra,A5064229546,alias,I129604602
2148,Andrew Turpin,A5014748363,exact,I165779595
1314,Justine Smith,A5055467340,alias,I169541294
1592,Paul Low,A5024152240,alias,I177877127
1478,Matthew Burke,A5077531936,exact,I11701301
607,Dimitrie Culcer,A5002700041,exact,I31746571
1289,Wen Lei,A5021855621,alias,I177877127
737,Matthew Hall,A5069239736,alias,I56590836
591,Ha Bui,A5068687167,alias,I56590836
41,Chengxue Qin,A5016692843,alias,I56590836
507,Yao Zheng,A5028236459,exact,I5681781
932,Ilya Shadrivov,A5074820946,alias,I118347636
1020,Edward Taylor,A5004962328,alias,I57093077
1554,Terence O'Kane,A5006843590,alias,I1292875679
1486,Benjamin Boyd,A5012711579,alias,I56590836
1199,Richard Holden,A5031387731,alias,I31746571
1333,David Evans,A5034059205,alias,I165143802
1658,Sarah Harmer,A5071762672,alias,I169541294
1443,Seok-Hee Hong,A5071834503,exact,I129604602
1594,Patrick Baker,A5085092796,alias,I165779595
1418,Paula McDonald,A5034040008,alias,I160993911
1506,Gita Mishra,A5070105243,alias,I165143802
1254,Erica Donner,A5072354171,exact,I170239107
2049,Hong-Yuan Liu,A5032709433,alias,I129604602
701,Kathy Mills,A5076819534,alias,I86695891
1441,Joseph Hope,A5013157879,alias,I118347636
984,Ina Bornkessel-Schlesewsky,A5052817033,alias,I170239107
475,Joseph Richardson,A5085440998,alias,I82951845
772,Steven Wiederman,A5004313903,alias,I5681781
1921,Janine Deakin,A5003786277,alias,I188329596
1119,Denis O'Carroll,A5066567292,alias,I31746571
469,Simine Vazire,A5011404541,alias,I165779595
1140,Damien Hicks,A5036934463,alias,I57093077
1686,Mark Colyvan,A5052471655,exact,I129604602
1352,Jonathan Oakhill,A5070326774,alias,I77826658
2069,David Wilson,A5101885146,alias,I31746571
476,Magdalena Zych,A5090641711,exact,I165143802
2000,Jian Li,A5100402526,alias,I56590836
2000,Jian Li,A5100402501,exact,I56590836
1758,Wayne Davies,A5053471289,alias,I177877127
137,Jordana Silverstein,A5041967891,alias,I165779595
2144,Yuesheng Li,A5108093899,alias,I217937681
63,Luke Munn,A5003334504,exact,I165143802
2168,Matthew Kosnik,A5019659091,alias,I99043593
1166,Heather Douglas,A5004601791,exact,I165143802
1931,Gerrit van den Bergh,A5045189005,alias,I204824540
1096,Jan Hamann,A5106631462,exact,I31746571
245,Georg Fritz,A5015117184,exact,I177877127
1515,Michele Ford,A5102454547,alias,I129604602
1808,Desmond Manderson,A5066667446,exact,I118347636
2129,Ying Tan,A5023089209,exact,I165779595
1361,Dacheng Tao,A5101409301,alias,I129604602
1134,Daniel Anlezark,A5025639135,exact,I129604602
1047,Nicholas Thieberger,A5058531311,alias,I165779595
1460,Dominic Ng,A5059130197,alias,I165143802
521,Markus Müllner,A5002737577,alias,I129604602
1693,Michael Bremner,A5014892188,alias,I114017466
93,Junning Chen,A5066523003,alias,I129604602
1981,Johnson Mak,A5076804968,exact,I149704539
1601,Rui Zhang,A5100702947,alias,I165779595
419,Li Wei,A5100318073,alias,I129604602
921,Yuan Chen,A5100400883,exact,I129604602
1368,Xiaolin Wang,A5086550016,exact,I204824540
1072,Rafael Calvo,A5111469195,alias,I129604602
1601,Rui Zhang,A5089010453,alias,I165779595
1997,Baolin Wang,A5100648295,exact,I63525965
240,Yang Liu,A5011419489,alias,I160993911
1368,Xiaolin Wang,A5114073122,alias,I204824540
1761,Lee Wallace,A5010998218,alias,I129604602
2008,Zongping Shao,A5114093097,exact,I205640436
42,Peter Macreadie,A5020824771,alias,I82951845
1672,Adam Hill,A5000252949,alias,I19514445
828,Sarah Perkins-Kirkpatrick,A5014617513,alias,I31746571
1581,Gavan McNally,A5096940285,fuzzy,I31746571
1261,Abd-Krim Seghouane,A5054471624,alias,I165779595
1472,David Turner,A5030420068,alias,I56590836
974,Koji Tanaka,A5002528469,alias,I118347636
1432,Jennifer Corrin,A5103902179,fuzzy,I165143802
968,Allison Pettit,A5112922499,fuzzy,I165143802
2141,Andrew Martin,A5025764206,alias,I31746571
419,Li Wei,A5100318237,alias,I129604602
1645,Jennifer Lewis,A5105526217,alias,I165779595
2182,Chengrong Chen,A5102179130,alias,I11701301
231,Yi Liu,A5100701075,exact,I31746571
128,Thomas Ford,A5059963865,alias,I196829312
1333,David Evans,A5021657092,exact,I165143802
192,Liang Zheng,A5056834430,exact,I118347636
1038,Denisse Leyton,A5060258346,fuzzy,I118347636
1414,Andrew Berry,A5108801220,alias,I118347636
120,Rachael Swain,A5012038171,exact,I31746571
218,Ling Chen,A5100411093,alias,I114017466
1545,Alexander Heger,A5103780976,alias,I56590836
218,Ling Chen,A5091998613,exact,I114017466
2000,Jian Li,A5100402609,alias,I56590836
781,Andrew Tomkins,A5033728236,exact,I56590836
14,Jia Wu,A5042695000,alias,I99043593
2182,Chengrong Chen,A5048024158,exact,I11701301
1048,Elena Marchetti,A5103088537,exact,I11701301
1440,Stuart Bedford,A5107431997,exact,I118347636
1886,Andrew Harris,A5102744727,alias,I129604602
845,Chuan Zhao,A5101351451,exact,I31746571
1824,Peter Tuthill,A5107234616,alias,I129604602
103,Jun Zhang,A5072629385,exact,I11701301
1600,Tong Lin,A5101104968,alias,I149704539
2094,Birgit Hellwig,A5032018050,alias,I196829312
1293,Christine Winter,A5062676906,exact,I169541294
1133,Martin White,A5065077728,exact,I5681781
1503,Catherine Mills,A5015823657,alias,I56590836
720,Dong Xu,A5051590556,alias,I129604602
1471,Heng Tao Shen,A5036664379,alias,I165143802
1768,Michael Smith,A5058611103,alias,I165779595
1130,Colin Jackson,A5027688608,alias,I118347636
891,Zoran Nikoloski,A5059658943,alias,I165779595
936,Alexander Mikheyev,A5115442973,fuzzy,I118347636
781,Andrew Tomkins,A5110951199,exact,I56590836
1067,Juno Kim,A5101567687,alias,I31746571
1386,Xiaodong Huang,A5101632125,alias,I57093077
302,Vivian Tam,A5112951643,fuzzy,I63525965
434,Tianyi Ma,A5115597730,exact,I82951845
1245,Shinichi Nakagawa,A5064087878,exact,I31746571
1794,Ryan Lowe,A5038882588,exact,I177877127
427,Christopher Drovandi,A5070517866,alias,I160993911
1277,Brendan Choat,A5078155588,exact,I63525965
1080,Neil McIntyre,A5103262214,alias,I165143802
2164,Marc in het Panhuis,A5023785226,exact,I204824540
680,Zhenguo Huang,A5076645149,alias,I114017466
1991,Sarah Maddison,A5066058404,exact,I31746571
1661,Patrick Meir,A5050358490,alias,I118347636
1639,Jung Ho Kim,A5100426073,alias,I204824540
1973,Ross Bailie,A5021005949,exact,I29894533
2091,Amin Abbosh,A5017903283,alias,I165143802
1187,Sarah Brough,A5040414752,alias,I31746571
1259,Michael Ireland,A5044187868,alias,I118347636
1863,Joachim Gudmundsson,A5087003217,exact,I129604602
1798,Grzegorz Skrzypek,A5029300673,alias,I177877127
422,Corneel Vandelanotte,A5039064332,exact,I74899385
691,Xiaojing Hao,A5036517550,alias,I31746571
563,Andrea Gaynor,A5077035185,exact,I177877127
1191,Olivia Carter,A5060157509,exact,I165779595
1387,Sue Jackson,A5055178407,exact,I11701301
1923,Nicholas Aroney,A5076654804,exact,I165143802
136,Min Xu,A5100413849,alias,I114017466
1814,Xingquan Zhu,A5084641325,alias,I114017466
1628,Sally-Ann Poulsen,A5007995592,alias,I11701301
2148,Andrew Turpin,A5014748363,alias,I165779595
1478,Matthew Burke,A5077531936,alias,I11701301
607,Dimitrie Culcer,A5002700041,alias,I31746571
1289,Wen Lei,A5021855621,exact,I177877127
507,Yao Zheng,A5028236459,alias,I5681781
1199,Richard Holden,A5031387731,exact,I31746571
1443,Seok-Hee Hong,A5071834503,alias,I129604602
1418,Paula McDonald,A5034040008,exact,I160993911
1254,Erica Donner,A5072354171,alias,I170239107
984,Ina Bornkessel-Schlesewsky,A5052817033,exact,I170239107
469,Simine Vazire,A5011404541,exact,I165779595
1686,Mark Colyvan,A5052471655,alias,I129604602
476,Magdalena Zych,A5090641711,alias,I165143802
2000,Jian Li,A5100402526,exact,I56590836
2000,Jian Li,A5100402501,alias,I56590836
137,Jordana Silverstein,A5041967891,exact,I165779595
2144,Yuesheng Li,A5108093899,exact,I217937681
63,Luke Munn,A5003334504,alias,I165143802
1166,Heather Douglas,A5004601791,alias,I165143802
1096,Jan Hamann,A5106631462,alias,I31746571
245,Georg Fritz,A5015117184,alias,I177877127
1515,Michele Ford,A5102454547,exact,I129604602
1808,Desmond Manderson,A5066667446,alias,I118347636
2129,Ying Tan,A5023089209,alias,I165779595
1361,Dacheng Tao,A5101409301,exact,I129604602
1134,Daniel Anlezark,A5025639135,alias,I129604602
93,Junning Chen,A5066523003,exact,I129604602
1981,Johnson Mak,A5076804968,alias,I149704539
1601,Rui Zhang,A5100702947,exact,I165779595
921,Yuan Chen,A5100400883,alias,I129604602
1368,Xiaolin Wang,A5086550016,alias,I204824540
1072,Rafael Calvo,A5111469195,exact,I129604602
1601,Rui Zhang,A5089010453,exact,I165779595
1997,Baolin Wang,A5100648295,alias,I63525965
240,Yang Liu,A5011419489,exact,I160993911
1368,Xiaolin Wang,A5114073122,exact,I204824540
1761,Lee Wallace,A5010998218,exact,I129604602
2008,Zongping Shao,A5114093097,alias,I205640436
1261,Abd-Krim Seghouane,A5054471624,exact,I165779595
974,Koji Tanaka,A5002528469,exact,I118347636
231,Yi Liu,A5100701075,alias,I31746571
1333,David Evans,A5021657092,alias,I165143802
192,Liang Zheng,A5056834430,alias,I118347636
1414,Andrew Berry,A5108801220,exact,I118347636
120,Rachael Swain,A5012038171,alias,I31746571
218,Ling Chen,A5100411093,exact,I114017466
218,Ling Chen,A5091998613,alias,I114017466
2000,Jian Li,A5100402609,exact,I56590836
781,Andrew Tomkins,A5033728236,alias,I56590836
14,Jia Wu,A5042695000,exact,I99043593
2182,Chengrong Chen,A5048024158,alias,I11701301
1048,Elena Marchetti,A5103088537,alias,I11701301
1440,Stuart Bedford,A5107431997,alias,I118347636
845,Chuan Zhao,A5101351451,alias,I31746571
1824,Peter Tuthill,A5107234616,exact,I129604602
103,Jun Zhang,A5072629385,alias,I11701301
1600,Tong Lin,A5101104968,exact,I149704539
2094,Birgit Hellwig,A5032018050,exact,I196829312
1293,Christine Winter,A5062676906,alias,I169541294
1133,Martin White,A5065077728,alias,I5681781
1503,Catherine Mills,A5015823657,exact,I56590836
891,Zoran Nikoloski,A5059658943,exact,I165779595
781,Andrew Tomkins,A5110951199,alias,I56590836
1067,Juno Kim,A5101567687,exact,I31746571
1386,Xiaodong Huang,A5101632125,exact,I57093077
434,Tianyi Ma,A5115597730,alias,I82951845
280,Neil Young,A5040055695,alias,I165779595
2015,Guy Wallis,A5043437185,alias,I165143802
1880,Tamara Davis,A5075733791,alias,I165143802
1800,Gavin Flematti,A5010384949,alias,I177877127
602,Bob Wong,A5045419602,alias,I56590836
138,Witold Bloch,A5003807343,alias,I169541294
2034,Christopher Sumby,A5060018496,alias,I5681781
1640,Benno Torgler,A5077256749,alias,I160993911
884,Janna Morrison,A5047956479,alias,I170239107
333,Vanessa Adams,A5049205358,alias,I129801699
758,Tatsuya Amano,A5006772243,alias,I165143802
735,Julie Cairney,A5085222628,alias,I129604602
1919,Miranda Rose,A5033707221,exact,I196829312
922,Yvonne Stokes,A5015754334,alias,I5681781
1425,Zheng Jiang,A5006147935,alias,I204824540
296,Michael Bermingham,A5006216563,exact,I165143802
902,Joshua Cinner,A5090751584,alias,I86467917
1872,Kelly Fielding,A5047055323,alias,I165143802
1961,Margaret Cargo,A5063090390,exact,I170239107
1674,David Tscharke,A5045887042,alias,I118347636
1581,Gavan McNally,A5024039361,alias,I31746571
2174,Christopher Reid,A5081385516,alias,I242743682
301,Christoph Nitsche,A5009631967,alias,I118347636
1402,Rajkumar Buyya,A5014716105,alias,I165779595
1969,Madeleine van Oppen,A5112507757,fuzzy,I1328540965
1537,Judith Cameron,A5067981386,alias,I118347636
1313,Hui Hu,A5100422506,exact,I57093077
987,Marcus Kitchen,A5051597652,alias,I56590836
1201,David Parkinson,A5044470461,alias,I165143802
658,Kirsty Gover,A5041041822,alias,I165779595
1969,Madeleine van Oppen,A5086971721,alias,I1328540965
1161,Wenbiao Hu,A5037253679,alias,I160993911
2017,Maryanne Large,A5074918216,alias,I129604602
2196,Elizabeth (Libby) Roughead,A5051519595,fuzzy,I170239107
1731,Simon Drew,A5042751532,alias,I165779595
1319,Jason Wong,A5072309345,alias,I31746571
1703,Lisa Kewley,A5027796962,alias,I118347636
1750,Robert Hester,A5087092731,exact,I165779595
1173,Lian Pin Koh,A5045807850,alias,I5681781
2184,Thomas Faunce,A5036235021,alias,I118347636
575,Dana Kulic,A5072377971,exact,I56590836
1151,Hua Xia,A5016648197,alias,I118347636
1603,Mike Letnic,A5011750705,alias,I31746571
1420,Suzanne Chambers,A5040734426,alias,I11701301
1893,Philip Piper,A5071515221,alias,I118347636
264,James Meese,A5002754349,exact,I82951845
207,Zongyou Yin,A5074090421,exact,I118347636
690,Kate Macdonald,A5074520836,alias,I165779595
1792,Trent Woodruff,A5055017065,alias,I165143802
2042,Shane Grey,A5067720195,alias,I136750679
456,Guohua Jia,A5073232362,alias,I205640436
1778,Alister Graham,A5043358107,alias,I57093077
91,Yijiao Jiang,A5072704368,alias,I99043593
116,Jianzhong Qi,A5022290876,exact,I165779595
85,Lesley Alton,A5041628955,alias,I56590836
1324,Belinda Parker,A5045235444,alias,I196829312
1472,David Turner,A5012263133,alias,I56590836
1968,Christopher McNeill,A5078711076,alias,I56590836
231,Yi Liu,A5009620657,exact,I31746571
472,Timothy Gould,A5086555627,alias,I11701301
855,Michelle Cluver,A5056066643,alias,I57093077
1933,Andy Dong,A5059957550,exact,I129604602
1677,Sanming Zhou,A5077967587,alias,I165779595
1446,Caroline Jones,A5000653675,exact,I63525965
194,Rodrigo Suarez,A5040608015,alias,I165143802
1369,Dane McCamey,A5015853294,alias,I31746571
899,Bernhard Müller,A5113663905,exact,I56590836
263,Zeinab Khalil,A5046282420,alias,I165143802
1609,Benjamin Newell,A5021914264,alias,I31746571
970,Daniel Kolarich,A5018317721,exact,I11701301
1720,Tariq Ezaz,A5077263123,exact,I188329596
112,Andrew Flies,A5078451263,alias,I129801699
1844,Ruth Kluck,A5048884063,alias,I196021976
971,Sarah Wright,A5016684951,exact,I78757542
1697,Shari Forbes,A5010828956,alias,I114017466
1747,Bellie Sivakumar,A5008084305,alias,I31746571
164,Rebecca Carey,A5013434425,alias,I129801699
1494,Gary Owens,A5069354460,exact,I170239107
1884,Ian Smyth,A5005766430,alias,I56590836
493,Romina Rader,A5068317097,alias,I90745801
418,Anita Ho-Baillie,A5060853707,alias,I129604602
325,Amy Cain,A5083942740,alias,I99043593
613,Karen McNamara,A5048638847,alias,I165143802
1082,Helen Proctor,A5009257584,alias,I129604602
240,Yang Liu,A5100684304,exact,I160993911
65,Samintha Perera,A5078527062,fuzzy,I165779595
484,Melissa Nursey-Bray,A5021247477,exact,I5681781
1089,Anna Clark,A5015225265,exact,I114017466
1215,Guy Williams,A5035143549,alias,I129801699
1215,Guy Williams,A5110057512,exact,I129801699
238,Carolyn Hendriks,A5041644700,alias,I118347636
1058,Andrew Barron,A5035671163,alias,I99043593
614,Glen Lichtwark,A5079451770,alias,I160993911
1924,Yun Liu,A5091026570,alias,I118347636
2003,Charles Warren,A5032088163,alias,I129604602
1217,Cristina Rocha,A5073451559,alias,I63525965
1883,Ulrike Mathesius,A5002900420,alias,I118347636
1830,Ian Wright,A5054833228,alias,I99043593
452,Simon Murphy,A5001661267,alias,I185523456
1526,Marcus Meinzer,A5068847747,exact,I165143802
0,Belinda Liddell,A5031856973,alias,I78757542
1762,Matthew Tomlinson,A5065141253,alias,I118347636
1385,Andrew Mitchell,A5110869943,alias,I165779595
1013,Tobias Merson,A5056582943,alias,I56590836
107,Denis Fougerouse,A5035293723,alias,I205640436
1122,Katherine Szabo,A5055593744,alias,I56590836
2163,Jeremy Smith,A5101638375,alias,I177877127
385,Timothy Mercer,A5089375087,alias,I165143802
1540,Stephen Cameron,A5079179847,alias,I160993911
234,JIA WANG,A5079718378,exact,I57093077
167,Daniel Bennett,A5108801125,alias,I165779595
504,Belinda van Heerwaarden,A5034541666,alias,I165779595
126,Hannah Filmer,A5062056682,alias,I165143802
539,Holly High,A5048930250,alias,I149704539
679,Robyn Araujo,A5031055873,alias,I165779595
388,Rowan Young,A5040551223,fuzzy,I165143802
87,Gang Li,A5100438696,exact,I165779595
2053,Louise Chappell,A5023732073,alias,I31746571
382,Phillip Baker,A5009282846,alias,I129604602
172,Cecilia Gonzalez Tokman,A5079769493,alias,I165143802
616,David Ripley,A5081440698,alias,I56590836
2207,Zhenxiang Cheng,A5101462437,alias,I204824540
1244,Richard Payne,A5109304497,exact,I129604602
1220,Andrew Burton-Jones,A5100564166,fuzzy,I165143802
419,Li Wei,A5100318238,alias,I129604602
3,Miriam Matamales,A5065832532,alias,I31746571
1029,Hui Feng,A5045532635,alias,I11701301
846,Katherine Bode,A5083578169,alias,I118347636
231,Yi Liu,A5100330597,exact,I31746571
216,Jin Zhang,A5100406016,exact,I31746571
216,Jin Zhang,A5091376495,exact,I31746571
1825,Elaine Wong,A5066531526,exact,I165779595
191,Larisa Labzin,A5061906689,alias,I165143802
14,Jia Wu,A5010197223,alias,I99043593
1147,Sally Cripps,A5089488913,alias,I129604602
2144,Yuesheng Li,A5113562641,alias,I217937681
1484,Tao Liu,A5100338083,alias,I31746571
1111,Bronwen Neil,A5059598670,exact,I99043593
1710,Changhai Ding,A5112833471,alias,I129801699
2136,Cristina Gibson,A5040206247,alias,I177877127
1288,Zhiyong Tang,A5067430528,alias,I11701301
1414,Andrew Berry,A5101046132,exact,I118347636
1390,Craig White,A5084093953,exact,I56590836
2063,Joseph Bailey,A5036840080,alias,I129801699
363,Han Lin,A5006239904,alias,I82951845
1638,Kelly Smith,A5023265537,alias,I165143802
2193,Xuchuan Jiang,A5002962596,exact,I56590836
1646,Anandwardhan Hardikar,A5109305987,fuzzy,I129604602
396,Ivo Labbe,A5107896975,exact,I57093077
2205,Aaron Corn,A5083649177,exact,I118347636
192,Liang Zheng,A5100306506,alias,I118347636
2209,Andrew Baird,A5110080235,fuzzy,I86467917
123,Jun Li,A5100362041,exact,I114017466
1229,Wendy Rogers,A5086330846,alias,I99043593
1143,Brian Petersen,A5107939696,alias,I165779595
216,Jin Zhang,A5100405987,alias,I31746571
655,Michael Higgins,A5101438782,alias,I204824540
248,Min Hong,A5062074486,alias,I185523456
419,Li Wei,A5109869303,alias,I129604602
1923,Nicholas Aroney,A5102522071,exact,I165143802
1924,Yun Liu,A5100321987,exact,I118347636
419,Li Wei,A5100318366,alias,I129604602
2104,David Hunter,A5113658337,alias,I129604602
946,Rowena Martin,A5104441069,fuzzy,I118347636
231,Yi Liu,A5100330523,exact,I31746571
231,Yi Liu,A5107942450,alias,I31746571
216,Jin Zhang,A5100405954,exact,I31746571
621,Yang Song,A5100424908,alias,I31746571
1443,Seok-Hee Hong,A5111468597,alias,I129604602
87,Gang Li,A5100438762,exact,I165779595
303,Jiajia Zhou,A5010941044,exact,I114017466
435,Wenjie Zhang,A5100385495,exact,I31746571
592,Melanie White,A5047781103,alias,I165143802
435,Wenjie Zhang,A5100385499,exact,I31746571
442,CHI CHENG,A5102149090,fuzzy,I31746571
218,Ling Chen,A5101911001,exact,I114017466
1139,Dewei Chu,A5039963107,alias,I31746571
1017,Matthew Piper,A5036881538,fuzzy,I56590836
1882,Maria Lugaro,A5020554506,alias,I56590836
89,Xin Cao,A5111392097,exact,I31746571
1166,Heather Douglas,A5050259236,alias,I165143802
1982,Yuan Feng,A5100381178,exact,I114017466
515,Simon Williams,A5101854665,alias,I118347636
218,Ling Chen,A5101819448,alias,I114017466
1704,Hark Hoe Tan,A5023756736,alias,I118347636
87,Gang Li,A5100438687,alias,I165779595
1919,Miranda Rose,A5112616928,fuzzy,I196829312
2015,Guy Wallis,A5043437185,exact,I165143802
1640,Benno Torgler,A5077256749,exact,I160993911
758,Tatsuya Amano,A5006772243,exact,I165143802
296,Michael Bermingham,A5006216563,alias,I165143802
1961,Margaret Cargo,A5063090390,alias,I170239107
301,Christoph Nitsche,A5009631967,exact,I118347636
1402,Rajkumar Buyya,A5014716105,exact,I165779595
1537,Judith Cameron,A5067981386,exact,I118347636
1313,Hui Hu,A5100422506,alias,I57093077
1201,David Parkinson,A5044470461,exact,I165143802
658,Kirsty Gover,A5041041822,exact,I165779595
1161,Wenbiao Hu,A5037253679,exact,I160993911
1750,Robert Hester,A5087092731,alias,I165779595
1173,Lian Pin Koh,A5045807850,exact,I5681781
2184,Thomas Faunce,A5036235021,exact,I118347636
575,Dana Kulic,A5072377971,alias,I56590836
1603,Mike Letnic,A5011750705,exact,I31746571
264,James Meese,A5002754349,alias,I82951845
207,Zongyou Yin,A5074090421,alias,I118347636
690,Kate Macdonald,A5074520836,exact,I165779595
456,Guohua Jia,A5073232362,exact,I205640436
91,Yijiao Jiang,A5072704368,exact,I99043593
116,Jianzhong Qi,A5022290876,alias,I165779595
231,Yi Liu,A5009620657,alias,I31746571
1933,Andy Dong,A5059957550,alias,I129604602
1677,Sanming Zhou,A5077967587,exact,I165779595
1446,Caroline Jones,A5000653675,alias,I63525965
194,Rodrigo Suarez,A5040608015,exact,I165143802
899,Bernhard Müller,A5113663905,alias,I56590836
970,Daniel Kolarich,A5018317721,alias,I11701301
1720,Tariq Ezaz,A5077263123,alias,I188329596
971,Sarah Wright,A5016684951,alias,I78757542
1747,Bellie Sivakumar,A5008084305,exact,I31746571
164,Rebecca Carey,A5013434425,exact,I129801699
1494,Gary Owens,A5069354460,alias,I170239107
1884,Ian Smyth,A5005766430,exact,I56590836
493,Romina Rader,A5068317097,exact,I90745801
418,Anita Ho-Baillie,A5060853707,exact,I129604602
1082,Helen Proctor,A5009257584,exact,I129604602
240,Yang Liu,A5100684304,alias,I160993911
484,Melissa Nursey-Bray,A5021247477,alias,I5681781
1089,Anna Clark,A5015225265,alias,I114017466
1215,Guy Williams,A5110057512,alias,I129801699
1924,Yun Liu,A5091026570,exact,I118347636
1217,Cristina Rocha,A5073451559,exact,I63525965
1883,Ulrike Mathesius,A5002900420,exact,I118347636
1526,Marcus Meinzer,A5068847747,alias,I165143802
1385,Andrew Mitchell,A5110869943,exact,I165779595
107,Denis Fougerouse,A5035293723,exact,I205640436
1122,Katherine Szabo,A5055593744,exact,I56590836
234,JIA WANG,A5079718378,alias,I57093077
504,Belinda van Heerwaarden,A5034541666,exact,I165779595
539,Holly High,A5048930250,exact,I149704539
87,Gang Li,A5100438696,alias,I165779595
2053,Louise Chappell,A5023732073,exact,I31746571
382,Phillip Baker,A5009282846,exact,I129604602
172,Cecilia Gonzalez Tokman,A5079769493,exact,I165143802
616,David Ripley,A5081440698,exact,I56590836
2207,Zhenxiang Cheng,A5101462437,exact,I204824540
1244,Richard Payne,A5109304497,alias,I129604602
3,Miriam Matamales,A5065832532,exact,I31746571
1029,Hui Feng,A5045532635,exact,I11701301
846,Katherine Bode,A5083578169,exact,I118347636
231,Yi Liu,A5100330597,alias,I31746571
216,Jin Zhang,A5100406016,alias,I31746571
216,Jin Zhang,A5091376495,alias,I31746571
1825,Elaine Wong,A5066531526,alias,I165779595
14,Jia Wu,A5010197223,exact,I99043593
1147,Sally Cripps,A5089488913,exact,I129604602
1484,Tao Liu,A5100338083,exact,I31746571
1111,Bronwen Neil,A5059598670,alias,I99043593
1710,Changhai Ding,A5112833471,exact,I129801699
1288,Zhiyong Tang,A5067430528,exact,I11701301
1414,Andrew Berry,A5101046132,alias,I118347636
1390,Craig White,A5084093953,alias,I56590836
363,Han Lin,A5006239904,exact,I82951845
2193,Xuchuan Jiang,A5002962596,alias,I56590836
396,Ivo Labbe,A5107896975,alias,I57093077
2205,Aaron Corn,A5083649177,alias,I118347636
192,Liang Zheng,A5100306506,exact,I118347636
123,Jun Li,A5100362041,alias,I114017466
1143,Brian Petersen,A5107939696,exact,I165779595
216,Jin Zhang,A5100405987,exact,I31746571
248,Min Hong,A5062074486,exact,I185523456
1923,Nicholas Aroney,A5102522071,alias,I165143802
1924,Yun Liu,A5100321987,alias,I118347636
231,Yi Liu,A5100330523,alias,I31746571
231,Yi Liu,A5107942450,exact,I31746571
216,Jin Zhang,A5100405954,alias,I31746571
1443,Seok-Hee Hong,A5111468597,exact,I129604602
87,Gang Li,A5100438762,alias,I165779595
303,Jiajia Zhou,A5010941044,alias,I114017466
435,Wenjie Zhang,A5100385495,alias,I31746571
435,Wenjie Zhang,A5100385499,alias,I31746571
218,Ling Chen,A5101911001,alias,I114017466
1139,Dewei Chu,A5039963107,exact,I31746571
89,Xin Cao,A5111392097,alias,I31746571
1166,Heather Douglas,A5050259236,exact,I165143802
1982,Yuan Feng,A5100381178,alias,I114017466
87,Gang Li,A5100438687,exact,I165779595
1275,Damien Riggs,A5051501121,alias,I169541294
510,David Ackland,A5050491115,alias,I165779595
1545,Alexander Heger,A5035138469,exact,I56590836
1294,Kate Schroder,A5029662334,alias,I165143802
2104,David Hunter,A5080921373,alias,I129604602
1821,David Dunstan,A5044902961,alias,I142471025
669,Ilya Mandel,A5039882234,exact,I56590836
1394,James Weller,A5044193254,alias,I129801699
2167,David Whiteman,A5027765428,alias,I217937681
730,Archa Fox,A5003308258,alias,I177877127
2085,David White,A5065698184,alias,I177877127
1948,William Shieh,A5027948932,exact,I165779595
59,Hannah Pitt,A5035495909,exact,I149704539
2050,John Gooding,A5045621149,alias,I31746571
2064,Peter Franks,A5024645589,alias,I129604602
750,Eric Cavalcanti,A5078802033,alias,I11701301
1092,Ho Kyong Shon,A5032339401,exact,I114017466
1470,Paul Gorry,A5091208578,alias,I145902186
1934,Paul Dietze,A5047149020,exact,I145902186
1533,Helen Pask,A5019793507,alias,I99043593
572,Neeraj Sharma,A5090151283,exact,I31746571
1879,Dustin Marshall,A5027894993,alias,I165143802
2021,Christopher Lidman,A5080812976,alias,I2802629923
1344,Freya Fowkes,A5050635434,alias,I145902186
1153,Margaret Mayfield,A5060839898,alias,I165143802
2129,Ying Tan,A5078570390,alias,I165779595
1292,Andrew Fleming,A5086825826,fuzzy,I78757542
1509,Timothy Cavagnaro,A5024343532,alias,I5681781
160,Chris Greening,A5065449925,alias,I56590836
1371,John Hellstrom,A5026671736,alias,I165779595
1864,Amanda Keddie,A5001040257,alias,I149704539
1563,Michael Samuel,A5050393309,alias,I170239107
29,Ruirui Qiao,A5047227853,alias,I165143802
1386,Xiaodong Huang,A5068970345,exact,I57093077
1448,Kai Schulz,A5091734550,alias,I66809481
15,Anne Thomas,A5073382193,alias,I129604602
1649,Marco Fiorentini,A5028967721,alias,I177877127
1125,Kathryn Fairfull-Smith,A5089727729,alias,I160993911
1742,Jan Seidel,A5079605556,alias,I31746571
1591,Naotsugu Tsuchiya,A5026535553,alias,I56590836
54,Lyndel Bates,A5028222881,alias,I11701301
1965,Guangshan Zhu,A5010014663,alias,I11701301
1652,Martin Mills,A5084734985,alias,I165143802
309,Tebeje Molla,A5003341087,alias,I149704539
2179,Andrew Hassell,A5011098037,exact,I118347636
523,Peter Kim,A5100672878,alias,I129604602
577,William Donald,A5045582222,alias,I31746571
1365,Simon Farrell,A5077470909,alias,I177877127
1807,Sharon Parker,A5016251055,alias,I177877127
1611,James Chon,A5055709573,alias,I57093077
2037,John Mariadason,A5038419173,alias,I4210123010
1546,Nicole Webster,A5057141730,alias,I1328540965
547,Elizabeth Hinde,A5050331643,alias,I165779595
528,Barry Thompson,A5001408033,alias,I118347636
651,Ben White,A5075731564,alias,I160993911
825,Julie Henry,A5013348165,alias,I165143802
1126,Paul Gribben,A5019280606,alias,I31746571
844,Timothy Barrows,A5020825692,alias,I204824540
319,Joel Carpenter,A5055166872,alias,I165143802
1224,Leo Tzou,A5083416384,exact,I129604602
320,Zhi-Gang Chen,A5100456835,fuzzy,I160993911
279,Chang Xu,A5001529504,exact,I129604602
1170,Lawrence Ong,A5050821228,alias,I78757542
1902,Gary Hill,A5019106560,alias,I5681781
840,Jianhua Guo,A5005999266,exact,I165143802
1876,Sheena McGowan,A5024989335,exact,I56590836
1458,Christoph Arns,A5059953798,alias,I31746571
1076,Giang Nguyen,A5016391740,alias,I5681781
1740,Heroen Verbruggen,A5006850471,exact,I165779595
1580,Murray Peel,A5063349644,alias,I165779595
366,Chris Clark,A5002671147,exact,I205640436
1801,Glen Ulett,A5058445985,alias,I11701301
1405,Pablo Moscato,A5041229487,exact,I78757542
4,Jathan Sadowski,A5007777790,alias,I56590836
1481,Nigel Turner,A5039666431,exact,I31746571
2009,Barbara Holland,A5070191714,alias,I129801699
1925,Paulette van Vliet,A5081062946,exact,I78757542
1705,Ebinazar Namdas,A5023348013,alias,I165143802
901,Simon Campbell,A5048340539,alias,I56590836
1541,Sebastien Perrier,A5014057252,alias,I129604602
1413,Runyao Duan,A5109830244,exact,I114017466
125,Jamie Hicks,A5007316465,alias,I118347636
1337,Andrew Fairbairn,A5052482378,exact,I165143802
797,Vincent Wallace,A5002316468,alias,I177877127
885,Jonathan George,A5080675508,alias,I5681781
357,Ricardo Ruiz Baier,A5042374611,exact,I56590836
593,Christopher Danta,A5075254810,alias,I118347636
725,Yi-Chin Toh,A5005340924,exact,I160993911
312,Marcus Carter,A5041837927,exact,I129604602
983,Adam Clulow,A5024397251,alias,I56590836
1847,Hilde Tubex,A5045262132,alias,I177877127
391,Kelly Richards,A5057090674,exact,I160993911
2029,Lindell Bromham,A5046478069,alias,I118347636
9,Poppy Watson,A5045780777,exact,I114017466
2000,Jian Li,A5100402448,alias,I56590836
1984,James Murphy,A5029275926,alias,I196021976
739,Andreas Leibbrandt,A5056114255,exact,I56590836
1409,Edward Aspinall,A5051179148,alias,I118347636
265,Lucy Palmer,A5026846718,alias,I165779595
450,Morten Andersen,A5090521668,fuzzy,I99043593
634,Endre Szili,A5085833751,alias,I170239107
250,Martin Porr,A5021905207,exact,I177877127
39,Seth Cheetham,A5057742020,fuzzy,I165143802
1181,Mark Edele,A5074068111,alias,I165779595
1989,Catherine Waldby,A5053202470,exact,I129604602
819,Nicole Verrills,A5070732797,alias,I78757542
633,Timothy Verhoeven,A5109560758,alias,I56590836
380,Sean Hodgman,A5051649181,alias,I118347636
2046,Jonathan Schaffer,A5101490473,exact,I118347636
557,Jay Bertran-Gonzalez,A5058652421,alias,I31746571
255,Johanna Kenyon,A5006538595,alias,I11701301
1397,Andrew Anderson,A5071895434,alias,I165779595
474,Jelena Rnjak-Kovacina,A5068806602,alias,I31746571
313,Natalie Harkin,A5060714128,exact,I169541294
142,Ramiro Lafuente,A5007825140,alias,I165143802
1790,Maryrose Casey,A5022616435,alias,I56590836
2011,Maria Nugent,A5021570335,alias,I118347636
921,Yuan Chen,A5029855289,alias,I129604602
2081,Nigel Waterhouse,A5032896683,alias,I4210092543
1732,Stephen Lack,A5073756839,exact,I99043593
1923,Nicholas Aroney,A5039358505,alias,I165143802
419,Li Wei,A5100318285,alias,I129604602
488,Baohua Jia,A5082109788,alias,I82951845
2068,Mark Kendall,A5110292410,fuzzy,I165143802
2000,Jian Li,A5100402566,exact,I56590836
190,Andrew Phillips,A5071361352,alias,I169541294
1250,Anna Johnston,A5033695877,alias,I165143802
1997,Baolin Wang,A5100648292,exact,I63525965
108,Xingliang Yuan,A5064553444,exact,I165779595
419,Li Wei,A5100318000,alias,I129604602
853,Chunle Xiong,A5102906724,exact,I118347636
409,Christopher Hall,A5043919064,alias,I165779595
1600,Tong Lin,A5113997626,alias,I149704539
693,Jun Li,A5022445441,alias,I205640436
940,Jiabao Yi,A5113240019,alias,I78757542
1979,Felicity Baker,A5112436852,alias,I165779595
419,Li Wei,A5100318008,alias,I129604602
394,Alan Gamlen,A5059015746,alias,I118347636
419,Li Wei,A5100318134,alias,I129604602
298,Christian Schwab,A5102733220,alias,I99043593
1496,Qing Li,A5100404169,exact,I129604602
1504,Gregory Brown,A5104041048,alias,I129604602
369,Jun Huang,A5084969567,alias,I129604602
216,Jin Zhang,A5100735527,alias,I31746571
216,Jin Zhang,A5100406025,exact,I31746571
1322,Yongping Wei,A5101560643,alias,I165143802
105,Justyna Miszkiewicz,A5036161300,alias,I165143802
1368,Xiaolin Wang,A5009497301,fuzzy,I204824540
1407,Marcela Bilek,A5103620401,fuzzy,I129604602
1898,David Beattie,A5084392266,alias,I170239107
2069,David Wilson,A5045627685,exact,I31746571
578,Megan MacKenzie,A5075458228,alias,I129604602
1495,Derek Abbott,A5091173801,alias,I5681781
575,Dana Kulic,A5016076042,exact,I56590836
87,Gang Li,A5101852349,alias,I165779595
1822,Xiu Song Zhao,A5109335213,alias,I165143802
809,Jon McCormack,A5103561330,alias,I56590836
140,Thuy (Kate) Nguyen,A5111898590,fuzzy,I82951845
132,Hang Ta,A5112906193,alias,I11701301
2054,Malte Ebach,A5112542949,fuzzy,I31746571
1859,Jason Peart,A5010584571,alias,I11701301
699,Cameron Shearer,A5108966179,alias,I5681781
123,Jun Li,A5100361748,alias,I114017466
1484,Tao Liu,A5100722458,alias,I31746571
619,Guo Chen,A5100580440,alias,I31746571
1375,Daniel Price,A5069588467,alias,I56590836
320,Zhi-Gang Chen,A5030660667,fuzzy,I160993911
1496,Qing Li,A5100404005,exact,I129604602
1333,David Evans,A5101628338,exact,I165143802
231,Yi Liu,A5102766005,alias,I31746571
622,Charles Kemp,A5089014521,alias,I165779595
800,Hao Liu,A5100458791,exact,I114017466
693,Jun Li,A5100362036,alias,I205640436
2141,Andrew Martin,A5087547134,alias,I31746571
849,Julia Kindt,A5048292652,fuzzy,I129604602
2163,Jeremy Smith,A5018366869,fuzzy,I177877127
678,Yan Jiao,A5112109745,alias,I5681781
419,Li Wei,A5115591090,alias,I129604602
1121,Susan Harris Rimmer,A5103595697,exact,I11701301
1105,Andrea Rizzi,A5100562044,alias,I165779595
1614,James Bailey,A5102875526,alias,I165779595
419,Li Wei,A5100318441,alias,I129604602
1545,Alexander Heger,A5035138469,alias,I56590836
1294,Kate Schroder,A5029662334,exact,I165143802
669,Ilya Mandel,A5039882234,alias,I56590836
2085,David White,A5065698184,exact,I177877127
1948,William Shieh,A5027948932,alias,I165779595
59,Hannah Pitt,A5035495909,alias,I149704539
1092,Ho Kyong Shon,A5032339401,alias,I114017466
1934,Paul Dietze,A5047149020,alias,I145902186
572,Neeraj Sharma,A5090151283,alias,I31746571
2129,Ying Tan,A5078570390,exact,I165779595
160,Chris Greening,A5065449925,exact,I56590836
1371,John Hellstrom,A5026671736,exact,I165779595
1864,Amanda Keddie,A5001040257,exact,I149704539
29,Ruirui Qiao,A5047227853,exact,I165143802
1386,Xiaodong Huang,A5068970345,alias,I57093077
15,Anne Thomas,A5073382193,exact,I129604602
1742,Jan Seidel,A5079605556,exact,I31746571
1591,Naotsugu Tsuchiya,A5026535553,exact,I56590836
54,Lyndel Bates,A5028222881,exact,I11701301
1965,Guangshan Zhu,A5010014663,exact,I11701301
1652,Martin Mills,A5084734985,exact,I165143802
309,Tebeje Molla,A5003341087,exact,I149704539
2179,Andrew Hassell,A5011098037,alias,I118347636
523,Peter Kim,A5100672878,exact,I129604602
1365,Simon Farrell,A5077470909,exact,I177877127
547,Elizabeth Hinde,A5050331643,exact,I165779595
651,Ben White,A5075731564,exact,I160993911
319,Joel Carpenter,A5055166872,exact,I165143802
1224,Leo Tzou,A5083416384,alias,I129604602
279,Chang Xu,A5001529504,alias,I129604602
1170,Lawrence Ong,A5050821228,exact,I78757542
840,Jianhua Guo,A5005999266,alias,I165143802
1876,Sheena McGowan,A5024989335,alias,I56590836
1740,Heroen Verbruggen,A5006850471,alias,I165779595
366,Chris Clark,A5002671147,alias,I205640436
1405,Pablo Moscato,A5041229487,alias,I78757542
4,Jathan Sadowski,A5007777790,exact,I56590836
1481,Nigel Turner,A5039666431,alias,I31746571
1541,Sebastien Perrier,A5014057252,exact,I129604602
1413,Runyao Duan,A5109830244,alias,I114017466
125,Jamie Hicks,A5007316465,exact,I118347636
1337,Andrew Fairbairn,A5052482378,alias,I165143802
357,Ricardo Ruiz Baier,A5042374611,alias,I56590836
725,Yi-Chin Toh,A5005340924,alias,I160993911
312,Marcus Carter,A5041837927,alias,I129604602
983,Adam Clulow,A5024397251,exact,I56590836
1847,Hilde Tubex,A5045262132,exact,I177877127
391,Kelly Richards,A5057090674,alias,I160993911
2029,Lindell Bromham,A5046478069,exact,I118347636
9,Poppy Watson,A5045780777,alias,I114017466
2000,Jian Li,A5100402448,exact,I56590836
739,Andreas Leibbrandt,A5056114255,alias,I56590836
1409,Edward Aspinall,A5051179148,exact,I118347636
250,Martin Porr,A5021905207,alias,I177877127
1181,Mark Edele,A5074068111,exact,I165779595
1989,Catherine Waldby,A5053202470,alias,I129604602
633,Timothy Verhoeven,A5109560758,exact,I56590836
2046,Jonathan Schaffer,A5101490473,alias,I118347636
474,Jelena Rnjak-Kovacina,A5068806602,exact,I31746571
313,Natalie Harkin,A5060714128,alias,I169541294
1790,Maryrose Casey,A5022616435,exact,I56590836
2011,Maria Nugent,A5021570335,exact,I118347636
921,Yuan Chen,A5029855289,exact,I129604602
1732,Stephen Lack,A5073756839,alias,I99043593
488,Baohua Jia,A5082109788,exact,I82951845
2000,Jian Li,A5100402566,alias,I56590836
1250,Anna Johnston,A5033695877,exact,I165143802
1997,Baolin Wang,A5100648292,alias,I63525965
108,Xingliang Yuan,A5064553444,alias,I165779595
853,Chunle Xiong,A5102906724,alias,I118347636
1600,Tong Lin,A5113997626,exact,I149704539
693,Jun Li,A5022445441,exact,I205640436
940,Jiabao Yi,A5113240019,exact,I78757542
394,Alan Gamlen,A5059015746,exact,I118347636
298,Christian Schwab,A5102733220,exact,I99043593
1496,Qing Li,A5100404169,alias,I129604602
369,Jun Huang,A5084969567,exact,I129604602
216,Jin Zhang,A5100735527,exact,I31746571
216,Jin Zhang,A5100406025,alias,I31746571
1322,Yongping Wei,A5101560643,exact,I165143802
1898,David Beattie,A5084392266,exact,I170239107
2069,David Wilson,A5045627685,alias,I31746571
578,Megan MacKenzie,A5075458228,exact,I129604602
1495,Derek Abbott,A5091173801,exact,I5681781
575,Dana Kulic,A5016076042,alias,I56590836
87,Gang Li,A5101852349,exact,I165779595
809,Jon McCormack,A5103561330,exact,I56590836
132,Hang Ta,A5112906193,exact,I11701301
699,Cameron Shearer,A5108966179,exact,I5681781
123,Jun Li,A5100361748,exact,I114017466
1484,Tao Liu,A5100722458,exact,I31746571
1496,Qing Li,A5100404005,alias,I129604602
1333,David Evans,A5101628338,alias,I165143802
800,Hao Liu,A5100458791,alias,I114017466
693,Jun Li,A5100362036,exact,I205640436
2141,Andrew Martin,A5087547134,exact,I31746571
1121,Susan Harris Rimmer,A5103595697,alias,I11701301
1105,Andrea Rizzi,A5100562044,exact,I165779595
1334,Paul Jackson,A5050242178,alias,I5681781
1007,Fiona Barlow,A5037225650,alias,I165143802
751,Cathryn Trott,A5045219389,alias,I205640436
626,Natasha Hurley-Walker,A5045567359,alias,I205640436
786,Yi Du,A5055715913,alias,I204824540
2204,Jie Zhang,A5100436868,exact,I56590836
1928,Farida Fozdar,A5087772044,exact,I177877127
737,Matthew Hall,A5015379633,exact,I56590836
1725,Norelle Daly,A5080112340,alias,I86467917
1869,Christian Doonan,A5083099327,alias,I5681781
949,Yit Heng Chooi,A5043215577,exact,I177877127
314,Andrew Zalesky,A5031170774,exact,I165779595
1614,James Bailey,A5101609697,exact,I165779595
721,Karl Hassan,A5062811599,alias,I78757542
1180,Julie Smith,A5051034534,exact,I118347636
115,Girish Lakhwani,A5069626817,exact,I129604602
1850,Livia Hool,A5023899010,alias,I177877127
1536,Gerhard Schenk,A5026257435,exact,I165143802
1866,Elizabeth Scarr,A5063663165,exact,I165779595
963,Brendan Zietsch,A5089364263,alias,I165143802
1949,Alexander Broom,A5091798597,alias,I165143802
1266,Pilar Blancafort,A5022898788,alias,I177877127
1131,Stephen Bell,A5027128497,alias,I5681781
1767,Christopher Kellett,A5022096550,alias,I78757542
249,Serena Dipierro,A5051228281,alias,I177877127
1439,Paul Adlard,A5023428581,alias,I242743682
2143,Margaret Kelaher,A5084201756,exact,I165779595
2079,Ranjeny Thomas,A5060328058,exact,I165143802
2012,Timothy Duty,A5082753513,alias,I31746571
2209,Andrew Baird,A5064642955,alias,I86467917
1612,Gavin Conibeer,A5016304583,alias,I31746571
1351,Spencer Williams,A5021413336,alias,I165779595
1717,Robyn Langdon,A5024711241,exact,I99043593
2074,Jean Yang,A5028524705,exact,I129604602
2105,Michael Bunce,A5085536018,alias,I205640436
2155,Michael Brear,A5006784611,alias,I165779595
50,Hamid Laga,A5002077138,exact,I176790772
1410,Timothy Baldwin,A5060332228,exact,I165779595
931,Megan Head,A5017382822,alias,I118347636
2189,Todd Lane,A5002345305,alias,I165779595
1774,Guoxiu Wang,A5007273016,alias,I114017466
1889,Evatt Hawkes,A5068312712,alias,I31746571
1376,Dayong Jin,A5100633582,alias,I114017466
2214,Elizabeth Hartland,A5051887598,alias,I165779595
453,Nicholas White,A5020302210,alias,I118347636
413,Katherine Moseby,A5081405470,alias,I31746571
2047,Georg Gottwald,A5075677942,fuzzy,I129604602
2142,Michael Ostwald,A5029144226,alias,I78757542
513,Kathryn Allen,A5072517470,exact,I129801699
870,Scott Johnson,A5027714089,alias,I63525965
2217,Gary Luck,A5022028487,alias,I153230381
71,Andrew Walker,A5044203426,alias,I165143802
1839,David McGuinness,A5013000968,alias,I129801699
1621,Selena Bartlett,A5103102064,alias,I160993911
17,Maxim Goryachev,A5106084715,exact,I177877127
1429,Orsola De Marco,A5057362556,alias,I99043593
775,Melissa Merritt,A5034206120,alias,I31746571
327,Lei Ge,A5041714665,exact,I185523456
84,Anusha Withanage Don,A5047568623,alias,I129604602
621,Yang Song,A5041567418,exact,I31746571
326,Charles Cox,A5044436273,alias,I31746571
1054,Ian Hardy,A5078309034,exact,I165143802
845,Chuan Zhao,A5050731758,exact,I31746571
310,Loic Yengo,A5025712490,exact,I165143802
2141,Andrew Martin,A5017756615,alias,I31746571
2088,Ba-Ngu Vo,A5072792589,exact,I205640436
257,Carly Cook,A5000097862,alias,I56590836
534,Bin Luo,A5075000300,exact,I165143802
123,Jun Li,A5100362062,exact,I114017466
1311,Gabriel da Silva,A5004403965,alias,I165779595
299,Luis Pedro Coelho,A5078114370,alias,I160993911
1719,Travis Klein,A5072967810,alias,I160993911
218,Ling Chen,A5100411139,alias,I114017466
1816,Michael Davies,A5024193480,alias,I5681781
2073,Brett Garner,A5030922535,exact,I204824540
839,Kosala Ranathunge,A5016087814,exact,I177877127
1090,Dennis Stello,A5031187863,exact,I31746571
1190,Megan Ryan,A5070190769,alias,I177877127
285,Zihua Guo,A5014535747,alias,I56590836
1716,Sarah Pryke,A5007410963,alias,I118347636
909,Kavan Modi,A5053776631,exact,I56590836
1818,Gregory Lane,A5102996036,alias,I118347636
37,Liton Kamruzzaman,A5034994970,alias,I56590836
1886,Andrew Harris,A5024439180,alias,I129604602
681,Susan Baker,A5004564974,alias,I129801699
90,Zengxia Pei,A5060068223,exact,I129604602
1305,Sam Banks,A5029427851,fuzzy,I118347636
1176,Ajay Narendra,A5027429235,alias,I99043593
627,Lisa Ford,A5073093675,exact,I31746571
1858,Evan Moore,A5057877864,alias,I165143802
1084,Arkady Fedorov,A5084198938,alias,I165143802
1302,Alexander Fornito,A5051838519,alias,I56590836
1553,Jason Sharman,A5113603494,alias,I11701301
457,Carol Farbotko,A5006505407,exact,I11701301
2008,Zongping Shao,A5101927500,alias,I205640436
2193,Xuchuan Jiang,A5102723597,alias,I56590836
740,Louise Cheng,A5053998048,alias,I165779595
1145,Emma Baker,A5015318736,exact,I5681781
1796,Gyorgy Hutvagner,A5012268284,alias,I114017466
419,Li Wei,A5100318368,alias,I129604602
268,Daniel Tubbenhauer,A5016692246,exact,I129604602
135,Andrew King,A5033570737,alias,I165779595
321,Amanda Harris,A5027481123,alias,I129604602
835,John Moses,A5076415694,fuzzy,I196829312
419,Li Wei,A5100763560,alias,I129604602
967,Jorge Fernandez Martinez,A5100656902,fuzzy,I5681781
231,Yi Liu,A5100694930,exact,I31746571
643,Renee Jeffery,A5020786862,exact,I11701301
889,Jacinda Ginges,A5034714752,alias,I165143802
398,Darren Croton,A5108584413,alias,I57093077
572,Neeraj Sharma,A5100437499,exact,I31746571
2000,Jian Li,A5100726736,exact,I56590836
2123,Lachlan Andrew,A5011921013,alias,I56590836
189,Chen Li,A5060481541,fuzzy,I56590836
281,Phillip Pope,A5034320292,alias,I160993911
2069,David Wilson,A5033019802,fuzzy,I31746571
478,Sally Potter,A5043031610,alias,I99043593
111,Martijn Konings,A5109331747,exact,I129604602
1601,Rui Zhang,A5100422017,alias,I165779595
1233,Nicole Moore,A5057994629,exact,I31746571
1227,Martin Hill,A5102723119,alias,I177877127
1617,Mark Pelusi,A5103059231,alias,I129604602
573,Dan Liu,A5100326855,exact,I82951845
1970,Michael Brown,A5019359008,alias,I56590836
2141,Andrew Martin,A5101878942,alias,I31746571
283,Dragoslav Vidovic,A5083998405,alias,I56590836
50,Hamid Laga,A5108135954,exact,I176790772
800,Hao Liu,A5101815591,exact,I114017466
1436,Hongxia Wang,A5036603992,exact,I160993911
1970,Michael Brown,A5022196917,alias,I56590836
419,Li Wei,A5100604280,alias,I129604602
554,Yinghui Tian,A5102758003,alias,I165779595
1273,Jingliang Li,A5110488978,alias,I149704539
2008,Zongping Shao,A5105123203,exact,I205640436
1488,Simon Avenell,A5050138968,alias,I118347636
2058,Peter Czabotar,A5004667495,fuzzy,I196021976
712,Luca Cortese,A5110971412,exact,I177877127
1039,Yusuke Yamauchi,A5109591227,exact,I165143802
1594,Patrick Baker,A5075830167,exact,I165779595
145,Hongyi Xu,A5031446445,alias,I118347636
746,James Hutchison,A5113654378,alias,I165779595
1882,Maria Lugaro,A5108735454,alias,I56590836
1440,Stuart Bedford,A5090817287,alias,I118347636
621,Yang Song,A5083873109,alias,I31746571
1817,Zane Andrews,A5108121167,fuzzy,I56590836
2000,Jian Li,A5100402540,alias,I56590836
1834,Michael McCarthy,A5052568377,alias,I165779595
473,Rosalind Dixon,A5011901751,alias,I31746571
106,Georgios Konstantinou,A5106071771,fuzzy,I31746571
219,Tu'uhevaha Kaitu'u-Lino,A5108965242,alias,I165779595
419,Li Wei,A5100401808,alias,I129604602
1794,Ryan Lowe,A5013308771,alias,I177877127
1370,Suzanne Miller,A5102452866,fuzzy,I56590836
800,Hao Liu,A5100338921,alias,I114017466
612,Daniel Burgarth,A5112448306,exact,I99043593
419,Li Wei,A5065263586,alias,I129604602
608,Richard Sandberg,A5111305681,alias,I165779595
164,Rebecca Carey,A5110787636,alias,I129801699
32,Suzy Killmister,A5083617059,exact,I56590836
693,Jun Li,A5100601412,alias,I205640436
89,Xin Cao,A5053671029,alias,I31746571
2043,Karlheinz Peter,A5107405645,alias,I142471025
279,Chang Xu,A5100964559,exact,I129604602
374,Sebastian Duchene,A5107234544,exact,I165779595
1823,Sean Li,A5005935326,fuzzy,I31746571
1516,Michelle Hill,A5106033742,exact,I165143802
786,Yi Du,A5055715913,exact,I204824540
2204,Jie Zhang,A5100436868,alias,I56590836
1928,Farida Fozdar,A5087772044,alias,I177877127
949,Yit Heng Chooi,A5043215577,alias,I177877127
314,Andrew Zalesky,A5031170774,alias,I165779595
1614,James Bailey,A5101609697,alias,I165779595
1180,Julie Smith,A5051034534,alias,I118347636
115,Girish Lakhwani,A5069626817,alias,I129604602
1536,Gerhard Schenk,A5026257435,alias,I165143802
1866,Elizabeth Scarr,A5063663165,alias,I165779595
1266,Pilar Blancafort,A5022898788,exact,I177877127
249,Serena Dipierro,A5051228281,exact,I177877127
2143,Margaret Kelaher,A5084201756,alias,I165779595
2079,Ranjeny Thomas,A5060328058,alias,I165143802
1612,Gavin Conibeer,A5016304583,exact,I31746571
1717,Robyn Langdon,A5024711241,alias,I99043593
2074,Jean Yang,A5028524705,alias,I129604602
2105,Michael Bunce,A5085536018,exact,I205640436
50,Hamid Laga,A5002077138,alias,I176790772
1410,Timothy Baldwin,A5060332228,alias,I165779595
1774,Guoxiu Wang,A5007273016,exact,I114017466
1376,Dayong Jin,A5100633582,exact,I114017466
513,Kathryn Allen,A5072517470,alias,I129801699
17,Maxim Goryachev,A5106084715,alias,I177877127
1429,Orsola De Marco,A5057362556,exact,I99043593
775,Melissa Merritt,A5034206120,exact,I31746571
327,Lei Ge,A5041714665,alias,I185523456
621,Yang Song,A5041567418,alias,I31746571
1054,Ian Hardy,A5078309034,alias,I165143802
845,Chuan Zhao,A5050731758,alias,I31746571
310,Loic Yengo,A5025712490,alias,I165143802
2088,Ba-Ngu Vo,A5072792589,alias,I205640436
534,Bin Luo,A5075000300,alias,I165143802
123,Jun Li,A5100362062,alias,I114017466
1311,Gabriel da Silva,A5004403965,exact,I165779595
299,Luis Pedro Coelho,A5078114370,exact,I160993911
218,Ling Chen,A5100411139,exact,I114017466
2073,Brett Garner,A5030922535,alias,I204824540
839,Kosala Ranathunge,A5016087814,alias,I177877127
1090,Dennis Stello,A5031187863,alias,I31746571
285,Zihua Guo,A5014535747,exact,I56590836
909,Kavan Modi,A5053776631,alias,I56590836
90,Zengxia Pei,A5060068223,alias,I129604602
1176,Ajay Narendra,A5027429235,exact,I99043593
627,Lisa Ford,A5073093675,alias,I31746571
1084,Arkady Fedorov,A5084198938,exact,I165143802
457,Carol Farbotko,A5006505407,alias,I11701301
2008,Zongping Shao,A5101927500,exact,I205640436
2193,Xuchuan Jiang,A5102723597,exact,I56590836
1145,Emma Baker,A5015318736,alias,I5681781
1796,Gyorgy Hutvagner,A5012268284,exact,I114017466
268,Daniel Tubbenhauer,A5016692246,alias,I129604602
321,Amanda Harris,A5027481123,exact,I129604602
231,Yi Liu,A5100694930,alias,I31746571
643,Renee Jeffery,A5020786862,alias,I11701301
572,Neeraj Sharma,A5100437499,alias,I31746571
2000,Jian Li,A5100726736,alias,I56590836
478,Sally Potter,A5043031610,exact,I99043593
111,Martijn Konings,A5109331747,alias,I129604602
1601,Rui Zhang,A5100422017,exact,I165779595
1233,Nicole Moore,A5057994629,alias,I31746571
1617,Mark Pelusi,A5103059231,exact,I129604602
573,Dan Liu,A5100326855,alias,I82951845
50,Hamid Laga,A5108135954,alias,I176790772
800,Hao Liu,A5101815591,alias,I114017466
1436,Hongxia Wang,A5036603992,alias,I160993911
554,Yinghui Tian,A5102758003,exact,I165779595
2008,Zongping Shao,A5105123203,alias,I205640436
1488,Simon Avenell,A5050138968,exact,I118347636
712,Luca Cortese,A5110971412,alias,I177877127
1039,Yusuke Yamauchi,A5109591227,alias,I165143802
1594,Patrick Baker,A5075830167,alias,I165779595
145,Hongyi Xu,A5031446445,exact,I118347636
621,Yang Song,A5083873109,exact,I31746571
2000,Jian Li,A5100402540,exact,I56590836
1834,Michael McCarthy,A5052568377,exact,I165779595
473,Rosalind Dixon,A5011901751,exact,I31746571
219,Tu'uhevaha Kaitu'u-Lino,A5108965242,exact,I165779595
612,Daniel Burgarth,A5112448306,alias,I99043593
32,Suzy Killmister,A5083617059,alias,I56590836
693,Jun Li,A5100601412,exact,I205640436
89,Xin Cao,A5053671029,exact,I31746571
2043,Karlheinz Peter,A5107405645,exact,I142471025
279,Chang Xu,A5100964559,alias,I129604602
374,Sebastian Duchene,A5107234544,alias,I165779595
1516,Michelle Hill,A5106033742,alias,I165143802
1021,Eric Thrane,A5088976307,alias,I56590836
239,Alistair Senior,A5030763843,alias,I129604602
1885,Sarah McNaughton,A5020936902,alias,I149704539
1927,Scott Croom,A5067344624,alias,I129604602
270,Julie Brown,A5065832832,alias,I31746571
1039,Yusuke Yamauchi,A5037509120,alias,I165143802
2112,Kim Bennell,A5014653008,alias,I165779595
335,Daniel Noble,A5028073300,fuzzy,I118347636
307,Igor Aharonovich,A5002213102,alias,I114017466
1748,Andrey Miroshnichenko,A5074616594,alias,I118347636
1086,Shanyong Wang,A5040781254,alias,I78757542
333,Vanessa Adams,A5109516973,exact,I129801699
2149,Chengzhong Yu,A5009277202,exact,I165143802
349,Margaret Young,A5091481095,alias,I165779595
411,Edgar Wong,A5009049591,alias,I31746571
329,Karen Charlton,A5009433771,alias,I204824540
1901,Andrew Hill,A5019296552,alias,I165779595
1308,Paolo Raiteri,A5071019558,exact,I205640436
887,Alison Lennon,A5031474857,exact,I31746571
293,James Coxon,A5089575082,alias,I56590836
1551,Philippe Caroff-Gaonac'h,A5015281781,alias,I118347636
2216,Peter Strutton,A5018218083,alias,I129801699
1025,Richard McDermid,A5049397643,alias,I99043593
2110,Kirill Alexandrov,A5060924890,exact,I165143802
1032,Mark Hinder,A5073013659,alias,I129801699
1320,Joanne Arciuli,A5045593543,alias,I129604602
1063,Paul Salmon,A5090048784,alias,I174025329
1479,John Paterson,A5070020447,alias,I90745801
1998,Anthony Kemp,A5051411866,alias,I177877127
1679,Lan Fu,A5054231666,alias,I118347636
134,Xiaoshan Lin,A5018068424,alias,I82951845
993,Firuz Zare,A5028349208,exact,I165143802
417,Natalie Hannan,A5062361099,alias,I165779595
815,David Bissell,A5059488256,exact,I165779595
2191,Damien Keating,A5035952377,alias,I169541294
1962,Neil Levy,A5051836354,exact,I242743682
1638,Kelly Smith,A5066369560,alias,I165143802
2022,John Alroy,A5016573003,alias,I99043593
594,Victoria Blair,A5057558608,alias,I56590836
1018,Frank Reith,A5037651436,exact,I5681781
1715,Lyndall Strazdins,A5086465892,exact,I118347636
1073,Lee Wong,A5040434089,alias,I56590836
1769,Richard Collins,A5090728820,alias,I31746571
1167,Robert Lanfear,A5037983874,exact,I118347636
2001,Barry Brook,A5023228317,alias,I5681781
1465,Leonie Heilbronn,A5036557857,alias,I5681781
118,Jianguang Fang,A5009826094,exact,I114017466
968,Allison Pettit,A5034604471,alias,I165143802
2116,Andre Luiten,A5038619093,alias,I5681781
947,Sang Hong Lee,A5100383483,alias,I170239107
1508,Nigel Marks,A5041750270,alias,I205640436
702,Michael Westaway,A5066308169,alias,I165143802
1445,Christopher Fogwill,A5045247167,alias,I31746571
904,Christina Schroeder,A5058339404,alias,I165143802
180,Jiefeng Hu,A5004758745,alias,I149672521
2128,Christine Hawkins,A5046373006,alias,I196829312
2,Douglas Brumley,A5045512307,alias,I165779595
122,Luke Glanville,A5076309050,exact,I118347636
1223,Mirella Dottori,A5011677289,alias,I204824540
1534,Katy Evans,A5033850826,alias,I205640436
1687,Elena Ostrovskaya,A5016575257,alias,I118347636
1538,Carl Spandler,A5007191033,alias,I86467917
1525,Andrei Lyamin,A5024468460,alias,I78757542
1326,Paul Baldock,A5029220305,alias,I136750679
1768,Michael Smith,A5050357458,alias,I165779595
948,Jessica Purcell,A5079308734,alias,I56590836
344,Ting Rei Tan,A5026904177,alias,I129604602
641,Tyler Neely,A5012152416,alias,I165143802
52,Wafa Johal,A5048175000,alias,I165779595
945,David Harvey,A5014621753,alias,I31746571
216,Jin Zhang,A5100660380,exact,I31746571
2126,Katryn Stacey,A5046551226,alias,I165143802
764,Ziqi Sun,A5029410439,exact,I160993911
479,Seth Lazar,A5062824333,exact,I118347636
1411,John Bamberg,A5038799614,exact,I177877127
1727,Anthony Henderson,A5072805397,exact,I129604602
1229,Wendy Rogers,A5047218195,alias,I99043593
419,Li Wei,A5100318462,alias,I129604602
1093,Michael Griffin,A5085160372,alias,I165779595
1048,Elena Marchetti,A5060764907,exact,I11701301
960,Berit Ebert,A5058669335,exact,I165779595
1587,Ehsan Arabzadeh,A5003622202,exact,I118347636
273,Dries Verstraete,A5046405453,exact,I129604602
604,Mark Hackett,A5060228610,alias,I205640436
497,Sarah Foster,A5078726327,alias,I82951845
337,Trevor Chong,A5001897613,alias,I56590836
674,Scott Findlay,A5021926088,alias,I56590836
706,Yvonne Wong,A5007044846,alias,I31746571
782,Danyang Wang,A5036298213,alias,I31746571
997,Elisabete da Cunha,A5079179941,alias,I177877127
231,Yi Liu,A5100330467,exact,I31746571
1079,Claudio Cazorla,A5087568082,exact,I31746571
2000,Jian Li,A5100402467,alias,I56590836
127,Danielle Harris,A5050485080,alias,I11701301
1156,Francesca Martin,A5102824113,alias,I165779595
871,Tarunabh Khaitan,A5011699495,alias,I165779595
351,Vincent Laurent,A5011143061,exact,I31746571
1583,Justin O'Brien,A5009867465,alias,I31746571
1549,Jenny Yingzi Wang,A5031528165,alias,I31746571
1285,Heloise Gibb,A5076815889,alias,I196829312
1953,Ashish Sharma,A5057629910,exact,I31746571
1306,Zi Huang,A5101178707,fuzzy,I165143802
1704,Hark Hoe Tan,A5104037782,alias,I118347636
2147,Victoria Haskins,A5036143156,exact,I78757542
410,Sally May,A5110871179,fuzzy,I5681781
765,Megan Maher,A5025793442,alias,I165779595
1407,Marcela Bilek,A5030787222,fuzzy,I129604602
218,Ling Chen,A5089448955,exact,I114017466
1055,Zhi-Yong Li,A5100382265,fuzzy,I160993911
1601,Rui Zhang,A5101750692,exact,I165779595
135,Andrew King,A5013139256,alias,I165779595
1810,Wesley Widmaier,A5033824215,alias,I11701301
439,Robert Weatheritt,A5031170324,alias,I31746571
1022,Simon Butt,A5030004590,alias,I129604602
919,Thom van Dooren,A5085821049,alias,I129604602
2140,Michael Thielscher,A5112711114,exact,I31746571
1791,John Hammond,A5016274906,alias,I177877127
1402,Rajkumar Buyya,A5001431280,exact,I165779595
2144,Yuesheng Li,A5101914943,alias,I217937681
1055,Zhi-Yong Li,A5100396726,alias,I160993911
1600,Tong Lin,A5100835131,alias,I149704539
818,Anders Eriksson,A5058055590,alias,I165143802
1513,Andrew Hogg,A5114142584,fuzzy,I118347636
1231,David Suggett,A5110060341,fuzzy,I114017466
2000,Jian Li,A5100402619,exact,I56590836
606,Da-Wei Wang,A5059976286,alias,I31746571
1768,Michael Smith,A5041403788,alias,I165779595
189,Chen Li,A5100369837,exact,I56590836
786,Yi Du,A5046925706,alias,I204824540
267,Iroise Dumontheil,A5031387197,exact,I165779595
160,Chris Greening,A5097726895,alias,I56590836
1495,Derek Abbott,A5001390355,exact,I5681781
2049,Hong-Yuan Liu,A5101610479,alias,I129604602
1199,Richard Holden,A5107989060,alias,I31746571
1749,Colin Clifford,A5112276846,exact,I31746571
1333,David Evans,A5024587900,exact,I165143802
1323,Clare Wright,A5053590617,exact,I196829312
1151,Hua Xia,A5108944890,alias,I118347636
758,Tatsuya Amano,A5107278595,alias,I165143802
419,Li Wei,A5100689770,alias,I129604602
30,Pengyi Yang,A5112637532,exact,I129604602
1425,Zheng Jiang,A5108005751,exact,I204824540
382,Phillip Baker,A5103058224,alias,I129604602
425,James Flexner,A5050660047,alias,I129604602
1972,Nathalie Nguyen,A5018613046,alias,I56590836
2000,Jian Li,A5100657728,alias,I56590836
231,Yi Liu,A5100330533,exact,I31746571
991,Paola Escudero,A5113837883,exact,I63525965
1825,Elaine Wong,A5102490973,alias,I165779595
419,Li Wei,A5100318098,alias,I129604602
2000,Jian Li,A5100402430,alias,I56590836
1231,David Suggett,A5013105635,fuzzy,I114017466
377,Daoyi Dong,A5000582423,alias,I114017466
529,Stephen Moggach,A5023823354,fuzzy,I177877127
369,Jun Huang,A5101697669,exact,I129604602
1379,Weihua Liu,A5031637834,alias,I1292875679
1882,Maria Lugaro,A5103884089,alias,I56590836
1448,Kai Schulz,A5104097955,fuzzy,I66809481
2167,David Whiteman,A5103595445,alias,I217937681
1601,Rui Zhang,A5101812272,exact,I165779595
1076,Giang Nguyen,A5101819865,alias,I5681781
1414,Andrew Berry,A5103100013,alias,I118347636
1000,Zaiping Guo,A5108132966,exact,I204824540
270,Julie Brown,A5065832832,exact,I31746571
1039,Yusuke Yamauchi,A5037509120,exact,I165143802
307,Igor Aharonovich,A5002213102,exact,I114017466
1086,Shanyong Wang,A5040781254,exact,I78757542
333,Vanessa Adams,A5109516973,alias,I129801699
2149,Chengzhong Yu,A5009277202,alias,I165143802
329,Karen Charlton,A5009433771,exact,I204824540
1308,Paolo Raiteri,A5071019558,alias,I205640436
887,Alison Lennon,A5031474857,alias,I31746571
2110,Kirill Alexandrov,A5060924890,alias,I165143802
1320,Joanne Arciuli,A5045593543,exact,I129604602
1679,Lan Fu,A5054231666,exact,I118347636
134,Xiaoshan Lin,A5018068424,exact,I82951845
993,Firuz Zare,A5028349208,alias,I165143802
815,David Bissell,A5059488256,alias,I165779595
1962,Neil Levy,A5051836354,alias,I242743682
2022,John Alroy,A5016573003,exact,I99043593
1018,Frank Reith,A5037651436,alias,I5681781
1715,Lyndall Strazdins,A5086465892,alias,I118347636
1167,Robert Lanfear,A5037983874,alias,I118347636
118,Jianguang Fang,A5009826094,alias,I114017466
180,Jiefeng Hu,A5004758745,exact,I149672521
122,Luke Glanville,A5076309050,alias,I118347636
1223,Mirella Dottori,A5011677289,exact,I204824540
1534,Katy Evans,A5033850826,exact,I205640436
1538,Carl Spandler,A5007191033,exact,I86467917
52,Wafa Johal,A5048175000,exact,I165779595
945,David Harvey,A5014621753,exact,I31746571
216,Jin Zhang,A5100660380,alias,I31746571
764,Ziqi Sun,A5029410439,alias,I160993911
479,Seth Lazar,A5062824333,alias,I118347636
1411,John Bamberg,A5038799614,alias,I177877127
1727,Anthony Henderson,A5072805397,alias,I129604602
1229,Wendy Rogers,A5047218195,exact,I99043593
1048,Elena Marchetti,A5060764907,alias,I11701301
960,Berit Ebert,A5058669335,alias,I165779595
1587,Ehsan Arabzadeh,A5003622202,alias,I118347636
273,Dries Verstraete,A5046405453,alias,I129604602
497,Sarah Foster,A5078726327,exact,I82951845
782,Danyang Wang,A5036298213,exact,I31746571
997,Elisabete da Cunha,A5079179941,exact,I177877127
231,Yi Liu,A5100330467,alias,I31746571
1079,Claudio Cazorla,A5087568082,alias,I31746571
2000,Jian Li,A5100402467,exact,I56590836
871,Tarunabh Khaitan,A5011699495,exact,I165779595
351,Vincent Laurent,A5011143061,alias,I31746571
1285,Heloise Gibb,A5076815889,exact,I196829312
1953,Ashish Sharma,A5057629910,alias,I31746571
1704,Hark Hoe Tan,A5104037782,exact,I118347636
2147,Victoria Haskins,A5036143156,alias,I78757542
218,Ling Chen,A5089448955,alias,I114017466
1601,Rui Zhang,A5101750692,alias,I165779595
135,Andrew King,A5013139256,exact,I165779595
1022,Simon Butt,A5030004590,exact,I129604602
919,Thom van Dooren,A5085821049,exact,I129604602
2140,Michael Thielscher,A5112711114,alias,I31746571
1402,Rajkumar Buyya,A5001431280,alias,I165779595
2144,Yuesheng Li,A5101914943,exact,I217937681
1600,Tong Lin,A5100835131,exact,I149704539
2000,Jian Li,A5100402619,alias,I56590836
189,Chen Li,A5100369837,alias,I56590836
267,Iroise Dumontheil,A5031387197,alias,I165779595
1495,Derek Abbott,A5001390355,alias,I5681781
1749,Colin Clifford,A5112276846,alias,I31746571
1333,David Evans,A5024587900,alias,I165143802
1323,Clare Wright,A5053590617,alias,I196829312
30,Pengyi Yang,A5112637532,alias,I129604602
1425,Zheng Jiang,A5108005751,alias,I204824540
2000,Jian Li,A5100657728,exact,I56590836
231,Yi Liu,A5100330533,alias,I31746571
991,Paola Escudero,A5113837883,alias,I63525965
1825,Elaine Wong,A5102490973,exact,I165779595
2000,Jian Li,A5100402430,exact,I56590836
377,Daoyi Dong,A5000582423,exact,I114017466
369,Jun Huang,A5101697669,alias,I129604602
1379,Weihua Liu,A5031637834,exact,I1292875679
1882,Maria Lugaro,A5103884089,exact,I56590836
1601,Rui Zhang,A5101812272,alias,I165779595
1414,Andrew Berry,A5103100013,exact,I118347636
1000,Zaiping Guo,A5108132966,alias,I204824540
1562,Bruce Yabsley,A5075323817,alias,I129604602
834,Helen Watt,A5088564723,alias,I129604602
1625,John Canning,A5037901723,alias,I129604602
734,Julia Bryant,A5076314144,alias,I129604602
1327,Chenghua Sun,A5058308419,exact,I57093077
248,Min Hong,A5091024708,alias,I185523456
1195,Michael Shields,A5039052555,alias,I56590836
2208,Pathegama Ranjith,A5053961001,alias,I56590836
1060,Mark Kelly,A5103089041,alias,I63525965
541,Ke Meng,A5058006896,alias,I31746571
1836,Nicholas Seymour,A5035042727,alias,I205640436
2178,Dragan Nesic,A5035230630,exact,I165779595
716,Philip Brewer,A5071220342,alias,I5681781
1276,Nigel Jones,A5028913352,alias,I56590836
359,Annan Zhou,A5056380462,exact,I82951845
1672,Adam Hill,A5060826983,alias,I19514445
1467,Scott Brown,A5074709577,alias,I78757542
1830,Ian Wright,A5028139677,alias,I99043593
2183,Glenn Almany,A5112385289,alias,I86467917
1482,Cyrille Boyer,A5001395511,exact,I31746571
419,Li Wei,A5100454543,alias,I129604602
1292,Andrew Fleming,A5055319905,alias,I78757542
278,Andrew Phillips,A5085155706,alias,I165143802
1641,Jan Hemmi,A5032101089,fuzzy,I177877127
1619,Kristofer Thurecht,A5014665196,alias,I165143802
420,Wanli Ouyang,A5087818121,exact,I129604602
774,Jennifer Kelley,A5080625000,alias,I177877127
1148,Michael Milford,A5078340555,alias,I160993911
104,Gianluca Demartini,A5052565959,alias,I165143802
671,Rick Stuart-Smith,A5007589148,alias,I129801699
205,Rosalie Hocking,A5002235771,alias,I57093077
859,Deanna D'Alessandro,A5003296253,alias,I129604602
914,Jake Chandler,A5066130935,exact,I196829312
560,Frank Neumann,A5089531887,exact,I5681781
678,Yan Jiao,A5034195419,exact,I5681781
2035,Jinhu Lu,A5027725400,exact,I82951845
517,Stephen Warren-Smith,A5047448028,alias,I170239107
35,Grace Shephard,A5004083328,alias,I118347636
1951,Benjamin Hogan,A5082699033,alias,I165143802
659,Volker Herzig,A5062525294,alias,I174025329
130,Xi Zheng,A5081182489,alias,I99043593
1204,Simon Phipps,A5081379226,alias,I217937681
1856,Craig O'Neill,A5037735809,alias,I99043593
1620,Danielle Navarro,A5045288622,alias,I31746571
1477,Shahram Akbarzadeh,A5005738569,exact,I149704539
514,David Chapple,A5034621182,alias,I56590836
486,Julia Blanchard,A5047035656,alias,I129801699
241,Khoon Lim,A5015866577,alias,I129604602
1085,Irene Suarez-Martinez,A5064260162,alias,I205640436
1550,Christopher Tonkin,A5088878681,alias,I196021976
1256,Joanna Groom,A5030092965,alias,I196021976
625,Alex Collie,A5034586000,exact,I56590836
861,Kristin Laurens,A5052018941,alias,I160993911
2186,Sarah Russell,A5036763393,alias,I57093077
1683,Andre Renzaho,A5026185306,fuzzy,I63525965
576,Lu Qin,A5046220908,exact,I114017466
2076,Suzanne Cutts,A5006525314,fuzzy,I196829312
685,Ullrich Ecker,A5043657584,alias,I177877127
771,Felicity Cox,A5077554384,exact,I99043593
24,Sharna Jamadar,A5056707559,alias,I56590836
1752,Amanda Karakas,A5088116706,alias,I56590836
1572,Kirrie Ballard,A5017814150,alias,I129604602
346,Joel Pearson,A5012993883,exact,I31746571
619,Guo Chen,A5100445744,exact,I31746571
1355,Paul Frijters,A5077002222,exact,I165143802
131,Jane Catford,A5033756643,alias,I118347636
813,Jessica Mar,A5025645526,alias,I165143802
1374,Yvonne Buckley,A5000167575,alias,I165143802
694,Emma Sherratt,A5010059340,exact,I5681781
554,Yinghui Tian,A5059885036,exact,I165779595
903,Daniel Horsley,A5028146693,alias,I56590836
376,Jason Byrne,A5053951579,exact,I129801699
1083,Ian McCulloch,A5009037328,alias,I165143802
1396,Wenhui Duan,A5068445233,alias,I56590836
663,Gustavo Carneiro,A5029215323,alias,I5681781
2180,Nam Mai-Duy,A5054983995,alias,I185523456
743,Thanh Vinh Nguyen,A5089229400,alias,I31746571
1174,Michael Kasumovic,A5089001016,alias,I31746571
1788,Mark McKenna,A5019173682,exact,I129604602
806,Daniel Harris,A5003772111,alias,I82951845
2215,Thomas Reuter,A5020671798,exact,I165779595
150,Christopher Baker,A5061582278,alias,I165143802
442,CHI CHENG,A5048600285,alias,I31746571
1878,Joseph Ciarrochi,A5069689429,exact,I86695891
1512,Georgina Such,A5080650707,alias,I165779595
2000,Jian Li,A5109971899,alias,I56590836
1485,Alison Ross,A5068597653,exact,I56590836
1159,Konstantin Bliokh,A5081616947,alias,I118347636
1442,Justine Ellis,A5034161059,alias,I4210150290
1388,Killugudi Swaminatha-Iyer,A5113884574,exact,I177877127
1395,James Leach,A5091634097,exact,I177877127
1526,Marcus Meinzer,A5020155709,alias,I165143802
146,Daniel Franks,A5058493222,alias,I165143802
1857,Helen MacDonald,A5073606029,exact,I165779595
2027,Anthony Uren,A5074016040,alias,I196021976
494,Kim Scott,A5023336784,exact,I205640436
913,Alexandra Corbett,A5013628614,alias,I165779595
2172,Rowena Ball,A5058161910,exact,I118347636
2004,Thomas Nann,A5081385176,alias,I170239107
491,Paul Evans,A5064109901,fuzzy,I165143802
756,Ivan Maksymov,A5071681496,alias,I57093077
2028,Simon Lucey,A5055053078,alias,I1292875679
400,Caroline Foster,A5031652547,alias,I31746571
322,Emily O'Gorman,A5024219772,alias,I99043593
1988,Mark Donohue,A5069158338,alias,I118347636
419,Li Wei,A5100318396,alias,I129604602
1039,Yusuke Yamauchi,A5108103024,exact,I165143802
111,Martijn Konings,A5053678026,alias,I129604602
1635,Geoffrey Levey,A5064014730,alias,I31746571
570,Fleur Johns,A5050887599,exact,I129604602
1290,Nathan Clisby,A5014176746,alias,I57093077
332,Zhaojun Han,A5076167668,alias,I160993911
840,Jianhua Guo,A5107942391,exact,I165143802
2000,Jian Li,A5100738731,alias,I56590836
1121,Susan Harris Rimmer,A5108291483,exact,I11701301
2144,Yuesheng Li,A5029062399,fuzzy,I217937681
1905,Melinda Cooper,A5057158351,exact,I129604602
847,Qinian Jin,A5101410597,alias,I118347636
561,Sarah Phillips,A5059065788,exact,I129604602
216,Jin Zhang,A5115603695,exact,I31746571
1443,Seok-Hee Hong,A5112525956,alias,I129604602
1076,Giang Nguyen,A5021635788,alias,I5681781
878,Karen Gregory,A5113209986,exact,I56590836
248,Min Hong,A5011980528,alias,I185523456
501,Jennifer Atchison,A5112822367,exact,I204824540
548,Stephen Gould,A5110401625,alias,I118347636
986,Evangelia Anagnostou-Laoutides,A5041835511,alias,I99043593
785,Eric May,A5103742568,alias,I177877127
1886,Andrew Harris,A5104002860,exact,I129604602
216,Jin Zhang,A5100706289,alias,I31746571
171,Shino Konishi,A5012830076,exact,I177877127
240,Yang Liu,A5111585027,alias,I160993911
1197,Jeffrey Cooke,A5110010276,alias,I57093077
1857,Helen MacDonald,A5010635935,exact,I165779595
1416,John Zhu,A5103415080,fuzzy,I165143802
2207,Zhenxiang Cheng,A5108085472,exact,I204824540
1532,Lianzhou Wang,A5107875972,alias,I165143802
565,Susanne Protschky,A5083308382,alias,I149704539
1768,Michael Smith,A5082298686,alias,I165779595
1880,Tamara Davis,A5106819656,fuzzy,I165143802
1151,Hua Xia,A5086765076,alias,I118347636
492,Zhi Li,A5101555124,alias,I31746571
332,Zhaojun Han,A5071194107,exact,I160993911
1768,Michael Smith,A5049536222,fuzzy,I165779595
1436,Hongxia Wang,A5100373288,alias,I160993911
2149,Chengzhong Yu,A5102763795,alias,I165143802
231,Yi Liu,A5100330488,exact,I31746571
800,Hao Liu,A5115602439,alias,I114017466
1709,Clare Corbould,A5015349783,exact,I149704539
492,Zhi Li,A5100601794,exact,I31746571
434,Tianyi Ma,A5009196694,alias,I82951845
1484,Tao Liu,A5052426057,exact,I31746571
1099,Claire Roberts,A5040208075,alias,I165779595
2046,Jonathan Schaffer,A5112231006,alias,I118347636
176,Maria Fernanda Adame,A5037539333,fuzzy,I11701301
252,James Osborne,A5077047759,alias,I165779595
419,Li Wei,A5100644295,alias,I129604602
1408,Jochen Mueller,A5111378196,exact,I165143802
2000,Jian Li,A5100402527,exact,I56590836
1426,Michael Piper,A5041773447,alias,I165143802
6,Lina Yao,A5052731721,exact,I99043593
217,Anina Rich,A5103722895,alias,I99043593
1368,Xiaolin Wang,A5103768311,alias,I204824540
419,Li Wei,A5103261233,alias,I129604602
843,Elizabeth Stephens,A5020827699,alias,I165143802
50,Hamid Laga,A5050127367,alias,I176790772
1769,Richard Collins,A5100699495,exact,I31746571
1625,John Canning,A5037901723,exact,I129604602
1327,Chenghua Sun,A5058308419,alias,I57093077
248,Min Hong,A5091024708,exact,I185523456
541,Ke Meng,A5058006896,exact,I31746571
2178,Dragan Nesic,A5035230630,alias,I165779595
359,Annan Zhou,A5056380462,alias,I82951845
1467,Scott Brown,A5074709577,exact,I78757542
1482,Cyrille Boyer,A5001395511,alias,I31746571
278,Andrew Phillips,A5085155706,exact,I165143802
420,Wanli Ouyang,A5087818121,alias,I129604602
1148,Michael Milford,A5078340555,exact,I160993911
104,Gianluca Demartini,A5052565959,exact,I165143802
914,Jake Chandler,A5066130935,alias,I196829312
560,Frank Neumann,A5089531887,alias,I5681781
678,Yan Jiao,A5034195419,alias,I5681781
2035,Jinhu Lu,A5027725400,alias,I82951845
659,Volker Herzig,A5062525294,exact,I174025329
130,Xi Zheng,A5081182489,exact,I99043593
1204,Simon Phipps,A5081379226,exact,I217937681
1085,Irene Suarez-Martinez,A5064260162,exact,I205640436
576,Lu Qin,A5046220908,alias,I114017466
771,Felicity Cox,A5077554384,alias,I99043593
346,Joel Pearson,A5012993883,alias,I31746571
619,Guo Chen,A5100445744,alias,I31746571
1355,Paul Frijters,A5077002222,alias,I165143802
694,Emma Sherratt,A5010059340,alias,I5681781
554,Yinghui Tian,A5059885036,alias,I165779595
903,Daniel Horsley,A5028146693,exact,I56590836
376,Jason Byrne,A5053951579,alias,I129801699
1396,Wenhui Duan,A5068445233,exact,I56590836
663,Gustavo Carneiro,A5029215323,exact,I5681781
743,Thanh Vinh Nguyen,A5089229400,exact,I31746571
1788,Mark McKenna,A5019173682,alias,I129604602
2215,Thomas Reuter,A5020671798,alias,I165779595
1878,Joseph Ciarrochi,A5069689429,alias,I86695891
1485,Alison Ross,A5068597653,alias,I56590836
1442,Justine Ellis,A5034161059,exact,I4210150290
1388,Killugudi Swaminatha-Iyer,A5113884574,alias,I177877127
1395,James Leach,A5091634097,alias,I177877127
1857,Helen MacDonald,A5073606029,alias,I165779595
494,Kim Scott,A5023336784,alias,I205640436
2172,Rowena Ball,A5058161910,alias,I118347636
2004,Thomas Nann,A5081385176,exact,I170239107
2028,Simon Lucey,A5055053078,exact,I1292875679
400,Caroline Foster,A5031652547,exact,I31746571
1988,Mark Donohue,A5069158338,exact,I118347636
1039,Yusuke Yamauchi,A5108103024,alias,I165143802
111,Martijn Konings,A5053678026,exact,I129604602
570,Fleur Johns,A5050887599,alias,I129604602
1290,Nathan Clisby,A5014176746,exact,I57093077
332,Zhaojun Han,A5076167668,exact,I160993911
840,Jianhua Guo,A5107942391,alias,I165143802
2000,Jian Li,A5100738731,exact,I56590836
1121,Susan Harris Rimmer,A5108291483,alias,I11701301
1905,Melinda Cooper,A5057158351,alias,I129604602
847,Qinian Jin,A5101410597,exact,I118347636
561,Sarah Phillips,A5059065788,alias,I129604602
216,Jin Zhang,A5115603695,alias,I31746571
1443,Seok-Hee Hong,A5112525956,exact,I129604602
878,Karen Gregory,A5113209986,alias,I56590836
501,Jennifer Atchison,A5112822367,alias,I204824540
548,Stephen Gould,A5110401625,exact,I118347636
1886,Andrew Harris,A5104002860,alias,I129604602
171,Shino Konishi,A5012830076,alias,I177877127
240,Yang Liu,A5111585027,exact,I160993911
1197,Jeffrey Cooke,A5110010276,exact,I57093077
1857,Helen MacDonald,A5010635935,alias,I165779595
2207,Zhenxiang Cheng,A5108085472,alias,I204824540
332,Zhaojun Han,A5071194107,alias,I160993911
1436,Hongxia Wang,A5100373288,exact,I160993911
2149,Chengzhong Yu,A5102763795,exact,I165143802
231,Yi Liu,A5100330488,alias,I31746571
1709,Clare Corbould,A5015349783,alias,I149704539
492,Zhi Li,A5100601794,alias,I31746571
434,Tianyi Ma,A5009196694,exact,I82951845
1484,Tao Liu,A5052426057,alias,I31746571
2046,Jonathan Schaffer,A5112231006,exact,I118347636
1408,Jochen Mueller,A5111378196,alias,I165143802
2000,Jian Li,A5100402527,alias,I56590836
1426,Michael Piper,A5041773447,exact,I165143802
6,Lina Yao,A5052731721,alias,I99043593
50,Hamid Laga,A5050127367,exact,I176790772
1769,Richard Collins,A5100699495,alias,I31746571
1970,Michael Brown,A5022787224,alias,I56590836
1133,Martin White,A5017618655,alias,I5681781
1449,Shaomin Liu,A5100638193,exact,I205640436
1375,Daniel Price,A5013805663,alias,I56590836
1947,Kevin Pfleger,A5066839373,alias,I177877127
2055,Veena Sahajwalla,A5041041634,alias,I31746571
1987,Bryan Fry,A5073667848,alias,I165143802
1685,Sarah Medland,A5011519020,alias,I217937681
1098,John McMurtrie,A5048957496,alias,I160993911
1520,Richard Fuller,A5036770672,alias,I165143802
1419,Gilles Guillemin,A5075562396,alias,I99043593
875,Amir Karton,A5062367420,exact,I177877127
653,Parastoo Sadeghi,A5068612701,alias,I31746571
219,Tu'uhevaha Kaitu'u-Lino,A5081990591,alias,I165779595
46,Amy Pennay,A5068440678,exact,I196829312
1891,Karen Kheruntsyan,A5078510078,alias,I165143802
1822,Xiu Song Zhao,A5100445703,alias,I165143802
1809,Christine Beveridge,A5021798737,alias,I165143802
1797,Michelle Baker,A5069294286,alias,I1292875679
1568,Elizabeth Leane,A5086871189,alias,I129801699
1605,Peter Solomon,A5066146500,alias,I118347636
1870,Beate Escher,A5019740923,fuzzy,I165143802
1168,Xia-Ji Liu,A5065851954,exact,I57093077
1940,Michael Kearney,A5066939927,alias,I165779595
790,Tjeerd Boonstra,A5069969267,alias,I31746571
2065,Kaye Truscott,A5044117119,alias,I196829312
540,David White,A5019518324,exact,I31746571
536,Carissa Klein,A5008875069,alias,I165143802
1044,Peter Keller,A5025896672,alias,I63525965
1165,Girish Nair,A5021984276,alias,I165779595
991,Paola Escudero,A5025374032,alias,I63525965
1152,Gianluca Ranzi,A5065103253,alias,I129604602
74,Kristin Gainey,A5002720959,alias,I177877127
566,Nicola Henry,A5060066744,alias,I82951845
648,Jizheng He,A5068325756,alias,I165779595
349,Margaret Young,A5112058414,fuzzy,I165779595
2157,Peter Anderson,A5063008596,alias,I165779595
1274,Jacqueline Batley,A5086358262,exact,I177877127
498,Yinglong Chen,A5036995439,alias,I177877127
2051,Irina Harris,A5013682054,alias,I129604602
1137,Jimin Yu,A5077338822,alias,I118347636
617,Simone Ciampi,A5050840673,exact,I205640436
998,Tara Murphy,A5041621306,alias,I129604602
1909,Adrienne Nicotra,A5034281205,alias,I118347636
415,Ben Beck,A5074963018,exact,I56590836
96,Glen Wheeler,A5052058766,exact,I204824540
1915,Patricia Valery,A5087222566,alias,I29894533
1967,Shannon Notley,A5078815015,alias,I118347636
1519,Catherine Suter,A5078579946,alias,I19514445
1930,Yuantong Gu,A5108068122,exact,I160993911
1262,Sango Mahanty,A5006075360,alias,I118347636
2161,Christina Lim,A5032554580,alias,I165779595
1589,Marc Oxenham,A5075258991,alias,I118347636
1604,Sheshanath Bhosale,A5044696583,alias,I82951845
1212,Steven Flammia,A5007129549,alias,I129604602
1172,Glenn Kacprzak,A5046904827,alias,I57093077
728,Jian Yang,A5100604690,exact,I165143802
584,Allan McRae,A5025726582,alias,I165143802
135,Andrew King,A5076705497,alias,I165779595
769,Michael Richardson,A5090429070,alias,I99043593
1340,Stefanie Becker,A5047893798,alias,I165143802
668,Kristian Kempe,A5009042033,alias,I56590836
2002,Menna Jones,A5027613128,alias,I129801699
620,Pingan Song,A5044707487,alias,I185523456
542,Mark Moore,A5016691270,alias,I90745801
1106,Timothy Dempster,A5029411990,alias,I165779595
1473,David Warton,A5054836512,alias,I31746571
2059,Margaret Barbour,A5076068024,alias,I129604602
1164,Helen McGregor,A5014678668,alias,I204824540
722,Kristina Murphy,A5001906574,alias,I11701301
369,Jun Huang,A5052713328,exact,I129604602
1196,Susan Laurance,A5012015233,alias,I86467917
2190,Justin Rubio,A5061300992,alias,I242743682
1383,Natasha Harvey,A5086662582,alias,I170239107
661,Haolan Xu,A5061683222,exact,I170239107
929,Jiayu Wen,A5081634959,exact,I118347636
1437,Marcel Jackson,A5032939431,alias,I196829312
2036,Jane Latimer,A5085028090,exact,I129604602
1178,Peter Munro,A5003524485,alias,I177877127
1868,Adrian Manning,A5048135041,alias,I118347636
1827,Ajayan Vinu,A5015562487,exact,I170239107
942,Dongchen Qi,A5003339166,alias,I160993911
499,Stijn Glorie,A5057911678,alias,I5681781
747,Thomas White,A5103046101,alias,I118347636
184,Fabio Cortesi,A5008527692,alias,I165143802
1621,Selena Bartlett,A5062881529,alias,I160993911
1724,Andrew Lowe,A5071737201,alias,I205640436
1631,David Lupton,A5008812521,alias,I56590836
1220,Andrew Burton-Jones,A5071993179,exact,I165143802
372,Nicholas Veldhuis,A5026397595,alias,I56590836
598,Scott Ling,A5053541360,alias,I129801699
1169,Ester Cerin,A5048260631,alias,I86695891
1855,Maureen O'Malley,A5052479288,alias,I129604602
2072,Catherine Whitby,A5053768852,alias,I170239107
927,Elisa Hill,A5069788701,alias,I82951845
829,Ryan Loxton,A5066144982,exact,I205640436
123,Jun Li,A5100635867,alias,I114017466
1736,Francesca McInerney,A5007267778,alias,I5681781
261,Jonathan Benjamin,A5053771328,alias,I169541294
2018,Zudi Lu,A5022214887,alias,I5681781
1975,Jake Baum,A5018262996,alias,I196021976
1805,Clive Schofield,A5090985498,alias,I204824540
865,Stephan Tillmann,A5060650935,exact,I129604602
1415,Andrew Leach,A5102019485,exact,I129604602
396,Ivo Labbe,A5078828621,exact,I57093077
727,Julia Pagan,A5063634904,alias,I165143802
1920,Josephine McDonald,A5030327003,alias,I177877127
1162,Yanbo Wang,A5100452596,exact,I129604602
615,Ramon Lobato,A5047430649,alias,I57093077
1601,Rui Zhang,A5100421978,exact,I165779595
446,Tooran Alizadeh,A5007334682,alias,I129604602
1753,Dan Li,A5100683362,exact,I56590836
1287,Catia Domingues,A5058586357,alias,I129801699
1614,James Bailey,A5065024170,exact,I165779595
1892,Christopher Wright,A5028602730,alias,I31746571
1925,Paulette van Vliet,A5030814059,fuzzy,I78757542
98,Andrew Lawrence,A5065550610,alias,I118347636
590,Timothy Scott,A5027020150,alias,I56590836
243,Shiyang Tang,A5004070252,alias,I31746571
1892,Christopher Wright,A5101483076,alias,I31746571
248,Min Hong,A5100567279,alias,I185523456
1385,Andrew Mitchell,A5019024810,alias,I165779595
277,Petr Sedlacek,A5068400819,alias,I31746571
106,Georgios Konstantinou,A5058549592,alias,I31746571
1149,Simon Baxter,A5086984989,alias,I5681781
278,Andrew Phillips,A5108193345,exact,I165143802
1892,Christopher Wright,A5059968426,alias,I31746571
1129,Robert Izzard,A5073609162,alias,I56590836
1210,Paula Dawson,A5008007080,alias,I31746571
1001,Julie Kalman,A5008194410,exact,I56590836
935,Simon Ho,A5110495744,fuzzy,I129604602
492,Zhi Li,A5100382265,alias,I31746571
1335,Valerie Harwood,A5019740879,alias,I129604602
576,Lu Qin,A5109301174,alias,I114017466
840,Jianhua Guo,A5101408831,exact,I165143802
1601,Rui Zhang,A5100422091,exact,I165779595
625,Alex Collie,A5103999787,alias,I56590836
674,Scott Findlay,A5111792502,alias,I56590836
311,David Farrugia,A5046379553,exact,I149704539
1478,Matthew Burke,A5113220585,alias,I11701301
189,Chen Li,A5100367516,alias,I56590836
1493,Onisha Patel,A5042148105,alias,I196021976
369,Jun Huang,A5061836008,exact,I129604602
231,Yi Liu,A5017639311,fuzzy,I31746571
136,Min Xu,A5109488337,exact,I114017466
596,Antonio Tricoli,A5035573758,exact,I129604602
480,Saman Atapattu,A5103265891,exact,I82951845
1682,Bronwen Morgan,A5114011238,alias,I31746571
12,Samuel Baron,A5022130761,alias,I165779595
258,Kim Loh,A5063814387,alias,I86695891
50,Hamid Laga,A5104804783,alias,I176790772
2174,Christopher Reid,A5058800016,alias,I242743682
1749,Colin Clifford,A5112468705,fuzzy,I31746571
1076,Giang Nguyen,A5055933955,alias,I5681781
632,Eva Alisic,A5019718280,alias,I165779595
1936,Stephen Turner,A5065802985,alias,I165779595
1907,Ingrid van der Mei,A5106038867,fuzzy,I129801699
15,Anne Thomas,A5060639360,alias,I129604602
575,Dana Kulic,A5014952160,exact,I56590836
481,Yuling Wang,A5115695048,alias,I99043593
800,Hao Liu,A5100458826,alias,I114017466
167,Daniel Bennett,A5022934623,alias,I165779595
2000,Jian Li,A5102832588,exact,I56590836
2070,Sanjay Srivastava,A5101606090,alias,I118347636
1475,Thomas Carlson,A5101513349,fuzzy,I129604602
693,Jun Li,A5100610954,exact,I205640436
563,Andrea Gaynor,A5078823713,exact,I177877127
2000,Jian Li,A5051581280,alias,I56590836
2032,Colin Smith,A5087506302,alias,I196829312
16,Edward Simpson,A5055643169,fuzzy,I118347636
160,Chris Greening,A5104706688,exact,I56590836
419,Li Wei,A5115604755,alias,I129604602
359,Annan Zhou,A5112965575,alias,I82951845
1449,Shaomin Liu,A5100638193,alias,I205640436
2055,Veena Sahajwalla,A5041041634,exact,I31746571
875,Amir Karton,A5062367420,alias,I177877127
653,Parastoo Sadeghi,A5068612701,exact,I31746571
46,Amy Pennay,A5068440678,alias,I196829312
1568,Elizabeth Leane,A5086871189,exact,I129801699
1168,Xia-Ji Liu,A5065851954,alias,I57093077
1940,Michael Kearney,A5066939927,exact,I165779595
540,David White,A5019518324,alias,I31746571
991,Paola Escudero,A5025374032,exact,I63525965
1152,Gianluca Ranzi,A5065103253,exact,I129604602
566,Nicola Henry,A5060066744,exact,I82951845
1274,Jacqueline Batley,A5086358262,alias,I177877127
498,Yinglong Chen,A5036995439,exact,I177877127
1137,Jimin Yu,A5077338822,exact,I118347636
617,Simone Ciampi,A5050840673,alias,I205640436
998,Tara Murphy,A5041621306,exact,I129604602
415,Ben Beck,A5074963018,alias,I56590836
96,Glen Wheeler,A5052058766,alias,I204824540
1930,Yuantong Gu,A5108068122,alias,I160993911
1262,Sango Mahanty,A5006075360,exact,I118347636
2161,Christina Lim,A5032554580,exact,I165779595
1589,Marc Oxenham,A5075258991,exact,I118347636
728,Jian Yang,A5100604690,alias,I165143802
668,Kristian Kempe,A5009042033,exact,I56590836
620,Pingan Song,A5044707487,exact,I185523456
1164,Helen McGregor,A5014678668,exact,I204824540
722,Kristina Murphy,A5001906574,exact,I11701301
369,Jun Huang,A5052713328,alias,I129604602
661,Haolan Xu,A5061683222,alias,I170239107
929,Jiayu Wen,A5081634959,alias,I118347636
1437,Marcel Jackson,A5032939431,exact,I196829312
2036,Jane Latimer,A5085028090,alias,I129604602
1827,Ajayan Vinu,A5015562487,alias,I170239107
942,Dongchen Qi,A5003339166,exact,I160993911
499,Stijn Glorie,A5057911678,exact,I5681781
184,Fabio Cortesi,A5008527692,exact,I165143802
1220,Andrew Burton-Jones,A5071993179,alias,I165143802
1169,Ester Cerin,A5048260631,exact,I86695891
829,Ryan Loxton,A5066144982,alias,I205640436
123,Jun Li,A5100635867,exact,I114017466
261,Jonathan Benjamin,A5053771328,exact,I169541294
2018,Zudi Lu,A5022214887,exact,I5681781
1975,Jake Baum,A5018262996,exact,I196021976
1805,Clive Schofield,A5090985498,exact,I204824540
865,Stephan Tillmann,A5060650935,alias,I129604602
1415,Andrew Leach,A5102019485,alias,I129604602
396,Ivo Labbe,A5078828621,alias,I57093077
1162,Yanbo Wang,A5100452596,alias,I129604602
615,Ramon Lobato,A5047430649,exact,I57093077
1601,Rui Zhang,A5100421978,alias,I165779595
446,Tooran Alizadeh,A5007334682,exact,I129604602
1753,Dan Li,A5100683362,alias,I56590836
1614,James Bailey,A5065024170,alias,I165779595
1892,Christopher Wright,A5028602730,exact,I31746571
277,Petr Sedlacek,A5068400819,exact,I31746571
106,Georgios Konstantinou,A5058549592,exact,I31746571
278,Andrew Phillips,A5108193345,alias,I165143802
1892,Christopher Wright,A5059968426,exact,I31746571
1001,Julie Kalman,A5008194410,alias,I56590836
492,Zhi Li,A5100382265,exact,I31746571
576,Lu Qin,A5109301174,exact,I114017466
840,Jianhua Guo,A5101408831,alias,I165143802
1601,Rui Zhang,A5100422091,alias,I165779595
311,David Farrugia,A5046379553,alias,I149704539
1493,Onisha Patel,A5042148105,exact,I196021976
369,Jun Huang,A5061836008,alias,I129604602
136,Min Xu,A5109488337,alias,I114017466
596,Antonio Tricoli,A5035573758,alias,I129604602
480,Saman Atapattu,A5103265891,alias,I82951845
258,Kim Loh,A5063814387,exact,I86695891
50,Hamid Laga,A5104804783,exact,I176790772
632,Eva Alisic,A5019718280,exact,I165779595
1936,Stephen Turner,A5065802985,exact,I165779595
15,Anne Thomas,A5060639360,exact,I129604602
575,Dana Kulic,A5014952160,alias,I56590836
481,Yuling Wang,A5115695048,exact,I99043593
800,Hao Liu,A5100458826,exact,I114017466
2000,Jian Li,A5102832588,alias,I56590836
2070,Sanjay Srivastava,A5101606090,exact,I118347636
693,Jun Li,A5100610954,alias,I205640436
563,Andrea Gaynor,A5078823713,alias,I177877127
2000,Jian Li,A5051581280,exact,I56590836
2032,Colin Smith,A5087506302,exact,I196829312
160,Chris Greening,A5104706688,alias,I56590836
359,Annan Zhou,A5112965575,exact,I82951845
502,Yu Lin Zhong,A5069298813,alias,I11701301
1055,Zhi-Yong Li,A5100396732,alias,I160993911
2098,Susan Dennison,A5017436966,exact,I11701301
837,Nicole La Gruta,A5066451265,alias,I56590836
2153,Mark Parsons,A5084412014,exact,I78757542
87,Gang Li,A5055340435,alias,I165779595
1626,Nicholas Hutchins,A5018874846,alias,I165779595
435,Wenjie Zhang,A5100385513,exact,I31746571
396,Ivo Labbe,A5040520737,alias,I57093077
1932,Stephen Billett,A5070979641,exact,I11701301
791,Renee Firman,A5010135292,fuzzy,I177877127
1333,David Evans,A5100719776,fuzzy,I165143802
578,Megan MacKenzie,A5017725837,exact,I129604602
1310,Michael Breadmore,A5069019979,alias,I129801699
524,Celine Frere,A5079121743,alias,I165143802
1956,Timothy Fletcher,A5071968278,alias,I165779595
1644,John McFerran,A5103101462,alias,I177877127
2177,Ping Koy Lam,A5083266765,exact,I118347636
1820,Matthew Barnett,A5021895988,exact,I149704539
1817,Zane Andrews,A5007604702,alias,I56590836
1954,Bruce Neal,A5075162144,exact,I129604602
1977,Huanting Wang,A5012782337,exact,I56590836
1970,Michael Brown,A5108154155,fuzzy,I56590836
1368,Xiaolin Wang,A5100395177,alias,I204824540
1202,Guoyin Li,A5025579166,exact,I31746571
302,Vivian Tam,A5021156425,alias,I63525965
1539,Peter Catcheside,A5058046345,exact,I169541294
1046,Jonathan Adams,A5056277994,alias,I114017466
2043,Karlheinz Peter,A5049936296,exact,I142471025
2045,Robert Mahony,A5011097720,exact,I118347636
564,Simon Gross,A5051460511,exact,I99043593
2025,James Beeson,A5077385105,alias,I145902186
428,Nicolas Suzor,A5086527358,alias,I160993911
14,Jia Wu,A5007475662,exact,I99043593
1003,Rebecca Bentley,A5058770473,alias,I165779595
732,Chiara Neto,A5087796607,exact,I129604602
481,Yuling Wang,A5100726275,exact,I99043593
1606,Scott Cummins,A5068222080,alias,I174025329
425,James Flexner,A5016635376,alias,I129604602
65,Samintha Perera,A5049425101,alias,I165779595
1632,Anne-Marie Peters,A5043413628,fuzzy,I56590836
802,Christopher McDevitt,A5066853094,alias,I165779595
2061,Andrew Doherty,A5090447046,alias,I129604602
1305,Sam Banks,A5109899434,alias,I118347636
976,Richard Garner,A5045461807,exact,I99043593
197,Xiaodan Huang,A5017477244,exact,I165143802
1163,Brent Groves,A5045011986,alias,I118347636
888,Bastien Llamas,A5082962342,exact,I5681781
1966,Geraint Lewis,A5058938677,alias,I129604602
1495,Derek Abbott,A5040978000,alias,I5681781
2200,Emily Hilder,A5056416194,alias,I129801699
1653,Andrea Whittaker,A5079583411,alias,I56590836
1531,Madeleine Beekman,A5067827338,exact,I129604602
1838,Matthew Sweet,A5026924357,alias,I165143802
1268,Kylie Catchpole,A5076140093,alias,I118347636
1572,Kirrie Ballard,A5018988365,alias,I129604602
2067,Anthony Richardson,A5053871178,alias,I165143802
969,Simon Conn,A5063248323,alias,I169541294
1916,Adrian Sheppard,A5007352291,exact,I118347636
1726,Todd Mitchell,A5059130544,alias,I204824540
1220,Andrew Burton-Jones,A5075793219,fuzzy,I165143802
1040,Robbie Wilson,A5055734625,alias,I165143802
2087,Ming-Bo Wang,A5055855869,exact,I1292875679
1390,Craig White,A5082488407,alias,I56590836
1729,Duk-Yong Choi,A5004914333,exact,I118347636
1258,Benjamin Powell,A5010463629,alias,I165143802
1779,Corey Bradshaw,A5070000668,alias,I5681781
474,Jelena Rnjak-Kovacina,A5063678105,alias,I31746571
1650,Carla Sgro,A5068364542,alias,I56590836
1887,Christophe Fumeaux,A5031042967,alias,I5681781
1260,Rhys Allan,A5003796244,alias,I196021976
874,Stuart Khan,A5058404436,alias,I31746571
2084,Stuart Batten,A5077691241,alias,I56590836
629,Carmel O'Shannessy,A5064046862,alias,I118347636
463,Laura Bray,A5049534595,alias,I160993911
1501,Chunhua Shen,A5110194458,alias,I5681781
521,Markus Müllner,A5113737683,alias,I129604602
533,Nichollas Scott,A5033216655,alias,I165779595
2099,Matthew Hole,A5070315443,alias,I118347636
522,Erich Round,A5004704755,alias,I165143802
1009,Alistair Paterson,A5051141489,exact,I177877127
1904,Aidan Sims,A5091380066,exact,I204824540
2175,Sanjiang Li,A5108049690,exact,I114017466
365,Darren Creek,A5008276408,alias,I56590836
1455,Thomas Haselhorst,A5027795204,alias,I11701301
2052,Christopher Peacock,A5109112187,alias,I177877127
2138,Anthony Scott,A5114377276,alias,I165779595
1296,Yingjie Yang,A5011300810,alias,I99043593
1490,Paul Dux,A5050973049,alias,I165143802
2069,David Wilson,A5022775935,alias,I31746571
805,Stephanie Goodhew,A5088654479,alias,I118347636
11,David Byrne,A5053028903,exact,I165779595
2023,Laurajane Smith,A5013561708,alias,I118347636
1442,Justine Ellis,A5011738671,alias,I4210150290
793,Vera Weisbecker,A5086440532,exact,I169541294
1000,Zaiping Guo,A5110015262,alias,I204824540
1162,Yanbo Wang,A5100452558,alias,I129604602
2161,Christina Lim,A5103561655,exact,I165779595
10,Ben Scheele,A5112040501,alias,I118347636
1088,Michael Gantier,A5028263566,alias,I2802600346
487,Weiwei Lei,A5024786653,alias,I82951845
531,Huacheng Zhang,A5101401721,alias,I82951845
483,Stephen Dubsky,A5091042501,alias,I56590836
374,Sebastian Duchene,A5051736895,exact,I165779595
1484,Tao Liu,A5100338119,alias,I31746571
1900,Kristian Krabbenhoft,A5073968971,alias,I78757542
2197,Greg Yaxley,A5038931845,alias,I118347636
920,Markus Brueckner,A5044389878,alias,I118347636
1849,Sandra Floyd,A5014274308,alias,I56590836
848,Joshua Ramsay,A5010490256,alias,I205640436
977,Peter Rohde,A5030937873,alias,I114017466
1026,Zhou Zhang,A5100397166,exact,I129604602
1450,Jane Ford,A5107896462,alias,I129604602
1826,Terry Frankcombe,A5047258701,alias,I118347636
121,Hoang Phuong Phan,A5024560510,exact,I31746571
1651,Jane McAdam,A5020477415,alias,I31746571
4,Jathan Sadowski,A5101449907,alias,I56590836
1979,Felicity Baker,A5002530092,exact,I165779595
596,Antonio Tricoli,A5108669468,alias,I129604602
808,Maxime Aubert,A5060541137,alias,I11701301
1464,Evgeny Buchbinder,A5014602778,alias,I177877127
996,Christian Reichardt,A5013035399,alias,I165779595
2109,John Gehman,A5074745491,alias,I165779595
1208,Steven Bozinovski,A5031586342,alias,I82951845
1076,Giang Nguyen,A5064344312,alias,I5681781
1213,Victor Galitski,A5039578291,alias,I56590836
1905,Melinda Cooper,A5081203523,alias,I129604602
1484,Tao Liu,A5100338087,exact,I31746571
652,Paul Spence,A5064884653,alias,I129801699
1161,Wenbiao Hu,A5100302899,exact,I160993911
2140,Michael Thielscher,A5057895161,alias,I31746571
21,Maté Biro,A5072078340,exact,I129604602
1750,Robert Hester,A5091122360,alias,I165779595
1589,Marc Oxenham,A5035535691,fuzzy,I118347636
1713,Cordelia Fine,A5102890441,exact,I165779595
210,Julien Cooper,A5032635432,exact,I99043593
1206,Mark Kendrick,A5007804894,alias,I118347636
1696,Christopher Chaston,A5039645035,alias,I129604602
822,Tim Winter,A5012017859,alias,I177877127
231,Yi Liu,A5100715381,exact,I31746571
2204,Jie Zhang,A5100436798,exact,I56590836
2144,Yuesheng Li,A5101914940,alias,I217937681
1095,Kalissa Alexeyeff,A5011068587,exact,I165779595
2039,Amanda Gavin,A5029744947,alias,I145902186
720,Dong Xu,A5101961095,alias,I129604602
654,Shari Breen,A5037277941,alias,I99043593
1997,Baolin Wang,A5034845912,alias,I63525965
419,Li Wei,A5100318332,alias,I129604602
1484,Tao Liu,A5100677329,exact,I31746571
1279,Melissa Miles,A5037033652,alias,I56590836
410,Sally May,A5014307550,alias,I5681781
1221,Katja Fischer,A5107863136,alias,I217937681
1011,Liz Conor,A5048125120,alias,I196829312
1361,Dacheng Tao,A5108378610,exact,I129604602
2111,Shanqing Zhang,A5110609468,exact,I11701301
743,Thanh Vinh Nguyen,A5100674027,fuzzy,I31746571
619,Guo Chen,A5100953655,exact,I31746571
168,Emma Thomas,A5102864009,alias,I169541294
921,Yuan Chen,A5107848644,exact,I129604602
443,Zhong-Hua Chen,A5038013995,alias,I5681781
1402,Rajkumar Buyya,A5010222987,exact,I165779595
419,Li Wei,A5100715013,alias,I129604602
728,Jian Yang,A5101751058,alias,I165143802
190,Andrew Phillips,A5004174170,exact,I169541294
349,Margaret Young,A5085224516,exact,I165779595
1396,Wenhui Duan,A5083407563,alias,I56590836
364,Bing Sun,A5100662590,alias,I114017466
1768,Michael Smith,A5101887429,alias,I165779595
1195,Michael Shields,A5087865591,alias,I56590836
14,Jia Wu,A5101734436,exact,I99043593
1834,Michael McCarthy,A5103530180,exact,I165779595
1368,Xiaolin Wang,A5098087553,alias,I204824540
1753,Dan Li,A5032342559,alias,I56590836
671,Rick Stuart-Smith,A5111321085,alias,I129801699
584,Allan McRae,A5101105351,alias,I165143802
240,Yang Liu,A5101648957,exact,I160993911
965,Jonathan Marshall,A5074224187,alias,I114017466
2141,Andrew Martin,A5024778370,alias,I31746571
831,Ying Zhang,A5112249674,alias,I114017466
419,Li Wei,A5101843238,alias,I129604602
2204,Jie Zhang,A5100436659,exact,I56590836
1833,Anthony White,A5027813372,fuzzy,I165779595
363,Han Lin,A5037419475,alias,I82951845
1847,Hilde Tubex,A5109512147,alias,I177877127
2000,Jian Li,A5050460348,alias,I56590836
383,Alec Zuo,A5017660483,alias,I169541294
1161,Wenbiao Hu,A5112068145,exact,I160993911
1495,Derek Abbott,A5103767469,alias,I5681781
1140,Damien Hicks,A5073703617,alias,I57093077
788,Laurie Menviel,A5104097105,alias,I31746571
693,Jun Li,A5027642792,alias,I205640436
1220,Andrew Burton-Jones,A5076505283,fuzzy,I165143802
862,Pu Xiao,A5107591542,exact,I118347636
24,Sharna Jamadar,A5056838420,alias,I56590836
349,Margaret Young,A5111694787,alias,I165779595
502,Yu Lin Zhong,A5069298813,exact,I11701301
2098,Susan Dennison,A5017436966,alias,I11701301
1626,Nicholas Hutchins,A5018874846,exact,I165779595
435,Wenjie Zhang,A5100385513,alias,I31746571
396,Ivo Labbe,A5040520737,exact,I57093077
1932,Stephen Billett,A5070979641,alias,I11701301
578,Megan MacKenzie,A5017725837,alias,I129604602
524,Celine Frere,A5079121743,exact,I165143802
2177,Ping Koy Lam,A5083266765,alias,I118347636
1820,Matthew Barnett,A5021895988,alias,I149704539
1954,Bruce Neal,A5075162144,alias,I129604602
1977,Huanting Wang,A5012782337,alias,I56590836
1368,Xiaolin Wang,A5100395177,exact,I204824540
1202,Guoyin Li,A5025579166,alias,I31746571
1539,Peter Catcheside,A5058046345,alias,I169541294
2043,Karlheinz Peter,A5049936296,alias,I142471025
2045,Robert Mahony,A5011097720,alias,I118347636
564,Simon Gross,A5051460511,alias,I99043593
428,Nicolas Suzor,A5086527358,exact,I160993911
14,Jia Wu,A5007475662,alias,I99043593
1003,Rebecca Bentley,A5058770473,exact,I165779595
732,Chiara Neto,A5087796607,alias,I129604602
481,Yuling Wang,A5100726275,alias,I99043593
976,Richard Garner,A5045461807,alias,I99043593
197,Xiaodan Huang,A5017477244,alias,I165143802
1163,Brent Groves,A5045011986,exact,I118347636
888,Bastien Llamas,A5082962342,alias,I5681781
1495,Derek Abbott,A5040978000,exact,I5681781
1653,Andrea Whittaker,A5079583411,exact,I56590836
1531,Madeleine Beekman,A5067827338,alias,I129604602
1268,Kylie Catchpole,A5076140093,exact,I118347636
1916,Adrian Sheppard,A5007352291,alias,I118347636
2087,Ming-Bo Wang,A5055855869,alias,I1292875679
1729,Duk-Yong Choi,A5004914333,alias,I118347636
474,Jelena Rnjak-Kovacina,A5063678105,exact,I31746571
1887,Christophe Fumeaux,A5031042967,exact,I5681781
1501,Chunhua Shen,A5110194458,exact,I5681781
521,Markus Müllner,A5113737683,exact,I129604602
1009,Alistair Paterson,A5051141489,alias,I177877127
1904,Aidan Sims,A5091380066,alias,I204824540
2175,Sanjiang Li,A5108049690,alias,I114017466
1455,Thomas Haselhorst,A5027795204,exact,I11701301
2138,Anthony Scott,A5114377276,exact,I165779595
1296,Yingjie Yang,A5011300810,exact,I99043593
11,David Byrne,A5053028903,alias,I165779595
2023,Laurajane Smith,A5013561708,exact,I118347636
793,Vera Weisbecker,A5086440532,alias,I169541294
1162,Yanbo Wang,A5100452558,exact,I129604602
2161,Christina Lim,A5103561655,alias,I165779595
531,Huacheng Zhang,A5101401721,exact,I82951845
483,Stephen Dubsky,A5091042501,exact,I56590836
374,Sebastian Duchene,A5051736895,alias,I165779595
1484,Tao Liu,A5100338119,exact,I31746571
920,Markus Brueckner,A5044389878,exact,I118347636
1026,Zhou Zhang,A5100397166,alias,I129604602
121,Hoang Phuong Phan,A5024560510,alias,I31746571
1651,Jane McAdam,A5020477415,exact,I31746571
4,Jathan Sadowski,A5101449907,exact,I56590836
1979,Felicity Baker,A5002530092,alias,I165779595
596,Antonio Tricoli,A5108669468,exact,I129604602
808,Maxime Aubert,A5060541137,exact,I11701301
1208,Steven Bozinovski,A5031586342,exact,I82951845
1076,Giang Nguyen,A5064344312,exact,I5681781
1213,Victor Galitski,A5039578291,exact,I56590836
1905,Melinda Cooper,A5081203523,exact,I129604602
1484,Tao Liu,A5100338087,alias,I31746571
652,Paul Spence,A5064884653,exact,I129801699
1161,Wenbiao Hu,A5100302899,alias,I160993911
2140,Michael Thielscher,A5057895161,exact,I31746571
21,Maté Biro,A5072078340,alias,I129604602
1713,Cordelia Fine,A5102890441,alias,I165779595
210,Julien Cooper,A5032635432,alias,I99043593
822,Tim Winter,A5012017859,exact,I177877127
231,Yi Liu,A5100715381,alias,I31746571
2204,Jie Zhang,A5100436798,alias,I56590836
2144,Yuesheng Li,A5101914940,exact,I217937681
1095,Kalissa Alexeyeff,A5011068587,alias,I165779595
720,Dong Xu,A5101961095,exact,I129604602
1484,Tao Liu,A5100677329,alias,I31746571
1279,Melissa Miles,A5037033652,exact,I56590836
1221,Katja Fischer,A5107863136,exact,I217937681
1011,Liz Conor,A5048125120,exact,I196829312
1361,Dacheng Tao,A5108378610,alias,I129604602
2111,Shanqing Zhang,A5110609468,alias,I11701301
619,Guo Chen,A5100953655,alias,I31746571
921,Yuan Chen,A5107848644,alias,I129604602
443,Zhong-Hua Chen,A5038013995,exact,I5681781
1402,Rajkumar Buyya,A5010222987,alias,I165779595
728,Jian Yang,A5101751058,exact,I165143802
190,Andrew Phillips,A5004174170,alias,I169541294
349,Margaret Young,A5085224516,alias,I165779595
1396,Wenhui Duan,A5083407563,exact,I56590836
364,Bing Sun,A5100662590,exact,I114017466
14,Jia Wu,A5101734436,alias,I99043593
1834,Michael McCarthy,A5103530180,alias,I165779595
1368,Xiaolin Wang,A5098087553,exact,I204824540
1753,Dan Li,A5032342559,exact,I56590836
671,Rick Stuart-Smith,A5111321085,exact,I129801699
584,Allan McRae,A5101105351,exact,I165143802
240,Yang Liu,A5101648957,alias,I160993911
2141,Andrew Martin,A5024778370,exact,I31746571
831,Ying Zhang,A5112249674,exact,I114017466
2204,Jie Zhang,A5100436659,alias,I56590836
1847,Hilde Tubex,A5109512147,exact,I177877127
383,Alec Zuo,A5017660483,exact,I169541294
1161,Wenbiao Hu,A5112068145,alias,I160993911
693,Jun Li,A5027642792,exact,I205640436
862,Pu Xiao,A5107591542,alias,I118347636
24,Sharna Jamadar,A5056838420,exact,I56590836
1552,George Hobbs,A5081228919,alias,I1292875679
1577,Budiman Minasny,A5051455406,alias,I129604602
1957,David Coward,A5046277232,alias,I177877127
1986,Timothy Brodribb,A5085206568,alias,I129801699
1667,Dusan Losic,A5003652299,alias,I5681781
1252,Mehmet Yuce,A5010668389,alias,I56590836
937,Rico Tabor,A5077628732,alias,I56590836
1643,Erik Wapstra,A5013130357,alias,I129801699
515,Simon Williams,A5079811534,alias,I118347636
1424,Stephanie Gras,A5088068626,alias,I56590836
1318,Amanda Ellis,A5018568646,alias,I165779595
935,Simon Ho,A5090497511,alias,I129604602
529,Stephen Moggach,A5029928521,alias,I177877127
298,Christian Schwab,A5044900891,alias,I99043593
684,Nathan Holmes,A5046604772,alias,I31746571
468,Hongzhi Yin,A5088492734,exact,I165143802
1078,Brett Nixon,A5066498990,exact,I78757542
1753,Dan Li,A5100380810,exact,I56590836
1077,Vipul Bansal,A5054308329,exact,I82951845
1232,Luciano Beheregaray,A5005481794,alias,I169541294
1980,Justin Harris,A5017705092,alias,I129604602
1647,Julie McLeod,A5073968412,alias,I165779595
282,Lexing Xie,A5049449495,alias,I118347636
1069,Lishan Liu,A5000389536,exact,I205640436
1451,Patrick Kluth,A5090042052,alias,I118347636
1936,Stephen Turner,A5081119135,alias,I165779595
548,Stephen Gould,A5071663279,alias,I118347636
1263,Bim Graham,A5111744240,alias,I56590836
1853,Craig Smith,A5017323254,alias,I4210150290
2201,Richard Mildren,A5069056248,alias,I99043593
1261,Abd-Krim Seghouane,A5084681382,alias,I165779595
2139,Raymond Dagastine,A5015850936,alias,I165779595
343,Jee Hyun Kim,A5100623838,exact,I149704539
506,Luke Davies,A5029546235,alias,I177877127
752,Matthew Dolan,A5054531499,alias,I165779595
689,Muhammad Hossain,A5060449255,alias,I177877127
492,Zhi Li,A5068851138,alias,I31746571
33,Matthew Currell,A5016594948,exact,I11701301
347,Yulei Sui,A5053058502,alias,I31746571
899,Bernhard Müller,A5053470242,alias,I56590836
1516,Michelle Hill,A5070498464,alias,I165143802
1347,Monika Murcha,A5012461672,alias,I177877127
742,Dustin Marshall,A5027894993,alias,I56590836
1102,Thomas Denson,A5076098584,alias,I31746571
2203,Thomas Maschmeyer,A5101545166,alias,I129604602
217,Anina Rich,A5020457109,alias,I99043593
1756,Elena Belousova,A5056695911,alias,I99043593
1408,Jochen Mueller,A5089520065,alias,I165143802
1529,Cedric Simenel,A5083759542,alias,I118347636
583,Ruth Singer,A5088750767,alias,I165779595
1184,Katherine Buchanan,A5043430415,alias,I149704539
1982,Yuan Feng,A5022869475,alias,I114017466
1681,Michael Rafferty,A5039818306,exact,I129604602
1695,David Kielpinski,A5051592659,alias,I11701301
192,Liang Zheng,A5100709340,alias,I118347636
738,Cameron Parsell,A5019316998,alias,I165143802
857,Andrew Marshall,A5069679096,alias,I174025329
305,Catherine Frieman,A5026993313,alias,I118347636
1578,Jade Forwood,A5029725982,alias,I153230381
1071,Damien Fordham,A5012369360,alias,I5681781
516,Stefan Trueck,A5010076112,alias,I99043593
729,Michael Murphy,A5090814337,alias,I57093077
2048,John Rathjen,A5032099774,alias,I118347636
933,Shayne McGregor,A5038432220,exact,I56590836
717,Mary Tolcos,A5083028196,exact,I82951845
642,Karen Cheney,A5040236202,alias,I165143802
582,Laura Wilson,A5020236222,alias,I118347636
373,Erica Kuligowski,A5069983536,alias,I82951845
201,Murad Tayebjee,A5065888204,alias,I31746571
1248,Timothy Schmidt,A5004046189,alias,I31746571
101,Heather Ford,A5029193548,exact,I114017466
213,Xi (Forest) Zhu,A5101767657,fuzzy,I114017466
260,Wenxian Li,A5100744440,exact,I31746571
1241,Peter Butterworth,A5009838261,exact,I165779595
1882,Maria Lugaro,A5036569027,exact,I56590836
1899,Cameron Kepert,A5046584123,alias,I129604602
1393,Susan Danby,A5006103453,alias,I160993911
2071,David Haylock,A5057615707,alias,I1292875679
2000,Jian Li,A5100454330,alias,I56590836
48,Rosemary Langford,A5069659528,alias,I165779595
1514,Mark Halsey,A5061221134,exact,I169541294
723,Muhammad Cheema,A5047549903,alias,I56590836
16,Edward Simpson,A5105193900,alias,I118347636
640,Katharine Greenaway,A5064325969,alias,I165779595
599,Michael Wheeler,A5061333891,exact,I165779595
2113,Mark Blows,A5017400602,alias,I165143802
1939,Jakob Hohwy,A5083789193,alias,I56590836
1100,Daniel Gomez,A5002937608,alias,I82951845
1360,Jodie Bradby,A5041779189,alias,I118347636
961,Ting Liao,A5023347434,exact,I160993911
233,David Nisbet,A5004335652,alias,I165779595
1110,Markus Barth,A5058316985,exact,I165143802
1871,Paul Francis,A5022628011,alias,I149704539
2150,Mark Griffin,A5040525254,exact,I177877127
1860,Rebecca Jennings,A5082358610,exact,I99043593
424,Arian Wallach,A5049366772,alias,I160993911
436,Sandra Suchet-Pearson,A5091717516,alias,I99043593
2092,Bruce Buchan,A5010849121,exact,I11701301
11,David Byrne,A5054324826,alias,I165779595
1391,Gavin Prideaux,A5057536575,alias,I169541294
435,Wenjie Zhang,A5044368396,alias,I31746571
455,Ba Tuong Vo,A5070960013,exact,I205640436
369,Jun Huang,A5074624048,alias,I129604602
1823,Sean Li,A5100407701,alias,I31746571
89,Xin Cao,A5089964993,alias,I31746571
545,Tanya Smith,A5085108818,alias,I11701301
1682,Bronwen Morgan,A5004638634,exact,I31746571
925,Kay Cook,A5047970757,alias,I57093077
2000,Jian Li,A5100627204,fuzzy,I56590836
1819,Tomasz Kowalski,A5053842643,exact,I196829312
2082,Mohammad Jalal Abbasi Shavazi,A5029752779,exact,I118347636
1198,Patricia O'Brien,A5047942465,alias,I118347636
1802,Dagmar Wilhelm,A5044931412,alias,I165779595
1733,Massimo Hilliard,A5058343547,alias,I165143802
111,Martijn Konings,A5110772171,alias,I129604602
1642,Brian Anderson,A5015736743,alias,I165143802
2114,Juanita Elias,A5086910343,alias,I11701301
1258,Benjamin Powell,A5069937522,alias,I165143802
1348,Bruce Preston,A5068641067,alias,I165779595
419,Li Wei,A5004328744,alias,I129604602
916,Timothy Trudgian,A5022560324,alias,I31746571
1499,John Hooper,A5054405204,alias,I4210092543
2207,Zhenxiang Cheng,A5109539302,alias,I204824540
1245,Shinichi Nakagawa,A5101836809,alias,I31746571
419,Li Wei,A5037502473,alias,I129604602
1739,Charles Claudianos,A5039699593,alias,I56590836
1188,Torsten Thomas,A5109918557,alias,I31746571
1315,Katharine McGregor,A5066241922,alias,I165779595
366,Chris Clark,A5064341140,alias,I205640436
1768,Michael Smith,A5108727204,alias,I165779595
2069,David Wilson,A5065270324,alias,I31746571
1907,Ingrid van der Mei,A5020979521,fuzzy,I129801699
1361,Dacheng Tao,A5110189407,exact,I129604602
857,Andrew Marshall,A5113959815,exact,I174025329
719,Liam McGuinness,A5002849509,alias,I118347636
418,Anita Ho-Baillie,A5035130081,exact,I129604602
419,Li Wei,A5100318387,alias,I129604602
601,Luke Morgan,A5067130662,exact,I56590836
1753,Dan Li,A5100380809,alias,I56590836
1094,Jack Clegg,A5113299857,fuzzy,I165143802
1576,Jennifer Milam,A5059821242,alias,I78757542
419,Li Wei,A5100716777,alias,I129604602
1137,Jimin Yu,A5100899436,alias,I118347636
324,Zhe Liu,A5101465948,alias,I165779595
1002,Olivier Alard,A5093464648,alias,I99043593
1220,Andrew Burton-Jones,A5101714895,fuzzy,I165143802
1342,Matthew Hill,A5023083947,alias,I1292875679
1495,Derek Abbott,A5044615319,alias,I5681781
1147,Sally Cripps,A5010051305,exact,I129604602
1597,Alan Collins,A5008445936,alias,I5681781
1210,Paula Dawson,A5108636771,alias,I31746571
1903,Stephen Williams,A5105520746,alias,I165143802
442,CHI CHENG,A5102315494,exact,I31746571
87,Gang Li,A5100431040,exact,I165779595
927,Elisa Hill,A5018475627,alias,I82951845
1368,Xiaolin Wang,A5100395178,exact,I204824540
2141,Andrew Martin,A5110764563,exact,I31746571
419,Li Wei,A5057748433,alias,I129604602
1196,Susan Laurance,A5113944346,alias,I86467917
973,Andrew Greentree,A5108719516,alias,I82951845
1488,Simon Avenell,A5095556885,alias,I118347636
1107,Matthew Tucker,A5101392295,fuzzy,I5681781
693,Jun Li,A5102013673,exact,I205640436
435,Wenjie Zhang,A5100385502,exact,I31746571
1706,Stephanie Brown,A5110237121,exact,I4210150290
824,Jonathon Beves,A5002843490,fuzzy,I31746571
419,Li Wei,A5100664438,alias,I129604602
451,Lisa Alexander,A5079885280,alias,I31746571
1573,Zhi Ping Xu,A5108049279,alias,I165143802
1577,Budiman Minasny,A5051455406,exact,I129604602
1667,Dusan Losic,A5003652299,exact,I5681781
1643,Erik Wapstra,A5013130357,exact,I129801699
1424,Stephanie Gras,A5088068626,exact,I56590836
1318,Amanda Ellis,A5018568646,exact,I165779595
298,Christian Schwab,A5044900891,exact,I99043593
468,Hongzhi Yin,A5088492734,alias,I165143802
1078,Brett Nixon,A5066498990,alias,I78757542
1753,Dan Li,A5100380810,alias,I56590836
1077,Vipul Bansal,A5054308329,alias,I82951845
1647,Julie McLeod,A5073968412,exact,I165779595
282,Lexing Xie,A5049449495,exact,I118347636
1069,Lishan Liu,A5000389536,alias,I205640436
1263,Bim Graham,A5111744240,exact,I56590836
1261,Abd-Krim Seghouane,A5084681382,exact,I165779595
343,Jee Hyun Kim,A5100623838,alias,I149704539
492,Zhi Li,A5068851138,exact,I31746571
33,Matthew Currell,A5016594948,alias,I11701301
347,Yulei Sui,A5053058502,exact,I31746571
899,Bernhard Müller,A5053470242,exact,I56590836
2203,Thomas Maschmeyer,A5101545166,exact,I129604602
583,Ruth Singer,A5088750767,exact,I165779595
1982,Yuan Feng,A5022869475,exact,I114017466
1681,Michael Rafferty,A5039818306,alias,I129604602
192,Liang Zheng,A5100709340,exact,I118347636
738,Cameron Parsell,A5019316998,exact,I165143802
516,Stefan Trueck,A5010076112,exact,I99043593
933,Shayne McGregor,A5038432220,alias,I56590836
717,Mary Tolcos,A5083028196,alias,I82951845
101,Heather Ford,A5029193548,alias,I114017466
260,Wenxian Li,A5100744440,alias,I31746571
1241,Peter Butterworth,A5009838261,alias,I165779595
1882,Maria Lugaro,A5036569027,alias,I56590836
1393,Susan Danby,A5006103453,exact,I160993911
2000,Jian Li,A5100454330,exact,I56590836
1514,Mark Halsey,A5061221134,alias,I169541294
599,Michael Wheeler,A5061333891,alias,I165779595
1939,Jakob Hohwy,A5083789193,exact,I56590836
961,Ting Liao,A5023347434,alias,I160993911
1110,Markus Barth,A5058316985,alias,I165143802
2150,Mark Griffin,A5040525254,alias,I177877127
1860,Rebecca Jennings,A5082358610,alias,I99043593
2092,Bruce Buchan,A5010849121,alias,I11701301
435,Wenjie Zhang,A5044368396,exact,I31746571
455,Ba Tuong Vo,A5070960013,alias,I205640436
89,Xin Cao,A5089964993,exact,I31746571
1682,Bronwen Morgan,A5004638634,alias,I31746571
925,Kay Cook,A5047970757,exact,I57093077
1819,Tomasz Kowalski,A5053842643,alias,I196829312
2082,Mohammad Jalal Abbasi Shavazi,A5029752779,alias,I118347636
1802,Dagmar Wilhelm,A5044931412,exact,I165779595
111,Martijn Konings,A5110772171,exact,I129604602
2114,Juanita Elias,A5086910343,exact,I11701301
1348,Bruce Preston,A5068641067,exact,I165779595
2207,Zhenxiang Cheng,A5109539302,exact,I204824540
1245,Shinichi Nakagawa,A5101836809,exact,I31746571
1739,Charles Claudianos,A5039699593,exact,I56590836
1188,Torsten Thomas,A5109918557,exact,I31746571
1315,Katharine McGregor,A5066241922,exact,I165779595
1768,Michael Smith,A5108727204,exact,I165779595
1361,Dacheng Tao,A5110189407,alias,I129604602
857,Andrew Marshall,A5113959815,alias,I174025329
418,Anita Ho-Baillie,A5035130081,alias,I129604602
601,Luke Morgan,A5067130662,alias,I56590836
1753,Dan Li,A5100380809,exact,I56590836
1576,Jennifer Milam,A5059821242,exact,I78757542
324,Zhe Liu,A5101465948,exact,I165779595
1002,Olivier Alard,A5093464648,exact,I99043593
1495,Derek Abbott,A5044615319,exact,I5681781
1147,Sally Cripps,A5010051305,alias,I129604602
1597,Alan Collins,A5008445936,exact,I5681781
1210,Paula Dawson,A5108636771,exact,I31746571
442,CHI CHENG,A5102315494,alias,I31746571
87,Gang Li,A5100431040,alias,I165779595
927,Elisa Hill,A5018475627,exact,I82951845
1368,Xiaolin Wang,A5100395178,alias,I204824540
2141,Andrew Martin,A5110764563,alias,I31746571
1196,Susan Laurance,A5113944346,exact,I86467917
973,Andrew Greentree,A5108719516,exact,I82951845
1488,Simon Avenell,A5095556885,exact,I118347636
693,Jun Li,A5102013673,alias,I205640436
435,Wenjie Zhang,A5100385502,alias,I31746571
1706,Stephanie Brown,A5110237121,alias,I4210150290
451,Lisa Alexander,A5079885280,exact,I31746571
1573,Zhi Ping Xu,A5108049279,exact,I165143802
1416,John Zhu,A5033539820,alias,I165143802
1226,Massimiliano Massi,A5047782731,exact,I205640436
170,Junming Ho,A5069059768,alias,I31746571
2058,Peter Czabotar,A5063424737,alias,I196021976
1990,Timothy Windsor,A5028087820,alias,I169541294
1450,Jane Ford,A5047585339,alias,I129604602
2044,Peter Biro,A5063407067,alias,I149704539
1128,David Lubans,A5024702541,alias,I78757542
83,Morten Allentoft,A5041528578,alias,I205640436
1300,Kylie Hesketh,A5008005872,alias,I149704539
1309,Rana Hinman,A5015081262,alias,I165779595
139,Hanlin Shang,A5087947210,alias,I99043593
1499,John Hooper,A5001191708,alias,I4210092543
1676,Han Huang,A5100709581,exact,I165143802
656,Lee Skerratt,A5086732623,alias,I165779595
38,Zuduo Zheng,A5000972645,exact,I165143802
2122,Sharon Friel,A5005840333,exact,I118347636
2075,Zhong Tao,A5028212723,exact,I63525965
1704,Hark Hoe Tan,A5059240816,exact,I118347636
1273,Jingliang Li,A5038802973,alias,I149704539
1918,Thiruma Arumugam,A5079636891,alias,I165143802
1501,Chunhua Shen,A5006294869,alias,I5681781
1431,Jonathon Barnett,A5085632683,alias,I165779595
1597,Alan Collins,A5046466285,alias,I5681781
1706,Stephanie Brown,A5078278213,exact,I4210150290
2165,Christopher Hutchinson,A5086771995,alias,I56590836
1341,Bang Bui,A5068760555,alias,I165779595
645,Yansong Shen,A5066843115,exact,I31746571
549,Rachel Ong ViforJ,A5070013718,alias,I205640436
1162,Yanbo Wang,A5100452610,exact,I129604602
370,Amie Steel,A5013123291,alias,I114017466
799,Dan Nicolau,A5019223218,alias,I160993911
862,Pu Xiao,A5055198364,exact,I118347636
358,Adrian Carter,A5030527783,alias,I56590836
1072,Rafael Calvo,A5013835523,alias,I129604602
251,Luc Doucet,A5008575251,alias,I205640436
2097,Derek Richard,A5061866475,alias,I160993911
2130,Matthew Perugini,A5089976475,alias,I196829312
75,Shekhar Chandra,A5083545460,alias,I165143802
1654,Sandra Piazolo,A5030383698,alias,I99043593
2013,Jeremy Austin,A5051214450,alias,I5681781
1861,Tianhai Tian,A5039097797,alias,I56590836
1811,Anthony Hannan,A5052976583,alias,I242743682
832,Eve McDonald-Madden,A5002187633,exact,I165143802
1974,Mike Le Pelley,A5020235233,alias,I31746571
1236,Leslie Yeo,A5017582467,alias,I82951845
403,Katarina Miljkovic,A5017225260,exact,I205640436
1175,David Yong,A5029570243,exact,I118347636
894,Clinton Bruce,A5036754896,alias,I149704539
488,Baohua Jia,A5084237401,exact,I82951845
1780,Joseph Tomkins,A5090913163,alias,I177877127
693,Jun Li,A5100361742,alias,I205640436
1935,Kerrie Wilson,A5069706748,alias,I165143802
866,Isaac Santos,A5063133546,alias,I66809481
2102,Tony Butler,A5024175675,alias,I31746571
761,Kaye Morgan,A5014334670,alias,I56590836
2211,Anthony Dosseto,A5063283027,exact,I204824540
1964,Krasimir Vasilev,A5053551404,alias,I170239107
1825,Elaine Wong,A5044922102,exact,I165779595
1507,Xuehua Zhang,A5001457988,exact,I82951845
103,Jun Zhang,A5100433248,alias,I11701301
988,Nathan Lo,A5011378498,alias,I129604602
1005,Janet Gardner,A5004149901,alias,I118347636
2020,Vera Mackie,A5012271192,exact,I204824540
1524,Sean Ulm,A5068897012,exact,I86467917
1015,Mathieu Duval,A5060957276,alias,I11701301
587,Lennart Bach,A5044360827,alias,I129801699
213,Xi (Forest) Zhu,A5088963956,fuzzy,I114017466
1690,Wouter Schellart,A5018307892,alias,I56590836
2117,Ross Cunnington,A5018995287,exact,I165143802
70,Anne Karine Lagendijk,A5046524929,alias,I165143802
1410,Timothy Baldwin,A5103085805,exact,I165779595
2069,David Wilson,A5101885147,alias,I31746571
959,Peter Athron,A5060842815,alias,I56590836
936,Alexander Mikheyev,A5035830278,alias,I118347636
495,Anthony Cesare,A5077580701,alias,I129604602
1593,Min Chen,A5010191340,alias,I129604602
1666,Philip Nakashima,A5043822253,alias,I56590836
317,Stuart Thickett,A5016713552,alias,I129801699
637,Daniel Heath,A5058644808,alias,I165779595
1684,Daniel Zucker,A5038770526,alias,I99043593
342,Lee Hickey,A5053390830,alias,I165143802
1049,Shujun Zhang,A5100658008,alias,I204824540
2198,Aaron Oakley,A5067844458,alias,I204824540
596,Antonio Tricoli,A5046945765,alias,I129604602
1461,Steven Most,A5033972361,alias,I31746571
1251,Axel Bruns,A5025254950,alias,I160993911
1015,Mathieu Duval,A5112998934,alias,I11701301
401,Jennifer Flegg,A5062407259,alias,I165779595
114,Jessica Frith,A5003512608,alias,I56590836
748,Mike Morley,A5054492023,alias,I169541294
473,Rosalind Dixon,A5059546468,alias,I31746571
228,Danielle Way,A5080483170,alias,I118347636
1497,Keith Jacobs,A5035338038,exact,I129801699
1840,Sharon Pickering,A5054700358,exact,I56590836
448,Matthew Fitzpatrick,A5032701280,alias,I169541294
1657,Ross Thompson,A5010142429,alias,I188329596
141,Sergei Slussarenko,A5045169408,exact,I11701301
1946,Alison Bashford,A5016061037,exact,I129604602
2019,Anne Richards,A5085085833,alias,I196829312
2115,Jeremy Moss,A5007314448,exact,I165779595
419,Li Wei,A5100318482,alias,I129604602
1042,Min-Hsiu Hsieh,A5083737500,alias,I114017466
77,Peter Spackman,A5088566301,alias,I205640436
636,Kate Lawlor,A5052867051,alias,I56590836
416,Douglas Guilfoyle,A5031873158,alias,I31746571
22,Tiangang Cui,A5067931953,exact,I129604602
1777,Jennifer Deger,A5039326399,alias,I86467917
82,Ben Etherington,A5026815901,exact,I63525965
1829,Graham Hughes,A5104047658,alias,I118347636
350,Randa Abdel-Fattah,A5042626521,alias,I99043593
682,Tom Murray,A5050641006,alias,I99043593
858,Ceridwen Fraser,A5041137479,alias,I118347636
1744,Gabriel Molina Terriza,A5083339333,alias,I99043593
1109,Benjamin Marwick,A5057770476,alias,I204824540
921,Yuan Chen,A5100373745,alias,I129604602
1601,Rui Zhang,A5100421965,exact,I165779595
240,Yang Liu,A5100589087,exact,I160993911
1096,Jan Hamann,A5106633723,exact,I31746571
1557,Matthew McKenzie,A5021358192,alias,I2802600346
302,Vivian Tam,A5103816871,fuzzy,I63525965
1242,David Wood,A5108127023,alias,I56590836
204,Helen Young,A5020899841,exact,I149704539
1601,Rui Zhang,A5100421941,exact,I165779595
1601,Rui Zhang,A5100422073,alias,I165779595
1058,Andrew Barron,A5111013514,fuzzy,I99043593
912,Peter Enticott,A5033221425,exact,I149704539
1880,Tamara Davis,A5046096967,alias,I165143802
1903,Stephen Williams,A5037026543,alias,I165143802
157,Hongqi Sun,A5100316780,alias,I177877127
419,Li Wei,A5100347666,alias,I129604602
219,Tu'uhevaha Kaitu'u-Lino,A5062385015,fuzzy,I165779595
2104,David Hunter,A5034486810,alias,I129604602
1924,Yun Liu,A5100657452,exact,I118347636
1673,Frederik Vercauteren,A5032574536,alias,I99043593
1322,Yongping Wei,A5107948761,alias,I165143802
621,Yang Song,A5060099123,exact,I31746571
240,Yang Liu,A5100356150,alias,I160993911
857,Andrew Marshall,A5102457770,exact,I174025329
1322,Yongping Wei,A5062145262,alias,I165143802
786,Yi Du,A5114012337,exact,I204824540
1597,Alan Collins,A5112084804,fuzzy,I5681781
1289,Wen Lei,A5112320621,alias,I177877127
693,Jun Li,A5101945336,exact,I205640436
1207,Stuart Macgregor,A5103471785,exact,I217937681
1430,Jason Potts,A5058820314,alias,I82951845
81,Jenny Munro,A5061488948,exact,I165143802
1594,Patrick Baker,A5103295682,exact,I165779595
2000,Jian Li,A5100742536,alias,I56590836
1375,Daniel Price,A5026040094,alias,I56590836
471,Michael Livingston,A5111242384,alias,I205640436
1753,Dan Li,A5100380812,alias,I56590836
814,Belinda Gabbe,A5109883574,exact,I56590836
279,Chang Xu,A5045952644,alias,I129604602
1484,Tao Liu,A5071128160,exact,I31746571
1334,Paul Jackson,A5078655246,alias,I5681781
1133,Martin White,A5100773282,alias,I5681781
1771,Robert Horvath,A5057031500,alias,I196829312
189,Chen Li,A5100369926,exact,I56590836
1039,Yusuke Yamauchi,A5109784028,alias,I165143802
1496,Qing Li,A5100404028,exact,I129604602
616,David Ripley,A5102400750,exact,I56590836
1892,Christopher Wright,A5101510801,alias,I31746571
1692,Assa Doron,A5000473964,alias,I118347636
1902,Gary Hill,A5031717109,alias,I5681781
1507,Xuehua Zhang,A5059316105,alias,I82951845
1516,Michelle Hill,A5002048698,fuzzy,I165143802
1484,Tao Liu,A5115595739,alias,I31746571
1728,James McCaw,A5114027726,alias,I165779595
87,Gang Li,A5101918095,exact,I165779595
1684,Daniel Zucker,A5107908251,fuzzy,I99043593
1226,Massimiliano Massi,A5047782731,alias,I205640436
170,Junming Ho,A5069059768,exact,I31746571
1676,Han Huang,A5100709581,alias,I165143802
38,Zuduo Zheng,A5000972645,alias,I165143802
2122,Sharon Friel,A5005840333,alias,I118347636
2075,Zhong Tao,A5028212723,alias,I63525965
1704,Hark Hoe Tan,A5059240816,alias,I118347636
1273,Jingliang Li,A5038802973,exact,I149704539
1501,Chunhua Shen,A5006294869,exact,I5681781
2165,Christopher Hutchinson,A5086771995,exact,I56590836
645,Yansong Shen,A5066843115,alias,I31746571
1162,Yanbo Wang,A5100452610,alias,I129604602
370,Amie Steel,A5013123291,exact,I114017466
862,Pu Xiao,A5055198364,alias,I118347636
358,Adrian Carter,A5030527783,exact,I56590836
1654,Sandra Piazolo,A5030383698,exact,I99043593
1861,Tianhai Tian,A5039097797,exact,I56590836
832,Eve McDonald-Madden,A5002187633,alias,I165143802
403,Katarina Miljkovic,A5017225260,alias,I205640436
1175,David Yong,A5029570243,alias,I118347636
488,Baohua Jia,A5084237401,alias,I82951845
693,Jun Li,A5100361742,exact,I205640436
2102,Tony Butler,A5024175675,exact,I31746571
2211,Anthony Dosseto,A5063283027,alias,I204824540
1964,Krasimir Vasilev,A5053551404,exact,I170239107
1825,Elaine Wong,A5044922102,alias,I165779595
1507,Xuehua Zhang,A5001457988,alias,I82951845
103,Jun Zhang,A5100433248,exact,I11701301
988,Nathan Lo,A5011378498,exact,I129604602
2020,Vera Mackie,A5012271192,alias,I204824540
1015,Mathieu Duval,A5060957276,exact,I11701301
2117,Ross Cunnington,A5018995287,alias,I165143802
1410,Timothy Baldwin,A5103085805,alias,I165779595
959,Peter Athron,A5060842815,exact,I56590836
1593,Min Chen,A5010191340,exact,I129604602
1049,Shujun Zhang,A5100658008,exact,I204824540
596,Antonio Tricoli,A5046945765,exact,I129604602
1251,Axel Bruns,A5025254950,exact,I160993911
473,Rosalind Dixon,A5059546468,exact,I31746571
1497,Keith Jacobs,A5035338038,alias,I129801699
1840,Sharon Pickering,A5054700358,alias,I56590836
141,Sergei Slussarenko,A5045169408,alias,I11701301
1946,Alison Bashford,A5016061037,alias,I129604602
2115,Jeremy Moss,A5007314448,alias,I165779595
1042,Min-Hsiu Hsieh,A5083737500,exact,I114017466
416,Douglas Guilfoyle,A5031873158,exact,I31746571
22,Tiangang Cui,A5067931953,alias,I129604602
1777,Jennifer Deger,A5039326399,exact,I86467917
82,Ben Etherington,A5026815901,alias,I63525965
350,Randa Abdel-Fattah,A5042626521,exact,I99043593
682,Tom Murray,A5050641006,exact,I99043593
1744,Gabriel Molina Terriza,A5083339333,exact,I99043593
1601,Rui Zhang,A5100421965,alias,I165779595
240,Yang Liu,A5100589087,alias,I160993911
1096,Jan Hamann,A5106633723,alias,I31746571
1557,Matthew McKenzie,A5021358192,exact,I2802600346
204,Helen Young,A5020899841,alias,I149704539
1601,Rui Zhang,A5100421941,alias,I165779595
1601,Rui Zhang,A5100422073,exact,I165779595
912,Peter Enticott,A5033221425,alias,I149704539
157,Hongqi Sun,A5100316780,exact,I177877127
1924,Yun Liu,A5100657452,alias,I118347636
1673,Frederik Vercauteren,A5032574536,exact,I99043593
1322,Yongping Wei,A5107948761,exact,I165143802
621,Yang Song,A5060099123,alias,I31746571
240,Yang Liu,A5100356150,exact,I160993911
857,Andrew Marshall,A5102457770,alias,I174025329
1322,Yongping Wei,A5062145262,exact,I165143802
786,Yi Du,A5114012337,alias,I204824540
693,Jun Li,A5101945336,alias,I205640436
1207,Stuart Macgregor,A5103471785,alias,I217937681
1430,Jason Potts,A5058820314,exact,I82951845
1594,Patrick Baker,A5103295682,alias,I165779595
471,Michael Livingston,A5111242384,exact,I205640436
1753,Dan Li,A5100380812,exact,I56590836
814,Belinda Gabbe,A5109883574,alias,I56590836
279,Chang Xu,A5045952644,exact,I129604602
1484,Tao Liu,A5071128160,alias,I31746571
1133,Martin White,A5100773282,exact,I5681781
1771,Robert Horvath,A5057031500,exact,I196829312
189,Chen Li,A5100369926,alias,I56590836
1039,Yusuke Yamauchi,A5109784028,exact,I165143802
1496,Qing Li,A5100404028,alias,I129604602
616,David Ripley,A5102400750,alias,I56590836
1892,Christopher Wright,A5101510801,exact,I31746571
1692,Assa Doron,A5000473964,exact,I118347636
1507,Xuehua Zhang,A5059316105,exact,I82951845
1484,Tao Liu,A5115595739,exact,I31746571
1728,James McCaw,A5114027726,exact,I165779595
87,Gang Li,A5101918095,alias,I165779595
407,Shirui Pan,A5008056593,alias,I11701301
1598,Elizabeth Krenske,A5000188305,alias,I165143802
953,Aaron Ludlow,A5055264885,alias,I177877127
2078,Julie McMullen,A5049355201,alias,I142471025
811,Christophe Pinte,A5075262164,alias,I56590836
1907,Ingrid van der Mei,A5071467218,exact,I129801699
823,Rebeca Gonzalez Suarez,A5106331204,alias,I5681781
338,Tongliang Liu,A5065250332,exact,I129604602
18,Cameron Bentley,A5005521200,alias,I56590836
2218,Mark Cassidy,A5056064826,alias,I177877127
1600,Tong Lin,A5004836032,exact,I149704539
1067,Juno Kim,A5024866431,alias,I31746571
236,Alexander Fraser,A5061754269,alias,I129801699
1342,Matthew Hill,A5114375557,alias,I1292875679
402,Wensu Chen,A5004508839,alias,I205640436
1953,Ashish Sharma,A5100622412,alias,I31746571
1120,Kenneth Crozier,A5076231121,alias,I165779595
76,Munkhbayar Batmunkh,A5083705602,alias,I11701301
157,Hongqi Sun,A5089558604,alias,I177877127
576,Lu Qin,A5113232592,exact,I114017466
1423,Peter Kopittke,A5000563634,alias,I165143802
2162,Lian Zhang,A5100647988,exact,I56590836
1958,Regina Ganter,A5017794852,exact,I11701301
840,Jianhua Guo,A5100566264,exact,I165143802
917,Jiangtao Xu,A5041558999,alias,I31746571
5,Aude Bernard,A5000725361,exact,I165143802
2056,Sean Connell,A5060861311,alias,I5681781
1945,Martin Steinbauer,A5045880636,alias,I196829312
741,Lijun Chang,A5037530341,exact,I129604602
1444,Daniel Hatters,A5008377267,alias,I165779595
603,Jennifer Donelson,A5069496127,alias,I86467917
1698,Matt King,A5057576854,alias,I129801699
1471,Heng Tao Shen,A5052993469,exact,I165143802
1414,Andrew Berry,A5062559430,alias,I118347636
1575,Jennifer Hudson,A5017426474,alias,I99043593
1496,Qing Li,A5100404130,alias,I129604602
686,Juan Salazar,A5005040509,alias,I63525965
1944,Keith Stubbs,A5066227932,alias,I177877127
1299,Prashant Sonar,A5063148036,alias,I160993911
381,Daniel Edgington-Mitchell,A5070112337,alias,I56590836
1074,James Miller-Jones,A5075858737,alias,I205640436
1894,Stephen Nutt,A5003798176,alias,I196021976
1389,Sarah Bekessy,A5042583761,alias,I82951845
1530,Tom Karagiannis,A5078535728,alias,I142471025
1183,Wojciech Lipinski,A5061778377,alias,I118347636
1566,Joanne Dickinson,A5104857678,alias,I129801699
831,Ying Zhang,A5100386104,alias,I114017466
541,Ke Meng,A5100650529,exact,I31746571
1979,Felicity Baker,A5088999334,alias,I165779595
1471,Heng Tao Shen,A5103039597,exact,I165143802
149,Sophie Primig,A5038852113,alias,I31746571
1076,Giang Nguyen,A5101541702,alias,I5681781
1222,Wolfram Dressler,A5049394524,exact,I165779595
1443,Seok-Hee Hong,A5112613521,exact,I129604602
644,Natalie Klein,A5081877180,alias,I31746571
1700,Kate Shaw,A5018389025,alias,I165779595
1010,Kirsty Pringle,A5018064654,alias,I78757542
113,Nadim Darwish,A5068938888,exact,I205640436
957,Frank Gruetzner,A5035572752,alias,I5681781
826,Ly Tran,A5044443632,alias,I149704539
433,Severine Lamon,A5001908944,alias,I149704539
2158,Dale Nyholt,A5042709773,alias,I217937681
1929,Lee Berger,A5010313555,exact,I86467917
1634,Scott Johnston,A5041888075,alias,I66809481
1482,Cyrille Boyer,A5106699225,exact,I31746571
1370,Suzanne Miller,A5063001635,alias,I56590836
266,Rachael Dudaniec,A5046070171,alias,I99043593
1834,Michael McCarthy,A5025024507,alias,I165779595
574,Rebecca Traub,A5042165812,alias,I165779595
466,Duncan McDonnell,A5016734496,exact,I11701301
964,Drew Evans,A5060968054,alias,I170239107
2207,Zhenxiang Cheng,A5009561241,exact,I204824540
1430,Jason Potts,A5042648415,alias,I82951845
1943,Lucas Cernusak,A5009680531,alias,I86467917
1627,Andrew Millar,A5004433673,alias,I177877127
939,Benjamin Phillips,A5080884772,alias,I165779595
369,Jun Huang,A5015226338,exact,I129604602
1151,Hua Xia,A5012086388,alias,I118347636
78,Felecia Watkin Lui,A5090719717,alias,I86467917
62,Haoran Ren,A5053189435,exact,I56590836
2105,Michael Bunce,A5112273377,exact,I205640436
824,Jonathon Beves,A5069934510,alias,I31746571
2120,Duncan Galloway,A5069967780,alias,I56590836
244,Yamini Narayanan,A5018692659,alias,I149704539
1117,Justin Clemens,A5010955535,exact,I165779595
1154,Bo Li,A5100374521,exact,I204824540
1815,Hisatomi Arima,A5086855818,alias,I129604602
1765,Yuri Levin,A5015048102,alias,I56590836
799,Dan Nicolau,A5043698287,alias,I160993911
315,Megan Lord,A5039814543,alias,I31746571
868,Alexander Poddubny,A5009669793,alias,I118347636
269,Amy Roberts,A5017783125,alias,I169541294
1881,Robert Sparrow,A5003388479,exact,I56590836
1033,Tim Dargaville,A5062123032,alias,I160993911
1783,Michael Small,A5015055144,exact,I177877127
759,Hongjie An,A5029811848,exact,I11701301
782,Danyang Wang,A5108261604,exact,I31746571
664,Cameron Bracken,A5061492074,alias,I170239107
340,Hannah Schunker,A5030778982,alias,I78757542
1289,Wen Lei,A5047194191,exact,I177877127
419,Li Wei,A5100670216,alias,I129604602
624,David Garrett,A5001307702,alias,I82951845
414,Gabriele Gratton,A5053765396,alias,I31746571
1103,Michael Flood,A5059432732,exact,I160993911
1366,Nicolas Taylor,A5103898997,alias,I177877127
19,Shuying Wu,A5043223724,alias,I129604602
1246,Dean Lusher,A5052438394,exact,I57093077
1680,Peter Crack,A5064944464,alias,I165779595
546,Po-Lam Yung,A5087336696,alias,I118347636
628,Emily Nicholson,A5007091216,alias,I165779595
1359,Melanie Swalwell,A5037039328,exact,I57093077
2030,Susie Nilsson,A5080139485,alias,I1292875679
1008,Mark Waters,A5073277191,alias,I177877127
1922,Andrew Truscott,A5056088427,alias,I118347636
836,Suzanne Neville,A5023541806,alias,I31746571
946,Rowena Martin,A5054910765,alias,I118347636
1903,Stephen Williams,A5043337946,alias,I165143802
166,Ben Shaw,A5046145105,exact,I118347636
794,Timothy Smith,A5106130899,alias,I174025329
905,John Yu-luen Lin,A5044035274,alias,I129801699
1616,Katharine Gelber,A5073798876,exact,I165143802
461,Gurutzeta Guillera-Arroita,A5069640986,exact,I165779595
1432,Jennifer Corrin,A5001390703,alias,I165143802
1328,Hans Kieser,A5017965583,fuzzy,I78757542
310,Loic Yengo,A5068744968,alias,I165143802
737,Matthew Hall,A5026702635,alias,I56590836
1342,Matthew Hill,A5038728602,alias,I1292875679
1353,Susan Broomhall,A5004500643,alias,I177877127
1226,Massimiliano Massi,A5114187536,alias,I205640436
1924,Yun Liu,A5100321925,alias,I118347636
487,Weiwei Lei,A5012131084,exact,I82951845
1436,Hongxia Wang,A5100373271,exact,I160993911
1483,Paul Sidwell,A5068536245,exact,I118347636
796,Jose Polo,A5012942304,alias,I5681781
1771,Robert Horvath,A5017359970,exact,I196829312
4,Jathan Sadowski,A5101449906,alias,I56590836
1368,Xiaolin Wang,A5101459089,alias,I204824540
150,Christopher Baker,A5074389113,fuzzy,I165143802
1055,Zhi-Yong Li,A5100396723,alias,I160993911
921,Yuan Chen,A5069607928,alias,I129604602
1146,Jan Engelstaedter,A5032271144,alias,I165143802
1484,Tao Liu,A5033255645,alias,I31746571
224,Hangwei Hu,A5102401023,alias,I165779595
1530,Tom Karagiannis,A5103200911,fuzzy,I142471025
369,Jun Huang,A5058364517,alias,I129604602
1573,Zhi Ping Xu,A5103475729,alias,I165143802
936,Alexander Mikheyev,A5059935427,fuzzy,I118347636
1601,Rui Zhang,A5064510205,exact,I165779595
606,Da-Wei Wang,A5100322864,alias,I31746571
576,Lu Qin,A5103458415,alias,I114017466
1051,Leanne Weber,A5016810863,exact,I188329596
189,Chen Li,A5083860296,exact,I56590836
523,Peter Kim,A5100672883,exact,I129604602
1342,Matthew Hill,A5062926594,alias,I1292875679
1052,Xuan-Ce Wang,A5113422948,exact,I205640436
27,Dawei Su,A5000129210,exact,I82951845
1793,Daniel Murphy,A5019081377,alias,I177877127
1600,Tong Lin,A5100769666,alias,I149704539
1768,Michael Smith,A5009698301,fuzzy,I165779595
87,Gang Li,A5100409202,exact,I165779595
2077,Nobuo Maeda,A5091708188,exact,I1292875679
2000,Jian Li,A5110868799,exact,I56590836
1496,Qing Li,A5100404173,alias,I129604602
2129,Ying Tan,A5029233827,alias,I165779595
435,Wenjie Zhang,A5113159317,exact,I31746571
42,Peter Macreadie,A5113920305,alias,I82951845
1496,Qing Li,A5100404176,alias,I129604602
1859,Jason Peart,A5112280224,alias,I11701301
1984,James Murphy,A5054806565,fuzzy,I196021976
974,Koji Tanaka,A5101678756,exact,I118347636
1923,Nicholas Aroney,A5112206432,exact,I165143802
419,Li Wei,A5100318200,alias,I129604602
219,Tu'uhevaha Kaitu'u-Lino,A5108965254,fuzzy,I165779595
314,Andrew Zalesky,A5114058777,exact,I165779595
2069,David Wilson,A5066194559,alias,I31746571
693,Jun Li,A5101993710,exact,I205640436
419,Li Wei,A5052226698,alias,I129604602
1076,Giang Nguyen,A5101545538,fuzzy,I5681781
2069,David Wilson,A5103355022,fuzzy,I31746571
219,Tu'uhevaha Kaitu'u-Lino,A5110977816,exact,I165779595
1745,Douglas Kahn,A5069442649,exact,I31746571
671,Rick Stuart-Smith,A5008308062,exact,I129801699
971,Sarah Wright,A5018255284,exact,I78757542
2069,David Wilson,A5092354278,alias,I31746571
123,Jun Li,A5100779591,exact,I114017466
1530,Tom Karagiannis,A5084182369,alias,I142471025
14,Jia Wu,A5112748944,exact,I99043593
407,Shirui Pan,A5008056593,exact,I11701301
1907,Ingrid van der Mei,A5071467218,alias,I129801699
338,Tongliang Liu,A5065250332,alias,I129604602
2218,Mark Cassidy,A5056064826,exact,I177877127
1600,Tong Lin,A5004836032,alias,I149704539
1067,Juno Kim,A5024866431,exact,I31746571
236,Alexander Fraser,A5061754269,exact,I129801699
402,Wensu Chen,A5004508839,exact,I205640436
1953,Ashish Sharma,A5100622412,exact,I31746571
76,Munkhbayar Batmunkh,A5083705602,exact,I11701301
157,Hongqi Sun,A5089558604,exact,I177877127
576,Lu Qin,A5113232592,alias,I114017466
2162,Lian Zhang,A5100647988,alias,I56590836
1958,Regina Ganter,A5017794852,alias,I11701301
840,Jianhua Guo,A5100566264,alias,I165143802
917,Jiangtao Xu,A5041558999,exact,I31746571
5,Aude Bernard,A5000725361,alias,I165143802
741,Lijun Chang,A5037530341,alias,I129604602
1471,Heng Tao Shen,A5052993469,alias,I165143802
1496,Qing Li,A5100404130,exact,I129604602
1299,Prashant Sonar,A5063148036,exact,I160993911
381,Daniel Edgington-Mitchell,A5070112337,exact,I56590836
1183,Wojciech Lipinski,A5061778377,exact,I118347636
831,Ying Zhang,A5100386104,exact,I114017466
541,Ke Meng,A5100650529,alias,I31746571
1471,Heng Tao Shen,A5103039597,alias,I165143802
149,Sophie Primig,A5038852113,exact,I31746571
1222,Wolfram Dressler,A5049394524,alias,I165779595
1443,Seok-Hee Hong,A5112613521,alias,I129604602
644,Natalie Klein,A5081877180,exact,I31746571
1700,Kate Shaw,A5018389025,exact,I165779595
113,Nadim Darwish,A5068938888,alias,I205640436
433,Severine Lamon,A5001908944,exact,I149704539
1929,Lee Berger,A5010313555,alias,I86467917
1482,Cyrille Boyer,A5106699225,alias,I31746571
466,Duncan McDonnell,A5016734496,alias,I11701301
964,Drew Evans,A5060968054,exact,I170239107
2207,Zhenxiang Cheng,A5009561241,alias,I204824540
1430,Jason Potts,A5042648415,exact,I82951845
369,Jun Huang,A5015226338,alias,I129604602
1151,Hua Xia,A5012086388,exact,I118347636
78,Felecia Watkin Lui,A5090719717,exact,I86467917
62,Haoran Ren,A5053189435,alias,I56590836
2105,Michael Bunce,A5112273377,alias,I205640436
244,Yamini Narayanan,A5018692659,exact,I149704539
1117,Justin Clemens,A5010955535,alias,I165779595
1154,Bo Li,A5100374521,alias,I204824540
1815,Hisatomi Arima,A5086855818,exact,I129604602
269,Amy Roberts,A5017783125,exact,I169541294
1881,Robert Sparrow,A5003388479,alias,I56590836
1783,Michael Small,A5015055144,alias,I177877127
759,Hongjie An,A5029811848,alias,I11701301
782,Danyang Wang,A5108261604,alias,I31746571
1289,Wen Lei,A5047194191,alias,I177877127
419,Li Wei,A5100670216,exact,I129604602
414,Gabriele Gratton,A5053765396,exact,I31746571
1103,Michael Flood,A5059432732,alias,I160993911
19,Shuying Wu,A5043223724,exact,I129604602
1246,Dean Lusher,A5052438394,alias,I57093077
546,Po-Lam Yung,A5087336696,exact,I118347636
628,Emily Nicholson,A5007091216,exact,I165779595
1359,Melanie Swalwell,A5037039328,alias,I57093077
166,Ben Shaw,A5046145105,alias,I118347636
1616,Katharine Gelber,A5073798876,alias,I165143802
461,Gurutzeta Guillera-Arroita,A5069640986,alias,I165779595
1432,Jennifer Corrin,A5001390703,exact,I165143802
310,Loic Yengo,A5068744968,exact,I165143802
737,Matthew Hall,A5026702635,exact,I56590836
1353,Susan Broomhall,A5004500643,exact,I177877127
1226,Massimiliano Massi,A5114187536,exact,I205640436
1924,Yun Liu,A5100321925,exact,I118347636
487,Weiwei Lei,A5012131084,alias,I82951845
1436,Hongxia Wang,A5100373271,alias,I160993911
1771,Robert Horvath,A5017359970,alias,I196829312
4,Jathan Sadowski,A5101449906,exact,I56590836
921,Yuan Chen,A5069607928,exact,I129604602
1146,Jan Engelstaedter,A5032271144,exact,I165143802
1484,Tao Liu,A5033255645,exact,I31746571
369,Jun Huang,A5058364517,exact,I129604602
1601,Rui Zhang,A5064510205,alias,I165779595
782,Danyang Wang,A5100322864,alias,I31746571
1051,Leanne Weber,A5016810863,alias,I188329596
189,Chen Li,A5083860296,alias,I56590836
523,Peter Kim,A5100672883,alias,I129604602
1052,Xuan-Ce Wang,A5113422948,alias,I205640436
27,Dawei Su,A5000129210,alias,I82951845
1600,Tong Lin,A5100769666,exact,I149704539
87,Gang Li,A5100409202,alias,I165779595
2077,Nobuo Maeda,A5091708188,alias,I1292875679
2000,Jian Li,A5110868799,alias,I56590836
1496,Qing Li,A5100404173,exact,I129604602
435,Wenjie Zhang,A5113159317,alias,I31746571
1496,Qing Li,A5100404176,exact,I129604602
1859,Jason Peart,A5112280224,exact,I11701301
974,Koji Tanaka,A5101678756,alias,I118347636
1923,Nicholas Aroney,A5112206432,alias,I165143802
314,Andrew Zalesky,A5114058777,alias,I165779595
693,Jun Li,A5101993710,alias,I205640436
219,Tu'uhevaha Kaitu'u-Lino,A5110977816,alias,I165779595
1745,Douglas Kahn,A5069442649,alias,I31746571
671,Rick Stuart-Smith,A5008308062,alias,I129801699
971,Sarah Wright,A5018255284,alias,I78757542
2069,David Wilson,A5092354278,exact,I31746571
123,Jun Li,A5100779591,alias,I114017466
14,Jia Wu,A5112748944,alias,I99043593
1851,Idriss Blakey,A5014471792,exact,I165143802
1295,Joselito Razal,A5049532431,alias,I149704539
568,Meera Parish,A5045449983,alias,I56590836
938,Bing-Jie Ni,A5056640675,alias,I114017466
434,Tianyi Ma,A5069632856,alias,I82951845
1710,Changhai Ding,A5029946717,alias,I129801699
1570,Hai Vu,A5069363273,alias,I56590836
304,Travis Johnson,A5039846826,alias,I196829312
1322,Yongping Wei,A5023849125,exact,I165143802
1218,Malte Meinshausen,A5008924658,exact,I165779595
878,Karen Gregory,A5019565246,alias,I56590836
1862,Bruno van Swinderen,A5075309572,alias,I165143802
762,Mark Krumholz,A5014544028,alias,I118347636
1873,Richard Clark,A5033914141,alias,I165143802
2131,Martina Stenzel,A5016059121,alias,I31746571
543,Aaron Robotham,A5089501032,alias,I177877127
2089,Jochen Renz,A5041861581,exact,I118347636
814,Belinda Gabbe,A5007413782,alias,I56590836
209,Yichao Wang,A5100363941,alias,I82951845
1618,Matthew Sellars,A5083736781,alias,I118347636
1770,Geoffrey Pryde,A5036537125,alias,I11701301
1617,Mark Pelusi,A5056111604,exact,I129604602
770,Andrew Zele,A5004961440,alias,I160993911
419,Li Wei,A5100318350,alias,I129604602
176,Maria Fernanda Adame,A5028923543,alias,I11701301
1253,Kerrylee Rogers,A5068956559,alias,I204824540
1436,Hongxia Wang,A5021226984,alias,I160993911
1890,Daniel Shaddock,A5075697176,alias,I118347636
1764,Gabrielle Belz,A5062316238,alias,I196021976
820,Scott Sisson,A5044778185,alias,I31746571
454,Jayakumar Bose,A5025723104,alias,I63525965
367,Conan Wang,A5063128380,alias,I165143802
745,Karin Nordstrom,A5081200507,exact,I169541294
1636,Sarah Spencer,A5058063005,alias,I82951845
154,Jonathan Plett,A5088847286,alias,I63525965
2031,Alan Cooper,A5040956604,alias,I5681781
1806,Andrew Francis,A5063389459,alias,I63525965
1361,Dacheng Tao,A5074103823,exact,I129604602
1721,James Borger,A5085867060,exact,I118347636
1056,Gretta Pecl,A5023494490,alias,I129801699
1588,Peter Anstey,A5069498459,alias,I129604602
2152,Oliver Rackham,A5070261696,exact,I177877127
1281,Lisa Butler,A5050075947,alias,I5681781
1999,Joselito Quirino,A5005566522,alias,I129801699
2124,Phillip Cassey,A5089061217,exact,I5681781
1123,Bradley Launikonis,A5047537559,alias,I165143802
877,Deanne Fisher,A5049727819,alias,I57093077
532,Qilin Wang,A5100710389,exact,I114017466
921,Yuan Chen,A5100400885,alias,I129604602
589,Daniel Huber,A5035303223,alias,I129604602
412,Ryan Armstrong,A5050047327,alias,I31746571
1297,Gerard Goggin,A5028129143,alias,I129604602
992,Naomi McClure-Griffiths,A5006593185,alias,I118347636
189,Chen Li,A5100369818,alias,I56590836
132,Hang Ta,A5045169513,alias,I11701301
1070,Heather Lovell,A5011558323,alias,I129801699
353,Kang Liang,A5023870393,exact,I31746571
639,Pauline Grosjean,A5006435210,exact,I31746571
622,Charles Kemp,A5080087902,exact,I165779595
677,James East,A5069552429,exact,I63525965
1728,James McCaw,A5001788962,alias,I165779595
175,Barnaby Norris,A5063547801,exact,I129604602
60,Lisa Mielke,A5005124824,alias,I196829312
1267,Erik Streed,A5046341775,alias,I11701301
318,Joanne Bryant,A5057678524,alias,I31746571
1567,Tapabrata Ray,A5061883146,alias,I31746571
2110,Kirill Alexandrov,A5103358722,fuzzy,I165143802
1804,Raymond Steptoe,A5063324769,alias,I165143802
1723,Paul Young,A5012646235,alias,I129604602
2212,Geoffrey Clark,A5025546525,exact,I118347636
519,Alison Crowther,A5032739607,exact,I165143802
1735,Roland Crocker,A5004701549,alias,I118347636
1897,Sven Rogge,A5025971682,exact,I31746571
633,Timothy Verhoeven,A5045435752,exact,I56590836
1689,Ian Wanless,A5019627457,alias,I56590836
784,Mark Hutchinson,A5056686894,alias,I5681781
1307,Frances Kuo,A5045896084,alias,I31746571
1052,Xuan-Ce Wang,A5049854737,alias,I205640436
44,Sonia Graham,A5063826254,alias,I204824540
1913,Timothy Garoni,A5086477624,alias,I56590836
2016,James Zanotti,A5068608722,alias,I5681781
1475,Thomas Carlson,A5016939139,alias,I129604602
1235,Joshua Heazlewood,A5029423357,alias,I165779595
660,Bernd Gludovatz,A5012401398,alias,I31746571
464,Jingwei Hou,A5071567083,exact,I165143802
851,Fabio Capitanio,A5003880683,alias,I56590836
193,Chen Davidovich,A5112901822,alias,I56590836
232,Karen Filbee-Dexter,A5008910790,alias,I177877127
831,Ying Zhang,A5100386074,exact,I114017466
1144,Thomas Stace,A5021091857,alias,I165143802
623,Simon McIlroy,A5074447212,alias,I160993911
928,Alexander Mackay,A5014600423,alias,I204824540
1601,Rui Zhang,A5100421929,exact,I165779595
840,Jianhua Guo,A5108146665,exact,I165143802
1157,Michael Zyphur,A5027463796,alias,I165779595
962,Anna Hickey-Moody,A5005242120,exact,I82951845
1946,Alison Bashford,A5072858980,exact,I129604602
1560,Lucy Marshall,A5053383515,exact,I31746571
2162,Lian Zhang,A5100647989,alias,I56590836
492,Zhi Li,A5100756461,exact,I31746571
1888,Stephen Morey,A5015488429,exact,I196829312
2144,Yuesheng Li,A5101914941,exact,I217937681
375,Jason Thompson,A5052686315,alias,I165779595
1614,James Bailey,A5031013029,alias,I165779595
100,Lara Malins,A5059997572,alias,I118347636
2054,Malte Ebach,A5084892771,alias,I31746571
485,Christopher Brown,A5006956502,alias,I129801699
886,Michael McDonald,A5062355819,alias,I56590836
666,Andrew Cox,A5057296989,alias,I165779595
767,Michael Considine,A5031000000,exact,I177877127
409,Christopher Hall,A5062568510,alias,I165779595
1834,Michael McCarthy,A5105038932,exact,I165779595
2008,Zongping Shao,A5111288649,exact,I205640436
632,Eva Alisic,A5026717136,alias,I165779595
419,Li Wei,A5055460914,alias,I129604602
419,Li Wei,A5019799964,alias,I129604602
1729,Duk-Yong Choi,A5111954018,alias,I118347636
1135,Warwick Bowen,A5112650328,fuzzy,I165143802
2129,Ying Tan,A5062620116,alias,I165779595
1361,Dacheng Tao,A5101409300,alias,I129604602
248,Min Hong,A5061369624,alias,I185523456
1501,Chunhua Shen,A5025104394,exact,I5681781
365,Darren Creek,A5087821338,alias,I56590836
1600,Tong Lin,A5100818949,exact,I149704539
337,Trevor Chong,A5076923518,alias,I56590836
382,Phillip Baker,A5007275882,alias,I129604602
1978,Jennifer Biddle,A5043778121,alias,I31746571
1244,Richard Payne,A5107996580,fuzzy,I129604602
621,Yang Song,A5005827205,exact,I31746571
1237,Matthew Simpson,A5075591116,exact,I160993911
270,Julie Brown,A5109255384,exact,I31746571
1406,Nicole Bell,A5109890091,alias,I165779595
1728,James McCaw,A5112855382,fuzzy,I165779595
419,Li Wei,A5100317994,alias,I129604602
419,Li Wei,A5100317952,alias,I129604602
1402,Rajkumar Buyya,A5060243515,alias,I165779595
1397,Andrew Anderson,A5010687192,exact,I165779595
693,Jun Li,A5100361606,alias,I205640436
842,Christian Rinke,A5108135291,exact,I165143802
1573,Zhi Ping Xu,A5066028183,alias,I165143802
751,Cathryn Trott,A5105093979,fuzzy,I205640436
2104,David Hunter,A5066986212,alias,I129604602
627,Lisa Ford,A5108754217,exact,I31746571
619,Guo Chen,A5005080099,alias,I31746571
230,Katie Barclay,A5086078154,alias,I99043593
1679,Lan Fu,A5022294619,alias,I118347636
1614,James Bailey,A5102992885,alias,I165779595
419,Li Wei,A5100613541,alias,I129604602
419,Li Wei,A5100318161,alias,I129604602
693,Jun Li,A5100362041,alias,I205640436
1601,Rui Zhang,A5100421991,alias,I165779595
1378,Sara Davies,A5098272899,fuzzy,I11701301
1753,Dan Li,A5100380736,alias,I56590836
672,Hollis Taylor,A5038805536,exact,I129604602
2000,Jian Li,A5101735350,exact,I56590836
1969,Madeleine van Oppen,A5112454015,fuzzy,I1328540965
215,Tom Geue,A5098850398,exact,I118347636
1953,Ashish Sharma,A5113297195,alias,I31746571
1924,Yun Liu,A5115602468,exact,I118347636
136,Min Xu,A5100507874,exact,I114017466
1402,Rajkumar Buyya,A5114013612,exact,I165779595
1600,Tong Lin,A5100769664,alias,I149704539
907,Ali Nazari,A5107862866,alias,I57093077
461,Gurutzeta Guillera-Arroita,A5100261311,alias,I165779595
1704,Hark Hoe Tan,A5110953485,alias,I118347636
231,Yi Liu,A5100330655,exact,I31746571
730,Archa Fox,A5097355250,fuzzy,I177877127
2104,David Hunter,A5078691479,alias,I129604602
1010,Kirsty Pringle,A5092849573,alias,I78757542
681,Susan Baker,A5101605796,exact,I129801699
2163,Jeremy Smith,A5109878323,exact,I177877127
1071,Damien Fordham,A5104342943,alias,I5681781
561,Sarah Phillips,A5057780120,alias,I129604602
1496,Qing Li,A5100404047,alias,I129604602
1601,Rui Zhang,A5100421972,exact,I165779595
419,Li Wei,A5100318256,alias,I129604602
1060,Mark Kelly,A5028486684,fuzzy,I63525965
1496,Qing Li,A5100404013,alias,I129604602
1851,Idriss Blakey,A5014471792,alias,I165143802
938,Bing-Jie Ni,A5056640675,exact,I114017466
434,Tianyi Ma,A5069632856,exact,I82951845
1710,Changhai Ding,A5029946717,exact,I129801699
1322,Yongping Wei,A5023849125,alias,I165143802
1218,Malte Meinshausen,A5008924658,alias,I165779595
1862,Bruno van Swinderen,A5075309572,exact,I165143802
2089,Jochen Renz,A5041861581,alias,I118347636
209,Yichao Wang,A5100363941,exact,I82951845
1617,Mark Pelusi,A5056111604,alias,I129604602
176,Maria Fernanda Adame,A5028923543,exact,I11701301
1253,Kerrylee Rogers,A5068956559,exact,I204824540
1436,Hongxia Wang,A5021226984,exact,I160993911
454,Jayakumar Bose,A5025723104,exact,I63525965
745,Karin Nordstrom,A5081200507,alias,I169541294
2031,Alan Cooper,A5040956604,exact,I5681781
1806,Andrew Francis,A5063389459,exact,I63525965
1361,Dacheng Tao,A5074103823,alias,I129604602
1721,James Borger,A5085867060,alias,I118347636
2152,Oliver Rackham,A5070261696,alias,I177877127
2124,Phillip Cassey,A5089061217,alias,I5681781
532,Qilin Wang,A5100710389,alias,I114017466
921,Yuan Chen,A5100400885,exact,I129604602
589,Daniel Huber,A5035303223,exact,I129604602
1297,Gerard Goggin,A5028129143,exact,I129604602
189,Chen Li,A5100369818,exact,I56590836
1070,Heather Lovell,A5011558323,exact,I129801699
353,Kang Liang,A5023870393,alias,I31746571
639,Pauline Grosjean,A5006435210,alias,I31746571
622,Charles Kemp,A5080087902,alias,I165779595
677,James East,A5069552429,alias,I63525965
175,Barnaby Norris,A5063547801,alias,I129604602
318,Joanne Bryant,A5057678524,exact,I31746571
1567,Tapabrata Ray,A5061883146,exact,I31746571
2212,Geoffrey Clark,A5025546525,alias,I118347636
519,Alison Crowther,A5032739607,alias,I165143802
1897,Sven Rogge,A5025971682,alias,I31746571
633,Timothy Verhoeven,A5045435752,alias,I56590836
1052,Xuan-Ce Wang,A5049854737,exact,I205640436
44,Sonia Graham,A5063826254,exact,I204824540
660,Bernd Gludovatz,A5012401398,exact,I31746571
464,Jingwei Hou,A5071567083,alias,I165143802
193,Chen Davidovich,A5112901822,exact,I56590836
232,Karen Filbee-Dexter,A5008910790,exact,I177877127
831,Ying Zhang,A5100386074,alias,I114017466
1601,Rui Zhang,A5100421929,alias,I165779595
840,Jianhua Guo,A5108146665,alias,I165143802
962,Anna Hickey-Moody,A5005242120,alias,I82951845
1946,Alison Bashford,A5072858980,alias,I129604602
1560,Lucy Marshall,A5053383515,alias,I31746571
492,Zhi Li,A5100756461,alias,I31746571
1888,Stephen Morey,A5015488429,alias,I196829312
2144,Yuesheng Li,A5101914941,alias,I217937681
375,Jason Thompson,A5052686315,exact,I165779595
767,Michael Considine,A5031000000,alias,I177877127
1834,Michael McCarthy,A5105038932,alias,I165779595
2008,Zongping Shao,A5111288649,alias,I205640436
632,Eva Alisic,A5026717136,exact,I165779595
1729,Duk-Yong Choi,A5111954018,exact,I118347636
2129,Ying Tan,A5062620116,exact,I165779595
1361,Dacheng Tao,A5101409300,exact,I129604602
1501,Chunhua Shen,A5025104394,alias,I5681781
365,Darren Creek,A5087821338,exact,I56590836
1600,Tong Lin,A5100818949,alias,I149704539
337,Trevor Chong,A5076923518,exact,I56590836
1978,Jennifer Biddle,A5043778121,exact,I31746571
621,Yang Song,A5005827205,alias,I31746571
1237,Matthew Simpson,A5075591116,alias,I160993911
270,Julie Brown,A5109255384,alias,I31746571
1402,Rajkumar Buyya,A5060243515,exact,I165779595
1397,Andrew Anderson,A5010687192,alias,I165779595
693,Jun Li,A5100361606,exact,I205640436
842,Christian Rinke,A5108135291,alias,I165143802
2104,David Hunter,A5066986212,exact,I129604602
627,Lisa Ford,A5108754217,alias,I31746571
230,Katie Barclay,A5086078154,exact,I99043593
693,Jun Li,A5100362041,exact,I205640436
1601,Rui Zhang,A5100421991,exact,I165779595
1753,Dan Li,A5100380736,exact,I56590836
672,Hollis Taylor,A5038805536,alias,I129604602
2000,Jian Li,A5101735350,alias,I56590836
215,Tom Geue,A5098850398,alias,I118347636
1953,Ashish Sharma,A5113297195,exact,I31746571
1924,Yun Liu,A5115602468,alias,I118347636
136,Min Xu,A5100507874,alias,I114017466
1402,Rajkumar Buyya,A5114013612,alias,I165779595
1600,Tong Lin,A5100769664,exact,I149704539
907,Ali Nazari,A5107862866,exact,I57093077
461,Gurutzeta Guillera-Arroita,A5100261311,exact,I165779595
1704,Hark Hoe Tan,A5110953485,exact,I118347636
231,Yi Liu,A5100330655,alias,I31746571
681,Susan Baker,A5101605796,alias,I129801699
2163,Jeremy Smith,A5109878323,alias,I177877127
1071,Damien Fordham,A5104342943,exact,I5681781
1496,Qing Li,A5100404047,exact,I129604602
1601,Rui Zhang,A5100421972,alias,I165779595
1496,Qing Li,A5100404013,exact,I129604602
1532,Lianzhou Wang,A5100385100,exact,I165143802
801,Brett Murphy,A5042735197,alias,I29894533
776,Christoph Federrath,A5016250498,exact,I118347636
386,Renae Ryan,A5069593357,alias,I129604602
1289,Wen Lei,A5056913793,alias,I177877127
712,Luca Cortese,A5025377130,alias,I177877127
1135,Warwick Bowen,A5085689440,alias,I165143802
1188,Torsten Thomas,A5088030110,exact,I31746571
1219,Andrew Piggott,A5022956852,alias,I99043593
1115,Sarah Wheeler,A5049130370,alias,I5681781
1017,Matthew Piper,A5043122280,alias,I56590836
1708,Haibo Yu,A5015074981,exact,I204824540
1108,Timothy Stephens,A5009328571,alias,I129604602
306,Fuchun Guo,A5051751395,exact,I204824540
705,Linda Wakim,A5036633914,alias,I165779595
912,Peter Enticott,A5071705176,alias,I149704539
1608,Dietmar W. Hutmacher,A5003215109,exact,I160993911
1622,Craig Williams,A5052572299,alias,I165143802
606,Da-Wei Wang,A5100445442,alias,I31746571
169,Ben Colagiuri,A5044132185,alias,I129604602
828,Sarah Perkins-Kirkpatrick,A5049901095,alias,I31746571
1601,Rui Zhang,A5100422092,alias,I165779595
2041,Axel Kallies,A5015395050,exact,I196021976
167,Daniel Bennett,A5029927753,exact,I165779595
1193,Ute Roessner,A5062149146,exact,I165779595
978,Luca Casagrande,A5086796344,alias,I118347636
608,Richard Sandberg,A5021829090,alias,I165779595
224,Hangwei Hu,A5074576539,alias,I165779595
585,Jessica Taubert,A5013760522,alias,I165143802
133,Kylie Dunning,A5085173358,alias,I5681781
182,Selene Fernandez Valverde,A5048170608,alias,I31746571
1691,Ethan Scott,A5076150919,alias,I165143802
785,Eric May,A5013018945,alias,I177877127
852,Christen Mirth,A5065809766,alias,I56590836
695,Shayne Loft,A5004939155,alias,I177877127
1510,Bayden Wood,A5044253971,alias,I56590836
882,Darrell Kemp,A5103149670,alias,I99043593
361,Larissa Hjorth,A5068787013,exact,I82951845
1406,Nicole Bell,A5002462495,alias,I165779595
1842,Brendan Wintle,A5047183172,alias,I165779595
550,Kama Maclean,A5006535378,exact,I31746571
780,Timothy Cohen,A5029545065,alias,I204824540
1795,Brant Gibson,A5039061435,alias,I82951845
1924,Yun Liu,A5100603066,alias,I118347636
80,Amy MacDonald,A5030500381,alias,I153230381
165,Timothy Ballard,A5077992672,exact,I165143802
1548,Kate Senior,A5070422602,alias,I204824540
1646,Anandwardhan Hardikar,A5015293558,alias,I129604602
833,John Quinn,A5023898004,alias,I56590836
2135,Owen Atkin,A5025094320,alias,I118347636
647,Howard Bondell,A5047493332,alias,I165779595
1784,Natalie Borg,A5019562426,alias,I56590836
760,Rosalind Smith,A5053270749,alias,I118347636
1030,Sonia Henriques,A5051238211,alias,I160993911
1325,Joao Diniz da Costa,A5018311475,alias,I165143802
2026,Leeanne Carey,A5054163393,alias,I242743682
1230,Lee Arnold,A5018043423,alias,I5681781
898,Nerilie Abram,A5051259325,alias,I118347636
1291,Fares Al-Ejeh,A5036264210,exact,I217937681
2194,Allison McKendrick,A5000899137,alias,I165779595
578,Megan MacKenzie,A5028964223,alias,I129604602
482,Bina D'Costa,A5012969058,alias,I118347636
1629,Marion Maddox,A5089577329,alias,I99043593
2121,Katherine Andrews,A5084779683,alias,I11701301
1665,Andreas Lopata,A5079654252,alias,I86467917
766,Laura Weyrich,A5007247395,alias,I5681781
1031,Adrian Werner,A5045690075,alias,I169541294
733,Devi Stuart-Fox,A5027202151,exact,I165779595
218,Ling Chen,A5069988750,alias,I114017466
2134,Bjorn Winther-Jensen,A5033089433,alias,I56590836
1141,Guillermo Narsilio,A5071220097,alias,I165779595
440,Rae (Rachel) Cooper,A5039184080,fuzzy,I129604602
1231,David Suggett,A5044102443,alias,I114017466
1623,Amanda Ridley,A5088647455,alias,I177877127
873,Song Yao,A5057765648,alias,I165779595
896,Damian Dowling,A5085092943,alias,I56590836
766,Laura Weyrich,A5109395385,alias,I5681781
646,Ellie Rennie,A5032691356,alias,I82951845
595,Matthew McKay,A5091126453,alias,I165779595
804,Scott Morrison,A5082777109,exact,I118347636
520,Kaiming Bi,A5042727633,exact,I205640436
57,Rachael Gallagher,A5039749882,alias,I63525965
731,Stephan Rachel,A5035148600,alias,I165779595
1255,Alistair Evans,A5063863788,alias,I56590836
1773,Jason Beringer,A5033905771,exact,I177877127
254,Ali Jalili,A5032822192,alias,I31746571
2104,David Hunter,A5059703354,alias,I129604602
320,Zhi-Gang Chen,A5090437166,alias,I160993911
1203,Kevin Morris,A5011086438,alias,I31746571
352,Alexander Sen Gupta,A5042978765,alias,I31746571
1692,Assa Doron,A5086532477,exact,I118347636
850,Ashley Ruiter,A5084761383,alias,I31746571
1417,Nicole Cloonan,A5084301986,exact,I217937681
213,Xi (Forest) Zhu,A5100878040,fuzzy,I114017466
419,Li Wei,A5033731690,alias,I129604602
509,Jonathan Rhodes,A5021131756,alias,I160993911
384,Zhi Yi Ong,A5032195559,alias,I31746571
1663,Ben Saul,A5084499751,alias,I129604602
198,Timothy Legrand,A5075682388,alias,I5681781
724,Timothy Clark,A5017203543,exact,I149704539
462,Simon Williams,A5009869062,alias,I129801699
179,Dalia Nassar,A5023891625,exact,I129604602
1145,Emma Baker,A5103206562,alias,I5681781
834,Helen Watt,A5113846852,fuzzy,I129604602
849,Julia Kindt,A5077907657,fuzzy,I129604602
1772,Stephanie Donald,A5040887145,alias,I31746571
1614,James Bailey,A5009842088,alias,I165779595
419,Li Wei,A5101709403,alias,I129604602
1741,Anne Pender,A5014359393,exact,I90745801
2000,Jian Li,A5100402592,exact,I56590836
571,Vanessa Kellermann,A5078269788,exact,I196829312
783,Sebastian Furness,A5049639665,alias,I165143802
1199,Richard Holden,A5008470795,exact,I31746571
419,Li Wei,A5112223463,alias,I129604602
1966,Geraint Lewis,A5054529896,alias,I129604602
419,Li Wei,A5100318001,alias,I129604602
363,Han Lin,A5069599551,exact,I82951845
1215,Guy Williams,A5069080049,fuzzy,I129801699
1758,Wayne Davies,A5112460986,fuzzy,I177877127
1723,Paul Young,A5038005820,alias,I129604602
607,Dimitrie Culcer,A5107892430,alias,I31746571
242,Zhiliang Wang,A5115587873,alias,I165143802
1436,Hongxia Wang,A5051593152,exact,I160993911
2187,Jin Zou,A5100309938,alias,I165143802
369,Jun Huang,A5100832114,fuzzy,I129604602
1701,Paolo Bubbio,A5008509041,fuzzy,I63525965
2184,Thomas Faunce,A5085044596,alias,I118347636
363,Han Lin,A5043744032,alias,I82951845
831,Ying Zhang,A5100652122,exact,I114017466
840,Jianhua Guo,A5050146305,exact,I165143802
1195,Michael Shields,A5113862253,alias,I56590836
1368,Xiaolin Wang,A5100395133,alias,I204824540
1333,David Evans,A5103772440,fuzzy,I165143802
728,Jian Yang,A5100643476,exact,I165143802
42,Peter Macreadie,A5102697633,fuzzy,I82951845
749,Qiang Fu,A5100612034,exact,I114017466
487,Weiwei Lei,A5101480302,alias,I82951845
150,Christopher Baker,A5078620782,alias,I165143802
6,Lina Yao,A5005867946,exact,I99043593
169,Ben Colagiuri,A5109730807,exact,I129604602
1039,Yusuke Yamauchi,A5113147112,alias,I165143802
1924,Yun Liu,A5100321944,alias,I118347636
1467,Scott Brown,A5074941608,alias,I78757542
1992,Benjamin Buchler,A5105834388,exact,I118347636
1614,James Bailey,A5101609698,alias,I165779595
2157,Peter Anderson,A5021576126,alias,I165779595
921,Yuan Chen,A5100400882,alias,I129604602
1296,Yingjie Yang,A5069935848,alias,I99043593
1327,Chenghua Sun,A5101442652,exact,I57093077
2000,Jian Li,A5102007222,exact,I56590836
1151,Hua Xia,A5104274886,alias,I118347636
1161,Wenbiao Hu,A5102412552,alias,I160993911
569,Yuting Zhang,A5100451831,alias,I165779595
1484,Tao Liu,A5100338122,exact,I31746571
1060,Mark Kelly,A5042841404,alias,I63525965
103,Jun Zhang,A5100433138,alias,I11701301
1501,Chunhua Shen,A5039883116,alias,I5681781
419,Li Wei,A5100683583,alias,I129604602
1198,Patricia O'Brien,A5112711823,alias,I118347636
419,Li Wei,A5103739540,alias,I129604602
1067,Juno Kim,A5088970560,alias,I31746571
1145,Emma Baker,A5058660951,alias,I5681781
1825,Elaine Wong,A5111901822,fuzzy,I165779595
123,Jun Li,A5100361742,exact,I114017466
764,Ziqi Sun,A5110522065,exact,I160993911
1532,Lianzhou Wang,A5100385100,alias,I165143802
776,Christoph Federrath,A5016250498,alias,I118347636
2093,Linqing Wen,A5056913793,alias,I177877127
1708,Haibo Yu,A5015074981,alias,I204824540
306,Fuchun Guo,A5051751395,alias,I204824540
1608,Dietmar W. Hutmacher,A5003215109,alias,I160993911
169,Ben Colagiuri,A5044132185,exact,I129604602
1601,Rui Zhang,A5100422092,exact,I165779595
167,Daniel Bennett,A5029927753,alias,I165779595
1193,Ute Roessner,A5062149146,alias,I165779595
585,Jessica Taubert,A5013760522,exact,I165143802
695,Shayne Loft,A5004939155,exact,I177877127
361,Larissa Hjorth,A5068787013,alias,I82951845
1924,Yun Liu,A5100603066,exact,I118347636
80,Amy MacDonald,A5030500381,exact,I153230381
165,Timothy Ballard,A5077992672,alias,I165143802
760,Rosalind Smith,A5053270749,exact,I118347636
1291,Fares Al-Ejeh,A5036264210,alias,I217937681
578,Megan MacKenzie,A5028964223,exact,I129604602
1629,Marion Maddox,A5089577329,exact,I99043593
733,Devi Stuart-Fox,A5027202151,alias,I165779595
218,Ling Chen,A5069988750,exact,I114017466
646,Ellie Rennie,A5032691356,exact,I82951845
804,Scott Morrison,A5082777109,alias,I118347636
520,Kaiming Bi,A5042727633,alias,I205640436
731,Stephan Rachel,A5035148600,exact,I165779595
2104,David Hunter,A5059703354,exact,I129604602
320,Zhi-Gang Chen,A5090437166,exact,I160993911
1692,Assa Doron,A5086532477,alias,I118347636
1417,Nicole Cloonan,A5084301986,alias,I217937681
384,Zhi Yi Ong,A5032195559,exact,I31746571
1663,Ben Saul,A5084499751,exact,I129604602
462,Simon Williams,A5009869062,exact,I129801699
179,Dalia Nassar,A5023891625,alias,I129604602
1145,Emma Baker,A5103206562,exact,I5681781
1614,James Bailey,A5009842088,exact,I165779595
1741,Anne Pender,A5014359393,alias,I90745801
2000,Jian Li,A5100402592,alias,I56590836
571,Vanessa Kellermann,A5078269788,alias,I196829312
1199,Richard Holden,A5008470795,alias,I31746571
1966,Geraint Lewis,A5054529896,exact,I129604602
363,Han Lin,A5069599551,alias,I82951845
607,Dimitrie Culcer,A5107892430,exact,I31746571
242,Zhiliang Wang,A5115587873,exact,I165143802
1436,Hongxia Wang,A5051593152,alias,I160993911
2187,Jin Zou,A5100309938,exact,I165143802
831,Ying Zhang,A5100652122,alias,I114017466
840,Jianhua Guo,A5050146305,alias,I165143802
1368,Xiaolin Wang,A5100395133,exact,I204824540
749,Qiang Fu,A5100612034,alias,I114017466
487,Weiwei Lei,A5101480302,exact,I82951845
150,Christopher Baker,A5078620782,exact,I165143802
6,Lina Yao,A5005867946,alias,I99043593
169,Ben Colagiuri,A5109730807,alias,I129604602
1039,Yusuke Yamauchi,A5113147112,exact,I165143802
1924,Yun Liu,A5100321944,exact,I118347636
1992,Benjamin Buchler,A5105834388,alias,I118347636
1614,James Bailey,A5101609698,exact,I165779595
2157,Peter Anderson,A5021576126,exact,I165779595
921,Yuan Chen,A5100400882,exact,I129604602
1327,Chenghua Sun,A5101442652,alias,I57093077
2000,Jian Li,A5102007222,alias,I56590836
569,Yuting Zhang,A5100451831,exact,I165779595
1484,Tao Liu,A5100338122,alias,I31746571
103,Jun Zhang,A5100433138,exact,I11701301
123,Jun Li,A5100361742,alias,I114017466
764,Ziqi Sun,A5110522065,alias,I160993911
2000,Jian Li,A5100402427,exact,I56590836
1216,Iain Searle,A5075355803,exact,I5681781
787,Amelia Liu,A5022123692,alias,I56590836
2111,Shanqing Zhang,A5046237914,exact,I11701301
1837,Dominic Berry,A5085151983,alias,I99043593
226,Yuman Zhu,A5055824316,alias,I56590836
940,Jiabao Yi,A5079135640,alias,I78757542
1573,Zhi Ping Xu,A5100699454,alias,I165143802
744,Kalervo Gulson,A5014038876,alias,I129604602
768,Kristopher Kilian,A5019240728,alias,I31746571
399,Thomas Astell-Burt,A5078694518,exact,I129604602
638,Colette Boskovic,A5054944854,exact,I165779595
1272,Matthew Gilliham,A5037451186,alias,I5681781
324,Zhe Liu,A5023896908,alias,I165779595
1208,Steven Bozinovski,A5079475266,alias,I82951845
2166,Gael Martin,A5110737641,alias,I56590836
459,Benjamin Woodcroft,A5035489365,alias,I160993911
581,Adrian Russell,A5064360812,alias,I31746571
1257,Philip Munday,A5024202369,alias,I86467917
1185,Adam Uldrich,A5085889061,alias,I165779595
1150,Haihui Wang,A5100628512,exact,I5681781
1542,Huagui Yang,A5100770981,alias,I11701301
2188,Adam Micolich,A5032343757,alias,I31746571
2159,Christopher Gibson,A5070981604,alias,I204824540
809,Jon McCormack,A5040093215,exact,I56590836
195,Anjum Naweed,A5070309508,exact,I74899385
1714,Greg Qiao,A5090998106,alias,I165779595
1829,Graham Hughes,A5008335665,exact,I118347636
1329,Penelope King,A5012983965,alias,I118347636
2101,Vedi Hadiz,A5065429454,alias,I165779595
1786,Daniel Macdonald,A5077826305,alias,I118347636
206,Daria Smirnova,A5090216697,alias,I118347636
1189,Chun-Xia Zhao,A5019914168,alias,I165143802
1824,Peter Tuthill,A5016960997,alias,I129604602
670,Jeff Powell,A5058081074,alias,I63525965
1244,Richard Payne,A5053176470,alias,I129604602
64,Meead Saberi,A5013479513,alias,I31746571
708,Liam Brady,A5055456510,alias,I169541294
1280,Stephen Redmond,A5013317847,alias,I31746571
715,Matthew Spittal,A5067367617,alias,I165779595
1506,Gita Mishra,A5102812616,alias,I165143802
1384,Yin Paradies,A5029141180,exact,I149704539
709,Traude Beilharz,A5013708479,alias,I56590836
1037,Qiaoliang Bao,A5024429715,exact,I56590836
1298,Simon Griffith,A5075126259,alias,I99043593
955,Yuncang Li,A5100404181,exact,I82951845
2156,Jacqueline Broad,A5042195622,alias,I56590836
2068,Mark Kendall,A5038629041,alias,I165143802
794,Timothy Smith,A5088341096,alias,I174025329
1722,Andrew Rosser,A5063141736,alias,I5681781
2192,Stuart Ralph,A5074946484,alias,I165779595
491,Paul Evans,A5052204474,alias,I165143802
1711,Jason Evans,A5073805601,alias,I31746571
2119,Hongyuan Yang,A5024570365,alias,I31746571
1683,Andre Renzaho,A5084934841,alias,I63525965
419,Li Wei,A5100663675,alias,I129604602
20,Rajeev Roychand,A5003800246,exact,I82951845
907,Ali Nazari,A5061714089,alias,I57093077
2007,Anita Harris,A5048013826,exact,I149704539
1064,Colin Klein,A5077337094,exact,I118347636
1865,Celine Nauges,A5105845982,alias,I165143802
1558,Pall Thordarson,A5065630135,exact,I31746571
944,Staffan Persson,A5009878515,exact,I165779595
331,Coral Gartner,A5046524299,exact,I165143802
199,Martin Polkinghorne,A5028198343,alias,I169541294
1118,Benjamin Goldsmith,A5056807174,alias,I118347636
597,Leonardo Gollo,A5013568992,alias,I56590836
151,Ben Fulcher,A5091269081,exact,I129604602
900,Guozhen Liu,A5100691558,exact,I31746571
2137,Spencer Whitney,A5088450469,alias,I118347636
610,Shane Ellis,A5073485462,alias,I204824540
1321,Sally Young,A5019174203,alias,I165779595
1107,Matthew Tucker,A5027193685,alias,I5681781
1484,Tao Liu,A5100338067,exact,I31746571
444,Marcus Doherty,A5102761690,alias,I118347636
864,Debbie Silvester,A5027601300,alias,I205640436
242,Zhiliang Wang,A5100343138,exact,I165143802
1487,Dorrit Jacob,A5031751266,alias,I99043593
286,Emilie-Jane Ens,A5047756264,alias,I99043593
144,Fengwang Li,A5089706752,exact,I129604602
330,Ian Moffat,A5012891598,exact,I169541294
1528,Francesca Iacopi,A5085512740,exact,I11701301
1014,Erinna Lee,A5038439002,alias,I196829312
2212,Geoffrey Clark,A5014516552,alias,I118347636
573,Dan Liu,A5100766586,exact,I82951845
1859,Jason Peart,A5004008884,alias,I11701301
1835,Michael Bromley,A5009981990,alias,I165143802
1346,Shaobai Huang,A5044601381,alias,I177877127
252,James Osborne,A5015466996,alias,I165779595
856,Michael Bode,A5010372144,alias,I160993911
1145,Emma Baker,A5010502838,exact,I5681781
1543,Suzanne Fraser,A5068361782,exact,I205640436
308,Justin Chalker,A5062206988,alias,I169541294
336,Mark Edmonds,A5051389983,alias,I56590836
1600,Tong Lin,A5109078708,exact,I149704539
392,Albert Fahrenbach,A5011785645,alias,I31746571
635,Karla Hutt,A5029043451,alias,I56590836
187,Roland Burke,A5003734068,alias,I196829312
818,Anders Eriksson,A5069883194,alias,I165143802
569,Yuting Zhang,A5100451834,exact,I165779595
2064,Peter Franks,A5009709943,alias,I129604602
1019,Tim Bayne,A5010096301,exact,I56590836
1599,Donald McNeill,A5065376763,exact,I63525965
908,Maja Adamska,A5050536765,exact,I118347636
1823,Sean Li,A5000395572,alias,I31746571
988,Nathan Lo,A5089664523,alias,I129604602
1124,Julian Millie,A5024688269,exact,I56590836
303,Jiajia Zhou,A5100417635,alias,I114017466
612,Daniel Burgarth,A5044459179,exact,I99043593
1759,Matthew McCormack,A5052655026,alias,I196021976
1447,Louise D'Arcens,A5033700094,alias,I99043593
2008,Zongping Shao,A5101837078,alias,I205640436
1833,Anthony White,A5064747866,alias,I165779595
2146,Annette Dexter,A5045233128,fuzzy,I165143802
1463,Julia Martinez,A5035821697,alias,I204824540
363,Han Lin,A5046795697,exact,I82951845
736,Maurizio Meloni,A5005112768,alias,I149704539
1361,Dacheng Tao,A5046877006,alias,I129604602
921,Yuan Chen,A5032424539,alias,I129604602
1369,Dane McCamey,A5068200931,fuzzy,I31746571
1121,Susan Harris Rimmer,A5108276347,fuzzy,I11701301
1852,Jorgen Rasmussen,A5089881368,alias,I165143802
2038,Martin Thomas,A5055978192,alias,I118347636
621,Yang Song,A5001493114,alias,I31746571
1272,Matthew Gilliham,A5031502129,alias,I5681781
917,Jiangtao Xu,A5057160617,alias,I31746571
579,Christopher Watkin,A5059158534,exact,I56590836
387,Sarina Sarina,A5058593113,alias,I129604602
879,Nathan Langford,A5081546262,alias,I114017466
1484,Tao Liu,A5045324804,exact,I31746571
2000,Jian Li,A5108880813,alias,I56590836
1875,Jonathan Waters,A5030023952,alias,I129801699
231,Yi Liu,A5100330500,exact,I31746571
136,Min Xu,A5102004786,alias,I114017466
1239,Javier Alvarez-Mon,A5039799688,exact,I99043593
297,Jessica Whyte,A5080912198,exact,I31746571
2000,Jian Li,A5110374227,exact,I56590836
218,Ling Chen,A5100411080,alias,I114017466
884,Janna Morrison,A5016384852,exact,I170239107
1859,Jason Peart,A5111952330,fuzzy,I11701301
2166,Gael Martin,A5016199639,alias,I56590836
87,Gang Li,A5043370268,exact,I165779595
2074,Jean Yang,A5012290301,alias,I129604602
1075,Joanne Evans,A5101045957,exact,I56590836
1672,Adam Hill,A5113823469,fuzzy,I19514445
12,Samuel Baron,A5113519894,alias,I165779595
62,Haoran Ren,A5114183889,exact,I56590836
1614,James Bailey,A5002580249,alias,I165779595
2085,David White,A5109847387,alias,I177877127
1991,Sarah Maddison,A5023246769,alias,I31746571
218,Ling Chen,A5092008498,exact,I114017466
123,Jun Li,A5100678956,exact,I114017466
693,Jun Li,A5110034937,alias,I205640436
139,Hanlin Shang,A5032814245,exact,I99043593
998,Tara Murphy,A5103861269,alias,I129604602
32,Suzy Killmister,A5089797067,alias,I56590836
1600,Tong Lin,A5101033610,exact,I149704539
419,Li Wei,A5100318382,alias,I129604602
1276,Nigel Jones,A5108496257,alias,I56590836
1215,Guy Williams,A5034431716,exact,I129801699
1600,Tong Lin,A5101097866,fuzzy,I149704539
419,Li Wei,A5100318210,alias,I129604602
854,Kristie Miller,A5008765257,fuzzy,I129604602
231,Yi Liu,A5074796587,exact,I31746571
1496,Qing Li,A5100404064,exact,I129604602
1074,James Miller-Jones,A5102334544,fuzzy,I205640436
1424,Stephanie Gras,A5104561453,alias,I56590836
1398,Jeffrey Davis,A5110348248,alias,I57093077
123,Jun Li,A5064991477,exact,I114017466
1881,Robert Sparrow,A5096611417,exact,I56590836
123,Jun Li,A5108098567,exact,I114017466
2000,Jian Li,A5100402427,alias,I56590836
1216,Iain Searle,A5075355803,alias,I5681781
2111,Shanqing Zhang,A5046237914,alias,I11701301
226,Yuman Zhu,A5055824316,exact,I56590836
940,Jiabao Yi,A5079135640,exact,I78757542
1573,Zhi Ping Xu,A5100699454,exact,I165143802
399,Thomas Astell-Burt,A5078694518,alias,I129604602
638,Colette Boskovic,A5054944854,alias,I165779595
1272,Matthew Gilliham,A5037451186,exact,I5681781
1208,Steven Bozinovski,A5079475266,exact,I82951845
1150,Haihui Wang,A5100628512,alias,I5681781
809,Jon McCormack,A5040093215,alias,I56590836
1829,Graham Hughes,A5008335665,alias,I118347636
1786,Daniel Macdonald,A5077826305,exact,I118347636
1189,Chun-Xia Zhao,A5019914168,exact,I165143802
1824,Peter Tuthill,A5016960997,exact,I129604602
64,Meead Saberi,A5013479513,exact,I31746571
1384,Yin Paradies,A5029141180,alias,I149704539
1037,Qiaoliang Bao,A5024429715,alias,I56590836
955,Yuncang Li,A5100404181,alias,I82951845
2156,Jacqueline Broad,A5042195622,exact,I56590836
1722,Andrew Rosser,A5063141736,exact,I5681781
2119,Hongyuan Yang,A5024570365,exact,I31746571
20,Rajeev Roychand,A5003800246,alias,I82951845
907,Ali Nazari,A5061714089,exact,I57093077
2007,Anita Harris,A5048013826,alias,I149704539
1064,Colin Klein,A5077337094,alias,I118347636
1865,Celine Nauges,A5105845982,exact,I165143802
1558,Pall Thordarson,A5065630135,alias,I31746571
944,Staffan Persson,A5009878515,alias,I165779595
331,Coral Gartner,A5046524299,alias,I165143802
199,Martin Polkinghorne,A5028198343,exact,I169541294
151,Ben Fulcher,A5091269081,alias,I129604602
900,Guozhen Liu,A5100691558,alias,I31746571
1321,Sally Young,A5019174203,exact,I165779595
1484,Tao Liu,A5100338067,alias,I31746571
242,Zhiliang Wang,A5100343138,alias,I165143802
144,Fengwang Li,A5089706752,alias,I129604602
330,Ian Moffat,A5012891598,alias,I169541294
1528,Francesca Iacopi,A5085512740,alias,I11701301
573,Dan Liu,A5100766586,alias,I82951845
1346,Shaobai Huang,A5044601381,exact,I177877127
856,Michael Bode,A5010372144,exact,I160993911
1145,Emma Baker,A5010502838,alias,I5681781
1543,Suzanne Fraser,A5068361782,alias,I205640436
1600,Tong Lin,A5109078708,alias,I149704539
187,Roland Burke,A5003734068,exact,I196829312
818,Anders Eriksson,A5069883194,exact,I165143802
569,Yuting Zhang,A5100451834,alias,I165779595
1019,Tim Bayne,A5010096301,alias,I56590836
1599,Donald McNeill,A5065376763,alias,I63525965
908,Maja Adamska,A5050536765,alias,I118347636
1124,Julian Millie,A5024688269,alias,I56590836
303,Jiajia Zhou,A5100417635,exact,I114017466
612,Daniel Burgarth,A5044459179,alias,I99043593
2008,Zongping Shao,A5101837078,exact,I205640436
363,Han Lin,A5046795697,alias,I82951845
736,Maurizio Meloni,A5005112768,exact,I149704539
1361,Dacheng Tao,A5046877006,exact,I129604602
921,Yuan Chen,A5032424539,exact,I129604602
621,Yang Song,A5001493114,exact,I31746571
1272,Matthew Gilliham,A5031502129,exact,I5681781
917,Jiangtao Xu,A5057160617,exact,I31746571
579,Christopher Watkin,A5059158534,alias,I56590836
387,Sarina Sarina,A5058593113,exact,I129604602
1484,Tao Liu,A5045324804,alias,I31746571
2000,Jian Li,A5108880813,exact,I56590836
231,Yi Liu,A5100330500,alias,I31746571
136,Min Xu,A5102004786,exact,I114017466
1239,Javier Alvarez-Mon,A5039799688,alias,I99043593
297,Jessica Whyte,A5080912198,alias,I31746571
2000,Jian Li,A5110374227,alias,I56590836
218,Ling Chen,A5100411080,exact,I114017466
884,Janna Morrison,A5016384852,alias,I170239107
87,Gang Li,A5043370268,alias,I165779595
2074,Jean Yang,A5012290301,exact,I129604602
1075,Joanne Evans,A5101045957,alias,I56590836
12,Samuel Baron,A5113519894,exact,I165779595
62,Haoran Ren,A5114183889,alias,I56590836
1614,James Bailey,A5002580249,exact,I165779595
1991,Sarah Maddison,A5023246769,exact,I31746571
218,Ling Chen,A5092008498,alias,I114017466
123,Jun Li,A5100678956,alias,I114017466
693,Jun Li,A5110034937,exact,I205640436
139,Hanlin Shang,A5032814245,alias,I99043593
998,Tara Murphy,A5103861269,exact,I129604602
32,Suzy Killmister,A5089797067,exact,I56590836
1600,Tong Lin,A5101033610,alias,I149704539
1215,Guy Williams,A5034431716,alias,I129801699
231,Yi Liu,A5074796587,alias,I31746571
1496,Qing Li,A5100404064,alias,I129604602
123,Jun Li,A5064991477,alias,I114017466
1881,Robert Sparrow,A5096611417,alias,I56590836
123,Jun Li,A5108098567,alias,I114017466
892,Jason Dutton,A5019356924,alias,I196829312
2132,Naomi Wray,A5064741640,alias,I165143802
696,Pat Scott,A5063472907,alias,I165143802
923,Paul Lasky,A5000611658,alias,I56590836
30,Pengyi Yang,A5114375167,exact,I129604602
1065,Matthew Owers,A5074327882,alias,I99043593
1362,Scott Mueller,A5016350097,alias,I165779595
1746,Thomas Wernberg,A5026692680,alias,I177877127
375,Jason Thompson,A5103121924,exact,I165779595
779,Justine Mintern,A5010793011,alias,I165779595
368,Jarryd Pla,A5048713725,alias,I31746571
1094,Jack Clegg,A5073361343,alias,I165143802
2090,Melissa Green,A5086121026,alias,I31746571
1237,Matthew Simpson,A5060813398,alias,I160993911
447,Meghan Miller,A5026672994,alias,I118347636
40,Bo Xia,A5044226655,alias,I160993911
1207,Stuart Macgregor,A5029948119,alias,I217937681
2187,Jin Zou,A5003746258,exact,I165143802
1331,Paul Donnelly,A5112877679,alias,I165779595
1381,Wallace Wong,A5058487031,alias,I165779595
1345,Irina Vetter,A5005160521,exact,I165143802
1995,Raphael Didham,A5057245217,alias,I177877127
1781,Xiaozhou Liao,A5069784195,alias,I129604602
655,Michael Higgins,A5079072267,alias,I204824540
1565,Miroslav Macka,A5011260131,alias,I129801699
720,Dong Xu,A5082181536,exact,I129604602
1823,Sean Li,A5044978302,exact,I31746571
1498,Wai-Hong Tham,A5038326007,exact,I196021976
435,Wenjie Zhang,A5100385498,exact,I31746571
1139,Dewei Chu,A5087368019,exact,I31746571
781,Andrew Tomkins,A5012146766,alias,I56590836
1278,Joshua Ross,A5026776788,alias,I5681781
693,Jun Li,A5101426038,exact,I205640436
1377,Derek Arnold,A5074726896,alias,I165143802
1896,Chris Manzie,A5020178903,exact,I165779595
2182,Chengrong Chen,A5009088303,alias,I11701301
398,Darren Croton,A5076417031,exact,I57093077
471,Michael Livingston,A5075351092,exact,I205640436
2215,Thomas Reuter,A5102923163,exact,I165779595
1749,Colin Clifford,A5001538229,alias,I31746571
1364,Ivor Tsang,A5021751767,alias,I114017466
1171,Anoma Pieris,A5031882824,exact,I165779595
843,Elizabeth Stephens,A5009047903,exact,I165143802
1433,Rob Atkin,A5077693107,exact,I78757542
2169,Michael Monteiro,A5024077146,alias,I165143802
2202,S. O. Reza Moheimani,A5061619957,alias,I78757542
553,Edward Burton,A5049000482,alias,I66809481
2032,Colin Smith,A5083596867,exact,I196829312
975,Guillermo Gomez,A5008963986,alias,I170239107
1398,Jeffrey Davis,A5040530102,alias,I57093077
1130,Colin Jackson,A5052860841,alias,I118347636
1034,Adam Deller,A5091286821,alias,I57093077
537,Alexandr Simonov,A5062733036,alias,I56590836
842,Christian Rinke,A5049254580,exact,I165143802
1242,David Wood,A5066302647,alias,I56590836
1803,Sarah Johnson,A5010753349,alias,I78757542
915,Emma Kowal,A5053916573,alias,I149704539
1338,Justin Hamilton,A5037526449,alias,I56590836
55,Mark Alfano,A5002852096,alias,I99043593
753,Nicholas Deutscher,A5013692809,alias,I204824540
1043,Guillaume Tcherkez,A5011667102,alias,I118347636
406,Katherine Albury,A5004922583,alias,I57093077
360,Greta Hawes,A5085068751,exact,I99043593
117,Oliver Griffith,A5027454158,alias,I99043593
47,Michelle Wille,A5022062973,alias,I165779595
1712,Diana Fisher,A5058065051,alias,I165143802
1688,Alison Funston,A5015579525,alias,I56590836
2107,Thomas Huber,A5076677952,exact,I118347636
1091,Rhodri Davies,A5072460934,alias,I118347636
1316,Justin Seymour,A5080289309,alias,I114017466
562,Thomas Ve,A5056044080,alias,I11701301
800,Hao Liu,A5100458862,exact,I114017466
405,Leanne Wiseman,A5012754507,alias,I11701301
1200,Robert Sinnerbrink,A5016907982,alias,I99043593
1002,Olivier Alard,A5034349319,alias,I99043593
68,Ruifeng Yan,A5055140400,alias,I165143802
711,Deepak Dubal,A5003557857,alias,I5681781
1004,Zenobia Jacobs,A5028899889,exact,I204824540
897,Ivo Seitenzahl,A5025672621,alias,I31746571
1379,Weihua Liu,A5058829648,alias,I1292875679
807,Gretchen Benedix,A5020515245,alias,I205640436
200,Nicolas Flament,A5038326726,alias,I204824540
1097,Robin Hobbs,A5048961794,alias,I56590836
1422,Todd Oliynyk,A5007227171,alias,I56590836
316,Shuhua Peng,A5039579363,exact,I31746571
726,Hariz Halilovich,A5048541708,alias,I82951845
1917,Deborah Marsh,A5051055093,alias,I129604602
954,Wei Kong Pang,A5079731588,exact,I204824540
526,Peishen Zhao,A5041334443,exact,I56590836
950,Justin Hastings,A5017643996,alias,I129604602
605,Gholamreza Haffari,A5081525024,alias,I56590836
1624,Christina Twomey,A5006370688,alias,I56590836
1503,Catherine Mills,A5101505715,alias,I56590836
1593,Min Chen,A5100667706,alias,I129604602
355,Antje Blumenthal,A5072007540,exact,I165143802
1027,Alfonso Garcia-Bennett,A5037455412,alias,I99043593
1112,Jacqui True,A5070243420,alias,I56590836
1768,Michael Smith,A5110080394,fuzzy,I165779595
1024,Christine Wells,A5072188738,alias,I165779595
538,Martijn Cloos,A5033557680,alias,I165143802
1564,Clare Hawkins,A5082145076,alias,I129604602
67,Miaoqiang Lyu,A5012029695,exact,I165143802
1438,Jeffrey Harmer,A5080885291,alias,I165143802
1912,Megan Cassidy-Welch,A5080544222,alias,I56590836
675,Antonio Di Ieva,A5035155009,exact,I99043593
1911,Murray Olsen,A5111583606,alias,I165143802
1785,Penny Edmonds,A5062451585,alias,I129801699
2151,James Rabeau,A5007213391,alias,I99043593
2006,Jane Lydon,A5055215067,alias,I177877127
1662,Kathy Arthurson,A5024398025,alias,I169541294
831,Ying Zhang,A5044938518,exact,I114017466
1515,Michele Ford,A5057635394,exact,I129604602
2207,Zhenxiang Cheng,A5043673910,exact,I204824540
592,Melanie White,A5086668344,alias,I165143802
1075,Joanne Evans,A5047347308,exact,I56590836
2153,Mark Parsons,A5107862169,alias,I78757542
849,Julia Kindt,A5110696782,exact,I129604602
465,Xiwang Zhang,A5038750020,alias,I165143802
87,Gang Li,A5070405949,exact,I165779595
699,Cameron Shearer,A5077897301,alias,I5681781
102,Xu Huang,A5057441318,alias,I185523456
1924,Yun Liu,A5100321991,alias,I118347636
1035,Timothy Denham,A5085338452,alias,I118347636
990,Andrea Taschetto,A5015211247,alias,I31746571
1142,Christian Gruber,A5049100399,alias,I165143802
1166,Heather Douglas,A5009036143,exact,I165143802
1669,Daniel Fitzpatrick,A5090185318,exact,I118347636
490,Scott Boden,A5052810821,alias,I5681781
934,Mark Holmes,A5049310318,exact,I165779595
419,Li Wei,A5100689772,alias,I129604602
1916,Adrian Sheppard,A5103405950,alias,I118347636
363,Han Lin,A5101799775,exact,I82951845
1908,Adrian Hearn,A5029958592,alias,I165779595
193,Chen Davidovich,A5020232884,exact,I56590836
965,Jonathan Marshall,A5101881645,exact,I114017466
1143,Brian Petersen,A5107856310,alias,I165779595
838,Ian Hesketh,A5106627156,alias,I165143802
778,Alessandro Soncini,A5070148430,exact,I165779595
419,Li Wei,A5007062656,alias,I129604602
419,Li Wei,A5100318374,alias,I129604602
1162,Yanbo Wang,A5100605032,alias,I129604602
1984,James Murphy,A5101597756,alias,I196021976
508,Jean-Philippe Tetienne,A5046023427,alias,I82951845
1672,Adam Hill,A5020542726,alias,I19514445
1601,Rui Zhang,A5101630401,exact,I165779595
1520,Richard Fuller,A5068960794,exact,I165143802
419,Li Wei,A5101930813,alias,I129604602
2069,David Wilson,A5104057174,fuzzy,I31746571
419,Li Wei,A5109435095,alias,I129604602
2000,Jian Li,A5100402534,alias,I56590836
220,Daniel Preston,A5110429277,alias,I118347636
1207,Stuart Macgregor,A5043306923,alias,I217937681
1259,Michael Ireland,A5104085974,fuzzy,I118347636
278,Andrew Phillips,A5004174170,exact,I165143802
786,Yi Du,A5003649303,alias,I204824540
1786,Daniel Macdonald,A5068837674,exact,I118347636
582,Laura Wilson,A5080093962,fuzzy,I118347636
1744,Gabriel Molina Terriza,A5062471940,fuzzy,I99043593
2000,Jian Li,A5100402457,alias,I56590836
89,Xin Cao,A5100681901,exact,I31746571
569,Yuting Zhang,A5115597379,alias,I165779595
1667,Dusan Losic,A5109761817,alias,I5681781
1924,Yun Liu,A5115597225,exact,I118347636
1903,Stephen Williams,A5045174960,alias,I165143802
1245,Shinichi Nakagawa,A5113271442,alias,I31746571
728,Jian Yang,A5032721803,alias,I165143802
899,Bernhard Müller,A5109799774,alias,I56590836
954,Wei Kong Pang,A5112570824,exact,I204824540
693,Jun Li,A5101586715,exact,I205640436
1932,Stephen Billett,A5101163402,exact,I11701301
87,Gang Li,A5100438647,exact,I165779595
782,Danyang Wang,A5101868014,alias,I31746571
327,Lei Ge,A5100648466,exact,I185523456
1830,Ian Wright,A5021906209,alias,I99043593
1322,Yongping Wei,A5024191118,alias,I165143802
135,Andrew King,A5078075457,alias,I165779595
696,Pat Scott,A5063472907,exact,I165143802
30,Pengyi Yang,A5114375167,alias,I129604602
1746,Thomas Wernberg,A5026692680,exact,I177877127
375,Jason Thompson,A5103121924,alias,I165779595
40,Bo Xia,A5044226655,exact,I160993911
1207,Stuart Macgregor,A5029948119,exact,I217937681
2187,Jin Zou,A5003746258,alias,I165143802
1345,Irina Vetter,A5005160521,alias,I165143802
1781,Xiaozhou Liao,A5069784195,exact,I129604602
720,Dong Xu,A5082181536,alias,I129604602
1823,Sean Li,A5044978302,alias,I31746571
1498,Wai-Hong Tham,A5038326007,alias,I196021976
435,Wenjie Zhang,A5100385498,alias,I31746571
1139,Dewei Chu,A5087368019,alias,I31746571
693,Jun Li,A5101426038,alias,I205640436
1896,Chris Manzie,A5020178903,alias,I165779595
2182,Chengrong Chen,A5009088303,exact,I11701301
398,Darren Croton,A5076417031,alias,I57093077
471,Michael Livingston,A5075351092,alias,I205640436
2215,Thomas Reuter,A5102923163,alias,I165779595
1171,Anoma Pieris,A5031882824,alias,I165779595
843,Elizabeth Stephens,A5009047903,alias,I165143802
2202,S. O. Reza Moheimani,A5061619957,exact,I78757542
2032,Colin Smith,A5083596867,alias,I196829312
842,Christian Rinke,A5049254580,alias,I165143802
915,Emma Kowal,A5053916573,exact,I149704539
55,Mark Alfano,A5002852096,exact,I99043593
1043,Guillaume Tcherkez,A5011667102,exact,I118347636
360,Greta Hawes,A5085068751,alias,I99043593
47,Michelle Wille,A5022062973,exact,I165779595
2107,Thomas Huber,A5076677952,alias,I118347636
562,Thomas Ve,A5056044080,exact,I11701301
800,Hao Liu,A5100458862,alias,I114017466
405,Leanne Wiseman,A5012754507,exact,I11701301
1200,Robert Sinnerbrink,A5016907982,exact,I99043593
1002,Olivier Alard,A5034349319,exact,I99043593
68,Ruifeng Yan,A5055140400,exact,I165143802
1004,Zenobia Jacobs,A5028899889,alias,I204824540
1379,Weihua Liu,A5058829648,exact,I1292875679
200,Nicolas Flament,A5038326726,exact,I204824540
316,Shuhua Peng,A5039579363,alias,I31746571
726,Hariz Halilovich,A5048541708,exact,I82951845
954,Wei Kong Pang,A5079731588,alias,I204824540
526,Peishen Zhao,A5041334443,alias,I56590836
605,Gholamreza Haffari,A5081525024,exact,I56590836
1624,Christina Twomey,A5006370688,exact,I56590836
1503,Catherine Mills,A5101505715,exact,I56590836
355,Antje Blumenthal,A5072007540,alias,I165143802
1112,Jacqui True,A5070243420,exact,I56590836
67,Miaoqiang Lyu,A5012029695,alias,I165143802
1912,Megan Cassidy-Welch,A5080544222,exact,I56590836
675,Antonio Di Ieva,A5035155009,alias,I99043593
2006,Jane Lydon,A5055215067,exact,I177877127
1662,Kathy Arthurson,A5024398025,exact,I169541294
831,Ying Zhang,A5044938518,alias,I114017466
1515,Michele Ford,A5057635394,alias,I129604602
2207,Zhenxiang Cheng,A5043673910,alias,I204824540
1075,Joanne Evans,A5047347308,alias,I56590836
849,Julia Kindt,A5110696782,alias,I129604602
465,Xiwang Zhang,A5038750020,exact,I165143802
87,Gang Li,A5070405949,alias,I165779595
1924,Yun Liu,A5100321991,exact,I118347636
1166,Heather Douglas,A5009036143,alias,I165143802
1669,Daniel Fitzpatrick,A5090185318,alias,I118347636
934,Mark Holmes,A5049310318,alias,I165779595
363,Han Lin,A5101799775,alias,I82951845
193,Chen Davidovich,A5020232884,alias,I56590836
965,Jonathan Marshall,A5101881645,alias,I114017466
838,Ian Hesketh,A5106627156,exact,I165143802
778,Alessandro Soncini,A5070148430,alias,I165779595
508,Jean-Philippe Tetienne,A5046023427,exact,I82951845
1672,Adam Hill,A5020542726,exact,I19514445
1601,Rui Zhang,A5101630401,alias,I165779595
1520,Richard Fuller,A5068960794,alias,I165143802
2000,Jian Li,A5100402534,exact,I56590836
278,Andrew Phillips,A5004174170,alias,I165143802
786,Yi Du,A5003649303,exact,I204824540
1786,Daniel Macdonald,A5068837674,alias,I118347636
2000,Jian Li,A5100402457,exact,I56590836
89,Xin Cao,A5100681901,alias,I31746571
569,Yuting Zhang,A5115597379,exact,I165779595
1667,Dusan Losic,A5109761817,exact,I5681781
1924,Yun Liu,A5115597225,alias,I118347636
1245,Shinichi Nakagawa,A5113271442,exact,I31746571
728,Jian Yang,A5032721803,exact,I165143802
899,Bernhard Müller,A5109799774,exact,I56590836
954,Wei Kong Pang,A5112570824,alias,I204824540
693,Jun Li,A5101586715,alias,I205640436
1932,Stephen Billett,A5101163402,alias,I11701301
87,Gang Li,A5100438647,alias,I165779595
782,Danyang Wang,A5101868014,exact,I31746571
327,Lei Ge,A5100648466,alias,I185523456
1322,Yongping Wei,A5024191118,exact,I165143802
135,Andrew King,A5078075457,exact,I165779595
