rid,eu_name,authorid,match_type,host_id,source
0,Timm Fiebig,A5079172960,exact,,name_unique
1,Andreas Bock,A5065250034,exact,,round3_semantic
2,Clemens Plaschka,A5006479386,exact,I195525897,round4_semtie
3,Arjen Jakobi,A5078577503,alias,I98358874,round2_inst
4,Ajasja Ljubetič,A5049578097,exact,,name_unique
5,Danny Doncheva Nedialkova,A5018771824,alias,,round3_semantic
6,Nataliya Petryk,A5003584122,exact,,name_unique
7,Dina Schneidman,A5020529918,alias,I197251160,round2_inst
8,Rina Rosenzweig,A5009901277,exact,,name_unique
9,Thomas Sharp,A5048527654,exact,,round4_semtie
10,Klara Hlouchova,A5087054502,exact,,name_unique
11,Fabian Erdel,A5085223649,exact,,name_unique
12,Javier Garcia-Nafria,A5008339304,exact,,name_unique
13,Olivier Duss,A5072324762,exact,,name_unique
14,Eva Kowalinski,A5049088846,exact,,round3_semantic
15,Christian Münch,A5012478165,exact,,round3_semantic
16,Petya Violinova Krasteva,A5013510837,alias,I1294671590,round2_inst
17,Karl Duderstadt,A5036678986,alias,I62916508,round2_inst
18,Julian Stingele,A5019471057,exact,,name_unique
19,Tristan Wagner,A5065545180,exact,I2738703131,round2_inst
20,Corentin Claeys Bouuaert,A5027811387,exact,,name_unique
21,Magnus Øverlie Arntzen,A5054809561,alias,I54108979,round2_inst
22,Dorothee Dormann,A5068527702,exact,,name_unique
23,Julien Philippe Duxin,A5027776611,fuzzy,I124055696,round2_inst
24,Gerbrand Van Der Heden Van Noort,A5033653145,exact,,name_unique
25,Ruben Fernandez Busnadiego,A5061030857,exact,I4210116730,round2_inst
26,Meytal Landau,A5024642832,exact,,name_unique
27,Tzviya Zeev-Ben-Mordehai,A5000022218,exact,,name_unique
28,T-Y Dora Tang,A5034957768,exact,,name_unique
29,Laura Baranello,A5039090640,exact,,name_unique
30,Elodie Laine,A5076453514,exact,I39804081,round3_semantic
31,Yaser Hashem,A5034288504,exact,,name_unique
32,Pavel Plevka,A5069121641,exact,,name_unique
33,Markus Weingarth,A5024449996,exact,I193662353,round2_inst
34,Martin Loose,A5015595521,exact,,name_unique
35,Martijn Luijsterburg,A5002710740,alias,I2800006345,round2_inst
36,Marvin Tanenbaum,A5050072827,alias,I1322597698,round2_inst
37,Philippe Nghe,A5072157461,exact,,name_unique
38,João Pedro Fernandes De Matos,A5012540233,fuzzy,I129774422,round2_inst
39,Chiara Ambrogio,A5018026415,exact,,name_unique
40,Bjørn Panyella Pedersen,A5057382760,exact,I204337017,round2_inst
41,Ralf Jungmann,A5052548866,exact,I8204097,round2_inst
42,Yogesh Kulathu,A5086041335,exact,,name_unique
43,Sebastian Glatt,A5012531471,exact,I126596746,round2_inst
44,Puck Knipscheer,A5081193364,exact,,name_unique
45,Marc Erhardt,A5084242666,exact,,name_unique
46,Doryen Bubeck,A5077066530,exact,,name_unique
47,Annarita Miccio,A5007373493,exact,,name_unique
48,Sergi Padilla-Parra,A5024498144,exact,I183935753,round2_inst
49,Orsolya Barabas,A5018719528,alias,I114457229,round2_inst
50,Robert Ernst,A5027385934,exact,I91712215,round2_inst
51,Geert Van Den Bogaart,A5028508369,exact,,name_unique
52,Stefan Ameres,A5051413908,alias,I129774422,round2_inst
53,Milos Filipovic,A5102846523,exact,,round3_semantic
54,Gaia Pigino,A5064602266,exact,,name_unique
55,Martin Jinek,A5000173541,exact,I202697423,round3_semantic
56,Alessandro Costa,A5082896494,exact,I2801081054,round2_inst
57,David Drew,A5056582003,exact,I161593684,round2_inst
58,Michael Hothorn,A5089590993,exact,I114457229,round2_inst
59,Chirlmin Joo,A5088856493,exact,I98358874,round3_semantic
60,Sophie Polo,A5048423328,alias,I1294671590,round2_inst
61,Claudine Simone Kraft,A5022608936,fuzzy,,round4_semtie
62,Gad Asher,A5012740914,exact,,name_unique
63,Hans Heugh Wandall,A5028540597,alias,I124055696,round2_inst
64,Cyril Boris Zipfel,A5055236444,fuzzy,I202697423,round2_inst
65,Katja Strässer,A5026002214,alias,I200763008,round2_inst
66,Markus Andreas Seeger,A5086591800,fuzzy,I202697423,round2_inst
67,Alwin Köhler,A5051857909,exact,,round3_semantic
68,Thomas Arnesen,A5032682346,exact,I4432739,round2_inst
69,Nicolas Reyes Garcia,A5084893116,exact,,name_unique
70,Friedrich Förster,A5073848521,exact,I193662353,round2_inst
71,Stephan Gruber,A5007805763,exact,I97565354,round4_semtie
72,Naoko Mizuno,A5062504169,exact,I149899117,round2_inst
73,Anja Groth,A5076432360,exact,I124055696,round2_inst
75,Lori Anne Passmore,A5026689567,fuzzy,,round3_semantic
76,Rouslan Efremov,A5032702918,alias,I2802017950,round2_inst
77,Rémi Fronzes,A5004359762,exact,,name_unique
78,David Komander,A5086480636,exact,,name_unique
79,Sylvia Erhardt,A5075333006,exact,,name_unique
80,Christian Helmut Haering,A5009196400,fuzzy,,round3_semantic
81,Maria Falkenberg Gustafsson,A5028737721,fuzzy,I881427289,round2_inst
82,Mariusz Nowacki,A5044820964,exact,,name_unique
83,Petr Cejka,A5056096904,exact,,round3_semantic
84,Helen Walden,A5055937619,exact,I7882870,round3_semantic
85,Gunter Jurgen Andreas Meister,A5058056443,fuzzy,I60668342,round2_inst
86,Dana Branzei,A5040416077,exact,I4210114103,round2_inst
87,Han Karel Remaut,A5026194678,alias,I2802017950,round2_inst
88,Juha Huiskonen,A5074800971,alias,I133731052,round2_inst
89,Irina Gutsche,A5039571597,exact,I1294671590,round3_semantic
90,Christian Siebold,A5037626610,exact,,name_unique
91,Richard Stefl,A5036569669,exact,,name_unique
92,Gaelle Legube,A5074543116,exact,,name_unique
93,John Briggs,A5043915892,exact,,round3_semantic
94,Nils Wiedemann,A5068752218,exact,,round3_semantic
95,Philipp Selenko,A5047530888,exact,I53964585,round2_inst
96,Mart Loog,A5090178938,exact,I56085075,round4_semtie
97,Birte Höcker,A5063262156,exact,,name_unique
98,Danny Huang,A5000951184,exact,,round3_semantic
99,Stefan Raunser,A5020492463,exact,I149899117,round2_inst
100,Niels Mailand,A5063679562,exact,,name_unique
101,Vincenzo Costanzo,A5056633333,exact,I189158943,round3_semantic
102,Fumiyo Ikeda,A5086021529,exact,,name_unique
103,Oliver Daumke,A5059679748,exact,,name_unique
104,Remco Sprangers,A5051714306,exact,,name_unique
105,Ayelet Erez,A5058704729,exact,I53964585,round2_inst
106,Massimo Lopes,A5019206750,exact,,name_unique
107,Robbie Joseph Loewith,A5011556912,alias,I114457229,round2_inst
108,Jernej Ule,A5081437536,exact,,name_unique
109,Pier Francesco Palamara,A5010391447,exact,,name_unique
110,Ana Rita Brochado,A5045252165,exact,,name_unique
111,David Burstein,A5101885296,exact,I16391192,round2_inst
112,Claudia Keller Valsecchi,A5065116679,exact,,name_unique
113,Leandro Quadrana,A5059026378,exact,,name_unique
114,Jungnam Cho,A5042055244,exact,,name_unique
115,Somenath Bakshi,A5014669169,exact,,name_unique
116,Francisco Martínez-Jiménez,A5085923029,exact,I4387155398,round2_inst
117,Ines Drinnenberg,A5038330559,alias,I1294671590,round2_inst
118,Miao-Ping Chien,A5076454824,exact,,name_unique
119,Simone Köhler,A5024168803,exact,I4210138560,round2_inst
120,Tineke Lenstra,A5033153166,alias,I2898336195,round2_inst
121,Pauline Jullien,A5023216693,fuzzy,,round3_semantic
122,Christa Bücker,A5074386763,exact,,name_unique
123,Aniek Janssen,A5006896191,exact,,name_unique
124,Aurele Piazza,A5052876695,exact,,name_unique
125,Davide Risso,A5088632823,exact,I138689650,round2_inst
126,Alejandro Burga,A5082494880,exact,,name_unique
127,Andrea Sottoriva,A5038260194,exact,,name_unique
128,Francesco Iorio,A5084431909,exact,I4210115812,round2_inst
129,Fabien Duveau,A5068255509,exact,,name_unique
130,Yonatan Stelzer,A5028804644,exact,,name_unique
131,Bernhard Renard,A5005996110,alias,,round3_semantic
132,Jeroen De Ridder,A5071483953,exact,I3018483916,round4_semtie
133,Benedetta Bolognesi,A5103158481,exact,I4210147769,round2_inst
134,Xiaoqi Feng,A5081176696,exact,I157556583,round2_inst
135,Lynn Vanhaecke,A5031907769,exact,I32597200,round2_inst
136,Danny Incarnato,A5055792143,exact,,name_unique
137,Minna Kaikkonen-Määttä,A5015361259,exact,,name_unique
138,Arnaud Krebs,A5020051043,alias,I4210138560,round2_inst
139,Simon Elsässer,A5069126441,alias,I28166907,round2_inst
140,Doug Speed,A5042359312,exact,I204337017,round2_inst
141,Rayan Chikhi,A5058310668,exact,,name_unique
142,Eivind Valen,A5067360861,exact,,name_unique
143,James Hackett,A5010730308,exact,,round4_semtie
144,Marzena Magda Bienko,A5008912701,alias,I4210115812,round2_inst
145,Annaliese Mason,A5017354853,alias,I135140700,round2_inst
146,Fran Supek,A5025364437,exact,I124055696,round2_inst
147,Nir Yosef,A5026299103,exact,,name_unique
148,Darío Jesús Lupiáñez García,A5009382919,alias,,round4_maxpapers
149,Cynthia Sharma,A5048266578,alias,,round3_semantic
150,Yifat Merbl,A5040056860,exact,,name_unique
151,Tuuli Lappalainen,A5064165945,exact,I86987016,round2_inst
152,Judith Zaugg,A5112447169,exact,,name_unique
153,Felix Meissner,A5073970595,exact,I2799391451,round2_inst
154,Itay Tirosh,A5005251958,exact,,name_unique
155,Jan Philipp Junker,A5079678964,exact,,name_unique
156,Tamar Geiger,A5025080569,exact,,name_unique
157,Tim Nicolai Siegel,A5011945733,alias,I8204097,round2_inst
158,Colm Nestor,A5084550031,alias,,round3_semantic
159,Schraga Schwartz,A5044700675,exact,,name_unique
160,Jop Kind,A5026129057,exact,,name_unique
161,Manuel Irimia Martinez,A5084138702,fuzzy,,round4_semtie
162,Andrey Shkoporov,A5005302718,alias,,round3_semantic
163,Joseph Marsh,A5113992010,exact,,name_unique
164,Germano Cecere,A5030935900,exact,,name_unique
165,Steven Herman Spoel,A5063016242,fuzzy,I98677209,round2_inst
166,Alfredo Castello Palomares,A5097923988,exact,,round3_semantic
167,Tomas Marques Bonet,A5076185839,exact,I170486558,round2_inst
168,Tuncay Baubec,A5026968059,exact,,name_unique
169,Paul Wilmes,A5076512847,exact,,name_unique
170,Elzo De Wit,A5081340727,exact,,name_unique
171,Igor Ulitsky,A5088681851,exact,,name_unique
172,Alvaro Rada-Iglesias,A5039903067,exact,,name_unique
173,Bernd Bodenmiller,A5010642463,exact,,name_unique
174,Paola Picotti,A5084914720,exact,I35440088,round3_semantic
175,Emmanuel Doram Levy,A5041977335,fuzzy,I53964585,round2_inst
176,Maude Audrey Guillier,A5082917219,fuzzy,I1294671590,round2_inst
177,Stefan Pfister,A5000804950,exact,,round3_semantic
179,Nicola Iovino,A5024510416,exact,,round4_semtie
180,Dominic Grün,A5087500670,exact,,name_unique
181,Oded Rechavi,A5042854410,exact,,name_unique
182,Athanasios Typas,A5046083835,exact,,name_unique
183,Fyodor Kondrashov,A5072121403,alias,I157556583,round2_inst
184,Benjamin Rowland,A5031209447,exact,,round4_maxpapers
185,Shaul Shalev Itzkovitz,A5042875880,alias,I53964585,round2_inst
186,Yardena Rachel Samuels,A5042139239,fuzzy,I53964585,round3_semantic
187,Theodore Alexandrov,A5023802736,exact,I4210138560,round3_semantic
188,Jan Korbel,A5033477011,exact,I4210138560,round2_inst
189,Maite Huarte Martinez,A5061460844,fuzzy,,round3_semantic
190,Romain Koszul,A5045736877,exact,I157536573,round2_inst
191,Michiel Vermeulen,A5073346894,exact,,name_unique
192,Stein Luc Aerts,A5002137087,fuzzy,I2802017950,round2_inst
193,Martin Beck,A5028999855,exact,I149899117,round2_inst
194,Marcelo Nollmann Martinez,A5038627775,fuzzy,,round4_semtie
195,Ido Amit,A5108005028,exact,I53964585,round3_semantic
196,Daniel Zilberman,A5089216744,exact,,name_unique
197,Jerome Dejardin,A5017662368,exact,I154526488,round2_inst
198,Anders Peter Brodersen,A5045230635,fuzzy,,round3_semantic
199,Eva Ran Hoffmann,A5058906995,alias,I124055696,round2_inst
200,Amos Tanay,A5083312685,exact,I53964585,round4_semtie
202,Marcus Thomas Pius Gilbert,A5039330186,exact,,name_unique
204,Nuria Lopez Bigas,A5057300983,exact,I4210122345,round3_semantic
205,Rotem Sorek,A5024718393,exact,I53964585,round4_semtie
206,Julius Brennecke,A5044585155,exact,,name_unique
207,Robert John Klose,A5073071237,alias,I40120149,round2_inst
208,Marc Bühler,A5080985969,exact,,name_unique
209,Ian Robert Henderson,A5036043656,alias,I241749,round3_semantic
210,Kevin Joan Verstrepen,A5080156795,alias,I2802017950,round2_inst
212,Haikun Liu,A5101629856,exact,,round4_semtie
213,Petr Svoboda,A5060049750,exact,I4210138103,round3_semantic
214,Chuna Ram Choudhary,A5016136160,alias,I124055696,round2_inst
215,Petra Hajkova,A5008085628,exact,I47508984,round2_inst
216,Alexander Stark,A5052020232,exact,I195525897,round2_inst
217,Joost Schymkowitz,A5031589452,exact,,name_unique
218,Marta Radman-Livaja,A5056530950,exact,,name_unique
219,Ron Milo,A5024451873,exact,I53964585,round4_semtie
220,Alejandro Ramon Toledo Arana,A5078884640,fuzzy,I134820265,round2_inst
221,Francesca Demichelis,A5070658179,exact,I193223587,round2_inst
222,Sarah Amalia Polonius-Teichmann,A5028596003,fuzzy,,round4_semtie
223,Felipe Cortés Ledesma,A5062090815,exact,,name_unique
224,Diether Lambrechts,A5078760536,exact,I2802017950,round2_inst
225,Haico Van Attikum,A5091679060,exact,,name_unique
226,Antonin Morillon,A5061414099,exact,I80043,round2_inst
227,Déborah Bourc'His,A5072227443,alias,I80043,round2_inst
228,Eran Segal,A5012450539,exact,I53964585,round2_inst
229,Jonathan Lawrence Marchini,A5051043751,fuzzy,I40120149,round4_semtie
230,Benjamin Lehner,A5108979206,exact,,name_unique
231,Haike Antelmann,A5020611058,exact,,name_unique
232,Rosemary Elizabeth Kiernan,A5002801126,fuzzy,I1294671590,round2_inst
233,Johan Elf,A5049367949,exact,I123387679,round2_inst
235,Michaël Philippe Weber,A5010500477,fuzzy,I1294671590,round3_semantic
236,Yitzhak Pilpel,A5005581639,exact,,name_unique
237,Idoia Quintana-Urzainqui,A5041401898,exact,,name_unique
238,Claudius Frank Kratochwil,A5035026759,alias,I133731052,round2_inst
239,Hanna Hõrak,A5076099596,exact,I56085075,round2_inst
240,Lucas Tilmann Jae,A5020434531,fuzzy,I8204097,round2_inst
241,Katharina Sonnen,A5020842333,alias,I1322597698,round2_inst
242,Edouard Hannezo,A5027982101,exact,I157556583,round3_semantic
243,Ori Avinoam,A5011704747,exact,,name_unique
244,Lisa Frankel,A5027567583,alias,I4210148920,round2_inst
245,Saskia Suijkerbuijk,A5078011098,alias,I193662353,round2_inst
246,Marie-Cécile Caillaud,A5017462808,exact,,name_unique
247,Barbara Pernaute,A5007552874,exact,,name_unique
248,Peter Walentek,A5017701359,exact,,name_unique
249,Kurt Schmoller,A5010307138,exact,,round4_maxpapers
250,Maya Bar,A5029142860,exact,,name_unique
251,Liedewij Laan,A5090556868,exact,,name_unique
252,Bruno Hudry,A5018280421,exact,I1294671590,round2_inst
253,Shotaro Otsuka,A5082422826,exact,,round3_semantic
254,Jakub Sedzinski,A5056470087,exact,,name_unique
255,Alba Diz-Muñoz,A5082228969,exact,,name_unique
256,Matyas Fendrych,A5069334889,exact,,name_unique
257,Jonathan Maelfait,A5080842218,exact,,name_unique
258,Elvan Boke,A5033091736,exact,,name_unique
259,Matthias Johannes Feige,A5079981447,alias,I62916508,round2_inst
260,Jean-Léon Maître,A5032567633,exact,I1294671590,round2_inst
261,Vincenzo Calvanese,A5038217290,exact,,round3_semantic
263,Romain Levayer,A5084785695,exact,,name_unique
265,Yaniv Elkouby,A5006316405,alias,I197251160,round2_inst
266,Ulrika Marklund,A5087519517,exact,I28166907,round3_semantic
267,Andrea Pauli,A5058477479,exact,I195525897,round2_inst
268,Pekka Katajisto,A5012423760,exact,,name_unique
269,Mounia Lagha,A5028537170,exact,I1294671590,round2_inst
270,Alena Zikova,A5017181527,alias,I4210164740,round2_inst
271,Ivan Bedzhov,A5078523411,exact,,name_unique
272,Bert De Rybel,A5011795455,exact,,name_unique
273,Anna Kostadinova Kicheva,A5082395135,fuzzy,I157556583,round2_inst
274,Yasin Dagdas,A5015661318,exact,,name_unique
275,Leo Kurian,A5035195412,exact,,name_unique
276,Miki Matsuda,A5112236475,exact,,round4_semtie
277,Raquel Aguiar Cardoso De Oliveira,A5030645496,alias,,round3_semantic
278,Sara Sigismund,A5069822222,exact,,name_unique
280,Nadine Vastenhouw,A5061865787,alias,I97565354,round2_inst
281,Yvon Bernard Marie Jaillais,A5032149883,fuzzy,I1294671590,round2_inst
282,Raffaella Di Micco,A5022968042,exact,,name_unique
283,Patrick Müller,A5077931913,exact,I189712700,round2_inst
284,Pleasantine Mill,A5048497534,exact,,name_unique
285,Alexander Aulehla,A5086496616,exact,,name_unique
286,Moritz Nowack,A5079001964,alias,I2802017950,round2_inst
287,Cesar Nombela,A5089356341,exact,,round3_semantic
288,Jérôme Gros,A5089103667,exact,I157536573,round2_inst
289,Maya Schuldiner,A5086426687,exact,I53964585,round2_inst
290,Ana Garcia Saez,A5041672678,alias,I180923762,round2_inst
291,Lukas Christian Kapitein,A5025164063,fuzzy,I193662353,round2_inst
292,Ritwick Sawarkar,A5033690391,exact,,name_unique
293,Julien Dumont,A5002172208,exact,I1294671590,round4_semtie
294,Ari Pekka Mähönen,A5076653362,exact,I133731052,round3_semantic
295,Sophie Janssens,A5062755318,exact,I2802017950,round2_inst
296,Ewa Paluch,A5020755611,alias,I241749,round2_inst
297,Pedro Nuno Chaves Simoes De Carvalho,A5077706232,fuzzy,I40120149,round2_inst
298,Kikue Tachibana,A5050361720,exact,,name_unique
299,Rut Carballido Lopez,A5077247937,exact,,name_unique
300,Pablo Navarro Gil,A5109812835,exact,,name_unique
301,Emmanuelle Maria Françoise Bayer,A5030122402,fuzzy,I1294671590,round2_inst
302,Stefan Kubicek,A5084485181,exact,,name_unique
303,Manuel Thery,A5023275493,exact,,name_unique
304,Kristian Franze,A5011821893,exact,,name_unique
305,Timo Betz,A5037452571,exact,,name_unique
306,Ana Martin-Villalba,A5003387515,exact,I17937529,round2_inst
307,Sara Wickström,A5092465433,exact,,name_unique
308,Aurelio Teleman,A5061899129,exact,,name_unique
309,Renata Basto,A5058396316,exact,I80043,round2_inst
310,Diego Pasini,A5056723765,exact,,name_unique
311,Michael Karl Sixt,A5015575955,fuzzy,I157556583,round2_inst
312,David Dolezel,A5019005016,exact,,name_unique
313,Simon Alberti,A5008277442,exact,,name_unique
314,Sara Cristiana Barbara Buonomo,A5010645043,fuzzy,I98677209,round2_inst
315,Annika Guse,A5023312680,exact,,name_unique
317,Monica Bettencourt Carvalho Dias,A5031515506,fuzzy,,round3_semantic
318,Brian Marc Stramer,A5027559739,alias,I183935753,round2_inst
319,Helder Jose Martins Maiato,A5016676719,alias,I182534213,round2_inst
320,David Sprinzak,A5071779550,exact,,name_unique
321,Mohamed Lamkanfi,A5014558436,exact,I32597200,round4_semtie
322,Sebastian Jessberger,A5089019914,exact,,name_unique
323,Daniel Joseph G Van Damme,A5076713300,fuzzy,I2802017950,round2_inst
324,Sascha Martens,A5029002091,exact,,name_unique
325,Rita Helene Groß-Hardt,A5074098149,fuzzy,I180437899,round2_inst
326,Magali Aude Emmanuelle Suzanne,A5104581616,fuzzy,I1294671590,round2_inst
327,Guillaume Thomas Charras,A5044372884,alias,I45129253,round2_inst
328,Iva Marija Tolic,A5085903358,alias,,round3_semantic
329,Maya Benyamina Schuldiner,A5086426687,fuzzy,I53964585,round2_inst
330,Thomas Greb,A5005431192,exact,,name_unique
331,Sophie Jarriault,A5048541321,exact,,name_unique
332,Jochen Christian Rink,A5057369360,alias,I149899117,round2_inst
333,Jan Huisken,A5005769811,exact,,name_unique
334,Igor Adameyko,A5076800395,exact,,name_unique
335,James Turner,A5103175311,exact,I2801081054,round2_inst
337,Eduardo Moreno Lampaya,A5045348873,exact,,name_unique
338,Niko Geldner,A5030307663,exact,,name_unique
339,Lars Jansen,A5103187196,exact,,round3_semantic
340,Cedric Blanpain,A5079923302,exact,I132053463,round2_inst
341,Olivier Thomas Hamant,A5014061110,fuzzy,,round3_semantic
342,Casper Cassander Hoogenraad,A5058356091,fuzzy,I193662353,round2_inst
343,Thorsten Hoppe,A5079367986,exact,,name_unique
344,Oscar Fernandez-Capetillo Ruiz,A5023478154,exact,,name_unique
345,Eli Arama,A5089413048,exact,,name_unique
346,Xavier Trepat Guixer,A5022108236,exact,,name_unique
347,Francesco Paneni,A5050799541,exact,,name_unique
348,Eleanor Raffan,A5027584095,exact,,name_unique
349,Andreas Moor,A5001912325,exact,,name_unique
350,Ataman Sendoel,A5049220083,exact,,name_unique
351,Ihsan Ekin Demir,A5088890575,exact,,name_unique
352,Arthur Liesz,A5005297652,exact,I8204097,round2_inst
353,Triin Laisk,A5042176597,exact,,name_unique
354,Arafath Najumudeen,A5062771849,alias,I133731052,round2_inst
355,Carolina Hagberg,A5006562733,alias,I28166907,round2_inst
356,Henning Fenselau,A5081838784,exact,,name_unique
357,Ana Banito,A5056033164,exact,,name_unique
358,Direna Alonso-Curbelo,A5010025130,exact,I4210122345,round4_semtie
359,Céline Vallot,A5051580508,exact,,name_unique
360,Benoit Chassaing,A5053821596,exact,I154526488,round3_semantic
361,Isabelle Dupin,A5010395693,exact,,name_unique
362,Jarno Drost,A5040392709,exact,,name_unique
363,George Birchenough,A5077604913,exact,,name_unique
364,Christoffer Clemmensen,A5090584338,exact,,name_unique
365,Liran Shlush,A5107782529,exact,,name_unique
366,Aurelie Ernst,A5001826506,exact,,name_unique
367,Johannes Meiser,A5089914132,exact,,name_unique
368,Donato Inverso,A5050922691,exact,,name_unique
369,Martin Heni,A5008882033,exact,I196349391,round2_inst
370,José Pedro Friedmann Angeli,A5065710911,exact,,round3_semantic
371,Martin De Borst,A5077283308,alias,I1334415907,round2_inst
372,Carmelo Quarta,A5051646344,exact,,name_unique
373,Pedro Sousa-Victor,A5075912749,exact,,round4_semtie
374,Christoph Stein-Thoeringer,A5009730934,alias,I8087733,round2_inst
375,Nicolas Gaudenzio,A5003492206,exact,I154526488,round2_inst
376,Rebekka Schneider-Kramann,A5064207642,exact,,name_unique
377,Hugo Snippert,A5032502079,alias,,round3_semantic
378,Anna Obenauf,A5078729702,alias,I195525897,round2_inst
379,Alexandre Puissant,A5038903944,exact,,name_unique
380,Nina Henriette Uhlenhaut,A5064933213,alias,I62916508,round2_inst
381,Zachary Philip Gerhart-Hines,A5073216233,fuzzy,I124055696,round2_inst
382,Shona Wood,A5039876698,alias,,round3_semantic
383,Maria Ermolaeva,A5020945421,exact,,round3_semantic
384,Sarah Doyle,A5067053382,exact,I205274468,round2_inst
385,Limor Landsman,A5054998121,exact,,name_unique
386,Elmar Wolf,A5081972858,exact,,round3_semantic
387,Carmine Settembre,A5056795266,exact,I71267560,round3_semantic
388,Ruth Scherz-Shouval,A5006544087,exact,I53964585,round4_semtie
389,Christiane Opitz,A5011907940,alias,I17937529,round2_inst
390,Luc Friboulet,A5025583232,exact,,name_unique
391,Ana Cvejic,A5036718218,exact,I124055696,round2_inst
392,Peter Kühnen,A5022408562,exact,,round3_semantic
393,Harry Sokol,A5083701333,exact,I39804081,round2_inst
394,Louis Vermeulen,A5043831964,exact,,round3_semantic
395,Amélie Bonnefond,A5025636710,exact,I154526488,round2_inst
396,Rafael Johannes Thomas Kramann,A5028674815,fuzzy,I4210120689,round2_inst
397,Timo Mueller,A5078186579,exact,,round4_maxpapers
398,Rui Miguel Dos Santos Benedito,A5058492800,fuzzy,I2809107791,round2_inst
399,Camilla Charlotte Scheele,A5086814581,fuzzy,I124055696,round2_inst
400,Omry Koren,A5018377158,exact,,name_unique
401,Milena Bellin,A5064346511,exact,,name_unique
402,Reinier Boon,A5016611690,alias,,round3_semantic
403,Aline Bozec,A5072082129,exact,I4210088053,round2_inst
404,Guillaume Canaud,A5103285860,exact,I204730241,round3_semantic
405,Jorge Alegre-Cebollada,A5005585216,exact,I2809107791,round4_semtie
406,Maria Carolina Florian,A5063055821,exact,,name_unique
407,Nicola Aceto,A5084595779,exact,,name_unique
408,Paul Thomas Pfluger,A5082822397,alias,,round3_semantic
409,Manuel Valiente,A5056747631,exact,I4210089594,round3_semantic
410,Benoit Vanhollebeke,A5102896616,exact,,name_unique
411,Jacob Fog Bentzon,A5107953301,exact,,name_unique
412,Claudia Lengerke,A5088208446,exact,I8087733,round2_inst
413,Myriam Aouadi,A5086872807,exact,,name_unique
414,Carmen Ruiz De Almodovar Egea,A5024531906,exact,,name_unique
415,Simon Holst Bekker-Jensen,A5063029794,alias,I124055696,round2_inst
416,Matias Simons,A5056076824,exact,,name_unique
418,Matthew Campbell,A5009631835,exact,I205274468,round4_semtie
419,Ruben Van Boxtel,A5019020568,exact,,round4_semtie
420,Kim De Keersmaecker,A5077602004,exact,,name_unique
421,Arkaitz Carracedo Perez,A5013849271,exact,,name_unique
422,Michelangelo Campanella,A5032006810,exact,,name_unique
423,Mirko Trajkovski,A5007570063,exact,,name_unique
424,Karina Yaniv,A5084645917,exact,,name_unique
425,Ganna Panasyuk,A5072057688,exact,,name_unique
426,Christian Frezza,A5013887971,exact,I4210153755,round2_inst
427,Roland Rad,A5082231210,exact,,name_unique
428,George Vassiliou,A5062844200,exact,,round3_semantic
429,Yuval Rinkevich,A5027977934,exact,,round4_semtie
430,Nadia Mercader Huber,A5051437739,exact,,name_unique
431,Ravid Straussman,A5025259421,exact,,name_unique
432,Pipsa Saharinen,A5052919345,exact,,name_unique
433,Claus Jorgensen,A5037846010,alias,I28407311,round2_inst
434,Michael Potente,A5054657535,exact,,name_unique
435,Bart Leo Loeys,A5042051309,fuzzy,I149213910,round4_semtie
436,Massimiliano Mazzone,A5005112202,exact,,name_unique
437,Lior Gepstein,A5027217970,exact,I174306211,round2_inst
438,Sarah-Maria Fendt,A5043975935,exact,,name_unique
439,Guido Bommer,A5003824473,alias,I95674353,round2_inst
440,Tom Luedde,A5000874547,exact,,name_unique
441,Danijela Matic,A5059505952,exact,,name_unique
442,Ana Dias Neto Domingos Jansen,A5085473640,fuzzy,,round4_semtie
443,Anna Sablina,A5037059775,exact,,name_unique
444,Nicolas Adrien Michaël Venteclef,A5019904780,fuzzy,I154526488,round2_inst
445,Marc Claret Carles,A5029410280,fuzzy,,round3_semantic
446,Asaf Hellman,A5001587804,exact,,name_unique
448,Paolo Giacobini,A5058705393,exact,I154526488,round2_inst
449,Annemiek Van Spriel,A5098864010,exact,,name_unique
450,Pawel Dominik Swietach,A5026204246,fuzzy,I40120149,round2_inst
451,Karmit Levy,A5108501441,exact,,name_unique
452,Ilaria Malanchi,A5060776127,exact,,name_unique
453,Florian Christoph Bassermann,A5059538708,fuzzy,,round3_semantic
455,Triantafyllos Chavakis,A5086672334,exact,,round4_semtie
456,John Andrew Pospisilik,A5039760583,alias,I149899117,round2_inst
457,Julien Jean-Louis Marie Vermot,A5016295444,fuzzy,I47508984,round2_inst
458,Mathias Florian Heikenwälder,A5022155277,fuzzy,I17937529,round2_inst
459,Andrea Alimonti,A5083212112,exact,,name_unique
460,Janine Terra Erler,A5039753115,alias,I124055696,round2_inst
461,Eva Gonzalez Suarez,A5032787506,exact,,name_unique
462,Marcel Van Vugt,A5025446346,alias,I1334415907,round2_inst
463,Rami Aqeilan,A5022363393,exact,,name_unique
464,Jacobus Emiel Van Rheenen,A5018236400,exact,,name_unique
465,William Edward Louch,A5032822233,fuzzy,I184942183,round2_inst
466,Lars Zender,A5052075637,exact,I8087733,round3_semantic
468,Jason Scott Carroll,A5084427699,fuzzy,I241749,round2_inst
469,João Pedro Taborda Barata,A5110964932,exact,,name_unique
470,Pablo Menendez Buján,A5005910580,exact,,name_unique
471,Luis Filipe Ferreira Moita,A5054255908,fuzzy,,round4_semtie
472,Thomas Thum,A5020543934,exact,I34809795,round4_semtie
473,Taija Marianna Makinen,A5063288234,fuzzy,I123387679,round2_inst
474,Hugo Georges Roger Aguilaniu,A5033838889,fuzzy,I1294671590,round2_inst
475,Dieter Karl Maximilian Saur,A5090240499,fuzzy,,round3_semantic
477,Massimo Santoro,A5048243012,exact,I138689650,round4_semtie
478,Paola Romagnani,A5046254027,exact,,name_unique
479,Susana Gonzalez,A5041586028,exact,I2809107791,round2_inst
480,Eleanor Elizabeth Patton,A5046316908,fuzzy,,round4_maxpapers
481,Jan Cools,A5060184481,exact,I2802017950,round2_inst
482,Peter Friedl,A5026527299,exact,I145872427,round2_inst
483,Tobias Georg Bruno Maria Huber,A5076632645,fuzzy,I4210108711,round2_inst
484,Paolo Salomoni,A5051777812,exact,,round4_semtie
485,David Bryder,A5041041189,exact,,name_unique
486,Roberto Coppari,A5002983120,exact,,name_unique
488,Eva Van Rooij,A5061534140,exact,I1322597698,round2_inst
489,Eran Hornstein,A5041137218,exact,,name_unique
490,Christoph Handschin,A5021236744,exact,,name_unique
491,Edgar Rodrigues Almeida Gomes,A5035043270,fuzzy,I141596103,round2_inst
492,Mario Pende,A5050474078,exact,I154526488,round2_inst
493,Robert Charles Swanton,A5001611021,exact,,name_unique
494,Noam Zelcer,A5047655780,exact,,name_unique
495,Petr Znamenskiy,A5051460988,exact,,name_unique
496,Rejane Rua,A5036874598,exact,,name_unique
497,Jonas-Frederic Sauer,A5033428356,exact,,name_unique
498,Sarah Moyon,A5044847658,exact,,name_unique
499,Natalia Goriounova,A5073618426,alias,,round3_semantic
500,Maite Solas Zubiaurre,A5040203598,exact,,name_unique
501,Armin Lak,A5032963618,exact,,name_unique
502,Flavio Donato,A5071843618,exact,,name_unique
503,Peter Kok,A5016715765,exact,I45129253,round2_inst
504,Soyon Hong,A5003649183,exact,,name_unique
505,Jaime De Juan-Sanz,A5031255857,exact,,name_unique
506,Isabel Beets,A5070285020,exact,,name_unique
507,Juan Álvaro Gallego,A5026536305,alias,,round3_semantic
508,Zhenyu Gao,A5014398858,exact,I2801952686,round2_inst
509,Sabine Krabbe,A5079856012,exact,,name_unique
510,Alex Cayco Gajic,A5017881714,exact,,name_unique
511,Meital Oren-Suissa,A5025592013,exact,,name_unique
512,Julijana Gjorgjieva,A5055788094,exact,,name_unique
513,Urte Neniskyte,A5075562148,exact,,name_unique
514,Amaia Arranz,A5110970846,exact,,name_unique
515,Claudia Clopath,A5039497694,exact,I47508984,round2_inst
516,Robert Fledrich,A5036637334,exact,,name_unique
517,Yarden Cohen,A5052765012,exact,I53964585,round2_inst
518,Simon Jacob,A5073218492,exact,,round3_semantic
519,Cécile Charrier,A5080554000,exact,,name_unique
520,Fabian Sinz,A5036361185,alias,I74656192,round2_inst
521,Alessandro Gozzi,A5072821940,exact,I30771326,round2_inst
522,Susanne Wegmann,A5008475864,exact,,round3_semantic
523,Sylvain Rheims,A5018669927,exact,,name_unique
524,Lisa Fenk,A5078337747,alias,,round4_semtie
525,Susanne Hoffmann,A5014994181,exact,,round3_semantic
526,Tomohisa Toda,A5103264007,exact,,name_unique
527,Nicolas Renier,A5034783300,exact,,name_unique
528,Inbal Goshen,A5076973058,exact,,name_unique
529,Ayal Ben-Zvi,A5066671374,exact,I197251160,round4_semtie
530,Jakob Macke,A5080225154,alias,I8087733,round2_inst
531,Adam Ranson,A5084558179,exact,,name_unique
532,M Eugenia Chiappe,A5082196676,exact,,name_unique
533,Moshe Parnas,A5055023434,exact,,name_unique
534,Maximilian Albert Jösch,A5110943159,fuzzy,I157556583,round2_inst
535,Hiroshi Ito,A5058646333,exact,,round4_semtie
536,Asya Rolls,A5089760063,exact,,name_unique
537,Miriam Melis,A5045189209,exact,I172446870,round3_semantic
538,Kiavash Movahedi,A5039227652,exact,,name_unique
539,Julien Bouvier,A5010173240,exact,I1294671590,round3_semantic
540,David Owald,A5044882991,exact,,name_unique
542,Marion Silies,A5027898696,exact,,name_unique
543,Olivier Marre,A5048550613,exact,,name_unique
544,Boyan Bonev,A5010244124,exact,,round3_semantic
545,Stanley Heinze,A5034484345,exact,,name_unique
546,Silvia Cappello,A5056811679,exact,I8204097,round2_inst
547,Benjamin Judkewitz,A5070498168,exact,,name_unique
548,Tarja Malm,A5000776705,exact,I175532246,round3_semantic
549,Frederic Gambino,A5021903452,exact,I1294671590,round3_semantic
550,Pawel Burkhardt,A5072644672,exact,,name_unique
551,Alexander Matthias Walter,A5018228978,alias,I124055696,round2_inst
552,Gaia Novarino,A5049497512,exact,I157556583,round3_semantic
553,Juliette Godin,A5074345717,alias,I154526488,round2_inst
554,Sonja Vernes,A5085492585,alias,I16835326,round2_inst
555,Yaniv Ziv,A5010287804,exact,,name_unique
556,Luca Bonini,A5040229416,exact,I124601658,round2_inst
557,Claire Wyart,A5030843888,exact,I154526488,round3_semantic
558,María Llorens-Martín,A5068800327,exact,I134820265,round2_inst
559,Ilaria Testa,A5077962429,exact,I86987016,round3_semantic
560,Nuria Flames Bonilla,A5038014066,exact,,name_unique
561,Michela Deleidi,A5056933907,exact,,name_unique
562,Federico De Martino,A5090734850,exact,,name_unique
563,Ana Joao Gomes Rodrigues,A5020683956,fuzzy,I99682543,round3_semantic
564,Susanne Schreiber,A5067638731,exact,,round3_semantic
565,Georg Keller,A5072596383,exact,,name_unique
566,Tiago Ramos Alegre Branco,A5007641436,fuzzy,I45129253,round4_semtie
567,Gilles Huberfeld,A5077630349,exact,,name_unique
568,Nikolai Axmacher,A5069104068,exact,,name_unique
569,Megan Rose Carey,A5045839083,fuzzy,I113358080,round2_inst
570,Martin Fuhrmann,A5082020011,exact,,round3_semantic
571,Ashwin Woodhoo,A5001452023,exact,,name_unique
572,Pascale Bomont,A5108106520,exact,I154526488,round3_semantic
573,Stefan Jens Hallermann,A5007022136,alias,,round3_semantic
574,Camilla Bellone,A5002276509,exact,I114457229,round3_semantic
575,Nathalie Rochefort,A5037861106,alias,I98677209,round2_inst
576,Marta De Aragão Pacheco Moita,A5054158726,fuzzy,I113358080,round2_inst
577,Francesca Cacucci,A5028099121,exact,I45129253,round2_inst
578,Mehmet Fatih Yanik,A5032212627,exact,,name_unique
579,Marta Zlatic,A5059140736,exact,,name_unique
580,Caren Norden,A5008590002,exact,,name_unique
581,David Keays,A5062455516,alias,I8204097,round4_semtie
582,Ofer Yizhar,A5037720828,exact,,name_unique
583,Bryan Strange,A5024005442,alias,,round3_semantic
584,Tim Vogels,A5085417824,alias,I157556583,round2_inst
585,Jan Siemens,A5012227593,exact,I2802164966,round2_inst
586,Rochelle Ackerley,A5070517669,exact,,name_unique
588,Erik Jan Marthe Storkebaum,A5078562469,fuzzy,I145872427,round2_inst
589,Judit Makara,A5041538544,alias,I4210106880,round2_inst
590,Brice Jean Philippe Bathellier,A5010693521,fuzzy,I1294671590,round2_inst
591,Karin Shmueli,A5006887531,exact,,name_unique
592,Joseph Paton,A5048492872,exact,,name_unique
593,Tatiana Korotkova,A5080488472,exact,I4210153755,round2_inst
594,Ragnhildur Thora Karadottir,A5044032139,exact,,name_unique
595,Janos Szabadics,A5006038863,exact,,name_unique
596,Michael Brian Orger,A5066413155,fuzzy,I113358080,round2_inst
597,Amir Amedi,A5034713252,exact,I138898306,round4_semtie
598,Jennifer Kim Bizley,A5041450957,alias,I45129253,round2_inst
599,Susana Lima,A5003616800,exact,I113358080,round2_inst
600,Tim Gollisch,A5086835913,exact,,name_unique
601,Smita Saxena,A5063666811,exact,I118564535,round2_inst
602,Matthew Stuart Grubb,A5047455423,fuzzy,I183935753,round2_inst
603,Laura Cancedda,A5007734615,exact,,name_unique
604,Rony Paz,A5063807588,exact,I53964585,round2_inst
605,Simon Hippenmeyer,A5080499335,exact,I157556583,round4_semtie
606,Inna Slutsky,A5000009798,exact,,name_unique
607,Adam Denes,A5038618629,exact,I4210106880,round2_inst
608,Karim Robert Marc Benchenane,A5051955676,fuzzy,I1294671590,round2_inst
609,Antoine Roger Adamantidis,A5027508273,alias,I118564535,round2_inst
610,German Sumbre,A5023405833,exact,,name_unique
611,Stefan Remy,A5061562477,exact,,name_unique
612,Fekrije Selimi,A5060353766,exact,,name_unique
613,James Francis Alexander Poulet,A5079409586,fuzzy,I205582932,round2_inst
614,Edor Kabashi,A5091192587,exact,,name_unique
615,Tara Spires-Jones,A5088747780,alias,I98677209,round2_inst
616,Nathalie Rouach,A5033299269,exact,,round4_semtie
618,Petra Ritter,A5067145255,exact,,round4_semtie
619,Thomas Nevian,A5077686493,exact,,name_unique
620,Stephanie Baulac,A5070118171,exact,,name_unique
621,Grégoire Richard Courtine,A5018530098,fuzzy,I5124864,round2_inst
622,Nachum Ulanovsky,A5086304017,exact,I53964585,round4_semtie
623,Jaime De La Rocha Vazquez,A5074656893,fuzzy,,round4_semtie
624,Ileana Livia Opatz,A5071604538,fuzzy,I4210108711,round4_semtie
625,Penelope Anne Lewis,A5115601534,fuzzy,I79510175,round2_inst
626,Jozsef Balázs Rózsa,A5000761021,alias,I4210106880,round2_inst
627,Sebastian Kadener,A5038140921,exact,,name_unique
628,Jean Livet,A5014215458,exact,,name_unique
629,Adrian Michael Isaacs,A5068723908,fuzzy,I45129253,round2_inst
630,Joerg Albert,A5045308729,alias,I45129253,round2_inst
631,André Fischer,A5040773420,exact,,round3_semantic
632,Christoph Kayser,A5010335917,exact,,round3_semantic
633,Nathalie Anne Spassky,A5043555955,fuzzy,I154526488,round2_inst
634,Andrew John Robert Plested,A5081877224,fuzzy,,round3_semantic
635,Aldo Genovesio,A5005245127,exact,I861853513,round2_inst
636,Mikael Jakob Simons,A5079565983,fuzzy,I62916508,round2_inst
637,Teresa Giraldez Fernandez,A5058793525,exact,,name_unique
638,Rosa Cossart,A5030120520,exact,I154526488,round2_inst
639,Gregory Jefferis,A5102175501,exact,,name_unique
640,Patrik Verstreken,A5040983698,exact,I2802017950,round2_inst
641,Katharina Von Kriegstein,A5055728698,exact,,name_unique
642,Guillermina Eloisa Lopez Bendito,A5035765686,fuzzy,I134820265,round2_inst
643,Joshua Avi Goldberg,A5090513279,fuzzy,I197251160,round2_inst
644,Giovanna Rachele Mallucci,A5067030643,fuzzy,I241749,round2_inst
645,Julie Perroy,A5033599123,exact,,name_unique
646,Oren Schuldiner,A5016916532,exact,,name_unique
647,Jean-Marc Goaillard,A5009276385,exact,,name_unique
648,Thomas Misgeld,A5068651418,exact,,name_unique
649,Dieter Johannes Edbauer,A5014535603,fuzzy,,round3_semantic
650,Richard Roland Benton,A5078310984,fuzzy,I97565354,round4_semtie
651,Olivier David,A5009848505,exact,I154526488,round2_inst
652,Nikolaus Weiskopf,A5024555751,exact,,name_unique
653,Colin Jon Akerman,A5032933053,fuzzy,I40120149,round3_semantic
654,Davide Franco Zoccolan,A5023025526,alias,I138549579,round2_inst
655,Rui Manuel Marques Fernandes Da Costa,A5060965799,fuzzy,I113358080,round4_semtie
656,Adi Mizrahi,A5088833540,exact,,name_unique
657,David Robbe,A5071743235,exact,,name_unique
658,Silvio Olivier Rizzoli,A5061167925,fuzzy,I4210116730,round2_inst
659,Thomas Mrsic-Flogel,A5057225739,alias,I45129253,round2_inst
660,Sonia Noémie Garel,A5053318683,fuzzy,I154526488,round2_inst
661,Daniel Andreas Huber,A5102637444,exact,,name_unique
662,Jan Böttcher,A5104753711,exact,,round4_maxpapers
663,Paul Bourgine,A5006777098,exact,I187531555,round2_inst
664,Barbara Susanne Sixt,A5016800306,alias,,round3_semantic
665,Alexander Clarke,A5103779523,exact,,round4_maxpapers
666,Robert De Vries,A5059294229,exact,,round4_semtie
667,Jenny Mjösberg,A5080628718,exact,,name_unique
668,Christoph Schneider,A5076104710,exact,I202697423,round3_semantic
669,Daniela Latorre,A5075565802,exact,,name_unique
670,Noam Stern-Ginossar,A5110853855,exact,I53964585,round3_semantic
671,Matthieu Mahevas,A5031127153,exact,,round4_semtie
672,Dor Salomon,A5010059848,exact,,name_unique
673,Christina Zielinski,A5083436454,alias,I4210162077,round2_inst
674,Géraldine Laloux,A5007876625,exact,,name_unique
675,Ondrej Stepanek,A5046576229,exact,I4210138103,round2_inst
676,Nicola Gagliani,A5037272617,exact,,name_unique
677,Florian Schmidt,A5020537034,exact,,round4_semtie
678,Leïla Perié,A5055849177,exact,,round3_semantic
679,Joan Yuan,A5077900379,exact,I187531555,round2_inst
680,Thomas Marichal,A5076651905,exact,I157674565,round3_semantic
681,Troels Scheel,A5000059912,alias,I124055696,round2_inst
682,Maria Tsoumakidou,A5078676208,exact,,name_unique
683,Liliana Mancio Silva,A5028637796,exact,,name_unique
684,Benedikt Kaufer,A5081629994,alias,I75951250,round2_inst
685,Julie Helft,A5026436234,exact,,name_unique
686,Caroline Goujon,A5050404728,exact,,name_unique
687,Neta Regev-Rudzki,A5087526855,exact,I53964585,round3_semantic
688,Francis Impens,A5040383692,exact,,name_unique
689,Nadine Laguette,A5004396985,exact,,name_unique
690,Lars Dölken,A5069299747,exact,I34809795,round2_inst
691,Rayk Behrendt,A5030267616,exact,,name_unique
692,Laurent Reber,A5037869759,alias,I154526488,round2_inst
693,María Mittelbrunn,A5113236425,exact,,name_unique
694,Sine Reker Hadrup,A5033440492,exact,,name_unique
695,Guoliang Cui,A5037980406,exact,I17937529,round2_inst
696,Moritz Treeck,A5003714113,exact,,name_unique
697,Suzan Rooijakkers,A5033008855,alias,I3018483916,round2_inst
698,Christoph Scheiermann,A5021389980,exact,,name_unique
699,Stan Johan Jozef Brouns,A5051219873,alias,I98358874,round2_inst
700,Gerhard Krönke,A5064839208,exact,,name_unique
701,Maria João Lopes Gonçalves De Brito Amorim,A5067340936,alias,I2802805223,round2_inst
702,Ziv Shulman Ben-Avraham,A5034305916,fuzzy,,round4_maxpapers
703,Amy Buck,A5063045952,exact,,round4_maxpapers
704,Marek Basler,A5035190614,exact,,name_unique
705,Noam Stern-Ginossar,A5110853855,exact,I53964585,round3_semantic
706,Georgios Chamilos,A5022276450,exact,,name_unique
707,Pamela Schnupf,A5046120213,exact,,name_unique
708,Doron Merkler,A5074794983,exact,I114457229,round3_semantic
709,Samuel Huber,A5091016746,exact,I4210108711,round2_inst
710,Emma Wetter Slack,A5064708056,alias,I35440088,round2_inst
711,Carlos Filipe Ribeiro Lemos Pereira,A5011181093,fuzzy,I187531555,round3_semantic
712,Eran Elinav,A5082822020,exact,I53964585,round2_inst
713,Anat Herskovits,A5052845459,alias,I16391192,round2_inst
715,Melanie Greter,A5025846021,exact,,name_unique
716,Monika Wolkers,A5034302202,exact,,name_unique
717,Andreas Pichlmair,A5065431449,exact,,name_unique
718,Wolfgang Kastenmüller,A5037220835,exact,,round4_semtie
719,Mariana Luisa Tomas Gomes De Pinho,A5059434323,fuzzy,,round3_semantic
720,David Finlay,A5043959948,exact,,round4_semtie
721,Maximiliano Gabriel Gutierrez,A5068817299,alias,I2801081054,round2_inst
722,Serge Mostowy,A5000285007,exact,I4210089966,round3_semantic
723,Luisa Figueiredo,A5102351496,exact,,round4_semtie
724,Petr Broz,A5034864461,exact,I97565354,round2_inst
725,Jan-Willem Veening,A5021934828,exact,I97565354,round3_semantic
726,Victoria Cowling,A5052631798,alias,I4210143228,round2_inst
727,Dietmar Zehn,A5016497210,exact,I62916508,round4_semtie
728,Luis Manuel Valla Teixeira,A5035784421,fuzzy,,round4_semtie
729,Melanie Blokesch,A5036874273,exact,,name_unique
730,Susanne Christiane Haeussler,A5035082532,fuzzy,I4210124929,round2_inst
731,Matteo Iannacone,A5084119660,exact,,name_unique
732,Lars Dölken,A5069299747,exact,I4210126310,round2_inst
733,Martin Wim V Guilliams,A5002734104,fuzzy,I2802017950,round2_inst
734,David Sancho Madrid,A5003772177,exact,,name_unique
735,Catherine Jill Merrick,A5021262946,alias,I241749,round2_inst
736,Jakub Abramson,A5065413991,exact,,name_unique
737,Stefania Spano,A5056203171,exact,I195460627,round2_inst
738,Matthias Marti,A5004504354,exact,I7882870,round3_semantic
739,Jost Heiko Enninga,A5027674094,fuzzy,I157536573,round2_inst
740,Marc Schmidt-Supprian,A5089219567,exact,,round3_semantic
741,Marc Lecuit,A5066356842,exact,I157536573,round2_inst
742,Mario Schelhaas,A5017092501,exact,,name_unique
743,Sophie Elizabeth J. Lucas,A5058712436,fuzzy,I95674353,round2_inst
744,Adrian Liston,A5082974246,exact,I1302113299,round2_inst
745,Pavel Tolar,A5083722680,exact,,name_unique
746,Bruno Miguel De Carvalho E Silva Santos,A5030043762,fuzzy,I141596103,round3_semantic
747,Andrew Edwin Firth,A5007404143,alias,I241749,round2_inst
748,Thomas Gunther Thorsten Korn,A5067928852,fuzzy,,round3_semantic
749,Veit Helmut Hornung,A5016667606,fuzzy,I8204097,round2_inst
750,Jose Henrique Veiga Fernandes,A5083079209,fuzzy,I113358080,round2_inst
751,Satu Maarit Mustjoki,A5008868111,fuzzy,I133731052,round2_inst
752,Mark Wilson,A5101753764,exact,,round4_semtie
753,Sophie Ugolini,A5071765199,exact,,name_unique
754,Simon Fillatreau,A5033611453,exact,,name_unique
755,Markus Feuerer,A5056093622,exact,,name_unique
756,Sebastien Jean Pfeffer,A5043206101,fuzzy,I1294671590,round2_inst
757,Fotini Nina Papavasiliou,A5086882857,alias,I17937529,round2_inst
758,Marc Bajénoff,A5031460147,exact,,name_unique
759,Jason Paul Mercer,A5042993609,fuzzy,I79619799,round2_inst
760,Pablo Pelegrin Vivancos,A5060565561,exact,,round4_maxpapers
761,Maria Rescigno,A5085944050,exact,I1339471597,round2_inst
762,Mohamed-Ali Hakimi,A5039009013,exact,I1294671590,round2_inst
763,Karina Elizabeth De Visser,A5012101402,fuzzy,,round4_maxpapers
764,Eicke Latz,A5009349672,exact,,name_unique
765,Ron Dzikowski,A5023420108,exact,I197251160,round3_semantic
766,Eran Elinav,A5082822020,exact,I53964585,round2_inst
767,Robin Charles May,A5058738414,alias,I79619799,round2_inst
768,Federico Mingozzi,A5049298836,exact,,round4_semtie
769,Pierre Bruhns,A5029545795,exact,,name_unique
771,Benedicte Francoise Py,A5021951210,fuzzy,I154526488,round2_inst
772,Ronald Van Rij,A5011840137,exact,,name_unique
773,Roger Molto Pallares,A5035055430,alias,I4210120689,round2_inst
774,Madhuri Salker,A5048649402,alias,I8087733,round2_inst
775,Sophia Stoecklein,A5027583465,exact,I8204097,round2_inst
776,Claudia Langenberg,A5055584673,exact,,name_unique
777,Katja Van Den Hurk,A5049510588,exact,I3020210244,round3_semantic
778,Mads Sylvest Bergholt,A5005663670,alias,I183935753,round2_inst
779,Anna Chaimani,A5090381428,exact,,name_unique
780,Ine Lentacker,A5010359444,exact,,name_unique
781,Roy Van Der Meel,A5061977961,exact,,name_unique
782,Rebecca Richmond,A5058878388,exact,,name_unique
783,Thomas Dorlo,A5054194543,alias,I123387679,round2_inst
784,Philipp Vollmuth,A5038487968,alias,I2799391451,round2_inst
785,Bulat Ibragimov,A5070871008,exact,I124055696,round2_inst
786,Gustaf Edgren,A5075852201,exact,,name_unique
787,Marc Vaudel,A5037607788,exact,,name_unique
788,Oriol Mitjà Villar,A5052091850,exact,,name_unique
789,Betty Tijms,A5030923361,alias,,round3_semantic
790,Johannes Espolin Roksund Hov,A5087109628,alias,I184942183,round2_inst
791,Georg Winter,A5091749891,exact,,round3_semantic
792,Hrvoje Bogunovic,A5089575197,exact,,round4_semtie
793,Alessio Cantore,A5060154023,exact,,name_unique
794,Maxime Gauberti,A5023396427,exact,,name_unique
795,James Thackeray,A5105434394,exact,,name_unique
796,Michael Sommerauer,A5080852796,exact,,round3_semantic
797,Daniela Cesana,A5048554096,exact,,name_unique
798,Michael White,A5056258333,exact,I157536573,round4_semtie
799,Christian Langkammer,A5034265922,exact,,name_unique
800,Ben Jeurissen,A5052945963,exact,I149213910,round2_inst
801,Alexandre Loupy,A5061736643,exact,,name_unique
802,Paulina Salminen,A5041745937,exact,,name_unique
803,Ines Thiele,A5074725115,exact,,name_unique
804,Thomas Grünewald,A5112634135,exact,I17937529,round2_inst
805,Sebastian Kobold,A5050281853,exact,I8204097,round2_inst
806,Daniel Bexell,A5017470355,exact,,name_unique
807,Roosmarijn Vandenbroucke,A5043807997,alias,I2802017950,round2_inst
808,Hendrik Poeck,A5042748665,exact,,name_unique
809,Jakob Stokholm,A5031414961,exact,,name_unique
810,Pauliina Damdimopoulou,A5053652994,exact,,name_unique
811,Anna Vähärautio,A5076351886,exact,,name_unique
812,Ewout Hoorn,A5027968873,alias,I2801952686,round2_inst
813,Pieter Vader,A5079355181,exact,,name_unique
814,Bettina Husebo,A5039904067,alias,I4432739,round2_inst
815,Martin Bech,A5043426343,exact,I187531555,round2_inst
816,Adam Williamson,A5012563992,exact,I4210136987,round2_inst
817,Wessel Ganzevoort,A5108960778,exact,,round3_semantic
818,Claudia Denkinger,A5022367224,alias,I2802164966,round2_inst
819,Wolfgang Bogner,A5023652216,exact,,name_unique
820,Rony Dahan,A5004644725,exact,,name_unique
821,Lars Maegdefessel,A5033406476,exact,,name_unique
822,Valentina Bollati,A5007836073,exact,I189158943,round2_inst
823,Renato Ostuni,A5058763661,exact,,name_unique
824,Siawoosh Mohammadi,A5086856273,exact,,name_unique
825,Daniel Ciampi De Andrade,A5076132891,exact,,name_unique
826,Olivia Merkel,A5025193205,alias,I8204097,round2_inst
827,Ritse Mann,A5071961858,exact,,name_unique
828,Eleni Tomazou,A5094657265,exact,,name_unique
829,Avi Schroeder,A5004510357,exact,,name_unique
830,Thomas Bocklitz,A5034502482,exact,,name_unique
831,Florian Buettner,A5021809355,exact,,name_unique
832,Karim Lekadir,A5078391768,exact,,name_unique
833,Fernando Calvo,A5047820703,exact,I134820265,round2_inst
834,Dario Greco,A5028682033,exact,,round3_semantic
835,Martin O'Halloran,A5047214527,alias,I188760350,round2_inst
836,Rachela Popovtzer,A5039004884,exact,I13955877,round4_semtie
837,Tim Dyrby,A5102857785,alias,,round4_semtie
838,Peter Vandermeer,A5033193458,exact,,name_unique
839,Sigurdur Yngvi Kristinsson,A5001522697,alias,I165368041,round2_inst
840,Adi Barzel,A5036675061,exact,,name_unique
841,Katleen De Preter,A5034282785,exact,I2802017950,round2_inst
842,Andrea Ditadi,A5015115031,exact,,name_unique
843,Jan Kirschke,A5104621993,exact,,name_unique
844,An Hendrix,A5075264102,exact,I32597200,round2_inst
845,Elena Levtchenko,A5028156101,exact,,name_unique
846,Maria Rosa Faner Canet,A5078693994,exact,,name_unique
847,Daniel Aili,A5033045367,exact,,round4_maxpapers
848,Waldo Nogueira Vazquez,A5077493283,fuzzy,,round4_maxpapers
849,Alexander Pietras,A5043770726,exact,,name_unique
850,Séverine Sabia,A5070026765,exact,,name_unique
851,Daniël Pijnappels,A5041678517,alias,I2800006345,round2_inst
852,Tal Dvir,A5031531654,exact,,name_unique
853,Peter Boor,A5049305761,exact,I4210120689,round2_inst
855,Jingyuan Fu,A5006921045,exact,I1334415907,round2_inst
856,Samir El Andaloussi,A5059897226,exact,,name_unique
857,Christoph Bock,A5059183480,exact,I4210127611,round4_maxpapers
858,Christine Marie J. Desmedt,A5049771372,fuzzy,I99464096,round2_inst
859,Vered Karavani,A5049437339,fuzzy,I16391192,round4_semtie
860,Lars Forsberg,A5025173593,exact,I123387679,round2_inst
861,Matthijs Brouwer,A5068023068,exact,,round4_maxpapers
862,Andre Marquand,A5100220857,exact,,name_unique
863,Lena Maier-Hein,A5023493127,exact,I17937529,round4_semtie
864,Katharine Grieve,A5025962094,exact,,name_unique
865,Timo Johannes Laaksonen,A5004833492,alias,I133731052,round2_inst
866,Jason Holland,A5000137071,exact,,name_unique
867,Koen Raemdonck,A5001219220,exact,,name_unique
868,Iñaki Comas Espadas,A5072542589,alias,I134820265,round2_inst
869,Mathilde Touvier,A5106788643,exact,I154526488,round4_semtie
870,Ruben Christiaan Hartkoorn,A5048322980,alias,I154526488,round2_inst
871,Camilla Svensson,A5040539443,exact,,name_unique
872,Aron Philip Kater,A5085320086,fuzzy,,round3_semantic
873,Ioannis Sechopoulos,A5079270012,exact,,name_unique
874,Ali Ertürk,A5050828185,exact,,round4_semtie
875,Hugo Aerts,A5001452511,alias,I34352273,round2_inst
876,Carsten Marr,A5046721596,exact,,name_unique
877,Jean-Baptiste Pingault,A5013110004,exact,I45129253,round4_semtie
878,Twan Lammers,A5079522186,exact,,name_unique
879,Jenny Myers,A5064959070,exact,I28407311,round2_inst
880,Johanna Petra Olweus,A5028004266,fuzzy,I184942183,round2_inst
881,Steven Alexander Niederer,A5000435552,alias,I183935753,round2_inst
883,Anders Rosengren,A5068618537,exact,,round4_maxpapers
884,Hester Den Ruijter,A5082843252,alias,I3018483916,round2_inst
885,Niccolo Bolli,A5051626849,exact,I189158943,round2_inst
886,Marco Helmut Gerlinger,A5101707847,fuzzy,I166337079,round2_inst
887,Maja Jagodic,A5038894883,exact,,name_unique
888,Axel Rainer Schambach,A5054362291,fuzzy,I34809795,round2_inst
889,Bruno De Geest,A5083147395,exact,I32597200,round2_inst
890,Anna Christina Kajaste-Rudnitski,A5013633344,fuzzy,,round3_semantic
891,Borja Ibáñez Cabeza,A5018282925,exact,I2809107791,round2_inst
893,Yolanda Prezado Alonso,A5030253083,exact,,name_unique
894,Jens Gunnar Hakan Hjerling Leffler,A5077085914,fuzzy,I28166907,round2_inst
895,Rudolf Allert De Boer,A5031658795,alias,I2801952686,round2_inst
896,Lukas Jeker,A5025436960,exact,,name_unique
897,Ayelet Erez,A5058704729,exact,I53964585,round2_inst
898,Shulamit Levenberg,A5012769290,exact,,name_unique
899,Marta Alonso-Roldan,A5032014527,fuzzy,I88155538,round2_inst
900,Björn Erik Ake Nilsson,A5058419662,fuzzy,I187531555,round3_semantic
901,Richard Harding-Swale,A5103789832,exact,,name_unique
902,Davide Rossi,A5015790909,exact,,round4_semtie
903,Jan Herman Veldink,A5069816083,alias,I3018483916,round2_inst
904,Matthias Meier,A5053507788,exact,,round3_semantic
905,Francesca Meteora Buffa,A5075865182,alias,,round3_semantic
906,Yuval Yechiel Shaked,A5068166516,fuzzy,I174306211,round2_inst
907,Irinel Anca Catrina,A5046583167,alias,I28166907,round2_inst
908,Charles Agyemang,A5067202010,exact,,round4_semtie
909,Nils Olov Andersson,A5018797912,exact,,name_unique
910,Olivier Couture,A5028875960,exact,I1294671590,round3_semantic
911,Per Martin Englund,A5076514636,fuzzy,,round3_semantic
912,Julien Jean-Charles Nicolas,A5001640643,fuzzy,I1294671590,round2_inst
913,Malin Parmar,A5007253264,exact,,name_unique
914,Claudia Allemani,A5107970561,exact,,name_unique
915,Danny David Jonigk,A5068639127,alias,I34809795,round2_inst
916,Leendert Trouw,A5060898190,alias,I2800006345,round2_inst
917,Andrea Bertotti,A5031287599,exact,I55143463,round4_semtie
918,Yaqub Hanna,A5013792306,alias,I53964585,round2_inst
919,Björn Högberg,A5069122955,exact,I28166907,round2_inst
920,Maria Paola Martelli,A5089614080,exact,,name_unique
922,Michele De Palma,A5043563746,exact,,name_unique
923,Mary Cannon,A5006791816,exact,,round4_semtie
924,Mikko Olavi Niemi,A5103943542,exact,,name_unique
925,Tomasz Jan Guzik,A5040329167,alias,I98677209,round2_inst
926,Susana Marina Chuva De Sousa Lopes,A5110818669,exact,,name_unique
927,Charlotte Anita Ling,A5046960589,fuzzy,I187531555,round2_inst
928,Jaan-Olle Andressoo,A5073441975,exact,,name_unique
929,Katia Parodi,A5000377815,exact,,name_unique
930,Unnur Valdimarsdóttir,A5010145550,exact,,name_unique
932,Kathryn Mary Francis Abel,A5035300724,fuzzy,I28407311,round3_semantic
933,Gonçalo De Sá E Sousa De Castelo Branco,A5042851935,alias,I28166907,round2_inst
934,Robert Franz Karl Zeiser,A5084803299,fuzzy,I2801240073,round2_inst
935,Irmela Jeremias,A5061922466,exact,,name_unique
936,"Christophe John,Willy Moreau",A5088460898,fuzzy,I1294671590,round2_inst
937,Paul William Selberg-Franks,A5024645589,fuzzy,I187531555,round2_inst
938,Yaakov Nahmias,A5013918067,exact,,name_unique
939,Oliver Denis Hantschel,A5008651904,fuzzy,I161103922,round2_inst
940,Daniel Razansky,A5103286327,exact,I202697423,round3_semantic
941,Henrik Zetterberg,A5079766290,exact,I881427289,round4_semtie
942,Vincenzo Cerullo,A5031533220,exact,,name_unique
943,Weimin Ye,A5100601148,exact,I28166907,round4_semtie
944,Kim Bak Jensen,A5111212852,exact,,name_unique
945,Sven Rottenberg,A5017173720,exact,,name_unique
946,Niel Hens,A5042663607,exact,I878454856,round3_semantic
947,Mette Marie Rosenkilde,A5112586642,exact,,name_unique
948,Johannes Jos Malda,A5014283826,fuzzy,,round4_maxpapers
949,Lorraine Brennan,A5003874766,exact,I100930933,round3_semantic
950,Sebastien Jean Antoine Granier,A5054725044,fuzzy,I154526488,round2_inst
951,Marju Orho-Melander,A5077037910,exact,,name_unique
952,Brian Huntly,A5029251605,alias,I241749,round2_inst
953,Frederic Amant,A5023783658,exact,I99464096,round4_semtie
954,Raphaël Rodriguez,A5104033734,exact,I80043,round3_semantic
955,Vincent Wilfred Vishal-Kapoor Jaddoe,A5012921360,fuzzy,I2801952686,round4_semtie
956,Shy Shoham,A5028417315,exact,I174306211,round2_inst
957,Arthur Kaser,A5050963621,exact,I241749,round2_inst
958,Dominique Lievin Pierre Baeten,A5046625022,fuzzy,,round3_semantic
959,Hugo Wilhelmus Antonius Maria De Jong,A5103522499,exact,,name_unique
960,Dan Peer,A5103097324,exact,I16391192,round3_semantic
962,Caroline Klaver,A5108113385,exact,I2801952686,round3_semantic
963,Kevin Braeckmans,A5028407212,exact,,name_unique
964,Giandomenico Iannetti,A5009081893,alias,I30771326,round2_inst
965,Per Jonas Levi Svenningsson,A5036364090,fuzzy,I28166907,round2_inst
966,Patrizio Lancellotti,A5034995895,exact,I157674565,round4_semtie
967,Craig Morgan,A5045508438,exact,I183935753,round4_semtie
968,Simon Méndez-Ferrer,A5006520748,exact,,name_unique
969,Jonas Larsson,A5112464570,exact,I187531555,round4_semtie
970,Jennifer Irene Keiser,A5033452459,fuzzy,I158937107,round4_semtie
971,Marc Antoine Gijsbert Gilles Vooijs,A5079711680,fuzzy,I34352273,round2_inst
972,Giuseppe Testa,A5087706646,exact,I189158943,round2_inst
973,Massimiliano Pagani,A5075506116,exact,I189158943,round4_semtie
974,Nico Luc Marc Callewaert,A5015811382,fuzzy,I2802017950,round2_inst
975,Enrico Tiacci,A5059848948,exact,,name_unique
977,Sara Richter,A5051378632,exact,,name_unique
978,Alessandra Biffi,A5021543363,exact,,name_unique
979, ,A5027145318,exact,,round4_semtie
980,Ana Isabel De Sousa Teixeira,A5058949558,fuzzy,I28166907,round2_inst
981,Helene Andersson Svahn,A5018960239,exact,,name_unique
982,Laura Soucek,A5058419452,exact,,name_unique
983,Ronit Satchi-Fainaro,A5026654271,exact,I16391192,round3_semantic
984,Majlinda Lako,A5032539966,exact,,name_unique
985,Constantin Zohner,A5042352588,alias,,round3_semantic
986,Charlotte Grossiord,A5075690626,exact,,name_unique
987,Ricardo Araújo,A5071828327,exact,,round4_semtie
988,Cornelia Welte,A5035182754,alias,I145872427,round2_inst
989,Alex De Mendoza,A5045064147,exact,I166337079,round2_inst
990,Erin Saupe,A5022428558,alias,I40120149,round2_inst
991,Lucie Etienne,A5048275896,exact,I1294671590,round3_semantic
992,Michael Bok,A5049417712,alias,I187531555,round2_inst
993,Cecilia Nilsson,A5054084621,exact,I187531555,round3_semantic
994,Emilia Santos,A5109535194,exact,I241749,round2_inst
995,Susan Johnston,A5020633089,exact,I98677209,round2_inst
996,Roberto Salguero-Gómez,A5069697028,exact,I40120149,round4_semtie
997,Emily Mitchell,A5114105900,exact,I241749,round3_semantic
998,Nathalie Stroeymeyt,A5037889113,exact,,name_unique
999,Jan De Vries,A5100670296,exact,I74656192,round2_inst
1000,Anton Potapov,A5014102183,exact,,round4_semtie
1001,Jussi Lehtonen,A5085798200,exact,I94722563,round2_inst
1002,Arnau Sebé-Pedrós,A5004697708,exact,I4210137962,round3_semantic
1003,Arnaud Sentis,A5022540401,exact,,round3_semantic
1004,Henrik Salje,A5086547092,exact,,name_unique
1005,Katherine Helliwell,A5031382933,alias,I23923803,round2_inst
1006,Antoine Molaro,A5003667004,exact,,name_unique
1007,Tzachi Hagai,A5019953572,exact,,name_unique
1008,Himani Sachdeva,A5081417856,exact,,name_unique
1009,Stefanie Muff,A5025165097,exact,I204778367,round2_inst
1010,Andreas Nord,A5023368062,exact,I187531555,round2_inst
1011,Elisabeth Hehenberger,A5008108938,exact,,name_unique
1012,Fabien Condamine,A5031952133,alias,I1294671590,round2_inst
1013,Tamir Klein,A5050473052,exact,I53964585,round2_inst
1014,Jean-Baptiste Raina,A5058036490,exact,,name_unique
1015,Hassan Salem,A5034042515,exact,,round3_semantic
1016,Pieter De Frenne,A5000715083,exact,,name_unique
1017,Matthias Fischer,A5072955190,exact,I149899117,round4_semtie
1018,Shuqing Xu,A5042368523,exact,I197323543,round2_inst
1019,Melissah Rowe,A5050364333,exact,,name_unique
1020,Sophie Sanchez,A5030613963,exact,,name_unique
1021,Suvi Ruuskanen,A5048415511,exact,I94722563,round2_inst
1022,Alexa Sadier,A5066329869,exact,,name_unique
1023,Carlos Perez Carmona,A5107190578,exact,,name_unique
1024,Antoine Wystrach,A5061323512,exact,I1294671590,round4_semtie
1025,Jillian Michelle Petersen,A5063678252,fuzzy,I129774422,round2_inst
1026,Zuzana Musilová,A5008296954,exact,I21250087,round3_semantic
1027,Aaron Vogan,A5008616285,alias,I123387679,round2_inst
1028,Mathieu Groussin,A5071442804,exact,,name_unique
1029,Catherine Preece,A5064876958,exact,,name_unique
1031,Jarno Vanhatalo,A5057385440,exact,,name_unique
1032,Marian Yong-An Hu,A5016621061,alias,,round3_semantic
1033,Laszlo Nagy,A5047717254,exact,I2800351701,round2_inst
1034,Jan Hrcek,A5048111852,exact,,name_unique
1035,Alvaro Sanchez,A5049086349,exact,,round3_semantic
1036,Ilkka Kronholm,A5080771276,exact,,name_unique
1037,Bram Van De Poel,A5027780948,exact,,name_unique
1038,Eva Stukenbrock,A5108138099,exact,,name_unique
1039,Ainhoa Magrach,A5042450363,exact,,name_unique
1040,Stéphane Hacquard,A5024362734,exact,I149899117,round2_inst
1041,Ashley Shade,A5090882548,exact,,name_unique
1042,Violaine Llaurens,A5081229664,exact,,name_unique
1043,Alvaro San Millan,A5000337643,exact,I134820265,round2_inst
1044,Marie Semon,A5091156775,exact,,round3_semantic
1045,Johan Decelle,A5057021217,exact,I1294671590,round4_semtie
1046,Petr Keil,A5055421718,exact,I205984670,round2_inst
1047,Dedmer Van De Waal,A5014772924,alias,,round3_semantic
1048,Margaret C. Crofoot,A5000914380,exact,,name_unique
1049,Maria Azeredo De Dornelas,A5016086389,exact,,name_unique
1050,Andrew David Foote,A5027442178,alias,I184942183,round2_inst
1051,Anna Runemark,A5000746434,exact,,name_unique
1052,Isabel Almudi,A5082959910,exact,I71999127,round2_inst
1053,Nicola Segata,A5068576885,exact,,name_unique
1054,Amelia-Elena Rotaru,A5050995136,exact,,name_unique
1055,Vincent Merckx,A5059092135,exact,,name_unique
1056,Katharina Wollenberg Valero,A5040267568,alias,I100930933,round2_inst
1057,Marina Semchenko,A5078702986,exact,,name_unique
1058,Fabien Burki,A5065497413,exact,,name_unique
1059,Tal Dagan,A5004587704,exact,,round3_semantic
1060,Daniel Montoya,A5056274244,exact,I4210092744,round2_inst
1061,Sandra Nogue,A5088385568,exact,,name_unique
1062,Jane Catford,A5033756643,alias,I183935753,round2_inst
1063,Mathieu Lihoreau,A5067924606,exact,I1294671590,round2_inst
1064,Yossi Yovel,A5016325693,exact,,name_unique
1065,Mette Burmølle,A5075847298,exact,,name_unique
1066,Fredrik Jutfelt,A5005103518,exact,,name_unique
1067,Martin Pilhofer,A5087426368,exact,,name_unique
1068,Mederic Diard,A5048213818,exact,I1850255,round4_semtie
1069,Miguel Jorge Pinto Carneiro,A5022221670,fuzzy,,round4_semtie
1070,Alexander Sang-Jae Suh,A5029225325,fuzzy,,round4_semtie
1071,Katalin Csilléry,A5064794927,exact,,name_unique
1072,Pierre-Marc Delaux,A5004260609,exact,,name_unique
1073,Maria Eithne Mcnamara,A5080911157,fuzzy,,round3_semantic
1074,Aris Katzourakis,A5058450513,exact,I40120149,round4_semtie
1075,Tanja Stadler,A5055449742,exact,I35440088,round3_semantic
1077,Yehu Moran,A5054870832,exact,,name_unique
1078,Lena Wilfert,A5003534307,exact,,name_unique
1079,Rita Covas,A5008198078,exact,,round3_semantic
1082,Thomas Couvreur,A5041691419,alias,I4210166444,round3_semantic
1083,Nicolas Puillandre,A5001511906,exact,,round4_semtie
1084,Katie Field,A5066507036,exact,,name_unique
1085,Tanja Schwander,A5039770407,exact,,name_unique
1086,Itzhak Mizrahi,A5088912364,exact,,name_unique
1087,Susana Barroso Coelho,A5063878448,fuzzy,,round3_semantic
1088,Paul Kardol,A5006451019,exact,,name_unique
1089,Thomas Richards,A5061639514,exact,I40120149,round2_inst
1090,Yann Mats Clough,A5057350038,fuzzy,I187531555,round2_inst
1091,Julien Cote,A5015359801,exact,I1294671590,round2_inst
1092,Inger Greve Alsos,A5046210819,exact,,name_unique
1093,Karla Gisela Kristin Tessmar-Raible,A5055395658,fuzzy,,round3_semantic
1094,Colin Russell,A5077162668,alias,,round3_semantic
1095,Thijs Ettema,A5086230550,alias,I913481162,round2_inst
1096,Christina Kaiser,A5016630284,exact,I129774422,round2_inst
1097,Martin Kaltenpoth,A5059004438,exact,,name_unique
1098,Andrea J Betancourt,A5045799799,fuzzy,I146655781,round2_inst
1099,Marie Dacke,A5049267273,exact,,name_unique
1100,Vladimir Hampl,A5099244149,exact,,round3_semantic
1101,Ofer Feinerman,A5029463008,exact,,name_unique
1102,Anna Kuparinen,A5058555514,exact,I94722563,round2_inst
1103,Michael Thomas-Poulsen,A5068921976,alias,I124055696,round2_inst
1104,Aoife Mclysaght,A5038985205,exact,,name_unique
1105,Patrik Nosil,A5030592051,exact,,name_unique
1107,Dominic Wright,A5081673437,exact,,round4_semtie
1108,Gentile Francesco Ficetola,A5012749425,exact,I189158943,round2_inst
1109,Michael Cunliffe,A5028117910,exact,,round3_semantic
1110,Joseph Schacherer,A5091722749,exact,I68947357,round4_semtie
1111,Andy Gardner,A5075192983,exact,I16835326,round2_inst
1112,Sara Newbery Raposo De Magalhães,A5036252780,fuzzy,,round3_semantic
1113,James Rolfe Guest,A5034389737,fuzzy,I84884186,round2_inst
1114,Yin Chen,A5046212412,exact,I39555362,round2_inst
1115,Jose Maria Montoya Teran,A5079996977,exact,,name_unique
1116,Alexei Maklakov,A5104592987,exact,,name_unique
1117,Claire Noelle Spottiswoode,A5038587209,fuzzy,I241749,round2_inst
1118,Lee Hsiang Liow,A5039139093,exact,,name_unique
1119,Avigdor Eldar,A5021495858,exact,,name_unique
1120,Philippe Lemey,A5039280845,exact,,name_unique
1121,Anna-Liisa Laine,A5089207824,exact,I202697423,round4_semtie
1122,Juan Antonio Gabaldón Estevan,A5073271482,fuzzy,,round4_semtie
1123,Karine Marianne F Van Doninck,A5061793701,fuzzy,I132053463,round2_inst
1124,Rafael Sanjuan Verdeguer,A5000700661,exact,,name_unique
1125,Benoit François Pujol,A5013716422,fuzzy,I1294671590,round2_inst
1126,Rolf Kümmerli,A5063472839,exact,,name_unique
1127,Pierre Antoine Georges Cardol,A5047127287,fuzzy,I157674565,round2_inst
1128,Frederic Delsuc,A5039262721,exact,,name_unique
1129,Kirsten Bomblies,A5064593721,exact,,name_unique
1130,Judith Elizabeth Mank,A5065185968,alias,I23923803,round2_inst
1131,Graham Keith Taylor,A5058791881,fuzzy,I40120149,round3_semantic
1132,Stephanie Bedhomme,A5024965499,exact,I1294671590,round3_semantic
1133,Mariangela Bonizzoni,A5089901991,exact,,name_unique
1134,Andrew Neil Radford,A5059329761,fuzzy,I36234482,round2_inst
1135,Nathalie Balaban,A5015455656,alias,I197251160,round2_inst
1137,Juliette De Meaux,A5039319309,exact,,name_unique
1138,Fernando Tomás Maestre Gil,A5002158853,exact,,name_unique
1139,Ignacio González Bravo,A5079118827,alias,,round4_maxpapers
1140,Josefa Gonzalez Perez,A5103764340,exact,,round3_semantic
1141,Virpi  Annikki Lummaa,A5073396537,fuzzy,I155660961,round2_inst
1142,Jonathan Paul Bollback,A5049997602,fuzzy,I146655781,round2_inst
1143,Samuel Alizon,A5001953765,exact,I1294671590,round3_semantic
1144,Andreas Helmut Hejnol,A5017859842,fuzzy,I4432739,round2_inst
1145,Andrea Manica,A5006178689,exact,I241749,round4_semtie
1146,Ivana Gudelj,A5048675389,exact,I23923803,round2_inst
1147,Vincent Castric,A5058236329,exact,,name_unique
1148,Debbie Lindell,A5050390516,exact,,name_unique
1149,Csaba Pal,A5064280940,exact,I2800351701,round2_inst
1150,Ashleigh Susannah Griffin,A5000235869,fuzzy,I40120149,round2_inst
1151,Hanna Sofia Johannesson,A5037253165,fuzzy,I123387679,round2_inst
1152,Christiane Werner Pinto,A5079676142,fuzzy,,round3_semantic
1153,Walter Salzburger,A5090083254,exact,,name_unique
1154,Joah Madden,A5084231652,alias,I23923803,round2_inst
1155,Duncan T Odom,A5045843618,alias,,round4_maxpapers
1156,John Leo Quinn,A5113997285,fuzzy,I181231927,round3_semantic
1157,Felicity Clare Jones,A5036964699,fuzzy,I149899117,round2_inst
1158,Eric Pierre Bapteste,A5061336204,fuzzy,I39804081,round2_inst
1159,Henrik Kaessmann,A5085413454,exact,,name_unique
1160,Hélène Morlon,A5084776094,exact,,name_unique
1161,Oliver Pybus,A5061658598,alias,I40120149,round2_inst
1162,David Posada Gonzalez,A5027306462,exact,,name_unique
1163,Iñaki Ruiz Trillo,A5018607362,exact,I170486558,round3_semantic
1164,Benjamin Prud'Homme,A5050092709,exact,,name_unique
1165,Gavin Thomas,A5106030337,exact,,round3_semantic
1166,Abderrahman Khila,A5042880774,exact,,name_unique
1167,Bastien Bissaro,A5007511324,exact,,round3_semantic
1168,Li Tang,A5065125027,exact,I5124864,round4_semtie
1169,Randall Platt,A5112099921,exact,,name_unique
1170,Xingqi Chen,A5056951575,exact,,name_unique
1171,Zaida Álvarez,A5057679210,exact,I4210147769,round2_inst
1172,Velia Siciliano,A5030631840,exact,I30771326,round3_semantic
1173,Julia Qüesta,A5039827810,alias,,round3_semantic
1174,Volker Lauschke,A5053109650,alias,I28166907,round2_inst
1175,Julián Valero Moreno,A5089766580,exact,,name_unique
1176,Ben Maoz,A5056536823,alias,I16391192,round2_inst
1177,Emma Andersson,A5030754446,exact,I28166907,round2_inst
1178,Duarte Dionísio Figueiredo,A5004244154,alias,,round3_semantic
1179,Tomas Pluskal,A5088461185,exact,I4210145889,round2_inst
1180,Victor Greiff,A5089158926,exact,,name_unique
1181,Korbinian Schneeberger,A5039760003,exact,,round3_semantic
1182,Oren Ram,A5065279883,exact,I197251160,round2_inst
1183,Clemens Mayer,A5023576125,exact,I169381384,round2_inst
1184,Ewa Szczurek,A5036326710,exact,,round3_semantic
1185,Guillaume Lobet,A5009673135,exact,I95674353,round3_semantic
1186,Kaspar Valgepea,A5061031098,exact,I56085075,round2_inst
1187,Charles Melnyk,A5015411090,alias,I298625061,round2_inst
1188,Ainhoa Martinez Medina,A5017396023,exact,I134820265,round2_inst
1189,Panagiotis Moschou,A5034192143,alias,I8901234,round2_inst
1190,Murat Sunbul,A5032302478,exact,,round3_semantic
1191,Marc Güell Cargol,A5053568867,exact,,name_unique
1192,Beatriz Orosa,A5075099415,exact,,name_unique
1193,Shilo Rosenwasser,A5078275412,exact,,name_unique
1194,Kai Papenfort,A5060415677,exact,,name_unique
1195,Yaqub Hanna,A5013792306,alias,I53964585,round2_inst
1196,Jochem Verrelst,A5079448372,exact,I16097986,round2_inst
1197,Marta Martinez Sanz,A5008855386,exact,I134820265,round2_inst
1198,Nadav Amdursky,A5047307562,exact,,name_unique
1199,Caroline Gutjahr,A5065949573,exact,,name_unique
1200,Moussa Benhamed,A5070486620,exact,I204730241,round4_semtie
1201,David Bikard,A5064065434,exact,I157536573,round3_semantic
1202,Simon Stael,A5014901167,exact,,name_unique
1203,Clara Sanchez Rodriguez,A5083521633,exact,,round4_semtie
1204,Rosa Lozano-Duran,A5031066862,exact,I8087733,round2_inst
1205,Nick Wierckx,A5063605485,exact,,name_unique
1206,Jorunn Bos,A5018823709,alias,I177639307,round2_inst
1207,Akane Kawamura,A5085494254,exact,I84884186,round2_inst
1209,Nuria Montserrat Pulido,A5038163469,alias,I4210147769,round2_inst
1210,Jesko-Alexander*Johannes Gunter Kohnke,A5112282524,fuzzy,,round3_semantic
1211,Rupert Seidl,A5085506794,exact,,name_unique
1212,Barbara Di Ventura,A5059557453,exact,,name_unique
1213,Maria Von Korff Schmising,A5004705501,exact,,name_unique
1214,André-Christian Stiel,A5044610218,fuzzy,,round3_semantic
1215,Francesco Licausi,A5069345254,exact,,name_unique
1216,Kathrin Lang,A5074271707,exact,I35440088,round2_inst
1217,Daniela Loessner,A5007482524,exact,,name_unique
1218,Chase Lawrence Beisel,A5053601159,alias,I4210124929,round2_inst
1219,Cristobal Uauy,A5063383525,exact,,name_unique
1220,Abel Garcia Pino,A5025516016,exact,I132053463,round4_semtie
1221,Miriam Rosenbaum,A5102337075,exact,,name_unique
1222,Gil Westmeyer,A5039343293,alias,I62916508,round2_inst
1223,Kiran Raosaheb Patil,A5020329649,exact,,name_unique
1224,Ivan Matic,A5040520718,exact,I149899117,round2_inst
1225,Arnold Boersma,A5004055495,exact,,name_unique
1226,Emily Flashman,A5053862290,exact,,name_unique
1227,Maja Banks-Köhn,A5055181051,alias,I161046081,round2_inst
1228,Henning Jacob Jessen,A5030496315,alias,I161046081,round2_inst
1229,Brigitte Stadler,A5044749762,exact,I204337017,round2_inst
1230,Anna Rising,A5064378135,exact,,name_unique
1231,Sarel-Jacob Fleishman,A5102905594,exact,,name_unique
1232,Rob Lavigne,A5056568447,exact,,name_unique
1233,Eric Kemen,A5047541392,exact,,name_unique
1234,Fernando López Gallego,A5033368136,exact,,name_unique
1235,Georgios Skretas,A5081417503,alias,I6820528,round2_inst
1236,Lars Ingemar André,A5110463751,fuzzy,I187531555,round3_semantic
1237,Kevin Chalut,A5082249024,alias,I241749,round2_inst
1238,Gunther Doehlemann,A5015726178,exact,,name_unique
1239,Cecilia Maria Sahlgren,A5052741873,alias,I130217899,round2_inst
1240,Miina Alina Rautiainen,A5079472711,fuzzy,I9927081,round3_semantic
1241,Thomas Bert Van Leeuwen,A5063389950,fuzzy,I32597200,round2_inst
1242,Andrea Rentmeister,A5063961340,exact,,name_unique
1243,Chris Barnes,A5018040610,exact,I45129253,round2_inst
1244,Fernando Montealegre-Zapata,A5049927845,alias,I51532219,round2_inst
1245,Etienne Bucher,A5047415942,exact,,round3_semantic
1246,Isabel Bäurle,A5021738968,exact,,name_unique
1247,Giovanni Maglia,A5024173154,exact,,name_unique
1248,Arnaud Pierre Gaby Gautier,A5074868501,fuzzy,I39804081,round3_semantic
1249,Christine Ruth Faulkner,A5018025372,fuzzy,I100288624,round2_inst
1250,Roland Ludwig,A5044352119,exact,I92869138,round2_inst
1251,Christa Sylvie Testerink,A5029582021,fuzzy,I913481162,round2_inst
1252,Thomas Reinier Maxim Barends,A5082051772,alias,I149899117,round2_inst
1253,Steffen Klamt,A5080707502,exact,,name_unique
1254,Carolina Tafalla Pineiro,A5057873997,exact,,name_unique
1255,Jorge Manuel De Oliveira Fernandes,A5015235810,exact,,name_unique
1256,Petra Stephanie Dittrich,A5020918811,alias,I35440088,round2_inst
1257,Ana Isabel Caño Delgado,A5095428956,fuzzy,,round3_semantic
1258,Thorsten Schnurbusch,A5089171994,exact,I4210127902,round2_inst
1259,Jérémy Bouyer,A5045896123,exact,,name_unique
1260,Ebbe Sloth Andersen,A5058499082,exact,,name_unique
1261,Miia Kristina Lindstrom,A5068288716,fuzzy,I133731052,round2_inst
1263,Emma Rusi Master,A5046367806,fuzzy,I9927081,round2_inst
1264,Frank Hollmann,A5039285985,exact,I98358874,round2_inst
1265,Nikolaj Gadegaard,A5049586449,exact,I7882870,round2_inst
1266,Frank Kjeldsen,A5042571263,exact,,name_unique
1267,Cristina Maria Da Costa Silva Pereira,A5080716262,fuzzy,,round4_semtie
1268,Christopher Guy Bass,A5087533554,fuzzy,,round3_semantic
1269,Yannick Francois Rondelez,A5029632144,fuzzy,I1294671590,round2_inst
1270,Aitziber Lopez Cortajarena,A5093946356,exact,,name_unique
1271,Thorsten Stafforst,A5060717827,exact,,name_unique
1272,Lionel Xavier Dupuy,A5011601478,alias,I4210129734,round2_inst
1273,Pascal Falter-Braun,A5101952278,alias,,round3_semantic
1274,Renier Adrianus Leonardus Van Der Hoorn,A5090600754,fuzzy,I40120149,round2_inst
1275,Marja Tiirola,A5028528748,exact,,name_unique
1276,Günter Mayer,A5041783466,exact,I135140700,round2_inst
1277,Kris Verheyen,A5025403876,exact,I32597200,round4_semtie
1278,Mark Howarth,A5012100815,exact,I40120149,round3_semantic
1279,Tillmann Joachim Lüders,A5109681086,fuzzy,I54009628,round3_semantic
1280,Kathrin Barbara Fenner,A5044405346,alias,I63664421,round2_inst
1281,Dror Noy,A5050708337,exact,,name_unique
1282, ,A5094616643,exact,,round3_semantic
1283,Michael Magee,A5009972049,exact,I190082696,round2_inst
1284,Zoltan Vidnyanszky,A5087644896,exact,I106118109,round2_inst
1285,Andre Belotto Da Silva,A5070833243,exact,I204730241,round2_inst
1286,Bozhidar Velichkov,A5087382359,exact,I108290504,round2_inst
1287,Dalimil Mazac,A5008517051,exact,,name_unique
1288,Ana Caraiani,A5077497654,exact,,name_unique
1289,James Maynard,A5074725717,exact,I40120149,round2_inst
1290,Katharina Schratz,A5027189972,exact,I39804081,round2_inst
1291,Alexandra Carpentier,A5021658783,exact,I176453806,round2_inst
1292,Antoine Levitt,A5040118029,exact,I277688954,round4_semtie
1293,Markus Bachmayr,A5017726844,exact,,round3_semantic
1294,Christian Webb,A5059014160,exact,I133731052,round2_inst
1295,David Holmes,A5000435759,exact,I121797337,round2_inst
1296,Javier Fresán,A5075747054,exact,I39804081,round2_inst
1297,Dawid Kielak,A5061583203,exact,,name_unique
1298,Jack Thorne,A5073881897,exact,,round3_semantic
1299,Sepideh Mirrahimi,A5085283703,exact,I1294671590,round2_inst
1300,Guido De Philippis,A5042945562,exact,,name_unique
1301,Pierre Jacob,A5008296090,exact,I124261006,round2_inst
1302,Pierre-Francois Rodriguez,A5019613895,exact,,name_unique
1303,Anselm Johannes Schmidt-Hieber,A5005367978,exact,,name_unique
1304,Gabor Szabo,A5049960571,exact,I99464096,round4_semtie
1305,Justin Salez,A5067679320,exact,,name_unique
1306,Andrea Seppi,A5048852896,exact,,round3_semantic
1307,Alberto Maspero,A5020823512,exact,,name_unique
1308,Sergio Simonella,A5068602410,exact,,name_unique
1309,Michael Feischl,A5035803720,exact,,name_unique
1310,Eleonora Di Nezza,A5016923789,exact,,name_unique
1311,Xavier Ros-Oton,A5005248507,exact,I71999127,round2_inst
1312,Tomer Schlank,A5048927306,alias,I197251160,round2_inst
1313,Benjamin Gess,A5091000281,exact,I4577782,round4_semtie
1315,Lauri Oksanen,A5014787639,exact,I133731052,round4_semtie
1316,Tuomas Orponen,A5091472615,exact,I94722563,round2_inst
1317,Gal Binyamini,A5055754292,exact,,name_unique
1318,Annika Lang,A5013038827,exact,I66862912,round2_inst
1319,Nicolas Curien,A5107933108,exact,I277688954,round2_inst
1320,Hendrik Weber,A5001883810,exact,I22465464,round3_semantic
1321,Karim Adiprasito,A5084339085,exact,,name_unique
1322,Arnulf Jentzen,A5074382323,exact,I22465464,round2_inst
1323,Elisenda Feliu,A5054607776,exact,,name_unique
1324,Phan Thanh Nam,A5048239767,exact,I8204097,round3_semantic
1325,Wojciech Samotij,A5026232768,exact,,name_unique
1326,Raphaël Beuzart-Plessis,A5013666885,exact,,name_unique
1327,Christophe Garban,A5046071283,exact,,name_unique
1328,Emanuel Milman,A5052187675,exact,,name_unique
1329,Michael Wemyss,A5038032650,exact,,name_unique
1330,Matthew Thomas Morrow,A5005166458,alias,I1294671590,round2_inst
1331,Kathrin Bringmann,A5089032048,exact,I180923762,round4_semtie
1332,Maurice Duits,A5074892626,exact,,name_unique
1333,Simon Riche,A5005759805,exact,I198244214,round4_semtie
1334,Anton Mellit,A5055419764,exact,,name_unique
1335,David Loeffler,A5070725114,exact,I39555362,round2_inst
1336,Ron Yehuda Peled,A5071389695,fuzzy,I16391192,round2_inst
1337,Asaf Nachmias,A5054638358,exact,,name_unique
1338,Antoine Gloria,A5065138089,exact,,name_unique
1339,Alberto Enciso,A5021895389,exact,I134820265,round2_inst
1340,Asaf Shapira,A5089978763,alias,I16391192,round2_inst
1341,Daniel Peterseim,A5014228488,exact,,name_unique
1342,Penka Georgieva,A5089738866,exact,I39804081,round2_inst
1343,Choonghong Tadahiro Oh,A5048680727,fuzzy,,round3_semantic
1344,Vincent Calvez,A5114375058,exact,I1294671590,round3_semantic
1345,Lenny Taelman,A5011292891,exact,I887064364,round2_inst
1346,Pierre Berger,A5030919165,exact,I1294671590,round3_semantic
1347,Wendy Joy Lowen,A5049922117,fuzzy,I149213910,round2_inst
1348,Vincent Hubert Pilloni,A5084593582,fuzzy,I1294671590,round2_inst
1349,Rico Zenklusen,A5033406324,exact,I35440088,round2_inst
1350,Xin Li,A5100353820,exact,I7882870,round3_semantic
1351,Stefano Favaro,A5083953277,exact,I55143463,round4_semtie
1352,Tuomo Kuusi,A5110357066,exact,,name_unique
1353,Mark Podolskij,A5022093434,exact,,name_unique
1354,Arend Bayer,A5031149825,exact,,name_unique
1355,Gustav Holzegel,A5067019485,exact,,name_unique
1356,Michael Temkin,A5048293958,exact,,name_unique
1357,Siddhartha Mishra,A5101961582,exact,I35440088,round4_semtie
1358,Damien Calaque,A5019993325,exact,I19894307,round2_inst
1359,Mikko Salo,A5078087086,exact,I94722563,round2_inst
1360,Nathalie Anne M. Wahl,A5082652450,fuzzy,I124055696,round2_inst
1361,Eva Viehmann,A5006235119,exact,,name_unique
1362,Gabor Zoltan Pete,A5063213545,fuzzy,I127817813,round2_inst
1363,Shiri Artstein,A5045362897,exact,,name_unique
1364,Konstantinos Panagiotou,A5114612039,exact,,name_unique
1365,Paolo Stellari,A5029317691,exact,,name_unique
1366,Chris M Wendl,A5004713685,fuzzy,,round3_semantic
1367,Edward Paul Segal,A5091224791,alias,,round3_semantic
1368,Yoel Shkolnisky,A5037804006,exact,,name_unique
1369,Laszlo Szekelyhidi,A5077855474,exact,,round4_semtie
1370,Jérémie Szeftel,A5108725023,exact,,name_unique
1371,Francis Clément Sais Brown,A5057969937,fuzzy,I40120149,round3_semantic
1372,Anna Ershler,A5038347500,fuzzy,,round3_semantic
1373,Colin Alfred Guillarmou,A5058506941,fuzzy,I1294671590,round2_inst
1374,Clement Mouhot,A5060848970,exact,I241749,round4_semtie
1375,Mathieu Lewin,A5060310865,exact,,name_unique
1376,Mathias Dr. Schacht,A5048188412,fuzzy,I159176309,round2_inst
1377,Alessio Figalli,A5021329629,exact,,name_unique
1378,Alessandro Giuliani,A5060718297,exact,I861853513,round3_semantic
1379,Gianluigi Rozza,A5061558433,exact,,name_unique
1380,Jonatan Carl Anders Lenells,A5074222101,fuzzy,I86987016,round2_inst
1381,Victor Rotger Cerdà,A5061605235,fuzzy,,round4_semtie
1382,Lourenco Beirao Da Veiga,A5062969935,alias,I189158943,round2_inst
1383,Stefanie Petermichl,A5044037421,exact,,name_unique
1384,Tamar Ziegler,A5091670796,exact,,name_unique
1385,Peter Karl Friz,A5085656370,fuzzy,I4577782,round2_inst
1386,Andreas Thom,A5010043767,exact,,round3_semantic
1387,Thomas Henry Coates,A5077729374,fuzzy,I47508984,round2_inst
1388,Christian Liedtke,A5102713593,exact,I62916508,round2_inst
1389,Søren Galatius,A5089158851,exact,I124055696,round3_semantic
1390,Sofia Olhede,A5094544762,exact,,round4_maxpapers
1391,Boris Adamczewski,A5000184641,exact,,name_unique
1392,Peter Keevash,A5023231478,exact,I40120149,round3_semantic
1393,Sarah Zerbes,A5080341690,alias,I45129253,round2_inst
1394,David Perez Garcia,A5114050683,exact,I121748325,round4_semtie
1395,Martin Vohralik,A5020083948,alias,,round3_semantic
1397,Alexander Bufetov,A5113058265,exact,,name_unique
1398,Miklos Abert,A5090415354,exact,I127817813,round2_inst
1399,Daniel Kral,A5027559065,exact,,round3_semantic
1400,David Christophe Hernandez,A5102796273,fuzzy,I1294671590,round2_inst
1401,Pierre Henri Alexandre Raphael,A5109371196,fuzzy,I241749,round2_inst
1402,Joel Fine,A5068382211,exact,,name_unique
1403,Richard Nickl,A5091556790,exact,,name_unique
1404,Martin Hairer,A5016315238,exact,I47508984,round2_inst
1405,Anna Wienhard,A5079677109,exact,,name_unique
1407,Jose Maria Martell Berrocal,A5003362399,fuzzy,,round4_semtie
1408,Giancarlo Sangalli,A5059485119,exact,,name_unique
1409,Martin Burger,A5069220813,exact,I181369854,round2_inst
1410,Raf Cluckers,A5001129858,exact,,name_unique
1411,Tony Gilbert Lelievre,A5048560398,fuzzy,,round3_semantic
1412,Javier Jose Fernandez De Bobadilla De Olazabal,A5055751062,fuzzy,,round3_semantic
1413,Stefaan Vaes,A5090311858,exact,I99464096,round2_inst
1414,Balazs Szegedy,A5112443030,exact,I127817813,round2_inst
1415,Jose Luis Rodrigo,A5003213636,exact,,name_unique
1416,Donato Giovannelli,A5089320122,exact,,name_unique
1417,Tristan Biard,A5001590902,exact,,round3_semantic
1418,Velle Toll,A5046636343,exact,I56085075,round2_inst
1419,Emma Järvinen,A5025864552,exact,I167360494,round2_inst
1420,Gabriele Messori,A5061617752,exact,,name_unique
1421,Anna Pakhomova,A5087651504,exact,,round3_semantic
1422,Penelope Wozniakiewicz,A5004154055,alias,I20581793,round2_inst
1423,Eva Stueeken,A5038696331,exact,I16835326,round3_semantic
1424,Aloisia Nuijens,A5028455474,fuzzy,,round3_semantic
1425,Valerio Cerantola,A5088533031,exact,,name_unique
1426,Piero Poli,A5086162214,exact,I138689650,round2_inst
1427,Lennart De Groot,A5061555315,alias,I193662353,round2_inst
1428,Eva Ternon,A5045085411,exact,,name_unique
1429,Jenny Gales,A5000672954,alias,I897542642,round2_inst
1430,Jesper Björklund,A5090460928,exact,,name_unique
1431,Sara Callegaro,A5080493405,exact,I9360294,round2_inst
1432,Sanja Panovska,A5083700031,exact,,name_unique
1433,Mar Benavides,A5020147008,exact,,name_unique
1434,Pietro Sternai,A5066630823,exact,,name_unique
1435,Pablo Ortega,A5033121109,exact,I2799803557,round2_inst
1436,Bieito Fernández Castro,A5068615059,exact,,name_unique
1437,Ylona Van Dinther,A5067792157,exact,I193662353,round2_inst
1438,Jean-Arthur Olive,A5000271211,exact,,name_unique
1439,Zoyne Pedrero Zayas,A5049918410,exact,,name_unique
1440,Sander Nijdam,A5028449814,exact,,name_unique
1441,Steven Goderis,A5062114510,exact,,name_unique
1442,Sergey Lobanov,A5068266479,exact,,round3_semantic
1443,Eleni Anagnostou,A5067306886,exact,,name_unique
1444,Romain Jolivet,A5052546409,exact,,name_unique
1445,Olivier Namur,A5083347283,exact,I99464096,round4_semtie
1446,Wim Thiery,A5049409942,exact,I13469542,round2_inst
1447,Martin Schiller,A5050832722,exact,I124055696,round3_semantic
1448,Andreas Nilsson,A5047834365,exact,I187531555,round3_semantic
1449,Florent Gimbert,A5066809808,exact,I1294671590,round2_inst
1450,Jan Taucher,A5007343280,exact,,name_unique
1451,Pascal Bohleber,A5087770878,exact,I127251866,round2_inst
1452,Jia Chen,A5086814847,exact,I62916508,round4_semtie
1453,Karl Laundal,A5076851651,alias,,round3_semantic
1454,Sascha Brune,A5089281652,exact,I4210152878,round2_inst
1455,Jeffrey Carpenter,A5110861274,exact,,round3_semantic
1456,Naomi Murdoch,A5083763814,exact,,name_unique
1457,Diego Miralles,A5064045661,exact,I32597200,round2_inst
1458,Evelyn Füri,A5030165711,exact,I1294671590,round2_inst
1459,Daniel Herwartz,A5079423760,exact,,name_unique
1460,Wei-Li Hong,A5053211960,exact,I161593684,round2_inst
1461,Jose Alberto Padron Navarta,A5006433996,exact,,name_unique
1462,Catherine Larose,A5037232032,exact,I1294671590,round2_inst
1463,Nicolas Brantut,A5014620465,exact,,round4_semtie
1464,Kjetil Våge,A5012371910,exact,,name_unique
1465,Jan-Hendrik Hehemann,A5062026003,exact,I180437899,round3_semantic
1466,Thorsten Bauersachs,A5016419835,exact,,name_unique
1467,Mustafa Yucel,A5006534189,exact,I201799495,round2_inst
1468,Alexis Licht,A5024215943,exact,,name_unique
1469,Mathew Domeier,A5071984618,exact,,name_unique
1470,Alexander Robinson,A5083919011,exact,I127251866,round2_inst
1471,Sophie Bonnet,A5083944985,exact,I4210166444,round2_inst
1472,Emma Tomlinson,A5109648228,exact,,name_unique
1473,Danilo Di Genova,A5009811976,exact,,name_unique
1474,Cathy Quantin-Nataf,A5029307055,exact,,name_unique
1475,Faysal Bibi,A5038250577,exact,,round4_semtie
1476,Marie Spohn,A5015497931,exact,I298625061,round2_inst
1477,Alida Timar-Gabor,A5016545451,exact,,name_unique
1478,Trude Storelvmo,A5025021005,exact,I184942183,round2_inst
1479,Matti Rissanen,A5073788174,exact,,round3_semantic
1480,Lisa Wingate,A5053808650,exact,,round3_semantic
1481,Chloe Michaut,A5029449490,exact,,round3_semantic
1482,Sander Veraverbeke,A5057471009,exact,,name_unique
1483,Anna Nele Meckler,A5027261508,exact,I4432739,round2_inst
1485,Frederic Moynier,A5036994564,exact,I148261361,round4_semtie
1486,Damien Daval,A5033507984,exact,I1294671590,round2_inst
1487,Yan Lavallée,A5059881705,exact,I8204097,round2_inst
1488,Robert Hilton,A5003424407,exact,I40120149,round4_semtie
1489,Stefano Manzoni,A5036229388,exact,I161593684,round2_inst
1490,Nuria Casacuberta,A5064861795,exact,,name_unique
1491,Ryan Stewart Mcwilliams,A5035523743,exact,,name_unique
1492,Ivana Stiperski,A5008995833,exact,,name_unique
1493,Ana Godinho Ferreira,A5039305073,fuzzy,I45129253,round4_semtie
1494,Erin Louise Mcclymont,A5026762714,alias,I190082696,round2_inst
1495,Hauke Marquardt,A5062735619,exact,,name_unique
1496,Anne Socquet,A5053237040,exact,,name_unique
1497,Alberto Vitale Brovarone,A5009989419,exact,,name_unique
1498,Andrew Hooper,A5091769787,exact,I130828816,round2_inst
1499,Taylor Schildgen,A5044850294,exact,,name_unique
1500,Ilona Anniina Riipinen,A5038776980,alias,I161593684,round2_inst
1501,Zoltan Zajacz,A5020642779,exact,,name_unique
1502,Harsha Bhat Suresh,A5108136706,alias,I1294671590,round2_inst
1503,Wojciech Miloch,A5086688344,alias,I184942183,round2_inst
1504,Madeleine Clare Sperryn White,A5091159076,fuzzy,,round4_semtie
1505,Angela Gallego-Sala,A5011579501,exact,I23923803,round2_inst
1506,Corrado Cimarelli,A5025118057,exact,I8204097,round2_inst
1507,Stijn De Schepper,A5002139453,exact,I4210107808,round3_semantic
1508,Alma Hodzic,A5033843250,exact,I1294671590,round2_inst
1509,Horst Machguth,A5036217745,exact,,name_unique
1510,Mariette Wolthers,A5012559481,exact,,name_unique
1512,Laurent Remusat,A5073103760,exact,,name_unique
1514,Orit Sivan,A5007815935,exact,,name_unique
1515,Bruno Dhuime,A5086220526,exact,I1294671590,round3_semantic
1516,Samuel Jaccard,A5087925100,alias,I97565354,round4_semtie
1517,Adrian Jäggi,A5072456620,exact,I118564535,round2_inst
1518,Michael Sigl,A5023875272,exact,I118564535,round2_inst
1519,Tamsin Mather,A5031862821,alias,I40120149,round2_inst
1520,Christopher Finlay,A5034040026,alias,I96673099,round2_inst
1521,Dominick Spracklen,A5105974048,exact,,name_unique
1522,Gianluca Botter,A5084584851,exact,I138689650,round2_inst
1523,Carlos Perez Garcia-Pando,A5040545550,exact,I2799803557,round3_semantic
1524,Ulrike Herzschuh,A5085075467,exact,I127251866,round2_inst
1525,Thorsten Mauritsen,A5000717001,exact,I161593684,round2_inst
1526,Jan Olaf Mirko Härter,A5082829491,fuzzy,,round4_semtie
1527,Harald Sodemann,A5031563496,exact,,name_unique
1528,Boris Jozef Paul Kaus,A5000595449,alias,I197323543,round2_inst
1529,Francesca Pellicciotti,A5040884723,exact,,name_unique
1530,Richard Katz,A5112814209,exact,,round4_semtie
1531,Karine Sellegri,A5028858445,exact,I1294671590,round4_semtie
1532,Appy Sluijs,A5039737037,exact,I193662353,round2_inst
1533,Riikka Tiivi Mariisa Rinnan,A5046186806,fuzzy,I124055696,round2_inst
1534,Helge Niemann,A5075104775,exact,,round4_semtie
1535,Alessandro Tagliabue,A5049870717,exact,,name_unique
1536,Alfonso Saiz Lopez,A5034553326,exact,I134820265,round2_inst
1537,Vasileios Amoiridis,A5111038879,exact,,name_unique
1538,Christoph Karl Thomas,A5074981980,alias,I54009628,round2_inst
1539,Daniel Roy Parsons,A5014681028,fuzzy,I191240316,round3_semantic
1540,Stephanie Anne Henson,A5075890093,alias,I197940685,round2_inst
1541,Ansgar Kahmen,A5003759297,exact,,name_unique
1542,David Torbjorn Emanuel Bastviken,A5078790493,fuzzy,,round4_semtie
1543,Caroline Louise Peacock,A5012135074,fuzzy,I130828816,round2_inst
1544,Athanasios Nenes,A5001150915,exact,I8901234,round2_inst
1545,Philip Stier,A5087616218,exact,I40120149,round3_semantic
1546,Hagit Pnina Affek,A5046887717,fuzzy,I197251160,round2_inst
1547,Rizlan Bernier-Latmani,A5065088339,exact,I5124864,round2_inst
1548,Rosalind Emily Mayors Rickaby,A5082449899,fuzzy,I40120149,round2_inst
1549,Arwen Fedora Deuss,A5071884555,fuzzy,I193662353,round2_inst
1550,Eric Douglas Galbraith,A5019280918,alias,I123044942,round2_inst
1551,Philip Pogge Von Strandmann,A5063694053,alias,I45129253,round2_inst
1552,Daniel Metcalfe,A5039514583,exact,,round3_semantic
1553,Alejandro Luque Estepa,A5071772697,exact,,name_unique
1554,Razvan Caracas,A5073263693,exact,I1294671590,round2_inst
1555,Maud Boyet,A5040237658,exact,,name_unique
1556,Alexander Nils Knohl,A5051172985,fuzzy,I74656192,round2_inst
1557,Alexandre Jean-Marie Schubnel,A5065572521,fuzzy,I1294671590,round2_inst
1558,Poul Christoffersen,A5026733539,exact,,name_unique
1559,Hendrik Fuchs,A5057217648,exact,I171892758,round3_semantic
1560,Eva Isabel Cacho Lascorz,A5078361408,exact,,name_unique
1561,Thomas Tütken,A5014989469,exact,,name_unique
1562,Wouter Peters,A5071349296,exact,,name_unique
1563,Bas Johannes Henricus Van De Wiel,A5083576492,exact,,name_unique
1564,Tiina Roose,A5042575221,exact,,name_unique
1565,Tetsuya Komabayashi,A5004304222,exact,,name_unique
1566,Sari Hannele Korhonen,A5066081714,fuzzy,,round3_semantic
1567,Maarten Gabriel Kleinhans,A5043958212,fuzzy,I193662353,round2_inst
1568,Guillaume Dupont-Nivet,A5006751458,exact,I1294671590,round2_inst
1569,Benjamin John Murray,A5031447909,alias,I130828816,round2_inst
1570,Sönke Zaehle,A5025734197,exact,,name_unique
1571,Dirk Sachse,A5043648418,exact,,name_unique
1572,Noel Sebastian Keenlyside,A5073806842,alias,I4432739,round2_inst
1573,Mark Adriaan Van Zuilen,A5073115811,fuzzy,I148261361,round2_inst
1574,Thomas Ingo Rafael Walter,A5107934994,fuzzy,I4210152878,round3_semantic
1575,Roland Von Glasow,A5075995207,alias,I1118541,round2_inst
1576,Nicolas Coltice,A5013155157,exact,,name_unique
1577,Martin Gysel Beer,A5069713424,alias,I2802229908,round2_inst
1578,Diego Perugini,A5078724935,exact,I27483092,round3_semantic
1579,Sonia Isabelle Seneviratne,A5011579041,alias,I35440088,round2_inst
1580,Heiko Pälike,A5049627320,exact,,name_unique
1581,Todd Alan Ehlers,A5013062960,alias,I8087733,round2_inst
1582,Hayley Jane Fowler,A5104361505,exact,,name_unique
1583,Thorsten Kleine,A5084879320,alias,I22465464,round2_inst
1584,Martin Elsner,A5017048288,exact,I62916508,round2_inst
1585,Paul Martin Winkler,A5042382547,alias,I129774422,round2_inst
1586,Giulio Di Toro,A5058567673,exact,,name_unique
1588,Anne Mangeney,A5113910058,exact,,name_unique
1589,Martin Bizzarro,A5034179199,exact,I124055696,round2_inst
1590,Reza Darvishi Kamachali,A5050302120,exact,,name_unique
1591,Yu Ogawa,A5062856177,exact,,round3_semantic
1592,Julien Guenole,A5002582587,exact,,name_unique
1593,Yentl Swolfs,A5079902821,exact,,name_unique
1594,Stefan Guldin,A5006811097,exact,I62916508,round2_inst
1595,Miguel Dias Castilho,A5090921422,alias,I83019370,round2_inst
1596,Juan Pellico Saez,A5005397793,exact,,name_unique
1597,Sara Abalde-Cela,A5022060261,exact,,name_unique
1598,Jaana Vapaavuori,A5025488830,exact,,name_unique
1599,Felix Gunkel,A5029467045,exact,,name_unique
1600,Antonino Calà Lesina,A5030456537,alias,,round3_semantic
1601,Jonathan Leliaert,A5034058474,exact,,name_unique
1602,Xuekun Lu,A5024838764,exact,I166337079,round3_semantic
1603,Karel Zidek,A5028466313,exact,,name_unique
1604,Giulia Grancini,A5045697365,exact,,name_unique
1605,Jagoda Slawinska,A5068268395,alias,I169381384,round2_inst
1606,Rui Domingues,A5099438277,exact,,round3_semantic
1607,Assaf Gal,A5058222746,exact,,name_unique
1608,Pablo P Boix,A5040052910,alias,I134820265,round2_inst
1609,Samuel Jones,A5112461629,exact,,round3_semantic
1610,Oana Cojocaru-Mirédin,A5083110362,exact,,name_unique
1611,Clara Rodrigues Pereira,A5073987834,exact,,name_unique
1612,Sandra Korte-Kerzel,A5079544735,exact,,name_unique
1613,Iñigo Ramiro,A5018426124,alias,,round4_semtie
1614,Jose Lado,A5026208796,alias,I9927081,round2_inst
1615,Samuel Stranks,A5077878068,alias,I241749,round2_inst
1616,Karin Leistner,A5008244988,exact,,name_unique
1618,Ferry Prins,A5066653294,exact,,name_unique
1619,Fabian Meder,A5080178391,exact,,name_unique
1620,Stefan Pogatscher,A5091736804,exact,,name_unique
1621,Simone Fabiano,A5072746455,exact,,name_unique
1622,Tong Li,A5100359057,exact,,round4_semtie
1623,Amelie Heuer-Jungemann,A5066800511,exact,,name_unique
1624,Manuel Mendes,A5103481221,exact,,round4_semtie
1625,Kunal Masania,A5082870560,exact,,name_unique
1626,Ian Marius Peters,A5061704673,exact,,name_unique
1627,Justin Zoppe,A5050775278,alias,,round3_semantic
1628,Ulrich Wilhelm Paetzold,A5083057729,alias,I102335020,round2_inst
1629,Sergio Fernandez Garrido,A5053351691,exact,,name_unique
1630,Johanna Rosen,A5077791406,exact,,round3_semantic
1631,Sabine Van Rijt,A5007398191,exact,,name_unique
1632,Jaime Martin,A5103086995,exact,I11019714,round2_inst
1633,Yana Vaynzof,A5088452379,exact,,name_unique
1634,Matthew Baker,A5092785906,exact,,round3_semantic
1635,Magnus Jonsson,A5058883682,exact,,round4_semtie
1636,Anna Sandak,A5023451581,exact,,round3_semantic
1637,Christian Müller,A5027252979,exact,I66862912,round2_inst
1638,Teresa Pellegrino,A5012179244,exact,I30771326,round2_inst
1639,Laura De Laporte,A5068458769,exact,,name_unique
1640,Rob Ameloot,A5007730201,exact,,name_unique
1641,Feng Gao,A5100729278,exact,,round4_semtie
1642,Mahmoud Tavakoli,A5059837485,exact,I76903346,round2_inst
1643,Sedat Nizamoglu,A5009830839,exact,,name_unique
1644,Alessio Zaccone,A5087484656,exact,,name_unique
1645,Arri Priimagi,A5029202496,exact,,name_unique
1646,Morten Smedskjaer,A5022182707,alias,I891191580,round2_inst
1647,Christoph Kirchlechner,A5065769313,exact,I102335020,round2_inst
1648,Juan Jose Vilatela,A5043783689,alias,I4210090776,round2_inst
1649,Viviana Cavaliere,A5105786214,exact,,round4_semtie
1650,Jordy De Vries,A5039841302,exact,I887064364,round2_inst
1651,Bruno Bertini,A5053950593,exact,I79619799,round2_inst
1652,Risto Paatelainen,A5082694724,exact,,name_unique
1653,Savvas Zafeiropoulos,A5015748226,exact,,name_unique
1654,Stefan Schoppmann,A5019969240,alias,I197323543,round2_inst
1655,Martin Fertl,A5026810489,alias,I197323543,round2_inst
1656,Mikael Chala,A5067950961,alias,I173304897,round2_inst
1657,Karoline Schäffner,A5026083116,alias,I149899117,round2_inst
1658,Tim Langen,A5006507974,exact,I145847075,round2_inst
1659,Maksym Serbyn,A5058270233,exact,,name_unique
1660,Philippe Faist,A5015485393,exact,,name_unique
1661,Eleonora Viezzer,A5065893910,alias,I79238269,round2_inst
1662,Dermot Green,A5053884884,alias,I126231945,round2_inst
1663,Clara Saraceno,A5034606461,alias,,round3_semantic
1664,Franz Herzog,A5054539660,exact,I98677209,round4_semtie
1665,Christoph Heyl,A5009574599,exact,,round4_maxpapers
1666,Mark Mezei,A5045219483,exact,,name_unique
1667,Michele Del Zotto,A5042502780,exact,,name_unique
1668,Tim Schröder,A5113883170,exact,,round3_semantic
1669,Mikkel Brydegaard,A5057068419,exact,,name_unique
1670,Jacob Friedrich Finkenrath,A5043006782,alias,I167360494,round2_inst
1671,Johannes Schachenmayer,A5066481241,exact,,name_unique
1672,Andreas Reiserer,A5027281469,exact,,name_unique
1673,Astrid Eichhorn,A5010105121,exact,,round3_semantic
1674,Adam Nahum,A5082537491,exact,,name_unique
1675,Mathew Bullimore,A5000321382,exact,,name_unique
1676,Vedran Dunjko,A5069043772,exact,,name_unique
1677,Hanieh Fattahi,A5066534247,exact,I149899117,round2_inst
1678,Valentina Sola,A5107398837,exact,,round4_semtie
1679,Gergely Endrödi,A5044985948,exact,,name_unique
1680,Xin-Yu Luo,A5101201805,exact,,round3_semantic
1681,Jutho Haegeman,A5023227620,exact,,name_unique
1682,Heikki Mäntysaari,A5026189734,exact,,name_unique
1683,Massimo Taronna,A5030425722,exact,,name_unique
1684,Guilherme Leite Pimentel,A5047576925,alias,,round3_semantic
1685,Erez Zohar,A5001091267,exact,,name_unique
1686,Christian Graeff,A5014043673,exact,,name_unique
1687,Pawel Caputa,A5011483650,alias,I161593684,round2_inst
1688,Ido Kaminer,A5013737776,exact,,name_unique
1689,Irene Tamborra,A5050111334,exact,,name_unique
1690,Johannes Fink,A5027590875,alias,I157556583,round2_inst
1691,Marco Vignati,A5014501937,exact,,name_unique
1692,Tetiana Hryn'Ova,A5107850624,exact,,round3_semantic
1693,Marius De Leeuw,A5051810823,exact,,name_unique
1694,Michal Heller,A5002338473,exact,,name_unique
1695,Quentin Glorieux,A5024990264,exact,,name_unique
1696,Thomas Cocolios,A5107279540,exact,,name_unique
1697,Ewold Verhagen,A5027428364,exact,,name_unique
1698,Balt Van Rees,A5054152988,alias,,round3_semantic
1699,Onur Hosten,A5075954157,exact,,name_unique
1700,Costanza Toninelli,A5045443211,exact,,name_unique
1701,Luca Pattavina,A5011491326,alias,I189158943,round2_inst
1702,John Bulava,A5044832810,exact,,name_unique
1703,Witlef Wieczorek,A5032787487,exact,,name_unique
1704,Marcello Dalmonte,A5064982000,exact,,name_unique
1705,Konstantinos Makris,A5023942499,exact,,round3_semantic
1706,Elli Pomoni,A5052712877,exact,I2801876189,round2_inst
1707,Marcus Huber,A5027058735,exact,I145847075,round2_inst
1708,Miguel Fernandes Paulos,A5025389654,alias,I1294671590,round2_inst
1709,Pier Francesco Monni,A5086971524,exact,,name_unique
1710,Mikko Voutilainen,A5015158727,exact,I133731052,round2_inst
1711,Nathan Goldman,A5083932690,exact,I132053463,round2_inst
1712,Claude Duhr,A5058702281,exact,,name_unique
1713,Josef Pradler,A5020423839,exact,,name_unique
1714,Magdalena Kowalska,A5101000304,exact,,round3_semantic
1715,Silke Ospelkaus-Schwarzer,A5023176936,exact,,name_unique
1716,Frederico Ricardo Pereira Fiuza,A5086315895,fuzzy,,round4_semtie
1717,Lorenzo Bianchini,A5013310906,exact,I108290504,round2_inst
1718,Jan Klaers,A5050666468,exact,,name_unique
1719,Frank Tackmann,A5070951603,alias,I2801876189,round2_inst
1720,Kalliopi Petraki,A5042908077,exact,,name_unique
1721,Robert Tohru Koenig,A5110721810,fuzzy,I62916508,round2_inst
1722,Akitaka Ariga,A5020028119,exact,,name_unique
1723,Evgeny Skvortsov,A5012434393,exact,I130929987,round2_inst
1724,Kathrin Wimmer,A5113606168,exact,,name_unique
1725,Darrick Chang,A5083419995,alias,,round3_semantic
1726,Philippe Corboz,A5055142434,exact,I887064364,round2_inst
1727,Albert Schliesser,A5082293397,alias,I124055696,round2_inst
1728,Simon Gröblacher,A5112342934,exact,I98358874,round2_inst
1729,Leticia Cunqueiro Mendez,A5105587381,exact,,name_unique
1730,Caterina Doglioni,A5101160299,exact,,name_unique
1731,Leticia Tarruell Pellegrin,A5068132442,fuzzy,,round4_maxpapers
1732,John Travers,A5063053033,exact,,round4_maxpapers
1733,Nirit Dudovich,A5044753979,exact,,name_unique
1734,Claudia Nones,A5103625997,exact,I2738703131,round2_inst
1735,Alberto Amo Garcia,A5046733872,exact,,name_unique
1736,Nikolay Gromov,A5041807424,exact,I183935753,round2_inst
1737,Pierre Brun,A5104062094,exact,I2738703131,round2_inst
1738,Matthias Schott,A5104534861,exact,I197323543,round4_semtie
1739,Bernhard Hidding,A5047481441,alias,,round3_semantic
1740,Francesco Benini,A5037607367,exact,,name_unique
1741,Christopher Beem,A5029616911,exact,I40120149,round2_inst
1742,Norbert Schuch,A5072029219,exact,,name_unique
1744,Dmitry Abanin,A5018660847,alias,I114457229,round2_inst
1745,Jérôme Beugnon,A5108136659,exact,,name_unique
1746,Christoph Weniger,A5021706010,exact,,name_unique
1747,Massimiliano Fiorini,A5060629473,alias,,round3_semantic
1748,Olivier Arcizet,A5089031806,alias,I1294671590,round2_inst
1749,Valentina Parigi,A5009445355,exact,,name_unique
1750,Elisabetta Baracchini,A5108331255,exact,I4210150763,round4_semtie
1751,Jonathan Home,A5035728336,exact,,name_unique
1752,Rafael Alejandro Porto Pereira,A5106977284,fuzzy,,round4_semtie
1753,Mustapha Laatiaoui,A5104470432,alias,I197323543,round2_inst
1754,Paolo Crivelli,A5103220233,exact,,round4_maxpapers
1755,Justine Serrano,A5107791943,exact,,name_unique
1756,Razvan-Gheorghe Gurau,A5010413904,alias,,round3_semantic
1757,Reinhild Fatima Yvonne Peters,A5104088048,alias,I28407311,round2_inst
1758,Daniele Brida,A5082810697,exact,,name_unique
1759,Simon David Badger,A5017973670,alias,I55143463,round2_inst
1760,Anu Kankainen,A5044839828,alias,I94722563,round2_inst
1761,Maurizio Pierini,A5105717303,exact,,round4_semtie
1762,Pasquale Calabrese,A5076249507,exact,I138549579,round2_inst
1763,Sinead Marie Farrington,A5102849626,alias,I98677209,round2_inst
1764,Ronald Hanson,A5080823740,exact,I98358874,round2_inst
1766,Lode Pollet,A5071684320,exact,,name_unique
1767,Stefanie Simone Gräfe,A5083954031,fuzzy,,round4_semtie
1768,Sebastian Hofferberth,A5030458279,exact,,name_unique
1769,Nicola Neri,A5109772363,exact,,round4_semtie
1770,Harvey Byron Meyer,A5054527590,fuzzy,I197323543,round4_semtie
1771,Mariana Grana,A5013959907,exact,,name_unique
1772,Olaf Hohm,A5047589697,exact,,name_unique
1773,Nicola Poli,A5019711181,exact,,round3_semantic
1774,Johannes Martin Henn,A5066875521,fuzzy,I149899117,round2_inst
1775,Aleksi Vuorinen,A5071046514,exact,,name_unique
1776,Alexander Schmidt,A5087874713,exact,,round4_semtie
1777,Aldo Sady Antognini,A5013618600,alias,I2802229908,round2_inst
1778,Thomas Zentgraf,A5051981300,exact,,name_unique
1779,Wolfram Pernice,A5046032592,exact,,name_unique
1780,Alexandre Obertelli,A5075753843,alias,I31512782,round2_inst
1781,Magdalena Djordjevic,A5034480189,exact,,name_unique
1782,Benjamin Wolf Freivogel,A5015191174,fuzzy,,round3_semantic
1783,Christine Ella Silberhorn,A5036934564,fuzzy,I206945453,round2_inst
1784,Selim Chandra Dominik Jochim,A5076896437,fuzzy,,round3_semantic
1785,Vladimir Gligorov,A5114466940,exact,,round3_semantic
1786,Sylvain Herve Gigan,A5043933499,fuzzy,I1294671590,round4_semtie
1787,Aleksandra Maria Walczak,A5016850339,fuzzy,I1294671590,round4_maxpapers
1788,Marc Tobias Schumann,A5102951517,fuzzy,,round4_maxpapers
1789,Yury Litvinov,A5020045922,alias,I169556180,round2_inst
1790,Tuomas Veli Valtteri Lappi,A5089748557,fuzzy,,round4_maxpapers
1791,Andrea Longhin,A5101932677,alias,I138689650,round2_inst
1792,Barbara Terhal,A5058819109,alias,I98358874,round2_inst
1793,Yann Mairesse,A5063348099,alias,I1294671590,round2_inst
1794,Sakura Schafer-Nameki,A5062397066,exact,I40120149,round2_inst
1795,Cesar Domingo Pardo,A5106454890,exact,,round3_semantic
1796,Tomer Volansky,A5050349688,exact,,name_unique
1797,Alexander Dimitrov Mitov,A5064611547,fuzzy,I241749,round2_inst
1798,Sameer Venkatesha Murthy,A5025106432,fuzzy,I183935753,round2_inst
1799,Zoran Hadzibabic,A5010052434,exact,,name_unique
1800,Gary Alexander Steele,A5042843637,alias,I98358874,round3_semantic
1801,Francesca Ferlaino,A5055944638,exact,,name_unique
1802,Hans Peter Büchler,A5008317735,exact,,name_unique
1803,Antonin Vacheret,A5103825356,exact,I47508984,round2_inst
1804,Otfried Gühne,A5007599678,exact,,name_unique
1805,Stuart Peter David Mangles,A5018979664,alias,I47508984,round2_inst
1806,Leonardo Fallani,A5013710925,alias,I45084792,round2_inst
1807,Alessandro Bacchetta,A5025191314,exact,I25217355,round4_semtie
1808,Reinhard Kienberger,A5085130425,exact,I62916508,round2_inst
1809,Mark Douglas Hannam,A5024179129,fuzzy,I79510175,round2_inst
1810,Ruth Britto,A5004298140,exact,I205274468,round2_inst
1811,Malcolm Douglas Stephen Fairbairn,A5061681290,fuzzy,I183935753,round2_inst
1812,Peter Gerhard Baum,A5000240801,fuzzy,I189712700,round2_inst
1813,Sebastian Ludwig Diehl,A5031042601,fuzzy,I180923762,round2_inst
1814,Giulia Manca,A5104754436,exact,,round4_semtie
1815,Kieran Thomas Joseph Flanagan,A5021458687,fuzzy,,round3_semantic
1816,Piero Giubilato,A5105359926,exact,,name_unique
1817,James Matthew Drummond,A5001537398,fuzzy,,round4_semtie
1818,Uriel Levy,A5014032344,exact,,name_unique
1819,Vitor Manuel Dos Santos Cardoso,A5062339776,exact,,name_unique
1820,Walter Winter,A5008473973,exact,I2801876189,round2_inst
1821,Lucio Cerrito,A5114643364,exact,I116067653,round2_inst
1822,Corinna Susan Kollath,A5107439390,fuzzy,I135140700,round2_inst
1823,Tünde-Maria Fülöp,A5091859675,alias,I66862912,round2_inst
1824,Jeremy Lloyd O'Brien,A5011294609,fuzzy,,round4_semtie
1825,Markus Aspelmeyer,A5073463154,exact,I129774422,round4_semtie
1826,Romain Roger Quidant,A5070996686,fuzzy,I35440088,round2_inst
1827,Frank Paul Bernard Verstraete,A5001154267,fuzzy,I32597200,round2_inst
1828,Tobias Johannes Jakob Boris Christoph Schätz,A5065642406,fuzzy,,round4_maxpapers
1829,Shuang Zhang,A5100321581,exact,I79619799,round4_semtie
1830,Dario Polli,A5039440957,exact,,name_unique
1831,Jens Limpert,A5003592165,exact,,name_unique
1832,Sebastien André Marcel Bize,A5106859499,fuzzy,,round3_semantic
1833,Gianluca Cavoto,A5100986058,exact,,name_unique
1834,Niklas Frederik Beisert,A5003736428,fuzzy,I35440088,round2_inst
1835,Giulia Zanderighi,A5087557958,exact,,name_unique
1836,Roee Ozeri,A5038915880,exact,I53964585,round4_semtie
1837,Arno Rauschenbeutel,A5005767738,exact,,name_unique
1838,Rene Reifarth,A5022537620,alias,,round3_semantic
1840,Fatih Ömer İlday,A5070012075,alias,I168864056,round2_inst
1841,Silvia Pascoli,A5038469819,exact,I190082696,round4_semtie
1842,Antonio Acín,A5006366861,exact,,name_unique
1843,Florian Schreck,A5090734364,exact,,name_unique
1844,Riccardo Raabe,A5001631448,alias,I99464096,round2_inst
1845,Mukund Rangamani,A5035799753,exact,,name_unique
1846,Gilad Perez,A5103551312,exact,I53964585,round4_semtie
1847,Markus Cristinziani,A5032186284,alias,I135140700,round2_inst
1848,Michael Karl Köhl,A5007305674,exact,,name_unique
1849,Thomas Pfeifer,A5038592632,exact,I149899117,round2_inst
1850,Radha Boya,A5029687421,alias,I28407311,round2_inst
1851,Francisco José Rodríguez Fortuño,A5066800874,exact,,name_unique
1852,Beatriz Seoane Bartolomé,A5032532501,exact,,name_unique
1853,Romana Schirhagl,A5034861930,exact,,name_unique
1854,Oded Zilberberg,A5020663425,exact,,name_unique
1855,Karen Alim,A5072246313,exact,,name_unique
1856,Andrej Pustogow,A5066837955,exact,,name_unique
1857,Anupam Sengupta,A5070447077,exact,I186903577,round2_inst
1858,Christopher Eichler,A5087273790,exact,,name_unique
1859,Shelly Conroy,A5114197664,exact,,name_unique
1860,Christian Schneider,A5101476329,exact,I129877168,round3_semantic
1861,Michael Knap,A5020137286,exact,,name_unique
1862,Toeno Van Der Sar,A5085376455,exact,,name_unique
1863,Dominik Kraus,A5029104997,exact,,round4_maxpapers
1864,Joshua D. Mcgraw,A5000839932,exact,,name_unique
1865,Matthias Althammer,A5049392880,exact,,name_unique
1866,Florian Kaiser,A5075071583,exact,I4210112527,round2_inst
1867,Matjaz Humar,A5071582293,exact,,name_unique
1868,Martin Setvin,A5091049707,exact,,name_unique
1869,Hanumantha Rao Vutukuri,A5057326213,exact,,name_unique
1870,Nahid Talebi,A5057562421,exact,I3133086891,round2_inst
1871,Nicola Poccia,A5042543177,exact,,name_unique
1872,Ariel Amir,A5080479523,exact,I53964585,round3_semantic
1873,Lev Vidmar,A5048914591,exact,,name_unique
1874,Michael Sentef,A5089228515,alias,I180437899,round2_inst
1875,Julia Herzen,A5068706792,exact,I62916508,round2_inst
1876,Søren Ulstrup,A5003613421,exact,,name_unique
1877,Elena Hassinger,A5051002850,exact,,name_unique
1878,Chase Broedersz,A5086345793,alias,,round3_semantic
1879,Yonathan Anahory,A5040507920,exact,,name_unique
1880,Basile Gallet,A5011397101,exact,,name_unique
1881,Moshe Ben Shalom,A5088836116,alias,I16391192,round3_semantic
1882,Andreas Grüneis,A5106426860,exact,,name_unique
1883,Filipe Maia,A5110308515,exact,,round4_maxpapers
1884,Aljaz Godec,A5069415060,exact,,name_unique
1885,Juan Carlos Rojas Sanchez,A5106928968,exact,I1294671590,round2_inst
1886,Miguel Moreno Ugeda,A5064737524,alias,I47686490,round2_inst
1887,Janine Splettstoesser,A5059725737,exact,,name_unique
1888,Ville Maisi,A5008861565,alias,I187531555,round2_inst
1889,Annica Black-Schaffer,A5051714581,alias,I123387679,round2_inst
1890,Péter Makk,A5008130947,exact,I29770179,round2_inst
1891,Jeremie Palacci,A5055738338,exact,I157556583,round2_inst
1892,Philip J. W. Moll,A5058433117,exact,,name_unique
1893,Thomas Salez,A5062740465,exact,,name_unique
1894,David Zwicker,A5065588007,exact,I149899117,round2_inst
1895,Mathias Weiler,A5033325689,exact,,name_unique
1896,Milan Peter Allan,A5062411072,fuzzy,I121797337,round2_inst
1897,Søren Stobbe,A5038672335,exact,,name_unique
1898,Jan Brugues,A5078337827,exact,,name_unique
1899,Stefan Kaiser,A5102101195,exact,,round3_semantic
1900,Norberto Daniel Lanzillotti Kimura,A5062197589,exact,,name_unique
1901,Adolfo Gonzalez Grushin,A5005726619,alias,,round3_semantic
1902,Ajit Srivastava,A5050940255,exact,,round3_semantic
1903,Pablo Alonso Gonzalez,A5078591848,exact,I165339363,round4_semtie
1904,Amalio Fernandez-Pacheco,A5000953006,exact,,name_unique
1905,Lucio Isa,A5015679746,exact,,name_unique
1906,Silvia Vignolini,A5050782114,exact,I241749,round3_semantic
1907,Marco Schiro,A5006823740,exact,I1294671590,round2_inst
1908,Alexey Chernikov,A5088371748,exact,,round4_semtie
1909,Yael Roichman,A5006907582,exact,,name_unique
1910,Jens Hjorleifur Bardarson,A5026043009,alias,I86987016,round2_inst
1911,Giovanni Volpe,A5010589630,exact,I881427289,round3_semantic
1912,Robert Vácha,A5065633302,exact,,name_unique
1913,Christine Johanna Maria Selhuber-Unkel,A5048143369,fuzzy,,round3_semantic
1914,Roman Gorbachev,A5104360440,exact,,round3_semantic
1915,Ricardo Dos Santos Duarte Vieira Henriques,A5091615668,fuzzy,,round4_semtie
1916,Nicolas Roch,A5008465282,exact,I1294671590,round2_inst
1917,Dennis Meier,A5041645777,exact,I204778367,round2_inst
1918,Robert Prevedel,A5062597899,exact,I4210138560,round2_inst
1919,Francesco Cardarelli,A5073809598,exact,,round4_semtie
1920,Vincent Jacques,A5075122850,exact,I1294671590,round4_semtie
1921,Ingmar Swart,A5006317862,exact,,name_unique
1922,Luca Giomi,A5070376252,exact,,name_unique
1923,Marie-Aude Measson,A5001149838,exact,,name_unique
1924,Patrick Maletinsky,A5021879783,exact,,name_unique
1925,Pierre Thibault,A5019680990,exact,I142444530,round3_semantic
1926,Beena Kalisky,A5055462627,exact,,name_unique
1927,Benjamin Sacépé,A5090774583,exact,,name_unique
1928,Thomas Jespersen,A5039588653,exact,,name_unique
1929,Yanko Todorov,A5082924162,exact,I1294671590,round2_inst
1930,Christoph Stampfer,A5001060363,exact,,name_unique
1931,Marie-Ingrid Richard,A5069136323,exact,I2738703131,round2_inst
1932,Pietro Tierno,A5044821677,exact,,name_unique
1933,Erez Berg,A5080237536,exact,I53964585,round2_inst
1934,Kinneret Magda Keren,A5082583378,fuzzy,I174306211,round2_inst
1935,Christian Lukas Degen,A5057491317,alias,I35440088,round2_inst
1936,Edward Laird,A5106571712,exact,,round4_semtie
1937,Wiebke Drenckhan-Andreatta,A5058252309,alias,I1294671590,round2_inst
1938,Binghai Yan,A5046399891,exact,I53964585,round2_inst
1939,Suliana Manley,A5014389184,exact,,name_unique
1941,Alexander Khajetoorians,A5008550693,alias,I145872427,round2_inst
1942,Guillaume Arthur Francois Schull,A5076893471,fuzzy,I1294671590,round2_inst
1943,Stephanie Reich,A5045431784,exact,I75951250,round2_inst
1944,Frank Pollmann,A5049927722,exact,I62916508,round2_inst
1945,Suchitra Sebastian,A5025591471,alias,I241749,round2_inst
1946,Guillaume Frédéric Marcel Baffou,A5036617739,fuzzy,I1294671590,round2_inst
1947,Georg Fantner,A5077783881,alias,I5124864,round2_inst
1948,Fabrizio Carbone,A5030346068,exact,I5124864,round2_inst
1949,Alexander Hoegele,A5110509198,exact,I8204097,round4_semtie
1950,Kristian Sommer Thygesen,A5067980873,alias,I96673099,round2_inst
1951,John Julian Larrarte Morton,A5070143479,fuzzy,I45129253,round3_semantic
1953,Ivan Guilhem Daniel Favero,A5033271744,fuzzy,I1294671590,round4_semtie
1954,Sandra Van Aert,A5085957218,exact,,name_unique
1955,Gregor Koblmueller,A5108259248,exact,,name_unique
1956,Sebastian Huber,A5052224892,exact,,round3_semantic
1957,Brian David Gerardot,A5079516724,fuzzy,I32062511,round2_inst
1958,Virginie Chamard,A5075664474,exact,I1294671590,round4_semtie
1959,Jonas Ries,A5028735345,exact,,name_unique
1960,Isabelle Cantat,A5000372089,exact,,name_unique
1961,Hendrik Dietz,A5072507626,exact,I62916508,round4_semtie
1963,Sarah Friederike Koester,A5059884782,fuzzy,,round3_semantic
1964,Philipp Werner,A5086215751,exact,I154338468,round2_inst
1965,Massimiliano Stengel,A5053056300,exact,,name_unique
1966,Roel Petrus Angela Dullens,A5079601883,fuzzy,I145872427,round2_inst
1967,Pascal Rene Sebastien Hersen,A5068511908,fuzzy,I1294671590,round2_inst
1969,Luca De' Medici,A5107008454,exact,,round3_semantic
1971,Frank Henricus Louis Koppens,A5019599310,alias,,round3_semantic
1972,Ralf Seidel,A5038884435,exact,,round3_semantic
1973,Christian Reinhard Ast,A5027387996,alias,I149899117,round2_inst
1974,Julie Grollier,A5035082537,exact,I1294671590,round3_semantic
1975,Samir Lounis,A5071704889,exact,,name_unique
1976,Rosalind Allen,A5008090242,exact,,name_unique
1977,Paul Andrew Goddard,A5076416474,fuzzy,I39555362,round2_inst
1978,Ralph Bernhard Ernstorfer,A5046414081,fuzzy,I149899117,round2_inst
1979,Michael Le Bars,A5010885870,exact,I1294671590,round2_inst
1980,Christian Rueegg,A5055112787,exact,,name_unique
1981,Fernando Moreno-Herrero,A5018736467,exact,I134820265,round2_inst
1982,Emanuela Zaccarelli,A5024556594,exact,,round3_semantic
1983,Massimiliano Gennaro Esposito,A5023030824,fuzzy,I186903577,round3_semantic
1984,Eric Jean-Marie Lauga,A5089282115,alias,,round3_semantic
1985,Mikko Pentti Matias Möttönen,A5047643849,fuzzy,I9927081,round2_inst
1986,Jasper Van Der Gucht,A5074132674,exact,,name_unique
1987,Tobias Kampfrath,A5024467226,exact,,name_unique
1988,Andras Kis,A5026176713,exact,I5124864,round2_inst
1990,Ulrich Felix Keyser,A5053044199,alias,I241749,round2_inst
1991,Gwendal Feve,A5082284569,exact,,name_unique
1992,Jan Kunes,A5107928333,exact,,round4_maxpapers
1993,Nicolas David Minc,A5033215238,fuzzy,I1294671590,round2_inst
1994,Christian Peter Hess,A5101849481,fuzzy,I3018417779,round2_inst
1995,Claire Wilhelm,A5034456156,exact,I204730241,round2_inst
1996,Tommaso Fellin,A5032412662,exact,I30771326,round3_semantic
1997,Yoel Stephane Forterre,A5043915497,fuzzy,I1294671590,round2_inst
1998,Martin Peter Weides,A5023404921,fuzzy,I7882870,round2_inst
1999,Andrew James Ferguson,A5023302612,fuzzy,I241749,round2_inst
2000,Shahal Ilani,A5008232749,exact,,name_unique
2001,Alexander Grueneis,A5114010928,exact,,name_unique
2002,Oliver Aneurin Williams,A5065233782,alias,I79510175,round2_inst
2003,Javier Eulogio Villegas Hernandez,A5012793738,exact,,name_unique
2004,Davide Marenduzzo,A5001134453,exact,,name_unique
2005,Eddy Charles Eric Collin,A5065496328,fuzzy,I1294671590,round2_inst
2006,Nicolas Mordant,A5052897496,exact,I899635006,round2_inst
2007,Mika Antero Sillanpää,A5103183710,fuzzy,I9927081,round3_semantic
2008,Patrice Emmanuel Bertet,A5033073814,fuzzy,I2738703131,round2_inst
2009,Francesco Giazotto,A5059450888,exact,,round4_semtie
2010,Cristiano Ciuti,A5084984852,exact,,name_unique
2011,Silke Biermann,A5067618257,exact,,round3_semantic
2012,Benoît Ladoux,A5005890720,exact,,name_unique
2013,Stephan Erich Reitzenstein,A5076333546,fuzzy,I4577782,round2_inst
2014,Pietro Cicuta,A5045269326,exact,,name_unique
2015,Manuel Alain Bibes,A5016698882,fuzzy,,round4_maxpapers
2016,Christopher Patrick (Paddy) Royall,A5104268794,fuzzy,,round3_semantic
2017,Katharina Jennifer Franke,A5058850173,alias,I75951250,round2_inst
2018,Francesco De Angelis,A5105761882,exact,I30771326,round4_semtie
2019,Mete Atature,A5052134684,exact,,name_unique
2020,Jacobus Hendrikus Snoeijer,A5046945682,exact,,name_unique
2021,Alexander Brinkman,A5088284608,exact,,name_unique
2022,Freddy Bouchet,A5043527868,exact,I1294671590,round2_inst
2023,Marc Garcia Borràs,A5064302725,exact,,name_unique
2024,Dennis Kurzbach,A5034707857,exact,,name_unique
2025,Basile Curchod,A5085817833,alias,I36234482,round2_inst
2026,Chih-Jen Shih,A5084655324,exact,I35440088,round2_inst
2027,Roberto Rizzato,A5079611641,exact,I62916508,round2_inst
2028,Robert Weatherup,A5059650739,exact,,round4_semtie
2029,Jian Cui,A5070103974,exact,,round3_semantic
2030,Simon Olsson,A5022575407,exact,I66862912,round2_inst
2031,Brianna Heazlewood,A5041821375,alias,I146655781,round2_inst
2032,Thomas Jagau,A5045088990,alias,I99464096,round2_inst
2033,Nikolay Kosinov,A5052823556,exact,I83019370,round3_semantic
2034,Cornelia Meinert,A5019519555,exact,I1294671590,round4_semtie
2035,Peter Ngene,A5018736655,exact,,name_unique
2036,Ilia Kaminker,A5057678945,exact,,name_unique
2037,Ida-Marie Høyvik,A5017591549,exact,,name_unique
2038,Evan Spruijt,A5022792563,exact,,name_unique
2039,Sergii Pud,A5065581707,exact,,round4_semtie
2040,Mariana Rossi Carvalho,A5004120070,exact,,name_unique
2041,Shuxia Tao,A5037141618,exact,,name_unique
2042,Anne Schuetz,A5033131145,exact,,round3_semantic
2043,Karl Börjesson,A5057304913,exact,,name_unique
2044,Patricia Abellan,A5001002298,exact,,name_unique
2045,Noelia Barrabes,A5048108617,exact,,name_unique
2046,Cristobal Perez Cuadrado,A5021587506,exact,,name_unique
2047,Anneli Kruve,A5028953299,exact,,name_unique
2048,Stefan Weber,A5101911083,exact,I100066346,round2_inst
2049,Benjamin Fingerhut,A5091634481,alias,I8204097,round2_inst
2050,Sandro Heuke,A5048010612,exact,,name_unique
2051,Michal Leskes,A5043746490,exact,,name_unique
2052,Jean-Nicolas Dumez,A5014310932,exact,,name_unique
2053,Robert Seidel,A5045272640,exact,,round4_semtie
2054,Massimiliano Bonomi,A5056483461,exact,,name_unique
2055,Rasmus Linser,A5065078318,exact,,name_unique
2056,Julien Orts,A5027124241,exact,,name_unique
2057,Alexander Buell,A5109473024,exact,,name_unique
2058,Silvia Osuna Oliveras,A5038965707,exact,,name_unique
2059,Ioachim Pupeza,A5084605608,exact,,name_unique
2060,An Ghysels,A5015471372,exact,,name_unique
2061,David Alsteens,A5071387345,exact,,name_unique
2062,Frank Biedermann,A5081774854,exact,,name_unique
2063,Willem Noorduin,A5065762620,alias,,round3_semantic
2064,Lars Heinke,A5082394369,exact,,round3_semantic
2065,Nicolas Plumere,A5037500147,exact,,name_unique
2066,Benedikt Fritz Warth,A5041929818,fuzzy,I129774422,round2_inst
2067,Ali Hassanali,A5088078305,exact,,name_unique
2068,Sami Jannin,A5059709361,exact,,name_unique
2069,Christoph Langhammer,A5049419508,exact,,name_unique
2070,Csaba Janaky,A5075233752,exact,,name_unique
2071,Tom De Greef,A5054155955,alias,I83019370,round3_semantic
2072,Andrew Baldwin,A5042083785,exact,,round3_semantic
2073,Jochen Mikosch,A5086245044,exact,,name_unique
2074,Vittorio Limongelli,A5026034661,exact,,name_unique
2075,Jakob Doganli-Kibsgaard,A5047292046,alias,I96673099,round2_inst
2076,Tuomas Pertti Jonathan Knowles,A5041530719,fuzzy,I241749,round3_semantic
2077,Susan Perkin,A5015798358,exact,,name_unique
2078,Michele Ceriotti,A5021241296,exact,,name_unique
2079,Kasper Dyrberg Rand,A5052615670,alias,I124055696,round2_inst
2080,Jan Lipfert,A5010576393,exact,,name_unique
2081,Frauke Gräter,A5054677759,exact,,name_unique
2082,Andreas Dahlin,A5086078070,exact,I66862912,round2_inst
2083,Tonya Oleg Vitova,A5066727532,fuzzy,I102335020,round2_inst
2084,Koen Vandewal,A5009368260,exact,,name_unique
2085,Hagen Hofmann,A5036917964,exact,,name_unique
2086,Gareth Parkinson,A5041603922,alias,I145847075,round2_inst
2087,Kevin Pagel,A5007527719,exact,I75951250,round4_semtie
2088,Oren Tal,A5061253584,exact,I53964585,round2_inst
2089,Peter Zijlstra,A5064494577,exact,I83019370,round2_inst
2090,Claire Wilhelm,A5034456156,exact,I1294671590,round4_semtie
2091,Fredrik Westerlund,A5090791975,exact,I66862912,round2_inst
2092,David Glowacki,A5001229826,alias,I200284239,round2_inst
2093,Ifan Stephens,A5039064548,alias,I47508984,round2_inst
2094,Artem Mishchenko,A5081648095,exact,I28407311,round2_inst
2095,Pierre-Francois Loos,A5039205389,exact,I1294671590,round2_inst
2097,Ian Sharp,A5031324609,exact,,round4_semtie
2098,Benjamin Rotenberg,A5077004852,exact,,name_unique
2099,Kylie Vincent,A5003568078,alias,I40120149,round2_inst
2100,Alfonso De Simone,A5078520379,exact,I71267560,round2_inst
2101,Giovanni Maria Pavan,A5104123179,alias,I177477856,round3_semantic
2102,Tobias Weidner,A5032665317,exact,I204337017,round2_inst
2103,Sebastiaan Y T Van De Meerakker,A5012667776,alias,,round3_semantic
2104,Chiara Cappelli,A5052359645,exact,,round3_semantic
2105,Julien Valette,A5005512319,exact,I2738703131,round2_inst
2106,Laura Fumagalli,A5067243546,exact,I28407311,round3_semantic
2107,Yuval Ebenstein,A5089836860,exact,,name_unique
2108,Philipp Kukura,A5025711177,exact,,name_unique
2109,Francesco Ricci,A5018935401,exact,I116067653,round2_inst
2111,Patrick Antoine Jean Giraudeau,A5068783722,fuzzy,I97188460,round2_inst
2112,Jana Zaumseil,A5041039123,exact,,name_unique
2113,Mathieu Eric Salanne,A5039582862,fuzzy,I39804081,round2_inst
2114,Hans Jakob Wörner,A5011676219,exact,I35440088,round4_semtie
2115,David Ecija Fernandez,A5063113158,exact,,name_unique
2116,Fabio La Mantia,A5002342349,exact,I180437899,round2_inst
2118,Otto Anatole Von Lilienfeld-Toal,A5007783272,exact,,name_unique
2119,Gil Nathan Alexandrowicz,A5090792600,fuzzy,I39586589,round2_inst
2120,Stefan Muellegger,A5059816302,alias,I121883995,round2_inst
2121,Frank Noe,A5055016850,exact,I75951250,round2_inst
2122,Ilko Bald,A5048133795,exact,,name_unique
2123,Richard Kramer Campen,A5048925903,alias,I62318514,round2_inst
2124,Annamaria Petrozza,A5040606158,exact,,name_unique
2125,Malte Drescher,A5077199202,exact,,name_unique
2126,Andrew Teale,A5062330784,alias,I142263535,round2_inst
2127,Ville-Veikko Telkki,A5005498732,exact,I98381234,round3_semantic
2128,Alexandre Tkatchenko,A5026929463,exact,,name_unique
2129,Christoph Günter Salzmann,A5027451469,fuzzy,I45129253,round2_inst
2130,Beat Fierz,A5024361562,exact,,name_unique
2131,Madhavi Krishnan,A5049757316,exact,,name_unique
2132,Evgeny Alexandrovich Pidko,A5074252826,fuzzy,I98358874,round2_inst
2133,Daniel Summerer,A5056825378,exact,,name_unique
2134,Martin Ivar Högbom,A5010240755,fuzzy,I161593684,round4_semtie
2135,Sebastian Westenhoff,A5073883611,exact,,name_unique
2136,Joshua Benno Edel,A5077119082,fuzzy,I47508984,round2_inst
2137,Iván Mora Seró,A5024423448,exact,,name_unique
2138,Beatriz Roldan Cuenya,A5065326930,exact,,name_unique
2139,Sebastian Josef Maerkl,A5087352392,alias,I5124864,round2_inst
2140,Jerome Wenger,A5022399572,exact,I1294671590,round3_semantic
2141,Leo Gross,A5109283749,exact,,round4_semtie
2142,Arnaud Comment,A5042577267,exact,I241749,round2_inst
2143,Stephen Dermot Hogan,A5110401780,fuzzy,,round4_semtie
2144,Rolf Erni,A5037189873,exact,,name_unique
2145,Dan Oron,A5046587873,exact,I53964585,round4_maxpapers
2146,Jana Roithova,A5021283178,exact,I145872427,round2_inst
2147,Montserrat Calleja Gomez,A5046622124,exact,,name_unique
2148,Erwin Reisner,A5026491082,exact,I241749,round2_inst
2149,Jiri Vanicek,A5056327375,exact,I5124864,round2_inst
2150,Thorsten Hugel,A5061061667,exact,,name_unique
2151,Notburga Gierlinger,A5042267372,exact,,name_unique
2152,Jochen Blumberger,A5079840520,exact,,name_unique
2153,Stefano Corni,A5078141074,exact,,name_unique
2154,Gaël De Paëpe,A5090063965,exact,,name_unique
2155,Petra Elisabeth De Jongh,A5040096948,fuzzy,I193662353,round2_inst
2156,Pau Bernado Pereto,A5059125476,exact,,round3_semantic
2157,Xavier Salvatella Giralt,A5016848004,fuzzy,,round4_maxpapers
2158,Paola Gori-Giorgi,A5088590587,exact,,name_unique
2159,Roland Mitric,A5029118306,exact,,name_unique
2160,Véronique Van Speybroeck,A5071451863,exact,,name_unique
2161,Alexey Alexandrovich Popov,A5088665202,fuzzy,I3018417779,round4_semtie
2163,Ferdinand Cornelius Grozema,A5000471535,alias,,round3_semantic
2164,Jianting Ye,A5063444087,exact,I169381384,round4_semtie
2165,Joachim Dzubiella,A5070790975,exact,,name_unique
2166,Guido Pintacuda,A5061859662,exact,,name_unique
2167,Michele Ceotto,A5024054901,exact,,name_unique
2168,Edward Anton Lemke,A5037285551,alias,I197323543,round2_inst
2169,Ilaria Ciofini,A5063417271,exact,,name_unique
2170,Johannes Kästner,A5056979833,exact,,name_unique
2171,Jochen Küpper,A5007645050,exact,I2801876189,round2_inst
2172,Valérie Gabelica,A5013458899,exact,,name_unique
2173,Alessandro Troisi,A5089848606,exact,I146655781,round2_inst
2174,Sharon Elizabeth Marie Ashbrook,A5011998317,alias,I16835326,round2_inst
2175,Angelos Michaelides,A5056513432,exact,,name_unique
2176,Zoltan Takats,A5048603885,exact,I47508984,round2_inst
2177,Tobias Manuel Brixner,A5073962411,fuzzy,,round3_semantic
2178,Serena Debeer,A5053491539,exact,,name_unique
2179,Wilhelm Auwärter,A5061547657,exact,,name_unique
2180,Sofia Ioana Pascu,A5018800747,alias,I51601045,round2_inst
2181,Edvardas Narevicius,A5009082239,exact,,name_unique
2182,Sylvie Roke,A5007873537,exact,,name_unique
2183,Dominik Munz,A5059734226,exact,,name_unique
2184,Anat Milo,A5052386381,exact,I124227911,round2_inst
2185,Julián Bergueiro Álvarez,A5091109896,alias,I200284239,round2_inst
2186,Lutz Greb,A5000849314,exact,,name_unique
2187,Benjamin Palmer,A5012095025,exact,,round4_semtie
2188,Fernanda Duarte,A5080148464,exact,I40120149,round2_inst
2189,Guilhem Chaubet,A5064814898,exact,,name_unique
2190,Rebecca Melen,A5005757075,alias,I79510175,round2_inst
2191,Malte Gersch,A5077133303,exact,,name_unique
2192,Robert Kretschmer,A5049289405,exact,I2610724,round2_inst
2193,Jesús Campos,A5015045788,exact,I134820265,round2_inst
2194,Aurelien De La Torre,A5003652452,exact,,name_unique
2195,Seraphine Wegner,A5064508388,alias,I22465464,round2_inst
2196,Lars Borchardt,A5071419158,exact,,name_unique
2197,Stephen Wallace,A5102092394,exact,,round3_semantic
2198,César Rodriguez-Emmenegger,A5020329666,exact,I4210147769,round2_inst
2199,Lutz Nuhn,A5034323485,exact,,name_unique
2200,Matthew Langton,A5088074740,alias,I40120149,round2_inst
2201,Guillaume Lefèvre,A5021299818,exact,I1294671590,round3_semantic
2202,Ruth Pérez Fernández,A5027704086,exact,I134820265,round2_inst
2203,Nir London,A5044428734,exact,,name_unique
2204,Wolfgang Zeier,A5052900478,alias,I22465464,round2_inst
2205,Milena Patricia Arciniegas,A5089113398,fuzzy,I30771326,round2_inst
2206,Anis Tlili,A5031284484,exact,,name_unique
2207,Diego Marcelo Andrada,A5039534982,alias,I91712215,round2_inst
2208,Karl Mandel,A5059156002,exact,,name_unique
2210,Kim Bonger,A5000191127,exact,,name_unique
2211,Job Boekhoven,A5012135288,exact,I62916508,round2_inst
2212,Fabian Pfrengle,A5020693561,exact,I92869138,round2_inst
2213,Daniele Leonori,A5050256902,exact,,name_unique
2214,Viktoria Daeschlein-Gessner,A5054638656,fuzzy,,round3_semantic
2215,Leopoldo Molina-Luna,A5011754505,exact,,name_unique
2216,Graham De Ruiter,A5002354165,exact,,name_unique
2217,Laura Hartmann,A5073720658,exact,I161046081,round3_semantic
2218,Pedro Leão,A5029853756,exact,,round4_maxpapers
2220,Birgit Esser,A5054566288,exact,I196349391,round2_inst
2221,Carlos Romero Nieto,A5031925331,exact,,name_unique
2222,Fabien Cougnon,A5057552942,alias,I94722563,round2_inst
2223,François Guérard,A5013200742,exact,I1294671590,round3_semantic
2224,Thomas Hermans,A5102390455,exact,,round3_semantic
2225,Amnon Bar-Shir,A5017040501,exact,,name_unique
2226,Maria Escudero Escribano,A5011008334,exact,I4210093216,round2_inst
2227,Guillaume Berionni,A5067185409,exact,,name_unique
2228,Filipe Natalio,A5080127326,exact,,name_unique
2229,Anton Kuzyk,A5024329973,exact,,name_unique
2230,Timothy Noel,A5058411581,exact,,name_unique
2231,Erik Garnett,A5033885236,alias,,round3_semantic
2232,Carlos Marti-Gastaldo,A5087632293,exact,,name_unique
2233,Dawid Pinkowicz,A5067823437,exact,,name_unique
2234,Jiayin Yuan,A5045716658,exact,I161593684,round2_inst
2235,Gregory Nocton,A5049206649,exact,,name_unique
2236,Philipp Heretsch,A5045730028,exact,,name_unique
2237,Daniela Wilson,A5042895917,alias,I145872427,round2_inst
2238,Shigeyoshi Inoue,A5067961961,exact,I62916508,round2_inst
2239,Pavlo Mykhailiuk,A5042360757,exact,,name_unique
2240,Joris Henricus Bernardus Sprakel,A5007899176,fuzzy,I913481162,round2_inst
2241,Tanja Gaich,A5076329931,exact,,name_unique
2242,Thomas Magauer,A5062792519,exact,,name_unique
2243,Mark Crimmin,A5034836508,alias,I47508984,round2_inst
2244,Andreas Jean Leopold Walther,A5060067635,fuzzy,I197323543,round3_semantic
2245,Joseph Moran,A5090399192,exact,I4210143995,round2_inst
2246,Kasper Moth-Poulsen,A5012584282,exact,,round4_semtie
2247,Henry Dube,A5042562320,exact,I181369854,round2_inst
2248,Mauri Kostiainen,A5026210883,alias,I9927081,round2_inst
2249,Ilja Voets,A5067632981,alias,I83019370,round2_inst
2250,Mariola Tortosa Manzanares,A5079280977,exact,,name_unique
2251,Carsten Streb,A5080329256,exact,,name_unique
2252,Paolo Arosio,A5001560379,exact,I35440088,round4_semtie
2253,Christof Sparr,A5008910219,exact,,name_unique
2254,Jan Deska,A5004019879,exact,,name_unique
2255,Laura Fabris,A5058963090,exact,I177477856,round3_semantic
2256,Martín Fañanás-Mastral,A5024147412,exact,I200284239,round3_semantic
2257,Thomas Boettcher,A5107146339,exact,I129774422,round2_inst
2258,Katharina Schröder,A5113031233,exact,,round3_semantic
2259,Marcos García Suero,A5083733377,alias,I4210088955,round2_inst
2260,John Forwood Bower,A5046252728,fuzzy,I146655781,round2_inst
2261,Maria Kamperman,A5025797923,fuzzy,,round3_semantic
2262,Dennis Gillingham,A5021250279,exact,,name_unique
2263,Davide Audisio,A5003049034,exact,I2738703131,round2_inst
2264,David Portehault,A5012499871,exact,,name_unique
2265,Matthew Gibson,A5108664389,exact,,round3_semantic
2266,Sander Izaak Van Kasteren,A5110607137,alias,I121797337,round2_inst
2267,Elena Goun,A5103258316,exact,,name_unique
2268,Franziska Schönebeck,A5113452257,exact,,name_unique
2269,Luís Mafra Monteiro,A5058074735,fuzzy,I60858718,round3_semantic
2270,Thomas Poulsen,A5108714296,exact,I204337017,round2_inst
2271,Benjamin Abécassis,A5041371528,exact,I1294671590,round2_inst
2272,Nuno Silva,A5082326781,exact,I60858718,round2_inst
2273,Tim Liedl,A5065609760,exact,,name_unique
2274,David Mills,A5021404805,exact,I28407311,round2_inst
2275,Sebastian Hasenstab-Riedel,A5098696306,exact,,round4_semtie
2276,Rubén Darío Costa,A5074355883,fuzzy,I62916508,round2_inst
2277,Rafal Klajn,A5050537578,exact,,name_unique
2278,Tibor Kudernac,A5043715610,exact,,name_unique
2279,Emilio Pardo,A5007448361,exact,,name_unique
2280,Sara Bals,A5013888065,exact,,name_unique
2281,Ryan Gilmour,A5050197366,exact,I22465464,round4_semtie
2282,Thibault Cantat,A5105981674,exact,I2738703131,round2_inst
2283,Maksym Kovalenko,A5026556947,exact,,round3_semantic
2284,Pol Besenius,A5090589031,exact,,name_unique
2285,Xinliang Feng,A5100659481,exact,,name_unique
2286,Giuseppe Battaglia,A5060078978,exact,I4210147769,round3_semantic
2287,Marc Vendrell Escobar,A5016715745,exact,,name_unique
2288,Michael James Ingleson,A5023948794,alias,I98677209,round2_inst
2289,Ismael Díez Pérez,A5066871664,exact,I183935753,round2_inst
2290,Daniel Brandell,A5041676312,exact,,name_unique
2291,Robert Matthias Wolf,A5087377456,fuzzy,I60668342,round3_semantic
2292,Syuzanna Harutyunyan,A5012293576,alias,I169381384,round2_inst
2293,Rylie Green,A5009901504,alias,I47508984,round2_inst
2294,André Estevez-Torres,A5009252326,exact,,name_unique
2295,Lapo Bogani,A5082077111,exact,,name_unique
2296,Nathalie Hélène Katsonis,A5057724218,fuzzy,I169381384,round2_inst
2297,Paolo Falcaro,A5008169042,exact,,name_unique
2298,Julien Gautrot,A5083547314,alias,I166337079,round2_inst
2299,Jerome Waser,A5008165586,exact,,name_unique
2300,Heikki Markus Tuononen,A5064601612,fuzzy,I94722563,round2_inst
2301,Manuel Alcarazo Velasco,A5026352593,exact,,name_unique
2302,Wolfgang Hoyer,A5068353740,exact,,round3_semantic
2303,Oren Alexander Scherman,A5036947777,alias,I241749,round2_inst
2304,Michael Günther Mastalerz,A5043398784,fuzzy,,round3_semantic
2305,Stephan Sieber,A5102176174,exact,,round3_semantic
2306,Aurelio Mateo Alonso,A5038889906,exact,I169108374,round2_inst
2307,Olga Garcia Mancheno,A5108209356,exact,I22465464,round2_inst
2308,Jeroen Dirk Cornelis Codée,A5057071421,fuzzy,I121797337,round4_semtie
2309,Mirko Cinchetti,A5076282922,exact,,name_unique
2310,Jamie Hans Warner,A5035136972,fuzzy,I40120149,round3_semantic
2311,Stephen Michael Goldup,A5058050620,alias,I43439940,round2_inst
2312,Fabrice Philippe Pointillart,A5034045220,fuzzy,I1294671590,round3_semantic
2313,Nathaniel Isaac Martin,A5088809877,fuzzy,I121797337,round2_inst
2314,Guillermo Minguez Espallargas,A5042054674,exact,I16097986,round2_inst
2315,Christian Adam Olsen,A5041984050,alias,I124055696,round2_inst
2316,Rienk Eelkema,A5084672238,exact,,name_unique
2317,Nuria Aliaga-Alcalde,A5064283701,exact,,round4_semtie
2318,Michal Otyepka,A5041529029,exact,,name_unique
2319,Stephen Patrick Fletcher,A5005894917,fuzzy,I40120149,round4_semtie
2320,Paolo Melchiorre,A5088465399,exact,,name_unique
2321,Xile Hu,A5076829051,exact,I5124864,round2_inst
2322,Axel Jacobi Von Wangelin,A5046541409,exact,,name_unique
2323,Claudia Höbartner,A5021290270,exact,,name_unique
2324,Sascha Ott,A5045357913,exact,I123387679,round2_inst
2325,Marijn Arnout Van Huis,A5003407724,fuzzy,I193662353,round2_inst
2326,Christelle Nathalie Prinz,A5070114252,fuzzy,I187531555,round2_inst
2327,Gilles Albert Gasser,A5059114538,alias,,round3_semantic
2328,Guido Heinrich Clever,A5043202190,fuzzy,,round3_semantic
2329,Jörg Hartig,A5076752181,exact,,name_unique
2330,Jens Wenzel Andreasen,A5064138666,exact,,name_unique
2331,Andrew Peter Dove,A5030433677,fuzzy,I79619799,round2_inst
2333,Nuno Xavier Dias Maulide,A5084246998,fuzzy,I129774422,round2_inst
2334,Ageeth Bol,A5079178929,alias,I83019370,round2_inst
2335,Cristiana Di Valentin,A5076721274,exact,,name_unique
2337,Alejandro Gaita Ariño,A5084326714,exact,I16097986,round2_inst
2339,Daniel Bodo Werz,A5079173916,alias,,round3_semantic
2340,Maria Carmen Galan,A5064848403,alias,I36234482,round2_inst
2341,Julio Lloret Fillol,A5013865355,exact,,name_unique
2342,Tina Düren,A5047806489,exact,,name_unique
2343,Martin Georg Steinhart,A5042098091,fuzzy,I170658231,round2_inst
2344,Olivier Pierre Renaudet,A5064490338,fuzzy,I899635006,round3_semantic
2345,Maria Jesus Vicent Docon,A5049066047,exact,,name_unique
2346,Sven Schneider,A5067235857,exact,I74656192,round2_inst
2347,Richard Alan Layfield,A5010601931,fuzzy,I162608824,round2_inst
2348,Alexander Andreas Reinhard Klaus Böker,A5045755997,fuzzy,,round3_semantic
2349,Julien Bachmann,A5002887494,exact,I181369854,round2_inst
2350,Wolfgang Schmitt,A5082829143,exact,I205274468,round2_inst
2351,Sebastien Perrier,A5014057252,exact,I39555362,round2_inst
2352,Jose Julian Aleman Lara,A5054968040,fuzzy,,round4_semtie
2353,Rebecca Jane Miriam Goss,A5111875558,exact,,name_unique
2354,Erik Petrus Antonius Maria Bakkers,A5041376320,fuzzy,I98358874,round4_semtie
2355,Sebastian Polarz,A5023573203,exact,,name_unique
2356,Daniel Maspoch Comamala,A5030689035,exact,,name_unique
2357,Ruth Maria Gschwind,A5026792325,exact,,name_unique
2358,Molly Stevens,A5023743086,exact,,round3_semantic
2359,Olivier Berteau,A5062031836,exact,,round3_semantic
2360,Jeroen Johannes Lambertus Maria Cornelissen,A5048407450,alias,I94624287,round2_inst
2361,Rachel Kerry O'Reilly,A5050816150,alias,I79619799,round2_inst
2362,Magnus Rueping,A5071153001,exact,,name_unique
2363,Martin Albrecht,A5032762987,exact,I118564535,round2_inst
2364,Liberato Manna,A5025956413,exact,I30771326,round3_semantic
2365,Stephen Taylor Liddle,A5086963679,fuzzy,I28407311,round3_semantic
2366,Gergely Neu,A5077167635,exact,,name_unique
2367,Andreas Geiger,A5016606943,exact,I8087733,round3_semantic
2368,Jerónimo Castrillón Mazo,A5019339903,exact,,round4_semtie
2369,Christos Tzamos,A5027430783,exact,,name_unique
2370,Ori Lahav,A5102734862,exact,I16391192,round2_inst
2371,Klim Efremenko,A5083692440,exact,,name_unique
2372,Gil Cohen,A5018113933,exact,I16391192,round2_inst
2374,Joanna Bergström,A5065240151,exact,,name_unique
2375,Serena Villata,A5016281730,exact,I1294671590,round4_semtie
2376,Wojciech Czerwiński,A5113969130,exact,,name_unique
2377,Marco Guarnieri,A5069694679,exact,,name_unique
2378,Ján Pich,A5059921367,exact,,name_unique
2379,Yakir Vizel,A5024975162,exact,,name_unique
2380,Rayna Dimitrova,A5059464456,exact,I4210128801,round2_inst
2381,Michał Pilipczuk,A5000479623,exact,I4654613,round4_semtie
2382,Marcel Böhme,A5005260100,exact,,round3_semantic
2383,Maria A Zuluaga,A5032634346,fuzzy,I1902872,round2_inst
2384,Jesper Nederlof,A5068357631,exact,,name_unique
2385,Robbert Krebbers,A5029418370,exact,,name_unique
2386,Sebastian Stich,A5070976409,exact,,name_unique
2387,Manuel Gomez Rodriguez,A5042180520,exact,I149899117,round2_inst
2388,Ekaterina Viktorovna Shutova,A5016184654,fuzzy,I887064364,round2_inst
2389,Sayan Bhattacharya,A5103251160,exact,I39555362,round2_inst
2390,Michal Feldman,A5103282352,exact,I16391192,round3_semantic
2391,Matthias Niessner,A5110811088,exact,,name_unique
2392,Ambrus Kaposi,A5047340010,exact,,name_unique
2393,Jan Kretinsky,A5074485601,exact,,round3_semantic
2394,Dan Garber,A5019533927,exact,I174306211,round2_inst
2395,Alexandru Ioan Tomescu,A5063897224,alias,I133731052,round2_inst
2396,Gerhard Neumann,A5110467801,exact,I102335020,round4_semtie
2397,Soren Pirk,A5022418359,exact,,round3_semantic
2398,Srikanth Srinivasan,A5025305994,exact,I124055696,round2_inst
2399,Philipp Hennig,A5022872779,exact,,name_unique
2400,Sebastian Erdweg,A5059992246,exact,,name_unique
2401,Szymon Toruńczyk,A5085711958,exact,,name_unique
2402,Bart Bogaerts,A5089527287,exact,,name_unique
2403,Fabrizio Montesi,A5000566520,exact,,name_unique
2404,Claudio Orlandi,A5028570693,exact,I204337017,round2_inst
2405,Carola Doerr,A5040561209,exact,I1294671590,round4_semtie
2406,Evangelos Kalogerakis,A5003312344,exact,,name_unique
2407,Søren Hauberg,A5072186051,exact,,name_unique
2408,Katrina Ligett,A5076701535,exact,I197251160,round2_inst
2409,Thomas Schneider,A5100724917,exact,I31512782,round2_inst
2410,Maria Naya Plasencia,A5045303245,exact,,round3_semantic
2411,Aida Todri-Sanial,A5022136174,exact,I83019370,round2_inst
2412,Kasper Green Larsen,A5013551063,exact,I204337017,round2_inst
2413,Zvika Brakerski,A5023852532,exact,I53964585,round2_inst
2414,Maud Marchal,A5006521642,exact,,round4_semtie
2415,Julien Mairal,A5062817741,exact,,name_unique
2416,Nicolas Padoy,A5071976104,exact,,name_unique
2417,Andre Martins,A5007473986,exact,,round4_semtie
2418,Nicolas Benoit P Gillis,A5040368041,fuzzy,I130929987,round2_inst
2419,Anthony Lin,A5014871148,exact,,round3_semantic
2420,Arzucan Ozgur,A5030252794,exact,,name_unique
2421,Bernhard Kainz,A5078127596,exact,I181369854,round2_inst
2422,Jasmin Christian Blanchette,A5079200257,exact,,name_unique
2423,Hayley Hung,A5061353073,exact,I98358874,round2_inst
2424,Maks Ovsjanikov,A5072368950,exact,,round4_semtie
2425,Thomas Vidick,A5019616211,exact,I53964585,round2_inst
2427,Sebastian Faust,A5066436044,exact,I31512782,round2_inst
2428,Frank Hutter,A5031002895,exact,I161046081,round2_inst
2429,Barbara Plank,A5088832285,exact,I8204097,round2_inst
2430,Ángel Goñi-Moreno,A5053274991,exact,I134820265,round2_inst
2431,Juergen Gall,A5012240246,exact,,name_unique
2432,Gil Segev,A5110233330,exact,I197251160,round2_inst
2433,Sebastian Risi,A5020511097,exact,,name_unique
2434,Antonio J. Peña Monferrer,A5073051157,fuzzy,,round3_semantic
2435,Madeline Balaam,A5078308184,exact,I86987016,round2_inst
2436,Konrad Rieck,A5066077721,exact,I4577782,round2_inst
2437,Georg Martius,A5001474340,exact,,name_unique
2438,Thorsten Holz,A5056790702,exact,,name_unique
2439,Anat Levin,A5060141696,exact,,name_unique
2440,Laura Ildiko Kovacs,A5071158512,alias,I145847075,round2_inst
2441,Alexandra Martins Da Silva,A5007082459,alias,,round3_semantic
2442,Ana Tajadura Jiménez,A5070170965,exact,,name_unique
2443,Mattias Guns,A5041230402,alias,I99464096,round2_inst
2444,Robert Wille,A5004214923,exact,,name_unique
2445,Iddo Tzameret,A5066962007,exact,,name_unique
2446,Assia Selma Mahboubi,A5034173374,fuzzy,,round3_semantic
2447,Olga Sorkine Hornung,A5064927253,exact,I35440088,round3_semantic
2448,Viktor Vafeiadis,A5023359178,exact,I149899117,round2_inst
2449,Dario Fiore,A5030511364,exact,I4210162154,round2_inst
2450,Vadim Lyubashevsky,A5074391920,exact,,name_unique
2451,Piotr Faliszewski,A5000000572,exact,,name_unique
2452,Torsten Hoefler,A5026990786,exact,I35440088,round4_semtie
2453,Neel Krishnaswami,A5085047206,exact,,name_unique
2454,Andrea Vedaldi,A5060511349,exact,,name_unique
2455,Stelian Coros,A5055713873,exact,,name_unique
2456,Stefan Schmid,A5066080641,exact,I4577782,round4_semtie
2457,Andreas Vlachos,A5067943980,exact,I241749,round2_inst
2459,Mariëlle Ida Antoinette Stoelinga,A5053065289,alias,I94624287,round2_inst
2460,Alex Bronstein,A5025410418,exact,I174306211,round4_semtie
2461,Andrea Arcuri,A5052735480,exact,,round3_semantic
2462,Krishnendu Chatterjee,A5052607806,exact,I157556583,round2_inst
2463,Jaakko Tapani Lehtinen,A5103009697,fuzzy,I9927081,round2_inst
2464,Jian-Jia Chen,A5000417436,exact,,round4_semtie
2465,Michal Feldman,A5103282352,exact,I16391192,round3_semantic
2466,Stefan Roth,A5056098625,exact,I31512782,round2_inst
2467,Nils Thuerey,A5047248117,exact,,name_unique
2468,Julien Jérôme Tierny,A5074734666,fuzzy,I1294671590,round3_semantic
2469,Malte Helmert,A5033577488,exact,,name_unique
2470,Dominique Peer Ghislain Unruh,A5031883158,fuzzy,I56085075,round2_inst
2471,Ugo Dal Lago,A5084450516,exact,I9360294,round3_semantic
2472,Alberto Ros Bardisa,A5089026393,exact,,name_unique
2473,Pascal Schweitzer,A5017685495,exact,I31512782,round2_inst
2474,Oded Schwartz,A5010957839,exact,,name_unique
2475,Amir Globerson,A5047817959,exact,,name_unique
2476,Saket Saurabh,A5015806060,exact,I4432739,round2_inst
2477,Cristian Cadar,A5053355200,exact,,name_unique
2478,Ashley Markham Reid Montanaro,A5023685398,fuzzy,I36234482,round2_inst
2479,Rainer Andreas Krause,A5109325233,fuzzy,,round3_semantic
2480,Matthias Christandl,A5006329724,exact,,name_unique
2481,Sören Auer,A5071765665,exact,,name_unique
2482,Lorenzo Rosasco,A5061220999,exact,,name_unique
2483,David Steurer,A5089128021,exact,,name_unique
2484,Guy Rothblum,A5057788395,alias,I53964585,round2_inst
2485,Christian Theobalt,A5020664641,exact,,name_unique
2486,Damien Woods,A5029275026,exact,I157286207,round2_inst
2487,Davide Balzarotti,A5002025561,exact,,name_unique
2488,Matteo Maffei,A5059351004,exact,I145847075,round3_semantic
2489,Libor Barto,A5071004419,exact,I21250087,round4_semtie
2490,Nir Piterman,A5045161607,exact,,name_unique
2491,Sebastian Rudolph,A5024774718,exact,,round3_semantic
2492,Bastian Leibe,A5071006649,exact,,name_unique
2493,Jörg Tiedemann,A5082417280,exact,,name_unique
2494,Natasa Przulj,A5069984203,exact,I2799803557,round2_inst
2495,Yaron Lipman,A5039995559,exact,,name_unique
2496,Irit Dveer Dinur,A5029616850,fuzzy,I53964585,round2_inst
2497,Francisco Javier Cazorla Almeida,A5003496286,exact,,name_unique
2498,Miguel Angel Otaduy Tristan,A5082064878,exact,,name_unique
2499,Piotr Sankowski,A5025494465,exact,,name_unique
2500,Dejan Manojlo Kostic,A5048036382,fuzzy,I86987016,round2_inst
2502,Yanlei Diao,A5109548832,exact,,name_unique
2503,Thomas Neumann,A5101880157,exact,I62916508,round2_inst
2504,David Atienza Alonso,A5041778119,exact,,name_unique
2505,Srdan Capkun,A5021744792,exact,,name_unique
2506,Lior Wolf,A5078102229,exact,,name_unique
2507,Rafal Konrad Mantiuk,A5006381834,alias,I241749,round2_inst
2508,Michael Bronstein,A5112271693,exact,,round4_maxpapers
2509,Aleksandar Nanevski,A5026624853,exact,,name_unique
2510,Roberto Navigli,A5026648049,exact,,name_unique
2512,Dennis Oliver Hofheinz,A5003704447,fuzzy,I35440088,round2_inst
2513,Maria Elisabeth Oswald,A5112499681,exact,,name_unique
2515,Francois-Xavier Leslie A Standaert,A5070542865,fuzzy,I95674353,round3_semantic
2516,Dániel Marx,A5012849997,exact,I4210128801,round2_inst
2517,Albrecht Schmidt,A5062196262,exact,I8204097,round4_semtie
2518,Diego Gutierrez Pérez,A5103592619,exact,,name_unique
2519,Karthikeyan Bhargavan,A5026297326,exact,,name_unique
2520,Manuel Bodirsky,A5058729018,exact,,round4_semtie
2521,Mauro Birattari,A5061782786,exact,I132053463,round4_semtie
2522,Cédric Févotte,A5022368934,exact,,name_unique
2523,Dan Olteanu,A5035180920,exact,I202697423,round2_inst
2524,Philippe Cudre-Mauroux,A5030787107,exact,I154338468,round3_semantic
2526,Antoine Miné,A5069148908,exact,I39804081,round2_inst
2527,Ely Porat,A5049614530,exact,I13955877,round2_inst
2528,Bernd Erhard Finkbeiner,A5048189898,fuzzy,I4210128801,round2_inst
2529,Derek Dreyer,A5050585539,exact,I149899117,round3_semantic
2530,James Robert Cheney,A5056138547,fuzzy,I98677209,round2_inst
2531,Stefan Mangard,A5015437576,exact,I4092182,round2_inst
2532,Nir Yosef Ailon,A5033770678,fuzzy,I174306211,round2_inst
2534,Krzysztof Zbigniew Pietrzak,A5103200276,fuzzy,I157556583,round2_inst
2535,Maria Lapata,A5036055337,exact,,name_unique
2536,Daniel Cremers,A5087710605,exact,,name_unique
2537,Josef Urban,A5031019731,exact,I44504214,round3_semantic
2539,Joel Olivier Ouaknine,A5045412407,fuzzy,I149899117,round2_inst
2540,Kasper Anders Soren Hornbæk,A5015615908,fuzzy,I124055696,round2_inst
2541,Carsten Lutz,A5034616829,exact,I180437899,round3_semantic
2542,Amos Korman,A5040995971,exact,,name_unique
2543,James Arthur Robert Marshall,A5111555129,alias,,round3_semantic
2544,Stephan Kreutzer,A5062011497,exact,I4577782,round2_inst
2545,Leonardo Mariani,A5036120394,exact,I189158943,round2_inst
2546,Anna-Leena Korhonen,A5040854564,exact,,name_unique
2547,Anders Møller,A5103189175,exact,I204337017,round2_inst
2548,Carsten Curt Eckard Rother,A5102921586,fuzzy,I4210086570,round2_inst
2549,Gustau Camps-Valls,A5039052506,exact,I16097986,round2_inst
2550,Cristian Sminchisescu,A5007658897,exact,,name_unique
2551,Steve Kremer,A5085316790,exact,,name_unique
2552,Graham Cormode,A5031896681,exact,,name_unique
2553,Klaus Wehrle,A5078646305,exact,,name_unique
2554,Nikhil Bansal,A5008689083,exact,I83019370,round2_inst
2555,Rahul Santhanam,A5085864294,exact,I40120149,round2_inst
2556,Yee Whye Teh,A5064373793,exact,I40120149,round3_semantic
2557,Ioannis Tsamardinos,A5070582381,exact,,name_unique
2558,Vladimir Kolmogorov,A5021390142,exact,I157556583,round4_semtie
2559,Eike Kiltz,A5002016815,exact,,round3_semantic
2560,Samuel Fiorini,A5001781037,exact,,name_unique
2561,Tijl De Bie,A5076045275,exact,I32597200,round2_inst
2562,Yehuda Lindell,A5033036383,exact,I13955877,round3_semantic
2563,Michal Koucky,A5040922782,exact,I21250087,round3_semantic
2564,Patrick Thomas Eugster,A5110619747,exact,,name_unique
2565,Eran Yahav,A5061044883,exact,,name_unique
2566,Ronald De Wolf,A5109278062,exact,,round3_semantic
2568,Adrian Markus Perrig,A5056518136,fuzzy,I35440088,round2_inst
2569,Rasmus Pagh,A5014293815,exact,I83467386,round2_inst
2570,Anastasia Ailamaki,A5070907021,exact,I5124864,round3_semantic
2571,Sergio Grammatico,A5006692330,exact,,name_unique
2572,Tomislav Dragicevic,A5078176748,exact,,name_unique
2573,Maryam Kamgarpour,A5082009236,exact,,name_unique
2574,Ori Katz,A5085243047,exact,I197251160,round2_inst
2575,Sarah Verhulst,A5038482778,exact,,name_unique
2576,Libertario Demi,A5021984927,exact,,name_unique
2577,Ivan Dokmanic,A5002015062,exact,,name_unique
2578,Mehul Malik,A5016870304,exact,,name_unique
2579,Efren Fernandez-Grande,A5048037495,exact,,name_unique
2580,Hector Sarnago Andia,A5072868395,exact,,name_unique
2581,Anton Potocnik,A5048495558,exact,,name_unique
2582,Irene Otero-Muras,A5069067835,exact,,name_unique
2583,Serhat Tozburun,A5078272078,exact,,name_unique
2584,Bart Besselink,A5083507299,exact,,name_unique
2585,Dierck Hillmann,A5009104963,exact,,name_unique
2586,Per Augustsson,A5017299669,exact,,name_unique
2587,Nikos Deligiannis,A5043511500,exact,,name_unique
2588,Stefanie Kroker,A5019135007,exact,,name_unique
2589,David Phillips,A5100692078,exact,,round4_semtie
2590,Angela Sara Cacciapuoti,A5082456247,exact,,name_unique
2591,Paavo Rasilo,A5030192236,exact,,name_unique
2592,Birgit Stiller,A5065896036,exact,,name_unique
2593,Mohsen Rahmani,A5012281799,exact,I52590639,round2_inst
2594,Coen De Visser,A5008760854,alias,I98358874,round2_inst
2595,Stanisa Raspopovic,A5033447067,exact,,name_unique
2596,Klaas-Jan Tielrooij,A5049475284,exact,I83019370,round2_inst
2597,Michèle Wigger,A5065826035,exact,,round4_semtie
2598,Ivan Minev Rusev,A5001022357,alias,I4210111834,round2_inst
2599,Ziwei Ouyang,A5036591063,exact,I96673099,round2_inst
2600,François Leo,A5073461329,exact,,name_unique
2601,Jan Hasenauer,A5063254041,exact,I135140700,round3_semantic
2602,Ferruccio Pisanello,A5028454417,exact,,name_unique
2603,Oliver Höhn,A5113862039,exact,I161046081,round2_inst
2604,Lucia Caspani,A5022909078,exact,I115752224,round2_inst
2605,Massimo Sartori,A5083381101,exact,I94624287,round2_inst
2606,Elena Del Corro,A5038823248,exact,,name_unique
2607,Emmanuel Lhuillier,A5036081515,exact,I1294671590,round2_inst
2608,Sadegh Soudjani,A5017334634,exact,,name_unique
2609,Marian Verhelst,A5012150553,exact,,name_unique
2610,Nikolaos Bekiaris-Liberis,A5020100534,exact,,name_unique
2611,Klas Tybrandt,A5059108681,exact,,name_unique
2612,Mathieu Mivelle,A5049374199,exact,,name_unique
2613,Oscar Versolato,A5063954694,alias,,round4_maxpapers
2614,Kris Myny,A5044710002,exact,,name_unique
2615,Konstantinos Pantzas,A5035146277,exact,,name_unique
2616,Nir Bar-Gill,A5026599520,exact,I197251160,round2_inst
2617,Christian Kirches,A5053623605,exact,,name_unique
2618,Margarita Chli,A5055582765,exact,,name_unique
2619,Sebastian Reineke,A5024180183,exact,,round4_semtie
2620,Carlos Alonso Ramos,A5107906752,exact,I1294671590,round3_semantic
2621,Romain Peretti,A5033683211,exact,I1294671590,round2_inst
2622,Stelios Timotheou,A5024136638,exact,,name_unique
2623,Tal Ellenbogen,A5064616932,exact,,name_unique
2624,Clara Mihaela Ionescu,A5004573956,alias,I32597200,round3_semantic
2625,Caglar Elbuken,A5012353258,exact,,name_unique
2626,Elisa Vianello,A5046458712,exact,I2738703131,round4_semtie
2627,Eitan Yaakobi,A5021586372,exact,I174306211,round2_inst
2628,Larysa Baraban,A5067493852,exact,,name_unique
2629,Francesco Negro,A5032001702,exact,I79940851,round2_inst
2630,Daniel Brunner,A5007877210,exact,I1294671590,round2_inst
2631,Themistoklis Charalambous,A5000676115,exact,,name_unique
2632,Fei Ding,A5004243536,exact,,round4_semtie
2633,Maria Tenje,A5000479314,exact,,name_unique
2634,David Marpaung,A5057021040,exact,,name_unique
2635,Michail Matthaiou,A5035876091,exact,,name_unique
2636,Kristof Cools,A5001461967,exact,I32597200,round2_inst
2637,Yonina Eldar,A5098566478,exact,,name_unique
2638,Marti Duocastella Sola,A5085124177,exact,,name_unique
2639,Padraig Cantillon-Murphy,A5001335646,exact,I181231927,round2_inst
2640,Barbara Mazzolai,A5078241160,exact,I30771326,round2_inst
2641,Yao-Hong Liu,A5014768168,exact,,name_unique
2643,Laurent Schmalen,A5053280913,exact,I102335020,round3_semantic
2644,Avinoam Zadok,A5026421246,alias,I13955877,round2_inst
2645,Ori Katz,A5085243047,exact,I197251160,round2_inst
2646,Marios Kountouris,A5088602155,exact,I1902872,round2_inst
2647,Venkata Kamalakar Mutta,A5068051557,exact,,name_unique
2648,Stefan Witte,A5046110011,exact,,round3_semantic
2649,Davide Scaramuzza,A5057116316,exact,I202697423,round2_inst
2650,Fabrizio De Vico Fallani,A5089157446,exact,,round4_semtie
2651,Sandra Hirche,A5024376647,exact,I62916508,round2_inst
2652,Mario Caironi,A5002619683,exact,,name_unique
2653,Raphael Jungers,A5056625594,alias,I95674353,round2_inst
2654,Dimos Dimarogonas,A5055348953,alias,I86987016,round4_semtie
2655,Sarthak Misra,A5050730423,exact,I94624287,round2_inst
2656,Clement Merckling,A5016276763,exact,,name_unique
2657,Conor Mow-Lowry,A5087247789,alias,,round4_maxpapers
2658,Christophe Collette,A5083554070,exact,,name_unique
2659,Sarah Benchabane,A5059926620,exact,I1294671590,round2_inst
2660,Niels Gregersen,A5028150151,exact,I96673099,round2_inst
2661,Asa Haglund,A5006094937,exact,I66862912,round2_inst
2662,Andrea Di Falco,A5009045834,exact,,name_unique
2663,Ioannis Krikidis,A5080502122,exact,I34771391,round2_inst
2664,Giuseppe Vicidomini,A5040316453,exact,,name_unique
2665,Bastian Rapp,A5089234340,alias,I161046081,round2_inst
2666,Drazen Dujic,A5069231238,exact,,name_unique
2667,Matthias Althoff,A5005383495,exact,I62916508,round2_inst
2668,Juliette Mangeney,A5104666366,exact,,round3_semantic
2669,Francois Andrieu,A5104440312,exact,I2738703131,round4_semtie
2670,Christian Ott,A5048539897,exact,I145847075,round2_inst
2671,Pietro Valdastri,A5035357710,exact,I130828816,round2_inst
2672,Alexandre Aubry,A5038543649,exact,I1294671590,round2_inst
2673,Oren Cohen,A5020641761,exact,I174306211,round2_inst
2674,David Sarinn Pech,A5028295626,fuzzy,I1294671590,round2_inst
2675,Heinz Koeppl,A5070544702,exact,I31512782,round4_semtie
2676,Ming Cao,A5021403340,exact,I169381384,round4_semtie
2677,Victor Torres Company,A5021864307,exact,I66862912,round2_inst
2678,Aloyse Marie Charles Degiron,A5004659389,fuzzy,I1294671590,round3_semantic
2679,Darko Zibar,A5025311119,exact,,name_unique
2680,Fabien Robert Jocelyn Alibart,A5091510784,fuzzy,I1294671590,round2_inst
2681,Thomas Burg,A5010860767,alias,I31512782,round2_inst
2682,Gianluca Fiori,A5061426001,exact,,name_unique
2683,Stephan Sylvest Keller,A5036535149,exact,,name_unique
2684,Camille Sophie Bres Ep. Tremblay,A5109208449,fuzzy,,round3_semantic
2685,Etienne Francois Noël Perret,A5028422261,fuzzy,I106785703,round2_inst
2686,Toon Jos M. Van Waterschoot,A5073284331,fuzzy,I99464096,round2_inst
2688,Francesco Paolo Andriulli,A5002273642,alias,I177477856,round2_inst
2689,Giacomo Scalari,A5027156127,exact,,name_unique
2690,Petros Elia,A5015066458,exact,,name_unique
2691,Antonio Ivorra Cano,A5048107244,fuzzy,,round3_semantic
2692,Osvaldo Simeone,A5017736224,exact,,name_unique
2694,Róisín Meabh Owens,A5076048603,alias,I241749,round2_inst
2695,Ivana Gasulla Mestre,A5024582164,exact,,name_unique
2696,Albert Guillén I Fàbregas,A5005125538,exact,,name_unique
2697,Tomas Cizmar,A5057385856,exact,,name_unique
2698,Giacomo Indiveri,A5060241952,exact,,name_unique
2699,Esther Rodriguez-Villegas,A5026574215,exact,I47508984,round4_semtie
2700,Wim Bogaerts,A5055647062,exact,,name_unique
2702,Volkan Cevher,A5027059837,exact,,name_unique
2703,Marco Peccianti,A5009176490,exact,,name_unique
2704,Emmanuel Bossy,A5020375818,exact,,name_unique
2705,Gernot Rudolf Mueller-Putz,A5053241501,fuzzy,I4092182,round2_inst
2706,Kulah Haluk,A5041010499,exact,,name_unique
2707,Francesco Poletti,A5068700158,exact,I43439940,round2_inst
2708,Abu Sebastian,A5017236774,exact,I4210126328,round2_inst
2709,Coskun Kocabas,A5027504594,exact,,name_unique
2710,Miriam Serena Vitiello,A5061174021,alias,,round3_semantic
2711,Melissa Louise Mather,A5045281356,alias,I142263535,round2_inst
2712,Hatice Altug Yanik,A5036210470,fuzzy,,round3_semantic
2713,Yonina Eldar,A5098566478,exact,,name_unique
2714,Madeleine Mary Lowery,A5077901559,fuzzy,I100930933,round2_inst
2715,Robert Huber,A5072604023,exact,I9341345,round4_semtie
2716,Wolfgang Leonhard Kellerer,A5021781616,fuzzy,I62916508,round2_inst
2717,Christelle Brigitte Isabelle Monat,A5060033364,fuzzy,,round3_semantic
2718,Robert Hugh Hadfield,A5104361163,exact,,name_unique
2719,Sebastian Sager,A5070436541,exact,I95793202,round2_inst
2720,Bernd Rieger,A5048898725,exact,,name_unique
2721,Laurent Jacques Daniel Vivien,A5043600763,fuzzy,I1294671590,round2_inst
2722,Nicolae Coriolan Panoiu,A5028081652,alias,I45129253,round2_inst
2723,Sonia Maria Garcia Blanco,A5078328363,exact,,name_unique
2724,Daniele Ielmini,A5054173368,exact,,name_unique
2725,Petar Popovski,A5071289803,exact,I891191580,round2_inst
2726,Davide Iannuzzi,A5008444491,exact,,name_unique
2727,Sébastien Claude Hentz,A5070939792,fuzzy,I2738703131,round2_inst
2728,Marco Liserre,A5053880143,exact,I3133086891,round2_inst
2729,Peter Schelkens,A5034083500,exact,,name_unique
2730,Ozgur B. Akan,A5042130660,exact,I241749,round2_inst
2731,Liesbet Lagae,A5053680126,exact,,name_unique
2732,Joerg Carsten Widmer,A5064963698,fuzzy,,round3_semantic
2733,Joachim Oberhammer,A5028413031,exact,,name_unique
2734,Chun Huang,A5067895502,exact,I47508984,round4_semtie
2735,Jérémy Bleyer,A5057171814,exact,,name_unique
2736,Sandra Loerakker,A5005698702,exact,,name_unique
2737,Alexandra Vallet,A5026237672,exact,,round3_semantic
2738,Simone Pezzuto,A5061167549,exact,,name_unique
2739,Stefaan Verbruggen,A5095032984,exact,,round3_semantic
2740,Sophia Haussener,A5041466191,exact,,name_unique
2741,Alessandro Orchini,A5008704477,exact,,name_unique
2742,Qinghua Lei,A5085238022,exact,I123387679,round2_inst
2743,Olga Fink,A5079637160,exact,I5124864,round2_inst
2744,Slawomir Porada,A5023448469,alias,,round3_semantic
2745,Ahmad Rafsanjani Abbasi,A5053608926,alias,,round3_semantic
2746,Caroline Curtin,A5020449311,alias,,round3_semantic
2747,Philipp Rothemund,A5016447319,exact,,name_unique
2748,Mario Merino Martínez,A5040697912,alias,I50357001,round2_inst
2749,Riccardo Levato,A5052979435,exact,,name_unique
2750,Benjamin Sanderse,A5001549702,exact,,name_unique
2751,Michele Marino,A5046964678,exact,I116067653,round3_semantic
2752,Corentin Coulais,A5034935548,exact,,name_unique
2753,Aisling Ní Annaidh,A5052671739,exact,,name_unique
2754,Tomas Reina,A5045877913,alias,I79238269,round2_inst
2755,Hans Kainz,A5048563631,exact,,name_unique
2756,Outi Tammisola,A5038976310,exact,,name_unique
2757,Alessio Gizzi,A5010210450,exact,,round3_semantic
2758,Carlos Mota,A5109748084,exact,I34352273,round3_semantic
2759,Xiaodong Liang,A5063637646,exact,I96673099,round2_inst
2760,Andrea Ianiro,A5043881111,exact,,name_unique
2761,Marco Sagliano,A5074061342,exact,,name_unique
2762,Pierre-Thomas Brun,A5113786632,exact,,round4_semtie
2763,Andreas Carlson,A5051560174,exact,I184942183,round2_inst
2764,Mustafa Onses,A5073160454,alias,,round3_semantic
2765,Alessandro Filippo Maria Pellegata,A5082619317,fuzzy,I93860229,round2_inst
2766,Nils Goseberg,A5004995298,exact,,round3_semantic
2767,Jelena Radjenovic,A5058771871,exact,I2799562678,round2_inst
2768,Michele Conti,A5069653622,exact,I25217355,round2_inst
2769,Philipp Junker,A5079128591,exact,,name_unique
2770,Daniel Nieto,A5011125576,exact,I11019714,round2_inst
2771,Senbo Xiao,A5047278123,exact,,name_unique
2772,Marios Kotsonis,A5082301817,exact,,name_unique
2773,Gaetano Sardina,A5045406003,exact,,name_unique
2774,Daniele Ragni,A5067964931,exact,,name_unique
2775,Farbod Alijani,A5074122560,exact,,name_unique
2776,Yoeri Van De Burgt,A5089563832,exact,,name_unique
2777,Michael Monaghan,A5061094670,exact,I205274468,round2_inst
2778,Ciara Murphy,A5013600676,exact,,round4_semtie
2779,Niamh Nowlan,A5059933736,alias,I100930933,round2_inst
2780,Seda Keskin Avci,A5024121275,exact,,name_unique
2781,Miguel Muñoz Rojo,A5073605477,exact,,name_unique
2782,Richard Stevens,A5111991567,exact,I94624287,round2_inst
2783,Jakob Albert,A5010605577,exact,,name_unique
2784,Tommaso Andreussi,A5077428083,exact,,name_unique
2785,Maria Cristina Vicente Manzano,A5045235527,exact,,round3_semantic
2786,Cristian Guillermo Gebhardt,A5075069173,exact,,name_unique
2787,Camille Duprat,A5012549623,exact,,name_unique
2788,Camilla Colombo,A5062668990,exact,I93860229,round2_inst
2789,Ioannis Stefanou,A5037413847,exact,,round3_semantic
2790,Liesbet Geris,A5030220964,exact,,name_unique
2791,Shervin Bagheri,A5014297647,exact,,name_unique
2792,Wiebe De Vos,A5007320100,exact,,name_unique
2793,Alexandre Ponrouch,A5055114718,exact,,name_unique
2794,Esteban Ferrer,A5073259063,exact,,round3_semantic
2795,Diego Misseroni,A5067806576,alias,I193223587,round2_inst
2796,Tom Breugelmans,A5060948708,exact,I149213910,round3_semantic
2797,Philip Cardiff,A5003527782,exact,I100930933,round2_inst
2798,Sara Bagherifard,A5055138043,exact,,name_unique
2799,Cyprien Soulaine,A5024803701,exact,,name_unique
2800,Elie Hachem,A5005367331,exact,,round3_semantic
2801,Ricardo Vinuesa,A5049616413,exact,I86987016,round2_inst
2802,Gal Shmuel,A5080038729,exact,,name_unique
2803,Lisa Prahl Wittberg,A5035228852,exact,,name_unique
2804,Daniel Tam,A5044795314,exact,I98358874,round2_inst
2805,Moran Bercovici,A5078144208,exact,,name_unique
2806,Luisa De Marco,A5073676149,exact,,round3_semantic
2807,Andreas Fischer,A5054687195,exact,I180437899,round4_semtie
2808,Jerome Noailly,A5003051512,exact,,name_unique
2809,Hans Bihs,A5005479704,exact,,name_unique
2810,Simen Ellingsen,A5071156343,alias,I204778367,round2_inst
2811,Antonio D'Amore,A5100831374,exact,,round3_semantic
2812,Baptiste Sirjean,A5025630197,exact,,name_unique
2813,Wei Cao,A5064243515,exact,I98381234,round4_semtie
2814,Ignazio Maria Viola,A5041519952,exact,I98677209,round4_semtie
2815,Ludovic Chamoin,A5066792673,exact,,name_unique
2816,Jia Min Chin,A5057969566,exact,,name_unique
2817,Jose Adam,A5030463348,exact,,name_unique
2818,Joe Briscoe,A5056611553,exact,,name_unique
2819,Gerasimos Konstantatos,A5042971902,exact,,round3_semantic
2820,Leticia Hosta Rigau,A5044039884,exact,I96673099,round2_inst
2821,Benjamin Klusemann,A5016194547,exact,,name_unique
2822,Alexandra Teleki Sotiriou,A5086569597,fuzzy,,round4_maxpapers
2823,Inga Berre,A5023075206,exact,,name_unique
2824,Angela Madeo,A5002209126,exact,,round3_semantic
2825,Simon Kuhn,A5066634472,exact,I99464096,round2_inst
2826,Stephen Dooley,A5056291369,exact,,name_unique
2827,Tanja Tarvainen,A5025562527,exact,I175532246,round2_inst
2828,Andrea Toma,A5078864453,exact,I30771326,round2_inst
2829,Agnese Seminara,A5079450620,exact,,name_unique
2830,Hanna Isaksson,A5074735538,exact,I187531555,round2_inst
2831,Dorina Maria Opris,A5007993170,fuzzy,I71824836,round2_inst
2832,Michael Wilczek,A5038196934,exact,I54009628,round2_inst
2833,Netanel Korin,A5006947163,exact,,name_unique
2834,Dimitrios Zevgolis,A5113465391,exact,,name_unique
2835,Nicolas Boscher,A5049708445,alias,I4210112527,round2_inst
2836,Rene Pecnik,A5055511351,exact,,name_unique
2837,Francesco Topputo,A5036488441,exact,,name_unique
2838,Josef Kiendl,A5064610853,exact,,name_unique
2839,Samuel Sanchez Ordonez,A5009895444,exact,,name_unique
2840,Triantafyllos Stylianopoulos,A5057504407,exact,,name_unique
2841,Conor Buckley,A5103222502,exact,,round4_maxpapers
2842,Blazej Grabowski,A5063712375,exact,I100066346,round2_inst
2843,Gabi Schierning,A5052587248,exact,,name_unique
2845,Michael De Volder,A5027615173,exact,I241749,round2_inst
2846,Irene Vignon-Clementel,A5090379866,exact,,round3_semantic
2847,Kirsi Mikkonen,A5079095012,exact,I133731052,round2_inst
2848,Tobias Manuel Schneider,A5082232920,fuzzy,I5124864,round2_inst
2849,Philipp Adelhelm,A5025764420,exact,,name_unique
2850,Edgardo Ademar Saucedo Silva,A5026009141,fuzzy,,round3_semantic
2851,Maria Clelia Righi,A5064500027,exact,,name_unique
2852,Gonzalo Prieto Gonzalez,A5060303863,exact,,name_unique
2853,Cecilia Mattevi,A5054443475,exact,,name_unique
2854,Christoph Rüdiger Müller,A5024347042,alias,I35440088,round2_inst
2855,Raul Bermejo,A5072317279,exact,I182712176,round2_inst
2856,Marco Deluca,A5112435619,exact,I4210135925,round3_semantic
2857,Karen Veroy-Grepl,A5064473378,alias,I83019370,round2_inst
2858,Pouyan Boukany,A5081100121,alias,I98358874,round2_inst
2859,Martí Gich,A5081565629,exact,I134820265,round2_inst
2860,Dorota Koziej,A5059231791,exact,,name_unique
2861,Antonio Ambrosio,A5014616438,exact,,name_unique
2862,Thomas Stergiopoulos,A5001932515,alias,I203474044,round2_inst
2863,Kevin Jean-Marie Van Geem,A5004577558,fuzzy,I32597200,round2_inst
2864,Francesco Scotognella,A5015787949,exact,,name_unique
2865,Rachel Evans,A5021537487,exact,,round4_semtie
2866,Nicolas Noiray,A5005160866,exact,,name_unique
2867,Aimee Morgans,A5028848706,alias,I47508984,round2_inst
2868,Alejandro Antonio Franco,A5102965924,alias,I1294671590,round3_semantic
2869,Valeria Chiono,A5027201794,exact,,name_unique
2870,Matevz Dular,A5048572853,exact,,name_unique
2871,Dennis Michael Kochmann,A5083881460,fuzzy,I35440088,round2_inst
2872,Salvador Pané Vidal,A5049117034,exact,,name_unique
2873,Liesbet Laura J Geris,A5030220964,fuzzy,I157674565,round2_inst
2874,Maria Manuela Estima Gomes,A5085593170,exact,,name_unique
2875,Marc Pera Titus,A5070971453,exact,I79510175,round2_inst
2876,Alexandru Vlad,A5007407846,exact,,name_unique
2877,Anne-Virginie Salsac,A5063079937,exact,I1294671590,round2_inst
2878,Jin-Chong Tan,A5073692835,exact,,name_unique
2879,Baptiste Gault,A5086156055,exact,,name_unique
2880,Aleksandr Ovsianikov,A5091349126,exact,I145847075,round2_inst
2881,Daniel Kiener,A5025664616,exact,,name_unique
2882,Christian Greiner,A5067374965,exact,I102335020,round2_inst
2883,Alessandro Molle,A5063678844,exact,,name_unique
2884,Samuel Charles Georges Marre,A5014365722,fuzzy,I1294671590,round2_inst
2885,Ana Rita Cruz Duarte,A5039840962,alias,,round3_semantic
2886,Alexandra Margarida Pinto Marques,A5005584631,exact,,name_unique
2887,Carlo Spartaco Casari,A5023415731,alias,I93860229,round2_inst
2888,David Grojo,A5036412743,exact,,name_unique
2889,Nicolas Ranc,A5021060446,exact,I1294671590,round2_inst
2890,Gerasimos Konstantatos,A5042971902,exact,,round3_semantic
2891,Roberto Rinaldi Sobrinho,A5087916378,exact,,name_unique
2892,Rebeca Marcilla Garcia,A5056533016,fuzzy,,round4_semtie
2893,Erik Bitzek,A5063333508,exact,,name_unique
2894,Carmen Giordano,A5067848089,exact,,name_unique
2895,Shahzada Ahmad,A5081850594,exact,,name_unique
2896,David Fairen-Jimenez,A5081651773,exact,I241749,round2_inst
2897,Tobias-Rossell Gerard,A5024241530,alias,I134820265,round2_inst
2898,Christian Poelma,A5048558235,exact,,name_unique
2899,Robin Henk A. Ras,A5066212186,fuzzy,I9927081,round2_inst
2900,Philippe Christian Chatelain,A5068318937,fuzzy,I95674353,round2_inst
2901,Valeria Nicolosi,A5054933448,exact,,name_unique
2902,Guillaume Loïc Haiat,A5006223188,fuzzy,I1294671590,round4_semtie
2903,Chiara Silvia Vitale Brovarone,A5075266238,fuzzy,I177477856,round4_semtie
2904,Louis Cornelia Patrick Maria De Smet,A5080571080,fuzzy,I913481162,round2_inst
2905,Marino Arroyo Balaguer,A5074158304,exact,,name_unique
2906,Lucia Nicola,A5057776328,exact,I138689650,round2_inst
2907,Guillermo Jose Rein,A5033272811,fuzzy,I47508984,round4_semtie
2908,Isaac Boxx,A5036031568,exact,,name_unique
2909,Bastian Joachim Max Etzold,A5025897477,fuzzy,I31512782,round2_inst
2910,Anke Lindner,A5080024671,exact,,name_unique
2911,Francois Courvoisier,A5037973920,exact,I1294671590,round4_semtie
2912,Alberto Tarancón Rubio,A5026546961,exact,,name_unique
2913,Lothar Wondraczek,A5021241484,exact,,name_unique
2914,Andrea Camposeo,A5031709636,exact,,name_unique
2915,Stéphane Henri Anatole Avril,A5086758918,fuzzy,,round4_semtie
2916,Isabel Maria Das Merces Ferreira,A5025162982,alias,,round3_semantic
2917,Elena Martínez Fraiz,A5050215240,exact,,name_unique
2918,Matteo Passoni,A5064721109,alias,I93860229,round2_inst
2919,Mariano Campoy Quiles,A5029700996,exact,,round3_semantic
2920,Víctor Antonio De La Peña O'Shea,A5084324626,alias,I4210085895,round2_inst
2921,Dongsheng Wen,A5070857673,exact,I130828816,round2_inst
2922,Jan Peter Felix Lagerwall,A5029474859,alias,I186903577,round2_inst
2923,Daniel John Kelly,A5045482826,alias,I205274468,round3_semantic
2924,Manuela Teresa Raimondi,A5063258316,exact,,name_unique
2925,Cinzia Casiraghi,A5060778690,exact,,name_unique
2926,Maria Concepcion Ovin Ania,A5031783558,exact,,name_unique
2927,Tanguy Eugene Le Borgne,A5061402015,fuzzy,I56067802,round3_semantic
2928,Stylianos (Stelios) Choulis,A5035981207,fuzzy,I163151358,round2_inst
2929,Jordi Sort Vinas,A5021308810,alias,I123044942,round2_inst
2930,Maria De Les Neus Sabate Vizcarra,A5005053726,fuzzy,,round4_maxpapers
2931,Darrell Alec Patterson,A5036808066,exact,,name_unique
2933,Alexander Zelikin,A5090925128,alias,I204337017,round2_inst
2935,Timon Rabczuk,A5065190539,exact,I51441396,round4_semtie
2936,Jürgen Groll,A5017257466,exact,I4210126310,round2_inst
2937,Avner Rothschild,A5038877770,exact,,name_unique
2938,Paula Maria Da Silva Mendes,A5082703612,alias,I79619799,round2_inst
2939,Joris Wilfried Maria Cornelius Thybaut,A5002483470,fuzzy,I32597200,round2_inst
2940,Marco Dentz,A5059072846,exact,,name_unique
2941,Manuel Arruebo Gordo,A5000837150,exact,,name_unique
2943,Alberto Guardone,A5028685995,exact,I93860229,round4_semtie
2944,Paolo Decuzzi,A5061631250,exact,I30771326,round3_semantic
2945,Angelo Simone,A5080054157,alias,I138689650,round2_inst
2946,Luca Brandt,A5017099728,exact,,name_unique
2947,Iair Arcavi,A5107883936,exact,I16391192,round2_inst
2948,Evan O'Connor,A5084114955,exact,,name_unique
2949,Blake Sherwin,A5105473526,alias,I241749,round4_semtie
2950,Johan Mazoyer,A5103289951,exact,,name_unique
2951,Miguel Zumalacarregui Perez,A5012984220,exact,,round3_semantic
2952,Maria Nikolayevna Drozdovskaya,A5027279709,alias,I118564535,round2_inst
2953,Katharine Mulrey,A5090249041,exact,,name_unique
2954,Philip Bull,A5019247098,exact,,name_unique
2955,Paul Mollière,A5076927452,alias,I149899117,round2_inst
2956,Pieter De Visser,A5031951399,alias,,round3_semantic
2957,Nozair Ashraf Khawaja,A5047479579,alias,I75951250,round2_inst
2958,Annalisa Bonafede,A5035103058,alias,I9360294,round2_inst
2959,Harm Schoorlemmer,A5106742969,exact,,round3_semantic
2960,Else Starkenburg,A5033850791,exact,,name_unique
2961,Katja Poppenhaeger,A5057284619,exact,,name_unique
2962,Talvikki Hovatta,A5089910311,alias,I9927081,round2_inst
2964,Mario Flock,A5083163086,exact,,name_unique
2965,Ondrej Pejcha,A5048301562,exact,I21250087,round4_semtie
2966,Boon Kok Tan,A5037572044,exact,I40120149,round4_semtie
2967,Adam Ingram,A5028280845,exact,I84884186,round2_inst
2968,Kate Maguire,A5015202320,exact,,round3_semantic
2969,Elisa Pueschel,A5105370346,exact,,name_unique
2970,Tilman Birnstiel,A5016174491,alias,I8204097,round2_inst
2971,Kristina Kislyakova,A5079437698,alias,I129774422,round2_inst
2972,Antoine Strugarek,A5085271241,exact,I2738703131,round4_semtie
2973,Joao Manuel Do Carmo Fialho Mendonca,A5005701508,fuzzy,I96673099,round2_inst
2974,Alessandra Silvestri,A5102979651,exact,I121797337,round2_inst
2975,Victoria Laura Antoci,A5035358816,alias,I96673099,round2_inst
2976,Riku Järvinen,A5003443154,exact,,name_unique
2977,Izaskun Jiménez-Serra,A5083920844,alias,I134820265,round2_inst
2978,Nicholas C. Stone,A5019013125,exact,,name_unique
2979,Lucile Turc,A5046677391,exact,,name_unique
2980,Dedong Wang,A5037547489,exact,I4210152878,round2_inst
2981,Massimo Gaspari,A5104652759,exact,,name_unique
2982,Annalisa Pillepich,A5078649440,exact,,name_unique
2983,Lena Noack,A5050798999,exact,I75951250,round2_inst
2984,Michal Drahus,A5006704814,alias,I126596746,round2_inst
2985,Jaime De La Cruz Rodriguez,A5052621712,exact,,name_unique
2986,Yamila Miguel,A5052372857,exact,,name_unique
2987,Mauro Stefanon,A5043012847,exact,,name_unique
2988,Francesco De Gasperin,A5081768423,alias,I875825670,round2_inst
2989,Jacqueline Hodge,A5020070530,exact,I121797337,round2_inst
2990,Paola Popesso,A5104977953,exact,,name_unique
2991,Andreu Font Ribera,A5028921959,exact,I187453708,round2_inst
2992,Oliver Gressel,A5004158759,exact,,name_unique
2993,Elodie Choquet,A5016303944,exact,,name_unique
2994,Christian Moestl,A5110645754,exact,,name_unique
2995,Sebastiano Bernuzzi,A5036798137,exact,,round4_semtie
2996,Josquin Errard,A5082065179,exact,I1294671590,round2_inst
2997,Jon Sundqvist,A5004997398,alias,I99464096,round2_inst
2998,Akira Endo,A5036791785,exact,I98358874,round4_semtie
2999,Kaisey Mandel,A5026983512,alias,I241749,round2_inst
3000,Eleonora Troja,A5018595778,alias,I116067653,round2_inst
3001,Tetyana Milojevic,A5022853461,exact,,name_unique
3002,Gul Esra Bulbul,A5078085557,alias,,round3_semantic
3003,Saskia Hekker,A5074798637,alias,I71030271,round2_inst
3004,Stefan Kraus,A5040615789,exact,I23923803,round4_semtie
3006,Pier-Emmanuel Tremblay,A5049843538,exact,,name_unique
3007,Silvia Galli,A5105096622,exact,I1294671590,round2_inst
3008,Myriam Benisty,A5081520912,alias,I899635006,round2_inst
3009,Elena Maria Rossi,A5031008643,alias,I121797337,round2_inst
3010,Anna Watts,A5030892326,exact,,round4_maxpapers
3011,Sebastiano Cantalupo,A5065902238,exact,,round3_semantic
3012,Alexis Carlotti,A5022603250,exact,,name_unique
3013,Suzanne Aigrain,A5054667977,alias,I40120149,round2_inst
3014,Gabriele Ponti,A5102054000,exact,,name_unique
3015,Camille Françoise Bonvin,A5036472909,fuzzy,I114457229,round2_inst
3016,Guillaume Laibe,A5002784950,exact,,name_unique
3017,Albert Rimola Gibert,A5008587391,exact,,name_unique
3018,Denis Defrere,A5041770370,exact,I99464096,round2_inst
3019,Hagai Perets,A5065198365,alias,I174306211,round2_inst
3020,Benoit Cerutti,A5041456096,exact,I1294671590,round2_inst
3021,Aline Vidotto,A5077207701,alias,I121797337,round2_inst
3022,Alberto Sesana,A5013212715,exact,,round3_semantic
3023,François Lique,A5042080453,exact,,name_unique
3024,Ingunn Kathrine Wehus,A5060541292,alias,I184942183,round2_inst
3025,Olivier Absil,A5060123759,exact,,name_unique
3026,Andrew Pontzen,A5027649787,exact,,name_unique
3027,Enrico Barausse,A5049026088,exact,,name_unique
3028,Clare Louise Dobbs,A5061231234,fuzzy,I23923803,round2_inst
3029,Ehud Nakar,A5039967505,exact,I16391192,round2_inst
3030,Peter Hilding Johansson,A5032012858,alias,I133731052,round2_inst
3031,Nanda Rea,A5103988163,exact,,name_unique
3032,Alberto Gonzalez Fairen,A5010476713,exact,,name_unique
3033,Geoffroy Lesur,A5089298782,alias,I1294671590,round2_inst
3034,Alexis Rouillard,A5080880118,exact,,name_unique
3035,Maarit Käpylä,A5112379716,alias,I9927081,round2_inst
3036,Alceste Bonanos,A5065298828,alias,I4210118731,round2_inst
3037,Andrea Miglio,A5003530833,exact,,round4_maxpapers
3038,Ian Mccarthy,A5076572486,exact,,round4_semtie
3039,Hans Kristian Eriksen,A5013812064,alias,I184942183,round4_semtie
3041,Michela Mapelli,A5071822154,exact,,round3_semantic
3042,Kevin Heng,A5019327228,exact,I118564535,round2_inst
3043,Sherry Hsuan Suyu,A5071334605,alias,I62916508,round2_inst
3046,Asaf Pe'Er,A5115707127,exact,,name_unique
3047,Konstantinos Tassis,A5071427523,exact,I8901234,round2_inst
3048,Olena Khomenko,A5005942466,exact,,round3_semantic
3049,Jean-Luc Lehners,A5066916947,exact,I149899117,round2_inst
3050,Pierre Beck,A5082819947,exact,I899635006,round4_semtie
3051,Petrus Van De Ven,A5020277527,fuzzy,,round4_maxpapers
3052,Licia Verde,A5033786381,exact,,name_unique
3053,Tom Van Doorsselaere,A5053347479,exact,,name_unique
3054,Jens Chluba,A5016230933,exact,,name_unique
3055,Frank Bigiel,A5038703475,exact,,name_unique
3056,Avishay Gal-Yam,A5107954008,exact,I53964585,round2_inst
3058,Leigh Nicholas Fletcher,A5050530413,fuzzy,I153648349,round2_inst
3059,Frank Heinz Postberg,A5010270936,fuzzy,I75951250,round4_semtie
3060,Claudia Anna De Rham,A5032507670,fuzzy,I47508984,round2_inst
3061,Daniele Antonangeli,A5004482216,exact,,name_unique
3062,Anders Johansen,A5068874155,exact,I124055696,round2_inst
3063,Maria Anna Lugaro,A5036569027,alias,I4210128682,round2_inst
3064,Emilia Kilpua,A5020163516,exact,I133731052,round2_inst
3065,Andrew James Levan,A5025740124,alias,I145872427,round2_inst
3066,Sean Patrick Matt,A5090531727,alias,I23923803,round2_inst
3067,Richard David Alexander,A5059656266,exact,,name_unique
3068,Karina Caputi,A5007647078,alias,I169381384,round2_inst
3069,Sarah Louise Bridle,A5037398308,fuzzy,I28407311,round4_semtie
3070,Herve Bouy,A5014011880,alias,,round3_semantic
3071,Jaiyul Yoo,A5014715087,exact,,name_unique
3072,Maria-Rosa Cioni,A5107297553,exact,,name_unique
3073,Frantz Martinache,A5024494164,exact,,round4_semtie
3074,Arjen Van Der Wel,A5082408263,exact,,name_unique
3075,Minna Maria Emilia Palmroth,A5006591924,alias,I133731052,round2_inst
3076,Sven Wedemeyer,A5009455752,exact,,name_unique
3077,Leen Katrien Els Decin,A5050256035,alias,I99464096,round2_inst
3078,Sune Toft,A5082903305,exact,,name_unique
3080,Haley Louise Gomez,A5060096577,alias,I79510175,round4_semtie
3081,Kazuya Koyama,A5054467998,exact,,round3_semantic
3082,Christoph Pfrommer,A5042529778,exact,,name_unique
3083,Henrik Beuther,A5062209257,alias,I149899117,round2_inst
3084,Catherine Elizabeth Cox Heymans,A5011140827,fuzzy,I98677209,round4_semtie
3085,Peter Gustaaf Jonker,A5022185514,alias,,round3_semantic
3086,Jochem Jan Anton Baselmans,A5039161022,fuzzy,,round3_semantic
3087,Nathan Bastian,A5103356339,exact,,name_unique
3088,Jes Kristian Jørgensen,A5105405721,alias,I124055696,round2_inst
3089,Stephane Frédéric Noël Paul Mathis,A5113930515,fuzzy,I2738703131,round2_inst
3090,Alexander Westphal,A5084197990,exact,I2801876189,round2_inst
3091,Andreas Zezas,A5052546913,alias,,round3_semantic
3093,Marta Volonteri,A5087752642,exact,I1294671590,round2_inst
3094,Antony Martin Lewis,A5106634010,exact,,name_unique
3095,William Percival,A5001753424,alias,I63072094,round2_inst
3096,Giovanna Tinetti,A5022203760,alias,I45129253,round2_inst
3097,Rainer Schödel,A5110722720,alias,I134820265,round2_inst
3098,Thomas Hertog,A5031153449,exact,,name_unique
3099,Wouter Henricus Theodorus Vlemmings,A5105938740,fuzzy,I66862912,round2_inst
3100,Mark Sullivan,A5039704516,exact,,round4_semtie
3101,Paola Marigo,A5065642219,exact,,name_unique
3102,Constantinos Skordis,A5017238230,exact,,name_unique
3103,Saleem Bahaj,A5024894168,exact,,name_unique
3104,Julia Cagé,A5011821114,exact,I205092303,round2_inst
3105,Jan Stuhler,A5071390181,exact,I50357001,round2_inst
3106,Attila Sandor Lindner,A5069395724,alias,I45129253,round2_inst
3107,Vladimir Asriyan,A5061091114,exact,,name_unique
3108,Maya Eden,A5088525682,exact,,name_unique
3109,Luis Aguiar,A5043717166,exact,I202697423,round2_inst
3110,Alessia Russo,A5069225762,exact,I138689650,round3_semantic
3111,Martin Schmalz,A5098944887,exact,I40120149,round2_inst
3112,Hornung Erik,A5037420297,alias,I180923762,round2_inst
3113,Kurt Mitman,A5087954992,exact,,name_unique
3114,Sam Asher,A5001234997,exact,I47508984,round2_inst
3115,Gal Oestreicher-Singer,A5079624858,exact,I16391192,round2_inst
3116,Luca Fornaro,A5000348305,exact,,name_unique
3117,Arash Nekoei,A5057259115,exact,I161593684,round4_semtie
3118,Yves Le Yaouanq,A5028558761,exact,,round4_maxpapers
3119,Daniel Wilhelm,A5091025078,exact,I8204097,round2_inst
3120,Thomas Le Barbanchon,A5032219554,exact,,name_unique
3121,Konrad Burchardi,A5045471573,exact,,name_unique
3122,Manuel García-Santana,A5034500149,exact,,name_unique
3123,Joan Llull,A5069285498,exact,,round3_semantic
3124,Ruben Durante,A5090034574,exact,,name_unique
3125,Mathieu Couttenier,A5026351385,exact,,name_unique
3126,Paula Bustos,A5011506926,exact,I170486558,round2_inst
3127,Andrew Rhodes,A5056779507,exact,I4210092408,round3_semantic
3128,Luigi Iovino,A5051884508,exact,,round3_semantic
3129,Christoph Trebesch,A5060997583,exact,I1308524038,round2_inst
3130,Roland Rathelot,A5043732987,exact,,name_unique
3131,Gaetano Gaballo,A5050845326,exact,I83860666,round2_inst
3132,Iris Kesternich,A5055391075,exact,,name_unique
3133,Antonio Penta,A5000575461,exact,I170486558,round2_inst
3134,Luigi Pascali,A5005979151,exact,,round3_semantic
3135,Gabriel Zucman,A5090091703,exact,I57995698,round2_inst
3136,Jonas Krabbe Hjort,A5022127778,alias,,round3_semantic
3137,Davide Cantoni,A5061039550,exact,,name_unique
3138,Tobias Berg,A5074576628,exact,,round4_semtie
3139,Sandro Shelegia,A5004424082,exact,,name_unique
3140,Janne Tukiainen,A5057106966,exact,I155660961,round2_inst
3141,Koen Jochmans,A5089120715,exact,I4210092408,round2_inst
3142,Monica Martinez-Bravo,A5073753535,exact,I4210121976,round2_inst
3143,Clement De Chaisemartin,A5037977205,exact,I205092303,round2_inst
3144,Ghazala Azmat,A5087433849,exact,I205092303,round4_semtie
3145,Ingvild Almås,A5013143506,exact,I161593684,round2_inst
3146,Filip Matějka,A5033652389,exact,,name_unique
3147,Francesco Decarolis,A5018849379,exact,,name_unique
3149,Mar Reguant Rido,A5017948131,exact,,name_unique
3150,Camille Landais,A5078514269,exact,I909854389,round2_inst
3151,Peter Koudijs,A5089752790,exact,,name_unique
3152,Eduardo Perez,A5073946143,exact,I205092303,round3_semantic
3154,Johan Hombert,A5089604953,exact,,name_unique
3155,Vasco Miguel Pereira Marques De Carvalho,A5037879038,fuzzy,I241749,round2_inst
3156,Paolo Pinotti,A5063890448,exact,,round3_semantic
3157,Benjamin Moll,A5032528341,exact,I909854389,round2_inst
3158,Alfred Galichon,A5081456457,exact,I205092303,round2_inst
3159,Ramana Nanda,A5050841292,exact,I47508984,round2_inst
3160,Ulrich Wagner,A5089763609,exact,,round4_maxpapers
3161,Marek Pycia,A5001011963,exact,,name_unique
3162,Seda Ertac,A5028194805,exact,,name_unique
3163,Stephen Hansen,A5044176523,exact,I45129253,round3_semantic
3164,Gabriella Conti,A5017127452,exact,,name_unique
3165,Ralph Ossa,A5090816742,exact,,name_unique
3166,Uta Schoenberg,A5013007062,exact,,name_unique
3167,Jan Kamiel S. De Loecker,A5085160521,fuzzy,I99464096,round2_inst
3168,Nicola Fuchs-Schündeln,A5009244859,exact,,name_unique
3169,Donal Crilly,A5088465493,exact,,name_unique
3170,Michael Francis Mcmahon,A5007518474,alias,I40120149,round2_inst
3171,Martin Weidner,A5017693750,exact,I40120149,round2_inst
3172,Rocco Macchiavello,A5042337597,exact,,name_unique
3173,Philipp Albert Theodor Kircher,A5012937129,fuzzy,I95674353,round2_inst
3174,Jakub Steiner,A5029973134,exact,I4210121259,round2_inst
3175,Natalia Fabra Portela,A5063268037,exact,,name_unique
3176,Alessandro Gavazza,A5090222442,exact,,name_unique
3177,Daniel Alberto Paravisini Maggi,A5088730075,fuzzy,,round4_maxpapers
3178,Maria Libertad González Luna,A5102776436,fuzzy,I170486558,round4_maxpapers
3179,Paolo Surico,A5080174692,exact,,name_unique
3180,Elias Papaioannou,A5112360343,exact,,name_unique
3181,Christoph Rothe,A5110481205,exact,,name_unique
3182,Moritz Henning Peter Schularick,A5073446068,fuzzy,I135140700,round2_inst
3183,Andrea Galeotti,A5036109808,exact,,name_unique
3184,Sigrid Suetens,A5021209074,exact,,name_unique
3185,Michelle Sovinsky,A5086476765,exact,,name_unique
3186,Kalina Manova,A5113264418,exact,,name_unique
3187,Julian Di Giovanni,A5071184783,exact,,name_unique
3188,Christian Walter Bayer,A5102975433,fuzzy,I135140700,round2_inst
3189,Adam Gyorgy Szeidl,A5065432388,fuzzy,I198945027,round2_inst
3190,Refet Gurkaynak,A5086789254,alias,I168864056,round2_inst
3191,Gilat Levy,A5051398775,exact,,name_unique
3192,Bård Gjul Harstad,A5112601992,alias,I184942183,round2_inst
3193,Henrik Jacobsen Kleven,A5055310448,alias,I909854389,round2_inst
3194,Debopam Bhattacharya,A5039352694,exact,I241749,round2_inst
3195,Marcin Kacperczyk,A5012056505,exact,,name_unique
3196,Vasiliki Skreta,A5034682157,exact,,name_unique
3197,Ricardo Augusto Marcos Rocha Reis,A5006318958,fuzzy,I909854389,round4_semtie
3198,Alp Enver Atakan,A5043934998,alias,,round3_semantic
3200,William Martin Fuchs,A5072666097,fuzzy,I50357001,round2_inst
3201,Raffaella Giacomini,A5072253763,exact,,name_unique
3202,Pedro Manuel Amaro Da Costa Luz Carneiro,A5002726046,alias,I45129253,round2_inst
3203,Ekaterina Zhuravskaya,A5003763829,exact,I57995698,round2_inst
3204,Philipp Daniel Koellinger,A5059104743,fuzzy,,round3_semantic
3205,Marta Reynal Querol,A5050966104,exact,I170486558,round2_inst
3206,Sophocles Mavroeidis,A5044862033,exact,,name_unique
3207,Paolo Surico,A5080174692,exact,,name_unique
3208,Jose Luis Peydro Alcalde,A5079370524,exact,,name_unique
3209,Tommaso Nannicini,A5040204992,exact,,name_unique
3210,Sok Bae Lee,A5076578866,exact,,name_unique
3211,Nicola Gennaioli,A5050249057,exact,,name_unique
3212,Yann Algan,A5051037471,exact,I205092303,round4_semtie
3213,Barbara Rossi,A5101804566,exact,I170486558,round3_semantic
3214,Per Einar Pettersson Lidbom,A5008323839,fuzzy,I161593684,round4_semtie
3215,Donato (Dino) Gerardi,A5076100220,fuzzy,,round4_maxpapers
3216,Alberto Miguel Martin,A5008945530,fuzzy,,round4_semtie
3217,Pierpaolo Benigno,A5110505087,exact,,round3_semantic
3218,Yann Bramoullé,A5015186076,exact,I21491767,round2_inst
3219,Daniel Li Chen,A5027012259,exact,,name_unique
3220,Mariacristina De Nardi,A5051392110,exact,I45129253,round2_inst
3221,Laurens Julien Henri Cherchye,A5008745851,fuzzy,I99464096,round2_inst
3222,Taisuke Otsu,A5049853792,exact,,name_unique
3223,Zhichao Kathy Yuan,A5110739338,alias,I909854389,round2_inst
3224,Michael Becher,A5062885607,exact,I125068653,round2_inst
3225,Jean-Benoit Falisse,A5005616128,exact,I98677209,round2_inst
3226,Thibault Schrepel,A5009098941,exact,,name_unique
3227,Tore Wig,A5051438092,exact,I184942183,round2_inst
3228,Efe Tokdemir,A5080299965,exact,,name_unique
3229,Mary Rogan,A5048723929,exact,I205274468,round2_inst
3230,Lene Aarøe,A5014485549,exact,,name_unique
3231,Abbey Steele,A5045226820,exact,I887064364,round2_inst
3232,Matthijs Rooduijn,A5055817949,exact,,name_unique
3233,Sofia Vasilopoulou,A5062487626,exact,I183935753,round2_inst
3234,Brian Barry,A5075497189,exact,I205274468,round2_inst
3235,Nicola Leveringhaus,A5042123045,exact,,name_unique
3236,Devorah Manekin,A5072703485,alias,I197251160,round2_inst
3237,Lisa Dellmuth,A5080647482,exact,I161593684,round2_inst
3238,Eldar Haber,A5066026585,exact,I91203450,round2_inst
3239,Frederik Dhondt,A5062979135,exact,I13469542,round2_inst
3240,Steffen Eckhard,A5028821349,exact,,name_unique
3241,Catherine O'Rourke,A5017632440,exact,,round4_maxpapers
3242,Linda Gröning,A5013061549,exact,I4432739,round2_inst
3243,Ignacio Jurado,A5086594266,exact,,name_unique
3244,Matthew Canfield,A5045057091,exact,,name_unique
3245,Tine Destrooper,A5083011831,exact,,name_unique
3246,Xavier Prevost,A5049523120,exact,,round3_semantic
3247,Inga Winkler,A5102783009,alias,I913481162,round2_inst
3248,Julian Garritzmann,A5077213410,alias,,round3_semantic
3249,Tomas Dumbrovsky,A5054090695,exact,,name_unique
3250,Cathryn Costello,A5059559512,exact,I100930933,round2_inst
3251,Maebh Harding,A5079823089,exact,I100930933,round2_inst
3252,Jorge Fernandes,A5003252828,exact,,round4_semtie
3253,Bart Klem,A5000634474,exact,,name_unique
3254,Aidan Regan,A5052813357,exact,,name_unique
3255,Steffen Hurka,A5022004002,exact,,name_unique
3256,Christina Eckes,A5088436513,exact,,name_unique
3257,Sorcha Macleod,A5075116351,alias,I124055696,round2_inst
3258,Sarah Eaton,A5009771753,exact,,round4_semtie
3259,Alice Vadrot,A5005429444,alias,I129774422,round2_inst
3260,Wim Hardyns,A5039222863,exact,I32597200,round2_inst
3261,Juan Antonio Mayoral,A5102729352,alias,I50357001,round2_inst
3262,Iosif Kovras,A5006219746,exact,,name_unique
3263,Cosmin Cercel,A5031421372,exact,I32597200,round2_inst
3264,Aisling Swaine,A5020464119,exact,I100930933,round2_inst
3265,Hila Shamir,A5068215012,exact,,name_unique
3267,Julia Fleischer,A5005593801,exact,,name_unique
3268,Aoife Daly,A5086530124,exact,,round4_semtie
3269,Roja Fazaeli,A5080620059,exact,,name_unique
3270,Dave De Ruysscher,A5040701845,exact,,name_unique
3271,Tom Van Der Meer,A5010780363,exact,I887064364,round2_inst
3272,Orna Rabinovich-Einy,A5021041220,exact,I91203450,round2_inst
3273,Clara Burbano Herrera,A5011422120,exact,,name_unique
3274,Charles Butcher,A5066118007,exact,I204778367,round2_inst
3275,Kevin Koehler,A5075209032,exact,,round3_semantic
3276,Markus Wagner,A5039706040,exact,I129774422,round3_semantic
3277,Barbara Vis,A5062911752,exact,,name_unique
3278,Maria Malksoo,A5029193606,exact,I124055696,round4_semtie
3279,Luis Simon,A5085626090,exact,I13469542,round2_inst
3280,Andrea Herrmann,A5022652001,exact,I145872427,round2_inst
3281,Nicole Bolleyer,A5064890257,exact,,name_unique
3282,Raluca Cornelia Grosescu,A5088116558,fuzzy,,round3_semantic
3283,Carlos Sebastian Villasante Larramendi,A5083204317,exact,,name_unique
3284,Inger Skjelsbaek,A5089894308,alias,I184942183,round2_inst
3285,Charles Wilson,A5033157082,exact,I40120149,round2_inst
3286,Elisabeth Ivarsflaten,A5054413363,exact,,name_unique
3287,David Kosar,A5058353802,exact,,round4_semtie
3288,Guillaume Touya,A5015586473,exact,,name_unique
3289,Sven-Oliver Proksch,A5055289415,exact,,name_unique
3290,Marcus Collier,A5041902167,exact,I205274468,round2_inst
3291,Thomas Chadefaux,A5059531306,exact,,name_unique
3292,Rutgerd Boelens,A5003945663,exact,I913481162,round2_inst
3293,Ragnhild Louise Muriaas,A5097050890,exact,,name_unique
3294,Chinwe Ijeoma Ifejika Speranza,A5004736369,fuzzy,I118564535,round4_maxpapers
3295,Tobias Kuemmerle,A5060331729,exact,,round4_maxpapers
3297,Kristine Eck,A5009884188,exact,,name_unique
3298,Anne Rasmussen,A5004039145,exact,I183935753,round2_inst
3299,Primavera Margot Maria Sasa Gravier De Filippi,A5087793409,fuzzy,I1294671590,round2_inst
3300,Delia Ferri,A5025276430,exact,I157286207,round2_inst
3301,Anja Neundorf,A5057708902,exact,,name_unique
3302,Joan Ballester,A5004971197,exact,,name_unique
3303,Carl Henrik Knutsen,A5031648851,exact,I184942183,round2_inst
3304,Matthias Vom Hau,A5066756431,exact,,name_unique
3305,Benjamin Straumann,A5035554697,exact,I202697423,round2_inst
3306,Catherine De Vries - Netjes,A5012831238,fuzzy,,round3_semantic
3307,Joost Van Spanje,A5067804593,exact,I184558857,round2_inst
3308,Andrew Futter,A5005944375,exact,I153648349,round2_inst
3309,Rune Slothuus,A5089657516,exact,,name_unique
3310,Achim Goerres,A5009103150,exact,,name_unique
3312,Francesco Ragazzi,A5041985142,exact,,name_unique
3313,Harriet Hawkins,A5004391156,exact,I184558857,round2_inst
3314,Zaili Yang,A5034690093,exact,I63098007,round2_inst
3315,Katherine Browne,A5112788480,exact,,round4_maxpapers
3316,Stefanie Walter,A5004723245,exact,I202697423,round2_inst
3317,Niels Petersen,A5065018261,exact,I22465464,round4_semtie
3318,Eoin Carolan,A5102849467,exact,I100930933,round3_semantic
3319,Dawn Watkins,A5078266473,exact,,name_unique
3320,James Woodcock,A5036593639,exact,I241749,round2_inst
3321,Benjamin Van Rooij,A5046979130,exact,,name_unique
3322,Lorraine Elisabeth Whitmarsh,A5012606238,fuzzy,I51601045,round2_inst
3323,Detlef Van Vuuren,A5082748474,alias,I193662353,round2_inst
3324,Carsten Jensen,A5065496081,exact,I204337017,round2_inst
3325,Claudia Elena Aradau,A5071973534,alias,I183935753,round2_inst
3326,Matti Kummu,A5079266139,exact,,name_unique
3327,Gara Villalba Méndez,A5010005419,alias,I123044942,round2_inst
3328,Julia Catherine Gallagher,A5004605831,fuzzy,I31575130,round2_inst
3329,Jean-Benoit Pilet,A5036219475,exact,I132053463,round4_semtie
3330,Colin Mcfarlane,A5025397186,exact,I190082696,round2_inst
3331,Christian Enemark,A5046189272,exact,I43439940,round2_inst
3332,Johanna Kantola,A5016833571,exact,,name_unique
3334,Giuliano Di Baldassarre,A5050776780,exact,I123387679,round2_inst
3335,Denisa Kostovicova,A5060371611,exact,,name_unique
3336,Prabha Kotiswaran,A5074885923,exact,I183935753,round2_inst
3337,Victoria Reyes-García,A5080550633,exact,I123044942,round4_maxpapers
3338,Daniel Moeckli,A5061753184,exact,I202697423,round2_inst
3339,Kaius Tapani Tuori,A5046171527,alias,I133731052,round2_inst
3340,Oksana Mont,A5045512462,exact,I187531555,round2_inst
3341,Inanna Hamati-Ataya,A5025730021,exact,,name_unique
3342,Caspar Gerard Chorus,A5112855701,exact,,name_unique
3343,Janine Clark,A5056587194,exact,,round3_semantic
3344,Xandra Ellen Kramer,A5085372272,alias,I913958620,round2_inst
3345,Roland Erne,A5056505437,exact,I100930933,round2_inst
3346,Staffan I. Lindberg,A5082109923,exact,I881427289,round2_inst
3347,Stefan Giljum,A5036854135,exact,I102248843,round2_inst
3348,Eva Kristine Østergaard-Nielsen,A5065419522,alias,I123044942,round2_inst
3349,Zoe Georgina Davies,A5053168179,alias,I20581793,round2_inst
3350,Panagiotis Delimatsis,A5027327104,exact,I193700539,round3_semantic
3351,Andreas Duer,A5066000546,exact,,name_unique
3352,Clionadh Raleigh,A5041513832,exact,I162608824,round2_inst
3353,Juliëtte Schaafsma,A5003300336,exact,,name_unique
3354,Jochen Peter,A5037694810,exact,I887064364,round4_maxpapers
3355,Sven Aron Oskarsson,A5058805863,fuzzy,I123387679,round3_semantic
3356,Jason Aaron Reifler,A5037475402,alias,I23923803,round2_inst
3357,Rachel Mary Brooks,A5056231080,alias,,round3_semantic
3358,Marieke De Goede,A5042484381,exact,I887064364,round2_inst
3359,Don Weenink,A5051897361,exact,,name_unique
3360,Carey Louisa Jewitt,A5047922190,fuzzy,I45129253,round2_inst
3361,Marina Castelo Branco Da Costa Lobo,A5113457805,fuzzy,I4392738132,round2_inst
3362,Maarten Vink,A5072424366,exact,,name_unique
3363,Lynn Cooke,A5113184306,exact,,name_unique
3364,Klaus Lindgaard Hoeyer,A5017257181,alias,I124055696,round2_inst
3365,Nicola Mai,A5020790788,exact,,round3_semantic
3366,Tobias William Kelly,A5056976070,fuzzy,I98677209,round2_inst
3367,Eileen Marie Moyer,A5039934786,fuzzy,I887064364,round2_inst
3368,Phillip Hellwege,A5034364757,exact,I179225836,round2_inst
3369,Halvard Buhaug,A5038498708,exact,I60419261,round2_inst
3370,Benjamin Crewe,A5060742517,exact,,name_unique
3371,Philip Howard,A5019176699,exact,,round3_semantic
3372,Lotta Marie Christine Vikström,A5090771140,fuzzy,,round3_semantic
3373,Sara Binzer Hobolt,A5070013933,alias,I909854389,round2_inst
3374,Claes Holger De Vreese,A5103785726,exact,,name_unique
3375,Károly Takács,A5015566794,exact,,round3_semantic
3376,Helena Cristina Ferreira Machado,A5079541400,alias,I99682543,round2_inst
3378,Michal Alberstein,A5061589101,exact,I13955877,round2_inst
3379,Andreas Fred Fischer-Lescano,A5022588809,fuzzy,I180437899,round2_inst
3380,Peter Alexandrov Stamatov,A5035651320,fuzzy,I50357001,round2_inst
3381,Benjamin Olivier Joseph René Marie Rubbers,A5061776748,fuzzy,I157674565,round2_inst
3382,Martin Holbraad,A5043854209,exact,I45129253,round2_inst
3383,Markus Gangl,A5017166131,exact,,name_unique
3385,Jane Calvert,A5060206174,exact,I98677209,round2_inst
3386,Vinh-Kim Nguyen,A5042365595,exact,,round4_semtie
3387,Jan Beyers,A5074422626,exact,I149213910,round2_inst
3388,Séverine Dusollier,A5080177771,exact,,name_unique
3389,Jani Petteri Erola,A5077102480,fuzzy,I155660961,round2_inst
3390,Moniek Adrienne Buijzen,A5035909713,fuzzy,I145872427,round2_inst
3391,Aouatef Amade M'Charek,A5044269922,alias,I887064364,round2_inst
3392,Edward Simpson,A5018349673,exact,I31575130,round4_semtie
3393,Sofia Isabel Da Costa D'Aboim Inglez,A5087786404,alias,,round3_semantic
3394,Hans Alves,A5023392792,exact,,name_unique
3395,Yatun Sastramidjaja,A5045020889,exact,I887064364,round2_inst
3396,Patrick Naef,A5070850900,alias,,round3_semantic
3397,Jaron Harambam,A5052722218,exact,I887064364,round2_inst
3398,Thijs Bol,A5025186963,exact,,name_unique
3399,Pablo Alonso Gonzalez,A5046619694,exact,I134820265,round3_semantic
3400,Laura Taylor,A5109423856,exact,,round4_semtie
3401,Fredy Mora Gamez,A5007219677,exact,,name_unique
3402,Borja Martinović,A5049804099,exact,,name_unique
3403,Patty Leijten,A5048264494,exact,,name_unique
3404,Nicolas Sommet,A5017371717,exact,,name_unique
3405,Juliane Lischka,A5031084511,alias,I159176309,round2_inst
3406,Claire Blencowe,A5028479609,exact,I39555362,round2_inst
3407,Karin Doolan,A5060195074,exact,,name_unique
3408,Orhan Agirdag,A5035605779,alias,I99464096,round2_inst
3409,Marie Rosenkrantz Lindegaard,A5042695244,exact,,round3_semantic
3410,Harriet Thomson,A5084415989,exact,,name_unique
3411,Carsten Sauer,A5001091566,exact,,name_unique
3412,Harriet Over,A5056830537,exact,I52099693,round2_inst
3413,Milena Tsvetkova,A5069791094,exact,I909854389,round2_inst
3414,Liselot Hudders,A5028800885,exact,,name_unique
3415,Maike Luhmann,A5030819819,exact,,name_unique
3416,Pieter-Paul Verhaeghe,A5079259006,exact,,name_unique
3417,Naomi Millner,A5066749543,exact,,name_unique
3418,Rebekka Friedman,A5049284557,exact,,name_unique
3419,Lai Ma,A5101614347,exact,I100930933,round2_inst
3420,Ilona Croy,A5012388054,exact,,round3_semantic
3421,Luigi Achilli,A5045347137,exact,,round3_semantic
3422,Vanessa Wijngaarden,A5030545036,exact,,name_unique
3423,Radhika Gupta,A5101183744,exact,I121797337,round2_inst
3424,Sabina Cehajic-Clancy,A5023810719,exact,I161593684,round2_inst
3425,Edyta Roszko,A5022180961,exact,,name_unique
3426,Michael Quayle,A5052854928,exact,I230495080,round2_inst
3427,Heidi Stöckl,A5068645875,exact,,name_unique
3428,Anna Harris,A5031049095,exact,I34352273,round2_inst
3429,Magdalena Wojcieszak,A5044652655,exact,,name_unique
3430,Ariane Sadjed,A5081377703,exact,,round4_maxpapers
3431,Flor Dinis De Araújo Avelino,A5031610815,fuzzy,I193662353,round2_inst
3432,Judith Bovensiepen,A5011659010,exact,,name_unique
3433,Roberta Sinatra,A5056242621,exact,,name_unique
3434,Sahana Udupa,A5089986506,exact,I8204097,round2_inst
3435,Philipp Lersch,A5097279014,exact,,round4_maxpapers
3436,Megha Amrith,A5017841745,exact,,name_unique
3437,Jeanine Dagyeli,A5037343994,exact,,name_unique
3438,Maya Benish-Weisman,A5008725627,exact,I197251160,round4_semtie
3439,Valentina Bonifacio,A5014487385,exact,I149461666,round2_inst
3440,Pablo Gracia,A5020662752,exact,I123044942,round2_inst
3441,Tali Kristal,A5060541841,exact,,name_unique
3442,David Reimer,A5068682284,exact,I165368041,round2_inst
3443,Moris Triventi,A5001480581,exact,I189158943,round2_inst
3444,Egil Nygaard,A5058371653,exact,,name_unique
3445,Joris Mulder,A5068435789,exact,I193700539,round3_semantic
3446,Tina Kretschmer,A5043912939,exact,,name_unique
3447,Martijn Koster,A5063676883,exact,I913481162,round2_inst
3448,Erica Weiss,A5076899110,exact,I16391192,round2_inst
3449,Miri Yemini,A5024461173,exact,,name_unique
3450,Matti Eräsaari,A5035606586,exact,,name_unique
3451,Verónica Policarpo,A5034663534,exact,,name_unique
3452,Marta Bucholc,A5027000197,exact,I4654613,round2_inst
3453,Jochen Gebauer,A5042962645,exact,,name_unique
3454,Marius Warg Næss,A5015563417,exact,,name_unique
3455,Steffen Dalsgaard,A5001563642,exact,,name_unique
3456,Tobias Stark,A5000979874,exact,I193662353,round2_inst
3457,Seth Holmes,A5106266285,exact,,round3_semantic
3458,Eivind Ystrøm,A5003425738,exact,,name_unique
3459,Suvi Saarikallio,A5007264746,exact,,name_unique
3460,Loes Keijsers,A5043730373,exact,I913958620,round2_inst
3461,Hallvard Moe,A5012542798,exact,I4432739,round4_semtie
3462,Ana Cristina Santos,A5064304942,exact,I4392738281,round2_inst
3463,Rosana Pinheiro Machado,A5033421040,exact,I100930933,round2_inst
3464,Eva Beaujouan,A5002714445,exact,I129774422,round2_inst
3468,Elisabetta Crocetti,A5061083625,exact,,name_unique
3469,Alessia Melegaro,A5061900944,exact,,name_unique
3470,Jennifer Beam Dowd,A5009798144,alias,I40120149,round2_inst
3471,Simon Chauchard,A5045934118,exact,,name_unique
3472,Raya Muttarak,A5012213855,exact,I9360294,round2_inst
3473,Maria Melchior,A5020661226,exact,I154526488,round3_semantic
3474,Lasse Lindekilde,A5074529181,exact,,name_unique
3475,Roger Canals Vilageliu,A5089635816,fuzzy,,round4_semtie
3476,Antonio De Lauri,A5081034645,exact,I2800297018,round2_inst
3477,Ignacio Ariel Farías Hurtado,A5019931763,fuzzy,,round4_semtie
3478,Dimitrios Pavlopoulos,A5080609103,fuzzy,,round4_maxpapers
3479,Dace Agnese Dzenovska,A5038442344,alias,I40120149,round2_inst
3480,Nicola Barban,A5065594776,exact,I9360294,round2_inst
3481,Sander Thomaes,A5069445706,exact,I193662353,round2_inst
3482,Iñaki Permanyer Ugartemendia,A5013717810,exact,,name_unique
3483,Anna Matysiak,A5080204326,exact,I4654613,round2_inst
3484,Irena Kogan,A5082684875,exact,I177802217,round2_inst
3485,Eran Halperin,A5042631896,exact,I197251160,round4_semtie
3486,Sonja Zmerli,A5046470069,exact,I899635006,round3_semantic
3487,Daniel Patrick Balliet,A5080560235,alias,,round3_semantic
3488,Jennifer Gabrys,A5030599574,exact,I241749,round2_inst
3489,Shaul Shalvi,A5077814535,exact,,name_unique
3490,Isto Huvila,A5085072172,exact,I123387679,round2_inst
3491,Shanshan Lan,A5047905663,exact,I887064364,round2_inst
3492,Limor Shifman,A5044191299,exact,,name_unique
3493,Henrik Zachrisson,A5050079971,alias,I184942183,round2_inst
3494,Jørgen Koren Carling,A5039589388,fuzzy,I60419261,round2_inst
3495,Ayse Uskul,A5008533719,exact,,name_unique
3497,Helga De Valk,A5103954271,exact,,name_unique
3498,Torkild Hovde Lyngstad,A5022144815,exact,I184942183,round3_semantic
3499,Katrina Elly Jungnickel,A5064992654,alias,,round4_maxpapers
3500,Jacob Copeman,A5005471124,exact,I200284239,round2_inst
3501,Florian Toepfl,A5063735924,exact,,name_unique
3502,Martijn Oosterbaan,A5061316038,exact,I193662353,round2_inst
3503,Mara Yerkes,A5069138370,alias,I193662353,round2_inst
3504,Jenny Van Der Steen,A5108592939,exact,,name_unique
3505,Jean-Louis Van Gelder,A5060700933,exact,,name_unique
3506,Bianca Beersma,A5070439681,exact,,name_unique
3507,Paula Marie Madelén Evertsson,A5087668674,fuzzy,,round3_semantic
3508,Man Yee Kan,A5012209144,exact,I40120149,round2_inst
3509,Lucie Dale Cluver,A5063549016,alias,I40120149,round2_inst
3510,Gael Georges Marcel Le Mens,A5074137374,fuzzy,I170486558,round2_inst
3512,Susi Geiger,A5046293617,exact,,name_unique
3513,Maria Almudena Sevilla,A5026432397,fuzzy,,round3_semantic
3514,Camille Georges Régis Roth,A5032110850,fuzzy,I1294671590,round2_inst
3515,Christian Borch,A5083575490,exact,I180519160,round2_inst
3516,Jakub Kazimierz Bijak,A5063239904,fuzzy,I43439940,round2_inst
3517,Michelle Kim Ryan,A5083992883,exact,,name_unique
3518,Henrik Vigh,A5078315010,exact,I124055696,round2_inst
3519,Marit Sissel Irene Skivenes,A5056629631,fuzzy,I4432739,round2_inst
3520,Daniele Vignoli,A5075260851,exact,,name_unique
3522,Judi Mesman,A5086422376,exact,I121797337,round2_inst
3523,Marc Anton Luy,A5090508615,fuzzy,,round3_semantic
3524,Silvia Rodriguez Maeso,A5085489947,exact,,name_unique
3525,Hadas Mandel Levy,A5054027319,fuzzy,,round3_semantic
3526,Benjamin William Anthony Ansell,A5110857298,fuzzy,,round4_maxpapers
3528,Christiaan Willem Simon Monden,A5110883201,exact,,name_unique
3529,Martin Sokol,A5040533039,exact,I205274468,round2_inst
3530,Michele Graziano Ceddia,A5071351712,exact,,name_unique
3531,Valentina Mazzucato,A5049878471,exact,I34352273,round2_inst
3532,Maja Schlüter,A5016983952,alias,I161593684,round2_inst
3533,Francesco Laio,A5090057711,exact,,name_unique
3534,Inga Dora Sigfusdottir,A5105792354,exact,I123185442,round3_semantic
3535,Hein Gysbert De Haas,A5001239700,fuzzy,I887064364,round2_inst
3536,Ludovic Leclercq,A5059748671,exact,,name_unique
3537,Basile Georges Paul Chaix,A5020601268,fuzzy,I154526488,round4_semtie
3538,Anna Ray Davies,A5017955133,alias,I205274468,round2_inst
3539,Mark Antonius Jan Huijbregts,A5080182359,fuzzy,I145872427,round2_inst
3540,Evelyn Sharon Ruppert,A5021340448,alias,,round3_semantic
3541,Steffen Martin Fritz,A5040252235,fuzzy,I1317774081,round4_semtie
3542,Stephane Hess,A5072345703,exact,I130828816,round2_inst
3543,Maarten Van Ham,A5060637918,exact,,name_unique
3544,Jörn Fischer,A5080047841,exact,,round4_semtie
3545,Melinda Mills,A5106477940,exact,I40120149,round3_semantic
3546,Joerg Fingerhut,A5047374678,exact,,round3_semantic
3547,Lars Meyer,A5068448582,exact,I149899117,round3_semantic
3548,Marina Kalashnikova,A5043494058,exact,I4210104355,round2_inst
3549,Tobias Hauser,A5111441196,exact,,round3_semantic
3550,John Mansfield,A5064414060,exact,I202697423,round2_inst
3551,Stephanie Forkel,A5017441301,alias,I145872427,round2_inst
3552,Okko Räsänen,A5016518233,exact,,name_unique
3553,Sylvie Nozaradan,A5076449743,exact,,name_unique
3554,Ryszard Auksztulewicz,A5026508978,exact,,name_unique
3555,Dora Matzke,A5034870294,exact,,name_unique
3556,Martin Vinck,A5033216984,exact,,name_unique
3557,Amber Gayle Thalmayer,A5071598825,exact,I202697423,round2_inst
3558,Alexandra Woolgar,A5062680873,exact,,name_unique
3559,Christiaan Vinkers,A5017312170,alias,,round4_semtie
3560,Laura Dugue,A5025502344,exact,,name_unique
3561,Marina Lopez Sola,A5023740479,exact,I71999127,round2_inst
3562,Marie Lallier,A5033180394,exact,I4210104355,round2_inst
3563,Alireza Salami,A5029416913,exact,I28166907,round2_inst
3564,Andrea Martin,A5080064387,exact,,round3_semantic
3565,Konstantinos Tsetsos,A5009152397,exact,,name_unique
3566,Emma Sprooten,A5017663367,exact,,name_unique
3567,Laura Grestenberger,A5016609151,exact,,name_unique
3568,Strijkers Kristof,A5110432546,exact,,name_unique
3569,Gordon Feld,A5112822055,exact,,name_unique
3570,Neil Cohn,A5091201289,exact,I193700539,round2_inst
3571,Paola Binda,A5026349147,exact,,name_unique
3572,Giovanni Petri,A5063367289,exact,,name_unique
3573,Scott Cairney,A5071690413,alias,I52099693,round2_inst
3574,Siri Leknes,A5082617490,exact,I184942183,round3_semantic
3575,Roberto Bottini,A5071261878,exact,,name_unique
3576,Lisa Genzel,A5027934644,exact,,name_unique
3577,Caspar Schwiedrzik,A5065568970,alias,,round3_semantic
3578,Malte Rosemeyer,A5037103490,exact,I75951250,round2_inst
3579,Ilanit Gordon,A5049276949,exact,I13955877,round2_inst
3580,Suzanne Dikker,A5020379911,exact,,name_unique
3581,Tamás Faragó,A5017726486,exact,I106118109,round2_inst
3582,Matthias Urban,A5008245214,exact,,round4_semtie
3583,Wouter Van Den Bos,A5054947147,exact,,name_unique
3584,Sigal Zilcha-Mano,A5019181356,exact,I91203450,round3_semantic
3585,Radoslaw Martin Cichy,A5089543782,alias,I75951250,round2_inst
3586,Nathan Faivre,A5051118769,exact,I1294671590,round2_inst
3587,Gry Oftedal,A5021866481,exact,,name_unique
3588,Michael Lombardo,A5089543470,exact,I30771326,round2_inst
3589,Surjo Soekadar,A5042255270,alias,,round3_semantic
3590,Simone Kuehn,A5110904026,exact,,round3_semantic
3591,Marco Marelli,A5073018684,exact,,name_unique
3592,Ellen De Bruijn,A5018617932,exact,,name_unique
3593,Delphine Oudiette,A5075924830,exact,I154526488,round3_semantic
3594,Yuval Hart,A5003719175,exact,I197251160,round3_semantic
3595,Tobias Kaufmann,A5089623913,exact,I8087733,round2_inst
3596,Judith Domínguez Borràs,A5027718334,exact,I71999127,round2_inst
3597,Philipp Kanske,A5032090455,exact,,round3_semantic
3598,Jakub Dotlačil,A5011975016,exact,,name_unique
3599,Tom Schonberg,A5089277904,exact,I16391192,round2_inst
3600,Thomas Wallis,A5076628104,exact,,name_unique
3601,Michaël Peyrot,A5073630241,exact,I121797337,round2_inst
3602,Tim Van De Cruys,A5067470407,exact,I99464096,round2_inst
3603,Constantin Rothkopf,A5015277967,alias,I31512782,round2_inst
3604,Kamilla Miskowiak,A5044746918,alias,I124055696,round2_inst
3605,Abbie Hantgan-Sonko,A5063756359,alias,I1294671590,round2_inst
3606,Claire Sergent,A5045953328,exact,,name_unique
3607,Kristian Tylén,A5023034161,exact,,name_unique
3608,Arjen Alink,A5056899860,exact,,name_unique
3609,Gesa Hartwigsen,A5021157610,exact,,round3_semantic
3610,Simon Van Gaal,A5005327084,exact,,name_unique
3611,Kristin Lemhofer,A5044289908,exact,,name_unique
3612,Joshua Tybur,A5066329079,alias,,round3_semantic
3613,Johann-Mattis List,A5012676548,exact,I186354981,round2_inst
3614,Valentina Bambini,A5031747764,exact,,name_unique
3615,Stefano Palminteri,A5028199267,exact,I154526488,round4_semtie
3616,Benjamin Morillon,A5003525004,exact,I154526488,round2_inst
3617,Alex Taylor,A5029562752,exact,,round4_semtie
3618,Clare Press,A5065860406,exact,I98259816,round2_inst
3619,Martijn Pieter Van Den Heuvel,A5009949271,alias,,round3_semantic
3620,Bernhard Spitzer,A5073216442,exact,,round3_semantic
3621,Minna Torppa,A5004373982,exact,,name_unique
3623,Alejandrina Cristia,A5042831132,exact,I1294671590,round4_semtie
3624,Sebastian Watzl,A5034857753,exact,I184942183,round2_inst
3625,Lukas Van Oudenhove,A5001562615,exact,,name_unique
3626,Stamatios Sotiropoulos,A5052140351,alias,I142263535,round2_inst
3627,Sabina Leonelli,A5027303084,exact,,name_unique
3628,Heleen Slagter,A5008830761,alias,,round3_semantic
3629,Alexander Schütz,A5000031221,exact,,round3_semantic
3630,Bernhard Staresina,A5087500318,alias,I40120149,round2_inst
3631,Floris De Lange,A5091104349,alias,I145872427,round2_inst
3632,Daniel Margulies,A5006201680,exact,,name_unique
3633,Birte Forstmann,A5032945266,alias,I887064364,round4_semtie
3634,Marios Philiastides,A5003661435,alias,I7882870,round2_inst
3635,Bridget Waller,A5020229751,alias,I52590639,round2_inst
3636,Lauren Brent,A5005475843,alias,I23923803,round2_inst
3637,Bhismadev Chakrabarti,A5007803639,exact,,name_unique
3638,Stefan Van Der Stigchel,A5050210515,exact,I193662353,round2_inst
3639,Redmond O'Connell,A5102497074,exact,,name_unique
3640,Iris Tatjana Kolassa,A5063783339,exact,,name_unique
3641,James Bonaiuto,A5039504387,exact,I1294671590,round2_inst
3642,Markus Siegel,A5063636409,exact,I8087733,round2_inst
3643,Ellen Hamaker,A5078661846,alias,I193662353,round2_inst
3644,Nitzan Censor,A5055337542,exact,,name_unique
3645,Yuval Nir,A5069158944,exact,,name_unique
3646,Martin Rolfs,A5052693004,exact,,name_unique
3647,Dominik Bach,A5054780837,alias,I135140700,round2_inst
3648,Michel Thiebaut De Schotten,A5024787899,exact,I1294671590,round3_semantic
3649,Raquel Fernandez Rovira,A5030112271,fuzzy,,round3_semantic
3650,Christopher Mark Bird,A5040659934,alias,,round4_maxpapers
3651,John Robert Gareth Williams,A5002313174,alias,I130828816,round2_inst
3652,Tarja Tellervo Knuuttila,A5003381023,alias,I129774422,round2_inst
3653,Aikaterini Fotopoulou,A5000736540,exact,,name_unique
3654,Marko Nardini,A5010382710,exact,I190082696,round2_inst
3656,Bahador Bahrami,A5049607869,exact,I8204097,round4_semtie
3657,Adam Sanborn,A5095601477,exact,,name_unique
3658,Giovanni Pezzulo,A5053290697,exact,,round3_semantic
3659,Judit Gervain,A5065300194,exact,I138689650,round2_inst
3660,Judith Holler,A5003283632,exact,,name_unique
3661,Anna Franklin,A5012667644,exact,I162608824,round2_inst
3662,Frederick Leon Julien Verbruggen,A5079789064,fuzzy,I32597200,round2_inst
3663,Karin Roelofs,A5087340678,exact,I145872427,round2_inst
3664,Elizabeth Alice Jefferies,A5062704227,alias,I52099693,round2_inst
3665,Andrew J Koontz-Garboden,A5061522229,fuzzy,I28407311,round2_inst
3666,Marco Tamietto,A5033230100,exact,,name_unique
3667,Gerhard Jocham,A5055635241,exact,,name_unique
3668,Catarina Dutilh Novaes,A5026914322,exact,,round4_semtie
3669,Kristine Walhovd,A5061605810,alias,I184942183,round2_inst
3670,Simone Pika,A5002820090,exact,,name_unique
3671,Meike Bartels,A5029768836,exact,,round3_semantic
3672,Anders Martin Fjell,A5023405914,alias,I184942183,round2_inst
3673,Christian Carl Ruff,A5043120916,alias,I202697423,round2_inst
3674,Máté Miklós Lengyel,A5023602087,fuzzy,I198945027,round2_inst
3675,Victoria Southgate,A5047297638,exact,,name_unique
3676,Christian Fritz Andreas Doeller,A5041330412,fuzzy,I204778367,round3_semantic
3677,Jelte Wicherts,A5021799332,exact,I193700539,round2_inst
3678,Emmanouil Tsakiris,A5055512942,exact,,name_unique
3680,Christopher Iliev Petkov,A5030790098,fuzzy,I84884186,round2_inst
3681,Marius Vincent Peelen,A5025496546,alias,I145872427,round2_inst
3682,Christopher Summerfield,A5031878516,exact,,name_unique
3683,Bence Gyorgy Nanay,A5013703767,fuzzy,I149213910,round2_inst
3684,Laura Kallmeyer,A5004268590,exact,,name_unique
3685,Domenica Bueti,A5008006939,exact,,name_unique
3686,Benjamin Ambridge,A5038150862,alias,I146655781,round2_inst
3687,Kenneth Smith,A5101943875,exact,I98677209,round4_maxpapers
3688,Isabela Granic,A5041622156,exact,,name_unique
3689,Louise Mary Connell,A5003814468,fuzzy,I157286207,round2_inst
3690,Francesco Berto,A5046341120,exact,,name_unique
3691,Nicholas James Shea,A5079991803,alias,I124357947,round2_inst
3692,Roberta Anna Grazia D'Alessandro,A5107344876,fuzzy,,round3_semantic
3693,Amanda Gabrielle Wood,A5033274421,alias,I169199633,round2_inst
3694,Eveline Adriana Maria Crone,A5064580768,fuzzy,I913958620,round3_semantic
3695,Roland William Fleming,A5048566788,fuzzy,I200763008,round2_inst
3696,Erno Jan Hermans,A5077600021,alias,I2802934949,round2_inst
3698,Jonas Ferdinand Obleser,A5071259609,fuzzy,I9341345,round2_inst
3699,Christopher David Iain Chambers,A5111899573,fuzzy,,round3_semantic
3700,David Stifter,A5069712000,exact,I157286207,round2_inst
3701,Simon Hanslmayr,A5012219181,exact,I7882870,round3_semantic
3702,Martine Robbeets,A5009459959,exact,I149899117,round2_inst
3704,Sid Kouider,A5015196854,exact,,round4_semtie
3705,Michela Massimi,A5036505806,exact,I98677209,round2_inst
3706,Denny Borsboom,A5029100305,exact,I887064364,round2_inst
3707,Christine Anna Caldwell,A5033324265,alias,I12093191,round2_inst
3709,Robert Klassen,A5071058104,alias,I52099693,round2_inst
3710,Pol Van Lier,A5089377692,exact,,name_unique
3711,Jonathan Mark Smallwood,A5088006732,fuzzy,I52099693,round2_inst
3712,Tom René Beckers,A5087334854,fuzzy,I99464096,round2_inst
3713,Sabine Erika Stoll,A5014226773,alias,I202697423,round2_inst
3714,Antoine Lutz,A5002695463,exact,,name_unique
3715,Morten Lindtner Kringelbach,A5043559110,fuzzy,I40120149,round3_semantic
3716,Andrea Evers,A5065164200,alias,I121797337,round2_inst
3717,Natalie Sebanz,A5078474815,exact,,name_unique
3718,Christian Fiebach,A5069972369,alias,,round4_semtie
3719,Julia Claire Simner,A5049914689,fuzzy,I162608824,round3_semantic
3720,Rufin Bernard Edmond Vanrullen,A5078188438,fuzzy,I1294671590,round2_inst
3721,Lisa Bortolotti,A5067972057,exact,I79619799,round2_inst
3722,Martin Lövdén,A5008745650,exact,,name_unique
3723,Christian Nicolas Leon Olivers,A5028257885,alias,,round3_semantic
3724,Giorgio Coricelli,A5025755962,exact,I193223587,round4_semtie
3725,Jan Baedke,A5046161874,exact,,name_unique
3726,Elena Spangenberg Yanes,A5001334699,exact,,name_unique
3727,Daniel Batovici,A5014164625,alias,,round4_maxpapers
3728,Maria Lasonen,A5015580352,exact,,name_unique
3729,Johanna Wolff,A5018949893,exact,I98677209,round2_inst
3730,Peter Webb,A5080240323,exact,I121797337,round4_semtie
3731,Giuliano Mori,A5109447583,exact,,round4_maxpapers
3732,Suganya Anandakichenin,A5091784843,exact,I159176309,round2_inst
3733,Michael Stuart,A5104929314,exact,,round4_maxpapers
3734,Libera Pisano,A5013480667,exact,I170486558,round2_inst
3735,Samuli Reijula,A5049206353,exact,I133731052,round2_inst
3736,Elisa Coda,A5016301908,exact,I108290504,round2_inst
3737,Ruth Boeker,A5081922542,exact,I100930933,round2_inst
3738,Bryan Roberts,A5064989079,exact,,round4_semtie
3739,Chiara Meccariello,A5079684005,exact,I23923803,round2_inst
3740,Magdalena Malecka,A5103121984,alias,,round4_maxpapers
3741,Joel Thiago Klein,A5049638701,exact,,name_unique
3742,Cecilia Muratori,A5032321717,exact,I25217355,round2_inst
3743,Victor Gysembergh,A5087068413,exact,I1294671590,round2_inst
3744,Enrique Jiménez,A5104093236,exact,I8204097,round3_semantic
3745,Michele Cammarosano,A5017759257,exact,I127927624,round2_inst
3746,Eva Von Contzen,A5001710677,exact,I161046081,round2_inst
3747,Anna Grasskamp,A5115565730,exact,I184942183,round2_inst
3748,Leonie Kirsten Schmidt,A5046437078,fuzzy,I887064364,round2_inst
3749,Susanne Knittel,A5099243280,exact,,round4_maxpapers
3750,Sanjukta Sunderason,A5104524120,exact,,round3_semantic
3751,Tuomo Hiippala,A5086267657,exact,,name_unique
3752,Bernhard Bauer,A5074804368,exact,I15766117,round2_inst
3753,Erin La Cour,A5008289289,exact,,name_unique
3754,Sidh Losa Mendiratta,A5072060304,exact,,round3_semantic
3755,Silke Felber,A5075534535,exact,,round4_semtie
3756,Noëlle Lynn Wenger Streeton,A5085817998,alias,I184942183,round2_inst
3757,Idoia Murga Castro,A5004861502,exact,,name_unique
3758,Tom Hoogervorst,A5055169840,exact,,name_unique
3759,Merlijn Hurx,A5059303553,exact,,name_unique
3760,Matteo Pasquinelli,A5085389494,exact,I149461666,round2_inst
3761,Christian Vassallo,A5102901245,exact,I55143463,round2_inst
3763,Diana Berruezo-Sanchez,A5003599744,exact,I123044942,round2_inst
3764,Karen Desmond,A5049161736,exact,,round4_maxpapers
3765,Annick Payne,A5041687781,exact,I149461666,round2_inst
3766,Lena Henningsen,A5064914728,exact,,round3_semantic
3767,Hubert Feiglstorfer,A5068769793,exact,,round3_semantic
3768,Susana Viegas,A5025252638,exact,,round3_semantic
3769,Noémie Etienne,A5111044241,exact,I129774422,round2_inst
3770,Ana Guerberof Arenas,A5085056171,exact,,name_unique
3771,Karin Kukkonen,A5001477689,exact,I184942183,round2_inst
3772,Ernst Van Den Hemel,A5045453089,exact,,name_unique
3773,Eva Ulrike Pirker,A5052608517,exact,,round3_semantic
3774,Geraldine Le Roux,A5081156306,exact,I161929037,round2_inst
3775,Miriam Edlich-Muth,A5003082579,exact,,round4_maxpapers
3776,Nicola Carpentieri,A5074924669,exact,I138689650,round4_maxpapers
3777,Erin A. Mccarthy,A5098625118,exact,,name_unique
3778,Marieke Van Erp,A5072750611,exact,,name_unique
3779,Aaron Butts,A5094390754,exact,,round4_maxpapers
3780,Banu Karaca,A5107650046,exact,I4392738182,round2_inst
3781,Christina M. Kreinecker,A5074621508,exact,I99464096,round2_inst
3782,Quentin Landenne,A5021081743,exact,,round4_semtie
3783,Ho Lun Tommy Tse,A5060639319,alias,I887064364,round2_inst
3784,Juliane Noth,A5019752030,exact,I75951250,round2_inst
3785,Inge Hinterwaldner,A5047963768,exact,I102335020,round2_inst
3786,Andre Tavares,A5045725977,exact,I182534213,round2_inst
3787,Georg Schiemer,A5040695039,exact,,name_unique
3788,Eva-Maria Troelenberg,A5084590851,exact,,round4_semtie
3789,Glenn Roe,A5010298238,exact,,name_unique
3790,Marta Puxan,A5031195330,alias,I50441567,round2_inst
3791,Timo Mueller,A5078186579,exact,,round4_maxpapers
3792,Marijn Van Putten,A5014080283,exact,I121797337,round2_inst
3794,Elahe Haschemi Yekani,A5041089210,exact,,name_unique
3795,Uri Gabbay,A5051066034,exact,I197251160,round4_maxpapers
3796,Peter Alfred Riedlberger,A5102807900,fuzzy,I94626330,round2_inst
3798,Patricia Vieira,A5061913426,exact,I4392738281,round2_inst
3800,Ronny Vollandt,A5058177504,exact,I8204097,round2_inst
3801,Andrea Cuomo,A5091518853,exact,,round4_maxpapers
3802,Anna Papaeti,A5051209881,exact,I4210127711,round3_semantic
3803,Anne O'Connor,A5044479079,alias,I188760350,round3_semantic
3804,Julia Lajta-Novak,A5068650473,exact,,name_unique
3805,Khadija Zinnenburg Carroll,A5053209919,fuzzy,,round3_semantic
3806,Jeremy Francis Walton,A5008765125,alias,I154347574,round2_inst
3807,Ronit Ricci,A5089035675,exact,I197251160,round2_inst
3808,David O'Shaughnessy,A5025302523,alias,I188760350,round4_maxpapers
3809,Pascale Anne Francoise Hugon,A5052169723,fuzzy,,round4_maxpapers
3810,Andrei Terian-Dan,A5099623215,exact,,name_unique
3811,Jasenka Gudelj,A5061012289,exact,I149461666,round2_inst
3812,Hugo Lundhaug,A5016513934,exact,I184942183,round2_inst
3813,Catherine Anne Bradley,A5101797306,alias,I184942183,round2_inst
3814,Ludek Broz,A5064240437,exact,I4210108156,round2_inst
3815,Rutger Jurriaan Gerard Claassen,A5069819284,fuzzy,I193662353,round2_inst
3816,Nadine Akkerman,A5087671297,exact,I121797337,round2_inst
3817,Valentina Arena,A5001005124,exact,I45129253,round4_maxpapers
3818,Johanna Pink,A5033107277,exact,I161046081,round2_inst
3820,Guido Alexander Orgs,A5001644598,fuzzy,,round4_maxpapers
3821,Michael Butter,A5069616116,exact,I8087733,round2_inst
3822,Olga Tribulato,A5051893344,exact,I149461666,round2_inst
3823,Holger Michael Zellentin,A5041697929,alias,I8087733,round2_inst
3824,Gascia Ouzounian,A5077721733,exact,I40120149,round2_inst
3826,Julian Henriques,A5043284977,exact,,round3_semantic
3827,Lindiwe Dovey,A5090284553,exact,I31575130,round2_inst
3828,Charlotte Ribeyrol,A5084489102,exact,I39804081,round2_inst
3829,J. Griffith Rollefson,A5009861181,exact,,name_unique
3830,Isabelle Torrance,A5109332237,exact,I204337017,round2_inst
3831,Laura Janet Cleaver,A5072392693,fuzzy,I124357947,round2_inst
3832,Massimo Leone,A5003359125,exact,I55143463,round4_maxpapers
3833,Ljiljana Radonić,A5010244430,exact,,round4_maxpapers
3834,Markus Messling,A5100189502,exact,,round4_maxpapers
3835,Koen De Temmerman,A5053621288,exact,I32597200,round2_inst
3836,Alena Rettová,A5034997266,exact,I54009628,round2_inst
3837,Thomas Marcel Douglas,A5013479321,fuzzy,I40120149,round4_maxpapers
3838,Adina Preda,A5069135836,exact,,name_unique
3839,Erik Van Gijn,A5040152802,exact,,name_unique
3840,Tian Yuan Tan,A5006100628,exact,,name_unique
3841,Hector Patmore,A5038100318,alias,I99464096,round2_inst
3842,Hugh Alexander Gervase Houghton,A5043545359,fuzzy,,round3_semantic
3843,Winfried Rudolf,A5048113968,exact,I74656192,round2_inst
3844,Beate Fricke,A5086232926,exact,,round3_semantic
3846,Marc Brightman,A5029105908,exact,,name_unique
3847,Silvia Ferrara,A5020915273,exact,I9360294,round2_inst
3848,Marco Carlo Passarotti,A5061358375,exact,,round3_semantic
3849,Cameron Browne,A5065924402,exact,I34352273,round2_inst
3850,Jill Walker Rettberg,A5069492392,exact,I4432739,round4_maxpapers
3851,Tuomas Erik Tahko,A5012664429,fuzzy,I36234482,round2_inst
3852,Anna Alberni,A5064847299,exact,,name_unique
3853,Dragos Gheorghe Calma,A5038603199,fuzzy,I100930933,round3_semantic
3854,Marianne Maeckelbergh,A5006840334,exact,,round4_maxpapers
3855,Nicolai Sinai,A5024879309,exact,I40120149,round2_inst
3856,Esther Peeren,A5054243668,exact,,name_unique
3857,Matteo Martelli,A5039317288,exact,I9360294,round4_semtie
3858,Oliver Paul Scharbrodt,A5011853445,fuzzy,I187531555,round2_inst
3859,Richard Charles Powell,A5080051349,alias,I241749,round2_inst
3860,Carmen Else Maria Angelika Meinert,A5033751648,fuzzy,,round3_semantic
3861,Ingrid Alfonsine M. Robeyns,A5050270181,fuzzy,I193662353,round2_inst
3862,Pierre Alexandre Tremblay,A5016811679,exact,I133837150,round2_inst
3863,Cristina Grasseni,A5011040038,exact,I121797337,round2_inst
3864,Alexandros Kioupkiolis,A5099833627,exact,,name_unique
3865,Burcu Dogramaci,A5067029153,exact,,round4_maxpapers
3866,Niels Henrik Gaul,A5014468734,fuzzy,,round4_maxpapers
3867,Paula Sofia Hohti,A5051195778,fuzzy,,round4_maxpapers
3868,Christian Robert Lange,A5037024448,alias,I193662353,round2_inst
3869,Dirk Klaas Wilbert Van Miert,A5012631271,fuzzy,I193662353,round4_maxpapers
3870,Clemens Wöllner,A5082494917,exact,I159176309,round2_inst
3871,Monika Salzbrunn,A5073286080,exact,I97565354,round4_semtie
3872,Annette Adelheid Haug,A5077954085,fuzzy,,round4_semtie
3873,Jari Pekka Kaukua,A5001131941,exact,,name_unique
3874,Livia Holden,A5080897680,exact,I1294671590,round4_maxpapers
3875,Eyal Weizman,A5029924739,exact,,round3_semantic
3876,Stijn Reijnders,A5024750843,exact,,name_unique
3877,Alicia Montoya,A5104925376,exact,,name_unique
3878,Erik Bähre,A5002956724,exact,I121797337,round4_maxpapers
3879,Katarzyna Marciniak,A5016295413,exact,I4654613,round4_maxpapers
3880,Ellen Harlizius-Klück,A5018163458,exact,,name_unique
3881,"Anne-Madeleine, Stéphanie, Louise Goulet",A5072506851,fuzzy,,round4_semtie
3882,Mathieu Candea,A5057216390,alias,I241749,round2_inst
3883,Nandini Das,A5102800622,exact,I40120149,round2_inst
3884,Christophe Florian Erismann,A5020439388,fuzzy,I129774422,round2_inst
3885,Sven Georges Mathieu Dupré,A5020867717,fuzzy,I193662353,round2_inst
3886,Thomas Alexander Eich,A5025654164,fuzzy,I159176309,round4_maxpapers
3887,Sandra Ponzanesi,A5110870222,exact,I193662353,round3_semantic
3888,William  James William  Mallinson,A5019196355,fuzzy,,round4_maxpapers
3889,Michael Paul Ellison,A5034782384,fuzzy,I36234482,round2_inst
3890,Maria Margarida De Sa Calafate Ribeiro,A5040523449,fuzzy,,round4_semtie
3891,Gesine Ulrike Müller,A5006102966,fuzzy,I180923762,round3_semantic
3892,Louise Bethlehem,A5037675099,exact,I197251160,round2_inst
3894,Alexander John Marr,A5003689420,fuzzy,I241749,round2_inst
3895,Nicolas James Laurent Fernando De Warren,A5076386108,fuzzy,I99464096,round4_maxpapers
3896,Subha Mukherji,A5090952496,exact,I241749,round2_inst
3897,Alexander Fidora,A5033704417,exact,I123044942,round2_inst
3898,Ulrich Timme Kragh,A5024441627,exact,,name_unique
3899,Sylvia Monika Sasse,A5051342747,fuzzy,I202697423,round2_inst
3900,Marie-Louise Coolahan,A5030996704,exact,I188760350,round2_inst
3901,Jutta Bolt,A5112606072,exact,I169381384,round3_semantic
3902,Phil Glauberman,A5079749199,exact,,name_unique
3903,Eugene Costello,A5029474150,exact,,round4_semtie
3904,Paul Van Trigt,A5081868361,exact,,name_unique
3905,Diego Tamburini,A5065471993,exact,,name_unique
3906,Volha Bartash,A5091435793,exact,,round3_semantic
3907,Debjani Bhattacharyya,A5020681699,exact,I202697423,round2_inst
3908,Angela Claire Trentacoste,A5013357993,fuzzy,,round3_semantic
3909,Rebekah Clements,A5008441228,exact,,name_unique
3910,Béla Vilmos Mihalik,A5001430221,exact,,round3_semantic
3911,Maria Nowak,A5060531244,exact,I4654613,round2_inst
3912,Ceren Kabukcu,A5059357437,exact,I146655781,round2_inst
3913,Marton Ver,A5029724742,exact,,round3_semantic
3914,Kati Ihnat,A5082669308,exact,I145872427,round2_inst
3915,Debora Gerstenberger,A5012883909,exact,,name_unique
3916,Agnieszka Sobocinska,A5057586581,exact,I183935753,round2_inst
3917,Martin Hinz,A5061303354,exact,,round4_semtie
3918,Brigitte Le Normand,A5018178559,exact,I34352273,round2_inst
3919,Richard Madgwick,A5048933423,exact,I79510175,round2_inst
3920,Małgorzata Kot,A5077715399,exact,I4654613,round2_inst
3921,Haakon Andreas Ikonomou,A5040009970,alias,I124055696,round2_inst
3922,Raul Carstocea,A5070859850,exact,,name_unique
3923,Pascal Warnking,A5065577078,exact,I89864525,round2_inst
3924,Zachary Chitwood,A5055449732,exact,,round3_semantic
3925,Grigor Boykov,A5001928270,exact,,name_unique
3926,Margit Simon,A5085447214,alias,I4210107808,round2_inst
3927,Viktoria Von Hoffmann,A5040136128,exact,I157674565,round2_inst
3928,Katerina Douka,A5009770538,exact,I129774422,round2_inst
3929,Huw Groucutt,A5087955542,alias,I197854408,round2_inst
3930,Helle Jensen,A5061905001,exact,,round3_semantic
3931,David Pretel,A5091248521,exact,,round4_semtie
3932,Tomos Proffitt,A5021639420,exact,I71503853,round2_inst
3933,Beatrice Demarchi,A5064764624,exact,,name_unique
3934,M. Talha Cicek,A5084368562,exact,,round4_semtie
3935,Camille Rouxpetel,A5002722952,exact,,name_unique
3936,Christina Papageorgopoulou,A5035456442,exact,I147962203,round2_inst
3937,Hilmi Ozan Ozavci,A5013691136,alias,I193662353,round2_inst
3938,Matteo Millan,A5004741889,exact,,name_unique
3939,Lasse Vilien Sørensen,A5056770044,alias,I4210142438,round2_inst
3940,Matthias Van Rossum,A5080115057,exact,,name_unique
3941,Wei Chu,A5101906116,exact,I121797337,round2_inst
3942,Yair Furstenberg,A5071496026,exact,I197251160,round2_inst
3943,Andrea Acri,A5017763271,exact,I159885104,round2_inst
3944,Denise Bezzina,A5057734473,exact,,name_unique
3946,Marieke Hendriksen,A5026744040,exact,,name_unique
3947,Valentina Fusari,A5020024952,exact,I55143463,round2_inst
3948,Jesper Larsson,A5073379232,exact,I298625061,round2_inst
3949,Benjamin Vernot,A5008182805,exact,,name_unique
3950,Artur Obluski,A5054915891,alias,I4654613,round2_inst
3951,Stefano Biagetti,A5041473440,exact,I170486558,round2_inst
3952,Dennis Lehmkuhl,A5042001188,exact,,name_unique
3953,Jana Tschurenev,A5020784963,exact,,round3_semantic
3954,Ere Nokkala,A5019109542,exact,,round3_semantic
3955,Stefanie Gänger,A5074677620,exact,,round3_semantic
3956,Giedre Motuzaite Matuzeviciute,A5024379219,exact,I173212132,round2_inst
3957,Anne Valerie Pont Boulay,A5010632648,fuzzy,I39804081,round2_inst
3958,Olalla López Costas,A5091435094,exact,,name_unique
3960,Carlos Tornero,A5109471488,exact,I123044942,round2_inst
3961,Emmanuel Nantet,A5004989019,exact,I91203450,round2_inst
3962,Sven Meeder,A5074779869,exact,I145872427,round2_inst
3963,Irial Glynn,A5032206910,exact,,name_unique
3964,Saša Čaval,A5005872370,exact,,round3_semantic
3965,Martin Biersack,A5089542934,exact,,round3_semantic
3966,Chiara Bonfiglioli,A5029085352,exact,,round3_semantic
3967,Hannes Schroeder,A5075885384,exact,,name_unique
3968,Michael Dee,A5072584108,exact,,round4_maxpapers
3969,Maud Devolder,A5073199750,exact,,name_unique
3970,Umberto Lombardo,A5046272739,exact,,name_unique
3971,Elena Franchi,A5110774155,exact,I193223587,round2_inst
3972,João Cascalheira,A5037812910,exact,I71503853,round2_inst
3973,Stefan Kirmse,A5071983937,alias,,round3_semantic
3974,Islam Dayeh,A5032940013,exact,,round4_maxpapers
3975,Johann Buessow,A5049199035,exact,,name_unique
3976,Jarosław Wilczynski,A5090156352,exact,I4210166460,round2_inst
3977,Adrian Wüthrich,A5007942422,exact,I4577782,round2_inst
3978,Fredrik Thomasson,A5036942235,exact,,name_unique
3979,Gabor Karman,A5025203934,exact,,round4_semtie
3980,András Fejérdy,A5081168106,exact,,name_unique
3981,Helen Foxhall Forbes,A5045931041,exact,,name_unique
3982,Lucia Raggetti,A5026736262,exact,I9360294,round2_inst
3983,Elena Vezzadini,A5012386428,exact,,name_unique
3984,Lino Camprubí Bueno,A5005339102,exact,,name_unique
3985,David Zbíral,A5045121768,exact,,round3_semantic
3986,Erin Thomas Dailey,A5033712687,alias,I153648349,round2_inst
3987,Claudio Ottoni,A5044736504,exact,,name_unique
3988,Cristiano Nicosia,A5091135125,exact,,name_unique
3989,Kristin Kleber,A5098205316,exact,,round4_maxpapers
3990,Felicita Tramontana,A5017658927,exact,,round3_semantic
3991,Manuel Bastias Saavedra,A5039655761,exact,,round3_semantic
3992,Anastasia Tatiana Theodoropoulou,A5043727279,fuzzy,,round4_maxpapers
3993,Stefania Gialdroni,A5010934405,exact,,name_unique
3994,John-Paul Ghobrial,A5075681746,exact,,name_unique
3995,Justyna Olko,A5076699328,exact,,name_unique
3996,Philipp Stockhammer,A5065087354,alias,I8204097,round2_inst
3997,Damien Tricoire,A5048954359,exact,I89864525,round2_inst
3998,Tara Andrews,A5085008830,exact,,round3_semantic
3999,Dario Calomino,A5060783764,exact,,name_unique
4000,Sireen El Zaatari,A5079881496,exact,I8087733,round4_semtie
4001,Leif Scheuermann,A5074610771,exact,,name_unique
4002,Henning Trüper,A5106519663,exact,,round3_semantic
4003,Kristiina Mannermaa,A5023287364,exact,I133731052,round2_inst
4004,Damian Evans,A5052464346,exact,I4210092825,round2_inst
4005,Zaroui Pogossian,A5015150951,exact,,name_unique
4006,Artemy Kalinovsky,A5113968311,alias,I887064364,round2_inst
4007,Andrew Meadows,A5063621177,exact,,name_unique
4008,Julia Budka,A5044265620,exact,I8204097,round2_inst
4009,Kirsty Penkman,A5019667982,exact,,name_unique
4010,Gunvor Simonsen,A5056048872,exact,I124055696,round2_inst
4011,Valentina Lepri,A5077243151,exact,I4210108857,round2_inst
4012,Naoise Mac Sweeney,A5087715500,exact,I129774422,round2_inst
4013,Abdurrahman Atçil,A5036724657,alias,,round3_semantic
4014,Maria Ivanova-Bieg,A5101546408,alias,I129774422,round2_inst
4015,Nitin Sinha,A5038020168,exact,,round3_semantic
4016,Felicitas Maria Becker,A5043954221,alias,I32597200,round2_inst
4017,Felix Riede,A5065442345,exact,I204337017,round2_inst
4018,Veronique Pouillard,A5039955101,exact,I184942183,round2_inst
4019,Victor Corneliu Ghica,A5071667091,fuzzy,I77901215,round3_semantic
4020,Ines Domingo Sanz,A5019411930,exact,,name_unique
4021,Urs Matthias Zachmann,A5029360665,exact,I75951250,round2_inst
4022,Claire Zalc,A5014443416,exact,I1294671590,round4_semtie
4023,Matthew Skinner,A5025015337,exact,,round4_maxpapers
4024,Yuliana Boycheva,A5036852455,exact,,round3_semantic
4025,M'Hamed Oualdi,A5099233190,exact,,round4_maxpapers
4026,Ana B. Marin-Arroyo,A5075907524,exact,,name_unique
4027,Giulia Giannini,A5106513059,exact,I189158943,round4_semtie
4028,Andre Carlo Colonese,A5023110307,exact,,name_unique
4029,Michal Frankl,A5017358160,exact,I4210134641,round2_inst
4030,Maria De Lurdes Pereira Rosa,A5103261909,exact,,name_unique
4031,Cheryl Ann Makarewicz,A5028170941,fuzzy,,round3_semantic
4032,Monica Brinzei,A5036589621,exact,I1294671590,round2_inst
4033,Catherine Ferris,A5022167412,exact,,round4_maxpapers
4034,Leyla Dakhli,A5026388312,exact,I1294671590,round4_semtie
4035,Willemijn Geertje Ruberg,A5055425839,fuzzy,I193662353,round4_semtie
4037,Maria Rentetzi,A5085919363,exact,I181369854,round2_inst
4038,Sarah Parson Bowen Savant,A5034494771,fuzzy,,round4_maxpapers
4039,Mehmet Somel,A5044316104,exact,,name_unique
4040,Gábor Egry,A5074194307,exact,I4210128508,round2_inst
4041,Per Högselius,A5078799679,exact,I86987016,round2_inst
4042,Wolfgang Haak,A5010988625,exact,,name_unique
4044,Barry Molloy,A5029405820,exact,,name_unique
4045,Matthieu Husson,A5062205664,exact,I1294671590,round4_semtie
4046,Maria Fusaro,A5031068846,exact,I23923803,round4_semtie
4047,Koen André G. Bostoen,A5049300726,fuzzy,I32597200,round2_inst
4048,Jordi Tejel Gorgas,A5112472658,exact,,name_unique
4050,Pietro Daniel Omodeo,A5042205000,exact,I149461666,round3_semantic
4051,Guy Geltner,A5083717277,exact,I887064364,round2_inst
4052,Julien Loiseau,A5078680462,exact,I21491767,round2_inst
4053,Liat Kozma,A5062637310,exact,I197251160,round2_inst
4054,Guido Alfani,A5071387499,exact,,round4_semtie
4055,Stefano Benazzi,A5024472507,exact,I9360294,round4_semtie
4056,Elisheva Baumgarten,A5079659873,exact,I197251160,round3_semantic
4057,Miles Larmer,A5061022789,exact,I40120149,round2_inst
4058,Jeremy Edmund Taylor,A5024766062,fuzzy,I142263535,round2_inst
4059,Petra Marieke Sijpesteijn,A5008066033,alias,I121797337,round2_inst
4060,Corinna Rossi,A5072210157,exact,I93860229,round2_inst
4061,Jo Van Steenbergen,A5038094395,exact,I32597200,round2_inst
4062,Javier Fernández-López De Pablo,A5058167356,exact,,name_unique
4063,Ludovic Antoine Alexandre Orlando,A5032664670,alias,I1294671590,round2_inst
4064,Caroline An H Waerzeggers,A5003075197,fuzzy,I121797337,round2_inst
4065,Soultana Maria Valamoti,A5081254213,exact,I21370196,round2_inst
4067,Monika Krisztina Baar,A5051277148,fuzzy,I121797337,round2_inst
4068,Rebekka Asta Elizabeth Von Mallinckrodt,A5063942753,fuzzy,I180437899,round2_inst
4069,Nadine Schibille,A5006785460,exact,I1294671590,round2_inst
4070,Alexandra Fredricka Caroline Cuffel,A5028238843,fuzzy,I2799784675,round2_inst
4071,Constanta Vintila-Ghitulescu,A5031207896,exact,,round3_semantic
4072,Guy Haim Bar Oz,A5014073467,fuzzy,I91203450,round2_inst
4073,Tijana Krstic,A5082534843,exact,,round4_semtie
4074,Carolina Mallol Duque,A5045651864,exact,,round3_semantic
4075,Ann Brysbaert,A5058775570,exact,I121797337,round2_inst
4076,Cameron Andrew Petrie,A5030822768,alias,I241749,round2_inst
4077,Lorenz Rahmstorf,A5071805941,exact,I74656192,round2_inst
4078,Cristina Dondi,A5019052700,exact,I40120149,round2_inst
4079,Jay Stock,A5076501757,exact,,name_unique
4081,Catherine König,A5052363561,exact,,name_unique
4082,Pekka Johannes Hämäläinen,A5043568952,fuzzy,I40120149,round2_inst
4083,Lydia Zapata,A5073784595,exact,I169108374,round2_inst
4084,Jose Antonio Iriarte Mugica,A5090527226,fuzzy,,round4_semtie
4085,Beatrice Albertha De Graaf,A5076684481,fuzzy,I193662353,round2_inst
4086,Rhiannon Stevens,A5068323514,alias,I45129253,round2_inst
4087,Kristen Ounanian,A5006844655,exact,,name_unique
4088,Marco Di Nunzio,A5074841364,exact,I79619799,round2_inst
4089,Davide Luca,A5026638628,exact,,name_unique
4090,Manjana Milkoreit,A5059308111,exact,,name_unique
4091,Isaac Sasson,A5010445649,exact,,name_unique
4092,Julia Teixeira Mourão Permoser,A5035131284,fuzzy,,round4_maxpapers
4093,Mark Ward,A5058854891,exact,,round3_semantic
4094,Matthias Garschagen,A5058834792,exact,,name_unique
4095,Ricardo Aleixo Henriques Correia,A5089243341,alias,I155660961,round2_inst
4096,Ed Manley,A5049665350,exact,I130828816,round2_inst
4097,Shadi Sharif Azadeh,A5046979930,exact,I98358874,round2_inst
4098,Laura Vang Rasmussen,A5106671240,exact,,name_unique
4099,Oded Cats,A5058766860,exact,I98358874,round4_semtie
4100,Emanuele Campiglio,A5080543399,exact,I9360294,round4_semtie
4101,Enrico Di Minin,A5069337718,exact,,name_unique
4102,Ilona Merikanto,A5075435439,exact,,name_unique
4103,Enrico Ronchi,A5029384606,exact,I187531555,round2_inst
4104,Mara Ferreri,A5061336735,exact,I177477856,round2_inst
4105,Simon Scheider,A5031790635,exact,I193662353,round2_inst
4106,Elisabetta De Cao,A5049203811,exact,I9360294,round2_inst
4107,Victor Wegner Maus,A5046257696,exact,,round3_semantic
4108,Helen Adams,A5048641306,exact,I183935753,round2_inst
4109,Laur Kanger,A5064663078,exact,,name_unique
4110,Jacopo Canello,A5087187110,exact,,name_unique
4111,Tatiana Filatova,A5025786277,exact,I98358874,round2_inst
4112,Inta Mierina,A5013502862,exact,,name_unique
4113,Hester Biemans,A5067600197,exact,,name_unique
4114,Lucy Anne Parker,A5047448066,exact,,name_unique
4115,Anna Oksuzyan,A5072977333,exact,,name_unique
4116,Beatriz Rodriguez Labajos,A5053084080,exact,,name_unique
4117,Caroline Berghammer,A5052376073,exact,,name_unique
4118,Panagiota Kotsila,A5069454661,exact,,name_unique
4119,Kayvan Bozorgmehr,A5004831415,exact,,name_unique
4120,Naja Hulvej Rod,A5077913240,exact,,name_unique
4121,Willem Boterman,A5034751621,exact,I887064364,round2_inst
4122,Evelyn Uuemaa,A5048819296,exact,,name_unique
4123,Carlos Dionisio Pérez-Blanco,A5017595202,exact,,name_unique
4124,Guido Caniglia,A5091464164,exact,,name_unique
4125,Aida Cuni Sanchez,A5024498161,exact,I54108979,round2_inst
4126,Alessandro Tavoni,A5044362151,exact,,name_unique
4127,Mikko Joronen,A5033850690,exact,,name_unique
4128,Willem Jan Wouter Botzen,A5030690817,exact,,name_unique
4129,David Abson,A5109560014,exact,,name_unique
4130,Eva Kassens-Noor,A5108705110,exact,,name_unique
4131,Annette Baudisch,A5038074590,exact,I177969490,round2_inst
4132,Massimo Tavoni,A5062402898,exact,I93860229,round2_inst
4133,Floortje Alkemade,A5011958104,exact,,name_unique
4134,Samuel Rufat,A5020082706,exact,,round3_semantic
4135,Tuuli Toivonen,A5037120357,exact,,name_unique
4136,Sergi Vidal,A5027289201,exact,I123044942,round2_inst
4137,David Stuckler,A5071024354,exact,,round3_semantic
4138,Daniela Cristina Antelmi Pigosso,A5000390576,alias,I96673099,round2_inst
4139,Irene Perez Ibarra,A5101513428,alias,I255234318,round2_inst
4140,Sonja Haustein,A5091855919,exact,I96673099,round2_inst
4141,Olli Pyyhtinen,A5056555813,exact,,name_unique
4142,Nina Grønlykke Mollerup,A5041933261,exact,,name_unique
4143,Jürgen Schaflechner,A5028522801,exact,,name_unique
4144,Iselin Åsedotter Strønen,A5004921925,exact,I4432739,round3_semantic
4145,Deborah Nadal,A5112659599,exact,,round3_semantic
4146,Marta Dominguez Diaz,A5013158824,exact,,name_unique
4147,Aike Peter Rots,A5022249335,alias,I184942183,round2_inst
4148,Rune Steenberg Reyhé,A5042774189,exact,,round3_semantic
4149,Macarena Garcia González,A5079053390,exact,,round3_semantic
4150,Carna Brkovic,A5019346720,exact,I197323543,round2_inst
4151,Nabil Ahmed,A5101602446,exact,I204778367,round2_inst
4152,Christopher Haworth,A5025939375,exact,I79619799,round2_inst
4153,Elise Pape,A5034621661,exact,I90669466,round2_inst
4154,Yoel Greenberg,A5008017472,exact,,round3_semantic
4155,Minh Nguyen,A5101970702,exact,,round4_semtie
4156,Jaroslav Švelch,A5037686951,exact,,name_unique
4157,Tamara Bjažić Klarin,A5029718785,exact,I4210097228,round2_inst
4158,Tom Birkett,A5014979515,exact,,name_unique
4159,Laura Feldt,A5067181030,exact,,round3_semantic
4160,Martin Fotta,A5089934882,exact,I4210108156,round2_inst
4161,Yafa Shanneik,A5003315566,exact,,round3_semantic
4162,Elisabetta Costa,A5085014728,exact,I149213910,round2_inst
4164,Martin Biersack,A5089542934,exact,,round3_semantic
4165,Steffen Martin Fritz,A5040252235,fuzzy,I1317774081,round4_semtie
4166,Nicolas James Laurent Fernando De Warren,A5076386108,fuzzy,I99464096,round4_maxpapers
4167,Zhichao Kathy Yuan,A5110739338,alias,I909854389,round2_inst
4168,Per Einar Pettersson Lidbom,A5008323839,fuzzy,I161593684,round3_semantic
4169,Yann Bramoullé,A5015186076,exact,I21491767,round2_inst
4170,Jose Antonio Iriarte Mugica,A5066360389,fuzzy,,round4_semtie
4171,Sabine Erika Stoll,A5014226773,alias,I202697423,round2_inst
4173,Evelyn Sharon Ruppert,A5021340448,alias,,round3_semantic
4174,Pekka Johannes Hämäläinen,A5043568952,fuzzy,I40120149,round2_inst
4175,Sylvia Monika Sasse,A5051342747,fuzzy,I202697423,round2_inst
4176,Daniel Li Chen,A5027012259,exact,,name_unique
4177,Jörn Fischer,A5080047841,exact,,round4_semtie
4178,Rufin Bernard Edmond Vanrullen,A5078188438,fuzzy,I1294671590,round2_inst
4180,Gabi Schierning,A5052587248,exact,,name_unique
4181,Joerg Carsten Widmer,A5064963698,fuzzy,,round4_maxpapers
4182,Adrian Markus Perrig,A5056518136,fuzzy,I35440088,round2_inst
4183,Erik Petrus Antonius Maria Bakkers,A5041376320,fuzzy,I98358874,round3_semantic
4184,Benoît Ladoux,A5005890720,exact,,name_unique
4186,Sofia Ioana Pascu,A5018800747,alias,I51601045,round2_inst
4188,Sébastien Claude Hentz,A5070939792,fuzzy,I2738703131,round2_inst
4189,Michael Karl Köhl,A5007305674,exact,,name_unique
4190,Patrice Emmanuel Bertet,A5033073814,fuzzy,I2738703131,round2_inst
4191,Manuel Alain Bibes,A5016698882,fuzzy,,round4_maxpapers
4192,Todd Alan Ehlers,A5013062960,alias,I8087733,round2_inst
4193,Javier Jose Fernandez De Bobadilla De Olazabal,A5029632678,fuzzy,,round4_maxpapers
4194,Wilhelm Auwärter,A5061547657,exact,,name_unique
4195,Niklas Frederik Beisert,A5003736428,fuzzy,I35440088,round2_inst
4196,Jose Maria Martell Berrocal,A5038937908,fuzzy,,round4_semtie
4198,Rebecca Jane Miriam Goss,A5111875558,exact,,name_unique
4199,Manuel Arruebo Gordo,A5000837150,exact,,name_unique
4201,Tobias Manuel Brixner,A5073962411,fuzzy,,round3_semantic
4202,Tony Gilbert Lelievre,A5048560398,fuzzy,,round3_semantic
4203,Sharon Elizabeth Marie Ashbrook,A5011998317,alias,I16835326,round2_inst
4204,Stephen Taylor Liddle,A5110331680,fuzzy,I28407311,round3_semantic
4206,Christine Marie J. Desmedt,A5049771372,fuzzy,I99464096,round2_inst
4207,Charles Agyemang,A5067202010,exact,,round4_semtie
4208,Oscar Fernandez-Capetillo Ruiz,A5023478154,exact,,name_unique
4209,Ana Isabel De Sousa Teixeira,A5058949558,fuzzy,I28166907,round2_inst
4210,Edgar Rodrigues Almeida Gomes,A5035043270,fuzzy,I141596103,round2_inst
4211,Haico Van Attikum,A5091679060,exact,,name_unique
4212,David Posada Gonzalez,A5027306462,exact,,name_unique
4213,Noam Zelcer,A5047655780,exact,,name_unique
4214,Jonathan Lawrence Marchini,A5051043751,fuzzy,I40120149,round4_semtie
4215,Felicity Clare Jones,A5036964699,fuzzy,I149899117,round2_inst
4216,Rui Manuel Marques Fernandes Da Costa,A5106131989,fuzzy,I113358080,round3_semantic
4217,Marc Antoine Gijsbert Gilles Vooijs,A5079711680,fuzzy,I34352273,round2_inst
4218,Tobias Georg Bruno Maria Huber,A5076632645,fuzzy,I4210108711,round2_inst
4219,Tillmann Joachim Lüders,A5050736664,fuzzy,I54009628,round4_semtie
4220,Xavier Trepat Guixer,A5022108236,exact,,name_unique
4221,Benjamin Lehner,A5108979206,exact,,name_unique
4222,Sonia Noémie Garel,A5053318683,fuzzy,I154526488,round2_inst
4223,Rosemary Elizabeth Kiernan,A5002801126,fuzzy,I1294671590,round2_inst
4224, ,A5040188158,exact,,round4_semtie
4225,Olivier Thomas Hamant,A5014061110,fuzzy,,round3_semantic
4226,Ronald Van Rij,A5011840137,exact,,name_unique
4227,Michaël Philippe Weber,A5010500477,fuzzy,I1294671590,round4_semtie
4229,Eric Pierre Bapteste,A5061336204,fuzzy,I39804081,round2_inst
4231,Richard Roland Benton,A5078310984,fuzzy,I97565354,round4_semtie
4232, ,A5040188158,exact,,round4_semtie
4233,Eduardo Moreno Lampaya,A5045348873,exact,,name_unique
4235,Silvio Olivier Rizzoli,A5061167925,fuzzy,I4210116730,round2_inst
4236,Jennifer Irene Keiser,A5033452459,fuzzy,I158937107,round4_semtie
4237,Pablo Pelegrin Vivancos,A5071703997,exact,,round3_semantic
4238,Daniel Andreas Huber,A5102637444,exact,,name_unique
