row_id,host_openalex_id
0,I111979921
1,I27837315
2,I27837315
3,I150209017
4,I145311948
5,I74973139
6,I4210088921
7,I859038795
8,I592451
9,I16285277
10,I157725225
11,I122411786
12,I201448701
13,I223532165
14,I74973139
15,I63966007
16,I136199984
17,I1174212
18,I86519309
19,I130701444
20,I24511612
21,I137902535
22,I170897317
23,I208333798
24,I130238516
25,I136199984
26,I44461941
27,I223532165
28,I95457486
29,I135310074
30,I201448701
31,I138006243
32,I102322142
33,I137902535
34,I72951846
35,I186143895
36,I63190737
37,I130701444
38,I130769515
39,I4210088921
40,I74973139
41,I189196454
42,I4210088921
43,I102322142
44,I137853757
45,I92446798
46,I55732556
47,I143302722
48,I130701444
49,I130701444
50,I137902535
51,I137902535
52,I155781252
53,I157725225
54,I27837315
55,I52357470
56,I135474949
57,I27837315
58,I2802326326
59,I120156002
60,I203172682
61,I137902535
62,I111979921
63,I74973139
64,I52357470
65,I87216513
66,I111088046
67,I157725225
68,I137902535
69,I170897317
70,I74973139
71,I201448701
72,I83399316
73,I157725225
74,I201448701
75,I111979921
76,I63135867
77,I188497080
78,I27837315
79,I87216513
80,I27837315
81,I177753169
82,I66946132
83,I78577930
84,I157725225
85,I135310074
86,I126307644
87,I57206974
88,I145311948
89,I126307644
90,I110378019
91,I114395901
92,I130769515
93,I140172145
94,I130238516
95,I107077323
96,I200719446
97,I24603500
98,I66946132
99,I592451
100,I137902535
101,I189590672
102,I135310074
103,I157725225
104,I137902535
105,I95457486
106,I84218800
107,I6750721
108,I143302722
109,I4391767840
110,I170897317
111,I202524275
112,I173911158
113,I155781252
114,I125687163
115,I157725225
116,I118020396
117,I51556381
118,I195575238
119,I201448701
120,I52357470
121,I74973139
122,I201448701
123,I130701444
124,I78577930
125,I51556381
126,I165799507
127,I51556381
128,I8078737
129,I8692664
130,I126307644
131,I111979921
132,I24603500
133,I92446798
134,I135310074
135,I4391767840
136,I36258959
137,I169521973
138,I102322142
139,I27837315
140,I78577930
141,I185103710
142,I27837315
143,I140172145
144,I184565670
145,I27804330
146,I27837315
147,I108468826
148,I130769515
149,I130769515
150,I157725225
151,I223532165
152,I4210088921
153,I137902535
154,I201448701
155,I74973139
156,I4210088921
157,I66946132
158,I161057412
159,I51556381
160,I219193219
161,I79576946
162,I102322142
163,I107672454
164,I66946132
165,I11957088
166,I84218800
167,I66946132
168,I102322142
169,I51556381
170,I133999245
171,I17301866
172,I143302722
173,I59553526
174,I57206974
175,I76835614
176,I75027704
177,I84392919
178,I86519309
179,I111979921
180,I57206974
181,I57206974
182,I57206974
183,I201448701
184,I165799507
185,I146416000
186,I121820613
187,I91045830
188,I63966007
189,I86501945
190,I4387153128
191,I111979921
192,I130701444
193,I130701444
194,I165799507
195,I27804330
196,I33213144
197,I140172145
198,I92446798
199,I1921588
200,I145311948
201,I135310074
202,I135310074
203,I4210088921
204,I27837315
205,I130701444
206,I87216513
207,I111088046
208,I111979921
209,I2613432
210,I78577930
211,I33213144
212,I135310074
213,I27837315
214,I12097938
215,I146416000
216,I121934306
217,I157638225
218,I8692664
219,I95457486
220,I20089843
221,I73443619
222,I157725225
223,I63966007
224,I20089843
225,I79272384
226,I63966007
227,I24571045
228,I57206974
229,I108468826
230,I173911158
231,I111088046
232,I57206974
233,I86519309
234,I57206974
235,I131249849
236,I173911158
237,I20089843
238,I57206974
239,I86519309
240,I201448701
241,I162577319
242,I157725225
243,I201448701
244,I131249849
245,I1283280774
246,I52357470
247,I130238516
248,I161318765
249,I204250578
250,I55732556
251,I204250578
252,I97018004
253,I1331384533
254,I70983195
255,I27837315
256,I145311948
257,I8078737
258,I8078737
259,I74973139
260,I27837315
261,I140172145
262,I121820613
263,I87216513
264,I4391767840
265,I39422238
266,I8078737
267,I130238516
268,I167576493
269,I173911158
270,I134113660
271,I63135867
272,I102322142
273,I66946132
274,I60388903
275,I4391767840
276,I27804330
277,I7947594
278,I49502546
279,I143302722
280,I84218800
281,I155781252
282,I165799507
283,I27804330
284,I201448701
285,I74775410
286,I110152177
287,I130769515
288,I106959904
289,I12912129
290,I27804330
291,I122411786
292,I78577930
293,I1174212
294,I111236770
295,I205783295
296,I52357470
297,I205783295
298,I205783295
299,I8078737
300,I8031829
301,I137902535
302,I126345244
303,I165102784
304,I130701444
305,I121934306
306,I157725225
307,I130701444
308,I207123951
309,I79576946
310,I66946132
311,I66946132
312,I63966007
313,I130701444
314,I140172145
315,I8692664
316,I75027704
317,I859038795
318,I97018004
319,I72951846
320,I44854399
321,I130701444
322,I189590672
323,I12834331
324,I24571045
325,I111979921
326,I173911158
327,I103635307
328,I78715868
329,I169521973
330,I95457486
331,I114832834
332,I78577930
333,I157725225
334,I154570441
335,I167576493
336,I130238516
337,I188538660
338,I36258959
339,I167576493
340,I201448701
341,I95457486
342,I1174212
343,I95457486
344,I1174212
345,I201448701
346,I141472210
347,I205783295
348,I33213144
349,I63135867
350,I4210106879
351,I135310074
352,I121980950
353,I114027177
354,I79576946
355,I121820613
356,I8692664
357,I130701444
358,I84392919
359,I145311948
360,I43579087
361,I1174212
362,I149910238
363,I136199984
364,I33213144
365,I87216513
366,I130238516
367,I169521973
368,I79576946
369,I78577930
370,I130769515
371,I4210159336
372,I161318765
373,I193531525
374,I184565670
375,I114832834
376,I20089843
377,I63966007
378,I177721651
379,I79576946
380,I63966007
381,I110378019
382,I4387153128
383,I130238516
384,I12834331
385,I33213144
386,I170201317
387,I170897317
388,I16285277
389,I63772739
390,I107672454
391,I10052268
392,I39422238
393,I66946132
394,I78715868
395,I58956616
396,I111979921
397,I91045830
398,I66946132
399,I859038795
400,I52357470
401,I185443292
402,I4210088921
403,I75027704
404,I114027177
405,I140172145
406,I78577930
407,I134113660
408,I103635307
409,I95457486
410,I173911158
411,I40347166
412,I91045830
413,I8692664
414,I91045830
415,I135310074
416,I111979921
417,I161318765
418,I36258959
419,I52669646
420,I97018004
421,I138006243
422,I72816309
423,I12315562
424,I86519309
425,I111088046
426,I82497590
427,I99041443
428,I136199984
429,I4391767840
430,I95457486
431,I74775410
432,I1174212
433,I95457486
434,I33213144
435,I20382870
436,I130238516
437,I33213144
438,I131249849
439,I130238516
440,I111979921
441,I170201317
442,I63135867
443,I51504820
444,I33213144
445,I157725225
446,I137902535
447,I154570441
448,I154570441
449,I130701444
450,I82497590
451,I135310074
452,I130769515
453,I130238516
454,I157725225
455,I37415318
456,I55732556
457,I173911158
458,I4210106879
459,I103163165
460,I121820613
461,I149521062
462,I86501945
463,I142740786
464,I39422238
465,I136199984
466,I12912129
467,I100538780
468,I130769515
469,I40347166
470,I63966007
471,I162577319
472,I106165777
473,I184647316
474,I107077323
475,I177721651
476,I185103710
477,I86519309
478,I92446798
479,I122411786
480,I110152177
481,I5388228
482,I83809506
483,I134113660
484,I107077323
485,I76835614
486,I99041443
487,I36258959
488,I79576946
489,I140172145
490,I57328836
491,I185103710
492,I111088046
493,I27837315
494,I201448701
495,I169335092
496,I180949307
497,I136199984
498,I57328836
499,I157725225
500,I157725225
501,I223532165
502,I140172145
503,I140172145
504,I20089843
505,I27804330
506,I157725225
507,I1174212
508,I103635307
509,I170897317
510,I66946132
511,I76835614
512,I24603500
513,I204465549
514,I859038795
515,I74973139
516,I72816309
517,I66946132
518,I136199984
519,I122411786
520,I10052268
521,I126307644
522,I39422238
523,I126307644
524,I16285277
525,I126307644
526,I126307644
527,I165799507
528,I58956616
529,I58956616
530,I859038795
531,I201448701
532,I157725225
533,I130701444
534,I859038795
535,I1331384533
536,I76835614
537,I130701444
538,I169521973
539,I121980950
540,I55732556
541,I226560621
542,I52357470
543,I186335123
544,I107077323
545,I205783295
546,I205783295
547,I39422238
548,I141720752
549,I66946132
550,I78577930
551,I7947594
552,I102322142
553,I111236770
554,I162714631
555,I170201317
556,I27837315
557,I111979921
558,I94658018
559,I115475287
560,I83328450
561,I135310074
562,I192396691
563,I55732556
564,I16285277
565,I135310074
566,I188538660
567,I130238516
568,I107672454
569,I72816309
570,I205783295
571,I201448701
572,I165799507
573,I39694355
574,I201448701
575,I32971472
576,I154570441
577,I97018004
578,I130701444
579,I66946132
580,I111088046
581,I114027177
582,I131249849
583,I102322142
584,I72816309
585,I75027704
586,I108468826
587,I27837315
588,I136199984
589,I205783295
590,I114395901
591,I63966007
592,I59553526
593,I59553526
594,I201448701
595,I137902535
596,I130701444
597,I57206974
598,I75421653
599,I100538780
600,I27837315
601,I189590672
602,I130701444
603,I51556381
604,I205783295
605,I27837315
606,I185103710
607,I24603500
608,I87216513
609,I136199984
610,I173911158
611,I74973139
612,I27804330
613,I137902535
614,I135310074
615,I145311948
616,I66946132
617,I20089843
618,I114832834
619,I130701444
620,I136199984
621,I204250578
622,I20089843
623,I136199984
624,I108468826
625,I106959904
626,I136199984
627,I133999245
628,I11957088
629,I130701444
630,I219193219
631,I58956616
632,I154570441
633,I78577930
634,I57206974
635,I95457486
636,I122411786
637,I111088046
638,I130769515
639,I78577930
640,I111979921
641,I111088046
642,I130238516
643,I123946342
644,I859038795
645,I55732556
646,I5388228
647,I95457486
648,I63966007
649,I184647316
650,I39422238
651,I128956969
652,I157725225
653,I4391767840
654,I170897317
655,I162577319
656,I111979921
657,I130769515
658,I155781252
659,I138006243
660,I130701444
661,I592451
662,I1174212
663,I94658018
664,I55732556
665,I97018004
666,I1174212
667,I201448701
668,I138006243
669,I1174212
670,I36258959
671,I1174212
672,I134113660
673,I142934699
674,I185103710
675,I131249849
676,I36258959
677,I161318765
678,I95457486
679,I55732556
680,I78577930
681,I60388903
682,I165799507
683,I130701444
684,I75421653
685,I859038795
686,I188538660
687,I7947594
688,I32971472
689,I74775410
690,I130769515
691,I186143895
692,I157725225
693,I110152177
694,I173911158
695,I143302722
696,I157725225
697,I59553526
698,I27837315
699,I170201317
700,I167576493
701,I52357470
702,I167576493
703,I66946132
704,I121980950
705,I157725225
706,I155781252
707,I24603500
708,I12315562
709,I84470341
710,I157725225
711,I130701444
712,I130769515
713,I200719446
714,I111979921
715,I78577930
716,I150693791
717,I87216513
718,I219193219
719,I74775410
720,I201448701
721,I219193219
722,I16944753
723,I51556381
724,I186143895
725,I219193219
726,I24603500
727,I121820613
728,I204465549
729,I44461941
730,I78715868
731,I130769515
732,I78577930
733,I7947594
734,I223532165
735,I186143895
736,I72816309
737,I188538660
738,I145311948
739,I135310074
740,I74775410
741,I130701444
742,I130701444
743,I79576946
744,I66946132
745,I20089843
746,I78577930
747,I66946132
748,I103635307
749,I219193219
750,I137902535
751,I173911158
752,I72951846
753,I173911158
754,I56327960
755,I223532165
756,I135310074
757,I12912129
758,I72951846
759,I130238516
760,I146416000
761,I111979921
762,I223532165
763,I111979921
764,I4391767840
765,I135310074
766,I135310074
767,I78715868
768,I157725225
769,I189590672
770,I135310074
771,I138006243
772,I114395901
773,I12315562
774,I57328836
775,I97018004
776,I39422238
777,I97018004
778,I97018004
779,I55732556
780,I1174212
781,I138006243
782,I97018004
783,I1331384533
784,I1174212
785,I5388228
786,I102373834
787,I66946132
788,I63966007
789,I185443292
790,I103163165
791,I63966007
792,I111979921
793,I170201317
794,I32971472
795,I165799507
796,I20089843
797,I33213144
798,I145608581
799,I162714631
800,I27804330
801,I125687163
802,I157725225
803,I136199984
804,I157725225
805,I157417397
806,I136199984
807,I49502546
808,I157725225
809,I98540497
810,I16269868
811,I125687163
812,I130769515
813,I51556381
814,I130701444
815,I24603500
816,I111979921
817,I107639228
818,I86519309
819,I74973139
820,I32971472
821,I27804330
822,I130769515
823,I157725225
824,I103163165
825,I8078737
826,I161057412
827,I219193219
828,I188538660
829,I1321305853
830,I106165777
831,I157725225
832,I165799507
833,I205783295
834,I111979921
835,I136199984
836,I114832834
837,I63135867
838,I223532165
839,I135310074
840,I5388228
841,I66958751
842,I79576946
843,I27837315
844,I154570441
845,I122411786
846,I184565670
847,I200719446
848,I157725225
849,I40347166
850,I92446798
851,I119888943
852,I201448701
853,I154570441
854,I55732556
855,I97018004
856,I84218800
857,I161318765
858,I107639228
859,I204250578
860,I138943879
861,I205783295
862,I66946132
863,I136199984
864,I20382870
865,I135310074
866,I130701444
867,I138006243
868,I24603500
869,I2613432
870,I55732556
871,I592451
872,I134113660
873,I4391767840
874,I170897317
875,I188538660
876,I138006243
877,I44461941
878,I130769515
879,I39661318
880,I52357470
881,I138006243
882,I70571728
883,I161318765
884,I52357470
885,I165799507
886,I205783295
887,I95457486
888,I859038795
889,I137902535
890,I135310074
891,I135310074
892,I592451
893,I79272384
894,I39422238
895,I111979921
896,I859038795
897,I76835614
898,I173911158
899,I125687163
900,I161318765
901,I70983195
902,I57206974
903,I72816309
904,I107639228
905,I51556381
906,I59553526
907,I208333798
908,I78577930
909,I859038795
910,I75027704
911,I154570441
912,I74973139
913,I33213144
914,I135310074
915,I204465549
916,I165690674
917,I130769515
918,I135310074
919,I200719446
920,I99041443
921,I63190737
922,I32971472
923,I157725225
924,I859038795
925,I86519309
926,I201448701
927,I86519309
928,I95457486
929,I51504820
930,I27804330
931,I157725225
932,I157725225
933,I78577930
934,I11957088
935,I145608581
936,I111088046
937,I167576493
938,I161318765
939,I157725225
940,I52357470
941,I130238516
942,I111088046
943,I4391767840
944,I205783295
945,
946,I114027177
947,I130769515
948,I162577319
949,I27837315
950,I223532165
951,I63190737
952,I39422238
953,I135310074
954,I57206974
955,I87216513
956,I4387153128
957,I173911158
958,I1331384533
959,I78577930
960,I74973139
961,I140172145
962,I219193219
963,I130238516
964,I223532165
965,I11957088
966,I126345244
967,I52357470
968,I8078737
969,I130701444
970,I121934306
971,I82495205
972,I118118575
973,I39694355
974,I32971472
975,I32971472
976,I52357470
977,I74775410
978,I20089843
979,I114395901
980,I180949307
981,I198089087
982,I181233156
983,I205783295
984,I205783295
985,I137902535
986,I118118575
987,I859038795
988,I161318765
989,I205783295
990,I1174212
991,I143302722
992,I859038795
993,I59553526
994,I27837315
995,I126307644
996,I126307644
997,I157725225
998,I155781252
999,I66946132
1000,I102149020
1001,I165799507
1002,I114027177
1003,I20089843
1004,I138006243
1005,I157725225
1006,I131249849
1007,I173911158
1008,I137902535
1009,I145608581
1010,I181565077
1011,I173911158
1012,I95457486
1013,I39694355
1014,I200719446
1015,I102322142
1016,I157725225
1017,I78577930
1018,I205783295
1019,I219193219
1020,I121820613
1021,I205783295
1022,I102149020
1023,I86519309
1024,I51556381
1025,I131249849
1026,I51556381
1027,I1174212
1028,I126307644
1029,I130769515
1030,I155781252
1031,I155781252
1032,I17626003
1033,I181547552
1034,I44461941
1035,I111979921
1036,I157725225
1037,I40347166
1038,I40347166
1039,I8692664
1040,I78577930
1041,I39694355
1042,I157725225
1043,I592451
1044,I204465549
1045,I165799507
1046,I103635307
1047,I103635307
1048,I84392919
1049,I130769515
1050,I173911158
1051,I107639228
1052,I130238516
1053,I859038795
1054,I162577319
1055,I17301866
1056,I99041443
1057,I130701444
1058,I1174212
1059,I118353179
1060,I66946132
1061,I79272384
1062,I130769515
1063,I33213144
1064,I169521973
1065,I63966007
1066,I177721651
1067,I27837315
1068,I32971472
1069,I204250578
1070,I66946132
1071,I204465549
1072,I859038795
1073,I859038795
1074,I4210106879
1075,I27837315
1076,I63920570
1077,I157349981
1078,I162714631
1079,I205783295
1080,I142740786
1081,I136199984
1082,I63966007
1083,I137902535
1084,I40347166
1085,I11957088
1086,I5388228
1087,I102322142
1088,I4391767840
1089,I74775410
1090,I118118575
1091,I12912129
1092,I19648265
1093,I79576946
1094,I74973139
1095,I52357470
1096,I79272384
1097,I114027177
1098,I592451
1099,I165799507
1100,I4391767840
1101,I205783295
1102,I86501945
1103,I121934306
1104,I120156002
1105,I130701444
1106,I219193219
1107,I79576946
1108,I78577930
1109,I78577930
1110,I145311948
1111,I169521973
1112,I95457486
1113,I130701444
1114,I44854399
1115,I79576946
1116,I20089843
1117,I32971472
1118,I79576946
1119,I84218800
1120,I74973139
1121,I155781252
1122,I106165777
1123,I200719446
1124,I219193219
1125,I74973139
1126,I111979921
1127,I169521973
1128,I170897317
1129,I20089843
1130,I201448701
1131,I111088046
1132,I57206974
1133,I130785548
1134,I102461120
1135,I157725225
1136,I161318765
1137,I201448701
1138,I40347166
1139,I157725225
1140,I111979921
1141,I137853757
1142,I130238516
1143,I107639228
1144,I154570441
1145,I1174212
1146,I201448701
1147,I921990950
1148,I74775410
1149,I201448701
1150,I97018004
1151,I150209017
1152,I40347166
1153,I135310074
1154,I97018004
1155,I177156846
1156,I154570441
1157,I55732556
1158,I1174212
1159,I97018004
1160,I95457486
1161,I138006243
1162,I204250578
1163,I72816309
1164,I102322142
1165,I185443292
1166,I137902535
1167,I27837315
1168,I107077323
1169,I135310074
1170,I137902535
1171,I4391767840
1172,I155781252
1173,I157725225
1174,I135310074
1175,I201448701
1176,I86501945
1177,I125687163
1178,I107672454
1179,I143302722
1180,I20382870
1181,I95457486
1182,I61937129
1183,I63190737
1184,I136199984
1185,I141649380
1186,I118118575
1187,I27837315
1188,I138006243
1189,I118746106
1190,I130701444
1191,I52357470
1192,I170201317
1193,I155093810
1194,I81365321
1195,I63135867
1196,I66946132
1197,I135310074
1198,I24603500
1199,I157725225
1200,I130701444
1201,I111979921
1202,I75027704
1203,I125687163
1204,I130769515
1205,I55732556
1206,I137902535
1207,I185443292
1208,I63135867
1209,I51556381
1210,I8078737
1211,I219193219
1212,I130701444
1213,I86501945
1214,I76835614
1215,I63966007
1216,I78577930
1217,I66958751
1218,I33213144
1219,I58956616
1220,I185443292
1221,I66946132
1222,I205783295
1223,I173911158
1224,I97018004
1225,I145311948
1226,I44265643
1227,I219193219
1228,I78577930
1229,I79576946
1230,I165951966
1231,I150468666
1232,I33213144
1233,I57206974
1234,I146416000
1235,I170897317
1236,I95457486
1237,I39422238
1238,I141472210
1239,I78577930
1240,I95457486
1241,I130701444
1242,I111088046
1243,I36258959
1244,I86519309
1245,I17301866
1246,I157725225
1247,I135310074
1248,I2613432
1249,I157725225
1250,I102461120
1251,I181233156
1252,I92446798
1253,I55732556
1254,I134113660
1255,I36258959
1256,I2799389969
1257,I201448701
1258,I181233156
1259,I95457486
1260,I133999245
1261,I122411786
1262,I130701444
1263,I114027177
1264,I27804330
1265,I188538660
1266,I130701444
1267,I63966007
1268,I130701444
1269,I51556381
1270,I184889055
1271,I72816309
1272,I57328836
1273,I135310074
1274,I161318765
1275,I8078737
1276,I51556381
1277,I130238516
1278,I6902469
1279,I24603500
1280,I33213144
1281,I33213144
1282,I24603500
1283,I83809506
1284,I125687163
1285,I106165777
1286,I122411786
1287,I8078737
1288,I177721651
1289,I115475287
1290,I1321305853
1291,I123534392
1292,I204465549
1293,I173911158
1294,I162714631
1295,I79576946
1296,I91045830
1297,I123946342
1298,I170897317
1299,I57206974
1300,I136199984
1301,I130769515
1302,I63966007
1303,I859038795
1304,I74973139
1305,I33213144
1306,I107672454
1307,I55732556
1308,I158012942
1309,I140172145
1310,I150468666
1311,I58956616
1312,I107672454
1313,I130769515
1314,I130769515
1315,I184565670
1316,I24603500
1317,I78577930
1318,I79272384
1319,I72951846
1320,I86501945
1321,I170897317
1322,I94658018
1323,I392282
1324,I40347166
1325,I181233156
1326,I170897317
1327,I219193219
1328,I39587148
1329,I8692664
1330,I47301684
1331,I40347166
1332,I204250578
1333,I55732556
1334,I131249849
1335,I164936912
1336,I55732556
1337,I97018004
1338,I204250578
1339,I97018004
1340,I122411786
1341,I188538660
1342,I137428128
1343,I204465549
1344,I102322142
1345,I130701444
1346,I111088046
1347,I188538660
1348,I154570441
1349,I143302722
1350,I27837315
1351,I130769515
1352,I95457486
1353,I201448701
1354,I78715868
1355,I111088046
1356,I161318765
1357,I86519309
1358,I165799507
1359,I137902535
1360,I97018004
1361,I162577319
1362,I130769515
1363,I106959904
1364,I136199984
1365,I63135867
1366,I114027177
1367,I126307644
1368,I157725225
1369,I76835614
1370,I145220665
1371,I157725225
1372,I52357470
1373,I39422238
1374,I27837315
1375,I189590672
1376,I20382870
1377,I32971472
1378,I140172145
1379,I135310074
1380,I135310074
1381,I137902535
1382,I84218800
1383,I170897317
1384,I23732399
1385,I130238516
1386,I121820613
1387,I95457486
1388,I201448701
1389,I130769515
1390,I201448701
1391,I8078737
1392,I44461941
1393,I125687163
1394,I204250578
1395,I12097938
1396,I154570441
1397,I44854399
1398,I84218800
1399,I135310074
1400,I51556381
1401,I157725225
1402,I102322142
1403,I4391767840
1404,I205783295
1405,I155781252
1406,I1331384533
1407,I167576493
1408,I161057412
1409,I76835614
1410,I126307644
1411,I33213144
1412,I130769515
1413,I219193219
1414,I59553526
1415,I84218800
1416,I40347166
1417,I27837315
1418,I130701444
1419,I40347166
1420,I157725225
1421,I20382870
1422,I97018004
1423,I106165777
1424,I114395901
1425,I114526571
1426,I97018004
1427,I74973139
1428,I110378019
1429,I201448701
1430,I111088046
1431,I141472210
1432,I157725225
1433,I107639228
1434,I223532165
1435,I32971472
1436,I79272384
1437,I6750721
1438,I111236770
1439,I180949307
1440,I72951846
1441,I130238516
1442,I180670191
1443,I4391767840
1444,I86519309
1445,I392282
1446,I141720752
1447,I150693791
1448,I72816309
1449,I4391767840
1450,I27837315
1451,I135310074
1452,I33213144
1453,I145311948
1454,I204465549
1455,I130238516
1456,I20382870
1457,I102461120
1458,I98540497
1459,I121980950
1460,I173911158
1461,I19700959
1462,I102322142
1463,I42321615
1464,I63966007
1465,I16285277
1466,I135310074
1467,I27837315
1468,I121980950
1469,I52357470
1470,I52357470
1471,I170201317
1472,I137902535
1473,I137902535
1474,I63966007
1475,I157725225
1476,I79576946
1477,I186143895
1478,I59553526
1479,I155173764
1480,I90871651
1481,I186143895
1482,I123431417
1483,I39422238
1484,I39694355
1485,I27837315
1486,I74973139
1487,I66946132
1488,I150468666
1489,I66946132
1490,I122411786
1491,I135310074
1492,I86519309
1493,I66946132
1494,I135310074
1495,I204250578
1496,I92446798
1497,I61937129
1498,I185103710
1499,I27837315
1500,I79272384
1501,I32971472
1502,I125687163
1503,I130238516
1504,I867280407
1505,I33213144
1506,I79576946
1507,I74973139
1508,I130769515
1509,I74973139
1510,I47301684
1511,I63966007
1512,I121820613
1513,I181565077
1514,I205783295
1515,I185443292
1516,I137902535
1517,I145608581
1518,I102149020
1519,I20089843
1520,I204465549
1521,I135310074
1522,I74775410
1523,I24571045
1524,I157725225
1525,I59553526
1526,I78577930
1527,I79576946
1528,I79576946
1529,I79576946
1530,I24603500
1531,I4405268108
1532,I95457486
1533,I130769515
1534,I205783295
1535,I204250578
1536,I150693791
1537,I4391767840
1538,I4387153128
1539,I205783295
1540,I27804330
1541,I141720752
1542,I27837315
1543,I135310074
1544,I49332381
1545,I24603500
1546,I205783295
1547,I63966007
1548,I184565670
1549,I72951846
1550,I130701444
1551,I66946132
1552,I86519309
1553,I859038795
1554,I107639228
1555,I63966007
1556,I86519309
1557,I86519309
1558,I33213144
1559,I27837315
1560,I146416000
1561,I137902535
1562,I20089843
1563,I72816309
1564,I200719446
1565,I74973139
1566,I157725225
1567,I86501945
1568,I66946132
1569,I145311948
1570,I219193219
1571,I157725225
1572,I23732399
1573,I27837315
1574,I149910238
1575,I78577930
1576,I52357470
1577,I137902535
1578,I114395901
1579,I12912129
1580,I118353179
1581,I189590672
1582,I87216513
1583,I142740786
1584,I63190737
1585,I74973139
1586,I66946132
1587,I33213144
1588,I11957088
1589,I72816309
1590,I12912129
1591,I165799507
1592,I76835614
1593,I115475287
1594,I1174212
1595,I165799507
1596,I75027704
1597,I63966007
1598,I36258959
1599,I205783295
1600,I63190737
1601,I188538660
1602,I27804330
1603,I52357470
1604,I193531525
1605,I138006243
1606,I130769515
1607,I36258959
1608,I130701444
1609,I155781252
1610,I79516672
1611,I12912129
1612,I63966007
1613,I130701444
1614,I20089843
1615,I74973139
1616,I130701444
1617,I135310074
1618,I157725225
1619,I162714631
1620,I63966007
1621,I71838634
1622,I223532165
1623,I130701444
1624,I52357470
1625,I170897317
1626,I74973139
1627,I114027177
1628,I145311948
1629,I157725225
1630,I78577930
1631,I170897317
1632,I173911158
1633,I157725225
1634,I130238516
1635,I86519309
1636,I111979921
1637,I154570441
1638,I39422238
1639,I130238516
1640,I204250578
1641,I157725225
1642,I173911158
1643,I592451
1644,I157725225
1645,I17301866
1646,I26538001
1647,I111979921
1648,I36258959
1649,I97018004
1650,I201448701
1651,I178169726
1652,I55732556
1653,I201448701
1654,I36258959
1655,I223532165
1656,I1174212
1657,I95457486
1658,I161318765
1659,I138006243
1660,I185103710
1661,I137902535
1662,I11957088
1663,I121820613
1664,I92446798
1665,I23732399
1666,I135310074
1667,I43579087
1668,I157725225
1669,I86501945
1670,I63190737
1671,I859038795
1672,I107639228
1673,I102149020
1674,I204250578
1675,I39422238
1676,I86501945
1677,I130769515
1678,I4391767840
1679,I12315562
1680,I47301684
1681,I99041443
1682,I32971472
1683,I126307644
1684,I52357470
1685,I170897317
1686,I33213144
1687,I78577930
1688,I145311948
1689,I33213144
1690,I20089843
1691,I20382870
1692,I66946132
1693,I143302722
1694,I59553526
1695,I63966007
1696,I161057412
1697,I66946132
1698,I63966007
1699,I130701444
1700,I166088655
1701,I126345244
1702,I106165777
1703,I130701444
1704,I33213144
1705,I33213144
1706,I219193219
1707,I189590672
1708,I58956616
1709,I86501945
1710,I130701444
1711,I86519309
1712,I111236770
1713,I59553526
1714,I27837315
1715,I66946132
1716,I130701444
1717,I110152177
1718,I155781252
1719,I141649380
1720,I51556381
1721,I55732556
1722,I130769515
1723,I219193219
1724,I86519309
1725,I205783295
1726,I51556381
1727,I39422238
1728,I130701444
1729,I143302722
1730,I185443292
1731,I4391767840
1732,I107639228
1733,I130701444
1734,I157725225
1735,I170897317
1736,I106165777
1737,I79272384
1738,I219193219
1739,I165799507
1740,I111979921
1741,I115475287
1742,I135310074
1743,I161318765
1744,I145311948
1745,I114832834
1746,I4391767840
1747,I201448701
1748,I131249849
1749,I140172145
1750,I95457486
1751,I223532165
1752,I95457486
1753,I188538660
1754,I131249849
1755,I201448701
1756,I95457486
1757,I188538660
1758,I223532165
1759,I161318765
1760,I161318765
1761,I97018004
1762,I74973139
1763,I137902535
1764,I170201317
1765,I49502546
1766,I32971472
1767,I188538660
1768,I130769515
1769,I111979921
1770,I121820613
1771,I16285277
1772,I11957088
1773,I20089843
1774,I170897317
1775,I63966007
1776,I78577930
1777,I4322298
1778,I592451
1779,I592451
1780,I184565670
1781,I10052268
1782,I32971472
1783,I111979921
1784,I161057412
1785,I193531525
1786,I97018004
1787,I12834331
1788,I75027704
1789,I103531236
1790,I130701444
1791,I27837315
1792,I107672454
1793,I24603500
1794,I40347166
1795,I123946342
1796,I5388228
1797,I51556381
1798,I125687163
1799,I4387153128
1800,I114395901
1801,I24603500
1802,I200719446
1803,I24603500
1804,I202524275
1805,I173911158
1806,I114027177
1807,I86519309
1808,I86519309
1809,I392282
1810,I130701444
1811,I137902535
1812,I140172145
1813,I173911158
1814,I10052268
1815,I111088046
1816,I157725225
1817,I205783295
1818,I219193219
1819,I170897317
1820,I161318765
1821,I154570441
1822,I58956616
1823,I63966007
1824,I111088046
1825,I107672454
1826,I44461941
1827,I78577930
1828,I110378019
1829,I63190737
1830,I95457486
1831,I189590672
1832,I97018004
1833,I157725225
1834,I95457486
1835,I39422238
1836,I134113660
1837,I111979921
1838,I74775410
1839,I91045830
1840,I123534392
1841,I94658018
1842,I184565670
1843,I59897056
1844,I103635307
1845,I103635307
1846,I95457486
1847,I97018004
1848,I138006243
1849,I138006243
1850,I95457486
1851,I161318765
1852,I1331384533
1853,I141472210
1854,I36258959
1855,I592451
1856,I66946132
1857,I86501945
1858,I135310074
1859,I27837315
1860,I55732556
1861,I130701444
1862,I24603500
1863,I204250578
1864,I75027704
1865,I111979921
1866,I84392919
1867,I86519309
1868,I219193219
1869,I161318765
1870,I90871651
1871,I130701444
1872,I70983195
1873,I173911158
1874,I95457486
1875,I72951846
1876,I33213144
1877,I150209017
1878,I2613432
1879,I165799507
1880,I10052268
1881,I859038795
1882,I135310074
1883,I131249849
1884,I39422238
1885,I84470341
1886,I12912129
1887,I135474949
1888,I161318765
1889,I78577930
1890,I26538001
1891,I162714631
1892,I130238516
1893,I135474949
1894,I592451
1895,I130701444
1896,I201448701
1897,I126307644
1898,I36258959
1899,I121934306
1900,I201448701
1901,I173911158
1902,I141472210
1903,I121820613
1904,I36258959
1905,I16269868
1906,I114027177
1907,I107672454
1908,I138006243
1909,I12315562
1910,I111979921
1911,I111979921
1912,I51556381
1913,I170201317
1914,I161318765
1915,I43579087
1916,I170897317
1917,I107672454
1918,I219193219
1919,I136199984
1920,I23732399
1921,I205783295
1922,I177881444
1923,I107639228
1924,I173911158
1925,I78577930
1926,I66946132
1927,I170201317
1928,I121934306
1929,I165690674
1930,I204465549
1931,I155781252
1932,I2613432
1933,I12912129
1934,I63190737
1935,I138006243
1936,I154570441
1937,I126307644
1938,I27837315
1939,I79272384
1940,I8692664
1941,I17301866
1942,I27804330
1943,I59553526
1944,I138006243
1945,I52669646
1946,I125687163
1947,I205783295
1948,I11957088
1949,I63966007
1950,I20089843
1951,I121820613
1952,I592451
1953,I205783295
1954,I118353179
1955,I87216513
1956,I66946132
1957,I24603500
1958,I107139065
1959,I86501945
1960,I78577930
1961,I107639228
1962,I106165777
1963,I130238516
1964,I1309050143
1965,I201448701
1966,I66946132
1967,I16944753
1968,I118118575
1969,I12097938
1970,I72816309
1971,I145311948
1972,I859038795
1973,I137902535
1974,I107077323
1975,I135310074
1976,I40347166
1977,I137902535
1978,I204250578
1979,I63966007
1980,I103635307
1981,I130701444
1982,I102401767
1983,I76835614
1984,I87216513
1985,I63966007
1986,I140172145
1987,I162714631
1988,I84218800
1989,I66946132
1990,I107639228
1991,I24603500
1992,I24603500
1993,I130701444
1994,I24603500
1995,I27837315
1996,I135310074
1997,I169521973
1998,I52357470
1999,I138006243
2000,I204250578
2001,I162577319
2002,I79576946
2003,I185103710
2004,I161057412
2005,I79576946
2006,I12912129
2007,I20089843
2008,I36258959
2009,I20089843
2010,I72816309
2011,I126307644
2012,I74973139
2013,I5388228
2014,I223532165
2015,I17626003
2016,I140172145
2017,I79516672
2018,I87216513
2019,I189957204
2020,I102322142
2021,I102322142
2022,I165799507
2023,I130238516
2024,I32971472
2025,I74973139
2026,I130701444
2027,I27837315
2028,I63135867
2029,I63966007
2030,I86519309
2031,I859038795
2032,I170201317
2033,I57206974
2034,I63966007
2035,I74973139
2036,I204465549
2037,I188538660
2038,I157725225
2039,I86519309
2040,I7947594
2041,I60388903
2042,I143302722
2043,I204465549
2044,I27837315
2045,I219193219
2046,I170201317
2047,I63920570
2048,I200719446
2049,I202524275
2050,I47251452
2051,I20089843
2052,I157725225
2053,I170897317
2054,I33213144
2055,I205783295
2056,I155781252
2057,I204465549
2058,I107672454
2059,I27804330
2060,I63966007
2061,I136199984
2062,I173146385
2063,I107639228
2064,I136199984
2065,I99041443
2066,I165799507
2067,I107077323
2068,I12912129
2069,I74775410
2070,I57206974
2071,I157725225
2072,I110378019
2073,I100538780
2074,I114027177
2075,I133999245
2076,I59553526
2077,I63190737
2078,I165799507
2079,I5388228
2080,I130238516
2081,I79272384
2082,I74973139
2083,I74973139
2084,I135310074
2085,I103635307
2086,I84218800
2087,I106165777
2088,I107672454
2089,I157725225
2090,I201448701
2091,I72951846
2092,I74973139
2093,I103635307
2094,I71838634
2095,I44461941
2096,I74775410
2097,I201448701
2098,I204465549
2099,I86519309
2100,I74775410
2101,I204465549
2102,I36258959
2103,I84218800
2104,I95457486
2105,I36258959
2106,I181233156
2107,I51504820
2108,I154570441
2109,I1174212
2110,I97018004
2111,I204250578
2112,I26538001
2113,I66946132
2114,I115475287
2115,I40347166
2116,I145311948
2117,I143302722
2118,I86519309
2119,I4391767840
2120,I99041443
2121,I135310074
2122,I107077323
2123,I27837315
2124,I20382870
2125,I20382870
2126,I130701444
2127,I5388228
2128,I4391767840
2129,I130701444
2130,I111088046
2131,I86519309
2132,I135310074
2133,I145311948
2134,I40347166
2135,I122411786
2136,I32971472
2137,I859038795
2138,I170201317
2139,I74775410
2140,I8078737
2141,I58956616
2142,I137902535
2143,I186143895
2144,I75027704
2145,I27837315
2146,I170897317
2147,I200719446
2148,I121820613
2149,I20089843
2150,I4391767840
2151,I157725225
2152,I63966007
2153,I84218800
2154,I86519309
2155,I114027177
2156,I181414168
2157,I4391767840
2158,I121820613
2159,I919208787
2160,I27837315
2161,I205783295
2162,I27837315
2163,I58956616
2164,I130238516
2165,I170201317
2166,I57328836
2167,I86519309
2168,I57206974
2169,I157725225
2170,I111088046
2171,I188538660
2172,I20089843
2173,I90871651
2174,I111088046
2175,I136199984
2176,I111088046
2177,I121820613
2178,I204465549
2179,I32971472
2180,I59553526
2181,I59553526
2182,I189590672
2183,I75027704
2184,I157725225
2185,I157725225
2186,I39422238
2187,I154570441
2188,I130238516
2189,I86519309
2190,I74775410
2191,I97018004
2192,I154570441
2193,I97018004
2194,I84475105
2195,I97018004
2196,I201448701
2197,I131249849
2198,I161318765
2199,I1331384533
2200,I204250578
2201,I204250578
2202,I95457486
2203,I131249849
2204,I27837315
2205,I27837315
2206,I27837315
2207,I27837315
2208,I157417397
2209,I91045830
2210,I177605424
2211,I32971472
2212,I188538660
2213,I60060512
2214,I79576946
2215,I111979921
2216,I57206974
2217,I4387153128
2218,I192396691
2219,I118118575
2220,I154570441
2221,I157725225
2222,I72816309
2223,I57328836
2224,I204250578
2225,I8692664
2226,I40347166
2227,I70571728
2228,I143302722
2229,I83328450
2230,I120156002
2231,I52357470
2232,I24603500
2233,I111088046
2234,I32971472
2235,I130769515
2236,I135310074
2237,I137902535
2238,I170897317
2239,I5388228
2240,I33213144
2241,I165799507
2242,I185443292
2243,I97018004
2244,I165799507
2245,I134113660
2246,I96749437
2247,I184565670
2248,I20089843
2249,I95457486
2250,I63135867
2251,I103635307
2252,I91045830
2253,I157725225
2254,I27837315
2255,I78577930
2256,I78577930
2257,I188538660
2258,I57206974
2259,I184565670
2260,I86519309
2261,I55732556
2262,I84218800
2263,I5388228
2264,I84392919
2265,I84475105
2266,I63966007
2267,I1174212
2268,I1331384533
2269,I63190737
2270,I145311948
2271,I170897317
2272,I146416000
2273,I131249849
2274,I111979921
2275,I78577930
2276,I39422238
2277,I189196454
2278,I135310074
2279,I43579087
2280,I74775410
2281,I188538660
2282,I185103710
2283,I135310074
2284,I51504820
2285,I95457486
2286,I161318765
2287,I150209017
2288,I103635307
2289,I204250578
2290,I27837315
2291,I86519309
2292,I106959904
2293,I138006243
2294,I106165777
2295,I19648265
2296,I192578771
2297,I130701444
2298,I185103710
2299,I92446798
2300,I130701444
2301,I122411786
2302,I43522216
2303,I78577930
2304,I121820613
2305,I185103710
2306,I126744593
2307,I125687163
2308,I66946132
2309,I161318765
2310,I107672454
2311,I157725225
2312,I192578771
2313,I142740786
2314,I173911158
2315,I138006243
2316,I130238516
2317,I84218800
2318,I188538660
2319,I66958751
2320,I97018004
2321,I111088046
2322,I201448701
2323,I189196454
2324,I219193219
2325,I36258959
2326,I142740786
2327,I87216513
2328,I155093810
2329,I4391767840
2330,I1174212
2331,I130701444
2332,I155093810
2333,I63966007
2334,I91045830
2335,I130769515
2336,I19700959
2337,I205783295
2338,I161318765
2339,I33213144
2340,I95457486
2341,I76835614
2342,I107639228
2343,I108468826
2344,I27837315
2345,I55732556
2346,I136199984
2347,I102322142
2348,I27804330
2349,I146416000
2350,I40347166
2351,I130769515
2352,I5388228
2353,I78577930
2354,I189196454
2355,I72816309
2356,I57206974
2357,I82497590
2358,I27837315
2359,I8078737
2360,I91045830
2361,I181233156
2362,I114832834
2363,I126345244
2364,I170897317
2365,I125687163
2366,I63772739
2367,I126307644
2368,I90871651
2369,I165799507
2370,I130701444
2371,I106107269
2372,I173911158
2373,I114395901
2374,I135310074
2375,I27837315
2376,I55732556
2377,I130701444
2378,I181565077
2379,I200719446
2380,I6750721
2381,I130769515
2382,I186143895
2383,I181565077
2384,I79272384
2385,I110378019
2386,I859038795
2387,I138006243
2388,I130701444
2389,I110378019
2390,I2802326326
2391,I1174212
2392,I161318765
2393,I1174212
2394,I36258959
2395,I161318765
2396,I95457486
2397,I186143895
2398,I32971472
2399,I137902535
2400,I4210106879
2401,I102322142
2402,I107639228
2403,I63966007
2404,I27837315
2405,I63966007
2406,I170201317
2407,I155781252
2408,I173911158
2409,I143302722
2410,I86501945
2411,I12912129
2412,I130769515
2413,I24603500
2414,I219193219
2415,I223532165
2416,I63135867
2417,I186143895
2418,I86519309
2419,I122411786
2420,I205783295
2421,I74973139
2422,I145311948
2423,I102149020
2424,I24603500
2425,I52357470
2426,I173911158
2427,I55732556
2428,I97018004
2429,I170897317
2430,I102322142
2431,I27837315
2432,I169335092
2433,I125687163
2434,I55732556
2435,I36258959
2436,I180949307
2437,I66946132
2438,I74775410
2439,I170201317
2440,I155173764
2441,I32971472
2442,I84392919
2443,I130238516
2444,I87216513
2445,I76835614
2446,I161318765
2447,I219193219
2448,I24603500
2449,I63966007
2450,I154570441
2451,I204465549
2452,I140172145
2453,I205783295
2454,I36258959
2455,I86519309
2456,I162714631
2457,I170897317
2458,I63966007
2459,I20089843
2460,I19700959
2461,I137902535
2462,I137902535
2463,I111979921
2464,I133738476
2465,I140172145
2466,I188538660
2467,I86519309
2468,I111088046
2469,I86501945
2470,I136199984
2471,I165951966
2472,I145311948
2473,I32971472
2474,I60388903
2475,I102322142
2476,I130701444
2477,I204465549
2478,I114395901
2479,I82497590
2480,I44461941
2481,I135310074
2482,I165799507
2483,I136199984
2484,I157725225
2485,I86501945
2486,I130701444
2487,I188538660
2488,I130238516
2489,I145311948
2490,I52357470
2491,I140172145
2492,I55732556
2493,I63966007
2494,I130238516
2495,I27804330
2496,I70983195
2497,I2613432
2498,I173911158
2499,I115475287
2500,I63190737
2501,I133738476
2502,I178169726
2503,I20089843
2504,I4391767840
2505,I1174212
2506,I36258959
2507,I97018004
2508,I74973139
2509,I74973139
2510,I74973139
2511,I5388228
2512,I95457486
2513,I205783295
2514,I102322142
2515,I135310074
2516,I63966007
2517,I74973139
2518,I111088046
2519,I189196454
2520,I111088046
2521,I107639228
2522,I204593131
2523,I52357470
2524,I145311948
2525,I157725225
2526,I24603500
2527,I52357470
2528,I33434090
2529,I170897317
2530,I167576493
2531,I52357470
2532,I86519309
2533,I154570441
2534,I86519309
2535,I84218800
2536,I1331384533
2537,I133543626
2538,I185103710
2539,I84218800
2540,I55732556
2541,I165690674
2542,I2801455325
2543,I223532165
2544,I204250578
2545,I133999245
2546,I131249849
2547,I35722693
2548,I51504820
2549,I185103710
2550,I134113660
2551,I131249849
2552,I97018004
2553,I97018004
2554,I161318765
2555,I185103710
2556,I181233156
2557,I84218800
2558,I82497590
2559,I66946132
2560,I392282
2561,I130701444
2562,I170201317
2563,I130701444
2564,I186143895
2565,I118118575
2566,I4387153128
2567,I208333798
2568,I91045830
2569,I97018004
2570,I200719446
2571,I27804330
2572,I63190737
2573,I145311948
2574,I111979921
2575,I83809506
2576,I33213144
2577,I27804330
2578,I130701444
2579,I20382870
2580,I52357470
2581,I7947594
2582,I859038795
2583,I84218800
2584,I859038795
2585,I161057412
2586,I87216513
2587,I137902535
2588,I70983195
2589,I60388903
2590,I107672454
2591,I106165777
2592,I173911158
2593,I4210106879
2594,I19700959
2595,I24603500
2596,I121934306
2597,I36258959
2598,I66946132
2599,I32971472
2600,I111979921
2601,I137902535
2602,I592451
2603,I86519309
2604,I170897317
2605,I173911158
2606,I121934306
2607,I32971472
2608,I52357470
2609,I130769515
2610,I205783295
2611,I92446798
2612,I135310074
2613,I205783295
2614,I131249849
2615,I74775410
2616,I74973139
2617,I24571045
2618,I86519309
2619,I135310074
2620,I74973139
2621,I223532165
2622,I859038795
2623,I7863295
2624,I135310074
2625,I17301866
2626,I33213144
2627,I79576946
2628,I111088046
2629,I111979921
2630,I130769515
2631,I63190737
2632,I135310074
2633,I114027177
2634,I143302722
2635,I12912129
2636,I90871651
2637,I111979921
2638,I74973139
2639,I859038795
2640,I1174212
2641,I63190737
2642,I208333798
2643,I161318765
2644,I79576946
2645,I219193219
2646,I154570441
2647,I100005738
2648,I130238516
2649,I23732399
2650,I157725225
2651,I8692664
2652,I1174212
2653,I72951846
2654,I180670191
2655,I154570441
2656,I126307644
2657,I208333798
2658,I167576493
2659,I35364215
2660,I122411786
2661,I161318765
2662,I97018004
2663,I95457486
2664,I84218800
2665,I97018004
2666,I1331384533
2667,I27837315
2668,I100538780
2669,I186335123
2670,I27837315
2671,I20089843
2672,I20089843
2673,I102322142
2674,I97018004
2675,I114395901
2676,I107639228
2677,I103163165
2678,I185443292
2679,I20089843
2680,I78577930
2681,I145311948
2682,I167576493
2683,I8078737
2684,I40347166
2685,I86501945
2686,I91045830
2687,I63966007
2688,I8692664
2689,I114395901
2690,I121820613
2691,I32971472
2692,I114832834
2693,I63966007
2694,I39694355
2695,I181233156
2696,I75027704
2697,I111088046
2698,I27804330
2699,I87216513
2700,I51556381
2701,I24603500
2702,I86501945
2703,I205783295
2704,I51556381
2705,I121820613
2706,I162714631
2707,I44854399
2708,I154570441
2709,I111088046
2710,I33213144
2711,I24571045
2712,I130238516
2713,I16944753
2714,I189590672
2715,I27837315
2716,I19700959
2717,I79576946
2718,I141649380
2719,I91045830
2720,I146416000
2721,I51556381
2722,I118353179
2723,I8078737
2724,I2613432
2725,I130769515
2726,I20089843
2727,I63135867
2728,I170897317
2729,I138006243
2730,I157725225
2731,I185103710
2732,I86519309
2733,I79576946
2734,I26538001
2735,I91045830
2736,I204250578
2737,I169521973
2738,I146416000
2739,I135310074
2740,I84218800
2741,I95457486
2742,I95457486
2743,I123431417
2744,I92446798
2745,I95457486
2746,I157638225
2747,I36258959
2748,I138006243
2749,I181233156
2750,I150209017
2751,I122411786
2752,I97018004
2753,I55732556
2754,I111979921
2755,I27837315
2756,I201448701
2757,I75027704
2758,I84218800
2759,I12912129
2760,I126345244
2761,I33213144
2762,I75027704
2763,I162577319
2764,I137902535
2765,I106165777
2766,I58956616
2767,I157725225
2768,I76835614
2769,I55732556
2770,I170897317
2771,I173911158
2772,I592451
2773,I84218800
2774,I97018004
2775,I63966007
2776,I130701444
2777,I111088046
2778,I55732556
2779,I859038795
2780,I169521973
2781,I859038795
2782,I40347166
2783,I219193219
2784,I95457486
2785,I200719446
2786,I75027704
2787,I78577930
2788,I1331384533
2789,I167576493
2790,I130701444
2791,I59553526
2792,I859038795
2793,I57206974
2794,I140172145
2795,I140172145
2796,I74973139
2797,I200719446
2798,I4387153128
2799,I157725225
2800,I102322142
2801,I92446798
2802,I55732556
2803,I1331384533
2804,I137902535
2805,I2613432
2806,I170897317
2807,I200719446
2808,I219193219
2809,I169521973
2810,I130769515
2811,I20382870
2812,I27504731
2813,I63135867
2814,I170201317
2815,I87216513
2816,I110378019
2817,I97018004
2818,I97018004
2819,I78577930
2820,I103163165
2821,I97018004
2822,I23732399
2823,I204250578
2824,I20089843
2825,I120156002
2826,I74973139
2827,I205783295
2828,I124727415
2829,I16285277
2830,I63966007
2831,I12097938
2832,I202524275
2833,I36258959
2834,I223532165
2835,I154570441
2836,I27837315
2837,I40347166
2838,I130238516
2839,I84218800
2840,I97018004
2841,I103635307
2842,I55732556
2843,I186143895
2844,I592451
2845,I140172145
2846,I165799507
2847,I205783295
2848,I63966007
2849,I76835614
2850,I57206974
2851,I155093810
2852,I97018004
2853,I200719446
2854,I859038795
2855,I219193219
2856,I27804330
2857,I17301866
2858,I111088046
2859,I114395901
2860,I76835614
2861,I27837315
2862,I86501945
2863,I107639228
2864,I121934306
2865,I95457486
2866,I78577930
2867,I4391767840
2868,I97018004
2869,I55732556
2870,I103635307
2871,I1174212
2872,I126307644
2873,I126307644
2874,I11957088
2875,I66946132
2876,I121820613
2877,I170201317
2878,I168416876
2879,I107672454
2880,I87216513
2881,I200719446
2882,I87216513
2883,I173911158
2884,I130701444
2885,I157725225
2886,I130238516
2887,I86519309
2888,I157725225
2889,I87216513
2890,I74775410
2891,I185443292
2892,I130769515
2893,I17626003
2894,I90871651
2895,I592451
2896,I51556381
2897,I95457486
2898,I33213144
2899,I87216513
2900,I200719446
2901,I103163165
2902,I165951966
2903,I70983195
2904,I27837315
2905,I205783295
2906,I149919469
2907,I130701444
2908,I74973139
2909,I11957088
2910,I392282
2911,I36258959
2912,I130238516
2913,I24603500
2914,I59553526
2915,I103635307
2916,I137902535
2917,I83328450
2918,I2613432
2919,I32389192
2920,I78577930
2921,I33213144
2922,I102322142
2923,I95457486
2924,I63966007
2925,I111979921
2926,I36258959
2927,I135310074
2928,I24603500
2929,I36258959
2930,I66946132
2931,I81365321
2932,I138006243
2933,I1174212
2934,I219193219
2935,I55732556
2936,I86519309
2937,I137902535
2938,I4387153128
2939,I74775410
2940,I63966007
2941,I859038795
2942,I154570441
2943,I57206974
2944,I57206974
2945,I141472210
2946,I20089843
2947,I24571045
2948,I135310074
2949,I36258959
2950,I103531236
2951,I72816309
2952,I136199984
2953,I52357470
2954,I130769515
2955,I130769515
2956,I130769515
2957,I52357470
2958,I87216513
2959,I43579087
2960,I51556381
2961,I51556381
2962,I205783295
2963,I154570441
2964,I170897317
2965,I87216513
2966,I39422238
2967,I130769515
2968,I52357470
2969,I140172145
2970,I130701444
2971,I71838634
2972,I111088046
2973,I219193219
2974,I180949307
2975,I592451
2976,I157725225
2977,I33213144
2978,I201448701
2979,I169521973
2980,I4391767840
2981,I11957088
2982,I169521973
2983,I111979921
2984,I859038795
2985,I130701444
2986,I114395901
2987,I201448701
2988,I33213144
2989,I130701444
2990,I201448701
2991,I170897317
2992,I205783295
2993,I27804330
2994,I97018004
2995,I79576946
2996,I125687163
2997,I22675022
2998,I32971472
2999,I205783295
3000,I72816309
3001,I74973139
3002,I205783295
3003,I219193219
3004,I140172145
3005,I140172145
3006,I72816309
3007,I155781252
3008,I79576946
3009,I78577930
3010,I103531236
3011,I86519309
3012,I130701444
3013,I74973139
3014,I106165777
3015,I8078737
3016,I173911158
3017,I63966007
3018,I81365321
3019,I78577930
3020,I135310074
3021,I27837315
3022,I63966007
3023,I189590672
3024,I74775410
3025,I57206974
3026,I1174212
3027,I36258959
3028,I86519309
3029,I111979921
3030,I111979921
3031,I36258959
3032,I4391767840
3033,I146416000
3034,I106969075
3035,I126307644
3036,I55732556
3037,I204250578
3038,I71838634
3039,I204250578
3040,I188538660
3041,I181233156
3042,I201448701
3043,I95457486
3044,I156087764
3045,I161318765
3046,I138006243
3047,I84218800
3048,I55732556
3049,I122411786
3050,I165690674
3051,I97018004
3052,I859038795
3053,I33213144
3054,I142740786
3055,I130769515
3056,I86519309
3057,I130769515
3058,I99041443
3059,I84470341
3060,I138006243
3061,I27837315
3062,I72816309
3063,I78715868
3064,I205783295
3065,I52357470
3066,I114395901
3067,I86519309
3068,I27837315
3069,I157725225
3070,I165951966
3071,I27837315
3072,I157725225
3073,I78577930
3074,I157725225
3075,I130769515
3076,I20382870
3077,I170201317
3078,I161057412
3079,I33213144
3080,I161057412
3081,I219193219
3082,I78577930
3083,I102322142
3084,I145311948
3085,I79576946
3086,I137902535
3087,I157725225
3088,I66946132
3089,I140172145
3090,I24603500
3091,I130238516
3092,I125687163
3093,I130238516
3094,I130238516
3095,I184647316
3096,I138006243
3097,I130769515
3098,I185443292
3099,I155781252
3100,I75027704
3101,I12315562
3102,I137902535
3103,I4391767840
3104,I130701444
3105,I145311948
3106,I63966007
3107,I145311948
3108,I12315562
3109,I27837315
3110,I137902535
3111,I205783295
3112,I40347166
3113,I51556381
3114,I66946132
3115,I219193219
3116,I20382870
3117,I111088046
3118,I1174212
3119,I111979921
3120,I75027704
3121,I135310074
3122,I165799507
3123,I204250578
3124,I130769515
3125,I219193219
3126,I204465549
3127,I33213144
3128,I219193219
3129,I155781252
3130,I78715868
3131,I130238516
3132,I201448701
3133,I204465549
3134,I66946132
3135,I133738476
3136,I106165777
3137,I201448701
3138,I201448701
3139,I47301684
3140,I186143895
3141,I130701444
3142,I154570441
3143,I146416000
3144,I74973139
3145,I99041443
3146,I55732556
3147,I4391767840
3148,I74775410
3149,I188538660
3150,I138006243
3151,I134113660
3152,I161318765
3153,I131249849
3154,I143302722
3155,I130701444
3156,I8606887
3157,I86501945
3158,I130701444
3159,I137902535
3160,I103531236
3161,I165102784
3162,I114832834
3163,I165799507
3164,I63966007
3165,I1321305853
3166,I5388228
3167,I103531236
3168,I859038795
3169,I70983195
3170,I57206974
3171,I134113660
3172,I114027177
3173,I70983195
3174,I12315562
3175,I86519309
3176,I205783295
3177,I592451
3178,I205783295
3179,I1321305853
3180,I103163165
3181,I145311948
3182,I33213144
3183,I143302722
3184,I201448701
3185,I204250578
3186,I57206974
3187,I115475287
3188,I135310074
3189,I33213144
3190,I52357470
3191,I111088046
3192,I74775410
3193,I63135867
3194,I205783295
3195,I4387153128
3196,I97018004
3197,I184840846
3198,I86519309
3199,I193531525
3200,I122411786
3201,I44461941
3202,I114395901
3203,I141649380
3204,I33213144
3205,I63966007
3206,I219193219
3207,I154570441
3208,I176692203
3209,I86519309
3210,I86519309
3211,I149910238
3212,I161057412
3213,I2613432
3214,I867280407
3215,I188538660
3216,I57206974
3217,I86501945
3218,I51556381
3219,I74973139
3220,I157725225
3221,I32971472
3222,I138006243
3223,I170201317
3224,I12834331
3225,I592451
3226,I103531236
3227,I103635307
3228,I84470341
3229,I32971472
3230,I63190737
3231,I204250578
3232,I161057412
3233,I95457486
3234,I51556381
3235,I107639228
3236,I36258959
3237,I97018004
3238,I55732556
3239,I200719446
3240,I111979921
3241,I188538660
3242,I99041443
3243,I133999245
3244,I154570441
3245,I84218800
3246,I92446798
3247,I95457486
3248,I188538660
3249,I55732556
3250,I161318765
3251,I185103710
3252,I204250578
3253,I71838634
3254,I138006243
3255,I592451
3256,I50702494
3257,I201448701
3258,I138006243
3259,I36258959
3260,I32971472
3261,I185103710
3262,I219193219
3263,I201448701
3264,I205783295
3265,I121820613
3266,I36258959
3267,I204250578
3268,I130238516
3269,I138006243
3270,I87216513
3271,I130701444
3272,I158012942
3273,I44461941
3274,I102149020
3275,I4387153128
3276,I123946342
3277,I2613432
3278,I66946132
3279,I219193219
3280,I135310074
3281,I63966007
3282,I859038795
3283,I153901656
3284,I2801014352
3285,I161318765
3286,I86519309
3287,I150693791
3288,I201448701
3289,I33213144
3290,I92446798
3291,I79576946
3292,I169521973
3293,I36258959
3294,I123946342
3295,I94658018
3296,I157725225
3297,I162577319
3298,I27837315
3299,I78577930
3300,I162714631
3301,I184840846
3302,I181233156
3303,I111236770
3304,I165799507
3305,I170897317
3306,I184759092
3307,I130701444
3308,I36699412
3309,I87216513
3310,I205783295
3311,I123946342
3312,I130701444
3313,I130701444
3314,I157725225
3315,I83041322
3316,I2613432
3317,I200719446
3318,I27837315
3319,I27837315
3320,I86501945
3321,I57328836
3322,I97018004
3323,I8078737
3324,I78577930
3325,I63966007
3326,I78577930
3327,I4210117453
3328,I102322142
3329,I180670191
3330,I184840846
3331,I63966007
3332,I63135867
3333,I33213144
3334,I135310074
3335,I72816309
3336,I24603500
3337,I157725225
3338,I63966007
3339,I110152177
3340,I135310074
3341,I27837315
3342,I135310074
3343,I135310074
3344,I20089843
3345,I165799507
3346,I63966007
3347,I135310074
3348,I4210106879
3349,I19700959
3350,I63966007
3351,I57206974
3352,I52357470
3353,I170897317
3354,I20089843
3355,I86519309
3356,I103163165
3357,I52357470
3358,I8078737
3359,I170201317
3360,I110378019
3361,I86501945
3362,I181233156
3363,I145311948
3364,I70983195
3365,I118118575
3366,I119443389
3367,I107672454
3368,I131221577
3369,I19700959
3370,I63966007
3371,I146416000
3372,I130701444
3373,I106165777
3374,I33213144
3375,I40347166
3376,I36258959
3377,I200719446
3378,I219193219
3379,I157725225
3380,I160856358
3381,I12912129
3382,I137902535
3383,I135310074
3384,I111979921
3385,I102322142
3386,I55732556
3387,I27837315
3388,I27837315
3389,I74973139
3390,I87216513
3391,I66946132
3392,I157725225
3393,I27837315
3394,I86501945
3395,I223532165
3396,I106165777
3397,I223532165
3398,I859038795
3399,I76835614
3400,I33213144
3401,I135310074
3402,I33213144
3403,I185443292
3404,I52357470
3405,I138006243
3406,I130701444
3407,I111455621
3408,I27804330
3409,I200719446
3410,I40347166
3411,I5388228
3412,I24603500
3413,I157725225
3414,I165690674
3415,I107672454
3416,I106165777
3417,I7947594
3418,I86501945
3419,I157725225
3420,I130238516
3421,I102607778
3422,I82497590
3423,I136199984
3424,I180949307
3425,I27837315
3426,I162714631
3427,I130769515
3428,I55732556
3429,I27837315
3430,I592451
3431,I157725225
3432,I185103710
3433,I92446798
3434,I170201317
3435,I110152177
3436,I72816309
3437,I33213144
3438,I86501945
3439,I137902535
3440,I94658018
3441,I145311948
3442,I12912129
3443,I87216513
3444,I8692664
3445,I58956616
3446,I146416000
3447,I219193219
3448,I859038795
3449,I12912129
3450,I140172145
3451,I205783295
3452,I74775410
3453,I219193219
3454,I157725225
3455,I6750721
3456,I76835614
3457,I103163165
3458,I145608581
3459,I4210089486
3460,I86519309
3461,I33213144
3462,I27837315
3463,I157725225
3464,I205783295
3465,I223532165
3466,I859038795
3467,I66946132
3468,I76835614
3469,I24603500
3470,I102322142
3471,I114832834
3472,I40347166
3473,I87216513
3474,I107077323
3475,I8692664
3476,I12315562
3477,I205783295
3478,I135310074
3479,I114395901
3480,I157725225
3481,I19700959
3482,I157725225
3483,I200719446
3484,I57206974
3485,I106165777
3486,I52357470
3487,I97018004
3488,I219193219
3489,I16285277
3490,I204250578
3491,I36258959
3492,I63966007
3493,I170201317
3494,I189196454
3495,I63966007
3496,I170201317
3497,I12912129
3498,I135310074
3499,I157725225
3500,I52357470
3501,I33213144
3502,I135310074
3503,I111979921
3504,I368840534
3505,I170897317
3506,I63190737
3507,I51556381
3508,I177605424
3509,I4387153466
3510,I24603500
3511,I204250578
3512,I170201317
3513,I137902535
3514,I74973139
3515,I52357470
3516,I859038795
3517,I51556381
3518,I130769515
3519,I157725225
3520,I170897317
3521,I185443292
3522,I130769515
3523,I103635307
3524,I75027704
3525,I102322142
3526,I5388228
3527,I130238516
3528,I91045830
3529,I123534392
3530,I24571045
3531,I86519309
3532,I165951966
3533,I6750721
3534,I4391767840
3535,I39422238
3536,I146416000
3537,I95457486
3538,I123534392
3539,I203172682
3540,I76835614
3541,I4391767840
3542,I4391767840
3543,I86519309
3544,I4391767840
3545,I74775410
3546,I86519309
3547,I126345244
3548,I4391767840
3549,I1174212
3550,I103635307
3551,I201448701
3552,I63966007
3553,I138006243
3554,I71838634
3555,I154570441
3556,I185103710
3557,I204250578
3558,I1174212
3559,I154570441
3560,I84218800
3561,I161318765
3562,I204250578
3563,I201448701
3564,I136199984
3565,I170897317
3566,I114027177
3567,I32971472
3568,I219193219
3569,I130769515
3570,I106165777
3571,I84470341
3572,I859038795
3573,I63135867
3574,I12097938
3575,I111236770
3576,I118118575
3577,I185443292
3578,I27837315
3579,I136199984
3580,I130769515
3581,I189196454
3582,I102149020
3583,I39422238
3584,I162714631
3585,I5388228
3586,I111236770
3587,I219193219
3588,I135310074
3589,I133999245
3590,I122411786
3591,I155781252
3592,I130238516
3593,I17301866
3594,I114395901
3595,I95457486
3596,I39422238
3597,I859038795
3598,I24603500
3599,I32971472
3600,I78577930
3601,I592451
3602,I72816309
3603,I24603500
3604,I223532165
3605,I186143895
3606,I27837315
3607,I219193219
3608,I122411786
3609,I2276074
3610,I157725225
3611,I102322142
3612,I78577930
3613,I8078737
3614,I12097938
3615,I219193219
3616,I78715868
3617,I143302722
3618,I86519309
3619,I126744593
3620,I32971472
3621,I859038795
3622,I204465549
3623,I102322142
3624,I84218800
3625,I16944753
3626,I40347166
3627,I74973139
3628,I55732556
3629,I39422238
3630,I4210117873
3631,I161318765
3632,I84218800
3633,I8078737
3634,I79576946
3635,I859038795
3636,I135310074
3637,I205783295
3638,I24603500
3639,I170201317
3640,I162714631
3641,I219193219
3642,I51556381
3643,I140172145
3644,I75027704
3645,I145608581
3646,I161318765
3647,I12912129
3648,I11957088
3649,I102322142
3650,I111236770
3651,I74973139
3652,I140172145
3653,I157725225
3654,I75421653
3655,I102149020
3656,I106165777
3657,I145311948
3658,I63190737
3659,I157725225
3660,I8078737
3661,I201448701
3662,I13511017
3663,I143302722
3664,I63190737
3665,I4391767840
3666,I86519309
3667,I4391767840
3668,I121820613
3669,I8692664
3670,I223532165
3671,I201448701
3672,I74775410
3673,I83683471
3674,I131249849
3675,I122411786
3676,I131249849
3677,I157725225
3678,I138006243
3679,I1174212
3680,I201448701
3681,I121980950
3682,I1174212
3683,I72951846
3684,I1331384533
3685,I204250578
3686,I204250578
3687,I95457486
3688,I27837315
3689,I27837315
3690,I130769515
3691,I145311948
3692,I52357470
3693,I106165777
3694,I27837315
3695,I140172145
3696,I130785548
3697,I33213144
3698,I76835614
3699,I76835614
3700,I86519309
3701,I95457486
3702,I23732399
3703,I52357470
3704,I74775410
3705,I74775410
3706,I27837315
3707,I173911158
3708,I27804330
3709,I60060512
3710,I134113660
3711,I188538660
3712,I27837315
3713,I135310074
3714,I111088046
3715,I27837315
3716,I57328836
3717,I205783295
3718,I72816309
3719,I1331384533
3720,I154570441
3721,I173146385
3722,I52357470
3723,I126307644
3724,I130769515
3725,I12315562
3726,I177721651
3727,I90871651
3728,I111088046
3729,I55732556
3730,I157349981
3731,I121820613
3732,I150468666
3733,I592451
3734,I131249849
3735,I110378019
3736,I140172145
3737,I84218800
3738,I155781252
3739,I111979921
3740,I106165777
3741,I193531525
3742,I95457486
3743,I136199984
3744,I204465549
3745,I188538660
3746,I136199984
3747,I86501945
3748,I63190737
3749,I204250578
3750,I155781252
3751,I1321305853
3752,I84218800
3753,I130769515
3754,I74775410
3755,I156087764
3756,I157725225
3757,I138006243
3758,I74775410
3759,I111979921
3760,I55732556
3761,I161318765
3762,I97018004
3763,I103635307
3764,I204250578
3765,I164936912
3766,I60065076
3767,I201448701
3768,I103635307
3769,I130769515
3770,I102322142
3771,I1174212
3772,I188538660
3773,I20089843
3774,I161318765
3775,I185103710
3776,I154570441
3777,I156087764
3778,I161318765
3779,I130769515
3780,I12912129
3781,I170897317
3782,I63966007
3783,I859038795
3784,I84218800
3785,I40347166
3786,I52357470
3787,I169521973
3788,I136199984
3789,I219193219
3790,I157725225
3791,I95457486
3792,I102149020
3793,I57206974
3794,I169521973
3795,I161318765
3796,I181565077
3797,I181233156
3798,I83328450
3799,I32971472
3800,I66946132
3801,I186335123
3802,I102149020
3803,I33213144
3804,I84392919
3805,I170201317
3806,I87216513
3807,I66946132
3808,I145311948
3809,I55732556
3810,I40347166
3811,I63966007
3812,I36258959
3813,I4391767840
3814,I188592606
3815,I146416000
3816,I57206974
3817,I867280407
3818,I19700959
3819,I95457486
3820,I154570441
3821,I59553526
3822,I12912129
3823,I135310074
3824,I2613432
3825,I161318765
3826,I181565077
3827,I205783295
3828,I66946132
3829,I157638225
3830,I126307644
3831,I90871651
3832,I66946132
3833,I60388903
3834,I95457486
3835,I130238516
3836,I156087764
3837,I169521973
3838,I161318765
3839,I63966007
3840,I4391767840
3841,I102322142
3842,I173911158
3843,I138006243
3844,I165102784
3845,I181565077
3846,I63966007
3847,I63966007
3848,I121934306
3849,I86501945
3850,I135310074
3851,I592451
3852,I63966007
3853,I4387153128
3854,I33213144
3855,I95457486
3856,I20089843
3857,I44854399
3858,I27804330
3859,I859038795
3860,I137902535
3861,I27837315
3862,I135310074
3863,I135310074
3864,I122411786
3865,I32971472
3866,I76835614
3867,I138006243
3868,I138006243
3869,I161318765
3870,I138006243
3871,I186143895
3872,I27837315
3873,I78577930
3874,I12097938
3875,I204465549
3876,I63966007
3877,I63966007
3878,I83328450
3879,I47838141
3880,I169521973
3881,I130238516
3882,I57206974
3883,I114832834
3884,I205783295
3885,I94658018
3886,I130701444
3887,I12834331
3888,I63920570
3889,I24603500
3890,I55732556
3891,I86501945
3892,I102149020
3893,I115475287
3894,I223532165
3895,I126307644
3896,I181233156
3897,I36258959
3898,I84218800
3899,I20089843
3900,I63190737
3901,I58956616
3902,I102322142
3903,I5388228
3904,I205783295
3905,I20089843
3906,I86501945
3907,I86519309
3908,I36258959
3909,I160992636
3910,I169521973
3911,I92446798
3912,I75027704
3913,I5388228
3914,I27837315
3915,I27837315
3916,I95457486
3917,I8692664
3918,I6750721
3919,I72951846
3920,I859038795
3921,I102322142
3922,I8078737
3923,I195575238
3924,I219193219
3925,I130769515
3926,I155781252
3927,I58956616
3928,I114832834
3929,I200719446
3930,I78577930
3931,I118118575
3932,I12912129
3933,I888729015
3934,I63966007
3935,I140172145
3936,I201448701
3937,I63135867
3938,I12912129
3939,I86501945
3940,I63135867
3941,I72951846
3942,I17301866
3943,I17301866
3944,I12912129
3945,I4387153128
3946,I162714631
3947,I78577930
3948,I87216513
3949,I169521973
3950,I111979921
3951,I43579087
3952,I154570441
3953,I95457486
3954,I150397245
3955,I36258959
3956,I133543626
3957,I26538001
3958,I201448701
3959,I201448701
3960,I118839592
3961,I12834331
3962,I12834331
3963,I63190737
3964,I27837315
3965,I27837315
3966,I106165777
3967,I33213144
3968,I135310074
3969,I5388228
3970,I59553526
3971,I223532165
3972,I76835614
3973,I205783295
3974,I170201317
3975,I20089843
3976,I173911158
3977,I86519309
3978,I82497590
3979,I92507152
3980,I185443292
3981,I219193219
3982,I86501945
3983,I72816309
3984,I137902535
3985,I17301866
3986,I145311948
3987,I63190737
3988,I859038795
3989,I11957088
3990,I84218800
3991,I170201317
3992,I63966007
3993,I20089843
3994,I135310074
3995,I63966007
3996,I13511017
3997,I130701444
3998,I8692664
3999,I108345032
4000,I182555378
4001,I130701444
4002,I74775410
4003,I63966007
4004,I22675022
4005,I205783295
4006,I63966007
4007,I32971472
4008,I919208787
4009,I2802326326
4010,I155781252
4011,I75027704
4012,I33213144
4013,I169521973
4014,I201448701
4015,I165799507
4016,I4391767840
4017,I95457486
4018,I72816309
4019,I33213144
4020,I130701444
4021,I33213144
4022,I205783295
4023,I33213144
4024,I102322142
4025,I55732556
4026,I79576946
4027,I131249849
4028,I162577319
4029,I130769515
4030,I592451
4031,I204465549
4032,I24306055
4033,I84470341
4034,I72951846
4035,I208333798
4036,I153297377
4037,I87216513
4038,I97018004
4039,I184565670
4040,I84218800
4041,I188538660
4042,I79576946
4043,I205783295
4044,I154570441
4045,I130701444
4046,I27837315
4047,I8078737
4048,I130238516
4049,I126345244
4050,I188538660
4051,I32971472
4052,I86519309
4053,I114027177
4054,I136199984
4055,I95457486
4056,I32971472
4057,I91045830
4058,I55732556
4059,I130238516
4060,I16285277
4061,I51556381
4062,I189196454
4063,I79576946
4064,I155781252
4065,I103163165
4066,I4210115145
4067,I78577930
4068,I107672454
4069,I592451
4070,I70983195
4071,I52357470
4072,I859038795
4073,I130769515
4074,I35777872
4075,I185443292
4076,I185443292
4077,I107672454
4078,I33213144
4079,I33213144
4080,I8078737
4081,I86519309
4082,I107639228
4083,I24571045
4084,I111088046
4085,I136199984
4086,I145311948
4087,I135310074
4088,I75027704
4089,I66946132
4090,I39422238
4091,I51556381
4092,I185103710
4093,I170201317
4094,I23732399
4095,I185103710
4096,I200719446
4097,I79272384
4098,I4391767840
4099,I162577319
4100,I51556381
4101,I87216513
4102,I26538001
4103,I157725225
4104,I87216513
4105,I72816309
4106,I86519309
4107,I114832834
4108,I859038795
4109,I123946342
4110,I99041443
4111,I188538660
4112,I208333798
4113,I57206974
4114,I87216513
4115,I4391767840
4116,I72951846
4117,I161057412
4118,I24603500
4119,I170897317
4120,I4391767840
4121,I130701444
4122,I33213144
4123,I219193219
4124,I140172145
4125,I24603500
4126,I16944753
4127,I137853757
4128,I136199984
4129,I39422238
4130,I102322142
4131,I140172145
4132,I201448701
4133,I135310074
4134,I4391767840
4135,I74775410
4136,I106165777
4137,I86519309
4138,I87216513
4139,I4391767840
4140,I130701444
4141,I123946342
4142,I146416000
4143,I106959904
4144,I137902535
4145,I100538780
4146,I219193219
4147,I79516672
4148,I169521973
4149,I130238516
4150,I102149020
4151,I4391767840
4152,I44461941
4153,I201448701
4154,I165951966
4155,I111979921
4156,I97018004
4157,I95457486
4158,I188538660
4159,I122411786
4160,I1331384533
4161,I111979921
4162,I204250578
4163,I131249849
4164,I121820613
4165,I177898655
4166,I173911158
4167,I204250578
4168,I201448701
4169,I130238516
4170,I204465549
4171,I189196454
4172,I111979921
4173,I6750721
4174,I145311948
4175,I111979921
4176,I188538660
4177,I204250578
4178,I6750721
4179,I92446798
4180,I12834331
4181,I1174212
4182,I204250578
4183,I111979921
4184,I36258959
4185,I194388944
4186,I55732556
4187,I97018004
4188,I23732399
4189,I1331384533
4190,I92446798
4191,I201448701
4192,I55732556
4193,I84218800
4194,I97018004
4195,I204250578
4196,I161318765
4197,I204250578
4198,I130701444
4199,I27837315
4200,I130769515
4201,I155781252
4202,I72816309
4203,I107672454
4204,I59553526
4205,I27837315
4206,I155781252
4207,I59553526
4208,I59553526
4209,I59553526
4210,I392282
4211,I130238516
4212,I111979921
4213,I102322142
4214,I223532165
4215,I189196454
4216,I86519309
4217,I86519309
4218,I66946132
4219,I111979921
4220,I145311948
4221,I87216513
4222,I102322142
4223,I114395901
4224,I78577930
4225,I58956616
4226,I173911158
4227,I20089843
4228,I2613432
4229,I170897317
4230,I173911158
4231,I84392919
4232,I219193219
4233,I161057412
4234,I131249849
4235,I97018004
4236,I130769515
4237,I84218800
4238,I72816309
4239,I219193219
4240,I205783295
4241,I97018004
4242,I114832834
4243,I91045830
4244,I20089843
4245,I120156002
4246,I157725225
4247,I78577930
4248,I157725225
4249,I165799507
4250,I170897317
4251,I123534392
4252,I79272384
4253,I72951846
4254,I157725225
4255,I4391767840
4256,I201448701
4257,I24603500
4258,I72816309
4259,I27804330
4260,I11883440
4261,I27837315
4262,I58956616
4263,I133999245
4264,I1174212
4265,I169521973
4266,I20382870
4267,I205783295
4268,I66946132
4269,I86519309
4270,I84218800
4271,I4391767840
4272,I27804330
4273,I2613432
4274,I23732399
4275,I43579087
4276,I138006243
4277,I131249849
4278,I205783295
4279,I55732556
4280,I133543626
4281,I87216513
4282,I63966007
4283,I188538660
4284,I35777872
4285,I33213144
4286,I219193219
4287,I86519309
4288,I33213144
4289,I24603500
4290,I63190737
4291,I130701444
4292,I169521973
4293,I72816309
4294,I859038795
4295,I173911158
4296,I8692664
4297,I95457486
4298,I157725225
4299,I63966007
4300,I82497590
4301,I107639228
4302,I201448701
4303,I95457486
4304,I162714631
4305,I78577930
4306,I111088046
4307,I157725225
4308,I157725225
4309,I161318765
4310,I111236770
4311,I106165777
4312,I83809506
4313,I136199984
4314,I57328836
4315,I60060512
4316,I114027177
4317,I16944753
4318,I170897317
4319,I136199984
4320,I86519309
4321,I1174212
4322,I74973139
4323,I27837315
4324,I76835614
4325,I130701444
4326,I72816309
4327,I137902535
4328,I130701444
4329,I107077323
4330,I157725225
4331,I123946342
4332,I201448701
4333,I189590672
4334,I4391767840
4335,I39422238
4336,I51556381
4337,I178169726
4338,I19700959
4339,I39422238
4340,I78577930
4341,I130769515
4342,I123946342
4343,I134113660
4344,I859038795
4345,I4391767840
4346,I114027177
4347,I167576493
4348,I78577930
4349,I167576493
4350,I57328836
4351,I4391767840
4352,I86519309
4353,I140172145
4354,I33213144
4355,I205783295
4356,I99041443
4357,I205783295
4358,I155781252
4359,I111455621
4360,I107639228
4361,I32971472
4362,I167576493
4363,I108468826
4364,I133999245
4365,I59897056
4366,I76835614
4367,I55732556
4368,I157725225
4369,I59553526
4370,I59553526
4371,I130238516
4372,I92446798
4373,I180949307
4374,I135310074
4375,I97018004
4376,I188538660
4377,I36258959
4378,I131249849
4379,I223532165
4380,I204250578
4381,I103635307
4382,I100005738
4383,I95457486
4384,I201448701
4385,I161318765
4386,I204250578
4387,I2613432
4388,I592451
4389,I84475105
4390,I118118575
4391,I157394403
4392,I8078737
4393,I70983195
4394,I170897317
4395,I102322142
4396,I155781252
4397,I63190737
4398,I86519309
4399,I27837315
4400,I78577930
4401,I136199984
4402,I170201317
4403,I219193219
4404,I188538660
4405,I66946132
4406,I17626003
4407,I66946132
4408,I87216513
4409,I165799507
4410,I157725225
4411,I150468666
4412,I140172145
4413,I97018004
4414,I204250578
4415,I1283280774
4416,I121820613
4417,I859038795
4418,I91045830
4419,I130701444
4420,I170201317
4421,I137902535
4422,I63190737
4423,I130701444
4424,I78577930
4425,I19700959
4426,I140172145
4427,I63966007
4428,I57206974
4429,I181565077
4430,I130238516
4431,I84218800
4432,I20089843
4433,I204250578
4434,I84218800
4435,I130701444
4436,I205783295
4437,I74775410
4438,I40347166
4439,I170897317
4440,I188538660
4441,I1321305853
4442,I1321305853
4443,I70983195
4444,I52357470
4445,I162714631
4446,I12834331
4447,I170201317
4448,I36699412
4449,I136199984
4450,I130701444
4451,I219193219
4452,I136199984
4453,I919208787
4454,I90871651
4455,I157725225
4456,I219193219
4457,I185103710
4458,I44854399
4459,I184565670
4460,I164936912
4461,I173911158
4462,I219193219
4463,I102322142
4464,I36258959
4465,I157725225
4466,I32971472
4467,I40347166
4468,I91045830
4469,I61937129
4470,I59897056
4471,I24603500
4472,I185103710
4473,I52357470
4474,I110378019
4475,I125687163
4476,I66946132
4477,I188538660
4478,I70983195
4479,I219193219
4480,I92446798
4481,I592451
4482,I79576946
4483,I95457486
4484,I145311948
4485,I87216513
4486,I66946132
4487,I201448701
4488,I138006243
4489,I74775410
4490,I92446798
4491,I188538660
4492,I17301866
4493,I83328450
4494,I143302722
4495,I200719446
4496,I157417397
4497,I55732556
4498,I200719446
4499,I82495205
4500,I71838634
4501,I188538660
4502,I111979921
4503,I161318765
4504,I12315562
4505,I1174212
4506,I111979921
4507,I130238516
4508,I201448701
4509,I8692664
4510,I146416000
4511,I86519309
4512,I201448701
4513,I23732399
4514,I188538660
4515,I185103710
4516,I201448701
4517,I188538660
4518,I131651094
4519,I122411786
4520,I155093810
4521,I103635307
4522,I111979921
4523,I185071736
4524,I97018004
4525,I208333798
4526,I201448701
4527,I75027704
4528,I87216513
4529,I52357470
4530,I201448701
4531,I114027177
4532,I193531525
4533,I149919469
4534,I859038795
4535,I137582240
4536,I156087764
4537,I859038795
4538,I142740786
4539,I102322142
4540,I98704320
4541,I55732556
4542,I189196454
4543,I154570441
4544,I70983195
4545,I155707491
4546,I66946132
4547,I173911158
4548,I157725225
4549,I78577930
4550,I130701444
4551,I86501945
4552,I57328836
4553,I74973139
4554,I91045830
4555,I86501945
4556,I49502546
4557,I208333798
4558,I130238516
4559,I97018004
4560,I55732556
4561,I24603500
4562,I204250578
4563,I55732556
4564,I95457486
4565,I161318765
4566,I138006243
4567,I130701444
4568,I32971472
4569,I223532165
4570,I165951966
4571,I4210106879
4572,I79576946
4573,I140172145
4574,I201448701
4575,I205783295
4576,I219193219
4577,I121820613
4578,I107639228
4579,I205783295
4580,I145311948
4581,I57206974
4582,I33213144
4583,I63966007
4584,I63190737
4585,I161057412
4586,I170201317
4587,I130701444
4588,I71838634
4589,I161318765
4590,I74973139
4591,I161318765
4592,I74775410
4593,I100538780
4594,I181233156
4595,I188538660
4596,I32971472
4597,I8078737
4598,I177156846
4599,I188538660
4600,I70983195
4601,I135310074
4602,I111979921
4603,I82497590
4604,I33213144
4605,I97018004
4606,I63135867
4607,I63135867
4608,I27837315
4609,I102322142
4610,I8078737
4611,I11957088
4612,I185103710
4613,I79576946
4614,I921990950
4615,I204250578
4616,I19700959
4617,I103635307
4618,I97018004
4619,I135310074
4620,I2613432
4621,I135310074
4622,I20089843
4623,I114027177
4624,I157725225
4625,I114832834
4626,I8078737
4627,I102322142
4628,I63966007
4629,I63966007
4630,I189590672
4631,I12097938
4632,I39422238
4633,I27804330
4634,I859038795
4635,I63966007
4636,I103163165
4637,I111455621
4638,I188538660
4639,I201448701
4640,I110152177
4641,I219193219
4642,I155173764
4643,I137902535
4644,I43579087
4645,I140172145
4646,I27837315
4647,I87216513
4648,I90871651
4649,I78577930
4650,I40347166
4651,I86519309
4652,I138006243
4653,I66946132
4654,I223532165
4655,I170201317
4656,I87216513
4657,I201448701
4658,I63190737
4659,I107672454
4660,I136199984
4661,I100005738
4662,I136199984
4663,I145402516
4664,I201448701
4665,I136199984
4666,I97018004
4667,I201448701
4668,I27804330
4669,I79576946
4670,I39422238
4671,I20089843
4672,I130701444
4673,I135310074
4674,I143302722
4675,I165799507
4676,I121980950
4677,I4322298
4678,I17301866
4679,I107672454
4680,I134113660
4681,I27804330
4682,I143302722
4683,I130701444
4684,I219193219
4685,I32389192
4686,I130238516
4687,I103163165
4688,I165951966
4689,I201448701
4690,I157725225
4691,I157725225
4692,I204250578
4693,I121980950
4694,I181565077
4695,I223532165
4696,I72951846
4697,I126307644
4698,I86519309
4699,I87216513
4700,I130701444
4701,I4387153128
4702,I27837315
4703,I130701444
4704,I4387153128
4705,I205783295
4706,I111088046
4707,I27837315
4708,I111455621
4709,I173911158
4710,I130701444
4711,I170897317
4712,I130701444
4713,I58956616
4714,I20089843
4715,I170897317
4716,I86501945
4717,I83328450
4718,I135310074
4719,I223532165
4720,I27837315
4721,I58956616
4722,I75027704
4723,I74973139
4724,I158818660
4725,I78577930
4726,I157725225
4727,I146416000
4728,I130238516
4729,I33213144
4730,I103531236
4731,I57328836
4732,I86519309
4733,I59553526
4734,I102502594
4735,I74973139
4736,I188538660
4737,I164936912
4738,I205783295
4739,I12315562
4740,I115475287
4741,I392282
4742,I188538660
4743,I44461941
4744,I122411786
4745,I72903472
4746,I137902535
4747,I130701444
4748,I122411786
4749,I145311948
4750,I154570441
4751,I79576946
4752,I33213144
4753,I39422238
4754,I170201317
4755,I12097938
4756,I219193219
4757,I20089843
4758,I135310074
4759,I66946132
4760,I73443619
4761,I35777872
4762,I155781252
4763,I130769515
4764,I82497590
4765,I52357470
4766,I136199984
4767,I173911158
4768,I204250578
4769,I130769515
4770,I79576946
4771,I5388228
4772,I177156846
4773,I140172145
4774,I146416000
4775,I79576946
4776,I185443292
4777,I859038795
4778,I18860807
4779,I157725225
4780,I135310074
4781,I133738476
4782,I219193219
4783,I111455621
4784,I12912129
4785,I121934306
4786,I859038795
4787,I102149020
4788,I84360360
4789,I162714631
4790,I157725225
4791,I55732556
4792,I86501945
4793,I12315562
4794,I33213144
4795,I57206974
4796,I107672454
4797,I121980950
4798,I137428128
4799,I150468666
4800,I157725225
4801,I72951846
4802,I99041443
4803,I136199984
4804,I2613432
4805,I87216513
4806,I130769515
4807,I74973139
4808,I24603500
4809,I170897317
4810,I52357470
4811,I86501945
4812,I114395901
4813,I157725225
4814,I78715868
4815,I8078737
4816,I138006243
4817,I189590672
4818,I39422238
4819,I111979921
4820,I4391767840
4821,I57206974
4822,I111236770
4823,I76835614
4824,I32971472
4825,I10052268
4826,I36258959
4827,I130238516
4828,I185103710
4829,I114395901
4830,I32971472
4831,I185103710
4832,I130769515
4833,I188538660
4834,I111979921
4835,I106165777
4836,I149910238
4837,I63966007
4838,I165799507
4839,I4391767840
4840,I74973139
4841,I55732556
4842,I52357470
4843,I16285277
4844,I204465549
4845,I108468826
4846,I51556381
4847,I20382870
4848,I859038795
4849,I140172145
4850,I87216513
4851,I86519309
4852,I204250578
4853,I79576946
4854,I201448701
4855,I4391767840
4856,I86519309
4857,I189196454
4858,I138006243
4859,I39422238
4860,I1174212
4861,I154570441
4862,I157725225
4863,I71838634
4864,I103635307
4865,I173911158
4866,I189196454
4867,I189590672
4868,I4391767840
4869,I157725225
4870,I188538660
4871,I72951846
4872,I188538660
4873,I1174212
4874,I204250578
4875,I36258959
4876,I201448701
4877,I95457486
4878,I55732556
4879,I194388944
4880,I36258959
4881,I35722693
4882,I114027177
4883,I130701444
4884,I75027704
4885,I33213144
4886,I173911158
4887,I8078737
4888,I137902535
4889,I23732399
4890,I170201317
4891,I110152177
4892,I66946132
4893,I86519309
4894,I170201317
4895,I200719446
4896,I27837315
4897,I137902535
4898,I60388903
4899,I157725225
4900,I74973139
4901,I27837315
4902,I157725225
4903,I66946132
4904,I165799507
4905,I72951846
4906,I165799507
4907,I74973139
4908,I161318765
4909,I146416000
4910,I58956616
4911,I12315562
4912,I135310074
4913,I157725225
4914,I78715868
4915,I111455621
4916,I205783295
4917,I143302722
4918,I201448701
4919,I1288882113
4920,I130701444
4921,I12912129
4922,I100005738
4923,I145311948
4924,I91045830
4925,I27837315
4926,I27837315
4927,I59553526
4928,I103635307
4929,I191114373
4930,I75027704
4931,I137902535
4932,I81365321
4933,I157725225
4934,I130701444
4935,I36258959
4936,I78577930
4937,I86519309
4938,I79576946
4939,I121980950
4940,I102322142
4941,I87216513
4942,I173911158
4943,I157725225
4944,I111088046
4945,I78577930
4946,I130238516
4947,I8078737
4948,I192396691
4949,I188538660
4950,I111088046
4951,I169521973
4952,I145311948
4953,I173911158
4954,I137902535
4955,I189590672
4956,I130769515
4957,I20089843
4958,I91045830
4959,I107639228
4960,I16944753
4961,I130701444
4962,I114395901
4963,I204465549
4964,I184840846
4965,I145311948
4966,I102322142
4967,I131249849
4968,I149910238
4969,I155781252
4970,I32971472
4971,I63966007
4972,I165799507
4973,I52357470
4974,I52357470
4975,I5388228
4976,I185443292
4977,I74775410
4978,I19700959
4979,I33213144
4980,I121934306
4981,I162577319
4982,I592451
4983,I181565077
4984,I130701444
4985,I110152177
4986,I859038795
4987,I95457486
4988,I219193219
4989,I157725225
4990,I8078737
4991,I32971472
4992,I74973139
4993,I131249849
4994,I137902535
4995,I156087764
4996,I90871651
4997,I204250578
4998,I17301866
4999,I76835614
5000,I205783295
5001,I123534392
5002,I111979921
5003,I36258959
5004,I4391767840
5005,I72951846
5006,I189196454
5007,I189590672
5008,I167576493
5009,I204250578
5010,I169521973
5011,I200719446
5012,I4391767840
5013,I8692664
5014,I8692664
5015,I138006243
5016,I97018004
5017,I74775410
5018,I95457486
5019,I185103710
5020,I201448701
5021,I1174212
5022,I161318765
5023,I1174212
5024,I16269868
5025,I150693791
5026,I103163165
5027,I140172145
5028,I140172145
5029,I114027177
5030,I78577930
5031,I106959904
5032,I169521973
5033,I32971472
5034,I87216513
5035,I66946132
5036,I219193219
5037,I130701444
5038,I91045830
5039,I114395901
5040,I131249849
5041,I16285277
5042,I27837315
5043,I52357470
5044,I223532165
5045,I20089843
5046,I78577930
5047,I135310074
5048,I154570441
5049,I189590672
5050,I155707491
5051,I121934306
5052,I74775410
5053,I205783295
5054,I368840534
5055,I47838141
5056,I130769515
5057,I103163165
5058,I84218800
5059,I135310074
5060,I16285277
5061,I111979921
5062,I86519309
5063,I57206974
5064,I106165777
5065,I57206974
5066,I189196454
5067,I173911158
5068,I137902535
5069,I186143895
5070,I84218800
5071,I111236770
5072,I40347166
5073,I59553526
5074,I52357470
5075,I95457486
5076,I204465549
5077,I66958751
5078,I130238516
5079,I130769515
5080,I82495205
5081,I57206974
5082,I12834331
5083,I142393192
5084,I5444425
5085,I94658018
5086,I157725225
5087,I86519309
5088,I155173764
5089,I24603500
5090,I107639228
5091,I24603500
5092,I6902469
5093,I86519309
5094,I102322142
5095,I130701444
5096,I63966007
5097,I121820613
5098,I205783295
5099,I32971472
5100,I130701444
5101,I66946132
5102,I188538660
5103,I170897317
5104,I161318765
5105,I859038795
5106,I44854399
5107,I136199984
5108,I24603500
5109,I4387153128
5110,I121980950
5111,I32971472
5112,I44461941
5113,I43579087
5114,I87216513
5115,I70983195
5116,I157725225
5117,I140172145
5118,I111979921
5119,I185443292
5120,I92446798
5121,I102322142
5122,I91045830
5123,I130701444
5124,I51556381
5125,I52357470
5126,I156087764
5127,I103635307
5128,I130238516
5129,I103635307
5130,I204250578
5131,I162577319
5132,I86519309
5133,I44461941
5134,I36258959
5135,I188538660
5136,I95457486
5137,I122411786
5138,I161318765
5139,I71838634
5140,I122411786
5141,I71838634
5142,I154570441
5143,I219193219
5144,I130769515
5145,I95457486
5146,I33213144
5147,I859038795
5148,I27837315
5149,I121820613
5150,I52357470
5151,I27837315
5152,I137902535
5153,I63966007
5154,I106107269
5155,I72816309
5156,I19700959
5157,I161318765
5158,I154570441
5159,I130701444
5160,I97018004
5161,I130701444
5162,I36258959
5163,I74973139
5164,I102322142
5165,I141649380
5166,I44461941
5167,I86519309
5168,I2613432
5169,I219193219
5170,I36258959
5171,I43579087
5172,I170897317
5173,I78577930
5174,I859038795
5175,I131249849
5176,I70983195
5177,I27837315
5178,I201448701
5179,I27837315
5180,I135310074
5181,I11957088
5182,I33213144
5183,I111088046
5184,I27837315
5185,I11957088
5186,I131221577
5187,I66946132
5188,I1174212
5189,I63966007
5190,I121820613
5191,I130238516
5192,I108468826
5193,I74775410
5194,I95457486
5195,I4391767840
5196,I27837315
5197,I63966007
5198,I208333798
5199,I135310074
5200,I103531236
5201,I17301866
5202,I99041443
5203,I24571045
5204,I107672454
5205,I11957088
5206,I6750721
5207,I63966007
5208,I20089843
5209,I27837315
5210,I127591826
5211,I63966007
5212,I63966007
5213,I130238516
5214,I205783295
5215,I135310074
5216,I86519309
5217,I138006243
5218,I27804330
5219,I205783295
5220,I63966007
5221,I63966007
5222,I84392919
5223,I107639228
5224,I136199984
5225,I12097938
5226,I135310074
5227,I130701444
5228,I108468826
5229,I97018004
5230,I66946132
5231,I63190737
5232,I161318765
5233,I63966007
5234,I11957088
5235,I43579087
5236,I72816309
5237,I135310074
5238,I114832834
5239,I17626003
5240,I919208787
5241,I74973139
5242,I27804330
5243,I205783295
5244,I157725225
5245,I180949307
5246,I157725225
5247,I11957088
5248,I185103710
5249,I200719446
5250,I6902469
5251,I79576946
5252,I102373834
5253,I157725225
5254,I79576946
5255,I121934306
5256,I33213144
5257,I201448701
5258,I145311948
5259,I66946132
5260,I86519309
5261,I162714631
5262,I39422238
5263,I55732556
5264,I173146385
5265,I102322142
5266,I2613432
5267,I130769515
5268,I103163165
5269,I20089843
5270,I130769515
5271,I135310074
5272,I201448701
5273,I592451
5274,I97018004
5275,I201448701
5276,I138006243
5277,I63966007
5278,I121980950
5279,I223532165
5280,I126307644
5281,I155093810
5282,I100005738
5283,I27837315
5284,I86501945
5285,I8078737
5286,I27837315
5287,I59553526
5288,I4391767840
5289,I60388903
5290,I184840846
5291,I142740786
5292,I200719446
5293,I27837315
5294,I202524275
5295,I100633361
5296,I136199984
5297,I102322142
5298,I5388228
5299,I188538660
5300,I130238516
5301,I27837315
5302,I137902535
5303,I12097938
5304,I79576946
5305,I79576946
5306,I12912129
5307,I102322142
5308,I87216513
5309,I74973139
5310,I157725225
5311,I154570441
5312,I27837315
5313,I55732556
5314,I4391767840
5315,I121980950
5316,I114027177
5317,I84218800
5318,I27837315
5319,I157725225
5320,I180949307
5321,I74973139
5322,I200719446
5323,I95457486
5324,I184840846
5325,I102401767
5326,I4210106879
5327,I27837315
5328,I7947594
5329,I130769515
5330,I137902535
5331,I33213144
5332,I188538660
5333,I145311948
5334,I27837315
5335,I79272384
5336,I130701444
5337,I859038795
5338,I86501945
5339,I392282
5340,I126307644
5341,I27837315
5342,I130769515
5343,I103163165
5344,I107639228
5345,I52357470
5346,I130701444
5347,I123946342
5348,I130769515
5349,I70571728
5350,I114027177
5351,I59553526
5352,I8692664
5353,I219193219
5354,I20089843
5355,I87216513
5356,I204465549
5357,I201448701
5358,I108468826
5359,I70983195
5360,I115475287
5361,I135310074
5362,I47251452
5363,I162577319
5364,I74973139
5365,I143302722
5366,I185443292
5367,I1174212
5368,I130701444
5369,I63966007
5370,I114395901
5371,I859038795
5372,I5388228
5373,I74775410
5374,I859038795
5375,I140172145
5376,I52357470
5377,I4387153128
5378,I58956616
5379,I118118575
5380,I63190737
5381,I24603500
5382,I86519309
5383,I82497590
5384,I63772739
5385,I47838141
5386,I130238516
5387,I16892885
5388,I219193219
5389,I55732556
5390,I4391767840
5391,I219193219
5392,I130701444
5393,I76835614
5394,I12834331
5395,I78577930
5396,I78577930
5397,I921990950
5398,I100005738
5399,I131249849
5400,I189590672
5401,I136199984
5402,I223532165
5403,I219193219
5404,I27804330
5405,I78577930
5406,I24603500
5407,I1174212
5408,I161318765
5409,I27837315
5410,I204593131
5411,I219193219
5412,I139290212
5413,I157725225
5414,I140172145
5415,I867280407
5416,I36258959
5417,I127362389
5418,I4387153466
5419,I4391767840
5420,I180949307
5421,I100005738
5422,I185103710
5423,I39660569
5424,I79516672
5425,I95457486
5426,I111979921
5427,I1174212
5428,I4391767840
5429,I86519309
5430,I78715868
5431,I189196454
5432,I188538660
5433,I13511017
5434,I134113660
5435,I223532165
5436,I36258959
5437,I36258959
5438,I55732556
5439,I1174212
5440,I368840534
5441,I84218800
5442,I97018004
5443,I131249849
5444,I97018004
5445,I63966007
5446,I52357470
5447,I75421653
5448,I84470341
5449,I121934306
5450,I75027704
5451,I137902535
5452,I135310074
5453,I103163165
5454,I27837315
5455,I79576946
5456,I133738476
5457,I8078737
5458,I126820664
5459,I87216513
5460,I74973139
5461,I75027704
5462,I60388903
5463,I161318765
5464,I74775410
5465,I27837315
5466,I184840846
5467,I107639228
5468,I859038795
5469,I103635307
5470,I155781252
5471,I173911158
5472,I72951846
5473,I133738476
5474,I4391767840
5475,I859038795
5476,I111979921
5477,I130238516
5478,I200719446
5479,I1174212
5480,I167576493
5481,I157417397
5482,I136199984
5483,I59553526
5484,I84218800
5485,I8078737
5486,I130701444
5487,I219193219
5488,I97018004
5489,I130701444
5490,I205783295
5491,I84218800
5492,I66946132
5493,I84218800
5494,I204250578
5495,I59553526
5496,I165799507
5497,I145311948
5498,I74775410
5499,I63966007
5500,I72816309
5501,I170897317
5502,I79576946
5503,I859038795
5504,I106165777
5505,I125687163
5506,I78715868
5507,I155781252
5508,I137902535
5509,I36258959
5510,I157725225
5511,I16944753
5512,I70983195
5513,I17626003
5514,I52357470
5515,I66946132
5516,I165799507
5517,I130701444
5518,I36258959
5519,I188538660
5520,I154570441
5521,I33213144
5522,I103531236
5523,I78577930
5524,I223532165
5525,I114395901
5526,I130769515
5527,I130701444
5528,I130701444
5529,I180949307
5530,I157725225
5531,I74973139
5532,I130238516
5533,I200719446
5534,I219193219
5535,I186143895
5536,I130701444
5537,I32389192
5538,I204465549
5539,I219193219
5540,I86519309
5541,I859038795
5542,I100005738
5543,I102322142
5544,I8078737
5545,I173911158
5546,I185443292
5547,I7947594
5548,I95457486
5549,I157725225
5550,I74775410
5551,I19648265
5552,I8078737
5553,I169521973
5554,I52357470
5555,I95457486
5556,I87208437
5557,I97018004
5558,I188538660
5559,I114832834
5560,I111979921
5561,I219193219
5562,I173911158
5563,I161318765
5564,I162577319
5565,I86519309
5566,I86519309
5567,I86519309
5568,I95457486
5569,I97018004
5570,I200719446
5571,I115475287
5572,I131651094
5573,I115475287
5574,I169521973
5575,I154570441
5576,I204250578
5577,I78577930
5578,I120156002
5579,I201448701
5580,I201448701
5581,I84218800
5582,I122411786
5583,I180670191
5584,I19772626
5585,I155781252
5586,I95457486
5587,I130769515
5588,I140172145
5589,I106165777
5590,I63966007
5591,I107639228
5592,I173911158
5593,I39422238
5594,I79576946
5595,I66946132
5596,I1321305853
5597,I135310074
5598,I78577930
5599,I102322142
5600,I83328450
5601,I1925986
5602,I52357470
5603,I83328450
5604,I70983195
5605,I158012942
5606,I205783295
5607,I150397245
5608,I27837315
5609,I97018004
5610,I146416000
5611,I138006243
5612,I2613432
5613,I204465549
5614,I4210106879
5615,I71966907
5616,I16269868
5617,I52357470
5618,I78577930
5619,I143302722
5620,I66946132
5621,I74973139
5622,I111088046
5623,I205783295
5624,I111236770
5625,I123946342
5626,I95457486
5627,I103531236
5628,I137902535
5629,I205783295
5630,I205783295
5631,I86519309
5632,I130769515
5633,I130701444
5634,I130769515
5635,I165799507
5636,I95457486
5637,I78715868
5638,I103531236
5639,I111979921
5640,I27804330
5641,I592451
5642,I135310074
5643,I91045830
5644,I24603500
5645,I36258959
5646,I121980950
5647,I44854399
5648,I162714631
5649,I32389192
5650,I59553526
5651,I87216513
5652,I102461120
5653,I145608581
5654,I200719446
5655,I156087764
5656,I137902535
5657,I161057412
5658,I61937129
5659,I205783295
5660,I74973139
5661,I87216513
5662,I66946132
5663,I33213144
5664,I157725225
5665,I32971472
5666,I219193219
5667,I66946132
5668,I83399316
5669,I130769515
5670,I40347166
5671,I36258959
5672,I40347166
5673,I122411786
5674,I103635307
5675,I204465549
5676,I130238516
5677,I111979921
5678,I122411786
5679,I111979921
5680,I4391767840
5681,I87208437
5682,I126307644
5683,I36258959
5684,I4391767840
5685,I154570441
5686,I121980950
5687,I36258959
5688,I52669646
5689,I71838634
5690,I130701444
5691,I188538660
5692,I122411786
5693,I188538660
5694,I110152177
5695,I178169726
5696,I123431417
5697,I4391767840
5698,I102149020
5699,I135310074
5700,I200719446
5701,I131651094
5702,I63966007
5703,I161318765
5704,I102322142
5705,I181565077
5706,I81365321
5707,I97018004
5708,I186143895
5709,I4387153128
5710,I193531525
5711,I12834331
5712,I86501945
5713,I33213144
5714,I72951846
5715,I186143895
5716,I70983195
5717,I27804330
5718,I165799507
5719,I145608581
5720,I200719446
5721,I157725225
5722,I66946132
5723,I137902535
5724,I32971472
5725,I5388228
5726,I188538660
5727,I27837315
5728,I33213144
5729,I70983195
5730,I32389192
5731,I92446798
5732,I55732556
5733,I63190737
5734,I157394403
5735,I52357470
5736,I219193219
5737,I33213144
5738,I33213144
5739,I75027704
5740,I4210106879
5741,I44461941
5742,I130769515
5743,I145608581
5744,I78715868
5745,I708430
5746,I87216513
5747,I130701444
5748,I57206974
5749,I859038795
5750,I111088046
5751,I52357470
5752,I110152177
5753,I52357470
5754,I130769515
5755,I162714631
5756,I180670191
5757,I79576946
5758,I47251452
5759,I149521062
5760,I19772626
5761,I181547552
5762,I141472210
5763,I177880774
5764,I135310074
5765,I83041322
5766,I107639228
5767,I58956616
5768,I86519309
5769,I135310074
5770,I91045830
5771,I20089843
5772,I145402516
5773,I20089843
5774,I74973139
5775,I114395901
5776,I121980950
5777,I12097938
5778,I136199984
5779,I107606265
5780,I5388228
5781,I40347166
5782,I114027177
5783,I111455621
5784,I135310074
5785,I130238516
5786,I170201317
5787,I114395901
5788,I186335123
5789,I4391767840
5790,I130769515
5791,I17301866
5792,I6902469
5793,I55732556
5794,I161318765
5795,I205783295
5796,I1662191
5797,I4387153128
5798,I32971472
5799,I10052268
5800,I142740786
5801,I157725225
5802,I170201317
5803,I87216513
5804,I115475287
5805,I27837315
5806,I4387153128
5807,I142740786
5808,I135310074
5809,I102322142
5810,I223532165
5811,I592451
5812,I66946132
5813,I186143895
5814,I76835614
5815,I167576493
5816,I59553526
5817,I12912129
5818,I12912129
5819,I114395901
5820,I170897317
5821,I78577930
5822,I4387153128
5823,I6902469
5824,I4322298
5825,I33213144
5826,I121980950
5827,I223532165
5828,I188405335
5829,I165951966
5830,I188538660
5831,I135310074
5832,I26538001
5833,I97018004
5834,I103163165
5835,I4387153128
5836,I137902535
5837,I219193219
5838,I173911158
5839,I4210106879
5840,I392282
5841,I74973139
5842,I4391767840
5843,I17626003
5844,I1925986
5845,I57328836
5846,I86519309
5847,I205783295
5848,I13511017
5849,I130701444
5850,I27837315
5851,I142740786
5852,I165799507
5853,I87216513
5854,I4387153128
5855,I133738476
5856,I27837315
5857,I592451
5858,I11957088
5859,I4387153128
5860,I592451
5861,I137902535
5862,I142393192
5863,I155781252
5864,I205783295
5865,I4387153128
5866,I859038795
5867,I136199984
5868,I4391767840
5869,I145311948
5870,I205783295
5871,I111088046
5872,I12097938
5873,I74973139
5874,I186143895
5875,I27837315
5876,I181565077
5877,I189731429
5878,I146416000
5879,I173911158
5880,I4391767840
5881,I111088046
5882,I150209017
5883,I100633361
5884,I136199984
5885,I193531525
5886,I12912129
5887,I74973139
5888,I74973139
5889,I52357470
5890,I97018004
5891,I27837315
5892,I55732556
5893,I173911158
5894,I78715868
5895,I74973139
5896,I103635307
5897,I57206974
5898,I201448701
5899,I87547150
5900,I8078737
5901,I173146385
5902,I6750721
5903,I57206974
5904,I52357470
5905,I39422238
5906,I136199984
5907,I66946132
5908,I103635307
5909,I27837315
5910,I193531525
5911,I74973139
5912,I135310074
5913,I47251452
5914,I219193219
5915,I130238516
5916,I111088046
5917,I193531525
5918,I5388228
5919,I36258959
5920,I78577930
5921,I135474949
5922,I12315562
5923,I162577319
5924,I39694355
5925,I57206974
5926,I24603500
5927,I12912129
5928,I219193219
5929,I103163165
5930,I27837315
5931,I156087764
5932,I111088046
5933,I99041443
5934,I155781252
5935,I219193219
5936,I74973139
5937,I95457486
5938,I78577930
5939,I86501945
5940,I86519309
5941,I95457486
5942,I160992636
5943,I8692664
5944,I108468826
5945,I150468666
5946,I184565670
5947,I97018004
5948,I130701444
5949,I66946132
5950,I592451
5951,I27804330
5952,I173911158
5953,I219193219
5954,I107077323
5955,I204465549
5956,I74973139
5957,I20089843
5958,I157725225
5959,I44461941
5960,I184759092
5961,I92507152
5962,I130701444
5963,I111088046
5964,I17301866
5965,I32971472
5966,I188538660
5967,I106165777
5968,I114027177
5969,I219193219
5970,I135310074
5971,I33213144
5972,I161318765
5973,I39422238
5974,I131651094
5975,I219193219
5976,I74973139
5977,I219193219
5978,I114027177
5979,I55732556
5980,I5388228
5981,I86519309
5982,I204465549
5983,I4387153128
5984,I4391767840
5985,I24603500
5986,I160992636
5987,I161057412
5988,I161318765
5989,I162577319
5990,I157725225
5991,I135310074
5992,I17626003
5993,I118458328
5994,I130701444
5995,I156087764
5996,I165799507
5997,I55732556
5998,I74775410
5999,I20089843
6000,I130238516
6001,I130701444
6002,I200719446
6003,I97018004
6004,I36258959
6005,I86519309
6006,I10052268
6007,I40347166
6008,I74775410
6009,I161318765
6010,I55486353
6011,I178169726
6012,I103635307
6013,I188538660
6014,I200719446
6015,I150468666
6016,I84218800
6017,I103163165
6018,I44461941
6019,I1174212
6020,I167576493
6021,I103635307
6022,I169521973
6023,I1174212
6024,I95457486
6025,I204250578
6026,I138006243
6027,I72951846
6028,I1174212
6029,I130701444
6030,I205783295
6031,I75027704
6032,I107639228
6033,I79576946
6034,I137902535
6035,I87216513
6036,I87216513
6037,I859038795
6038,I59553526
6039,I103531236
6040,I859038795
6041,I115475287
6042,I173911158
6043,I130701444
6044,I39422238
6045,I72951846
6046,I78577930
6047,I7947594
6048,I157725225
6049,I86519309
6050,I859038795
6051,I137853757
6052,I111088046
6053,I4391767840
6054,I157725225
6055,I150468666
6056,I63966007
6057,I142934699
6058,I162281398
6059,I125956826
6060,I161057412
6061,I72816309
6062,I121820613
6063,I100633361
6064,I100633361
6065,I99041443
6066,I95457486
6067,I44461941
6068,I27837315
6069,I161318765
6070,I157725225
6071,I27837315
6072,I201448701
6073,I91045830
6074,I63966007
6075,I102502594
6076,I201448701
6077,I74775410
6078,I201448701
6079,I59553526
6080,I33213144
6081,I4387153128
6082,I8078737
6083,I106165777
6084,I36258959
6085,I72816309
6086,I137902535
6087,I75027704
6088,I35777872
6089,I130701444
6090,I102322142
6091,I137902535
6092,I173911158
6093,I86519309
6094,I201448701
6095,I32971472
6096,I155707491
6097,I8078737
6098,I1283280774
6099,I140172145
6100,I130701444
6101,I130701444
6102,I86519309
6103,I859038795
6104,I33213144
6105,I130701444
6106,I78577930
6107,I161057412
6108,I126307644
6109,I72816309
6110,I55732556
6111,I32971472
6112,I115475287
6113,I12315562
6114,I130769515
6115,I79576946
6116,I82497590
6117,I169521973
6118,I131249849
6119,I63966007
6120,I165799507
6121,I173911158
6122,I87216513
6123,I219193219
6124,I867280407
6125,I63966007
6126,I59553526
6127,I90871651
6128,I66946132
6129,I4391767840
6130,I180949307
6131,I219193219
6132,I36258959
6133,I130238516
6134,I140172145
6135,I155781252
6136,I130769515
6137,I33213144
6138,I223532165
6139,I72816309
6140,I19700959
6141,I63135867
6142,I180949307
6143,I219193219
6144,I97018004
6145,I165799507
6146,I170897317
6147,I201448701
6148,I111236770
6149,I99041443
6150,I84218800
6151,I157725225
6152,I205783295
6153,I86519309
6154,I160856358
6155,I44461941
6156,I20089843
6157,I82495205
6158,I165951966
6159,I44461941
6160,I157725225
6161,I17301866
6162,I121820613
6163,I4391767840
6164,I919208787
6165,I188538660
6166,I44461941
6167,I95457486
6168,I78577930
6169,I1321305853
6170,I921990950
6171,I1174212
6172,I95457486
6173,I122411786
6174,I154570441
6175,I95457486
6176,I131249849
6177,I138006243
6178,I97018004
6179,I55732556
6180,I1331384533
6181,I27837315
6182,I4387153128
6183,I137902535
6184,I146416000
6185,I44461941
6186,I8078737
6187,I130701444
6188,I137902535
6189,I219193219
6190,I51556381
6191,I200719446
6192,I76835614
6193,I86501945
6194,I131249849
6195,I121934306
6196,I91045830
6197,I63135867
6198,I91045830
6199,I111979921
6200,I86519309
6201,I36258959
6202,I91045830
6203,I135310074
6204,I103531236
6205,I27837315
6206,I51556381
6207,I32971472
6208,I83809506
6209,I92446798
6210,I15070125
6211,I155707491
6212,I44461941
6213,I12912129
6214,I114027177
6215,I114027177
6216,I52669646
6217,I1321305853
6218,I70571728
6219,I130238516
6220,I76835614
6221,I58956616
6222,I145311948
6223,I130238516
6224,I146416000
6225,I32971472
6226,I137902535
6227,I86519309
6228,I107077323
6229,I87216513
6230,I1327576362
6231,I66946132
6232,I193531525
6233,I12315562
6234,I39422238
6235,I150468666
6236,I74775410
6237,I193531525
6238,I72816309
6239,I200719446
6240,I120156002
6241,I130238516
6242,I103531236
6243,I86501945
6244,I75027704
6245,I219193219
6246,I86519309
6247,I130701444
6248,I131249849
6249,I86519309
6250,I91045830
6251,I121820613
6252,I86501945
6253,I130238516
6254,I84475105
6255,I24603500
6256,I92446798
6257,I103635307
6258,I24603500
6259,I111455621
6260,I97018004
6261,I135310074
6262,I36258959
6263,I20089843
6264,I74973139
6265,I44854399
6266,I40347166
6267,I92446798
6268,I40347166
6269,I12834331
6270,I188497080
6271,I178169726
6272,I103635307
6273,I131249849
6274,I122411786
6275,I204250578
6276,I1174212
6277,I122411786
6278,I51504820
6279,I157638225
6280,I161318765
6281,I130701444
6282,I2801289597
6283,I27804330
6284,I55732556
6285,I74775410
6286,I201448701
6287,I32971472
6288,I859038795
6289,I859038795
6290,I111979921
6291,I192396691
6292,I92446798
6293,I201448701
6294,I157725225
6295,I86519309
6296,I26538001
6297,I1174212
6298,I87216513
6299,I204250578
6300,I11957088
6301,I204465549
6302,I1174212
6303,I223532165
6304,I84392919
6305,I205783295
6306,I137902535
6307,I70983195
6308,I12097938
6309,I70983195
6310,I170201317
6311,I103635307
6312,I27804330
6313,I110152177
6314,I103635307
6315,I107077323
6316,I167576493
6317,I177328695
6318,I150468666
6319,I157725225
6320,I130701444
6321,I201448701
6322,I130238516
6323,I1174212
6324,I27837315
6325,I72816309
6326,I157725225
6327,I151328261
6328,I44265643
6329,I8078737
6330,I66946132
6331,I193531525
6332,I27837315
6333,I121820613
6334,I138006243
6335,I3148997608
6336,I137902535
6337,I95457486
6338,I110152177
6339,I126307644
6340,I130769515
6341,I44461941
6342,I157725225
6343,I126307644
6344,I40347166
6345,I78715868
6346,I95457486
6347,I130769515
6348,I39694355
6349,I90871651
6350,I66958751
6351,I188538660
6352,I2613432
6353,I1331384533
6354,I23732399
6355,I13511017
6356,I27837315
6357,I134113660
6358,I118839592
6359,I181565077
6360,I188538660
6361,I162714631
6362,I27837315
6363,I143302722
6364,I173911158
6365,I52357470
6366,I74973139
6367,
6368,I91045830
6369,I592451
6370,I592451
6371,I155781252
6372,I142740786
6373,I114395901
6374,I201448701
6375,I133738476
6376,I162714631
6377,I592451
6378,I1174212
6379,I27837315
6380,I100005738
6381,I592451
6382,I76835614
6383,I135310074
6384,I103163165
6385,I103635307
6386,I84218800
6387,I32971472
6388,I126307644
6389,I131249849
6390,I201448701
6391,I51556381
6392,I130769515
6393,I130701444
6394,I75027704
6395,I142740786
6396,I27804330
6397,I74973139
6398,I74973139
6399,I27804330
6400,I170201317
6401,I123946342
6402,I122411786
6403,I137902535
6404,I170201317
6405,I27837315
6406,I121980950
6407,I20089843
6408,I87216513
6409,I188538660
6410,I173911158
6411,I24603500
6412,I24603500
6413,I121820613
6414,I157725225
6415,I12315562
6416,I84218800
6417,I204465549
6418,I200719446
6419,I146552867
6420,I170201317
6421,I150693791
6422,I27837315
6423,I27837315
6424,I27837315
6425,I27837315
6426,I205783295
6427,I27837315
6428,I188538660
6429,I181565077
6430,I27804330
6431,I6902469
6432,I52357470
6433,I130238516
6434,I189196454
6435,I170201317
6436,I63966007
6437,I91045830
6438,I32971472
6439,I87216513
6440,I63966007
6441,I63966007
6442,I155781252
6443,I43579087
6444,I859038795
6445,I100005738
6446,I121980950
6447,I78715868
6448,I11957088
6449,I161318765
6450,I114027177
6451,I142393192
6452,I223532165
6453,I72816309
6454,I13511017
6455,I180670191
6456,I72816309
6457,I63966007
6458,I63190737
6459,I103635307
6460,I75027704
6461,I170897317
6462,I12912129
6463,I138006243
6464,I33434090
6465,I79576946
6466,I137902535
6467,I27837315
6468,I58956616
6469,I186143895
6470,I6902469
6471,I91045830
6472,I184840846
6473,I27837315
6474,I107672454
6475,I103531236
6476,I130701444
6477,I111088046
6478,I36258959
6479,I86519309
6480,I72816309
6481,I170201317
6482,I91045830
6483,I27837315
6484,I107077323
6485,I145311948
6486,I155093810
6487,I72816309
6488,I205783295
6489,I52357470
6490,I87216513
6491,I107639228
6492,I106165777
6493,I170897317
6494,I16285277
6495,I103635307
6496,I51556381
6497,I74973139
6498,I170897317
6499,I204250578
6500,I27837315
6501,I592451
6502,I592451
6503,I145311948
6504,I84218800
6505,I24603500
6506,I193531525
6507,I5388228
6508,I223532165
6509,I130238516
6510,I135310074
6511,I140172145
6512,I155781252
6513,I135310074
6514,I130769515
6515,I102322142
6516,I44461941
6517,I20089843
6518,I136199984
6519,I136199984
6520,I87216513
6521,I130701444
6522,I74973139
6523,I102322142
6524,I181565077
6525,I52357470
6526,I201448701
6527,I125687163
6528,I201448701
6529,I59553526
6530,I205783295
6531,I219193219
6532,I57328836
6533,I145608581
6534,I86501945
6535,I63190737
6536,I157725225
6537,I78577930
6538,I201448701
6539,I181233156
6540,I114395901
6541,I58956616
6542,I1335321130
6543,I87216513
6544,I16285277
6545,I79576946
6546,I36258959
6547,I141670070
6548,I111088046
6549,I219193219
6550,I130701444
6551,I135310074
6552,I145311948
6553,I130769515
6554,I102322142
6555,I63966007
6556,I86501945
6557,I92446798
6558,I72816309
6559,I111088046
6560,I125687163
6561,I155781252
6562,I189590672
6563,I52357470
6564,I107639228
6565,I47838141
6566,I36258959
6567,I19700959
6568,I154570441
6569,I164936912
6570,I4391767840
6571,I91045830
6572,I2613432
6573,I57328836
6574,I8078737
6575,I66946132
6576,I111088046
6577,I52357470
6578,I78577930
6579,I157725225
6580,I160992636
6581,I204250578
6582,I204250578
6583,I83041322
6584,I17301866
6585,I114395901
6586,I204250578
6587,I20382870
6588,I1174212
6589,I1307098950
6590,I126307644
6591,I130238516
6592,I59553526
6593,I100005738
6594,I97018004
6595,I161318765
6596,I97018004
6597,I122411786
6598,I161318765
6599,I156087764
6600,I181233156
6601,I161318765
6602,I185103710
6603,I84218800
6604,I1174212
6605,I122411786
6606,I95457486
6607,I55732556
6608,I131249849
6609,I87216513
6610,I33213144
6611,I12912129
6612,I165799507
6613,I130701444
6614,I90871651
6615,I107639228
6616,I121820613
6617,I859038795
6618,I74973139
6619,I205783295
6620,I16944753
6621,I165799507
6622,I27837315
6623,I130701444
6624,I74775410
6625,I219193219
6626,I2613432
6627,I40347166
6628,I130769515
6629,I121934306
6630,I157725225
6631,I137902535
6632,I78715868
6633,I137902535
6634,I155781252
6635,I86501945
6636,I921990950
6637,I111979921
6638,I130701444
6639,I135310074
6640,I204465549
6641,I157725225
6642,I114395901
6643,I122411786
6644,I157725225
6645,I33213144
6646,I87216513
6647,I86519309
6648,I27837315
6649,I44461941
6650,I78577930
6651,I24603500
6652,I24603500
6653,I130769515
6654,I205783295
6655,I75027704
6656,I86501945
6657,I84392919
6658,I111236770
6659,I140172145
6660,I169521973
6661,I91045830
6662,I12097938
6663,I59553526
6664,I189196454
6665,I12834331
6666,I8078737
6667,I145311948
6668,I36258959
6669,I91045830
6670,I130238516
6671,I201448701
6672,I40347166
6673,I219193219
6674,I204465549
6675,I165799507
6676,I87216513
6677,I8078737
6678,I157725225
6679,I155173764
6680,I43579087
6681,I121934306
6682,I27804330
6683,I157725225
6684,I63190737
6685,I40347166
6686,I66946132
6687,I86519309
6688,I47251452
6689,I4391767840
6690,I86519309
6691,I4391767840
6692,I63966007
6693,I592451
6694,I97018004
6695,I32971472
6696,I157725225
6697,I1331384533
6698,I36258959
6699,I59553526
6700,I130769515
6701,I4391767840
6702,I12315562
6703,I51556381
6704,I40347166
6705,I52357470
6706,I205783295
6707,I219193219
6708,I1174212
6709,I154570441
6710,I91045830
6711,I115475287
6712,I82497590
6713,I82495205
6714,I130238516
6715,I189196454
6716,I86519309
6717,I201448701
6718,I188538660
6719,I121820613
6720,I86519309
6721,I135310074
6722,I86519309
6723,I169521973
6724,I84218800
6725,I103635307
6726,I138006243
6727,I154570441
6728,I131249849
6729,I161318765
6730,I10052268
6731,I150209017
6732,I150209017
6733,I12097938
6734,I130701444
6735,I59553526
6736,I136199984
6737,I107672454
6738,I58956616
6739,I165799507
6740,I130701444
6741,I63190737
6742,I16285277
6743,I137902535
6744,I63966007
6745,I177605424
6746,I84475105
6747,I86519309
6748,I84218800
6749,I63966007
6750,I78577930
6751,I111088046
6752,I92446798
6753,I59553526
6754,I123431417
6755,I47838141
6756,I78715868
6757,I145311948
6758,I130701444
6759,I143302722
6760,I32971472
6761,I204250578
6762,I160856358
6763,I1174212
6764,I74775410
6765,I136199984
6766,I181233156
6767,I66946132
6768,I165799507
6769,I130701444
6770,I134113660
6771,I74775410
6772,I1174212
6773,I111088046
6774,I219193219
6775,I130238516
6776,I219193219
6777,I78577930
6778,I137902535
6779,I204465549
6780,I97018004
6781,I78715868
6782,I121934306
6783,I160856358
6784,I66946132
6785,I43579087
6786,I146416000
6787,I368840534
6788,I161318765
6789,I8078737
6790,I57206974
6791,I78715868
6792,I156087764
6793,I135310074
6794,I32971472
6795,I52357470
6796,I111088046
6797,I52669646
6798,I51556381
6799,I120156002
6800,I43579087
6801,I12834331
6802,I20382870
6803,I4391767840
6804,I97018004
6805,I86519309
6806,I13511017
6807,I86519309
6808,I102461120
6809,I1331384533
6810,I142934699
6811,I92446798
6812,I223532165
6813,I17301866
6814,I74973139
6815,I185071736
6816,I79576946
6817,I1297971548
6818,I177881444
6819,I27837315
6820,I130238516
6821,I170897317
6822,I167576493
6823,I107077323
6824,I165799507
6825,I107077323
6826,I154570441
6827,I219193219
6828,I86519309
6829,I888729015
6830,I170897317
6831,I97018004
6832,I63190737
6833,I79576946
6834,I146416000
6835,I173911158
6836,I114832834
6837,I55732556
6838,I111979921
6839,I79576946
6840,I27837315
6841,I33213144
6842,I79576946
6843,I63190737
6844,I219193219
6845,I4387153128
6846,I55732556
6847,I130769515
6848,I193531525
6849,I859038795
6850,I177605424
6851,I63190737
6852,I592451
6853,I135310074
6854,I103163165
6855,I78715868
6856,I126744593
6857,I103635307
6858,I27837315
6859,I79272384
6860,I170201317
6861,I184840846
6862,I51556381
6863,I86519309
6864,I40347166
6865,I130769515
6866,I188538660
6867,I162577319
6868,I173911158
6869,I107077323
6870,I33213144
6871,I223532165
6872,I29680605
6873,I118118575
6874,I39422238
6875,I167576493
6876,I52357470
6877,I859038795
6878,I97018004
6879,I121980950
6880,I99041443
6881,I114832834
6882,I27837315
6883,I130769515
6884,I4391767840
6885,I201448701
6886,I167576493
6887,I66958751
6888,I36258959
6889,I84218800
6890,I170201317
6891,I102322142
6892,I201448701
6893,I12097938
6894,I12912129
6895,I1331384533
6896,I201448701
6897,I84392919
6898,I102322142
6899,I125687163
6900,I122411786
6901,I12315562
6902,I106165777
6903,I137902535
6904,I6750721
6905,I107672454
6906,I154570441
6907,I205783295
6908,I95457486
6909,I86519309
6910,I52357470
6911,I184840846
6912,I134113660
6913,I63966007
6914,I165799507
6915,I107672454
6916,I108468826
6917,I430192
6918,I66946132
6919,I97018004
6920,I111236770
6921,I185443292
6922,I138006243
6923,I39422238
6924,I72951846
6925,I201448701
6926,I592451
6927,I106107269
6928,I72951846
6929,I185443292
6930,I145608581
6931,I136199984
6932,I39422238
6933,I102322142
6934,I136199984
6935,I11957088
6936,I155781252
6937,I79272384
6938,I200719446
6939,I205783295
6940,I84218800
6941,I43579087
6942,I184840846
6943,I126307644
6944,I130238516
6945,I78577930
6946,I219193219
6947,I27804330
6948,I135474949
6949,I126307644
6950,I161318765
6951,I201448701
6952,I1331384533
6953,I70983195
6954,I145311948
6955,I27837315
6956,I177721651
6957,I138006243
6958,I135310074
6959,I11957088
6960,I392282
6961,I75027704
6962,I157725225
6963,I161318765
6964,I20089843
6965,I135310074
6966,I2750212522
6967,I79576946
6968,I32971472
6969,I27804330
6970,I78577930
6971,I27837315
6972,I103531236
6973,I83809506
6974,I84392919
6975,I121980950
6976,I135310074
6977,I76835614
6978,I188538660
6979,I138006243
6980,I12912129
6981,I204250578
6982,I19700959
6983,I1321305853
6984,I201448701
6985,I97018004
6986,I4322298
6987,I102322142
6988,I11957088
6989,I859038795
6990,I63966007
6991,I5388228
6992,I135310074
6993,I32971472
6994,I205783295
6995,I177156846
6996,I205783295
6997,I161318765
6998,I27837315
6999,I11957088
7000,I27504731
7001,I48205209
7002,I87216513
7003,I74775410
7004,I165799507
7005,I32389192
7006,I44461941
7007,I87216513
7008,I81365321
7009,I121934306
7010,I137902535
7011,I219193219
7012,I121934306
7013,I26538001
7014,I12912129
7015,I74973139
7016,I16285277
7017,I108468826
7018,I79576946
7019,I86519309
7020,I180949307
7021,I130701444
7022,I4387153128
7023,I223532165
7024,I4387153128
7025,I92446798
7026,I32389192
7027,I32389192
7028,I155173764
7029,I223532165
7030,I103531236
7031,I121820613
7032,I103635307
7033,I55732556
7034,I921990950
7035,I66946132
7036,I133738476
7037,I161140089
7038,I2613432
7039,I165799507
7040,I63966007
7041,I33434090
7042,I36258959
7043,I63135867
7044,I33434090
7045,I204465549
7046,I40347166
7047,I84392919
7048,I24603500
7049,I135310074
7050,I592451
7051,I111455621
7052,I859038795
7053,I145311948
7054,I1331384533
7055,I87216513
7056,I4387153128
7057,I1174212
7058,I100633361
7059,I102322142
7060,I55732556
7061,I57206974
7062,I86501945
7063,I219193219
7064,I122411786
7065,I20089843
7066,I74973139
7067,I79576946
7068,I27837315
7069,I130701444
7070,I63966007
7071,I185443292
7072,I72816309
7073,I63966007
7074,I74973139
7075,I118808232
7076,I4387153128
7077,I121980950
7078,I205783295
7079,I592451
7080,I136199984
7081,I87208437
7082,I135310074
7083,I20382870
7084,I63966007
7085,I154570441
7086,I107639228
7087,I72816309
7088,I130238516
7089,I170897317
7090,I59553526
7091,I86501945
7092,I201448701
7093,I39422238
7094,I111088046
7095,I11957088
7096,I123946342
7097,I130238516
7098,I24603500
7099,I8692664
7100,I193531525
7101,I87216513
7102,I79576946
7103,I107639228
7104,I17626003
7105,I27804330
7106,I86501945
7107,I162577319
7108,I102461120
7109,I166088655
7110,I86519309
7111,I150468666
7112,I204250578
7113,I108468826
7114,I52357470
7115,I188538660
7116,I123534392
7117,I27837315
7118,I63966007
7119,I63190737
7120,I150468666
7121,I155173764
7122,I223532165
7123,I223532165
7124,I1174212
7125,I146416000
7126,I111088046
7127,I219193219
7128,I86501945
7129,I55732556
7130,I188538660
7131,I57206974
7132,I4387153128
7133,I51556381
7134,I52357470
7135,I111088046
7136,I130701444
7137,I51556381
7138,I57206974
7139,I27837315
7140,I130701444
7141,I74973139
7142,I66946132
7143,I165951966
7144,I130238516
7145,I95457486
7146,I111979921
7147,I32389192
7148,I161318765
7149,I20382870
7150,I146416000
7151,I8692664
7152,I39422238
7153,I122411786
7154,I78577930
7155,I1174212
7156,I97018004
7157,I223532165
7158,I103635307
7159,I141670070
7160,I97018004
7161,I186143895
7162,I130769515
7163,I859038795
7164,I52357470
7165,I59553526
7166,I72816309
7167,I184840846
7168,I205783295
7169,I27837315
7170,I12097938
7171,I117979880
7172,I185443292
7173,I121934306
7174,I145311948
7175,I2613432
7176,I107639228
7177,I134113660
7178,I165799507
7179,I78577930
7180,I188538660
7181,I123946342
7182,I97018004
7183,I78577930
7184,I12834331
7185,I204250578
7186,I130238516
7187,I10052268
7188,I859038795
7189,I200719446
7190,I125687163
7191,I130701444
7192,I157725225
7193,I162577319
7194,I63190737
7195,I63135867
7196,I27837315
7197,I140172145
7198,I157725225
7199,I154570441
7200,I130769515
7201,I66946132
7202,I103635307
7203,I223532165
7204,I205783295
7205,I27837315
7206,I143302722
7207,I27837315
7208,I81365321
7209,I39587148
7210,I12912129
7211,I66946132
7212,I32971472
7213,I106107269
7214,I63966007
7215,I66946132
7216,I27837315
7217,I115475287
7218,I130769515
7219,I111088046
7220,I27837315
7221,I114027177
7222,I27837315
7223,I131249849
7224,I130769515
7225,I40347166
7226,I63966007
7227,I17301866
7228,I103163165
7229,I143302722
7230,I115475287
7231,I111979921
7232,I186143895
7233,I97018004
7234,I205783295
7235,I2613432
7236,I4391767840
7237,I102322142
7238,I114395901
7239,I859038795
7240,I157725225
7241,I130238516
7242,I130769515
7243,I107639228
7244,I111979921
7245,I43579087
7246,I84218800
7247,I107639228
7248,I186143895
7249,I63966007
7250,I205783295
7251,I107639228
7252,I51556381
7253,I859038795
7254,I63966007
7255,I193531525
7256,I170897317
7257,I12912129
7258,I103635307
7259,I189590672
7260,I157725225
7261,I167576493
7262,I66946132
7263,I114395901
7264,I39587148
7265,I157725225
7266,I97018004
7267,I66946132
7268,I74775410
7269,I5388228
7270,I1174212
7271,I130769515
7272,I130701444
7273,I146416000
7274,I157725225
7275,I137902535
7276,I55732556
7277,I100633361
7278,I24603500
7279,I27837315
7280,I74973139
7281,I106165777
7282,I87208437
7283,I110152177
7284,I44461941
7285,I12097938
7286,I63966007
7287,I102149020
7288,I74973139
7289,I173911158
7290,I27837315
7291,I78577930
7292,I157725225
7293,I161318765
7294,I188538660
7295,I157725225
7296,I86519309
7297,I86519309
7298,I169335092
7299,I1174212
7300,I157725225
7301,I95457486
7302,I103635307
7303,I95457486
7304,I92446798
7305,I84218800
7306,I189196454
7307,I27804330
7308,I103635307
7309,I79576946
7310,I859038795
7311,I169521973
7312,I1174212
7313,I111979921
7314,I157725225
7315,I161318765
7316,I82497590
7317,I36258959
7318,I97018004
7319,I223532165
7320,I40347166
7321,I55732556
7322,I134113660
7323,I95457486
7324,I157638225
7325,I137902535
7326,I102322142
7327,I94658018
7328,I150468666
7329,I33213144
7330,I82495205
7331,I79576946
7332,I2613432
7333,I130701444
7334,I173911158
7335,I102322142
7336,I136199984
7337,I130238516
7338,I84392919
7339,I74775410
7340,I859038795
7341,I161318765
7342,I57206974
7343,I86501945
7344,I63966007
7345,I157394403
7346,I63966007
7347,I201448701
7348,I12315562
7349,I27837315
7350,I130769515
7351,I115475287
7352,I111979921
7353,I70983195
7354,I92446798
7355,I130701444
7356,I161318765
7357,I55732556
7358,I66946132
7359,I130238516
7360,I16944753
7361,I100538780
7362,I103163165
7363,I130238516
7364,I189957204
7365,I74775410
7366,I47251452
7367,I103635307
7368,I205783295
7369,I161057412
7370,I1321305853
7371,I204465549
7372,I84475105
7373,I19700959
7374,I110378019
7375,I33213144
7376,I114027177
7377,I7947594
7378,I592451
7379,I111979921
7380,I145311948
7381,I592451
7382,I52357470
7383,I24603500
7384,I57206974
7385,I87216513
7386,I32971472
7387,I86501945
7388,I110378019
7389,I70983195
7390,I193531525
7391,I161057412
7392,I44461941
7393,I107639228
7394,I110152177
7395,I86519309
7396,I114027177
7397,I167576493
7398,I130769515
7399,I102149020
7400,I70983195
7401,I107639228
7402,I95457486
7403,I165799507
7404,I115475287
7405,I16285277
7406,I161057412
7407,I78577930
7408,I99041443
7409,I74775410
7410,I123431417
7411,I157725225
7412,I86519309
7413,I180949307
7414,I8692664
7415,I204250578
7416,I2799389969
7417,I156087764
7418,I120156002
7419,I188538660
7420,I97018004
7421,I154570441
7422,I131249849
7423,I103635307
7424,I141472210
7425,I141472210
7426,I170897317
7427,I121820613
7428,I97018004
7429,I95457486
7430,I17626003
7431,I189957204
7432,I130701444
7433,I95457486
7434,I137902535
7435,I95457486
7436,I36258959
7437,I204465549
7438,I107077323
7439,I592451
7440,I107639228
7441,I17301866
7442,I27804330
7443,I131249849
7444,I27837315
7445,I219193219
7446,I130769515
7447,I157725225
7448,I125687163
7449,I137902535
7450,I1174212
7451,I143302722
7452,I86501945
7453,I36258959
7454,I204465549
7455,I130238516
7456,I106165777
7457,I219193219
7458,I143302722
7459,I97018004
7460,I51556381
7461,I131249849
7462,I181565077
7463,I110152177
7464,I97018004
7465,I99041443
7466,I32971472
7467,I81365321
7468,I19700959
7469,I137902535
7470,I219193219
7471,I86501945
7472,I1629065
7473,I157725225
7474,I4387153128
7475,I63966007
7476,I63966007
7477,I1331384533
7478,I135310074
7479,I170897317
7480,I97018004
7481,I33213144
7482,I27837315
7483,I36258959
7484,I157725225
7485,I219193219
7486,I157725225
7487,I32389192
7488,I74973139
7489,I135310074
7490,I114027177
7491,I36258959
7492,I130785548
7493,I170897317
7494,I137902535
7495,I219193219
7496,I86519309
7497,I205783295
7498,I1321305853
7499,I167576493
7500,I219193219
7501,I52669646
7502,I72951846
7503,I177605424
7504,I167576493
7505,I74775410
7506,I185103710
7507,I103635307
7508,I592451
7509,I5388228
7510,I74973139
7511,I20089843
7512,I12912129
7513,I95457486
7514,I146416000
7515,I97018004
7516,I111088046
7517,I114027177
7518,I4391767840
7519,I111979921
7520,I106107269
7521,I155781252
7522,I11957088
7523,I135310074
7524,I11957088
7525,I130701444
7526,I84392919
7527,I114027177
7528,I193531525
7529,I131651094
7530,I130238516
7531,I121980950
7532,I27837315
7533,I107639228
7534,I121934306
7535,I55732556
7536,I111088046
7537,I130238516
7538,I135310074
7539,I58956616
7540,I63966007
7541,I92446798
7542,I592451
7543,I27837315
7544,I126307644
7545,I59553526
7546,I205783295
7547,I130701444
7548,I76835614
7549,I130701444
7550,I130701444
7551,I204465549
7552,I140172145
7553,I87216513
7554,I200719446
7555,I130238516
7556,I10052268
7557,I4210089486
7558,I201448701
7559,I79576946
7560,I27804330
7561,I136199984
7562,I2800735176
7563,I84392919
7564,I111979921
7565,I136199984
7566,I136199984
7567,I223532165
7568,I63966007
7569,I24603500
7570,I114027177
7571,I63966007
7572,I27804330
7573,I12912129
7574,I114027177
7575,I27837315
7576,I201448701
7577,I40347166
7578,I27837315
7579,I17301866
7580,I201448701
7581,I27804330
7582,I188538660
7583,I201448701
7584,I126307644
7585,I12912129
7586,I223532165
7587,I84470341
7588,I27837315
7589,I107639228
7590,I143302722
7591,I145311948
7592,I12097938
7593,I114027177
7594,I205783295
7595,I66946132
7596,I186143895
7597,I63966007
7598,I63966007
7599,I186335123
7600,I859038795
7601,I57328836
7602,I137902535
7603,I52357470
7604,I59553526
7605,I33213144
7606,I27837315
7607,I27837315
7608,I157725225
7609,I59553526
7610,I78715868
7611,I33213144
7612,I107639228
7613,I136199984
7614,I136199984
7615,I201448701
7616,I102322142
7617,I121934306
7618,I63966007
7619,I130701444
7620,I162577319
7621,I162714631
7622,I103163165
7623,I204465549
7624,I84392919
7625,I125687163
7626,I66946132
7627,I102322142
7628,I140172145
7629,I186143895
7630,I17301866
7631,I102322142
7632,I118458328
7633,I130769515
7634,I39422238
7635,I169521973
7636,I12834331
7637,I102322142
7638,I51556381
7639,I33213144
7640,I78577930
7641,I130769515
7642,I157725225
7643,I84392919
7644,I20089843
7645,I130238516
7646,I12097938
7647,I63966007
7648,I200719446
7649,I137902535
7650,I102322142
7651,I74973139
7652,I63966007
7653,I78577930
7654,I204465549
7655,I102322142
7656,I32971472
7657,I143302722
7658,I27804330
7659,I97018004
7660,I111979921
7661,I121934306
7662,I36258959
7663,I201448701
7664,I859038795
7665,I63966007
7666,I78577930
7667,I102322142
7668,I51556381
7669,I97018004
7670,I181401687
7671,I12912129
7672,I63966007
7673,I122411786
7674,I102322142
7675,I8692664
7676,I43742981
7677,I27837315
7678,I70983195
7679,I20089843
7680,I201448701
7681,I107639228
7682,I205783295
7683,I170897317
7684,I27837315
7685,I86519309
7686,I205783295
7687,I86519309
7688,I184565670
7689,I57328836
7690,I103163165
7691,I75027704
7692,I219193219
7693,I169521973
7694,I102322142
7695,I146416000
7696,I4210157710
7697,I52357470
7698,I130769515
7699,I24603500
7700,I17626003
7701,I19700959
7702,I86501945
7703,I74973139
7704,I111236770
7705,I592451
7706,I19700959
7707,I137902535
7708,I130769515
7709,I275799156
7710,I80335173
7711,I130238516
7712,I165799507
7713,I24603500
7714,I86519309
7715,I12834331
7716,I52357470
7717,I111979921
7718,I185443292
7719,I51556381
7720,I52357470
7721,I8078737
7722,I8692664
7723,I205783295
7724,I66946132
7725,I66946132
7726,I173911158
7727,I1338124936
7728,I8692664
7729,I103635307
7730,I19700959
7731,I27837315
7732,I4391767840
7733,I184840846
7734,I87216513
7735,I1174212
7736,I4210086933
7737,I19700959
7738,I121820613
7739,I55732556
7740,I184565670
7741,I123534392
7742,I204465549
7743,I368840534
7744,I126307644
7745,I204465549
7746,I33213144
7747,I86519309
7748,I44461941
7749,I97018004
7750,I188538660
7751,I102461120
7752,I114832834
7753,I162577319
7754,I82497590
7755,I12912129
7756,I123431417
7757,I12912129
7758,I86519309
7759,I126345244
7760,I180670191
7761,I111979921
7762,I1174212
7763,I122411786
7764,I185071736
7765,I1174212
7766,I97018004
7767,I11957088
7768,I115475287
7769,I27837315
7770,I27837315
7771,I173911158
7772,I188538660
7773,I102149020
7774,I130238516
7775,I130769515
7776,I130701444
7777,I130701444
7778,I142740786
7779,I99041443
7780,I859038795
7781,I184840846
7782,I63190737
7783,I99041443
7784,I136199984
7785,I27837315
7786,I2613432
7787,I204465549
7788,I5388228
7789,I186143895
7790,I12834331
7791,I181233156
7792,I138006243
7793,I63966007
7794,I66958751
7795,I145311948
7796,I107639228
7797,I145311948
7798,I135310074
7799,I157725225
7800,I63966007
7801,I167576493
7802,I86519309
7803,I201448701
7804,I184647316
7805,I130701444
7806,I170201317
7807,I97018004
7808,I55732556
7809,I84392919
7810,I8078737
7811,I189590672
7812,I219193219
7813,I111088046
7814,I155173764
7815,I63135867
7816,I592451
7817,I27837315
7818,I859038795
7819,I143302722
7820,I130769515
7821,I859038795
7822,I12097938
7823,I142740786
7824,I74973139
7825,I170897317
7826,I130238516
7827,I154570441
7828,I157725225
7829,I55732556
7830,I219193219
7831,I52357470
7832,I130238516
7833,I4391767840
7834,I63966007
7835,I43579087
7836,I32971472
7837,I51556381
7838,I57206974
7839,I162577319
7840,I219193219
7841,I55732556
7842,I98947143
7843,I162577319
7844,I106165777
7845,I52357470
7846,I70983195
7847,I219193219
7848,I78577930
7849,I5388228
7850,I103635307
7851,I20089843
7852,I188538660
7853,I44461941
7854,I130769515
7855,I47838141
7856,I106165777
7857,I72816309
7858,I120156002
7859,I78577930
7860,I157725225
7861,I12912129
7862,I63966007
7863,I36258959
7864,I84218800
7865,I188538660
7866,I86519309
7867,I19700959
7868,I82495205
7869,I24603500
7870,I140172145
7871,I70983195
7872,I9254433
7873,I205783295
7874,I1174212
7875,I78715868
7876,I136199984
7877,I86519309
7878,I136199984
7879,I188538660
7880,I130701444
7881,I86501945
7882,I130701444
7883,I97018004
7884,I170897317
7885,I106165777
7886,I97018004
7887,I86519309
7888,I19700959
7889,I140172145
7890,I74973139
7891,I177721651
7892,I130701444
7893,I219193219
7894,I2613432
7895,I58956616
7896,I140172145
7897,I72951846
7898,I140172145
7899,I188538660
7900,I122411786
7901,I36258959
7902,I157725225
7903,I114395901
7904,I12315562
7905,I55732556
7906,I204465549
7907,I167576493
7908,I63966007
7909,I111979921
7910,I169521973
7911,I55732556
7912,I1174212
7913,I84218800
7914,I111979921
7915,I161318765
7916,I97018004
7917,I204250578
7918,I181233156
7919,I859038795
7920,I79272384
7921,I592451
7922,I189196454
7923,I24603500
7924,I103531236
7925,I40347166
7926,I66946132
7927,I102322142
7928,I130701444
7929,I142740786
7930,I185443292
7931,I121820613
7932,I20089843
7933,I110152177
7934,I157725225
7935,I137902535
7936,I204250578
7937,I52357470
7938,I103531236
7939,I24603500
7940,I12097938
7941,I205783295
7942,I205783295
7943,I188538660
7944,I103531236
7945,I24603500
7946,I155173764
7947,I170897317
7948,I137902535
7949,I39422238
7950,I66946132
7951,I12097938
7952,I70983195
7953,I170897317
7954,I120156002
7955,I145311948
7956,I157725225
7957,I57206974
7958,I111979921
7959,I126307644
7960,I63190737
7961,I111088046
7962,I40347166
7963,I97018004
7964,I165951966
7965,I392282
7966,I1321305853
7967,I150468666
7968,I12315562
7969,I92446798
7970,I2613432
7971,I66946132
7972,I74973139
7973,I102322142
7974,I103531236
7975,I74973139
7976,I19700959
7977,I102502594
7978,I79576946
7979,I143302722
7980,I106165777
7981,I52357470
7982,I146416000
7983,I368840534
7984,I205783295
7985,I200719446
7986,I178169726
7987,I33213144
7988,I1331384533
7989,I135310074
7990,I150468666
7991,I204465549
7992,I170897317
7993,I16285277
7994,I130769515
7995,I23732399
7996,I70983195
7997,I92446798
7998,I51556381
7999,I66946132
8000,I157725225
8001,I86519309
8002,I107077323
8003,I205783295
8004,I12524447
8005,I95457486
8006,I157725225
8007,I1174212
8008,I1321305853
8009,I114395901
8010,I867280407
8011,I122411786
8012,I204465549
8013,I103635307
8014,I55732556
8015,I126345244
8016,I84218800
8017,I1174212
8018,I131249849
8019,I161318765
8020,I95457486
8021,I188538660
8022,I204250578
8023,I161318765
8024,I97018004
8025,I161318765
8026,I102322142
8027,I137902535
8028,I107639228
8029,I32971472
8030,I12912129
8031,I193531525
8032,I859038795
8033,I161318765
8034,I4210103622
8035,I97018004
8036,I131249849
8037,I87216513
8038,I181233156
8039,I161318765
8040,I97018004
8041,I91045830
8042,I173911158
8043,I102322142
8044,I193531525
8045,I146416000
8046,I44461941
8047,I137902535
8048,I78577930
8049,I8078737
8050,I27837315
8051,I32971472
8052,I33213144
8053,I75350188
8054,I76835614
8055,I111088046
8056,I33213144
8057,I130701444
8058,I205783295
8059,I146416000
8060,I223532165
8061,I12912129
8062,I12912129
8063,I178169726
8064,I162714631
8065,I170897317
8066,I16944753
8067,I39422238
8068,I114395901
8069,I86519309
8070,I201448701
8071,I130701444
8072,I130238516
8073,I107639228
8074,I40347166
8075,I162577319
8076,I137902535
8077,I130238516
8078,I36258959
8079,I84218800
8080,I131249849
8081,I86501945
8082,I193531525
8083,I122411786
8084,I154570441
8085,I188538660
8086,I120156002
8087,I185103710
8088,I12912129
8089,I155173764
8090,I169521973
8091,I165799507
8092,I193531525
8093,I102322142
8094,I205783295
8095,I219193219
8096,I63966007
8097,I36258959
8098,I204465549
8099,I39422238
8100,I130238516
8101,I102322142
8102,I103531236
8103,I4391767840
8104,I17301866
8105,I44461941
8106,I102322142
8107,I4391767840
8108,I27837315
8109,I40347166
8110,I131249849
8111,I66946132
8112,I91045830
8113,I72816309
8114,I33213144
8115,I33213144
8116,I36258959
8117,I133738476
8118,I59553526
8119,I63966007
8120,I189196454
8121,I39422238
8122,I27837315
8123,I173911158
8124,I33213144
8125,I99041443
8126,I154570441
8127,I219193219
8128,I154570441
8129,I5388228
8130,I63772739
8131,I74775410
8132,I154570441
8133,I859038795
8134,I19648265
8135,I135310074
8136,I205783295
8137,I204250578
8138,I205783295
8139,I10052268
8140,I111088046
8141,I57206974
8142,I102322142
8143,I74973139
8144,I8078737
8145,I67328108
8146,I111979921
8147,I78577930
8148,I103635307
8149,I59553526
8150,I131249849
8151,I39422238
8152,I78577930
8153,I58956616
8154,I84392919
8155,I859038795
8156,I1331384533
8157,I27837315
8158,I133738476
8159,I137902535
8160,I1174212
8161,I95457486
8162,I201448701
8163,I201448701
8164,I39815113
8165,I83328450
8166,I114027177
8167,I5388228
8168,I20089843
8169,I201448701
8170,I5388228
8171,I138006243
8172,I135310074
8173,I97018004
8174,I87216513
8175,I130701444
8176,I55732556
8177,I181233156
8178,I135310074
8179,I57206974
8180,I6750721
8181,I130701444
8182,I130701444
8183,I84392919
8184,I201448701
8185,I78577930
8186,I201448701
8187,I74775410
8188,I162577319
8189,I12097938
8190,I143302722
8191,I107639228
8192,I13511017
8193,I130701444
8194,I39422238
8195,I859038795
8196,I107639228
8197,I123534392
8198,I84392919
8199,I97018004
8200,I137902535
8201,I201448701
8202,I12097938
8203,I27837315
8204,I27837315
8205,I121980950
8206,I114395901
8207,I1174212
8208,I135310074
8209,I63135867
8210,I32971472
8211,I592451
8212,I204465549
8213,I130701444
8214,I74973139
8215,I119234918
8216,I592451
8217,I106165777
8218,I27837315
8219,I592451
8220,I219193219
8221,I161318765
8222,I20089843
8223,I114027177
8224,I173146385
8225,I63135867
8226,I170897317
8227,I27837315
8228,I27804330
8229,I12912129
8230,I102322142
8231,I121980950
8232,I138006243
8233,I130769515
8234,I27837315
8235,I32389192
8236,I114027177
8237,I188497080
8238,I33213144
8239,I121820613
8240,I135310074
8241,I4387153128
8242,I97018004
8243,I39587148
8244,I895819238
8245,I368840534
8246,I97018004
8247,I55732556
8248,I27804330
8249,I189590672
8250,I55732556
8251,I55732556
8252,I1321305853
8253,I201448701
8254,I1324242722
8255,I170201317
8256,I58956616
8257,I114027177
8258,I177097968
8259,I130701444
8260,I180949307
8261,I592451
8262,I130238516
8263,I39422238
8264,I58956616
8265,I130701444
8266,I130701444
8267,I221716585
8268,I1321305853
8269,I1925986
8270,I66946132
8271,I137902535
8272,I74973139
8273,I200719446
8274,I79272384
8275,I52357470
8276,I170897317
8277,I130238516
8278,I126307644
8279,I181547552
8280,I20382870
8281,I27804330
8282,I58956616
8283,I107672454
8284,I78577930
8285,I63135867
8286,I4391767840
8287,I135310074
8288,I74973139
8289,I66946132
8290,I130238516
8291,I185443292
8292,I223532165
8293,I223532165
8294,I23732399
8295,I32971472
8296,I592451
8297,I102322142
8298,I51504820
8299,I12097938
8300,I84392919
8301,I78577930
8302,I27837315
8303,I205783295
8304,I27837315
8305,I181233156
8306,I121980950
8307,I114395901
8308,I130238516
8309,I155093810
8310,I188538660
8311,I106165777
8312,I44461941
8313,I72951846
8314,I205783295
8315,I121934306
8316,I97018004
8317,I12912129
8318,I94658018
8319,I33213144
8320,I184840846
8321,I188538660
8322,I143302722
8323,I157725225
8324,I57328836
8325,I165102784
8326,I27837315
8327,I78715868
8328,I201448701
8329,I32971472
8330,I27837315
8331,I197312921
8332,I131249849
8333,I201448701
8334,I29680605
8335,I17626003
8336,I130701444
8337,I74775410
8338,I130238516
8339,I130769515
8340,I75027704
8341,I181565077
8342,I74973139
8343,I130238516
8344,I155173764
8345,I169521973
8346,I59553526
8347,I170897317
8348,I97018004
8349,I37415318
8350,I4391767840
8351,I63966007
8352,I63190737
8353,I36258959
8354,I102322142
8355,I130769515
8356,I24603500
8357,I2613432
8358,I74775410
8359,I44461941
8360,I84470341
8361,I97018004
8362,I867280407
8363,I86501945
8364,I165799507
8365,I150468666
8366,I130701444
8367,I52357470
8368,I111088046
8369,I27804330
8370,I27804330
8371,I27804330
8372,I130701444
8373,I5950314
8374,I59553526
8375,I75027704
8376,I592451
8377,I136199984
8378,I4387153128
8379,I63190737
8380,I57206974
8381,I140172145
8382,I63966007
8383,I137902535
8384,I72816309
8385,I20089843
8386,I58956616
8387,I63190737
8388,I157725225
8389,I201448701
8390,I170897317
8391,I219193219
8392,I75027704
8393,I122411786
8394,I33213144
8395,I27837315
8396,I36258959
8397,I19700959
8398,I75027704
8399,I72951846
8400,I59553526
8401,I79576946
8402,I55732556
8403,I72951846
8404,I6750721
8405,I74973139
8406,I76835614
8407,I155093810
8408,I97018004
8409,I8078737
8410,I51556381
8411,I161203489
8412,I204465549
8413,I150468666
8414,I140172145
8415,I78577930
8416,I161318765
8417,I20089843
8418,I72816309
8419,I13511017
8420,I155781252
8421,I52357470
8422,I97018004
8423,I156087764
8424,I157725225
8425,I40347166
8426,I82497590
8427,I121934306
8428,I88694374
8429,I157638225
8430,I162577319
8431,I92446798
8432,I189196454
8433,I71838634
8434,I165951966
8435,I26538001
8436,I201448701
8437,I103635307
8438,I154570441
8439,I1174212
8440,I131249849
8441,I131249849
8442,I95457486
8443,I95457486
8444,I103635307
8445,I103635307
8446,I154570441
8447,I2801455325
8448,I161318765
8449,I97018004
8450,I5388228
8451,I114027177
8452,I115475287
8453,I219193219
8454,I180949307
8455,I107639228
8456,I27837315
8457,I27837315
8458,I63920570
8459,I75027704
8460,I27837315
8461,I66946132
8462,I17301866
8463,I74973139
8464,I162714631
8465,I131651094
8466,I155781252
8467,I5388228
8468,I8078737
8469,I66946132
8470,I66946132
8471,I140172145
8472,I111236770
8473,I102322142
8474,I193531525
8475,I138006243
8476,I189196454
8477,I223532165
8478,I39587148
8479,I157725225
8480,I36258959
8481,I66946132
8482,I200719446
8483,I180949307
8484,I123946342
8485,I4210106879
8486,I205783295
8487,I130701444
8488,I188538660
8489,I137902535
8490,I219193219
8491,I204465549
8492,I52357470
8493,I592451
8494,I102322142
8495,I49502546
8496,I121934306
8497,I1282927834
8498,I103635307
8499,I74973139
8500,I74973139
8501,I79576946
8502,I79576946
8503,I180670191
8504,I97018004
8505,I219193219
8506,I135310074
8507,I161057412
8508,I108468826
8509,I120156002
8510,I63966007
8511,I97018004
8512,I86519309
8513,I189196454
8514,I219193219
8515,I75027704
8516,I173911158
8517,I79576946
8518,I1174212
8519,I36258959
8520,I20089843
8521,I63190737
8522,I157725225
8523,I165799507
8524,I12097938
8525,I107672454
8526,I137902535
8527,I74973139
8528,I205783295
8529,I107077323
8530,I188538660
8531,I169521973
8532,I87216513
8533,I137902535
8534,I157725225
8535,I27837315
8536,I120156002
8537,I103163165
8538,I137902535
8539,I8078737
8540,I130701444
8541,I63966007
8542,I108468826
8543,I59553526
8544,I78715868
8545,I186143895
8546,I111979921
8547,I74973139
8548,I130769515
8549,I157725225
8550,I169521973
8551,I161057412
8552,I140172145
8553,I165799507
8554,I79576946
8555,I919208787
8556,I114395901
8557,I44461941
8558,I63135867
8559,I167576493
8560,I66946132
8561,I204250578
8562,I102461120
8563,I74775410
8564,I107639228
8565,I107639228
8566,I24603500
8567,I95457486
8568,I157725225
8569,I114832834
8570,I161057412
8571,I180949307
8572,I108468826
8573,I40347166
8574,I180949307
8575,I107672454
8576,I17301866
8577,I130238516
8578,I200719446
8579,I921990950
8580,I24861097
8581,I103635307
8582,I131249849
8583,I188538660
8584,I131651094
8585,I55732556
8586,I97018004
8587,I188538660
8588,I23732399
8589,I161318765
8590,I1174212
8591,I95457486
8592,I131249849
8593,I36258959
8594,I84218800
8595,I131249849
8596,I204250578
8597,I1331384533
8598,I185443292
8599,I592451
8600,I193531525
8601,I20382870
8602,I118118575
8603,I86501945
8604,I219193219
8605,I130701444
8606,I44461941
8607,I140172145
8608,I78577930
8609,I140172145
8610,I202524275
8611,I74775410
8612,I17626003
8613,I130769515
8614,I189196454
8615,I52357470
8616,I44854399
8617,I205783295
8618,I110152177
8619,I137902535
8620,I32389192
8621,I57206974
8622,I114832834
8623,I24603500
8624,I63966007
8625,I75027704
8626,I135310074
8627,I57206974
8628,I79576946
8629,I63966007
8630,I33213144
8631,I592451
8632,I79272384
8633,I52357470
8634,I12315562
8635,I66946132
8636,I169521973
8637,I114395901
8638,I110152177
8639,I115475287
8640,I162577319
8641,I130238516
8642,I74973139
8643,I102322142
8644,I219193219
8645,I193531525
8646,I86501945
8647,I7947594
8648,I200719446
8649,I114027177
8650,I133543626
8651,I219193219
8652,I27804330
8653,I201448701
8654,I167576493
8655,I104651037
8656,I123946342
8657,I75027704
8658,I130701444
8659,I219193219
8660,I95457486
8661,I150468666
8662,I33213144
8663,I137902535
8664,I155781252
8665,I63966007
8666,I219193219
8667,I78577930
8668,I40347166
8669,I122411786
8670,I36258959
8671,I57206974
8672,I59553526
8673,I166088655
8674,I66946132
8675,I82497590
8676,I137902535
8677,I74973139
8678,I157725225
8679,I78577930
8680,I173911158
8681,I173911158
8682,I4387153466
8683,I219193219
8684,I114027177
8685,I205783295
8686,I114027177
8687,I165951966
8688,I134113660
8689,I63190737
8690,I121820613
8691,I8078737
8692,I202524275
8693,I118118575
8694,I2613432
8695,I137902535
8696,I157725225
8697,I135310074
8698,I120156002
8699,I157725225
8700,I169521973
8701,I111088046
8702,I111088046
8703,I154570441
8704,I6750721
8705,I95457486
8706,I95457486
8707,I157725225
8708,I167576493
8709,I86519309
8710,I114395901
8711,I40347166
8712,I156087764
8713,I10052268
8714,I154570441
8715,I1174212
8716,I1331384533
8717,I162577319
8718,I71578702
8719,I63135867
8720,I219193219
8721,I76835614
8722,I63135867
8723,I97018004
8724,I39422238
8725,I36258959
8726,I2613432
8727,I2613432
8728,I205783295
8729,I2613432
8730,I107639228
8731,I111088046
8732,I2613432
8733,I8078737
8734,I201448701
8735,I52357470
8736,I131249849
8737,I33213144
8738,I219193219
8739,I204250578
8740,I5388228
8741,I204465549
8742,I78715868
8743,I12097938
8744,I188538660
8745,I123534392
8746,I145311948
8747,I138006243
8748,I39422238
8749,I165951966
8750,I95457486
8751,I219193219
8752,I58956616
8753,I122411786
8754,I130701444
8755,I157725225
8756,I20089843
8757,I205783295
8758,I82497590
8759,I204465549
8760,I33213144
8761,I130701444
8762,I33213144
8763,I1174212
8764,I188538660
8765,I201448701
8766,I44461941
8767,I130769515
8768,I55732556
8769,I121934306
8770,I74973139
8771,I33213144
8772,I114027177
8773,I55732556
8774,I39422238
8775,I27837315
8776,I219193219
8777,I106165777
8778,I223532165
8779,I2613432
8780,I33213144
8781,I82497590
8782,I121934306
8783,I130769515
8784,I130769515
8785,I86501945
8786,I145311948
8787,I118118575
8788,I36258959
8789,I36258959
8790,I8692664
8791,I76835614
8792,I39422238
8793,I36258959
8794,I130701444
8795,I154570441
8796,I103163165
8797,I188538660
8798,I72951846
8799,I130701444
8800,I181233156
8801,I29680605
8802,I1174212
8803,I2801289597
8804,I24603500
8805,I27837315
8806,I205783295
8807,I161318765
8808,I97018004
8809,I219193219
8810,I97018004
8811,I4391767840
8812,I86519309
8813,I170201317
8814,I12912129
8815,I200719446
8816,I13511017
8817,I111979921
8818,I223532165
8819,I205783295
8820,I84218800
8821,I130769515
8822,I63855395
8823,I52357470
8824,I24603500
8825,I140172145
8826,I141720752
8827,I161057412
8828,I27837315
8829,I76835614
8830,I102322142
8831,I137853757
8832,I126307644
8833,I130701444
8834,I146416000
8835,I131249849
8836,I127591826
8837,I58956616
8838,I130769515
8839,I223532165
8840,I78715868
8841,I63966007
8842,I170897317
8843,I11957088
8844,I76835614
8845,I47251452
8846,I55732556
8847,I201448701
8848,I201448701
8849,I201448701
8850,I150209017
8851,I103635307
8852,I11957088
8853,I130701444
8854,I27837315
8855,I11957088
8856,I161318765
8857,I135310074
8858,I170201317
8859,I79576946
8860,I161515732
8861,I27837315
8862,I126307644
8863,I107639228
8864,I193531525
8865,I140172145
8866,I204250578
8867,I79576946
8868,I223532165
8869,I189590672
8870,I169521973
8871,I201448701
8872,I201448701
8873,I138006243
8874,I133738476
8875,I130769515
8876,I10052268
8877,I4322298
8878,I76835614
8879,I107077323
8880,I58956616
8881,I23732399
8882,I103531236
8883,I97018004
8884,I97018004
8885,I86501945
8886,I130238516
8887,I130238516
8888,I142740786
8889,I32971472
8890,I72951846
8891,I39422238
8892,I189196454
8893,I27837315
8894,I55732556
8895,I86501945
8896,I106959904
8897,I135310074
8898,I55732556
8899,I155781252
8900,I223532165
8901,I87216513
8902,I55732556
8903,I33213144
8904,I32971472
8905,I141649380
8906,I12912129
8907,I27837315
8908,I135310074
8909,I39422238
8910,I40347166
8911,I189957204
8912,I173911158
8913,I133543626
8914,I130238516
8915,I100005738
8916,I114395901
8917,I7863295
8918,I63966007
8919,I138006243
8920,I921990950
8921,I95457486
8922,I201448701
8923,I36258959
8924,I201448701
8925,I392282
8926,I130238516
8927,I177721651
8928,I59553526
8929,I137902535
8930,I8078737
8931,I16892885
8932,I185443292
8933,I135310074
8934,I20089843
8935,I32971472
8936,I84392919
8937,I86501945
8938,I219193219
8939,I184840846
8940,I8692664
8941,I859038795
8942,I63966007
8943,I79576946
8944,I107139065
8945,I55732556
8946,I145311948
8947,I201448701
8948,I22675022
8949,I108468826
8950,I205783295
8951,I63190737
8952,I95457486
8953,I368840534
8954,I121934306
8955,I136199984
8956,I859038795
8957,I86519309
8958,I78577930
8959,I135310074
8960,I5388228
8961,I74775410
8962,I55732556
8963,I20089843
8964,I135310074
8965,I201448701
8966,I143302722
8967,I157725225
8968,I204250578
8969,I102502594
8970,I170897317
8971,I91045830
8972,I170201317
8973,I59553526
8974,I8078737
8975,I140172145
8976,I4387153128
8977,I111088046
8978,I95457486
8979,I859038795
8980,I188538660
8981,I145311948
8982,I145311948
8983,I66946132
8984,I63190737
8985,I59553526
8986,I6750721
8987,I126345244
8988,I5388228
8989,I1629065
8990,I59553526
8991,I592451
8992,I27837315
8993,I130701444
8994,I24603500
8995,I141649380
8996,I185443292
8997,I12912129
8998,I185103710
8999,I95457486
9000,I66946132
9001,I76835614
9002,I185103710
9003,I24603500
9004,I131249849
9005,I63966007
9006,I63190737
9007,I118118575
9008,I63190737
9009,I201448701
9010,I155707491
9011,I170897317
9012,I121820613
9013,I102149020
9014,I121934306
9015,I20089843
9016,I167576493
9017,I130701444
9018,I161057412
9019,I44461941
9020,I51556381
9021,I137902535
9022,I111979921
9023,I107639228
9024,I859038795
9025,I70983195
9026,I63190737
9027,I63190737
9028,I114027177
9029,I111088046
9030,I162577319
9031,I57206974
9032,I86519309
9033,I111979921
9034,I130769515
9035,I39422238
9036,I205783295
9037,I12912129
9038,I17626003
9039,I51556381
9040,I114027177
9041,I170897317
9042,I188538660
9043,I27804330
9044,I74973139
9045,I130769515
9046,I130769515
9047,I107077323
9048,I121934306
9049,I20089843
9050,I75027704
9051,I86501945
9052,I145311948
9053,I140172145
9054,I87208437
9055,I40347166
9056,I169521973
9057,I189196454
9058,I33213144
9059,I7947594
9060,I74775410
9061,I24603500
9062,I79576946
9063,I170897317
9064,I165951966
9065,I173911158
9066,I20382870
9067,I188538660
9068,I79272384
9069,I123534392
9070,I114027177
9071,I170201317
9072,I55732556
9073,I188538660
9074,I79272384
9075,I130769515
9076,I155781252
9077,I141810926
9078,I177721651
9079,I57206974
9080,I133738476
9081,I157725225
9082,I100633361
9083,I107077323
9084,I223532165
9085,I125687163
9086,I130769515
9087,I157725225
9088,I201448701
9089,I86519309
9090,I200719446
9091,I162577319
9092,I58956616
9093,I162577319
9094,I114395901
9095,I154570441
9096,I1174212
9097,I55732556
9098,I180949307
9099,I157725225
9100,I1174212
9101,I44461941
9102,I188538660
9103,I154570441
9104,I167576493
9105,I10052268
9106,I100005738
9107,I103635307
9108,I131249849
9109,I97018004
9110,I72903472
9111,I103163165
9112,I86501945
9113,I130701444
9114,I86519309
9115,I8078737
9116,I205783295
9117,I20382870
9118,I205783295
9119,I123946342
9120,I173146385
9121,I27837315
9122,I205783295
9123,I12097938
9124,I107639228
9125,I63966007
9126,I145311948
9127,I130701444
9128,I157725225
9129,I131249849
9130,I121980950
9131,I130701444
9132,I859038795
9133,I32971472
9134,I74973139
9135,I16944753
9136,I186143895
9137,I136199984
9138,I24603500
9139,I55732556
9140,I5388228
9141,I79576946
9142,I131249849
9143,I130701444
9144,I138006243
9145,I32971472
9146,I157725225
9147,I135310074
9148,I51556381
9149,I86501945
9150,I142393192
9151,I63966007
9152,I189590672
9153,I184840846
9154,I52357470
9155,I39587148
9156,I111979921
9157,I145311948
9158,I44265643
9159,I27837315
9160,I162577319
9161,I8078737
9162,I205783295
9163,I170201317
9164,I140172145
9165,I166088655
9166,I170201317
9167,I219193219
9168,I121934306
9169,I137902535
9170,I130769515
9171,I170201317
9172,I106165777
9173,I91045830
9174,I87216513
9175,I86519309
9176,I165799507
9177,I78577930
9178,I95457486
9179,I27837315
9180,I20089843
9181,I121980950
9182,I36258959
9183,I118118575
9184,I57206974
9185,I178169726
9186,I78577930
9187,I177605424
9188,I5388228
9189,I4387153128
9190,I189590672
9191,I51556381
9192,I74973139
9193,I111979921
9194,I63966007
9195,I72951846
9196,I110152177
9197,I78577930
9198,I102322142
9199,I52357470
9200,I204465549
9201,I137902535
9202,I141810926
9203,I205783295
9204,I27837315
9205,I86519309
9206,I180949307
9207,I130769515
9208,I859038795
9209,I219193219
9210,I135310074
9211,I169521973
9212,I12912129
9213,I173911158
9214,I157725225
9215,I107639228
9216,I1321305853
9217,I130701444
9218,I2800446032
9219,I121820613
9220,I157725225
9221,I74973139
9222,I79272384
9223,I161318765
9224,I145608581
9225,I108468826
9226,I63966007
9227,I111088046
9228,I52357470
9229,I78577930
9230,I57206974
9231,I204465549
9232,I40347166
9233,I20382870
9234,I32971472
9235,I114832834
9236,I120156002
9237,I137902535
9238,I55732556
9239,I8078737
9240,I204250578
9241,I8078737
9242,I140172145
9243,I92446798
9244,I86519309
9245,I1174212
9246,I219193219
9247,I157417397
9248,I44461941
9249,I219193219
9250,I82495205
9251,I1321305853
9252,I12315562
9253,I157725225
9254,I103635307
9255,I8692664
9256,I12315562
9257,I120156002
9258,I138006243
9259,I121980950
9260,I55732556
9261,I888729015
9262,I106969075
9263,I1174212
9264,I103635307
9265,I592451
9266,I91045830
9267,I70983195
9268,I103531236
9269,I8078737
9270,I91045830
9271,I74973139
9272,I157725225
9273,I40347166
9274,I130769515
9275,I91045830
9276,I57328836
9277,I24603500
9278,I70983195
9279,I204250578
9280,I130769515
9281,I157725225
9282,I155781252
9283,I103531236
9284,I170201317
9285,I107639228
9286,I102461120
9287,I40347166
9288,I27837315
9289,I219193219
9290,I157725225
9291,I52357470
9292,I107639228
9293,I63966007
9294,I859038795
9295,I157725225
9296,I154570441
9297,I204250578
9298,I12912129
9299,I145311948
9300,I188538660
9301,I44461941
9302,I27837315
9303,I96749437
9304,I1321305853
9305,I7863295
9306,I107639228
9307,I19700959
9308,I160856358
9309,I121934306
9310,I173288447
9311,I155781252
9312,I156087764
9313,I130238516
9314,I102322142
9315,I55732556
9316,I122411786
9317,I142934699
9318,I16285277
9319,I141649380
9320,I118118575
9321,I57206974
9322,I86519309
9323,I162577319
9324,I1629065
9325,I63966007
9326,I17626003
9327,I92446798
9328,I16944753
9329,I75027704
9330,I140172145
9331,I162714631
9332,I157725225
9333,I123946342
9334,I57206974
9335,I150468666
9336,I39422238
9337,I145311948
9338,I157725225
9339,I63135867
9340,I1321305853
9341,I95457486
9342,I134113660
9343,I63966007
9344,I78715868
9345,I20089843
9346,I82495205
9347,I107639228
9348,I55732556
9349,I78577930
9350,I95457486
9351,I205783295
9352,I165799507
9353,I103163165
9354,I87216513
9355,I204465549
9356,I130769515
9357,I121980950
9358,I86501945
9359,I135310074
9360,I52357470
9361,I141472210
9362,I20089843
9363,I103635307
9364,I219193219
9365,I114027177
9366,I223532165
9367,I82497590
9368,I130701444
9369,I100005738
9370,I40347166
9371,I157725225
9372,I57206974
9373,I36258959
9374,I95457486
9375,I103635307
9376,I157725225
9377,I114832834
9378,I103635307
9379,I189590672
9380,I103635307
9381,I122411786
9382,I36258959
9383,I130769515
9384,I84218800
9385,I84218800
9386,I170897317
9387,I72816309
9388,I51556381
9389,I16285277
9390,I33213144
9391,I95457486
9392,I52357470
9393,I39422238
9394,I130701444
9395,I74973139
9396,I52357470
9397,I185103710
9398,I122411786
9399,I103635307
9400,I173911158
9401,I189590672
9402,I123534392
9403,I106165777
9404,I189590672
9405,I36258959
9406,I52357470
9407,I114027177
9408,I92446798
9409,I126744593
9410,I32971472
9411,I74973139
9412,I136199984
9413,I157394403
9414,I111979921
9415,I130769515
9416,I137902535
9417,I137902535
9418,I204250578
9419,I52357470
9420,I86519309
9421,I137902535
9422,I55732556
9423,I189196454
9424,I84218800
9425,I12912129
9426,I27804330
9427,I55732556
9428,I201448701
9429,I177097968
9430,I130769515
9431,I33213144
9432,I63966007
9433,I161318765
9434,I20089843
9435,I155093810
9436,I75027704
9437,I201448701
9438,I107639228
9439,I51556381
9440,I130701444
9441,I138006243
9442,I4391767840
9443,I87216513
9444,I12912129
9445,I103635307
9446,I130701444
9447,I107639228
9448,I82497590
9449,I40347166
9450,I78577930
9451,I161318765
9452,I111979921
9453,I123534392
9454,I133738476
9455,I72816309
9456,I111088046
9457,I111088046
9458,I200719446
9459,I63966007
9460,I161318765
9461,I137902535
9462,I39422238
9463,I161318765
9464,I19700959
9465,I219193219
9466,I79576946
9467,I145608581
9468,I4387153128
9469,I58956616
9470,I170897317
9471,I66946132
9472,I63966007
9473,I97018004
9474,I8078737
9475,I166972335
9476,I114027177
9477,I107639228
9478,I39422238
9479,I44461941
9480,I107639228
9481,I1174212
9482,I12912129
9483,I205783295
9484,I135310074
9485,I78577930
9486,I86519309
9487,I149910238
9488,I24603500
9489,I66946132
9490,I52357470
9491,I4387153128
9492,I205783295
9493,I78715868
9494,I205783295
9495,I135310074
9496,I39422238
9497,I8078737
9498,I87216513
9499,I135310074
9500,I20089843
9501,I16285277
9502,I84218800
9503,I181233156
9504,I130769515
9505,I86519309
9506,I24603500
9507,I130769515
9508,I55732556
9509,I92446798
9510,I201448701
9511,I219193219
9512,I111236770
9513,I5388228
9514,I111088046
9515,I130701444
9516,I40347166
9517,I12315562
9518,I100005738
9519,I135310074
9520,I193531525
9521,I58956616
9522,I39422238
9523,I592451
9524,I5388228
9525,I12912129
9526,I63190737
9527,I87216513
9528,I136199984
9529,I921990950
9530,I201448701
9531,I201448701
9532,I97018004
9533,I27837315
9534,I100633361
9535,I135310074
9536,I32971472
9537,I86519309
9538,I130701444
9539,I130769515
9540,I5388228
9541,I52357470
9542,I52357470
9543,I13511017
9544,I130701444
9545,I130238516
9546,I140172145
9547,I83328450
9548,I20089843
9549,I32971472
9550,I114027177
9551,I5388228
9552,I27837315
9553,I8078737
9554,I23732399
9555,I173911158
9556,I55732556
9557,I27804330
9558,I170897317
9559,I16285277
9560,I201448701
9561,I1174212
9562,I24603500
9563,I17301866
9564,I24603500
9565,I149910238
9566,I24603500
9567,I135310074
9568,I63966007
9569,I17301866
9570,I59553526
9571,I19700959
9572,I205783295
9573,I137902535
9574,I59553526
9575,I87216513
9576,I130238516
9577,I87216513
9578,I137902535
9579,I149910238
9580,I157725225
9581,I12315562
9582,I140172145
9583,I71838634
9584,I114395901
9585,I1174212
9586,I131249849
9587,I157725225
9588,I185103710
9589,I36258959
9590,I12912129
9591,I4391767840
9592,I55732556
9593,I859038795
9594,I66946132
9595,I59553526
9596,I859038795
9597,I74973139
9598,I87216513
9599,I27837315
9600,I170897317
9601,I126307644
9602,I79576946
9603,I135310074
9604,I126307644
9605,I72816309
9606,I130701444
9607,I52357470
9608,I33213144
9609,I11957088
9610,I173911158
9611,I107672454
9612,I8078737
9613,I200719446
9614,I130238516
9615,I188538660
9616,I12912129
9617,I164389053
9618,I859038795
9619,I162577319
9620,I86501945
9621,I138006243
9622,I63966007
9623,I205783295
9624,I57328836
9625,I111236770
9626,I4387153466
9627,I111088046
9628,I111088046
9629,I27837315
9630,I135310074
9631,I136199984
9632,I134113660
9633,I4210106879
9634,I170897317
9635,I170897317
9636,I24571045
9637,I5388228
9638,I83041322
9639,I204250578
9640,I205783295
9641,I92446798
9642,I859038795
9643,I44461941
9644,I5388228
9645,I95457486
9646,I157725225
9647,I74973139
9648,I20089843
9649,I859038795
9650,I63190737
9651,I70983195
9652,I59553526
9653,I130701444
9654,I130701444
9655,I135310074
9656,I27837315
9657,I205783295
9658,I859038795
9659,I83041322
9660,I106165777
9661,I70983195
9662,I133999245
9663,I12912129
9664,I66946132
9665,I204250578
9666,I150468666
9667,I95457486
9668,I223532165
9669,I157725225
9670,I205783295
9671,I107672454
9672,I156087764
9673,I114395901
9674,I185443292
9675,I122411786
9676,I205783295
9677,I84218800
9678,I102322142
9679,I102149020
9680,I59553526
9681,I12912129
9682,I12912129
9683,I1174212
9684,I51556381
9685,I20089843
9686,I52357470
9687,I16285277
9688,I74973139
9689,I72951846
9690,I142393192
9691,I66946132
9692,I131249849
9693,I185103710
9694,I12912129
9695,I75027704
9696,I157725225
9697,I20089843
9698,I86519309
9699,I86501945
9700,I27837315
9701,I150209017
9702,I170201317
9703,I114395901
9704,I167576493
9705,I162577319
9706,I87216513
9707,I103635307
9708,I72816309
9709,I859038795
9710,I12912129
9711,I219193219
9712,I74973139
9713,I52357470
9714,I13511017
9715,I7947594
9716,I186143895
9717,I19700959
9718,I169521973
9719,I33213144
9720,I8078737
9721,I103163165
9722,I157725225
9723,I173911158
9724,I114395901
9725,I79516672
9726,I592451
9727,I140172145
9728,I392282
9729,I173911158
9730,I859038795
9731,I79272384
9732,I107077323
9733,I143302722
9734,I219193219
9735,I135310074
9736,I60388903
9737,I12912129
9738,I55486353
9739,I84218800
9740,I102322142
9741,I200719446
9742,I12912129
9743,I63966007
9744,I63966007
9745,I188674872
9746,I74973139
9747,I72816309
9748,I111979921
9749,I86519309
9750,I114832834
9751,I186143895
9752,I223532165
9753,I74973139
9754,I859038795
9755,I189731429
9756,I27837315
9757,I63966007
9758,I52357470
9759,I133738476
9760,I155093810
9761,I63190737
9762,I44461941
9763,I867280407
9764,I78715868
9765,I1174212
9766,I72951846
9767,I103635307
9768,I84218800
9769,I140172145
9770,I95457486
9771,I201448701
9772,I120156002
9773,I86519309
9774,I223532165
9775,I78715868
9776,I120156002
9777,I86519309
9778,I120156002
9779,I181233156
9780,I157725225
9781,I36258959
9782,I82497590
9783,I111979921
9784,I1174212
9785,I149919469
9786,I103635307
9787,I155781252
9788,I154570441
9789,I122411786
9790,I36258959
9791,I169521973
9792,I44461941
9793,I71838634
9794,I72951846
9795,I103635307
9796,I161318765
9797,I103635307
9798,I133543626
9799,I161318765
9800,I131249849
9801,I103635307
9802,I27837315
9803,I59553526
9804,I74973139
9805,I8078737
9806,I103163165
9807,I11957088
9808,I137902535
9809,I11957088
9810,I27837315
9811,I859038795
9812,I5388228
9813,I185443292
9814,I44265643
9815,I137902535
9816,I32971472
9817,I859038795
9818,I859038795
9819,I173911158
9820,I78715868
9821,I118118575
9822,I145311948
9823,I8078737
9824,I205783295
9825,I63772739
9826,I72816309
9827,I78715868
9828,I66946132
9829,I27837315
9830,I75027704
9831,I137902535
9832,I74973139
9833,I121980950
9834,I63190737
9835,I70983195
9836,I92446798
9837,I150468666
9838,I74775410
9839,I87216513
9840,I87216513
9841,I155173764
9842,I102322142
9843,I103635307
9844,I126307644
9845,I130701444
9846,I146416000
9847,I78715868
9848,I107639228
9849,I12912129
9850,I157725225
9851,I121820613
9852,I63966007
9853,I63966007
9854,I130701444
9855,I118118575
9856,I32971472
9857,I142934699
9858,I130769515
9859,I27837315
9860,I86501945
9861,I165799507
9862,I114027177
9863,I102607778
9864,I205783295
9865,I20089843
9866,I78577930
9867,I173911158
9868,I12097938
9869,I87216513
9870,I16269868
9871,I87216513
9872,I75027704
9873,I72816309
9874,I5388228
9875,I2613432
9876,I165951966
9877,I63966007
9878,I155781252
9879,I103635307
9880,I130769515
9881,I157725225
9882,I123946342
9883,I78577930
9884,I66946132
9885,I32971472
9886,I24603500
9887,I205783295
9888,I107639228
9889,I72816309
9890,I118118575
9891,I86501945
9892,I130701444
9893,I136199984
9894,I99041443
9895,I20089843
9896,I51556381
9897,I102607778
9898,I157725225
9899,I75027704
9900,I114395901
9901,I102322142
9902,I39422238
9903,I78715868
9904,I44265643
9905,I20089843
9906,I52357470
9907,I186143895
9908,I859038795
9909,I74973139
9910,I185443292
9911,I86519309
9912,I181233156
9913,I205783295
9914,I204250578
9915,I130701444
9916,I63966007
9917,I130238516
9918,I107077323
9919,I75027704
9920,I223532165
9921,I97018004
9922,I33213144
9923,I223532165
9924,I7863295
9925,I205783295
9926,I140172145
9927,I36258959
9928,I84392919
9929,I71838634
9930,I157725225
9931,I130238516
9932,I170897317
9933,I130769515
9934,I157394403
9935,I140172145
9936,I157725225
9937,I204250578
9938,I223532165
9939,I78577930
9940,I859038795
9941,I78577930
9942,I52357470
9943,I126307644
9944,I145311948
9945,I219193219
9946,I173911158
9947,I78715868
9948,I223532165
9949,I78577930
9950,I205783295
9951,I36258959
9952,I1321305853
9953,I188538660
9954,I125687163
9955,I157725225
9956,I1334819555
9957,I138659443
9958,I161318765
9959,I157725225
9960,I1174212
9961,I167576493
9962,I167576493
9963,I97018004
9964,I161318765
9965,I147853995
9966,I185103710
9967,I141472210
9968,I41867846
9969,I859038795
9970,I859038795
9971,I157725225
9972,I155781252
9973,I72816309
9974,I36258959
9975,I219193219
9976,I82497590
9977,I91045830
9978,I173146385
9979,I40347166
9980,I20577493
9981,I137902535
9982,I140172145
9983,I8692664
9984,I137902535
9985,I188538660
9986,I111088046
9987,I95457486
9988,I87216513
9989,I12097938
9990,I12097938
9991,I74775410
9992,I114027177
9993,I167576493
9994,I111088046
9995,I103163165
9996,I16944753
9997,I103163165
9998,I205783295
9999,I145311948
10000,I201448701
10001,I135310074
10002,I138006243
10003,I140172145
10004,I156087764
10005,I106959904
10006,I59553526
10007,I137853757
10008,I204465549
10009,I162577319
10010,I32971472
10011,I114395901
10012,I103635307
10013,I157725225
10014,I52357470
10015,I51556381
10016,I12834331
10017,I135474949
10018,I86519309
10019,I181233156
10020,I149919469
10021,I106107269
10022,I165799507
10023,I8692664
10024,I16285277
10025,I186143895
10026,I201448701
10027,I20089843
10028,I12097938
10029,I181233156
10030,I52357470
10031,I114832834
10032,I97018004
10033,I180949307
10034,I91045830
10035,I75027704
10036,I97018004
10037,I157394403
10038,I24603500
10039,I186143895
10040,I185103710
10041,I130769515
10042,I4391767840
10043,I110152177
10044,I84218800
10045,I121980950
10046,I92446798
10047,I134113660
10048,I131249849
10049,I103163165
10050,I114027177
10051,I130238516
10052,I60388903
10053,I204250578
10054,I178169726
10055,I133999245
10056,I592451
10057,I145311948
10058,I592451
10059,I204250578
10060,I7947594
10061,I8692664
10062,I157725225
10063,I136199984
10064,I63190737
10065,I8078737
10066,I4210086933
10067,I188538660
10068,I78577930
10069,I39422238
10070,I66946132
10071,I157725225
10072,I130701444
10073,I1174212
10074,I75027704
10075,I75027704
10076,I122411786
10077,I47838141
10078,I204250578
10079,I189590672
10080,I44461941
10081,I204465549
10082,I23732399
10083,I155093810
10084,I100005738
10085,I223532165
10086,I103635307
10087,I185103710
10088,I204250578
10089,I156087764
10090,I122411786
10091,I55732556
10092,I161318765
10093,I141472210
10094,I66946132
10095,I52357470
10096,I161318765
10097,I592451
10098,I97018004
10099,I170897317
10100,I173911158
10101,I134113660
10102,I107077323
10103,I150468666
10104,I185443292
10105,I154570441
10106,I79576946
10107,I66946132
10108,I205783295
10109,I32971472
10110,I79576946
10111,I204250578
10112,I33213144
10113,I39422238
10114,I27837315
10115,I12315562
10116,I84218800
10117,I12912129
10118,I95457486
10119,I78577930
10120,I40347166
10121,I36258959
10122,I97018004
10123,I130769515
10124,I78577930
10125,I86519309
10126,I189590672
10127,I161318765
10128,I4387153128
10129,I59130452
10130,I39422238
10131,I170201317
10132,I32971472
10133,I157725225
10134,I52357470
10135,I102322142
10136,I150468666
10137,I102322142
10138,I181233156
10139,I33213144
10140,I74973139
10141,I201448701
10142,I52357470
10143,I36258959
10144,I118118575
10145,I173911158
10146,I66946132
10147,I51556381
10148,I4391767840
10149,
10150,I154570441
10151,I20089843
10152,I157725225
10153,I95457486
10154,I189196454
10155,I4387153128
10156,I52357470
10157,I125687163
10158,I4391767840
10159,I36258959
10160,I161318765
10161,I63190737
10162,I24603500
10163,I52357470
10164,I32389192
10165,I27837315
10166,I118020396
10167,I66946132
10168,I57206974
10169,I189590672
10170,I130701444
10171,I155781252
10172,I114027177
10173,I52357470
10174,I136199984
10175,I201448701
10176,I111979921
10177,I78577930
10178,I106165777
10179,I78577930
10180,I17626003
10181,I152014189
10182,I219193219
10183,I165799507
10184,I204465549
10185,I12912129
10186,I161318765
10187,I97018004
10188,I592451
10189,I205783295
10190,I111979921
10191,I111979921
10192,I63966007
10193,I40347166
10194,I36258959
10195,I75027704
10196,I24603500
10197,I184647316
10198,I78715868
10199,I135310074
10200,I173911158
10201,I130769515
10202,I136199984
10203,I592451
10204,I78577930
10205,I121847817
10206,I63966007
10207,I162714631
10208,I126307644
10209,I63966007
10210,I161057412
10211,I33213144
10212,I103163165
10213,I75027704
10214,I1174212
10215,I24603500
10216,I27804330
10217,I118353179
10218,I17626003
10219,I107672454
10220,I63772739
10221,I138006243
10222,I133738476
10223,I76835614
10224,I79272384
10225,I131249849
10226,I97018004
10227,I145608581
10228,I63966007
10229,I130769515
10230,I5388228
10231,I136199984
10232,I170897317
10233,I181233156
10234,I126307644
10235,I97018004
10236,I201448701
10237,I170201317
10238,I57206974
10239,I140172145
10240,I27837315
10241,I140172145
10242,I27804330
10243,I157725225
10244,I201448701
10245,I86519309
10246,I201448701
10247,I135310074
10248,I1331384533
10249,I97018004
10250,I4387153128
10251,I130769515
10252,I162714631
10253,I106165777
10254,I170201317
10255,I78577930
10256,I63190737
10257,I186143895
10258,I24603500
10259,I136199984
10260,I2902024922
10261,I107672454
10262,I33213144
10263,I20089843
10264,I107672454
10265,I156087764
10266,I121980950
10267,I135310074
10268,I138006243
10269,I27804330
10270,I181233156
10271,I72816309
10272,I84218800
10273,I138006243
10274,I154570441
10275,I145311948
10276,I145311948
10277,I87216513
10278,I201448701
10279,I27837315
10280,I51077184
10281,I60388903
10282,I201448701
10283,I169521973
10284,I32971472
10285,I145311948
10286,I63966007
10287,I135310074
10288,I184840846
10289,I130769515
10290,I27837315
10291,I87216513
10292,I27837315
10293,I52357470
10294,I115475287
10295,I52357470
10296,I184565670
10297,I58956616
10298,I20089843
10299,I12097938
10300,I115475287
10301,I74973139
10302,I111088046
10303,I24603500
10304,I97018004
10305,I170897317
10306,I114395901
10307,I78577930
10308,I32971472
10309,I1321305853
10310,I66946132
10311,I108468826
10312,I107077323
10313,I137902535
10314,I2613432
10315,I87216513
10316,I51556381
10317,I55732556
10318,I131249849
10319,I138006243
10320,I167576493
10321,I193531525
10322,I592451
10323,I33213144
10324,I106165777
10325,I130238516
10326,I170201317
10327,I79576946
10328,I59553526
10329,I140172145
10330,I145311948
10331,I130701444
10332,I102322142
10333,I57206974
10334,I130701444
10335,I130238516
10336,I52357470
10337,I32971472
10338,I137902535
10339,I87216513
10340,I155093810
10341,I145311948
10342,I20089843
10343,I204465549
10344,I106165777
10345,I57206974
10346,I859038795
10347,I143302722
10348,I114395901
10349,I111979921
10350,I87216513
10351,I63966007
10352,I6750721
10353,I135310074
10354,I86519309
10355,I392282
10356,I57206974
10357,I47838141
10358,I27837315
10359,I162714631
10360,I103531236
10361,I74973139
10362,I123946342
10363,I859038795
10364,I97018004
10365,I24603500
10366,I27837315
10367,I137902535
10368,I154570441
10369,I114395901
10370,I5795714
10371,I92446798
10372,I157725225
10373,I95457486
10374,I592451
10375,I24603500
10376,I33434090
10377,I78577930
10378,I107639228
10379,I170897317
10380,I165951966
10381,I97018004
10382,I63966007
10383,I136199984
10384,I52357470
10385,I7863295
10386,I95457486
10387,I36258959
10388,I44461941
10389,I189196454
10390,I130238516
10391,I83041322
10392,I33213144
10393,I27804330
10394,I5388228
10395,I79576946
10396,I123534392
10397,I4387153128
10398,I92446798
10399,I63966007
10400,I114832834
10401,I8078737
10402,I135310074
10403,I55732556
10404,I121820613
10405,I114027177
10406,I86519309
10407,I135310074
10408,I63190737
10409,I5388228
10410,I12912129
10411,I59553526
10412,I63190737
10413,I27837315
10414,I186335123
10415,I136199984
10416,I27837315
10417,I87216513
10418,I392282
10419,I19700959
10420,I4387153128
10421,I102322142
10422,I135310074
10423,I78577930
10424,I36258959
10425,I137902535
10426,I4387153128
10427,I72951846
10428,I57206974
10429,I1174212
10430,I79576946
10431,I205783295
10432,I27825529
10433,I185443292
10434,I592451
10435,I36258959
10436,I173911158
10437,I57328836
10438,I44854399
10439,I35777872
10440,I27837315
10441,I74973139
10442,I84218800
10443,I78577930
10444,I151328261
10445,I204465549
10446,I32971472
10447,I161057412
10448,I39422238
10449,I7863295
10450,I130238516
10451,I102322142
10452,I205783295
10453,I130701444
10454,I27837315
10455,I130769515
10456,I4391767840
10457,I155173764
10458,I63966007
10459,I51556381
10460,I219193219
10461,I219193219
10462,I142740786
10463,I32971472
10464,I87216513
10465,I137902535
10466,I185443292
10467,I103163165
10468,I43579087
10469,I186143895
10470,I24603500
10471,I123946342
10472,I74973139
10473,I919208787
10474,I2613432
10475,I19700959
10476,I86519309
10477,I17301866
10478,I108468826
10479,I5388228
10480,I114027177
10481,I52357470
10482,I157725225
10483,I205783295
10484,I161318765
10485,I130701444
10486,I219193219
10487,I1745920
10488,I204250578
10489,I204250578
10490,I111979921
10491,I66946132
10492,I145311948
10493,I75027704
10494,I143302722
10495,I173911158
10496,I84218800
10497,I63190737
10498,I23732399
10499,I122411786
10500,I8078737
10501,I205783295
10502,I204250578
10503,I219193219
10504,I63190737
10505,I155173764
10506,I219193219
10507,I63190737
10508,I223532165
10509,I66946132
10510,I157725225
10511,I97018004
10512,I4391767840
10513,I1174212
10514,I368840534
10515,I84218800
10516,I188538660
10517,I8692664
10518,I36258959
10519,I134113660
10520,I94658018
10521,I118353179
10522,I86519309
10523,I111979921
10524,I63966007
10525,I95457486
10526,I111979921
10527,I165951966
10528,I154570441
10529,I100005738
10530,I114395901
10531,I201448701
10532,I120156002
10533,I95457486
10534,I201448701
10535,I188538660
10536,I97018004
10537,I134113660
10538,I131651094
10539,I4210089486
10540,I1174212
10541,I1174212
10542,I103635307
10543,I188538660
10544,I97018004
10545,I1307098950
10546,I84218800
10547,I177881444
10548,I97018004
10549,I84218800
10550,I130701444
10551,I84392919
10552,I193531525
10553,I111088046
10554,I859038795
10555,I170201317
10556,I106165777
10557,I20382870
10558,I4391767840
10559,I55732556
10560,I162577319
10561,I57206974
10562,I130769515
10563,I167576493
10564,I110152177
10565,I162577319
10566,I157725225
10567,I102322142
10568,I130701444
10569,I27837315
10570,I157725225
10571,I72951846
10572,I200719446
10573,I79576946
10574,I205783295
10575,I859038795
10576,I79576946
10577,I111088046
10578,I184840846
10579,I78577930
10580,I11957088
10581,I102322142
10582,I5444425
10583,I102322142
10584,I111979921
10585,I40347166
10586,I189590672
10587,I110378019
10588,I44461941
10589,I40347166
10590,I150209017
10591,I121934306
10592,I161318765
10593,I135310074
10594,I186143895
10595,I78715868
10596,I130238516
10597,I87216513
10598,I114395901
10599,I55732556
10600,I200719446
10601,I20089843
10602,I173911158
10603,I63190737
10604,I24603500
10605,I78577930
10606,I135310074
10607,I55732556
10608,I110152177
10609,I165799507
10610,I121820613
10611,I114395901
10612,I137902535
10613,I87216513
10614,I78715868
10615,I2613432
10616,I154570441
10617,I75027704
10618,I125687163
10619,I66946132
10620,I102373834
10621,I118118575
10622,I202524275
10623,I12912129
10624,I8692664
10625,I27837315
10626,I145608581
10627,I145608581
10628,I150693791
10629,I204250578
10630,I138006243
10631,I40253897
10632,I63135867
10633,I170201317
10634,I200719446
10635,I169521973
10636,I103163165
10637,I136199984
10638,I57206974
10639,I115475287
10640,I39660569
10641,I193531525
10642,I859038795
10643,I1321305853
10644,I97018004
10645,I154570441
10646,I165951966
10647,I188538660
10648,I136199984
10649,I165951966
10650,I8692664
10651,I74775410
10652,I84475105
10653,I55732556
10654,I205783295
10655,I72816309
10656,I84218800
10657,I102149020
10658,I70983195
10659,I161057412
10660,I51556381
10661,I130701444
10662,I200719446
10663,I95457486
10664,I137902535
10665,I74775410
10666,I86519309
10667,I63190737
10668,I12912129
10669,I114832834
10670,I157725225
10671,I142393192
10672,I60388903
10673,I82497590
10674,I23732399
10675,I110152177
10676,I63190737
10677,I4210103622
10678,I95457486
10679,I205783295
10680,I57206974
10681,I133738476
10682,I8078737
10683,I78577930
10684,I114027177
10685,I55732556
10686,I114027177
10687,I157725225
10688,I223532165
10689,I78715868
10690,I166972335
10691,I78577930
10692,I114027177
10693,I20089843
10694,I173911158
10695,I146416000
10696,I157725225
10697,I90871651
10698,I91045830
10699,I205783295
10700,I188538660
10701,I157725225
10702,I79576946
10703,I859038795
10704,I39422238
10705,I219193219
10706,I107639228
10707,I204465549
10708,I137902535
10709,I219193219
10710,I12834331
10711,I134113660
10712,I111979921
10713,I170897317
10714,I63966007
10715,I122411786
10716,I125687163
10717,I136199984
10718,I134113660
10719,I115475287
10720,I40347166
10721,I52357470
10722,I130238516
10723,I130238516
10724,I39422238
10725,I167576493
10726,I103635307
10727,I146416000
10728,I223532165
10729,I131249849
10730,I146416000
10731,I95457486
10732,I203172682
10733,I121980950
10734,I92446798
10735,I161318765
10736,I84218800
10737,I55732556
10738,I44461941
10739,I204250578
10740,I169521973
10741,I95457486
10742,I1331384533
10743,I161318765
10744,I185103710
10745,I154570441
10746,I7947594
10747,I186143895
10748,I102149020
10749,I81365321
10750,I111088046
10751,I859038795
10752,I162714631
10753,I16944753
10754,I157725225
10755,I79576946
10756,I130701444
10757,I130701444
10758,I200719446
10759,I170201317
10760,I130769515
10761,I200719446
10762,I111088046
10763,I72816309
10764,I157725225
10765,I106165777
10766,I27837315
10767,I103531236
10768,I12912129
10769,I27837315
10770,I27837315
10771,I136199984
10772,I63966007
10773,I137902535
10774,I140172145
10775,I12315562
10776,I165951966
10777,I103163165
10778,I170201317
10779,I5795714
10780,I59553526
10781,I170897317
10782,I859038795
10783,I122411786
10784,I191429286
10785,I98947143
10786,I20089843
10787,I63190737
10788,I173146385
10789,I188538660
10790,I107639228
10791,I111979921
10792,I63190737
10793,I72816309
10794,I57206974
10795,I4391767840
10796,I106165777
10797,I52357470
10798,I161318765
10799,I51556381
10800,I95457486
10801,I157725225
10802,I107672454
10803,I84218800
10804,I103635307
10805,I111088046
10806,I1321305853
10807,I145311948
10808,I4387153128
10809,I223532165
10810,I36258959
10811,I219193219
10812,I52669646
10813,I185103710
10814,I103635307
10815,I204250578
10816,I95457486
10817,I12912129
10818,I12912129
10819,I23732399
10820,I173288447
10821,I219193219
10822,I91045830
10823,I157638225
10824,I1338124936
10825,I114027177
10826,I32389192
10827,I181565077
10828,I122411786
10829,I99041443
10830,I189590672
10831,I1174212
10832,I84475105
10833,I146416000
10834,I205783295
10835,I36258959
10836,I167576493
10837,I83328450
10838,I63966007
10839,I1331384533
10840,I121820613
10841,I44854399
10842,I173911158
10843,I75027704
10844,I114027177
10845,I78715868
10846,I205783295
10847,I181233156
10848,I74775410
10849,I19700959
10850,I40347166
10851,I4391767840
10852,I219193219
10853,I130769515
10854,I44461941
10855,I170201317
10856,I140172145
10857,I82497590
10858,I51556381
10859,I8078737
10860,I145311948
10861,I66946132
10862,I78577930
10863,I107672454
10864,I36258959
10865,I103163165
10866,I110152177
10867,I78577930
10868,I86519309
10869,I17301866
10870,I91045830
10871,I140172145
10872,I107639228
10873,I111236770
10874,I140172145
10875,I1321305853
10876,I55732556
10877,I59553526
10878,I78577930
10879,I78577930
10880,I368840534
10881,I161318765
10882,I223532165
10883,I223532165
10884,I189196454
10885,I120156002
10886,I141472210
10887,I188538660
10888,I51504820
10889,I181233156
10890,I185103710
10891,I95457486
10892,I155093810
10893,I156087764
10894,I84218800
10895,I26538001
10896,I84218800
10897,I156087764
10898,I16269868
10899,I173911158
10900,I36258959
10901,I12315562
10902,I2613432
10903,I55732556
10904,I130701444
10905,I4391767840
10906,I138006243
10907,I136199984
10908,I189196454
10909,I200719446
10910,I114395901
10911,I36258959
10912,I167576493
10913,I180949307
10914,I23732399
10915,I111979921
10916,I114395901
10917,I188538660
10918,I859038795
10919,I19700959
10920,I205783295
10921,I204250578
10922,I170201317
10923,I130701444
10924,I145311948
10925,I204465549
10926,I140172145
10927,I161318765
10928,I108468826
10929,I57206974
10930,I33213144
10931,I118118575
10932,I102322142
10933,I92446798
10934,I114027177
10935,I39422238
10936,I157725225
10937,I137902535
10938,I200719446
10939,I63135867
10940,I39422238
10941,I201448701
10942,I130238516
10943,I84218800
10944,I185103710
10945,I57206974
10946,I84218800
10947,I32971472
10948,I204250578
10949,I12315562
10950,I2613432
10951,I63966007
10952,I17301866
10953,I103635307
10954,I219193219
10955,I162577319
10956,I200719446
10957,I4391767840
10958,I204465549
10959,I219193219
10960,I79576946
10961,I81365321
10962,I19700959
10963,I201448701
10964,I40347166
10965,I55732556
10966,I19700959
10967,I95457486
10968,I51504820
10969,I5388228
10970,I189196454
10971,I204250578
10972,I12912129
10973,I201448701
10974,I111979921
10975,I4391767840
10976,I185103710
10977,I66946132
10978,I86519309
10979,I114395901
10980,I205783295
10981,I130701444
10982,I51556381
10983,I204250578
10984,I27837315
10985,I201448701
10986,I170897317
10987,I84392919
10988,I161318765
10989,I95457486
10990,I12315562
10991,I27804330
10992,I133543626
10993,I167576493
10994,I63966007
10995,I63966007
10996,I82497590
10997,I7947594
10998,I95457486
10999,I86519309
11000,I58956616
11001,I137902535
11002,I146416000
11003,I146416000
11004,I131249849
11005,I138006243
11006,I114395901
11007,I178169726
11008,I44265643
11009,I11957088
11010,I188538660
11011,I188674872
11012,I219193219
11013,I106165777
11014,I75027704
11015,I921990950
11016,I106107269
11017,I145608581
11018,I177721651
11019,I40347166
11020,I106165777
11021,I4387153128
11022,I592451
11023,I82497590
11024,I102322142
11025,I1331384533
11026,I107639228
11027,I59553526
11028,I162577319
11029,I27837315
11030,I181565077
11031,I130769515
11032,I166972335
11033,I173911158
11034,I107077323
11035,I5388228
11036,I201448701
11037,I169521973
11038,I97018004
11039,I63772739
11040,I8078737
11041,I20089843
11042,I161057412
11043,I97018004
11044,I186143895
11045,I59130452
11046,I1331384533
11047,I12912129
11048,I57328836
11049,I27837315
11050,I17301866
11051,I27804330
11052,I106165777
11053,I17301866
11054,I27837315
11055,I78715868
11056,I97018004
11057,I17301866
11058,I78715868
11059,I92446798
11060,I188538660
11061,I1321305853
11062,I130701444
11063,I110378019
11064,I205783295
11065,I8078737
11066,I157394403
11067,I27837315
11068,I188538660
11069,I130701444
11070,I137902535
11071,I66946132
11072,I102322142
11073,I135310074
11074,I63966007
11075,I74775410
11076,I133999245
11077,I120156002
11078,I59553526
11079,I55732556
11080,I201448701
11081,I167576493
11082,I121934306
11083,I115475287
11084,I189774192
11085,I55732556
11086,I205783295
11087,I74973139
11088,I145311948
11089,I135310074
11090,I135310074
11091,I97018004
11092,I74973139
11093,I27837315
11094,I130769515
11095,I97018004
11096,I135310074
11097,I87216513
11098,I82497590
11099,I141720752
11100,I103163165
11101,I107639228
11102,I1925986
11103,I24603500
11104,I8078737
11105,I24603500
11106,I592451
11107,I2800280925
11108,I122266389
11109,I106165777
11110,I27837315
11111,I74775410
11112,I130238516
11113,I72951846
11114,I1331384533
11115,I66946132
11116,I33213144
11117,I145311948
11118,I1925986
11119,I26538001
11120,I103635307
11121,I200719446
11122,I173911158
11123,I130769515
11124,I17626003
11125,I27837315
11126,I95457486
11127,I58956616
11128,I63190737
11129,I121820613
11130,I140172145
11131,I126345244
11132,I92446798
11133,I4387153128
11134,I157725225
11135,I157394403
11136,I201448701
11137,I392282
11138,I204465549
11139,I867280407
11140,I180670191
11141,I84218800
11142,I204250578
11143,I84218800
11144,I55732556
11145,I1321305853
11146,I17626003
11147,I592451
11148,I184840846
11149,I27837315
11150,I63772739
11151,I58956616
11152,I27804330
11153,I592451
11154,I162577319
11155,I87216513
11156,I59553526
11157,I205783295
11158,I136199984
11159,I33213144
11160,I59553526
11161,I23732399
11162,I51556381
11163,I24571045
11164,I51556381
11165,I63772739
11166,I17301866
11167,I20089843
11168,I121980950
11169,I52357470
11170,I130769515
11171,I140172145
11172,I130701444
11173,I162714631
11174,I20089843
11175,I859038795
11176,I27837315
11177,I106165777
11178,I131249849
11179,I130701444
11180,I130701444
11181,I121934306
11182,I20089843
11183,I136199984
11184,I162714631
11185,I66946132
11186,I24603500
11187,I32971472
11188,I44461941
11189,I170201317
11190,I859038795
11191,I95457486
11192,I162714631
11193,I57328836
11194,I162577319
11195,I130769515
11196,I1338920048
11197,I111088046
11198,I4210115256
11199,I44265643
11200,I201448701
11201,I63966007
11202,I107639228
11203,I121820613
11204,I205783295
11205,I63772739
11206,I107077323
11207,I24603500
11208,I33213144
11209,I39422238
11210,I82497590
11211,I205783295
11212,I72816309
11213,I103635307
11214,I95457486
11215,I4391767840
11216,I17301866
11217,I103635307
11218,I106165777
11219,I79272384
11220,I859038795
11221,I592451
11222,I130701444
11223,I36258959
11224,I169335092
11225,I103635307
11226,I74973139
11227,I94658018
11228,I185103710
11229,I155173764
11230,I55732556
11231,I169615421
11232,I130701444
11233,I1925986
11234,I186143895
11235,I145311948
11236,I111088046
11237,I145311948
11238,I55732556
11239,I27837315
11240,I23732399
11241,I5388228
11242,I4387153128
11243,I55732556
11244,I51556381
11245,I66946132
11246,I130769515
11247,I55732556
11248,I130769515
11249,I55732556
11250,I33213144
11251,I859038795
11252,I51556381
11253,I39422238
11254,I95457486
11255,I157725225
11256,I47251452
11257,I115475287
11258,I131249849
11259,I204465549
11260,I27837315
11261,I74973139
11262,I157725225
11263,I27837315
11264,I86519309
11265,I118118575
11266,I4210115145
11267,I79576946
11268,I4391767840
11269,I185103710
11270,I97018004
11271,I170897317
11272,I70983195
11273,I114027177
11274,I33213144
11275,I20089843
11276,I103635307
11277,I150693791
11278,I82497590
11279,I44265643
11280,I12097938
11281,I157725225
11282,I145311948
11283,I157725225
11284,I146416000
11285,I52357470
11286,I20089843
11287,I157725225
11288,I4391767840
11289,I74973139
11290,I82495205
11291,I143302722
11292,I170897317
11293,I19700959
11294,I223532165
11295,I4387153128
11296,I79576946
11297,I52357470
11298,I19700959
11299,I74973139
11300,I123946342
11301,I12097938
11302,I142740786
11303,I859038795
11304,I51556381
11305,I193531525
11306,I1174212
11307,I188538660
11308,I78715868
11309,I8078737
11310,I51556381
11311,I74973139
11312,I193531525
11313,I135310074
11314,I205783295
11315,I170897317
11316,I63966007
11317,I26538001
11318,I135310074
11319,I66946132
11320,I149910238
11321,I74775410
11322,I79576946
11323,I52357470
11324,I173911158
11325,I155781252
11326,I52357470
11327,I66946132
11328,I79272384
11329,I173911158
11330,I72951846
11331,I66946132
11332,I79576946
11333,I137902535
11334,I123946342
11335,I145311948
11336,I103635307
11337,I106165777
11338,I123946342
11339,I55732556
11340,I33213144
11341,I154570441
11342,I4387153128
11343,I181565077
11344,I859038795
11345,I186143895
11346,I146416000
11347,I155173764
11348,I82497590
11349,I75027704
11350,I114395901
11351,I111236770
11352,I120156002
11353,I157394403
11354,I39694355
11355,I95457486
11356,I63966007
11357,I165951966
11358,I66946132
11359,I137902535
11360,I219193219
11361,I66946132
11362,I120156002
11363,I140172145
11364,I219193219
11365,I7863295
11366,I78577930
11367,I74973139
11368,I223532165
11369,I150468666
11370,I123534392
11371,I86519309
11372,I108468826
11373,I74973139
11374,I162577319
11375,I189590672
11376,I55732556
11377,I130701444
11378,I44461941
11379,I204465549
11380,I131249849
11381,I82495205
11382,I161318765
11383,I204465549
11384,I4391767840
11385,I126345244
11386,I121820613
11387,I188538660
11388,I162577319
11389,I189590672
11390,I161318765
11391,I157725225
11392,I157725225
11393,I111979921
11394,I189196454
11395,I40347166
11396,I134113660
11397,I8692664
11398,I921990950
11399,I157725225
11400,I55732556
11401,I51504820
11402,I138006243
11403,I157725225
11404,I188538660
11405,I130769515
11406,I131249849
11407,I185103710
11408,I27825529
11409,I1174212
11410,I36258959
11411,I92446798
11412,I1174212
11413,I133543626
11414,I150209017
11415,I1174212
11416,I161318765
11417,I36258959
11418,I55732556
11419,I72951846
11420,I122411786
11421,I121980950
11422,I161318765
11423,I5388228
11424,I859038795
11425,I170201317
11426,I86501945
11427,I138006243
11428,I24603500
11429,I130769515
11430,I106165777
11431,I66946132
11432,I107639228
11433,I859038795
11434,I130701444
11435,I86501945
11436,I130238516
11437,I87216513
11438,I130701444
11439,I27837315
11440,I27837315
11441,I72816309
11442,I106165777
11443,I185443292
11444,I157725225
11445,I27837315
11446,I130769515
11447,I87216513
11448,I87216513
11449,I107672454
11450,I170201317
11451,I157725225
11452,I70983195
11453,I12912129
11454,I27837315
11455,I170201317
11456,I103163165
11457,I859038795
11458,I137902535
11459,I107639228
11460,I919208787
11461,I110152177
11462,I103531236
11463,I52357470
11464,I106165777
11465,I130769515
11466,I107672454
11467,I130769515
11468,I74973139
11469,I136199984
11470,I170201317
11471,I223532165
11472,I8692664
11473,I79576946
11474,I27804330
11475,I52357470
11476,I130769515
11477,I5388228
11478,I79576946
11479,I134113660
11480,I84392919
11481,I57206974
11482,I142740786
11483,I12315562
11484,I121820613
11485,I130238516
11486,I123534392
11487,I130769515
11488,I78577930
11489,I137853757
11490,I75027704
11491,I78577930
11492,I63966007
11493,I33213144
11494,I130701444
11495,I55732556
11496,I859038795
11497,I186143895
11498,I107077323
11499,I165799507
11500,I130701444
11501,I204465549
11502,I185443292
11503,I118118575
11504,I136199984
11505,I63190737
11506,I130769515
11507,I66946132
11508,I74973139
11509,I114395901
11510,I200719446
11511,I63966007
11512,I72951846
11513,I82497590
11514,I122411786
11515,I114027177
11516,I133738476
11517,I103635307
11518,I137902535
11519,I8692664
11520,I120156002
11521,I184565670
11522,I146416000
11523,I24603500
11524,I137902535
11525,I72816309
11526,I108468826
11527,I167576493
11528,I108468826
11529,I78577930
11530,I11957088
11531,I130701444
11532,I79576946
11533,I157725225
11534,I134113660
11535,I219193219
11536,I4391767840
11537,I130701444
11538,I118118575
11539,I146416000
11540,I86519309
11541,I4391767840
11542,I165799507
11543,I130769515
11544,I91045830
11545,I86519309
11546,I157725225
11547,I133738476
11548,I17301866
11549,I901861585
11550,I189590672
11551,I165799507
11552,I157725225
11553,I201448701
11554,I78577930
11555,I78577930
11556,I166088655
11557,I83041322
11558,I27837315
11559,I193531525
11560,I92446798
11561,I219193219
11562,I118118575
11563,I4391767840
11564,I130238516
11565,I115475287
11566,I161318765
11567,I103531236
11568,I75027704
11569,I167576493
11570,I51556381
11571,I27804330
11572,I173911158
11573,I20382870
11574,I130238516
11575,I200719446
11576,I78577930
11577,I55732556
11578,I223532165
11579,I219193219
11580,I84475105
11581,I219193219
11582,I859038795
11583,I107077323
11584,I51556381
11585,I140172145
11586,I219193219
11587,I2613432
11588,I84392919
11589,I111979921
11590,I205783295
11591,I125687163
11592,I140172145
11593,I72816309
11594,I4391767840
11595,I130701444
11596,I82497590
11597,I63772739
11598,I72951846
11599,I177328695
11600,I79576946
11601,I40347166
11602,I95457486
11603,I111455621
11604,I167576493
11605,I157725225
11606,I1174212
11607,I150209017
11608,I40347166
11609,I12315562
11610,I55732556
11611,I121820613
11612,I102607778
11613,I130238516
11614,I173911158
11615,I55732556
11616,I189590672
11617,I39422238
11618,I36053171
11619,I160856358
11620,I1174212
11621,I188538660
11622,I154570441
11623,I12834331
11624,I181233156
11625,I2799389969
11626,I155093810
11627,I55732556
11628,I188538660
11629,I201448701
11630,I154570441
11631,I55732556
11632,I55732556
11633,I204250578
11634,I107639228
11635,I27837315
11636,I106165777
11637,I27837315
11638,I859038795
11639,I111236770
11640,I75027704
11641,I110378019
11642,I135310074
11643,I205783295
11644,I186143895
11645,I57328836
11646,I130238516
11647,I8078737
11648,I173911158
11649,I63966007
11650,I111088046
11651,I145608581
11652,I141720752
11653,I121820613
11654,I125687163
11655,I20089843
11656,I130769515
11657,I169615421
11658,I106165777
11659,I70983195
11660,I55732556
11661,I111979921
11662,I130238516
11663,I167576493
11664,I91045830
11665,I130701444
11666,I130769515
11667,I219193219
11668,I92446798
11669,I219193219
11670,I157725225
11671,I165799507
11672,I173911158
11673,I146416000
11674,I150468666
11675,I70983195
11676,I140172145
11677,I157725225
11678,I7863295
11679,I157394403
11680,I44854399
11681,I94658018
11682,I154570441
11683,I204250578
11684,I133738476
11685,I219193219
11686,I145311948
11687,I86501945
11688,I12097938
11689,I102149020
11690,I95457486
11691,I123534392
11692,I145311948
11693,I107639228
11694,I169521973
11695,I82497590
11696,I66946132
11697,I204250578
11698,I95457486
11699,I27837315
11700,I154570441
11701,I130238516
11702,I111088046
11703,I138006243
11704,I150468666
11705,I12912129
11706,I52357470
11707,I107672454
11708,I84392919
11709,I145311948
11710,I12097938
11711,I111979921
11712,I39422238
11713,I74775410
11714,I79576946
11715,I74973139
11716,I188538660
11717,I59553526
11718,I157725225
11719,I130769515
11720,I204465549
11721,I1174212
11722,I1629065
11723,I186143895
11724,I135310074
11725,I27804330
11726,I188538660
11727,I103635307
11728,I74775410
11729,I154570441
11730,I32971472
11731,I130701444
11732,I162577319
11733,I111088046
11734,I200719446
11735,I180949307
11736,I188538660
11737,I111236770
11738,I52669646
11739,I130769515
11740,I86519309
11741,I130769515
11742,I165799507
11743,I99041443
11744,I102322142
11745,I161318765
11746,I12912129
11747,I40347166
11748,I78577930
11749,I103163165
11750,I111088046
11751,I107639228
11752,I36258959
11753,I78715868
11754,I123431417
11755,I161318765
11756,I205783295
11757,I138006243
11758,I130701444
11759,I157725225
11760,I188538660
11761,I86519309
11762,I63966007
11763,I121820613
11764,I99041443
11765,I92446798
11766,I63190737
11767,I131249849
11768,I24603500
11769,I130238516
11770,I162577319
11771,I52357470
11772,I140172145
11773,I87208437
11774,I173911158
11775,I392282
11776,I167576493
11777,I161318765
11778,I157725225
11779,I133543626
11780,I1331384533
11781,I189590672
11782,I123534392
11783,I223532165
11784,I126345244
11785,I146416000
11786,I95457486
11787,I188538660
11788,I23732399
11789,I223532165
11790,I204250578
11791,I120156002
11792,I201448701
11793,I131249849
11794,I103635307
11795,I55486353
11796,I156087764
11797,I161318765
11798,I36258959
11799,I205783295
11800,I86519309
11801,I27825529
11802,I84392919
11803,I86519309
11804,I157725225
11805,I157725225
11806,I107639228
11807,I137902535
11808,I70983195
11809,I40347166
11810,I27837315
11811,I57206974
11812,I95457486
11813,I16944753
11814,I44265643
11815,I126307644
11816,I157725225
11817,I201448701
11818,I74973139
11819,I130769515
11820,I72816309
11821,I162577319
11822,I4391767840
11823,I205783295
11824,I32971472
11825,I114027177
11826,I130238516
11827,I1174212
11828,I1925986
11829,I86501945
11830,I84392919
11831,I219193219
11832,I130769515
11833,I33213144
11834,I92446798
11835,I33213144
11836,I19700959
11837,I170897317
11838,I137902535
11839,I204250578
11840,I59553526
11841,I130769515
11842,I130769515
11843,I27837315
11844,I137902535
11845,I57206974
11846,I84218800
11847,I97018004
11848,I63966007
11849,I4405258494
11850,I8248082
11851,I51556381
11852,I72816309
11853,I135310074
11854,I12912129
11855,I8078737
11856,I78577930
11857,I12912129
11858,I57206974
11859,I86501945
11860,I149919469
11861,I102149020
11862,I2801289597
11863,I155781252
11864,I33213144
11865,I86519309
11866,I100005738
11867,I135310074
11868,I137902535
11869,I86519309
11870,I102322142
11871,I59553526
11872,I111979921
11873,I51556381
11874,I106165777
11875,I36258959
11876,I36258959
11877,I201448701
11878,I86519309
11879,I58956616
11880,I97018004
11881,I204465549
11882,I95457486
11883,I201448701
11884,I2750212522
11885,I66946132
11886,I97018004
11887,I87216513
11888,I24603500
11889,I74775410
11890,I103163165
11891,I95457486
11892,I157725225
11893,I130701444
11894,I87216513
11895,I12315562
11896,I66946132
11897,I157725225
11898,I130769515
11899,I130701444
11900,I203172682
11901,I32971472
11902,I74973139
11903,I12912129
11904,I135310074
11905,I67789559
11906,I97018004
11907,I86519309
11908,I205783295
11909,I20382870
11910,I32971472
11911,I207123951
11912,I170201317
11913,I111088046
11914,I51556381
11915,I135310074
11916,I79576946
11917,I204250578
11918,I33213144
11919,I140172145
11920,I131249849
11921,I155781252
11922,I133543626
11923,I63135867
11924,I138873065
11925,I108468826
11926,I13511017
11927,I39660569
11928,I111979921
11929,I4391767840
11930,I95457486
11931,I162714631
11932,I84218800
11933,I188538660
11934,I57206974
11935,I82497590
11936,I184565670
11937,I4391767840
11938,I92446798
11939,I134113660
11940,I107672454
11941,I7863295
11942,I201448701
11943,I1174212
11944,I75027704
11945,I24603500
11946,I51556381
11947,I162577319
11948,I137902535
11949,I130785548
11950,I130769515
11951,I203172682
11952,I181233156
11953,I161318765
11954,I83328450
11955,I24603500
11956,I177721651
11957,I111979921
11958,I95457486
11959,I84218800
11960,I150693791
11961,I5388228
11962,I51556381
11963,I200719446
11964,I33213144
11965,I131651094
11966,I107639228
11967,I86519309
11968,I155173764
11969,I173911158
11970,I170897317
11971,I84218800
11972,I170897317
11973,I82497590
11974,I52357470
11975,I188538660
11976,I63966007
11977,I130238516
11978,I7863295
11979,I859038795
11980,I74973139
11981,I223532165
11982,I205783295
11983,I188538660
11984,I170201317
11985,I74973139
11986,I170897317
11987,I184840846
11988,I74973139
11989,I40347166
11990,I92446798
11991,I189196454
11992,I110152177
11993,I44461941
11994,I173911158
11995,I44461941
11996,I226560621
11997,I84218800
11998,I36258959
11999,I154570441
12000,I78715868
12001,I87216513
12002,I94658018
12003,I114832834
12004,I16285277
12005,I145311948
12006,I137902535
12007,I204250578
12008,I52357470
12009,I4387153128
12010,I23732399
12011,I20089843
12012,I17301866
12013,I72951846
12014,I1321305853
12015,I130238516
12016,I130915974
12017,I143302722
12018,I57206974
12019,I78715868
12020,I184813773
12021,I87216513
12022,I130769515
12023,I20089843
12024,I123946342
12025,I170201317
12026,I184840846
12027,I170897317
12028,I103163165
12029,I204465549
12030,I111979921
12031,I154570441
12032,I75027704
12033,I127328727
12034,I130701444
12035,I157725225
12036,I137902535
12037,I8692664
12038,I143302722
12039,I27837315
12040,I12912129
12041,I130238516
12042,I20089843
12043,I66946132
12044,I5388228
12045,I86519309
12046,I12097938
12047,I4210107475
12048,I201448701
12049,I1321305853
12050,I162577319
12051,I78577930
12052,I44461941
12053,I84218800
12054,I135310074
12055,I165951966
12056,I5388228
12057,I118118575
12058,I2613432
12059,I52357470
12060,I185443292
12061,I13511017
12062,I201448701
12063,I12912129
12064,I63966007
12065,I79576946
12066,I63190737
12067,I178169726
12068,I75027704
12069,I137902535
12070,I82495205
12071,I170897317
12072,I52357470
12073,I150468666
12074,I201448701
12075,I63966007
12076,I24603500
12077,I165951966
12078,I142740786
12079,I74973139
12080,I135310074
12081,I186143895
12082,I66946132
12083,I126307644
12084,I87216513
12085,I126307644
12086,I91045830
12087,I135310074
12088,I114395901
12089,I158012942
12090,I94658018
12091,I157638225
12092,I169521973
12093,I430192
12094,I201448701
12095,I81365321
12096,I165799507
12097,I188538660
12098,I1174212
12099,I108468826
12100,I63772739
12101,I33213144
12102,I167576493
12103,I75929689
12104,I84218800
12105,I87216513
12106,I35364215
12107,I87216513
12108,I108468826
12109,I219193219
12110,I170201317
12111,I52357470
12112,I13511017
12113,I40347166
12114,I204465549
12115,I204465549
12116,I223532165
12117,I36258959
12118,I52669646
12119,I201448701
12120,I5388228
12121,I63135867
12122,I63966007
12123,I145608581
12124,I12912129
12125,I135310074
12126,I859038795
12127,I32389192
12128,I107639228
12129,I27837315
12130,I107139065
12131,I219193219
12132,I201448701
12133,I126307644
12134,I114027177
12135,I44265643
12136,I118746106
12137,I157394403
12138,I27837315
12139,I58956616
12140,I17301866
12141,I126307644
12142,I201448701
12143,I201448701
12144,I201448701
12145,I33213144
12146,I1174212
12147,I20382870
12148,I205139184
12149,I8078737
12150,I121980950
12151,I16269868
12152,I79576946
12153,I76835614
12154,I36258959
12155,I58956616
12156,I97018004
12157,I87216513
12158,I79576946
12159,I97018004
12160,I130238516
12161,I130769515
12162,I130701444
12163,I8078737
12164,I201448701
12165,I130769515
12166,I27804330
12167,I165951966
12168,I51556381
12169,I27804330
12170,I1331384533
12171,I63190737
12172,I138006243
12173,I143302722
12174,I130238516
12175,I130238516
12176,I4391767840
12177,I154570441
12178,I66946132
12179,I135310074
12180,I78577930
12181,I921990950
12182,I143302722
12183,I130701444
12184,I137902535
12185,I138006243
12186,I185103710
12187,I33213144
12188,I204465549
12189,I1174212
12190,I78577930
12191,I55732556
12192,I138006243
12193,I103635307
12194,I86519309
12195,I92446798
12196,I55732556
12197,I188538660
12198,I188538660
12199,I97018004
12200,I223532165
12201,I102149020
12202,I107363760
12203,I44461941
12204,I60060512
12205,I130769515
12206,I201448701
12207,I63966007
12208,I59553526
12209,I27837315
12210,I135310074
12211,I87216513
12212,I106165777
12213,I130701444
12214,I4210104314
12215,I130238516
12216,I145311948
12217,I8692664
12218,I27837315
12219,I135310074
12220,I114027177
12221,I130769515
12222,I27837315
12223,I12315562
12224,I165799507
12225,I84392919
12226,I66946132
12227,I81365321
12228,I138006243
12229,I57328836
12230,I137902535
12231,I27837315
12232,I8692664
12233,I186143895
12234,I205783295
12235,I17301866
12236,I27837315
12237,I106165777
12238,I4210130704
12239,I859038795
12240,I205783295
12241,I110152177
12242,I157725225
12243,I57206974
12244,I12834331
12245,I205783295
12246,I149910238
12247,I103635307
12248,I130238516
12249,I107077323
12250,I123946342
12251,I121980950
12252,I91045830
12253,I121820613
12254,I24603500
12255,I79516672
12256,I205783295
12257,I87216513
12258,I123534392
12259,I103635307
12260,I123534392
12261,I55732556
12262,I106165777
12263,I114027177
12264,I165799507
12265,I121934306
12266,I66946132
12267,I162714631
12268,I134113660
12269,I97018004
12270,I74973139
12271,I140172145
12272,I188497080
12273,I917324061
12274,I97018004
12275,I172980758
12276,I134113660
12277,I149910238
12278,I63966007
12279,I52357470
12280,I8078737
12281,I106165777
12282,I124113063
12283,I99041443
12284,I32389192
12285,I106165777
12286,I51556381
12287,I87216513
12288,I32971472
12289,I33213144
12290,I4391767840
12291,I7947594
12292,I76835614
12293,I161318765
12294,I44461941
12295,I36258959
12296,I155173764
12297,I102322142
12298,I111979921
12299,I55732556
12300,I95457486
12301,I79576946
12302,I27825529
12303,I197173980
12304,I75027704
12305,I145311948
12306,I170201317
12307,I143302722
12308,I78577930
12309,I135310074
12310,I79576946
12311,I135310074
12312,I7947594
12313,I63966007
12314,I60138030
12315,I76835614
12316,I162714631
12317,I219193219
12318,I4391767840
12319,I24603500
12320,I143302722
12321,I12912129
12322,I219193219
12323,I186143895
12324,I55732556
12325,I84218800
12326,I36258959
12327,I36258959
12328,I130769515
12329,I32971472
12330,I24603500
12331,I121820613
12332,I111455621
12333,I102461120
12334,I203172682
12335,I12315562
12336,I170897317
12337,I186143895
12338,I27837315
12339,I136199984
12340,I121820613
12341,I162577319
12342,I135310074
12343,I82497590
12344,I184840846
12345,I52357470
12346,I131249849
12347,I27837315
12348,I188497080
12349,I130238516
12350,I27837315
12351,I205783295
12352,I130238516
12353,I103635307
12354,I24603500
12355,I219193219
12356,I63135867
12357,I207123951
12358,I96749437
12359,I61937129
12360,I12097938
12361,I140172145
12362,I156087764
12363,I51556381
12364,I219193219
12365,I170897317
12366,I181565077
12367,I13511017
12368,I154570441
12369,I103635307
12370,I103635307
12371,I4210106879
12372,I111088046
12373,I107672454
12374,I6902469
12375,I108468826
12376,I157725225
12377,I134113660
12378,I92446798
12379,I27804330
12380,I4391767840
12381,I32971472
12382,I134113660
12383,I26538001
12384,I921990950
12385,I2799357603
12386,I78577930
12387,I86519309
12388,I103635307
12389,I95457486
12390,I162577319
12391,I188538660
12392,I126345244
12393,I36258959
12394,I102322142
12395,I123534392
12396,I170897317
12397,I87208437
12398,I188538660
12399,I192389796
12400,I165951966
12401,I51504820
12402,I92446798
12403,I36258959
12404,I1174212
12405,I23732399
12406,I24603500
12407,I103635307
12408,I52669646
12409,I131249849
12410,I188538660
12411,I24603500
12412,I103635307
12413,I36258959
12414,I156087764
12415,I36258959
12416,I103635307
12417,I59553526
12418,I154570441
12419,I95457486
12420,I24603500
12421,I123431417
12422,I223532165
12423,I1331384533
12424,I84218800
12425,I103635307
12426,I223532165
12427,I223532165
12428,I36258959
12429,I74775410
12430,I36258959
12431,I28252208
12432,I137853757
12433,I180949307
12434,I63966007
12435,I145311948
12436,I17626003
12437,I859038795
12438,I75027704
12439,I27837315
12440,I87216513
12441,I79272384
12442,I17626003
12443,I86501945
12444,I859038795
12445,I79576946
12446,I859038795
12447,I108468826
12448,I111088046
12449,I859038795
12450,I167576493
12451,I39422238
12452,I66958751
12453,I111236770
12454,I59553526
12455,I121820613
12456,I44461941
12457,I157725225
12458,I102322142
12459,I79516672
12460,I75027704
12461,I186143895
12462,I130769515
12463,I51556381
12464,I130769515
12465,I135310074
12466,I63190737
12467,I111236770
12468,I185443292
12469,I157725225
12470,I74973139
12471,I107077323
12472,I156087764
12473,I79576946
12474,I99041443
12475,I57206974
12476,I205783295
12477,I130238516
12478,I123946342
12479,I103163165
12480,I51556381
12481,I74775410
12482,I74973139
12483,I155707491
12484,I20382870
12485,I57206974
12486,I133738476
12487,I103163165
12488,I51556381
12489,I98704320
12490,I111979921
12491,I55732556
12492,I859038795
12493,I123946342
12494,I51556381
12495,I130769515
12496,I204465549
12497,I24603500
12498,I184840846
12499,I921990950
12500,I74973139
12501,I111088046
12502,I177156846
12503,I7947594
12504,I189196454
12505,I74973139
12506,I114832834
12507,I103635307
12508,I97018004
12509,I121820613
12510,I100005738
12511,I207123951
12512,I131249849
12513,I137902535
12514,I12912129
12515,I8078737
12516,I888729015
12517,I165799507
12518,I135310074
12519,I188538660
12520,I157725225
12521,I23732399
12522,I16269868
12523,I161318765
12524,I27804330
12525,I86519309
12526,I140172145
12527,I1174212
12528,I205783295
12529,I86519309
12530,I859038795
12531,I107639228
12532,I63966007
12533,I157725225
12534,I5388228
12535,I27804330
12536,I131249849
12537,I7947594
12538,I78577930
12539,I103635307
12540,I130769515
12541,I156087764
12542,I102322142
12543,I57206974
12544,I204250578
12545,I170201317
12546,I75027704
12547,I52357470
12548,I32971472
12549,I87547150
12550,I204250578
12551,I79576946
12552,I170897317
12553,I36258959
12554,I223532165
12555,I86519309
12556,I78577930
12557,I161318765
12558,I167576493
12559,I36258959
12560,I121820613
12561,I114395901
12562,I84218800
12563,I219193219
12564,I133999245
12565,I92446798
12566,I58956616
12567,I86519309
12568,I185103710
12569,I592451
12570,I130769515
12571,I20089843
12572,I173911158
12573,I157725225
12574,I8078737
12575,I919571938
12576,I95457486
12577,I63772739
12578,I137853757
12579,I8078737
12580,I66946132
12581,I121820613
12582,I145311948
12583,I169521973
12584,I130769515
12585,I10052268
12586,I36258959
12587,I162577319
12588,I157725225
12589,I107639228
12590,I146416000
12591,I188538660
12592,I102322142
12593,I24571045
12594,I63772739
12595,I125687163
12596,I188538660
12597,I84218800
12598,I12912129
12599,I186143895
12600,I135310074
12601,I134113660
12602,I208333798
12603,I131651094
12604,I6902469
12605,I66946132
12606,I204465549
12607,I107639228
12608,I26538001
12609,I154570441
12610,I79516672
12611,I51556381
12612,I149521062
12613,I592451
12614,I223532165
12615,I165799507
12616,I114027177
12617,I55732556
12618,I188538660
12619,I40347166
12620,I36258959
12621,I136199984
12622,I44461941
12623,I55732556
12624,I161057412
12625,I123946342
12626,I12912129
12627,I156087764
12628,I12912129
12629,I103531236
12630,I170201317
12631,I32971472
12632,I70983195
12633,I114027177
12634,I130701444
12635,I181233156
12636,I205783295
12637,I17301866
12638,I12912129
12639,I204250578
12640,I188538660
12641,I137902535
12642,I223532165
12643,I130701444
12644,I79576946
12645,I219193219
12646,I51556381
12647,I205783295
12648,I223532165
12649,I4210089486
12650,I114395901
12651,I137853757
12652,I74775410
12653,I161318765
12654,I145311948
12655,I111236770
12656,I52357470
12657,I157725225
12658,I1331384533
12659,I12912129
12660,I157725225
12661,I95457486
12662,I92446798
12663,I114395901
12664,I58956616
12665,I71838634
12666,I74973139
12667,I111088046
12668,I114027177
12669,I131651094
12670,I140172145
12671,I133738476
12672,I20089843
12673,I111979921
12674,I78577930
12675,I368840534
12676,I8078737
12677,I78715868
12678,I193531525
12679,I36258959
12680,I84218800
12681,I82497590
12682,I57206974
12683,I103531236
12684,I204250578
12685,I219193219
12686,I592451
12687,I1174212
12688,I74973139
12689,I130769515
12690,I74973139
12691,I142740786
12692,I114027177
12693,I157725225
12694,I40347166
12695,I204465549
12696,I122411786
12697,I204250578
12698,I79576946
12699,I82495205
12700,I165799507
12701,I123946342
12702,I392282
12703,I155781252
12704,I79576946
12705,I133999245
12706,I63966007
12707,I16285277
12708,I204465549
12709,I103635307
12710,I140172145
12711,I859038795
12712,I114493937
12713,I155173764
12714,I84218800
12715,I99041443
12716,I55732556
12717,I36258959
12718,I27804330
12719,I177097968
12720,I177097968
12721,I102149020
12722,I177308816
12723,I135310074
12724,I137902535
12725,I145311948
12726,I79576946
12727,I20089843
12728,I392282
12729,I99041443
12730,I205783295
12731,I84218800
12732,I592451
12733,I8078737
12734,I205783295
12735,I141810926
12736,I173911158
12737,I102149020
12738,I161318765
12739,I102322142
12740,I181565077
12741,I86519309
12742,I135310074
12743,I162577319
12744,I111088046
12745,I12315562
12746,I19700959
12747,I44854399
12748,I157725225
12749,I111979921
12750,I8078737
12751,I181565077
12752,I75256744
12753,I86501945
12754,I181233156
12755,I114027177
12756,I90871651
12757,I130701444
12758,I154570441
12759,I66946132
12760,I86501945
12761,I859038795
12762,I33434090
12763,I188538660
12764,I141450709
12765,I165951966
12766,I82497590
12767,I99041443
12768,I165799507
12769,I66946132
12770,I165799507
12771,I102322142
12772,I170201317
12773,I40347166
12774,I181565077
12775,I100633361
12776,I140172145
12777,I84218800
12778,I219193219
12779,I108468826
12780,I592451
12781,I79576946
12782,I32971472
12783,I106959904
12784,I1174212
12785,I130701444
12786,I110496330
12787,I39422238
12788,I107639228
12789,I137853757
12790,I72816309
12791,I4391767840
12792,I205783295
12793,I74973139
12794,I39587148
12795,I111979921
12796,I74973139
12797,I157725225
12798,I82495205
12799,I162577319
12800,I90871651
12801,I204465549
12802,I55732556
12803,I66946132
12804,I114395901
12805,I63190737
12806,I74973139
12807,I219193219
12808,I219193219
12809,I74973139
12810,I33434090
12811,I63190737
12812,I55732556
12813,I205783295
12814,I130701444
12815,I165799507
12816,I123946342
12817,I154570441
12818,I134113660
12819,I169521973
12820,I1174212
12821,I181233156
12822,I157725225
12823,I111979921
12824,I157725225
12825,I111979921
12826,I40347166
12827,I40347166
12828,I154570441
12829,I157725225
12830,I91045830
12831,I1174212
12832,I1307098950
12833,I154570441
12834,I84218800
12835,I4391767840
12836,I8692664
12837,I57328836
12838,I134113660
12839,I173911158
12840,I118353179
12841,I154570441
12842,I204250578
12843,I223532165
12844,I114832834
12845,I157725225
12846,I4391767840
12847,I74775410
12848,I17301866
12849,I161318765
12850,I12834331
12851,I188538660
12852,I122411786
12853,I36258959
12854,I150209017
12855,I1174212
12856,I161318765
12857,I188538660
12858,I92446798
12859,I161318765
12860,I181233156
12861,I204250578
12862,I55732556
12863,I154570441
12864,I55732556
12865,I1282927834
12866,I154570441
12867,I36258959
12868,I122411786
12869,I188538660
12870,I84218800
12871,I36258959
12872,I84218800
12873,I84218800
12874,I26538001
12875,I84218800
12876,I142934699
12877,I161318765
12878,I90708416
12879,I161318765
12880,I55732556
12881,I223532165
12882,I17626003
12883,I36258959
12884,I173911158
12885,I12912129
12886,I102322142
12887,I130701444
12888,I173288447
12889,I205783295
12890,I134113660
12891,I130238516
12892,I136199984
12893,I204250578
12894,I130701444
12895,I137902535
12896,I161318765
12897,I4391767840
12898,I102322142
12899,I79272384
12900,I4391767840
12901,I149919469
12902,I205783295
12903,I10052268
12904,I157725225
12905,I126345244
12906,I130769515
12907,I392282
12908,I12912129
12909,I87216513
12910,I57206974
12911,I130769515
12912,I137902535
12913,I84218800
12914,I97018004
12915,I150468666
12916,I219193219
12917,I135310074
12918,I55732556
12919,I86519309
12920,I52357470
12921,I108468826
12922,I52357470
12923,I859038795
12924,I204250578
12925,I150468666
12926,I135310074
12927,I1174212
12928,I136199984
12929,I185103710
12930,I125687163
12931,I57206974
12932,I188538660
12933,I170201317
12934,I111979921
12935,I52357470
12936,I55732556
12937,I33213144
12938,I201448701
12939,I114027177
12940,I181233156
12941,I40347166
12942,I95457486
12943,I36258959
12944,I12912129
12945,I63772739
12946,I51556381
12947,I55732556
12948,I63190737
12949,I84218800
12950,I137902535
12951,I157725225
12952,I39422238
12953,I4387153128
12954,I157725225
12955,I63190737
12956,I114027177
12957,I205783295
12958,I170897317
12959,I33213144
12960,I12912129
12961,I71838634
12962,I44461941
12963,I78577930
12964,I859038795
12965,I184759092
12966,I17301866
12967,I12097938
12968,I26538001
12969,I107672454
12970,I103163165
12971,I20089843
12972,I75027704
12973,I368840534
12974,I120156002
12975,I91045830
12976,I63966007
12977,I154570441
12978,I86519309
12979,I70983195
12980,I66946132
12981,I140172145
12982,I173911158
12983,I52357470
12984,I145402516
12985,I106165777
12986,I201448701
12987,I201448701
12988,I1174212
12989,I188538660
12990,I86519309
12991,I138006243
12992,I114027177
12993,I58956616
12994,I66946132
12995,I134113660
12996,I368840534
12997,I134113660
12998,I1331384533
12999,I17626003
13000,I154570441
13001,I11883440
13002,I157725225
13003,I1174212
13004,I201448701
13005,I12912129
13006,I2799886051
13007,I56722557
13008,I859038795
13009,I135310074
13010,I27837315
13011,I201448701
13012,I63920570
13013,I114832834
13014,I118118575
13015,I145608581
13016,I20089843
13017,I32389192
13018,I111455621
13019,I86501945
13020,I162714631
13021,I201448701
13022,I58956616
13023,I5388228
13024,I95457486
13025,I888729015
13026,I91045830
13027,I99041443
13028,I79576946
13029,I126307644
13030,I140172145
13031,I33213144
13032,I27837315
13033,I106165777
13034,I97018004
13035,I4391767840
13036,I162714631
13037,I185443292
13038,I205783295
13039,I27837315
13040,I107672454
13041,I63966007
13042,I27837315
13043,I32971472
13044,I33213144
13045,I102322142
13046,I94658018
13047,I201448701
13048,I27837315
13049,I204250578
13050,I130701444
13051,I133999245
13052,I4210103622
13053,I102607778
13054,I106165777
13055,I5388228
13056,I1331384533
13057,I130769515
13058,I97018004
13059,I204465549
13060,I161057412
13061,I27837315
13062,I103163165
13063,I74775410
13064,I33213144
13065,I27837315
13066,I27837315
13067,I87216513
13068,I78715868
13069,I115475287
13070,I201448701
13071,I4210130704
13072,I92446798
13073,I97018004
13074,I55732556
13075,I97018004
13076,I103635307
13077,I201448701
13078,I201448701
13079,I95457486
13080,I201448701
13081,I32389192
13082,I58956616
13083,I155781252
13084,I107639228
13085,I133738476
13086,I177721651
13087,I87216513
13088,I87216513
13089,I82497590
13090,I117309725
13091,I121820613
13092,I138006243
13093,I6902469
13094,I201448701
13095,I121820613
13096,I33213144
13097,I91045830
13098,I103163165
13099,I201448701
13100,I114395901
13101,I24603500
13102,I201448701
13103,I114395901
13104,I137902535
13105,I137902535
13106,I120156002
13107,I110325482
13108,I154570441
13109,I130701444
13110,I201448701
13111,I130769515
13112,I107639228
13113,I204465549
13114,I135310074
13115,I138006243
13116,I8692664
13117,I107077323
13118,I114395901
13119,I201448701
13120,I63966007
13121,I91045830
13122,I1174212
13123,I12912129
13124,I52669646
13125,I133738476
13126,I27837315
13127,I97018004
13128,I114395901
13129,I27837315
13130,I130769515
13131,I157725225
13132,I97018004
13133,I99041443
13134,I219193219
13135,I136199984
13136,I32971472
13137,I32971472
13138,I59553526
13139,I592451
13140,I52357470
13141,I66946132
13142,I138006243
13143,I66946132
13144,I106165777
13145,I188538660
13146,I7863295
13147,I184759092
13148,I114027177
13149,I115475287
13150,I40253897
13151,I145311948
13152,I189196454
13153,I145311948
13154,I130238516
13155,I97018004
13156,I138006243
13157,I57206974
13158,I157725225
13159,I19700959
13160,I97018004
13161,I136199984
13162,I27825529
13163,I135310074
13164,I100005738
13165,I79576946
13166,I84218800
13167,I201448701
13168,I201448701
13169,I55732556
13170,I185103710
13171,I97018004
13172,I84218800
13173,I97018004
13174,I203172682
13175,I100633361
13176,I16285277
13177,I87216513
13178,I16944753
13179,I27837315
13180,I140172145
13181,I4391767840
13182,I162714631
13183,I123946342
13184,I201448701
13185,I84392919
13186,I33213144
13187,I63135867
13188,I82497590
13189,I136199984
13190,I107639228
13191,I25041050
13192,I75027704
13193,I39422238
13194,I121820613
13195,I130769515
13196,I146416000
13197,I27804330
13198,I20089843
13199,I146416000
13200,I52357470
13201,I155093810
13202,I137853757
13203,I90871651
13204,I150209017
13205,I188538660
13206,I72816309
13207,I103163165
13208,I103531236
13209,I39422238
13210,I24603500
13211,I157725225
13212,I5388228
13213,I111236770
13214,I205783295
13215,I24603500
13216,I592451
13217,I102322142
13218,I185443292
13219,I177605424
13220,I162577319
13221,I859038795
13222,I201448701
13223,I63135867
13224,I27837315
13225,I185103710
13226,I205783295
13227,I51556381
13228,I219193219
13229,I135310074
13230,I33213144
13231,I27804330
13232,I103635307
13233,I178169726
13234,I33213144
13235,I392282
13236,I78577930
13237,I99041443
13238,I108468826
13239,I95457486
13240,I167576493
13241,I63966007
13242,I74775410
13243,I130769515
13244,I173911158
13245,I592451
13246,I114395901
13247,I137902535
13248,I140172145
13249,I51556381
13250,I63772739
13251,I27804330
13252,I63190737
13253,I205783295
13254,I204250578
13255,I20089843
13256,I55732556
13257,I157725225
13258,I161318765
13259,I103531236
13260,I138006243
13261,I130701444
13262,I78715868
13263,I5388228
13264,I145311948
13265,I70983195
13266,I859038795
13267,I156087764
13268,I184840846
13269,I140172145
13270,I26538001
13271,I130238516
13272,I130238516
13273,I84392919
13274,I178169726
13275,I130238516
13276,I87216513
13277,I130238516
13278,I219193219
13279,I20089843
13280,I592451
13281,I27804330
13282,I130769515
13283,I114027177
13284,I83328450
13285,I51504820
13286,I130238516
13287,I52357470
13288,I82497590
13289,I859038795
13290,I106165777
13291,I26538001
13292,I143302722
13293,I17301866
13294,I188538660
13295,I150468666
13296,I44461941
13297,I154570441
13298,I47251452
13299,I200719446
13300,I91045830
13301,I130238516
13302,I92446798
13303,I137902535
13304,I130238516
13305,I86501945
13306,I39422238
13307,I20089843
13308,I157725225
13309,I154570441
13310,I219193219
13311,I52357470
13312,I78577930
13313,I107077323
13314,I135310074
13315,I157725225
13316,I12912129
13317,I185103710
13318,I107077323
13319,I140172145
13320,I162714631
13321,I27837315
13322,I161318765
13323,I186143895
13324,I39422238
13325,I1174212
13326,I867280407
13327,I167576493
13328,I135474949
13329,I205783295
13330,I74775410
13331,I103635307
13332,I161318765
13333,I184647316
13334,I188538660
13335,I26538001
13336,I84218800
13337,I55732556
13338,I55732556
13339,I95457486
13340,I36258959
13341,I114395901
13342,I103635307
13343,I103163165
13344,I121980950
13345,I138006243
13346,I8692664
13347,I36258959
13348,I36258959
13349,I154570441
13350,I1331384533
13351,I106165777
13352,I91045830
13353,I83328450
13354,I133543626
13355,I138006243
13356,I4387153128
13357,I35777872
13358,I1321305853
13359,I84392919
13360,I188538660
13361,I4210115145
13362,I130769515
13363,I103531236
13364,I155781252
13365,I205783295
13366,I16285277
13367,I33213144
13368,I205783295
13369,I33213144
13370,I87216513
13371,I205783295
13372,I63966007
13373,I87216513
13374,I27837315
13375,I63966007
13376,I52357470
13377,I859038795
13378,I205783295
13379,I51556381
13380,I114027177
13381,I146416000
13382,I27837315
13383,I189590672
13384,I130701444
13385,I7947594
13386,I111236770
13387,I219193219
13388,I51556381
13389,I8078737
13390,I12097938
13391,I7947594
13392,I78577930
13393,I133738476
13394,I13511017
13395,I145608581
13396,I184647316
13397,I24861097
13398,I186143895
13399,I157725225
13400,I189957204
13401,I170201317
13402,I157725225
13403,I133738476
13404,I99041443
13405,I52357470
13406,I86501945
13407,I114027177
13408,I102461120
13409,I82497590
13410,I20089843
13411,I123946342
13412,I19700959
13413,I135310074
13414,I63920570
13415,I59553526
13416,I4387153128
13417,I130701444
13418,I859038795
13419,I170201317
13420,I130701444
13421,I156087764
13422,I82495205
13423,I8692664
13424,I103635307
13425,I205783295
13426,I859038795
13427,I130701444
13428,I155093810
13429,I196817621
13430,I145311948
13431,I170201317
13432,I72816309
13433,I219193219
13434,I24603500
13435,I107639228
13436,I17301866
13437,I111979921
13438,I135310074
13439,I107077323
13440,I205783295
13441,I19700959
13442,I52357470
13443,I135310074
13444,I86519309
13445,I33213144
13446,I5388228
13447,I145608581
13448,I100538780
13449,I118118575
13450,I99041443
13451,I107639228
13452,I130769515
13453,I165951966
13454,I106165777
13455,I82495205
13456,I39422238
13457,I114493937
13458,I40347166
13459,I114027177
13460,I161318765
13461,I87216513
13462,I1925986
13463,I135310074
13464,I97018004
13465,I78577930
13466,I74973139
13467,I130701444
13468,I592451
13469,I155781252
13470,I135310074
13471,I155173764
13472,I17626003
13473,I223532165
13474,I52357470
13475,I74775410
13476,I137902535
13477,I12912129
13478,I78577930
13479,I111088046
13480,I130769515
13481,I17301866
13482,I200719446
13483,I12912129
13484,I130701444
13485,I12315562
13486,I110152177
13487,I188538660
13488,I135310074
13489,I90871651
13490,I170897317
13491,I161057412
13492,I130769515
13493,I102149020
13494,I107672454
13495,I4391767840
13496,I103635307
13497,I78577930
13498,I219193219
13499,I134113660
13500,I27837315
13501,I24603500
13502,I155781252
13503,I130769515
13504,I859038795
13505,I102149020
13506,I140172145
13507,I75027704
13508,I107672454
13509,I90871651
13510,I12912129
13511,I177156846
13512,I107639228
13513,I51556381
13514,I135310074
13515,I55732556
13516,I173911158
13517,I157725225
13518,I78577930
13519,I162714631
13520,I63966007
13521,I1321305853
13522,I100633361
13523,I140172145
13524,I170897317
13525,I61937129
13526,I72951846
13527,I47838141
13528,I157725225
13529,I193531525
13530,I63920570
13531,I23732399
13532,I5388228
13533,I107672454
13534,I74775410
13535,I149919469
13536,I103635307
13537,I24861097
13538,I145311948
13539,I114832834
13540,I23732399
13541,I157394403
13542,I135369504
13543,I74973139
13544,I205783295
13545,I71838634
13546,I72816309
13547,I184565670
13548,I84218800
13549,I130769515
13550,I131249849
13551,I6750721
13552,I59553526
13553,I137902535
13554,I142740786
13555,I74775410
13556,I186335123
13557,I6750721
13558,I12912129
13559,I118118575
13560,I70983195
13561,I55732556
13562,I103635307
13563,I86519309
13564,I84392919
13565,I59897056
13566,I51556381
13567,I192545095
13568,I169521973
13569,I27804330
13570,I7947594
13571,I161057412
13572,I4391767840
13573,I51556381
13574,I130785548
13575,I859038795
13576,I392282
13577,I1174212
13578,I130701444
13579,I20089843
13580,I55732556
13581,I99041443
13582,I1321305853
13583,I155173764
13584,I40347166
13585,I95457486
13586,I122411786
13587,I82497590
13588,I592451
13589,I111979921
13590,I63190737
13591,I55732556
13592,I103163165
13593,I130238516
13594,I1174212
13595,I36258959
13596,I74973139
13597,I859038795
13598,I17301866
13599,I107672454
13600,I63190737
13601,I130701444
13602,I174612323
13603,I12315562
13604,I63190737
13605,I26538001
13606,I157725225
13607,I859038795
13608,I45536552
13609,I36258959
13610,I103635307
13611,I143302722
13612,I111088046
13613,I79576946
13614,I130701444
13615,I130769515
13616,I107672454
13617,I75027704
13618,I7947594
13619,I74973139
13620,I188538660
13621,I82497590
13622,I6750721
13623,I20089843
13624,I36258959
13625,I188538660
13626,I36258959
13627,I70983195
13628,I51556381
13629,I130769515
13630,I32971472
13631,I39422238
13632,I130701444
13633,I86519309
13634,I20089843
13635,I78577930
13636,I84392919
13637,I145311948
13638,I118118575
13639,I114027177
13640,I200719446
13641,I86501945
13642,I47251452
13643,I157725225
13644,I86519309
13645,I111088046
13646,I57206974
13647,I130701444
13648,I86519309
13649,I86519309
13650,I131249849
13651,I157725225
13652,I70983195
13653,I82495205
13654,I142740786
13655,I47251452
13656,I592451
13657,I44461941
13658,I219193219
13659,I205783295
13660,I130769515
13661,I137902535
13662,I86519309
13663,I111979921
13664,I185103710
13665,I165951966
13666,I178169726
13667,I157725225
13668,I108468826
13669,I185103710
13670,I32971472
13671,I40347166
13672,I86519309
13673,I592451
13674,I12912129
13675,I114832834
13676,I202524275
13677,I51556381
13678,I133738476
13679,I84392919
13680,I70983195
13681,I130769515
13682,I106969075
13683,I102461120
13684,I167576493
13685,I223532165
13686,I59553526
13687,I150468666
13688,I86519309
13689,I108468826
13690,I138006243
13691,I131249849
13692,I95457486
13693,I111979921
13694,I75027704
13695,I130769515
13696,I74775410
13697,I137902535
13698,I72951846
13699,I57206974
13700,I74775410
13701,I74973139
13702,I95457486
13703,I51556381
13704,I86519309
13705,I57206974
13706,I91045830
13707,I79576946
13708,I57206974
13709,I204250578
13710,I114395901
13711,I223532165
13712,I74775410
13713,I1331384533
13714,I66946132
13715,I201448701
13716,I7947594
13717,I121820613
13718,I4387153128
13719,I130769515
13720,I1174212
13721,I859038795
13722,I204250578
13723,I57206974
13724,I188538660
13725,I66946132
13726,I140172145
13727,I115475287
13728,I55732556
13729,I130701444
13730,I592451
13731,I63772739
13732,I205783295
13733,I111979921
13734,I99041443
13735,I97018004
13736,I51504820
13737,I84218800
13738,I156087764
13739,I51556381
13740,I52357470
13741,I92446798
13742,I91045830
13743,I74775410
13744,I161318765
13745,I130769515
13746,I16285277
13747,I4387153466
13748,I79272384
13749,I79576946
13750,I66946132
13751,I189957204
13752,I130701444
13753,I204465549
13754,I131249849
13755,I74973139
13756,I592451
13757,I51556381
13758,I140172145
13759,I79576946
13760,I74973139
13761,I160856358
13762,I66946132
13763,I74973139
13764,I20089843
13765,I59897056
13766,I203172682
13767,I103163165
13768,I158011677
13769,I103635307
13770,I130701444
13771,I79576946
13772,I134113660
13773,I219193219
13774,I154570441
13775,I184840846
13776,I134113660
13777,I140172145
13778,I181233156
13779,I82497590
13780,I86519309
13781,I122411786
13782,I188538660
13783,I157725225
13784,I122411786
13785,I71838634
13786,I204465549
13787,I86519309
13788,I122411786
13789,I219193219
13790,I55732556
13791,I40347166
13792,I207123951
13793,I207123951
13794,I55732556
13795,I181233156
13796,I223532165
13797,I114027177
13798,I219193219
13799,I1925986
13800,I223532165
13801,I203172682
13802,I223532165
13803,I134113660
13804,I44461941
13805,I26538001
13806,I1174212
13807,I203172682
13808,I219193219
13809,I55732556
13810,I126345244
13811,I84218800
13812,I134113660
13813,I84218800
13814,I219193219
13815,I1174212
13816,I84218800
13817,I55732556
13818,I95457486
13819,I154570441
13820,I26538001
13821,I1331384533
13822,I10052268
13823,I186143895
13824,I136199984
13825,I170897317
13826,I103087548
13827,I4210107475
13828,I19700959
13829,I189590672
13830,I106165777
13831,I78577930
13832,I200719446
13833,I1174212
13834,I149521062
13835,I123946342
13836,I2613432
13837,I130701444
13838,I24571045
13839,I219193219
13840,I36258959
13841,I102149020
13842,I66946132
13843,I52357470
13844,I226560621
13845,I55732556
13846,I4210115145
13847,I121980950
13848,I36258959
13849,I189590672
13850,I70983195
13851,I219193219
13852,I70983195
13853,I145311948
13854,I219193219
13855,I150468666
13856,I36258959
13857,I219193219
13858,I63135867
13859,I181565077
13860,I70983195
13861,I27804330
13862,I19700959
13863,I149744451
13864,I51556381
13865,I59897056
13866,I145311948
13867,I39422238
13868,I36258959
13869,I86519309
13870,I131249849
13871,I92446798
13872,I86519309
13873,I177156846
13874,I592451
13875,I78577930
13876,I204250578
13877,I223532165
13878,I162714631
13879,I63966007
13880,I155781252
13881,I26538001
13882,I162577319
13883,I150913223
13884,I162577319
13885,I79516672
13886,I162577319
13887,I219193219
13888,I84218800
13889,I123946342
13890,I74775410
13891,I130769515
13892,I219193219
13893,I27837315
13894,I161318765
13895,I40347166
13896,I2801025900
13897,I44461941
13898,I94658018
13899,I102461120
13900,I189196454
13901,I52669646
13902,I1174212
13903,I204250578
13904,I82495205
13905,I181233156
13906,I111979921
13907,I223532165
13908,I74775410
13909,I114832834
13910,I86519309
13911,I131249849
13912,I154570441
13913,I188538660
13914,I204250578
13915,I55732556
13916,I161318765
13917,I161318765
13918,I156087764
13919,I27804330
13920,I118118575
13921,I26538001
13922,I51504820
13923,I188538660
13924,I79576946
13925,I130701444
13926,I219193219
13927,I19700959
13928,I135310074
13929,I170897317
13930,I196817621
13931,I165951966
13932,I20089843
13933,I63135867
13934,I204250578
13935,I200719446
13936,I162714631
13937,I130769515
13938,I223532165
13939,I74973139
13940,I204250578
13941,I201448701
13942,I75027704
13943,I201448701
13944,I161318765
13945,I205783295
13946,I219193219
13947,I157725225
13948,I8078737
13949,I102322142
13950,I135310074
13951,I177156846
13952,I74775410
13953,I74775410
13954,I223532165
13955,I66946132
13956,I107639228
13957,I170897317
13958,I59553526
13959,I122411786
13960,I138006243
13961,I107672454
13962,I859038795
13963,I55732556
13964,I135310074
13965,I185103710
13966,I859038795
13967,I204250578
13968,I137902535
13969,I2799511691
13970,I55732556
13971,I39422238
13972,I173911158
13973,I123534392
13974,I140172145
13975,I12912129
13976,I52357470
13977,I120156002
13978,I78577930
13979,I223532165
13980,I20089843
13981,I130701444
13982,I91045830
13983,I1174212
13984,I51556381
13985,I27837315
13986,I36258959
13987,I138006243
13988,I63190737
13989,I219193219
13990,I95457486
13991,I33213144
13992,I130238516
13993,I130769515
13994,I74775410
13995,I111979921
13996,I145311948
13997,I36258959
13998,I79272384
13999,I19700959
14000,I19700959
14001,I201448701
14002,I219193219
14003,I57206974
14004,I167576493
14005,I87216513
14006,I137902535
14007,I33213144
14008,I33213144
14009,I4210087302
14010,I103635307
14011,I114832834
14012,I8078737
14013,I166088655
14014,I72951846
14015,I75027704
14016,I135310074
14017,I97018004
14018,I107639228
14019,I154570441
14020,I66946132
14021,I26538001
14022,I114027177
14023,I145311948
14024,I86501945
14025,I188538660
14026,I44265643
14027,I75027704
14028,I138006243
14029,I76835614
14030,I52357470
14031,I91045830
14032,I133738476
14033,I23732399
14034,I859038795
14035,I430192
14036,I130769515
14037,I59553526
14038,I170201317
14039,I185443292
14040,I11957088
14041,I8692664
14042,I16269868
14043,I111088046
14044,I201448701
14045,I103635307
14046,I33213144
14047,I40347166
14048,I27837315
14049,I164936912
14050,I188538660
14051,I130701444
14052,I102502594
14053,I27837315
14054,I27837315
14055,I27837315
14056,I120156002
14057,I185103710
14058,I1321305853
14059,I135310074
14060,I135310074
14061,I8692664
14062,I4391767840
14063,I23732399
14064,I102322142
14065,I130238516
14066,I107639228
14067,I20089843
14068,I55486353
14069,I204465549
14070,I87216513
14071,I141649380
14072,I118118575
14073,I169615421
14074,I78577930
14075,I74775410
14076,I122411786
14077,I138006243
14078,I84218800
14079,I201448701
14080,I219193219
14081,I368840534
14082,I157725225
14083,I202524275
14084,I86519309
14085,I121820613
14086,I51556381
14087,I27837315
14088,I27837315
14089,I138006243
14090,I155781252
14091,I91045830
14092,I134113660
14093,I27804330
14094,I63966007
14095,I92446798
14096,I150149174
14097,I110496330
14098,I185443292
14099,I27837315
14100,I95457486
14101,I79272384
14102,I27837315
14103,I130769515
14104,I24603500
14105,I120156002
14106,I27837315
14107,I63190737
14108,I118020396
14109,I126307644
14110,I12834331
14111,I111979921
14112,I201448701
14113,I97018004
14114,I16269868
14115,I55732556
14116,I149581226
14117,I161318765
14118,I97018004
14119,I57328836
14120,I87216513
14121,I219193219
14122,I205783295
14123,I107639228
14124,I126307644
14125,I12912129
14126,I185443292
14127,I8692664
14128,I27837315
14129,I107077323
14130,I859038795
14131,I99041443
14132,I58956616
14133,I130238516
14134,I859038795
14135,I201448701
14136,I114395901
14137,I177721651
14138,I107077323
14139,I79272384
14140,I130769515
14141,I74973139
14142,I114395901
14143,I87216513
14144,I107077323
14145,I16285277
14146,I138006243
14147,I154570441
14148,I145311948
14149,I189590672
14150,I135310074
14151,I102322142
14152,I205783295
14153,I97018004
14154,I74775410
14155,I76835614
14156,I204465549
14157,I173911158
14158,I74973139
14159,I95457486
14160,I138006243
14161,I16944753
14162,I99041443
14163,I169521973
14164,I74973139
14165,I145311948
14166,I126863827
14167,I107672454
14168,I87216513
14169,I33213144
14170,I27837315
14171,I4391767840
14172,I107672454
14173,I44461941
14174,I27837315
14175,I859038795
14176,I102322142
14177,I111979921
14178,I87216513
14179,I219193219
14180,I11883440
14181,I157725225
14182,I5388228
14183,I63190737
14184,I4391767840
14185,I138006243
14186,I135310074
14187,I75027704
14188,I99041443
14189,I59553526
14190,I24603500
14191,I74775410
14192,I63190737
14193,I181233156
14194,I143302722
14195,I1174212
14196,I63966007
14197,I71838634
14198,I135310074
14199,I74775410
14200,I27837315
14201,I157725225
14202,I24603500
14203,I173911158
14204,I12912129
14205,I135310074
14206,I94658018
14207,I135310074
14208,I165951966
14209,I94658018
14210,I177721651
14211,I170897317
14212,I141810926
14213,I95457486
14214,I188538660
14215,I204250578
14216,I181233156
14217,I103635307
14218,I111979921
14219,I169521973
14220,I154570441
14221,I130701444
14222,I188538660
14223,I169521973
14224,I103531236
14225,I154570441
14226,I72951846
14227,I204250578
14228,I47449453
14229,I106165777
14230,I8078737
14231,I145311948
14232,I106165777
14233,I165951966
14234,I121820613
14235,I27837315
14236,I86501945
14237,I27837315
14238,I130701444
14239,I27837315
14240,I121820613
14241,I130701444
14242,I86519309
14243,I115475287
14244,I219193219
14245,I133738476
14246,I20089843
14247,I157725225
14248,I24603500
14249,I130238516
14250,I24603500
14251,I859038795
14252,I82497590
14253,I185443292
14254,I70983195
14255,I107077323
14256,I123534392
14257,I74775410
14258,I859038795
14259,I205783295
14260,I58956616
14261,I8692664
14262,I8078737
14263,I118118575
14264,I87216513
14265,I27837315
14266,I102322142
14267,I126307644
14268,I859038795
14269,I99041443
14270,I201448701
14271,I39422238
14272,I27837315
14273,I27837315
14274,I19700959
14275,I166722992
14276,I130769515
14277,I111088046
14278,I87216513
14279,I24603500
14280,I130238516
14281,I205783295
14282,I102461120
14283,I8078737
14284,I52357470
14285,I135310074
14286,I145311948
14287,I44461941
14288,I40347166
14289,I33213144
14290,I200719446
14291,I33213144
14292,I39422238
14293,I79576946
14294,I201448701
14295,I157725225
14296,I59553526
14297,I24603500
14298,I79272384
14299,I97018004
14300,I155781252
14301,I162714631
14302,I135310074
14303,I131249849
14304,I114395901
14305,I5388228
14306,I87216513
14307,I33213144
14308,I103635307
14309,I63135867
14310,I135310074
14311,I205783295
14312,I32971472
14313,I130701444
14314,I169521973
14315,I33213144
14316,I185443292
14317,I170897317
14318,I115475287
14319,I223532165
14320,I173911158
14321,I170897317
14322,I95457486
14323,I162577319
14324,I135310074
14325,I115475287
14326,I44461941
14327,I888729015
14328,I107639228
14329,I157725225
14330,I135310074
14331,I161515732
14332,I86501945
14333,I146416000
14334,I123946342
14335,I26538001
14336,I8078737
14337,I142934699
14338,I74973139
14339,I78715868
14340,I205783295
14341,I1174212
14342,I155781252
14343,I123946342
14344,I103163165
14345,I111979921
14346,I13511017
14347,I118118575
14348,I66946132
14349,I17301866
14350,I75027704
14351,I97018004
14352,I103531236
14353,I114027177
14354,I63966007
14355,I115475287
14356,I204250578
14357,I4210117453
14358,I157725225
14359,I7947594
14360,I20089843
14361,I12097938
14362,I122411786
14363,I219193219
14364,I32971472
14365,I136199984
14366,I189590672
14367,I157725225
14368,I63966007
14369,I5388228
14370,I4210130704
14371,I177721651
14372,I66946132
14373,I74973139
14374,I51556381
14375,I4387153128
14376,I137902535
14377,I92446798
14378,I136199984
14379,I137853757
14380,I170201317
14381,I204250578
14382,I157725225
14383,I4210107475
14384,I115475287
14385,I162714631
14386,I111455621
14387,I27837315
14388,I66946132
14389,I162714631
14390,I114395901
14391,I204465549
14392,I17626003
14393,I123946342
14394,I169615421
14395,I156087764
14396,I86501945
14397,I73236664
14398,I4391767840
14399,I59553526
14400,I95457486
14401,I185103710
14402,I24603500
14403,I149700789
14404,I140172145
14405,I155781252
14406,I78577930
14407,I32971472
14408,I157725225
14409,I63966007
14410,I161318765
14411,I181233156
14412,I78715868
14413,I72951846
14414,I4387153128
14415,I102149020
14416,I189196454
14417,I141810926
14418,I140172145
14419,I130769515
14420,I150209017
14421,I51504820
14422,I203172682
14423,I74775410
14424,I156087764
14425,I84218800
14426,I92446798
14427,I36258959
14428,I6750721
14429,I204250578
14430,I97018004
14431,I36258959
14432,I161318765
14433,I114395901
14434,I122411786
14435,I95457486
14436,I103635307
14437,I84475105
14438,I36258959
14439,I59553526
14440,I133543626
14441,I147853995
14442,I219193219
14443,I1321305853
14444,I1331384533
14445,I181233156
14446,I8692664
14447,I219193219
14448,I2613432
14449,I70983195
14450,I52357470
14451,I27837315
14452,I188538660
14453,I84392919
14454,I33213144
14455,I33213144
14456,I205783295
14457,I111236770
14458,I145311948
14459,I27837315
14460,I130701444
14461,I27837315
14462,I66946132
14463,I102322142
14464,I111236770
14465,I87216513
14466,I27804330
14467,I1338124936
14468,I123946342
14469,I135310074
14470,I111088046
14471,I79576946
14472,I202524275
14473,I74973139
14474,I145311948
14475,I121820613
14476,I74973139
14477,I87216513
14478,I7947594
14479,I74973139
14480,I63772739
14481,I11957088
14482,I19700959
14483,I51556381
14484,I859038795
14485,I59553526
14486,I170201317
14487,I167576493
14488,I181565077
14489,I86519309
14490,I44265643
14491,I12315562
14492,I63966007
14493,I70983195
14494,I86519309
14495,I135310074
14496,I40347166
14497,I103163165
14498,I40347166
14499,I8692664
14500,I102322142
14501,I189590672
14502,I204465549
14503,I155781252
14504,I8692664
14505,I130701444
14506,I17301866
14507,I40347166
14508,I2613432
14509,I170897317
14510,I74775410
14511,I80565981
14512,I74973139
14513,I165799507
14514,I5388228
14515,I186143895
14516,I219193219
14517,I102322142
14518,I130238516
14519,I87216513
14520,I82497590
14521,I177605424
14522,I107639228
14523,I193531525
14524,I167576493
14525,I130701444
14526,I115475287
14527,I145311948
14528,I8078737
14529,I136199984
14530,I63966007
14531,I157725225
14532,I102149020
14533,I145608581
14534,I149910238
14535,I79272384
14536,I27837315
14537,I107639228
14538,I103163165
14539,I859038795
14540,I130769515
14541,I59553526
14542,I66946132
14543,I180949307
14544,I8692664
14545,I205783295
14546,I74234424
14547,I145608581
14548,I200719446
14549,I161318765
14550,I130238516
14551,I20089843
14552,I74775410
14553,I204250578
14554,I136199984
14555,I103163165
14556,I36258959
14557,I59553526
14558,I170897317
14559,I102322142
14560,I124727415
14561,I44265643
14562,I84475105
14563,I40347166
14564,I20089843
14565,I186143895
14566,I63190737
14567,I140172145
14568,I135310074
14569,I130769515
14570,I108468826
14571,I91045830
14572,I12315562
14573,I91045830
14574,I114395901
14575,I121820613
14576,I204250578
14577,I157638225
14578,I155781252
14579,I103531236
14580,I27837315
14581,I102322142
14582,I110152177
14583,I135310074
14584,I130769515
14585,I78715868
14586,I134113660
14587,I859038795
14588,I99041443
14589,I44461941
14590,I12097938
14591,I102322142
14592,I78577930
14593,I57206974
14594,I12912129
14595,I39422238
14596,I188538660
14597,I4391767840
14598,I108468826
14599,I55732556
14600,I20089843
14601,I84218800
14602,I79272384
14603,I188538660
14604,I102322142
14605,I146416000
14606,I4387153128
14607,I24603500
14608,I130701444
14609,I135310074
14610,I219193219
14611,I78577930
14612,I95457486
14613,I63135867
14614,I114027177
14615,I36258959
14616,I205783295
14617,I103635307
14618,I63966007
14619,I74973139
14620,I145311948
14621,I11957088
14622,I63135867
14623,I205783295
14624,I4387153128
14625,I219193219
14626,I16285277
14627,I12315562
14628,I74775410
14629,I66946132
14630,I63135867
14631,I130701444
14632,I75027704
14633,I165951966
14634,I63966007
14635,I111088046
14636,I36258959
14637,I121980950
14638,I32971472
14639,I170201317
14640,I130701444
14641,I130701444
14642,I66946132
14643,I16944753
14644,I1174212
14645,I106165777
14646,I193531525
14647,I55732556
14648,I185103710
14649,I12315562
14650,I136199984
14651,I592451
14652,I136199984
14653,I103635307
14654,I170201317
14655,I4391767840
14656,I592451
14657,I1174212
14658,I19700959
14659,I155173764
14660,I20089843
14661,I130769515
14662,I130701444
14663,I20089843
14664,I157349981
14665,I79576946
14666,I86501945
14667,I82497590
14668,I79576946
14669,I74973139
14670,I13511017
14671,I107639228
14672,I72816309
14673,I205783295
14674,I157725225
14675,I859038795
14676,I188538660
14677,I86501945
14678,I121934306
14679,I44265643
14680,I74973139
14681,I200719446
14682,I91045830
14683,I20089843
14684,I157725225
14685,I188538660
14686,I130769515
14687,I219193219
14688,I108468826
14689,I121820613
14690,I185103710
14691,I44854399
14692,I4391767840
14693,I111088046
14694,I133999245
14695,I170201317
14696,I114027177
14697,I137902535
14698,I36258959
14699,I592451
14700,I103163165
14701,I20089843
14702,I156087764
14703,I107639228
14704,I324100
14705,I135310074
14706,I135310074
14707,I55732556
14708,I86519309
14709,I78577930
14710,I44461941
14711,I108468826
14712,I63190737
14713,I70983195
14714,I20382870
14715,I55732556
14716,I7863295
14717,I63966007
14718,I150468666
14719,I4210145894
14720,I63190737
14721,I111979921
14722,I47251452
14723,I39587148
14724,I74775410
14725,I164936912
14726,I24603500
14727,I126307644
14728,I121934306
14729,I155781252
14730,I92446798
14731,I130701444
14732,I63966007
14733,I111979921
14734,I205783295
14735,I181233156
14736,I181401687
14737,I4387153128
14738,I204250578
14739,I26538001
14740,I8078737
14741,I164936912
14742,I1174212
14743,I223532165
14744,I40347166
14745,I55732556
14746,I859038795
14747,I16285277
14748,I204250578
14749,I57328836
14750,I157725225
14751,I156087764
14752,I95457486
14753,I79272384
14754,I204465549
14755,I219193219
14756,I189196454
14757,I204250578
14758,I20089843
14759,I103635307
14760,I166972335
14761,I156087764
14762,I122411786
14763,I7947594
14764,I12912129
14765,I2613432
14766,I82497590
14767,I4391767840
14768,I86519309
14769,I188497080
14770,I78577930
14771,I86519309
14772,I103531236
14773,I130769515
14774,I111236770
14775,I99568074
14776,I1174212
14777,I103635307
14778,I204465549
14779,I207123951
14780,I44461941
14781,I130769515
14782,I592451
14783,I157725225
14784,I138006243
14785,I52357470
14786,I12912129
14787,I70983195
14788,I8078737
14789,I184647316
14790,I180949307
14791,I84392919
14792,I121934306
14793,I20089843
14794,I136199984
14795,I47251452
14796,I145311948
14797,I136199984
14798,I57328836
14799,I40347166
14800,I90871651
14801,I108468826
14802,I74973139
14803,I63966007
14804,I219193219
14805,I111979921
14806,I181233156
14807,I66946132
14808,I86501945
14809,I57206974
14810,I160856358
14811,I111979921
14812,I121934306
14813,I140172145
14814,I52357470
14815,I130701444
14816,I92446798
14817,I200719446
14818,I140172145
14819,I86519309
14820,I44265643
14821,I189590672
14822,I155173764
14823,I86519309
14824,I102322142
14825,I193531525
14826,I36258959
14827,I219193219
14828,I368840534
14829,I44461941
14830,I57206974
14831,I51556381
14832,I156087764
14833,I98540497
14834,I95457486
14835,I919571938
14836,I36258959
14837,I189590672
14838,I121980950
14839,I52669646
14840,I39422238
14841,I86519309
14842,I177156846
14843,I82495205
14844,I95457486
14845,I122411786
14846,I74775410
14847,I181233156
14848,I180949307
14849,I1174212
14850,I82497590
14851,I189196454
14852,I1174212
14853,I204465549
14854,I122411786
14855,I162577319
14856,I162577319
14857,I161318765
14858,I74775410
14859,I122411786
14860,I86519309
14861,I36258959
14862,I134113660
14863,I92446798
14864,I188538660
14865,I154570441
14866,I1331384533
14867,I161318765
14868,I131651094
14869,I26538001
14870,I154570441
14871,I36258959
14872,I1174212
14873,I1331384533
14874,I154570441
14875,I36258959
14876,I859038795
14877,I162577319
14878,I52357470
14879,I1174212
14880,I37415318
14881,I98540497
14882,I205783295
14883,I193531525
14884,I2613432
14885,I133999245
14886,I859038795
14887,I205783295
14888,I91045830
14889,I66946132
14890,I196272386
14891,I1321430492
14892,I135310074
14893,I193531525
14894,I91045830
14895,I75027704
14896,I74775410
14897,I66946132
14898,I2613432
14899,I188538660
14900,I859038795
14901,I150468666
14902,I145311948
14903,I130769515
14904,I114027177
14905,I130701444
14906,I74973139
14907,I161318765
14908,I133999245
14909,I130701444
14910,I74775410
14911,I55732556
14912,I4391767840
14913,I131651094
14914,I193531525
14915,I52357470
14916,I223532165
14917,I97018004
14918,I44265643
14919,I223532165
14920,I36258959
14921,I63135867
14922,I130238516
14923,I138006243
14924,I74775410
14925,I157394403
14926,I91045830
14927,I52357470
14928,I204465549
14929,I123946342
14930,I150468666
14931,I8692664
14932,I19700959
14933,I76835614
14934,I7947594
14935,I44461941
14936,I44461941
14937,I4391767840
14938,I592451
14939,I103163165
14940,I36258959
14941,I162577319
14942,I130701444
14943,I27837315
14944,I33213144
14945,I185443292
14946,I120156002
14947,I102149020
14948,I12315562
14949,I24603500
14950,I87216513
14951,I33213144
14952,I140172145
14953,I20089843
14954,I103531236
14955,I162577319
14956,I859038795
14957,I162714631
14958,I95457486
14959,I130701444
14960,I131249849
14961,I81365321
14962,I97018004
14963,I223532165
14964,I138006243
14965,I114395901
14966,I130701444
14967,I36258959
14968,I592451
14969,I137902535
14970,I859038795
14971,I188538660
14972,I185103710
14973,I12912129
14974,I137902535
14975,I12912129
14976,I165951966
14977,I86519309
14978,I135310074
14979,I27837315
14980,I133999245
14981,I74973139
14982,I223532165
14983,I52357470
14984,I63966007
14985,I137902535
14986,I51556381
14987,I27804330
14988,I51556381
14989,I27837315
14990,I219193219
14991,I219193219
14992,I27837315
14993,I130701444
14994,I55732556
14995,I219193219
14996,I58956616
14997,I188538660
14998,I12912129
14999,I55732556
15000,I114027177
15001,I76835614
15002,I155781252
15003,I1174212
15004,I111088046
15005,I51556381
15006,I66946132
15007,I161318765
15008,I135310074
15009,I102322142
15010,I24603500
15011,I40347166
15012,I223532165
15013,I223532165
15014,I170897317
15015,I76835614
15016,I84475105
15017,I137902535
15018,I859038795
15019,I201448701
15020,I74775410
15021,I181233156
15022,I107077323
15023,I102322142
15024,I63966007
15025,I5388228
15026,I74973139
15027,I4391767840
15028,I131249849
15029,I63135867
15030,I140172145
15031,I155173764
15032,I219193219
15033,I76835614
15034,I155173764
15035,I921990950
15036,I63966007
15037,I1330342723
15038,I138006243
15039,I55732556
15040,I204465549
15041,I150468666
15042,I74973139
15043,I63966007
15044,I32971472
15045,I219193219
15046,I52357470
15047,I114395901
15048,I161318765
15049,I36258959
15050,I114395901
15051,I84218800
15052,I72816309
15053,I23732399
15054,I200719446
15055,I27837315
15056,I27837315
15057,I201448701
15058,I4387153128
15059,I130785548
15060,I131249849
15061,I76835614
15062,I86519309
15063,I84392919
15064,I859038795
15065,I2802176782
15066,I205783295
15067,I204465549
15068,I219193219
15069,I20089843
15070,I135310074
15071,I136199984
15072,I86519309
15073,I162577319
15074,I114027177
15075,I36258959
15076,I173911158
15077,I24603500
15078,I20089843
15079,I84218800
15080,I157725225
15081,I130701444
15082,I82497590
15083,I170201317
15084,I107639228
15085,I170897317
15086,I91045830
15087,I20382870
15088,I368840534
15089,I201448701
15090,I130238516
15091,I170897317
15092,I20089843
15093,I201448701
15094,I76835614
15095,I123534392
15096,I16285277
15097,I133738476
15098,I76835614
15099,I40347166
15100,I23732399
15101,I130769515
15102,I63772739
15103,I165799507
15104,I5388228
15105,I84218800
15106,I32971472
15107,I119443389
15108,I137902535
15109,I126307644
15110,I107639228
15111,I74973139
15112,I137902535
15113,I154570441
15114,I92446798
15115,I11957088
15116,I107639228
15117,I12912129
15118,I111088046
15119,I201448701
15120,I111088046
15121,I72951846
15122,I78577930
15123,I63966007
15124,I137902535
15125,I592451
15126,I157725225
15127,I122411786
15128,I66946132
15129,I66946132
15130,I66946132
15131,I136199984
15132,I141720752
15133,I121820613
15134,I137902535
15135,I27837315
15136,I173911158
15137,I157725225
15138,I368840534
15139,I122411786
15140,I4210088921
15141,I36258959
15142,I170897317
15143,I126307644
15144,I60388903
15145,I16944753
15146,I97018004
15147,I186335123
15148,I164936912
15149,I75027704
15150,I78577930
15151,I135310074
15152,I103531236
15153,I111979921
15154,I181233156
15155,I157725225
15156,I99041443
15157,I32971472
15158,I138006243
15159,I4210088921
15160,I135474949
15161,I115475287
15162,I4210088921
15163,I99041443
15164,I111979921
15165,I223532165
15166,I1331384533
15167,I131221577
15168,I205783295
15169,I205783295
15170,I130701444
15171,I8692664
15172,I1331384533
15173,I161318765
15174,I27837315
15175,I1331384533
15176,I135310074
15177,I145311948
15178,I155781252
15179,I154570441
15180,I57206974
15181,I169521973
15182,I103635307
15183,I111979921
15184,I121820613
15185,I73443619
15186,I204250578
15187,I97018004
15188,I52357470
15189,I130769515
15190,I111088046
15191,I2613432
15192,I52357470
15193,I98540497
15194,I2613432
15195,I63966007
15196,I63966007
15197,I33213144
15198,I4210088921
15199,I4210088921
15200,I4210088921
15201,I130769515
15202,I78577930
15203,I4210088921
15204,I27837315
15205,I130238516
15206,I51556381
15207,I51556381
15208,I51556381
15209,I51556381
15210,I66946132
15211,I99041443
15212,I32971472
15213,I114027177
15214,I2613432
15215,I63966007
15216,I102322142
15217,I102322142
15218,I1925986
15219,I188538660
15220,I130769515
15221,I63966007
15222,I122411786
15223,I114027177
15224,I24603500
15225,I154570441
15226,I63966007
15227,I63966007
15228,I63966007
15229,I27837315
15230,I107077323
15231,I27804330
15232,I51556381
15233,I130238516
15234,I74973139
15235,I97018004
15236,I40347166
15237,I59553526
15238,I57206974
15239,I130769515
15240,I157725225
15241,I170201317
15242,I170201317
15243,I161318765
15244,I11957088
15245,I161318765
15246,I157725225
15247,I110152177
15248,I63135867
15249,I170201317
15250,I157725225
15251,I165799507
15252,I102322142
15253,I12834331
15254,I136199984
15255,I161318765
15256,I165799507
15257,I39694355
15258,I8248082
15259,I32971472
15260,I122411786
15261,I1174212
15262,I59553526
15263,I130238516
15264,I130238516
15265,I130701444
15266,I7863295
15267,I189196454
15268,I84218800
15269,I111979921
15270,I169521973
15271,I135310074
15272,I51504820
15273,I52064589
15274,I51504820
15275,I592451
15276,I52357470
15277,I143302722
15278,I1174212
15279,I186143895
15280,I33213144
15281,I145311948
15282,I135310074
15283,I859038795
15284,I110152177
15285,I82497590
15286,I27837315
15287,I52064589
15288,I205783295
15289,I130769515
15290,I130701444
15291,I1174212
15292,I146416000
15293,I138006243
15294,I10052268
15295,I167576493
15296,I13511017
15297,I157725225
15298,I130769515
15299,I63135867
15300,I859038795
15301,I859038795
15302,I859038795
15303,I859038795
15304,I114395901
15305,I74973139
15306,I167576493
15307,I111979921
15308,I20089843
15309,I167576493
15310,I20089843
15311,I204250578
15312,I95457486
15313,I74775410
15314,I82497590
15315,I189590672
15316,I95457486
15317,I20089843
15318,I165799507
15319,I84218800
15320,I20089843
15321,I130238516
15322,I130238516
15323,I74973139
15324,I74973139
15325,I8692664
15326,I173911158
15327,I188538660
15328,I4391767840
15329,I4391767840
15330,I4391767840
15331,I130701444
15332,I86519309
15333,I137902535
15334,I181233156
15335,I75027704
15336,I107077323
15337,I201448701
15338,I66946132
15339,I193531525
15340,I180949307
15341,I12912129
15342,I39422238
15343,I74973139
15344,I154570441
15345,I130701444
15346,I5388228
15347,I167576493
15348,I74973139
15349,I135310074
15350,I33213144
15351,I86519309
15352,I111088046
15353,I107639228
15354,I107639228
15355,I157725225
15356,I74973139
15357,I135310074
15358,I125687163
15359,I155093810
15360,I20089843
15361,I193531525
15362,I1174212
15363,I173911158
15364,I8692664
15365,I59130452
15366,I146416000
15367,I1174212
15368,I205783295
15369,I63966007
15370,I92446798
15371,I16269868
15372,I223532165
15373,I164936912
15374,I79272384
15375,I155781252
15376,I122411786
15377,I74973139
15378,I140172145
15379,I33213144
15380,I161318765
15381,I100633361
15382,I209336547
15383,I157725225
15384,I188538660
15385,I130769515
15386,I111979921
15387,I161318765
15388,I79272384
15389,I74775410
15390,I138006243
15391,I55732556
15392,I97018004
15393,I63190737
15394,I154570441
15395,I20089843
15396,I43579087
15397,I123946342
15398,I130701444
15399,I157725225
15400,I135310074
15401,I130238516
15402,I130238516
15403,I6902469
15404,I20089843
15405,I57206974
15406,I66946132
15407,I57206974
15408,I63966007
15409,I20089843
15410,I111979921
15411,I100538780
15412,I174216632
15413,I24861097
15414,I157417397
15415,I74022624
15416,I16285277
15417,I27837315
15418,I100005738
15419,I97018004
15420,I126307644
15421,I138006243
15422,I82497590
15423,I102502594
15424,I74973139
15425,I130769515
15426,I51556381
15427,I27837315
15428,I72951846
15429,I107639228
15430,I178169726
15431,I97018004
15432,I78577930
15433,I136199984
15434,I165951966
15435,I135474949
15436,I51556381
15437,I138006243
15438,I102373834
15439,I57206974
15440,I180670191
15441,I95457486
15442,I28252208
15443,I126307644
15444,I87552059
15445,I91045830
15446,I4498119
15447,I157417397
15448,I141472210
15449,I36258959
15450,I131249849
15451,I16285277
15452,I140172145
15453,I11957088
15454,I145311948
15455,I51556381
15456,I149910238
15457,I83809506
15458,I4387153128
15459,I1331487863
15460,I180949307
15461,I70983195
15462,I859038795
15463,I130701444
15464,I63966007
15465,I1174212
15466,I137902535
15467,I5388228
15468,I40347166
15469,I58956616
15470,I107639228
15471,I151328261
15472,I142740786
15473,I173911158
15474,I97018004
15475,I143302722
15476,I2613432
15477,I153297377
15478,I143302722
15479,I59897056
15480,I114832834
15481,I6312358
15482,I87216513
15483,I200719446
15484,I12912129
15485,I24571045
15486,I1331384533
15487,I16269868
15488,I59553526
15489,I126307644
15490,I169521973
15491,I131249849
15492,I27804330
15493,I169335092
15494,I59553526
15495,I71838634
15496,I12912129
15497,I170201317
15498,I130238516
15499,I592451
15500,I154570441
15501,I100538780
15502,I12834331
15503,I154570441
15504,I145311948
15505,I79576946
15506,I111979921
15507,I72951846
15508,I63190737
15509,I123946342
15510,I103635307
15511,I23732399
15512,I157725225
15513,I4210106879
15514,I95457486
15515,I107639228
15516,I157725225
15517,I122411786
15518,I157725225
15519,I98704320
15520,I102373834
15521,I103163165
15522,I138006243
15523,I107639228
15524,I8692664
15525,I82497590
15526,I82497590
15527,I82497590
15528,I82497590
15529,I189196454
15530,I133543626
15531,I12912129
15532,I157725225
15533,I111979921
15534,I4210088921
15535,I146416000
15536,I131249849
15537,I107639228
15538,I107639228
15539,I59553526
15540,I74973139
15541,I63966007
15542,I63966007
15543,I157725225
15544,I118118575
15545,I130701444
15546,I51556381
15547,I204250578
15548,I12834331
15549,I12912129
15550,I102322142
15551,I92446798
15552,I130701444
15553,I592451
15554,I145311948
15555,I95457486
15556,I157725225
15557,I173911158
15558,I84218800
15559,I92446798
15560,I170201317
15561,I161318765
15562,I51556381
15563,I78715868
15564,I161318765
15565,I134113660
15566,I170201317
15567,I110378019
15568,I87216513
15569,I185443292
15570,I157725225
15571,I130238516
15572,I86501945
15573,I130238516
15574,I111088046
15575,I63966007
15576,I51556381
15577,I51556381
15578,I24603500
15579,I59553526
15580,I102322142
15581,I72951846
15582,I86519309
15583,I86519309
15584,I63966007
15585,I63966007
15586,I6902469
15587,I63966007
15588,I33213144
15589,I4391767840
15590,I1174212
15591,I4391767840
15592,I4210088921
15593,I204465549
15594,I134113660
15595,I107672454
15596,I52357470
15597,I24603500
15598,I63190737
15599,I4391767840
15600,I4391767840
15601,I130238516
15602,I99041443
15603,I87216513
15604,I24603500
15605,I8078737
15606,I4210088921
15607,I52357470
15608,I2613432
15609,I66946132
15610,I63966007
15611,I27837315
15612,I137902535
15613,I155781252
15614,I36258959
15615,I27837315
15616,I11957088
15617,I154570441
15618,I118118575
15619,I111088046
15620,I76835614
15621,I143302722
15622,I859038795
15623,I55732556
15624,I74234424
15625,I33213144
15626,I95457486
15627,I4210088921
15628,I91045830
15629,I111088046
15630,I20089843
15631,I58956616
15632,I86519309
15633,I205783295
15634,I84218800
15635,I100005738
15636,I32971472
15637,I135310074
15638,I27837315
15639,I92446798
15640,I79576946
15641,I20089843
15642,I137902535
15643,I24603500
15644,I130769515
15645,I32971472
15646,I150468666
15647,I58956616
15648,I130769515
15649,I143302722
15650,I170201317
15651,I170897317
15652,I55732556
15653,I205783295
15654,I173911158
15655,I97018004
15656,I72816309
15657,I74973139
15658,I157725225
15659,I181233156
15660,I24571045
15661,I185443292
15662,I186143895
15663,I138006243
15664,I130238516
15665,I36258959
15666,I204250578
15667,I86519309
15668,I20089843
15669,I173911158
15670,I130701444
15671,I188538660
15672,I118118575
15673,I135310074
15674,I66946132
15675,I32971472
15676,I114832834
15677,I189590672
15678,I107672454
15679,I130701444
15680,I78715868
15681,I157725225
15682,I169521973
15683,I138006243
15684,I204250578
15685,I24571045
15686,I51556381
15687,I114027177
15688,I79576946
15689,I170897317
15690,I27837315
15691,I130769515
15692,I10052268
15693,I173911158
15694,I102502594
15695,I32389192
15696,I173911158
15697,I4210088921
15698,I223532165
15699,I43579087
15700,I133543626
15701,I130701444
15702,I106165777
15703,I170897317
15704,I161318765
15705,I122411786
15706,I193531525
15707,I149919469
15708,I106165777
15709,I95457486
15710,I74973139
15711,I95457486
15712,I130701444
15713,I165799507
15714,I24603500
15715,I130769515
15716,I165951966
15717,I44461941
15718,I66946132
15719,I137902535
15720,I78577930
15721,I223532165
15722,I592451
15723,I95457486
15724,I36258959
15725,I82495205
15726,I111979921
15727,I7947594
15728,I155173764
15729,I114395901
15730,I27837315
15731,I52357470
15732,I8692664
15733,I106165777
15734,I35777872
15735,I130238516
15736,I188538660
15737,I135310074
15738,I58956616
15739,I121934306
15740,I188538660
15741,I78577930
15742,I145311948
15743,I184565670
15744,I107639228
15745,I204465549
15746,I27837315
15747,I592451
15748,I27837315
15749,I162714631
15750,I32971472
15751,I114027177
15752,I430192
15753,I97018004
15754,I111088046
15755,I12097938
15756,I74973139
15757,I78577930
15758,I167576493
15759,I74973139
15760,I189590672
15761,I27837315
15762,I114395901
15763,I4210088921
15764,I130769515
15765,I27804330
15766,I57328836
15767,I92446798
15768,I95457486
15769,I74973139
15770,I66946132
15771,I169521973
15772,I173911158
15773,I145608581
15774,I106959904
15775,I107672454
15776,I186143895
15777,I118118575
15778,I59553526
15779,I149521062
15780,I64185308
15781,I114027177
15782,I63966007
15783,I55732556
15784,I114395901
15785,I146416000
15786,I33213144
15787,I4210088921
15788,I107639228
15789,I63190737
15790,I201448701
15791,I170897317
15792,I32971472
15793,I47251452
15794,I161318765
15795,I197173980
15796,I122690471
15797,I189957204
15798,I121934306
15799,I161318765
15800,I78715868
15801,I55732556
15802,I95457486
15803,I111236770
15804,I75421653
15805,I95457486
15806,I161318765
15807,I76835614
15808,I149910238
15809,I66946132
15810,I103635307
15811,I137902535
15812,I63966007
15813,I205783295
15814,I204250578
15815,I114395901
15816,I107077323
15817,I107639228
15818,I115475287
15819,I2902024922
15820,I16944753
15821,I107639228
15822,I130769515
15823,I137902535
15824,I137902535
15825,I121820613
15826,I130238516
15827,I126307644
15828,I189590672
15829,I177156846
15830,I157725225
15831,I176692203
15832,I107639228
15833,I107639228
15834,I205783295
15835,I43579087
15836,I204250578
15837,I19700959
15838,I52357470
15839,I87216513
15840,I87216513
15841,I36258959
15842,I87216513
15843,I11957088
15844,I201448701
15845,I170201317
15846,I57206974
15847,I181233156
15848,I130769515
15849,I32971472
15850,I52357470
15851,I145402516
15852,I592451
15853,I205783295
15854,I107672454
15855,I121934306
15856,I5388228
15857,I1174212
15858,I5388228
15859,I12912129
15860,I130701444
15861,I155781252
15862,I114395901
15863,I223532165
15864,I185443292
15865,I59553526
15866,I5388228
15867,I154570441
15868,I204250578
15869,I24571045
15870,I150468666
15871,I12912129
15872,I115475287
15873,I84218800
15874,I107639228
15875,I63966007
15876,I205783295
15877,I130701444
15878,I107639228
15879,I27837315
15880,I57206974
15881,I63135867
15882,I8078737
15883,I118458328
15884,I79576946
15885,I91045830
15886,I33213144
15887,I140172145
15888,I79576946
15889,I143302722
15890,I4391767840
15891,I20089843
15892,I140172145
15893,I55732556
15894,I189196454
15895,I205783295
15896,I74973139
15897,I86519309
15898,I201448701
15899,I188538660
15900,I130701444
15901,I103163165
15902,I27804330
15903,I10052268
15904,I143302722
15905,I86519309
15906,I140172145
15907,I7947594
15908,I84470341
15909,I86519309
15910,I170201317
15911,I70983195
15912,I70983195
15913,I12912129
15914,I12315562
15915,I859038795
15916,I11957088
15917,I145402516
15918,I137902535
15919,I32971472
15920,I130701444
15921,I143302722
15922,I74775410
15923,I145311948
15924,I72951846
15925,I154570441
15926,I84218800
15927,I165799507
15928,I169521973
15929,I75027704
15930,I86519309
15931,I66946132
15932,I102322142
15933,I204250578
15934,I100005738
15935,I145311948
15936,I130701444
15937,I140172145
15938,I110152177
15939,I137902535
15940,I170201317
15941,I63966007
15942,I82495205
15943,I161318765
15944,I145311948
15945,I17301866
15946,I4391767840
15947,I186143895
15948,I17301866
15949,I17301866
15950,I78577930
15951,I5388228
15952,I173911158
15953,I143302722
15954,I55732556
15955,I44461941
15956,I5388228
15957,I103531236
15958,I79576946
15959,I74775410
15960,I51556381
15961,I63190737
15962,I39422238
15963,I145311948
15964,I170897317
15965,I170897317
15966,I36258959
15967,I205783295
15968,I8078737
15969,I170897317
15970,I126307644
15971,I207123951
15972,I78577930
15973,I66946132
15974,I135310074
15975,I130769515
15976,I130701444
15977,I157725225
15978,I4210088921
15979,I24603500
15980,I19700959
15981,I146416000
15982,I130769515
15983,I154570441
15984,I111236770
15985,I59553526
15986,I130769515
15987,I12912129
15988,I130769515
15989,I63966007
15990,I87208437
15991,I24603500
15992,I74973139
15993,I59553526
15994,I87216513
15995,I121820613
15996,I145311948
15997,I107077323
15998,I57206974
15999,I86519309
16000,I126307644
16001,I66946132
16002,I66946132
16003,I27804330
16004,I181233156
16005,I44461941
16006,I111979921
16007,I131249849
16008,I63966007
16009,I12097938
16010,I205783295
16011,I51556381
16012,I170201317
16013,I74973139
16014,I32971472
16015,I39422238
16016,I33213144
16017,I145608581
16018,I24603500
16019,I102461120
16020,I1925986
16021,I2802093357
16022,I33213144
16023,I60388903
16024,I161318765
16025,I86501945
16026,I137902535
16027,I161318765
16028,I27837315
16029,I130769515
16030,I204250578
16031,I137902535
16032,I63966007
16033,I86519309
16034,I145311948
16035,I63190737
16036,I20382870
16037,I52357470
16038,I32971472
16039,I79272384
16040,I10052268
16041,I95457486
16042,I200719446
16043,I223532165
16044,I60388903
16045,I146416000
16046,I24603500
16047,I8248082
16048,I8692664
16049,I4210106879
16050,I52357470
16051,I193531525
16052,I60388903
16053,I51556381
16054,I189590672
16055,I189590672
16056,I185443292
16057,I131249849
16058,I204250578
16059,I204465549
16060,I138006243
16061,I32971472
16062,I27825529
16063,I204465549
16064,I79272384
16065,I78577930
16066,I137853757
16067,I205783295
16068,I4210088921
16069,I157725225
16070,I188538660
16071,I130701444
16072,I135310074
16073,I66946132
16074,I33213144
16075,I51504820
16076,I111979921
16077,I368840534
16078,I155781252
16079,I130701444
16080,I114832834
16081,I84218800
16082,I72816309
16083,I106165777
16084,I27837315
16085,I111979921
16086,I170897317
16087,I146416000
16088,I135310074
16089,I181233156
16090,I130701444
16091,I181233156
16092,I84218800
16093,I130238516
16094,I36258959
16095,I72903472
16096,I51556381
16097,I135310074
16098,I170897317
16099,I102322142
16100,I130701444
16101,I130701444
16102,I86501945
16103,I130701444
16104,I33213144
16105,I75027704
16106,I121934306
16107,I136199984
16108,I157725225
16109,I157725225
16110,I114027177
16111,I186143895
16112,I130769515
16113,I95457486
16114,I32971472
16115,I51556381
16116,I188538660
16117,I4210088921
16118,I200719446
16119,I24603500
16120,I188538660
16121,I102502594
16122,I95457486
16123,I33213144
16124,I223532165
16125,I111088046
16126,I84218800
16127,I185103710
16128,I84475105
16129,I181233156
16130,I111979921
16131,I107672454
16132,I146416000
16133,I82497590
16134,I205783295
16135,I133543626
16136,I130769515
16137,I150693791
16138,I223532165
16139,I592451
16140,I79620101
16141,I70983195
16142,I170201317
16143,I150913223
16144,I39694355
16145,I592451
16146,I51812067
16147,I115475287
16148,I39422238
16149,I157725225
16150,I4387153128
16151,I158818660
16152,I161318765
16153,I55732556
16154,I70983195
16155,I16285277
16156,I66946132
16157,I201448701
16158,I205783295
16159,I135310074
16160,I78577930
16161,I130769515
16162,I6750721
16163,I130701444
16164,I58956616
16165,I130238516
16166,I122411786
16167,I4210088921
16168,I200719446
16169,I52357470
16170,I103531236
16171,I19700959
16172,I32971472
16173,I165102784
16174,I20089843
16175,I39694355
16176,I106959904
16177,I84218800
16178,I10052268
16179,I137853757
16180,I1331384533
16181,I79576946
16182,I223532165
16183,I79576946
16184,I8692664
16185,I19700959
16186,I92446798
16187,I157725225
16188,I52357470
16189,I52357470
16190,I86501945
16191,I6902469
16192,I102322142
16193,I170897317
16194,I170897317
16195,I63966007
16196,I61937129
16197,I78577930
16198,I165799507
16199,I63966007
16200,I1331384533
16201,I63966007
16202,I170201317
16203,I108468826
16204,I107639228
16205,I145311948
16206,I126307644
16207,I151328261
16208,I4387153128
16209,I57206974
16210,I86501945
16211,I188538660
16212,I8692664
16213,I87216513
16214,I87216513
16215,I181233156
16216,I161318765
16217,I157725225
16218,I126307644
16219,I185103710
16220,I161318765
16221,I859038795
16222,I20382870
16223,I859038795
16224,I135310074
16225,I97018004
16226,I138006243
16227,I11957088
16228,I86519309
16229,I63966007
16230,I130701444
16231,I107639228
16232,I205783295
16233,I143302722
16234,I102322142
16235,I131249849
16236,I4210088921
16237,I4210088921
16238,I143302722
16239,I205783295
16240,I79272384
16241,I4210106879
16242,I161318765
16243,I181233156
16244,I140172145
16245,I140172145
16246,I107077323
16247,I95457486
16248,I107639228
16249,I114832834
16250,I859038795
16251,I111979921
16252,I204465549
16253,I26538001
16254,I200399037
16255,I24571045
16256,I36258959
16257,I114832834
16258,I154570441
16259,I63135867
16260,I127591826
16261,I185443292
16262,I107639228
16263,I55486353
16264,I161318765
16265,I26538001
16266,I86519309
16267,I76835614
16268,I151328261
16269,I173911158
16270,I161318765
16271,I33213144
16272,I63135867
16273,I155781252
16274,I102322142
16275,I100633361
16276,I184840846
16277,I185443292
16278,I111088046
16279,I157725225
16280,I170201317
16281,I58956616
16282,I32971472
16283,I23732399
16284,I201448701
16285,I157725225
16286,I66946132
16287,I2902024922
16288,I189590672
16289,I161318765
16290,I52357470
16291,I51556381
16292,I84218800
16293,I95457486
16294,I63966007
16295,I161318765
16296,I86501945
16297,I162577319
16298,I97018004
16299,I51556381
16300,I126307644
16301,I94658018
16302,I72816309
16303,I204250578
16304,I4210088921
16305,I9254433
16306,I39422238
16307,I11883440
16308,I72816309
16309,I39422238
16310,I4210088921
16311,I157725225
16312,I121934306
16313,I44461941
16314,I178169726
16315,I186143895
16316,I153592363
16317,I74775410
16318,I84218800
16319,I52357470
16320,I114027177
16321,I59553526
16322,I57206974
16323,I130769515
16324,I130769515
16325,I33213144
16326,I130769515
16327,I145311948
16328,I131651094
16329,I107077323
16330,I130769515
16331,I33434090
16332,I78577930
16333,I165799507
16334,I223532165
16335,I136199984
16336,I157725225
16337,I78577930
16338,I102322142
16339,I136199984
16340,I27837315
16341,I63190737
16342,I153317226
16343,I63190737
16344,I135310074
16345,I79576946
16346,I63966007
16347,I35777872
16348,I126345244
16349,I39587148
16350,I114395901
16351,I84218800
16352,I188538660
16353,I7947594
16354,I859038795
16355,I66946132
16356,I118118575
16357,I84218800
16358,I137902535
16359,I66946132
16360,I150468666
16361,I32971472
16362,I173911158
16363,I4210088921
16364,I157725225
16365,I145311948
16366,I107077323
16367,I165951966
16368,I173911158
16369,I86519309
16370,I100538780
16371,I76835614
16372,I118118575
16373,I8078737
16374,I79576946
16375,I78577930
16376,I121820613
16377,I39422238
16378,I55732556
16379,I84218800
16380,I4210088921
16381,I57206974
16382,I79576946
16383,I66946132
16384,I79576946
16385,I111979921
16386,I84218800
16387,I26538001
16388,I63966007
16389,I8692664
16390,I75421653
16391,I592451
16392,I4391767840
16393,I76835614
16394,I39422238
16395,I8692664
16396,I8692664
16397,I51556381
16398,I40347166
16399,I84218800
16400,I84218800
16401,I78715868
16402,I103087548
16403,I133999245
16404,I1174212
16405,I55732556
16406,I27837315
16407,I27837315
16408,I27837315
16409,I27837315
16410,I16285277
16411,I16285277
16412,I12097938
16413,I12912129
16414,I111979921
16415,I157725225
16416,I95457486
16417,I102401767
16418,I43579087
16419,I204465549
16420,I4391767840
16421,I79576946
16422,I95457486
16423,I201448701
16424,I205783295
16425,I95457486
16426,I39422238
16427,I161318765
16428,I167576493
16429,I27837315
16430,I27837315
16431,I27837315
16432,I111979921
16433,I24603500
16434,I44461941
16435,I161318765
16436,I4391767840
16437,I184565670
16438,I78577930
16439,I24603500
16440,I39422238
16441,I205783295
16442,I86519309
16443,I78715868
16444,I161318765
16445,I78577930
16446,I12834331
16447,I8692664
16448,I165799507
16449,I130701444
16450,I188538660
16451,I162714631
16452,I36258959
16453,I66946132
16454,I27804330
16455,I86519309
16456,I4391767840
16457,I4210088921
16458,I12834331
16459,I170201317
16460,I66946132
16461,I63135867
16462,I100005738
16463,I135310074
16464,I192396691
16465,I154570441
16466,I157725225
16467,I52357470
16468,I135310074
16469,I130238516
16470,I4210088921
16471,I188538660
16472,I1174212
16473,I157725225
16474,I135310074
16475,I188538660
16476,I157725225
16477,I188538660
16478,I153297377
16479,I6750721
16480,I27837315
16481,I130238516
16482,I137853757
16483,I95457486
16484,I135310074
16485,I201448701
16486,I130238516
16487,I27837315
16488,I4210088921
16489,I4391767840
16490,I137902535
16491,I157725225
16492,I135310074
16493,I99041443
16494,I111979921
16495,I4391767840
16496,I4391767840
16497,I99041443
16498,I95457486
16499,I111455621
16500,I177721651
16501,I36258959
16502,I161318765
16503,I192389796
16504,I133738476
16505,I20089843
16506,I52357470
16507,I100538780
16508,I57206974
16509,I111088046
16510,I86519309
16511,I63966007
16512,I100005738
16513,I27837315
16514,I140172145
16515,I859038795
16516,I160856358
16517,I173963315
16518,I87216513
16519,I107672454
16520,I130238516
16521,I223532165
16522,I133543626
16523,I130701444
16524,I4210088921
16525,I82495205
16526,I40347166
16527,I17626003
16528,I130701444
16529,I79576946
16530,I134522710
16531,I3132238960
16532,I27837315
16533,I26538001
16534,I167576493
16535,I74973139
16536,I130238516
16537,I111088046
16538,I138006243
16539,I130701444
16540,I184565670
16541,I1331384533
16542,I192396691
16543,I108468826
16544,I58956616
16545,I164936912
16546,I1331384533
16547,I114395901
16548,I79576946
16549,I157725225
16550,I145311948
16551,I102322142
16552,I72951846
16553,I169521973
16554,I4210106879
16555,I4498119
16556,I145402516
16557,I155093810
16558,I133999245
16559,I86501945
16560,I86501945
16561,I86501945
16562,I36699412
16563,I16285277
16564,I204465549
16565,I24603500
16566,I8692664
16567,I154570441
16568,I91083438
16569,I157725225
16570,I161318765
16571,I86519309
16572,I107639228
16573,I137902535
16574,I131249849
16575,I126307644
16576,I149910238
16577,I205783295
16578,I130769515
16579,I39422238
16580,I103531236
16581,I78577930
16582,I33213144
16583,I72951846
16584,I66946132
16585,I102322142
16586,I66946132
16587,I135310074
16588,I173911158
16589,I20089843
16590,I57328836
16591,I110152177
16592,I63966007
16593,I185103710
16594,I189590672
16595,I204250578
16596,I204250578
16597,I133738476
16598,I39422238
16599,I55732556
16600,I161318765
16601,I161057412
16602,I155781252
16603,I155781252
16604,I140172145
16605,I33213144
16606,I84475105
16607,I102322142
16608,I143302722
16609,I180949307
16610,I162714631
16611,I145311948
16612,I205783295
16613,I87216513
16614,I143302722
16615,I121980950
16616,I52357470
16617,I4210088921
16618,I157725225
16619,I78577930
16620,I52357470
16621,I102322142
16622,I95457486
16623,I95457486
16624,I102322142
16625,I2613432
16626,I20089843
16627,I74973139
16628,I97018004
16629,I170897317
16630,I143302722
16631,I27837315
16632,I107672454
16633,I205783295
16634,I55732556
16635,I24603500
16636,I107077323
16637,I169521973
16638,I2613432
16639,I189590672
16640,I157725225
16641,I24603500
16642,I11957088
16643,I137902535
16644,I33213144
16645,I205783295
16646,I58956616
16647,I10052268
16648,I100538780
16649,I102322142
16650,I173911158
16651,I130769515
16652,I4391767840
16653,I86519309
16654,I72951846
16655,I44461941
16656,I170897317
16657,I63966007
16658,I137902535
16659,I99041443
16660,I63966007
16661,I111979921
16662,I39422238
16663,I39422238
16664,I201448701
16665,I201448701
16666,I130238516
16667,I103635307
16668,I4391767840
16669,I204250578
16670,I223532165
16671,I4210088921
16672,I4210088921
16673,I27837315
16674,I130701444
16675,I27837315
16676,I130769515
16677,I114395901
16678,I27804330
16679,I86519309
16680,I79272384
16681,I33213144
16682,I33213144
16683,I859038795
16684,I33213144
16685,I57206974
16686,I8692664
16687,I52357470
16688,I223532165
16689,I157725225
16690,I111979921
16691,I859038795
16692,I24603500
16693,I102322142
16694,I114027177
16695,I110152177
16696,I52357470
16697,I130238516
16698,I51556381
16699,I92446798
16700,I92446798
16701,I63966007
16702,I202524275
16703,I51556381
16704,I2613432
16705,I184565670
16706,I33213144
16707,I165799507
16708,I205783295
16709,I91045830
16710,I6902469
16711,I63966007
16712,I27837315
16713,I63966007
16714,I74973139
16715,I20089843
16716,I111979921
16717,I157725225
16718,I39422238
16719,I135310074
16720,I72816309
16721,I97018004
16722,I107639228
16723,I74775410
16724,I39422238
16725,I859038795
16726,I5388228
16727,I186143895
16728,I78577930
16729,I52357470
16730,I97018004
16731,I135310074
16732,I137902535
16733,I66946132
16734,I137902535
16735,I86501945
16736,I86501945
16737,I188538660
16738,I86501945
16739,I157725225
16740,I204250578
16741,I51556381
16742,I55302922
16743,I130701444
16744,I123946342
16745,I63190737
16746,I135310074
16747,I154570441
16748,I170201317
16749,I79576946
16750,I4210088921
16751,I86519309
16752,I4391767840
16753,I27837315
16754,I4391767840
16755,I72951846
16756,I111236770
16757,I189590672
16758,I150468666
16759,I143302722
16760,I184565670
16761,I63966007
16762,I72816309
16763,I1331384533
16764,I107639228
16765,I4210088921
16766,I27804330
16767,I166088655
16768,I135310074
16769,I66946132
16770,I161057412
16771,I57206974
16772,I188538660
16773,I12834331
16774,I205783295
16775,I72951846
16776,I86501945
16777,I63190737
16778,I72816309
16779,I36258959
16780,I111979921
16781,I63966007
16782,I154570441
16783,I76835614
16784,I63966007
16785,I79576946
16786,I200719446
16787,I86519309
16788,I63966007
16789,I16285277
16790,I130701444
16791,I63966007
16792,I4210088921
16793,I91045830
16794,I154570441
16795,I40347166
16796,I154570441
16797,I39422238
16798,I165690674
16799,I86519309
16800,I4210088921
16801,I76835614
16802,I40347166
16803,I36258959
16804,I204250578
16805,I63966007
16806,I103635307
16807,I79272384
16808,I52357470
16809,I859038795
16810,I134113660
16811,I111979921
16812,I138006243
16813,I27837315
16814,I44461941
16815,I55732556
16816,I6750721
16817,I859038795
16818,I592451
16819,I155781252
16820,I136199984
16821,I107639228
16822,I79576946
16823,I130701444
16824,I40347166
16825,I16285277
16826,I223532165
16827,I27837315
16828,I8078737
16829,I162514690
16830,I55732556
16831,I57206974
16832,I27837315
16833,I167576493
16834,I74973139
16835,I141649380
16836,I58956616
16837,I204465549
16838,I74973139
16839,I111088046
16840,I27837315
16841,I193531525
16842,I60388903
16843,I130701444
16844,I130701444
16845,I107639228
16846,I130701444
16847,I195575238
16848,I49332381
16849,I59553526
16850,I111088046
16851,I33213144
16852,I165690674
16853,I185443292
16854,I165690674
16855,I130238516
16856,I130769515
16857,I27837315
16858,I130769515
16859,I59553526
16860,I140172145
16861,I122411786
16862,I74973139
16863,I189196454
16864,I142740786
16865,I114395901
16866,I130238516
16867,I186143895
16868,I223532165
16869,I115475287
16870,I130769515
16871,I145311948
16872,I204250578
16873,I161318765
16874,I78577930
16875,I79576946
16876,I91481961
16877,I102322142
16878,I79576946
16879,I122411786
16880,I36258959
16881,I181233156
16882,I1321305853
16883,I185103710
16884,I131651094
16885,I51556381
16886,I19700959
16887,I130238516
16888,I66946132
16889,I107077323
16890,I57206974
16891,I57328836
16892,I57206974
16893,I82497590
16894,I592451
16895,I138006243
16896,I87216513
16897,I59553526
16898,I120156002
16899,I154570441
16900,I106165777
16901,I36258959
16902,I204250578
16903,I149919469
16904,I145561451
16905,I86519309
16906,I66946132
16907,I100005738
16908,I392282
16909,I27837315
16910,I170897317
16911,I201448701
16912,I111979921
16913,I126307644
16914,I39422238
16915,I135310074
16916,I63135867
16917,I86501945
16918,I111088046
16919,I1174212
16920,I97018004
16921,I63966007
16922,I170897317
16923,I189590672
16924,I145311948
16925,I135310074
16926,I161318765
16927,I58956616
16928,I24603500
16929,I79576946
16930,I103635307
16931,I114395901
16932,I155781252
16933,I135310074
16934,I74775410
16935,I32389192
16936,I102322142
16937,I115475287
16938,I92446798
16939,I97018004
16940,I154570441
16941,I63772739
16942,I16285277
16943,I100005738
16944,I111088046
16945,I102322142
16946,I859038795
16947,I197173980
16948,I102322142
16949,I39422238
16950,I157725225
16951,I130238516
16952,I130769515
16953,I2613432
16954,I161318765
16955,I4210106879
16956,I102322142
16957,I137902535
16958,I143302722
16959,I178169726
16960,I66946132
16961,I16285277
16962,I135310074
16963,I57206974
16964,I84218800
16965,I165799507
16966,I74973139
16967,I919208787
16968,I130785548
16969,I66946132
16970,I78715868
16971,I81365321
16972,I126307644
16973,I138006243
16974,I126307644
16975,I52357470
16976,I173911158
16977,I49332381
16978,I8078737
16979,I111088046
16980,I4210103622
16981,I8078737
16982,I23732399
16983,I130238516
16984,I130769515
16985,I63966007
16986,I49502546
16987,I107672454
16988,I87216513
16989,I4210106879
16990,I63966007
16991,I63966007
16992,I205783295
16993,I72951846
16994,I136199984
16995,I98540497
16996,I136199984
16997,I39422238
16998,I59553526
16999,I186143895
17000,I16285277
17001,I188538660
17002,I95457486
17003,I86519309
17004,I201448701
17005,I130769515
17006,I12912129
17007,I137902535
17008,I114832834
17009,I201448701
17010,I130238516
17011,I223532165
17012,I130238516
17013,I39422238
17014,I205783295
17015,I200719446
17016,I186143895
17017,I95457486
17018,I173911158
17019,I188538660
17020,I130701444
17021,I24603500
17022,I33213144
17023,I79272384
17024,I102322142
17025,I107077323
17026,I170897317
17027,I20382870
17028,I114027177
17029,I52357470
17030,I5444425
17031,I100538780
17032,I27837315
17033,I63190737
17034,I78577930
17035,I20089843
17036,I92446798
17037,I170897317
17038,I24603500
17039,I145311948
17040,I107639228
17041,I157417397
17042,I157725225
17043,I205783295
17044,I130769515
17045,I121934306
17046,I63966007
17047,I51556381
17048,I165799507
17049,I592451
17050,I72816309
17051,I201448701
17052,I157725225
17053,I22675022
17054,I592451
17055,I27837315
17056,I4210088921
17057,I51556381
17058,I157725225
17059,I43579087
17060,I180670191
17061,I55732556
17062,I84218800
17063,I185103710
17064,I201448701
17065,I95457486
17066,I97018004
17067,I130769515
17068,I143302722
17069,I72816309
17070,I8078737
17071,I130701444
17072,I867280407
17073,I66946132
17074,I114027177
17075,I66946132
17076,I11957088
17077,I66946132
17078,I136199984
17079,I130701444
17080,I205783295
17081,I63966007
17082,I149910238
17083,I125687163
17084,I86501945
17085,I205783295
17086,I859038795
17087,I51556381
17088,I170897317
17089,I86519309
17090,I102149020
17091,I63966007
17092,I130701444
17093,I102322142
17094,I32389192
17095,I111979921
17096,I8692664
17097,I102149020
17098,I83041322
17099,I155173764
17100,I90871651
17101,I86519309
17102,I4391767840
17103,I125687163
17104,I107077323
17105,I44461941
17106,I19648265
17107,I24603500
17108,I27837315
17109,I20089843
17110,I19648265
17111,I43579087
17112,I130769515
17113,I63966007
17114,I4498119
17115,I173911158
17116,I24603500
17117,I99041443
17118,I6902469
17119,I146416000
17120,I165799507
17121,I23732399
17122,I195575238
17123,I170897317
17124,I157725225
17125,I1338124936
17126,I165799507
17127,I135310074
17128,I130701444
17129,I157725225
17130,I140172145
17131,I107672454
17132,I185103710
17133,I86519309
17134,I4210088921
17135,I23732399
17136,I40347166
17137,I106165777
17138,I204250578
17139,I4387153128
17140,I27837315
17141,I33434090
17142,I10052268
17143,I63966007
17144,I55732556
17145,I4391767840
17146,I205783295
17147,I74973139
17148,I72816309
17149,I55732556
17150,I136199984
17151,I33213144
17152,I87216513
17153,I20089843
17154,I102149020
17155,I84218800
17156,I52357470
17157,I86501945
17158,I86519309
17159,I107077323
17160,I86501945
17161,I146416000
17162,I74973139
17163,I43579087
17164,I11957088
17165,I157725225
17166,I130769515
17167,I72816309
17168,I78577930
17169,I74973139
17170,I197979904
17171,I165799507
17172,I86501945
17173,I27837315
17174,I87216513
17175,I103635307
17176,I95457486
17177,I79576946
17178,I165799507
17179,I100633361
17180,I130701444
17181,I181565077
17182,I63966007
17183,I87208437
17184,I121820613
17185,I143302722
17186,I140172145
17187,I20089843
17188,I79576946
17189,I66946132
17190,I130701444
17191,I180949307
17192,I74973139
17193,I40347166
17194,I154570441
17195,I130701444
17196,I157725225
17197,I111088046
17198,I52357470
17199,I110152177
17200,I157725225
17201,I86501945
17202,I150693791
17203,I130701444
17204,I63135867
17205,I4210088921
17206,I134113660
17207,I74973139
17208,I143302722
17209,I79272384
17210,I63190737
17211,I83399316
17212,I63190737
17213,I27804330
17214,I186143895
17215,I36486460
17216,I115475287
17217,I17301866
17218,I63190737
17219,I138006243
17220,I165799507
17221,I90871651
17222,I4210088921
17223,I17626003
17224,I63966007
17225,I170201317
17226,I146416000
17227,I78577930
17228,I43579087
17229,I59553526
17230,I16285277
17231,I121820613
17232,I99041443
17233,I157725225
17234,I130238516
17235,I6902469
17236,I57206974
17237,I137902535
17238,I157725225
17239,I78577930
17240,I4210088921
17241,I111088046
17242,I110152177
17243,I135310074
17244,I111236770
17245,I4210088921
17246,I8078737
17247,I204250578
17248,I100005738
17249,I145311948
17250,I184647316
17251,I157725225
17252,I114395901
17253,I161318765
17254,I102322142
17255,I115475287
17256,I205783295
17257,I97018004
17258,I97018004
17259,I86519309
17260,I71730758
17261,I100005738
17262,I200719446
17263,I86519309
17264,I95457486
17265,I201448701
17266,I72816309
17267,I95457486
17268,I71838634
17269,I63190737
17270,I205783295
17271,I97018004
17272,I149292303
17273,I140172145
17274,I200719446
17275,I8078737
17276,I184647316
17277,I162577319
17278,I161318765
17279,I167576493
17280,I155093810
17281,I103635307
17282,I130701444
17283,I204250578
17284,I111979921
17285,I97018004
17286,I167576493
17287,I138006243
17288,I97018004
17289,I167576493
17290,I12834331
17291,I95457486
17292,I154570441
17293,I161318765
17294,I161318765
17295,I122411786
17296,I120506574
17297,I55732556
17298,I204250578
17299,I55732556
17300,I74973139
17301,I79272384
17302,I79272384
17303,I32971472
17304,I79576946
17305,I135310074
17306,I70571728
17307,I78577930
17308,I74775410
17309,I111088046
17310,I165799507
17311,I155781252
17312,I145311948
17313,I1338124936
17314,I161318765
17315,I161318765
17316,I135310074
17317,I26538001
17318,I52669646
17319,I136199984
17320,I1174212
17321,I97018004
17322,I78577930
17323,I111979921
17324,I901861585
17325,I44461941
17326,I188538660
17327,I154570441
17328,I102322142
17329,I201448701
17330,I161318765
17331,I138006243
17332,I161318765
17333,I165951966
17334,I102322142
17335,I169521973
17336,I114027177
17337,I138006243
17338,I130238516
17339,I4210088921
17340,I130769515
17341,I87216513
17342,I76835614
17343,I79272384
17344,I126307644
17345,I157725225
17346,I130238516
17347,I95457486
17348,I130769515
17349,I155707491
17350,I97018004
17351,I4387153128
17352,I150468666
17353,I201448701
17354,I130701444
17355,I130701444
17356,I169521973
17357,I57206974
17358,I204250578
17359,I39660569
17360,I57206974
17361,I51556381
17362,I154570441
17363,I167576493
17364,I114027177
17365,I55732556
17366,I130769515
17367,I859038795
17368,I74973139
17369,I78577930
17370,I79576946
17371,I201448701
17372,I79272384
17373,I170897317
17374,I149910238
17375,I74775410
17376,I155781252
17377,I177605424
17378,I66946132
17379,I2613432
17380,I121980950
17381,I91045830
17382,I173911158
17383,I63190737
17384,I126548940
17385,I79576946
17386,I8078737
17387,I188538660
17388,I27837315
17389,I63190737
17390,I201448701
17391,I170897317
17392,I130238516
17393,I72951846
17394,I39422238
17395,I150468666
17396,I8078737
17397,I859038795
17398,I52357470
17399,I55732556
