row_id,序号,姓名,年度,inst_name,inst_src,host_openalex_id,matched_name,method,relevance,ror
0,1,陈永川,1994,,依托单位,,,none,,
1,2,徐超江,1994,,依托单位,,,none,,
2,3,席南华,1994,,依托单位,,,none,,
3,4,杨卫,1994,,依托单位,,,none,,
4,5,张洪起,1994,,依托单位,,,none,,
5,6,彭练矛,1994,,依托单位,,,none,,
6,7,王牧,1994,,依托单位,,,none,,
7,8,罗俊,1994,,依托单位,,,none,,
8,9,冯守华,1994,,依托单位,,,none,,
9,10,姜标,1994,,依托单位,,,none,,
10,11,郑兰荪,1994,,依托单位,,,none,,
11,12,赵新生,1994,,依托单位,,,none,,
12,13,何天白,1994,,依托单位,,,none,,
13,14,李静海,1994,,依托单位,,,none,,
14,15,邓子新,1994,,依托单位,,,none,,
15,16,宋微波,1994,,依托单位,,,none,,
16,17,方精云,1994,,依托单位,,,none,,
17,18,王志新,1994,,依托单位,,,none,,
18,19,李伯良,1994,,依托单位,,,none,,
19,20,顾晓松,1994,,依托单位,,,none,,
20,21,王宪,1994,,依托单位,,,none,,
21,22,孙方臻,1994,,依托单位,,,none,,
22,23,陈建国,1994,,依托单位,,,none,,
23,24,桂建芳,1994,,依托单位,,,none,,
24,25,杨焕明,1994,,依托单位,,,none,,
25,26,陈竺,1994,,依托单位,,,none,,
26,27,张福锁,1994,,依托单位,,,none,,
27,28,王晓良,1994,,依托单位,,,none,,
28,29,姚檀栋,1994,,依托单位,,,none,,
29,30,孙卫国,1994,,依托单位,,,none,,
30,31,郑永飞,1994,,依托单位,,,none,,
31,32,彭平安,1994,,依托单位,,,none,,
32,33,朱日祥,1994,,依托单位,,,none,,
33,34,张禹慎,1994,,依托单位,,,none,,
34,35,穆穆,1994,,依托单位,,,none,,
35,36,徐惠彬,1994,,依托单位,,,none,,
36,37,魏炳波,1994,,依托单位,,,none,,
37,38,谢和平,1994,,依托单位,,,none,,
38,39,樊建人,1994,,依托单位,,,none,,
39,40,王兆印,1994,,依托单位,,,none,,
40,41,刘忠范,1994,,依托单位,,,none,,
41,42,李建保,1994,,依托单位,,,none,,
42,43,李晓光,1994,,依托单位,,,none,,
43,44,杨义先,1994,,依托单位,,,none,,
44,45,何力,1994,,依托单位,,,none,,
45,46,郭雷,1994,,依托单位,,,none,,
46,47,陈良尧,1994,,依托单位,,,none,,
47,48,谭建荣,1994,,依托单位,,,none,,
48,49,胡鞍钢,1994,,依托单位,,,none,,
49,50,袁亚湘,1995,,依托单位,,,none,,
50,51,张伟平,1995,,依托单位,,,none,,
51,52,程崇庆,1995,,依托单位,,,none,,
52,53,张继平,1995,,依托单位,,,none,,
53,54,洪友士,1995,,依托单位,,,none,,
54,55,顾元宪,1995,,依托单位,,,none,,
55,56,郑泉水,1995,,依托单位,,,none,,
56,57,甘为群,1995,,依托单位,,,none,,
57,58,陆卫,1995,,依托单位,,,none,,
58,59,侯晓远,1995,,依托单位,,,none,,
59,60,郑杭,1995,,依托单位,,,none,,
60,61,龚旗煌,1995,,依托单位,,,none,,
61,62,李定,1995,,依托单位,,,none,,
62,63,严纯华,1995,,依托单位,,,none,,
63,64,麻生明,1995,,依托单位,,,none,,
64,65,解金春,1995,,依托单位,,,none,,
65,66,白春礼,1995,,依托单位,,,none,,
66,67,包信和,1995,,依托单位,,,none,,
67,68,来鲁华,1995,,依托单位,,,none,,
68,69,孙世刚,1995,,依托单位,,,none,,
69,70,苏志国,1995,,依托单位,,,none,,
70,71,阮力,1995,,依托单位,,,none,,
71,72,赵进东,1995,,依托单位,,,none,,
72,73,武维华,1995,,依托单位,,,none,,
73,74,冯明光,1995,,依托单位,,,none,,
74,75,李林,1995,,依托单位,,,none,,
75,76,刘德培,1995,,依托单位,,,none,,
76,77,屈良鹊,1995,,依托单位,,,none,,
77,78,唐建国,1995,,依托单位,,,none,,
78,79,周专,1995,,依托单位,,,none,,
79,80,张旭,1995,,依托单位,,,none,,
80,81,陈赛娟,1995,,依托单位,,,none,,
81,82,邓汉湘,1995,,依托单位,,,none,,
82,83,张亚平,1995,,依托单位,,,none,,
83,84,张启发,1995,,依托单位,,,none,,
84,85,余龙,1995,,依托单位,,,none,,
85,86,冯根生,1995,,依托单位,,,none,,
86,87,李家洋,1995,,依托单位,,,none,,
87,88,彭友良,1995,,依托单位,,,none,,
88,89,李晓林,1995,,依托单位,,,none,,
89,90,樊代明,1995,,依托单位,,,none,,
90,91,寿成超,1995,,依托单位,,,none,,
91,92,曹亚,1995,,依托单位,,,none,,
92,93,刘进,1995,,依托单位,,,none,,
93,94,付小兵,1995,,依托单位,,,none,,
94,95,郝小江,1995,,依托单位,,,none,,
95,96,龚健雅,1995,,依托单位,,,none,,
96,97,陶澍,1995,,依托单位,,,none,,
97,98,丁仲礼,1995,,依托单位,,,none,,
98,99,黄润秋,1995,,依托单位,,,none,,
99,100,吴庆余,1995,,依托单位,,,none,,
100,101,吴汉宁,1995,,依托单位,,,none,,
101,102,万卫星,1995,,依托单位,,,none,,
102,103,吴北婴,1995,,依托单位,,,none,,
103,104,张经,1995,,依托单位,,,none,,
104,105,沈保根,1995,,依托单位,,,none,,
105,106,林昌健,1995,,依托单位,,,none,,
106,107,董闯,1995,,依托单位,,,none,,
107,108,侯建国,1995,,依托单位,,,none,,
108,109,姚建年,1995,,依托单位,,,none,,
109,110,许宁生,1995,,依托单位,,,none,,
110,111,郭其鹏,1995,,依托单位,,,none,,
111,112,唐春安,1995,,依托单位,,,none,,
112,113,孙恒虎,1995,,依托单位,,,none,,
113,114,吴雅,1995,,依托单位,,,none,,
114,115,翟婉明,1995,,依托单位,,,none,,
115,116,徐力平,1995,,依托单位,,,none,,
116,117,袁驷,1995,,依托单位,,,none,,
117,118,王光谦,1995,,依托单位,,,none,,
118,119,白净,1995,,依托单位,,,none,,
119,120,陆祖宏,1995,,依托单位,,,none,,
120,121,李建中,1995,,依托单位,,,none,,
121,122,吕建,1995,,依托单位,,,none,,
122,123,张晨曦,1995,,依托单位,,,none,,
123,124,郑南宁,1995,,依托单位,,,none,,
124,125,罗毅,1995,,依托单位,,,none,,
125,126,黄大鸣,1995,,依托单位,,,none,,
126,127,王恩哥,1995,,依托单位,,,none,,
127,128,辛建国,1995,,依托单位,,,none,,
128,129,席西民,1995,,依托单位,,,none,,
129,130,任佳刚,1996,,依托单位,,,none,,
130,131,郑志勇,1996,,依托单位,,,none,,
131,132,叶向东,1996,,依托单位,,,none,,
132,133,谈胜利,1996,,依托单位,,,none,,
133,134,王复明,1996,,依托单位,,,none,,
134,135,李灸,1996,,依托单位,,,none,,
135,136,杨戟,1996,,依托单位,,,none,,
136,137,张泽,1996,,依托单位,,,none,,
137,138,王炜,1996,,依托单位,,,none,,
138,139,金晓峰,1996,,依托单位,,,none,,
139,140,黄新明,1996,,依托单位,,,none,,
140,141,常哲,1996,,依托单位,,,none,,
141,142,冯军,1996,,依托单位,,,none,,
142,143,吴岳良,1996,,依托单位,,,none,,
143,144,林建华,1996,,依托单位,,,none,,
144,145,陈小明,1996,,依托单位,,,none,,
145,146,刘育,1996,,依托单位,,,none,,
146,147,黄培强,1996,,依托单位,,,none,,
147,148,李灿,1996,,依托单位,,,none,,
148,149,田中群,1996,,依托单位,,,none,,
149,150,孙子罕,1996,,依托单位,,,none,,
150,151,杨玉良,1996,,依托单位,,,none,,
151,152,瞿金平,1996,,依托单位,,,none,,
152,153,吴奇,1996,,依托单位,,,none,,
153,154,田禾,1996,,依托单位,,,none,,
154,155,徐建国,1996,,依托单位,,,none,,
155,156,高坤山,1996,,依托单位,,,none,,
156,157,袁明,1996,,依托单位,,,none,,
157,158,黄大卫,1996,,依托单位,,,none,,
158,159,焦念志,1996,,依托单位,,,none,,
159,160,崔奕波,1996,,依托单位,,,none,,
160,161,沈岩,1996,,依托单位,,,none,,
161,162,潘宪明,1996,,依托单位,,,none,,
162,163,陈江野,1996,,依托单位,,,none,,
163,164,吉永华,1996,,依托单位,,,none,,
164,165,李云庆,1996,,依托单位,,,none,,
165,166,陈杰,1996,,依托单位,,,none,,
166,167,宋建国,1996,,依托单位,,,none,,
167,168,贺福初,1996,,依托单位,,,none,,
168,169,裴钢,1996,,依托单位,,,none,,
169,170,吕有勇,1996,,依托单位,,,none,,
170,171,邓秀新,1996,,依托单位,,,none,,
171,172,潘申权,1996,,依托单位,,,none,,
172,173,李德发,1996,,依托单位,,,none,,
173,174,杨忠岐,1996,,依托单位,,,none,,
174,175,王宇,1996,,依托单位,,,none,,
175,176,颜光美,1996,,依托单位,,,none,,
176,177,杨静华,1996,,依托单位,,,none,,
177,178,张学光,1996,,依托单位,,,none,,
178,179,钟大放,1996,,依托单位,,,none,,
179,180,倪晋仁,1996,,依托单位,,,none,,
180,181,季强,1996,,依托单位,,,none,,
181,182,王成善,1996,,依托单位,,,none,,
182,183,刘丛强,1996,,依托单位,,,none,,
183,184,高山,1996,,依托单位,,,none,,
184,185,陈晓非,1996,,依托单位,,,none,,
185,186,易帆,1996,,依托单位,,,none,,
186,187,李建成,1996,,依托单位,,,none,,
187,188,翟世奎,1996,,依托单位,,,none,,
188,189,卢柯,1996,,依托单位,,,none,,
189,190,连建设,1996,,依托单位,,,none,,
190,191,王福会,1996,,依托单位,,,none,,
191,192,施剑林,1996,,依托单位,,,none,,
192,193,毛志强,1996,,依托单位,,,none,,
193,194,许家瑞,1996,,依托单位,,,none,,
194,195,李夕兵,1996,,依托单位,,,none,,
195,196,赵阳升,1996,,依托单位,,,none,,
196,197,郭万林,1996,,依托单位,,,none,,
197,198,胡海岩,1996,,依托单位,,,none,,
198,199,彭晓峰,1996,,依托单位,,,none,,
199,200,李崇坚,1996,,依托单位,,,none,,
200,201,徐世娘,1996,,依托单位,,,none,,
201,202,欧进萍,1996,,依托单位,,,none,,
202,203,任晓敏,1996,,依托单位,,,none,,
203,204,洪伟,1996,,依托单位,,,none,,
204,205,李星,1996,,依托单位,,,none,,
205,206,马利庄,1996,,依托单位,,,none,,
206,207,朱鸿,1996,,依托单位,,,none,,
207,208,贾英民,1996,,依托单位,,,none,,
208,209,郭雷,1996,,依托单位,,,none,,
209,210,薛其坤,1996,,依托单位,,,none,,
210,211,资剑,1996,,依托单位,,,none,,
211,212,曹健林,1996,,依托单位,,,none,,
212,213,邹汉法,1997,中国科学院大连化学物理研究所,依托单位,I180585399,Dalian Institute of Chemical Physics,exact,65201.16,https://ror.org/00prkya54
213,214,祝之明,1997,中国人民解放军第三军医大学,依托单位,I151075929,Army Medical University,exact,85157.16,https://ror.org/05w21nn13
214,215,朱玉贤,1997,北京大学,依托单位,I20231570,Peking University,exact,77618.14,https://ror.org/02v51f717
215,216,朱力行,1997,中国科学院数学与系统科学研究院,依托单位,I4210120485,Academy of Mathematics and Systems Science,exact,29545.18,https://ror.org/02jkmyk67
216,217,周仲荣,1997,西南交通大学,依托单位,I4800084,Southwest Jiaotong University,exact,43900.805,https://ror.org/00hn7w693
217,218,周玉,1997,哈尔滨工业大学,依托单位,I204983213,Harbin Institute of Technology,exact,115718.28,https://ror.org/01yqg2h08
218,219,周卫建,1997,中国科学院地球环境研究所,依托单位,I4210159790,Institute of Earth Environment,exact,27424.857,https://ror.org/04nps9965
219,220,周其林,1997,南开大学,依托单位,I205237279,Nankai University,exact,54575.492,https://ror.org/01y1kjr75
220,221,钟志华,1997,湖南大学,依托单位,I16609230,Hunan University,exact,52153.906,https://ror.org/05htk5m33
221,222,郑晓静,1997,兰州大学,依托单位,I76214153,Lanzhou University,exact,55239.18,https://ror.org/01mkqqe32
222,223,赵宪庚,1997,北京应用物理与计算数学研究所,依托单位,I4210145278,Institute of Applied Physics and Computational Mathematics,exact,21201.537,https://ror.org/03sxpbt26
223,224,赵少荣,1997,武汉大学,依托单位,I37461747,Wuhan University,exact,84484.22,https://ror.org/033vjfk17
224,225,赵进才,1997,中国科学院理化技术研究所,依托单位,I4210140689,Technical Institute of Physics and Chemistry,exact,36806.484,https://ror.org/04akaak77
225,226,赵刚,1997,中国科学院国家天文台,依托单位,I4210164580,National Astronomical Observatories,exact,34911.63,https://ror.org/058pyyv44
226,227,章明秋,1997,中山大学,依托单位,I157773358,Sun Yat-sen University,exact,72368.62,https://ror.org/0064kty71
227,228,张志东,1997,中国科学院金属研究所,依托单位,I4210126304,Institute of Metal Research,override,,
228,229,张玉卓,1997,煤炭科学技术研究院有限公司,依托单位,,,none,,
229,230,张毅刚,1997,中国科学院地质与地球物理研究所,依托单位,I4210126061,Institute of Geology and Geophysics,exact,56218.027,https://ror.org/030vmwa78
230,231,张希,1997,吉林大学,依托单位,I194450716,Jilin University,exact,67529.51,https://ror.org/00js3aw79
231,232,张文栋,1997,中北大学,依托单位,I135714990,North University of China,exact,9225.261,https://ror.org/047bp1713
232,233,张纪峰,1997,中国科学院数学与系统科学研究院,依托单位,I4210120485,Academy of Mathematics and Systems Science,exact,29545.18,https://ror.org/02jkmyk67
233,234,张洪杰,1997,中国科学院长春应用化学研究所,依托单位,I4210092888,Changchun Institute of Applied Chemistry,exact,82828.11,https://ror.org/00h52n341
234,235,尤肖虎,1997,东南大学,依托单位,I76569877,Southeast University,exact,48708.32,https://ror.org/04ct4d772
235,236,雍炯敏,1997,复旦大学,依托单位,I24943067,Fudan University,exact,92511.14,https://ror.org/013q1eq08
236,237,应明生,1997,南京航空航天大学,依托单位,I9842412,Nanjing University of Aeronautics and Astronautics,exact,50219.07,https://ror.org/01scyh794
237,238,叶其壮,1997,中国科学院上海药物研究所,依托单位,I4210112820,Shanghai Institute of Materia Medica,exact,49811.605,https://ror.org/022syn853
238,239,杨群,1997,中国科学院南京地质古生物研究所,依托单位,I4210103797,Nanjing Institute of Geology and Paleontology,exact,22973.246,https://ror.org/019av8481
239,240,许庚,1997,中山大学,依托单位,I157773358,Sun Yat-sen University,exact,72368.62,https://ror.org/0064kty71
240,241,徐安龙,1997,中山大学,依托单位,I157773358,Sun Yat-sen University,exact,72368.62,https://ror.org/0064kty71
241,242,邢达,1997,华南师范大学,依托单位,I187400657,South China Normal University,exact,43496.51,https://ror.org/01kq0pv72
242,243,夏照帆,1997,中国人民解放军第二军医大学,依托单位,I177933477,Second Military Medical University,exact,61741.094,https://ror.org/04tavpn47
243,244,武向平,1997,中国科学院国家天文台,依托单位,I4210164580,National Astronomical Observatories,exact,34911.63,https://ror.org/058pyyv44
244,245,吴忠良,1997,中国地震局地球物理研究所,依托单位,I4405272254,"Institute of Geophysics, China Earthquake Administration",exact,19.577072,https://ror.org/03v95xz18
245,246,吴平,1997,浙江大学,依托单位,I76130692,Zhejiang University,exact,86971.77,https://ror.org/00a2xv884
246,247,吴建平,1997,清华大学,依托单位,I99065089,Tsinghua University,exact,117751.195,https://ror.org/03cve4549
247,248,吴长勤,1997,复旦大学,依托单位,I24943067,Fudan University,exact,92511.14,https://ror.org/013q1eq08
248,249,魏于全,1997,四川大学,依托单位,I24185976,Sichuan University,exact,75979.734,https://ror.org/011ashp19
249,250,魏飞,1997,清华大学,依托单位,I99065089,Tsinghua University,exact,117751.195,https://ror.org/03cve4549
250,251,王永学,1997,大连理工大学,依托单位,I27357992,Dalian University of Technology,exact,64610.99,https://ror.org/023hj5876
251,252,王诗成,1997,北京大学,依托单位,I20231570,Peking University,exact,77618.14,https://ror.org/02v51f717
252,253,王梅祥,1997,中国科学院化学研究所,依托单位,I4210155088,Institute of Chemistry,exact,61771.133,https://ror.org/048y1rc66
253,254,王利祥,1997,中国科学院长春应用化学研究所,依托单位,I4210092888,Changchun Institute of Applied Chemistry,exact,82828.11,https://ror.org/00h52n341
254,255,王道文,1997,中国科学院遗传与发育生物学研究所,依托单位,I4210124606,Institute of Genetics and Developmental Biology,weak,57183.465,https://ror.org/02aee5m12
255,256,王彪,1997,哈尔滨工业大学,依托单位,I204983213,Harbin Institute of Technology,exact,115718.28,https://ror.org/01yqg2h08
256,257,童真,1997,华南理工大学,依托单位,I90610280,South China University of Technology,exact,65632.69,https://ror.org/0530pts50
257,258,唐小我,1997,电子科技大学,依托单位,I150229711,University of Electronic Science and Technology of China,exact,50616.445,https://ror.org/04qr3zq92
258,259,唐承薇,1997,重庆医科大学,依托单位,I87780372,Chongqing Medical University,exact,39973.676,https://ror.org/017z00e58
259,260,谭仁祥,1997,南京大学,依托单位,I881766915,Nanjing University,exact,62417.22,https://ror.org/01rxvg760
260,261,谈和平,1997,哈尔滨工业大学,依托单位,I204983213,Harbin Institute of Technology,exact,115718.28,https://ror.org/01yqg2h08
261,262,孙茂,1997,北京航空航天大学,依托单位,I82880672,Beihang University,exact,82779.67,https://ror.org/00wk2mp56
262,263,孙昌璞,1997,中国科学院理论物理研究所,依托单位,I4210125404,Institute of Theoretical Physics,exact,35358.984,https://ror.org/02xtbq882
263,264,丘小庆,1997,四川大学,依托单位,I24185976,Sichuan University,exact,75979.734,https://ror.org/011ashp19
264,265,乔利杰,1997,北京科技大学,依托单位,I92403157,University of Science and Technology Beijing,exact,39476.645,https://ror.org/02egmk993
265,266,欧阳颀,1997,北京大学,依托单位,I20231570,Peking University,exact,77618.14,https://ror.org/02v51f717
266,267,牛焱,1997,中国科学院金属研究所,依托单位,I4210126304,Institute of Metal Research,override,,
267,268,毛希安,1997,中国科学院武汉物理与数学研究所,依托单位,I4210099135,Wuhan Institute of Physics and Mathematics,exact,30681.508,https://ror.org/00zky9d41
268,269,马余刚,1997,中国科学院上海应用物理研究所,依托单位,I4210123885,Shanghai Institute of Applied Physics,exact,43298.895,https://ror.org/02w6gr951
269,270,马大为,1997,中国科学院上海有机化学研究所,依托单位,I4210112946,Shanghai Institute of Organic Chemistry,exact,54384.883,https://ror.org/01y3hvq34
270,271,吕应堂,1997,武汉大学,依托单位,I37461747,Wuhan University,exact,84484.22,https://ror.org/033vjfk17
271,272,吕力,1997,中国科学院物理研究所,依托单位,I4210159876,Institute of Physics,exact,48215.63,https://ror.org/05cvf7v30
272,273,罗泽伟,1997,复旦大学,依托单位,I24943067,Fudan University,exact,92511.14,https://ror.org/013q1eq08
273,274,刘振宇,1997,中国科学院山西煤炭化学研究所,依托单位,I4210159903,Institute of Coal Chemistry,exact,37711.496,https://ror.org/05j73fd60
274,275,刘迎龙,1997,中国医学科学院,依托单位,I200296433,Chinese Academy of Medical Sciences & Peking Union Medical College,exact,67015.46,https://ror.org/02drdmm93
275,276,刘耀光,1997,华南农业大学,依托单位,I101479585,South China Agricultural University,exact,41516.54,https://ror.org/05v9jqt67
276,277,刘俊明,1997,南京大学,依托单位,I881766915,Nanjing University,exact,62417.22,https://ror.org/01rxvg760
277,278,刘宝元,1997,北京师范大学,依托单位,I25254941,Beijing Normal University,exact,57501.61,https://ror.org/022k4wk35
278,279,梁惊涛,1997,中国科学院理化技术研究所,依托单位,I4210140689,Technical Institute of Physics and Chemistry,exact,36806.484,https://ror.org/04akaak77
279,280,李晓红,1997,重庆大学,依托单位,I158842170,Chongqing University,exact,48851.953,https://ror.org/023rhb549
280,281,李晓峰,1997,中国科学院物理研究所,依托单位,I4210159876,Institute of Physics,exact,48215.63,https://ror.org/05cvf7v30
281,282,李献华,1997,中国科学院广州地球化学研究所,依托单位,I3018690959,Guangzhou Institute of Geochemistry,exact,46284.484,https://ror.org/0356cst02
282,283,李宁,1997,中国农业大学,依托单位,I52158045,China Agricultural University,exact,58946.74,https://ror.org/04v3ywz14
283,284,李德铢,1997,中国科学院昆明植物研究所,依托单位,I13850615,Kunming Institute of Botany,exact,25411.791,https://ror.org/02e5hx313
284,285,康绍忠,1997,西北农林科技大学,依托单位,I89652312,Northwest A&F University,exact,61295.1,https://ror.org/0051rme32
285,286,康乐,1997,中国科学院动物研究所,依托单位,I4210167311,Institute of Zoology,exact,34200.504,https://ror.org/05skxkv18
286,287,靳常青,1997,中国科学院物理研究所,依托单位,I4210159876,Institute of Physics,exact,48215.63,https://ror.org/05cvf7v30
287,288,蒋志刚,1997,中国科学院动物研究所,依托单位,I4210167311,Institute of Zoology,exact,34200.504,https://ror.org/05skxkv18
288,289,蒋华良,1997,中国科学院上海药物研究所,依托单位,I4210112820,Shanghai Institute of Materia Medica,exact,49811.605,https://ror.org/022syn853
289,290,贾朝华,1997,中国科学院数学与系统科学研究院,依托单位,I4210120485,Academy of Mathematics and Systems Science,exact,29545.18,https://ror.org/02jkmyk67
290,291,吉敏,1997,中国科学院数学与系统科学研究院,依托单位,I4210120485,Academy of Mathematics and Systems Science,exact,29545.18,https://ror.org/02jkmyk67
291,292,黄季昆,1997,中国农业科学院农业经济与发展研究所,依托单位,I4210104598,Institute of Agricultural Economics and Development,exact,6564.0337,https://ror.org/00xz0ff56
292,293,黄海,1997,中国科学院上海生命科学研究院,依托单位,I4210106477,Shanghai Institutes for Biological Sciences,exact,56299.793,https://ror.org/011rf9d86
293,294,胡钧,1997,中国科学院上海应用物理研究所,依托单位,I4210123885,Shanghai Institute of Applied Physics,exact,43298.895,https://ror.org/02w6gr951
294,295,贺林,1997,中国科学院上海生命科学研究院,依托单位,I4210106477,Shanghai Institutes for Biological Sciences,exact,56299.793,https://ror.org/011rf9d86
295,296,韩忠朝,1997,中国医学科学院,依托单位,I200296433,Chinese Academy of Medical Sciences & Peking Union Medical College,exact,67015.46,https://ror.org/02drdmm93
296,297,韩东一,1997,中国人民解放军总医院,依托单位,I2802939634,Chinese PLA General Hospital,exact,55320.848,https://ror.org/04gw3ra78
297,298,韩布兴,1997,中国科学院化学研究所,依托单位,I4210155088,Institute of Chemistry,exact,61771.133,https://ror.org/048y1rc66
298,299,郭正堂,1997,中国科学院地质与地球物理研究所,依托单位,I4210126061,Institute of Geology and Geophysics,exact,56218.027,https://ror.org/030vmwa78
299,300,郭亚军,1997,中国人民解放军第二军医大学,依托单位,I177933477,Second Military Medical University,exact,61741.094,https://ror.org/04tavpn47
300,301,郭烈锦,1997,西安交通大学,依托单位,I87445476,Xi'an Jiaotong University,exact,70856.3,https://ror.org/017zhmm22
301,302,管晓宏,1997,西安交通大学,依托单位,I87445476,Xi'an Jiaotong University,exact,70856.3,https://ror.org/017zhmm22
302,303,顾明,1997,同济大学,依托单位,I116953780,Tongji University,exact,50689.016,https://ror.org/03rc6as71
303,304,龚建平,1997,华中科技大学,依托单位,I47720641,Huazhong University of Science and Technology,exact,83397.086,https://ror.org/00p991c53
304,305,高晓明,1997,北京大学,依托单位,I20231570,Peking University,exact,77618.14,https://ror.org/02v51f717
305,306,高小山,1997,中国科学院数学与系统科学研究院,依托单位,I4210120485,Academy of Mathematics and Systems Science,exact,29545.18,https://ror.org/02jkmyk67
306,307,高抒,1997,南京大学,依托单位,I881766915,Nanjing University,exact,62417.22,https://ror.org/01rxvg760
307,308,高琼,1997,北京师范大学,依托单位,I25254941,Beijing Normal University,exact,57501.61,https://ror.org/022k4wk35
308,309,傅伯杰,1997,中国科学院生态环境研究中心,依托单位,I4210144289,Research Center for Eco-Environmental Sciences,exact,59822.87,https://ror.org/03rpsvy57
309,310,符松,1997,清华大学,依托单位,I99065089,Tsinghua University,exact,117751.195,https://ror.org/03cve4549
310,311,董双林,1997,中国海洋大学,依托单位,I59028903,Ocean University of China,exact,39370.42,https://ror.org/04rdtx186
311,312,董奇,1997,北京师范大学,依托单位,I25254941,Beijing Normal University,exact,57501.61,https://ror.org/022k4wk35
312,313,丁汉,1997,华中科技大学,依托单位,I47720641,Huazhong University of Science and Technology,exact,83397.086,https://ror.org/00p991c53
313,314,褚健,1997,浙江大学,依托单位,I76130692,Zhejiang University,exact,86971.77,https://ror.org/00a2xv884
314,315,池汝安,1997,清华大学,依托单位,I99065089,Tsinghua University,exact,117751.195,https://ror.org/03cve4549
315,316,程艺,1997,中国科学技术大学,依托单位,I126520041,University of Science and Technology of China,exact,105356.01,https://ror.org/04c4dkn09
316,317,陈骏,1997,南京大学,依托单位,I881766915,Nanjing University,exact,62417.22,https://ror.org/01rxvg760
317,318,陈接胜,1997,吉林大学,依托单位,I194450716,Jilin University,exact,67529.51,https://ror.org/00js3aw79
318,319,陈鸿,1997,同济大学,依托单位,I116953780,Tongji University,exact,50689.016,https://ror.org/03rc6as71
319,320,陈国强,1997,上海交通大学,依托单位,I183067930,Shanghai Jiao Tong University,exact,99965.625,https://ror.org/0220qvk04
320,321,昌增益,1997,清华大学,依托单位,I99065089,Tsinghua University,exact,117751.195,https://ror.org/03cve4549
321,322,曹卫星,1997,南京农业大学,依托单位,I119454577,Nanjing Agricultural University,exact,55386.867,https://ror.org/05td3s095
322,323,邹恒甫,1998,武汉大学,依托单位,I37461747,Wuhan University,exact,84484.22,https://ror.org/033vjfk17
323,324,祝宁华,1998,中国科学院半导体研究所,依托单位,I4210149211,Institute of Semiconductors,exact,44368.86,https://ror.org/048dd0611
324,325,朱熹平,1998,中山大学,依托单位,I157773358,Sun Yat-sen University,exact,72368.62,https://ror.org/0064kty71
325,326,周秀芬,1998,华中农业大学,依托单位,I204823248,Huazhong Agricultural University,exact,62343.33,https://ror.org/023b72294
326,327,周向宇,1998,中国科学院数学与系统科学研究院,依托单位,I4210120485,Academy of Mathematics and Systems Science,exact,29545.18,https://ror.org/02jkmyk67
327,328,周午纵,1998,中国科学院物理研究所,依托单位,I4210159876,Institute of Physics,exact,48215.63,https://ror.org/05cvf7v30
328,329,周青,1998,华东师范大学,依托单位,I66867065,East China Normal University,exact,47665.625,https://ror.org/02n96ep67
329,330,钟毅,1998,清华大学,依托单位,I99065089,Tsinghua University,exact,117751.195,https://ror.org/03cve4549
330,331,郑诣,1998,中国科学院生物物理研究所,依托单位,I4210112540,Institute of Biophysics,exact,43632.348,https://ror.org/01tyv8576
331,332,赵政国,1998,中国科学院高能物理研究所,依托单位,I4210137180,Institute of High Energy Physics,exact,107211.8,https://ror.org/03v8tnc06
332,333,张中杰,1998,中国科学院地质与地球物理研究所,依托单位,I4210126061,Institute of Geology and Geophysics,exact,56218.027,https://ror.org/030vmwa78
333,334,张知彬,1998,中国科学院动物研究所,依托单位,I4210167311,Institute of Zoology,exact,34200.504,https://ror.org/05skxkv18
334,335,张晓坤,1998,厦门大学,依托单位,I191208505,Xiamen University,exact,63183.082,https://ror.org/00mcjh785
335,336,张小曳,1998,中国科学院地球环境研究所,依托单位,I4210159790,Institute of Earth Environment,exact,27424.857,https://ror.org/04nps9965
336,337,张培震,1998,中国地震局地质研究所,依托单位,I4391768021,"Institute of Geology, China Earthquake Administration",exact,12191.705,https://ror.org/03z8dnf91
337,338,张杰,1998,中国科学院物理研究所,依托单位,I4210159876,Institute of Physics,exact,48215.63,https://ror.org/05cvf7v30
338,339,詹文龙,1998,中国科学院近代物理研究所,依托单位,I4210131271,Institute of Modern Physics,exact,38394.246,https://ror.org/03x8rhq63
339,340,曾益新,1998,中山大学,依托单位,I157773358,Sun Yat-sen University,exact,72368.62,https://ror.org/0064kty71
340,341,曾攀,1998,清华大学,依托单位,I99065089,Tsinghua University,exact,117751.195,https://ror.org/03cve4549
341,342,喻明,1998,中国科学院理论物理研究所,依托单位,I4210125404,Institute of Theoretical Physics,exact,35358.984,https://ror.org/02xtbq882
342,343,药立波,1998,中国人民解放军第四军医大学,依托单位,,,none,,
343,344,杨增明,1998,东北农业大学,依托单位,I169572211,Northeast Agricultural University,exact,34269.277,https://ror.org/0515nd386
344,345,杨元喜,1998,西安测绘研究所,依托单位,,,none,,
345,346,杨学军,1998,中国人民解放军国防科技大学,依托单位,I170215575,National University of Defense Technology,weak,24259.445,https://ror.org/05d2yfz11
346,347,杨辉,1998,中国科学院半导体研究所,依托单位,I4210149211,Institute of Semiconductors,exact,44368.86,https://ror.org/048dd0611
347,348,严以京,1998,中国科学技术大学,依托单位,I126520041,University of Science and Technology of China,exact,105356.01,https://ror.org/04c4dkn09
348,349,薛勇彪,1998,中国科学院遗传与发育生物学研究所,依托单位,I4210124606,Institute of Genetics and Developmental Biology,weak,57183.465,https://ror.org/02aee5m12
349,350,许京军,1998,南开大学,依托单位,I205237279,Nankai University,exact,54575.492,https://ror.org/01y1kjr75
350,351,谢毅,1998,中国科学技术大学,依托单位,I126520041,University of Science and Technology of China,exact,105356.01,https://ror.org/04c4dkn09
351,352,肖杰,1998,清华大学,依托单位,I99065089,Tsinghua University,exact,117751.195,https://ror.org/03cve4549
352,353,肖丰收,1998,吉林大学,依托单位,I194450716,Jilin University,exact,67529.51,https://ror.org/00js3aw79
353,354,席振峰,1998,北京大学,依托单位,I20231570,Peking University,exact,77618.14,https://ror.org/02v51f717
354,355,吴瑛,1998,复旦大学,依托单位,I24943067,Fudan University,exact,92511.14,https://ror.org/013q1eq08
355,356,吴家睿,1998,中国科学院上海生命科学研究院,依托单位,I4210106477,Shanghai Institutes for Biological Sciences,exact,56299.793,https://ror.org/011rf9d86
356,357,闻海虎,1998,中国科学院物理研究所,依托单位,I4210159876,Institute of Physics,exact,48215.63,https://ror.org/05cvf7v30
357,358,危岩,1998,北京大学,依托单位,I20231570,Peking University,exact,77618.14,https://ror.org/02v51f717
358,359,王中林,1998,中国科学院物理研究所,依托单位,I4210159876,Institute of Physics,exact,48215.63,https://ror.org/05cvf7v30
359,360,王志功,1998,东南大学,依托单位,I76569877,Southeast University,exact,48708.32,https://ror.org/04ct4d772
360,361,王峥涛,1998,中国药科大学,依托单位,I161716053,China Pharmaceutical University,exact,41004.957,https://ror.org/01sfm2718
361,362,王镇,1998,南京大学,依托单位,I881766915,Nanjing University,exact,62417.22,https://ror.org/01rxvg760
362,363,王玉鹏,1998,中国科学院物理研究所,依托单位,I4210159876,Institute of Physics,exact,48215.63,https://ror.org/05cvf7v30
363,364,王伟,1998,东北大学,依托单位,I9224756,Northeastern University,exact,34939.227,https://ror.org/03awzbc87
364,365,王擎,1998,天津医科大学,依托单位,I5740404,Tianjin Medical University,exact,31967.438,https://ror.org/02mh8wx89
365,366,王柯敏,1998,湖南大学,依托单位,I16609230,Hunan University,exact,52153.906,https://ror.org/05htk5m33
366,367,王健农,1998,上海交通大学,依托单位,I183067930,Shanghai Jiao Tong University,exact,99965.625,https://ror.org/0220qvk04
367,368,王红阳,1998,中国人民解放军第二军医大学,依托单位,I177933477,Second Military Medical University,exact,61741.094,https://ror.org/04tavpn47
368,369,王琛,1998,中国科学院化学研究所,依托单位,I4210155088,Institute of Chemistry,exact,61771.133,https://ror.org/048y1rc66
369,370,王斌,1998,中国科学院大气物理研究所,依托单位,I4210152758,Institute of Atmospheric Physics,exact,35263.035,https://ror.org/0424h4e32
370,371,田刚,1998,北京大学,依托单位,I20231570,Peking University,exact,77618.14,https://ror.org/02v51f717
371,372,谭铁牛,1998,中国科学院自动化研究所,依托单位,I4210112150,Institute of Automation,override,,
372,373,孙元章,1998,清华大学,依托单位,I99065089,Tsinghua University,exact,117751.195,https://ror.org/03cve4549
373,374,孙玉山,1998,中国纺织科学研究院,依托单位,I4210147510,China Textile Academy,exact,4487.188,https://ror.org/05hpcth11
374,375,孙庆平,1998,清华大学,依托单位,I99065089,Tsinghua University,exact,117751.195,https://ror.org/03cve4549
375,376,孙凤艳,1998,复旦大学,依托单位,I24943067,Fudan University,exact,92511.14,https://ror.org/013q1eq08
376,377,宋晓东,1998,中国地震局地震预测研究所,依托单位,I4405255691,"Institute of Earthquake Forecasting, China Earthquake Administration",exact,16.459782,https://ror.org/03a2d0d33
377,378,史晓颖,1998,中国地质大学(北京),依托单位,I3125743391,China University of Geosciences (Beijing),exact,38915.188,https://ror.org/04q6c7p66
378,379,史生才,1998,中国科学院紫金山天文台,依托单位,I2802340896,Purple Mountain Observatory,exact,19069.03,https://ror.org/02eb4t121
379,380,施苏华,1998,中山大学,依托单位,I157773358,Sun Yat-sen University,exact,72368.62,https://ror.org/0064kty71
380,381,余振苏,1998,北京大学,依托单位,I20231570,Peking University,exact,77618.14,https://ror.org/02v51f717
381,382,邵元华,1998,中国科学院长春应用化学研究所,依托单位,I4210092888,Changchun Institute of Applied Chemistry,exact,82828.11,https://ror.org/00h52n341
382,383,阮勇斌,1998,四川大学,依托单位,I24185976,Sichuan University,exact,75979.734,https://ror.org/011ashp19
383,384,饶毅,1998,中国科学院上海生命科学研究院,依托单位,I4210106477,Shanghai Institutes for Biological Sciences,exact,56299.793,https://ror.org/011rf9d86
384,385,区自清,1998,中国科学院沈阳应用生态研究所,依托单位,I4210110024,Institute of Applied Ecology,exact,32234.906,https://ror.org/01thb7525
385,386,戚中田,1998,中国人民解放军第二军医大学,依托单位,I177933477,Second Military Medical University,exact,61741.094,https://ror.org/04tavpn47
386,387,裴雪涛,1998,中国人民解放军军事科学院军事医学研究院,依托单位,,,none,,
387,388,牛谦,1998,中国科学院理论物理研究所,依托单位,I4210125404,Institute of Theoretical Physics,exact,35358.984,https://ror.org/02xtbq882
388,389,南策文,1998,清华大学,依托单位,I99065089,Tsinghua University,exact,117751.195,https://ror.org/03cve4549
389,390,马兰,1998,复旦大学,依托单位,I24943067,Fudan University,exact,92511.14,https://ror.org/013q1eq08
390,391,马军,1998,哈尔滨工业大学,依托单位,I204983213,Harbin Institute of Technology,exact,115718.28,https://ror.org/01yqg2h08
391,392,马红孺,1998,上海交通大学,依托单位,I183067930,Shanghai Jiao Tong University,exact,99965.625,https://ror.org/0220qvk04
392,393,吕龙,1998,中国科学院上海有机化学研究所,依托单位,I4210112946,Shanghai Institute of Organic Chemistry,exact,54384.883,https://ror.org/01y3hvq34
393,394,罗云波,1998,中国农业大学,依托单位,I52158045,China Agricultural University,exact,58946.74,https://ror.org/04v3ywz14
394,395,罗向前,1998,中山大学,依托单位,I157773358,Sun Yat-sen University,exact,72368.62,https://ror.org/0064kty71
395,396,罗达,1998,中国科学院上海生命科学研究院,依托单位,I4210106477,Shanghai Institutes for Biological Sciences,exact,56299.793,https://ror.org/011rf9d86
396,397,刘友华,1998,中国医学科学院,依托单位,I200296433,Chinese Academy of Medical Sciences & Peking Union Medical College,exact,67015.46,https://ror.org/02drdmm93
397,398,刘维民,1998,中国科学院兰州化学物理研究所,依托单位,I4210089297,Lanzhou Institute of Chemical Physics,exact,51940.324,https://ror.org/007ffzr57
398,399,刘庆,1998,清华大学,依托单位,I99065089,Tsinghua University,exact,117751.195,https://ror.org/03cve4549
399,400,刘平,1998,上海中医药大学,依托单位,I4210098460,Shanghai University of Traditional Chinese Medicine,exact,27851.611,https://ror.org/00z27jk27
400,401,林芳华,1998,浙江大学,依托单位,I76130692,Zhejiang University,exact,86971.77,https://ror.org/00a2xv884
401,402,林东昕,1998,中国医学科学院,依托单位,I200296433,Chinese Academy of Medical Sciences & Peking Union Medical College,exact,67015.46,https://ror.org/02drdmm93
402,403,廖侃,1998,中国科学院上海生命科学研究院,依托单位,I4210106477,Shanghai Institutes for Biological Sciences,exact,56299.793,https://ror.org/011rf9d86
403,404,李晓原,1998,中山大学,依托单位,I157773358,Sun Yat-sen University,exact,72368.62,https://ror.org/0064kty71
404,405,李熙,1998,吉林大学,依托单位,I194450716,Jilin University,exact,67529.51,https://ror.org/00js3aw79
405,406,李松,1998,中国人民解放军军事科学院军事医学研究院,依托单位,,,none,,
406,407,李杰,1998,同济大学,依托单位,I116953780,Tongji University,exact,50689.016,https://ror.org/03rc6as71
407,408,金宁一,1998,中国人民解放军军需大学,依托单位,,,none,,
408,409,金力,1998,复旦大学,依托单位,I24943067,Fudan University,exact,92511.14,https://ror.org/013q1eq08
409,410,介万奇,1998,西北工业大学,依托单位,I17145004,Northwestern Polytechnical University,exact,39779.9,https://ror.org/01y0j0j86
410,411,江义,1998,中国科学院大连化学物理研究所,依托单位,I180585399,Dalian Institute of Chemical Physics,exact,65201.16,https://ror.org/00prkya54
411,412,江桂斌,1998,中国科学院生态环境研究中心,依托单位,I4210144289,Research Center for Eco-Environmental Sciences,exact,59822.87,https://ror.org/03rpsvy57
412,413,黄卫东,1998,西北工业大学,依托单位,I17145004,Northwestern Polytechnical University,exact,39779.9,https://ror.org/01y0j0j86
413,414,黄海军,1998,北京航空航天大学,依托单位,I82880672,Beihang University,exact,82779.67,https://ror.org/00wk2mp56
414,415,胡四一,1998,水利部交通运输部国家能源局南京水利科学研究院,依托单位,I4210111986,Nanjing Hydraulic Research Institute,exact,27417.736,https://ror.org/02403qw73
415,416,洪茂椿,1998,中国科学院福建物质结构研究所,依托单位,I4210119098,Fujian Institute of Research on the Structure of Matter,exact,59134.61,https://ror.org/02j89k719
416,417,何满潮,1998,中国矿业大学(北京),依托单位,I4399598474,China University of Mining and Technology - Beijing,exact,3341.2659,https://ror.org/003ncxf91
417,418,韩克利,1998,中国科学院大连化学物理研究所,依托单位,I180585399,Dalian Institute of Chemical Physics,exact,65201.16,https://ror.org/00prkya54
418,419,郭希明,1998,中国科学院海洋研究所,依托单位,I4210101167,Institute of Oceanology,exact,45453.11,https://ror.org/018yw5541
419,420,关新元,1998,中山大学,依托单位,I157773358,Sun Yat-sen University,exact,72368.62,https://ror.org/0064kty71
420,421,宫鹏,1998,中国科学院遥感与数字地球研究所,依托单位,,,none,,
421,422,耿直,1998,北京大学,依托单位,I20231570,Peking University,exact,77618.14,https://ror.org/02v51f717
422,423,高德利,1998,中国石油大学(北京),依托单位,I4210162190,"China University of Petroleum, East China",exact,37922.176,https://ror.org/05gbn2817
423,424,甘良兵,1998,北京大学,依托单位,I20231570,Peking University,exact,77618.14,https://ror.org/02v51f717
424,425,范平志,1998,西南交通大学,依托单位,I4800084,Southwest Jiaotong University,exact,43900.805,https://ror.org/00hn7w693
425,426,范更华,1998,中国科学院数学与系统科学研究院,依托单位,I4210120485,Academy of Mathematics and Systems Science,exact,29545.18,https://ror.org/02jkmyk67
426,427,段振豪,1998,中国地质大学(武汉),依托单位,I3124059619,China University of Geosciences,override,,
427,428,董鸣,1998,中国科学院植物研究所,依托单位,I4210158097,Institute of Botany,exact,42323.688,https://ror.org/05hr3ch11
428,429,丁平兴,1998,华东师范大学,依托单位,I66867065,East China Normal University,exact,47665.625,https://ror.org/02n96ep67
429,430,丁敏芳,1998,中国科学院大气物理研究所,依托单位,I4210152758,Institute of Atmospheric Physics,exact,35263.035,https://ror.org/0424h4e32
430,431,丁建东,1998,复旦大学,依托单位,I24943067,Fudan University,exact,92511.14,https://ror.org/013q1eq08
431,432,戴子高,1998,南京大学,依托单位,I881766915,Nanjing University,exact,62417.22,https://ror.org/01rxvg760
432,433,戴民汉,1998,厦门大学,依托单位,I191208505,Xiamen University,exact,63183.082,https://ror.org/00mcjh785
433,434,戴宏杰,1998,清华大学,依托单位,I99065089,Tsinghua University,exact,117751.195,https://ror.org/03cve4549
434,435,崔宗杰,1998,北京师范大学,依托单位,I25254941,Beijing Normal University,exact,57501.61,https://ror.org/022k4wk35
435,436,崔承彬,1998,天津生物医药研究所,依托单位,,,none,,
436,437,程京,1998,清华大学,依托单位,I99065089,Tsinghua University,exact,117751.195,https://ror.org/03cve4549
437,438,程和平,1998,北京大学,依托单位,I20231570,Peking University,exact,77618.14,https://ror.org/02v51f717
438,439,陈义,1998,中国科学院化学研究所,依托单位,I4210155088,Institute of Chemistry,exact,61771.133,https://ror.org/048y1rc66
439,440,陈仙辉,1998,中国科学技术大学,依托单位,I126520041,University of Science and Technology of China,exact,105356.01,https://ror.org/04c4dkn09
440,441,陈鸣,1998,中国科学院广州地球化学研究所,依托单位,I3018690959,Guangzhou Institute of Geochemistry,exact,46284.484,https://ror.org/0356cst02
441,442,陈剑,1998,清华大学,依托单位,I99065089,Tsinghua University,exact,117751.195,https://ror.org/03cve4549
442,443,陈宝元,1998,华中农业大学,依托单位,I204823248,Huazhong Agricultural University,exact,62343.33,https://ror.org/023b72294
443,444,曹谊林,1998,上海交通大学,依托单位,I183067930,Shanghai Jiao Tong University,exact,99965.625,https://ror.org/0220qvk04
444,445,曹雪涛,1998,中国人民解放军第二军医大学,依托单位,I177933477,Second Military Medical University,exact,61741.094,https://ror.org/04tavpn47
445,446,蔡开元,1998,北京航空航天大学,依托单位,I82880672,Beihang University,exact,82779.67,https://ror.org/00wk2mp56
446,447,安立佳,1998,中国科学院长春应用化学研究所,依托单位,I4210092888,Changchun Institute of Applied Chemistry,exact,82828.11,https://ror.org/00h52n341
447,448,庄鹏飞,1999,清华大学,依托单位,I99065089,Tsinghua University,exact,117751.195,https://ror.org/03cve4549
448,449,朱自强,1999,华东师范大学,依托单位,I66867065,East China Normal University,exact,47665.625,https://ror.org/02n96ep67
449,450,朱彤,1999,北京大学,依托单位,I20231570,Peking University,exact,77618.14,https://ror.org/02v51f717
450,451,朱敏,1999,华南理工大学,依托单位,I90610280,South China University of Technology,exact,65632.69,https://ror.org/0530pts50
451,452,朱敏,1999,中国科学院古脊椎动物与古人类研究所,依托单位,I4210086287,Institute of Vertebrate Paleontology and Paleoanthropology,exact,26793.828,https://ror.org/0000pmw59
452,453,周总光,1999,四川大学,依托单位,I24185976,Sichuan University,exact,75979.734,https://ror.org/011ashp19
453,454,周延春,1999,中国科学院金属研究所,依托单位,I4210126304,Institute of Metal Research,override,,
454,455,周力平,1999,北京大学,依托单位,I20231570,Peking University,exact,77618.14,https://ror.org/02v51f717
455,456,周建平,1999,中国人民解放军国防科技大学,依托单位,I170215575,National University of Defense Technology,weak,24259.445,https://ror.org/05d2yfz11
456,457,周建军,1999,清华大学,依托单位,I99065089,Tsinghua University,exact,117751.195,https://ror.org/03cve4549
457,458,赵东元,1999,复旦大学,依托单位,I24943067,Fudan University,exact,92511.14,https://ror.org/013q1eq08
458,459,张志荣,1999,四川大学,依托单位,I24185976,Sichuan University,exact,75979.734,https://ror.org/011ashp19
459,460,张学军,1999,中国科学院长春光学精密机械与物理研究所,依托单位,I4210088164,"Changchun Institute of Optics, Fine Mechanics and Physics",exact,44597.24,https://ror.org/012rct222
460,461,张新民,1999,中国科学院高能物理研究所,依托单位,I4210137180,Institute of High Energy Physics,exact,107211.8,https://ror.org/03v8tnc06
461,462,张绍祥,1999,中国人民解放军第三军医大学,依托单位,I151075929,Army Medical University,exact,85157.16,https://ror.org/05w21nn13
462,463,张建国,1999,中国科学院上海技术物理研究所,依托单位,I4210135723,Shanghai Institute of Technical Physics,exact,28080.111,https://ror.org/02txedb84
463,464,张汉勤,1999,中国科学院数学与系统科学研究院,依托单位,I4210120485,Academy of Mathematics and Systems Science,exact,29545.18,https://ror.org/02jkmyk67
464,465,曾理江,1999,清华大学,依托单位,I99065089,Tsinghua University,exact,117751.195,https://ror.org/03cve4549
465,466,俞飚,1999,中国科学院上海有机化学研究所,依托单位,I4210112946,Shanghai Institute of Organic Chemistry,exact,54384.883,https://ror.org/01y3hvq34
466,467,尤建功,1999,南京大学,依托单位,I881766915,Nanjing University,exact,62417.22,https://ror.org/01rxvg760
467,468,姚雪彪,1999,中国科学技术大学,依托单位,I126520041,University of Science and Technology of China,exact,105356.01,https://ror.org/04c4dkn09
468,469,杨振宇,1999,中国地质科学院地质力学研究所,依托单位,,,none,,
469,470,杨勇,1999,厦门大学,依托单位,I191208505,Xiamen University,exact,63183.082,https://ror.org/00mcjh785
470,471,杨肖娥,1999,浙江大学,依托单位,I76130692,Zhejiang University,exact,86971.77,https://ror.org/00a2xv884
471,472,杨士勇,1999,中国科学院化学研究所,依托单位,I4210155088,Institute of Chemistry,exact,61771.133,https://ror.org/048y1rc66
472,473,杨锐,1999,中国科学院金属研究所,依托单位,I4210126304,Institute of Metal Research,override,,
473,474,杨培增,1999,中山大学,依托单位,I157773358,Sun Yat-sen University,exact,72368.62,https://ror.org/0064kty71
474,475,杨柏,1999,吉林大学,依托单位,I194450716,Jilin University,exact,67529.51,https://ror.org/00js3aw79
475,476,杨安钢,1999,中国人民解放军第四军医大学,依托单位,,,none,,
476,477,严小龙,1999,华南农业大学,依托单位,I101479585,South China Agricultural University,exact,41516.54,https://ror.org/05v9jqt67
477,478,薛松涛,1999,同济大学,依托单位,I116953780,Tongji University,exact,50689.016,https://ror.org/03rc6as71
478,479,徐志伟,1999,中国科学院计算技术研究所,依托单位,I4210090176,Institute of Computing Technology,exact,35008.836,https://ror.org/0090r4d87
479,480,徐义刚,1999,中国科学院广州地球化学研究所,依托单位,I3018690959,Guangzhou Institute of Geochemistry,exact,46284.484,https://ror.org/0356cst02
480,481,徐强,1999,南京大学,依托单位,I881766915,Nanjing University,exact,62417.22,https://ror.org/01rxvg760
481,482,徐宁志,1999,中国医学科学院,依托单位,I200296433,Chinese Academy of Medical Sciences & Peking Union Medical College,exact,67015.46,https://ror.org/02drdmm93
482,483,徐林,1999,中国科学院昆明动物研究所,依托单位,I18489884,Kunming Institute of Zoology,exact,36663.89,https://ror.org/03m0vk445
483,484,熊思东,1999,复旦大学,依托单位,I24943067,Fudan University,exact,92511.14,https://ror.org/013q1eq08
484,485,熊传胜,1999,北京大学,依托单位,I20231570,Peking University,exact,77618.14,https://ror.org/02v51f717
485,486,肖举乐,1999,中国科学院地质与地球物理研究所,依托单位,I4210126061,Institute of Geology and Geophysics,exact,56218.027,https://ror.org/030vmwa78
486,487,肖建伟,1999,中国科学院半导体研究所,依托单位,I4210149211,Institute of Semiconductors,exact,44368.86,https://ror.org/048dd0611
487,488,肖传国,1999,华中科技大学,依托单位,I47720641,Huazhong University of Science and Technology,exact,83397.086,https://ror.org/00p991c53
488,489,向涛,1999,中国科学院理论物理研究所,依托单位,I4210125404,Institute of Theoretical Physics,exact,35358.984,https://ror.org/02xtbq882
489,490,吴振斌,1999,中国科学院水生生物研究所,依托单位,I4210089584,Institute of Hydrobiology,weak,27440.992,https://ror.org/00b4mx203
490,491,吴金水,1999,中国科学院亚热带农业生态研究所,依托单位,I4210107235,Institute of Subtropical Agriculture,exact,32162.576,https://ror.org/01hh9ag93
491,492,魏悦广,1999,中国科学院力学研究所,依托单位,I4210157653,Institute of Mechanics,exact,22921.729,https://ror.org/057jnjd73
492,493,王铸钢,1999,上海交通大学,依托单位,I183067930,Shanghai Jiao Tong University,exact,99965.625,https://ror.org/0220qvk04
493,494,王远,1999,北京大学,依托单位,I20231570,Peking University,exact,77618.14,https://ror.org/02v51f717
494,495,王忆平,1999,北京大学,依托单位,I20231570,Peking University,exact,77618.14,https://ror.org/02v51f717
495,496,王新龙,1999,南京大学,依托单位,I881766915,Nanjing University,exact,62417.22,https://ror.org/01rxvg760
496,497,王晓工,1999,清华大学,依托单位,I99065089,Tsinghua University,exact,117751.195,https://ror.org/03cve4549
497,498,王曦,1999,中国科学院上海微系统与信息技术研究所,依托单位,I4210147322,Shanghai Institute of Microsystem and Information Technology,exact,38266.344,https://ror.org/04nytyj38
498,499,王炜,1999,东南大学,依托单位,I76569877,Southeast University,exact,48708.32,https://ror.org/04ct4d772
499,500,王挺贵,1999,中国科学技术大学,依托单位,I126520041,University of Science and Technology of China,exact,105356.01,https://ror.org/04c4dkn09
500,501,王太宏,1999,中国科学院物理研究所,依托单位,I4210159876,Institute of Physics,exact,48215.63,https://ror.org/05cvf7v30
501,502,王龙,1999,北京大学,依托单位,I20231570,Peking University,exact,77618.14,https://ror.org/02v51f717
502,503,王健平,1999,北京大学,依托单位,I20231570,Peking University,exact,77618.14,https://ror.org/02v51f717
503,504,王建枝,1999,华中科技大学,依托单位,I47720641,Huazhong University of Science and Technology,exact,83397.086,https://ror.org/00p991c53
504,505,汪卫华,1999,中国科学院物理研究所,依托单位,I4210159876,Institute of Physics,exact,48215.63,https://ror.org/05cvf7v30
505,506,万明习,1999,西安交通大学,依托单位,I87445476,Xi'an Jiaotong University,exact,70856.3,https://ror.org/017zhmm22
506,507,涂永强,1999,兰州大学,依托单位,I76214153,Lanzhou University,exact,55239.18,https://ror.org/01mkqqe32
507,508,唐梓洲,1999,清华大学,依托单位,I99065089,Tsinghua University,exact,117751.195,https://ror.org/03cve4549
508,509,谭铮,1999,武汉大学,依托单位,I37461747,Wuhan University,exact,84484.22,https://ror.org/033vjfk17
509,510,谭华荣,1999,中国科学院微生物研究所,依托单位,I4210134982,Institute of Microbiology,exact,51266.72,https://ror.org/047yhep71
510,511,孙晓峰,1999,北京航空航天大学,依托单位,I82880672,Beihang University,exact,82779.67,https://ror.org/00wk2mp56
511,512,孙其信,1999,中国农业大学,依托单位,I52158045,China Agricultural University,exact,58946.74,https://ror.org/04v3ywz14
512,513,孙军,1999,西安交通大学,依托单位,I87445476,Xi'an Jiaotong University,exact,70856.3,https://ror.org/017zhmm22
513,514,孙和平,1999,中国科学院测量与地球物理研究所,依托单位,I4210105990,Institute of Geodesy and Geophysics,exact,16708.836,https://ror.org/01gkn6j11
514,515,宋金明,1999,中国科学院海洋研究所,依托单位,I4210101167,Institute of Oceanology,exact,45453.11,https://ror.org/018yw5541
515,516,舒红兵,1999,北京大学,依托单位,I20231570,Peking University,exact,77618.14,https://ror.org/02v51f717
516,517,史忠科,1999,西北工业大学,依托单位,I17145004,Northwestern Polytechnical University,exact,39779.9,https://ror.org/01y0j0j86
517,518,时玉舫,1999,中国人民解放军第二军医大学,依托单位,I177933477,Second Military Medical University,exact,61741.094,https://ror.org/04tavpn47
518,519,邵一鸣,1999,中国疾病预防控制中心性病艾滋病预防控制中心,依托单位,,,none,,
519,520,秦厚荣,1999,南京大学,依托单位,I881766915,Nanjing University,exact,62417.22,https://ror.org/01rxvg760
520,521,麦康森,1999,中国海洋大学,依托单位,I59028903,Ocean University of China,exact,39370.42,https://ror.org/04rdtx186
521,522,马余强,1999,南京大学,依托单位,I881766915,Nanjing University,exact,62417.22,https://ror.org/01rxvg760
522,523,马新亮,1999,中国人民解放军第四军医大学,依托单位,,,none,,
523,524,马建平,1999,中国科学院理论物理研究所,依托单位,I4210125404,Institute of Theoretical Physics,exact,35358.984,https://ror.org/02xtbq882
524,525,罗绪刚,1999,中国农业科学院北京畜牧兽医研究所,依托单位,I4210149494,Institute of Animal Sciences,exact,14301.138,https://ror.org/04tcthy91
525,526,陆小华,1999,南京工业大学,依托单位,I134687103,Nanjing Tech University,exact,42277.42,https://ror.org/03sd35x91
526,527,楼森岳,1999,上海交通大学,依托单位,I183067930,Shanghai Jiao Tong University,exact,99965.625,https://ror.org/0220qvk04
527,528,刘张炬,1999,北京大学,依托单位,I20231570,Peking University,exact,77618.14,https://ror.org/02v51f717
528,529,刘买利,1999,中国科学院武汉物理与数学研究所,依托单位,I4210099135,Wuhan Institute of Physics and Mathematics,exact,30681.508,https://ror.org/00zky9d41
529,530,刘会洲,1999,中国科学院过程工程研究所,依托单位,I4210133325,Institute of Process Engineering,exact,42207.16,https://ror.org/03j4x9j18
530,531,林作铨,1999,北京大学,依托单位,I20231570,Peking University,exact,77618.14,https://ror.org/02v51f717
531,532,林建忠,1999,浙江大学,依托单位,I76130692,Zhejiang University,exact,86971.77,https://ror.org/00a2xv884
532,533,梁爱萍,1999,中国科学院动物研究所,依托单位,I4210167311,Institute of Zoology,exact,34200.504,https://ror.org/05skxkv18
533,534,李卫东,1999,兰州大学,依托单位,I76214153,Lanzhou University,exact,55239.18,https://ror.org/01mkqqe32
534,535,李儒新,1999,中国科学院上海光学精密机械研究所,依托单位,I4210135349,Shanghai Institute of Optics and Fine Mechanics,exact,36784.836,https://ror.org/03g897070
535,536,李奎,1999,华中农业大学,依托单位,I204823248,Huazhong Agricultural University,exact,62343.33,https://ror.org/023b72294
536,537,李峻柏,1999,中国科学院化学研究所,依托单位,I4210155088,Institute of Chemistry,exact,61771.133,https://ror.org/048y1rc66
537,538,李嘉禹,1999,中国科学院数学与系统科学研究院,依托单位,I4210120485,Academy of Mathematics and Systems Science,exact,29545.18,https://ror.org/02jkmyk67
538,539,黎燕,1999,中国人民解放军军事科学院军事医学研究院,依托单位,,,none,,
539,540,孔维佳,1999,华中科技大学,依托单位,I47720641,Huazhong University of Science and Technology,exact,83397.086,https://ror.org/00p991c53
540,541,金奇,1999,中国疾病预防控制中心病毒病预防控制所,依托单位,I4210164727,National Institute for Occupational Health and Poison Control,weak,5260.55,https://ror.org/05n5mmr26
541,542,金红光,1999,中国科学院工程热物理研究所,依托单位,I4210120320,Institute of Engineering Thermophysics,exact,26528.443,https://ror.org/031zj0q48
542,543,金国新,1999,复旦大学,依托单位,I24943067,Fudan University,exact,92511.14,https://ror.org/013q1eq08
543,544,蒋少涌,1999,南京大学,依托单位,I881766915,Nanjing University,exact,62417.22,https://ror.org/01rxvg760
544,545,蒋建东,1999,中国医学科学院,依托单位,I200296433,Chinese Academy of Medical Sciences & Peking Union Medical College,exact,67015.46,https://ror.org/02drdmm93
545,546,姜勇,1999,南方医科大学,依托单位,I58200834,Southern Medical University,exact,48235.527,https://ror.org/01vjw4z39
546,547,黄佐华,1999,西安交通大学,依托单位,I87445476,Xi'an Jiaotong University,exact,70856.3,https://ror.org/017zhmm22
547,548,黄勇,1999,中科院广州化学有限公司,依托单位,I4210117026,Guangzhou Chemistry (China),exact,11999.742,https://ror.org/01mfkkh63
548,549,黄力,1999,中国科学院微生物研究所,依托单位,I4210134982,Institute of Microbiology,exact,51266.72,https://ror.org/047yhep71
549,550,胡岳华,1999,中南大学,依托单位,I139660479,Central South University,exact,66159.63,https://ror.org/00f1zfq44
550,551,胡瑞忠,1999,中国科学院地球化学研究所,依托单位,I4210135735,Institute of Geochemistry,override,,
551,552,胡建英,1999,北京大学,依托单位,I20231570,Peking University,exact,77618.14,https://ror.org/02v51f717
552,553,侯雪龙,1999,中国科学院上海有机化学研究所,依托单位,I4210112946,Shanghai Institute of Organic Chemistry,exact,54384.883,https://ror.org/01y3hvq34
553,554,何学秋,1999,中国矿业大学,依托单位,I25757504,China University of Mining and Technology,exact,39738.82,https://ror.org/01xt2dr21
554,555,何士刚,1999,中国科学院上海生命科学研究院,依托单位,I4210106477,Shanghai Institutes for Biological Sciences,exact,56299.793,https://ror.org/011rf9d86
555,556,郝模,1999,复旦大学,依托单位,I24943067,Fudan University,exact,92511.14,https://ror.org/013q1eq08
556,557,韩占文,1999,中国科学院云南天文台,依托单位,I2801168720,Yunnan Observatories,exact,11510.313,https://ror.org/02f42pw58
557,558,果德安,1999,北京大学,依托单位,I20231570,Peking University,exact,77618.14,https://ror.org/02v51f717
558,559,郭子建,1999,南京大学,依托单位,I881766915,Nanjing University,exact,62417.22,https://ror.org/01rxvg760
559,560,关亚风,1999,中国科学院大连化学物理研究所,依托单位,I180585399,Dalian Institute of Chemical Physics,exact,65201.16,https://ror.org/00prkya54
560,561,龚新高,1999,中国科学院合肥物质科学研究院,依托单位,I2802624667,Hefei Institutes of Physical Science,exact,31531.92,https://ror.org/046n57345
561,562,耿建国,1999,中国科学院上海生命科学研究院,依托单位,I4210106477,Shanghai Institutes for Biological Sciences,exact,56299.793,https://ror.org/011rf9d86
562,563,傅正义,1999,武汉理工大学,依托单位,I196699116,Wuhan University of Technology,exact,61446.0,https://ror.org/03fe7t173
563,564,傅强,1999,四川大学,依托单位,I24185976,Sichuan University,exact,75979.734,https://ror.org/011ashp19
564,565,冯学尚,1999,中国科学院国家空间科学中心,依托单位,I4210115570,National Space Science Center,exact,12985.159,https://ror.org/02nnjtm50
565,566,冯琦,1999,中国科学院数学与系统科学研究院,依托单位,I4210120485,Academy of Mathematics and Systems Science,exact,29545.18,https://ror.org/02jkmyk67
566,567,方小敏,1999,兰州大学,依托单位,I76214153,Lanzhou University,exact,55239.18,https://ror.org/01mkqqe32
567,568,方复全,1999,南开大学,依托单位,I205237279,Nankai University,exact,54575.492,https://ror.org/01y1kjr75
568,569,段广仁,1999,哈尔滨工业大学,依托单位,I204983213,Harbin Institute of Technology,exact,115718.28,https://ror.org/01yqg2h08
569,570,丁大军,1999,吉林大学,依托单位,I194450716,Jilin University,exact,67529.51,https://ror.org/00js3aw79
570,571,戴先中,1999,东南大学,依托单位,I76569877,Southeast University,exact,48708.32,https://ror.org/04ct4d772
571,572,陈肇雄,1999,华建电子有限责任公司,依托单位,,,none,,
572,573,陈新生,1999,中国人民解放军第二军医大学,依托单位,I177933477,Second Military Medical University,exact,61741.094,https://ror.org/04tavpn47
573,574,陈晓亚,1999,中国科学院上海生命科学研究院,依托单位,I4210106477,Shanghai Institutes for Biological Sciences,exact,56299.793,https://ror.org/011rf9d86
574,575,陈小龙,1999,中国科学院物理研究所,依托单位,I4210159876,Institute of Physics,exact,48215.63,https://ror.org/05cvf7v30
575,576,陈建敏,1999,中国科学院兰州化学物理研究所,依托单位,I4210089297,Lanzhou Institute of Chemical Physics,exact,51940.324,https://ror.org/007ffzr57
576,577,陈国青,1999,清华大学,依托单位,I99065089,Tsinghua University,exact,117751.195,https://ror.org/03cve4549
577,578,陈保善,1999,广西大学,依托单位,I150807315,Guangxi University,exact,29515.48,https://ror.org/02c9qn167
578,579,鲍虎军,1999,浙江大学,依托单位,I76130692,Zhejiang University,exact,86971.77,https://ror.org/00a2xv884
579,580,庄钊文,2000,中国人民解放军国防科技大学,依托单位,I170215575,National University of Defense Technology,weak,24259.445,https://ror.org/05d2yfz11
580,581,朱学良,2000,中国科学院上海生命科学研究院,依托单位,I4210106477,Shanghai Institutes for Biological Sciences,exact,56299.793,https://ror.org/011rf9d86
581,582,朱伟云,2000,南京农业大学,依托单位,I119454577,Nanjing Agricultural University,exact,55386.867,https://ror.org/05td3s095
582,583,朱大海,2000,哈尔滨工业大学,依托单位,I204983213,Harbin Institute of Technology,exact,115718.28,https://ror.org/01yqg2h08
583,584,周忠和,2000,中国科学院古脊椎动物与古人类研究所,依托单位,I4210086287,Institute of Vertebrate Paleontology and Paleoanthropology,exact,26793.828,https://ror.org/0000pmw59
584,585,周又和,2000,兰州大学,依托单位,I76214153,Lanzhou University,exact,55239.18,https://ror.org/01mkqqe32
585,586,周东华,2000,清华大学,依托单位,I99065089,Tsinghua University,exact,117751.195,https://ror.org/03cve4549
586,587,郑晓瑛,2000,北京大学,依托单位,I20231570,Peking University,exact,77618.14,https://ror.org/02v51f717
587,588,郑洪波,2000,中国科学院地球环境研究所,依托单位,I4210159790,Institute of Earth Environment,exact,27424.857,https://ror.org/04nps9965
588,589,赵跃民,2000,中国矿业大学,依托单位,I25757504,China University of Mining and Technology,exact,39738.82,https://ror.org/01xt2dr21
589,590,赵晓鹏,2000,西北工业大学,依托单位,I17145004,Northwestern Polytechnical University,exact,39779.9,https://ror.org/01y0j0j86
590,591,赵景泰,2000,中国科学院上海硅酸盐研究所,依托单位,I4210163874,Shanghai Institute of Ceramics,exact,59467.965,https://ror.org/05etnz140
591,592,章维益,2000,南京大学,依托单位,I881766915,Nanjing University,exact,62417.22,https://ror.org/01rxvg760
592,593,张玉虎,2000,中国科学院近代物理研究所,依托单位,I4210131271,Institute of Modern Physics,exact,38394.246,https://ror.org/03x8rhq63
593,594,张友金,2000,清华大学,依托单位,I99065089,Tsinghua University,exact,117751.195,https://ror.org/03cve4549
594,595,张维迎,2000,北京大学,依托单位,I20231570,Peking University,exact,77618.14,https://ror.org/02v51f717
595,596,张天真,2000,南京农业大学,依托单位,I119454577,Nanjing Agricultural University,exact,55386.867,https://ror.org/05td3s095
596,597,张树义,2000,中国科学院动物研究所,依托单位,I4210167311,Institute of Zoology,exact,34200.504,https://ror.org/05skxkv18
597,598,张荣,2000,南京大学,依托单位,I881766915,Nanjing University,exact,62417.22,https://ror.org/01rxvg760
598,599,张勤,2000,中国农业大学,依托单位,I52158045,China Agricultural University,exact,58946.74,https://ror.org/04v3ywz14
599,600,张其锦,2000,中国科学技术大学,依托单位,I126520041,University of Science and Technology of China,exact,105356.01,https://ror.org/04c4dkn09
600,601,张健,2000,湖南师范大学,依托单位,I173759888,Hunan Normal University,exact,29892.857,https://ror.org/053w1zy07
601,602,张德兴,2000,中国科学院动物研究所,依托单位,I4210167311,Institute of Zoology,exact,34200.504,https://ror.org/05skxkv18
602,603,张爱民,2000,中国科学院遗传与发育生物学研究所,依托单位,I4210124606,Institute of Genetics and Developmental Biology,weak,57183.465,https://ror.org/02aee5m12
603,604,岳建民,2000,中国科学院上海药物研究所,依托单位,I4210112820,Shanghai Institute of Materia Medica,exact,49811.605,https://ror.org/022syn853
604,605,袁建民,2000,中国人民解放军国防科技大学,依托单位,I170215575,National University of Defense Technology,weak,24259.445,https://ror.org/05d2yfz11
605,606,虞跃,2000,中国科学院理论物理研究所,依托单位,I4210125404,Institute of Theoretical Physics,exact,35358.984,https://ror.org/02xtbq882
606,607,俞志明,2000,中国科学院海洋研究所,依托单位,I4210101167,Institute of Oceanology,exact,45453.11,https://ror.org/018yw5541
607,608,俞大鹏,2000,北京大学,依托单位,I20231570,Peking University,exact,77618.14,https://ror.org/02v51f717
608,609,余锡平,2000,清华大学,依托单位,I99065089,Tsinghua University,exact,117751.195,https://ror.org/03cve4549
609,610,印林生,2000,清华大学,依托单位,I99065089,Tsinghua University,exact,117751.195,https://ror.org/03cve4549
610,611,阴正勤,2000,中国人民解放军第三军医大学,依托单位,I151075929,Army Medical University,exact,85157.16,https://ror.org/05w21nn13
611,612,叶凯,2000,中国科学院地质与地球物理研究所,依托单位,I4210126061,Institute of Geology and Geophysics,exact,56218.027,https://ror.org/030vmwa78
612,613,姚一建,2000,中国科学院微生物研究所,依托单位,I4210134982,Institute of Microbiology,exact,51266.72,https://ror.org/047yhep71
613,614,杨晓明,2000,中国人民解放军军事科学院军事医学研究院,依托单位,,,none,,
614,615,杨晓,2000,中国人民解放军军事科学院军事医学研究院,依托单位,,,none,,
615,616,杨万泰,2000,北京化工大学,依托单位,I75390827,Beijing University of Chemical Technology,exact,44476.082,https://ror.org/00df5yc52
616,617,杨金龙,2000,中国科学技术大学,依托单位,I126520041,University of Science and Technology of China,exact,105356.01,https://ror.org/04c4dkn09
617,618,杨华中,2000,清华大学,依托单位,I99065089,Tsinghua University,exact,117751.195,https://ror.org/03cve4549
618,619,杨凤堂,2000,中国科学院昆明动物研究所,依托单位,I18489884,Kunming Institute of Zoology,exact,36663.89,https://ror.org/03m0vk445
619,620,严秀平,2000,南开大学,依托单位,I205237279,Nankai University,exact,54575.492,https://ror.org/01y1kjr75
620,621,闫东航,2000,中国科学院长春应用化学研究所,依托单位,I4210092888,Changchun Institute of Applied Chemistry,exact,82828.11,https://ror.org/00h52n341
621,622,许并社,2000,太原理工大学,依托单位,I9086337,Taiyuan University of Technology,exact,38365.03,https://ror.org/03kv08d37
622,623,徐现刚,2000,山东大学,依托单位,I154099455,Shandong University,exact,60373.523,https://ror.org/0207yh398
623,624,徐涛,2000,华中科技大学,依托单位,I47720641,Huazhong University of Science and Technology,exact,83397.086,https://ror.org/00p991c53
624,625,夏延致,2000,青岛大学,依托单位,I108688024,Qingdao University,exact,42299.277,https://ror.org/021cj6z65
625,626,夏国良,2000,中国农业大学,依托单位,I52158045,China Agricultural University,exact,58946.74,https://ror.org/04v3ywz14
626,627,伍贻康,2000,中国科学院上海有机化学研究所,依托单位,I4210112946,Shanghai Institute of Organic Chemistry,exact,54384.883,https://ror.org/01y3hvq34
627,628,吴子牛,2000,清华大学,依托单位,I99065089,Tsinghua University,exact,117751.195,https://ror.org/03cve4549
628,629,吴冲锋,2000,上海交通大学,依托单位,I183067930,Shanghai Jiao Tong University,exact,99965.625,https://ror.org/0220qvk04
629,630,王友德,2000,中国科学院数学与系统科学研究院,依托单位,I4210120485,Academy of Mathematics and Systems Science,exact,29545.18,https://ror.org/02jkmyk67
630,631,王涌天,2000,北京理工大学,依托单位,I125839683,Beijing Institute of Technology,exact,60847.0,https://ror.org/01skt4w74
631,632,王汝成,2000,南京大学,依托单位,I881766915,Nanjing University,exact,62417.22,https://ror.org/01rxvg760
632,633,王荣福,2000,中国人民解放军第二军医大学,依托单位,I177933477,Second Military Medical University,exact,61741.094,https://ror.org/04tavpn47
633,634,王鹏业,2000,中国科学院物理研究所,依托单位,I4210159876,Institute of Physics,exact,48215.63,https://ror.org/05cvf7v30
634,635,王楠林,2000,中国科学院物理研究所,依托单位,I4210159876,Institute of Physics,exact,48215.63,https://ror.org/05cvf7v30
635,636,王立东,2000,郑州大学,依托单位,I38877650,Zhengzhou University,exact,54654.63,https://ror.org/04ypx8c21
636,637,王建祥,2000,中国医学科学院,依托单位,I200296433,Chinese Academy of Medical Sciences & Peking Union Medical College,exact,67015.46,https://ror.org/02drdmm93
637,638,王凤雨,2000,北京师范大学,依托单位,I25254941,Beijing Normal University,exact,57501.61,https://ror.org/022k4wk35
638,639,汪越胜,2000,北京交通大学,依托单位,I21193070,Beijing Jiaotong University,exact,36584.664,https://ror.org/01yj56c84
639,640,万立骏,2000,中国科学院化学研究所,依托单位,I4210155088,Institute of Chemistry,exact,61771.133,https://ror.org/048y1rc66
640,641,佟金,2000,吉林大学,依托单位,I194450716,Jilin University,exact,67529.51,https://ror.org/00js3aw79
641,642,田建国,2000,南开大学,依托单位,I205237279,Nankai University,exact,54575.492,https://ror.org/01y1kjr75
642,643,滕斌,2000,大连理工大学,依托单位,I27357992,Dalian University of Technology,exact,64610.99,https://ror.org/023hj5876
643,644,唐宏,2000,中国科学院微生物研究所,依托单位,I4210134982,Institute of Microbiology,exact,51266.72,https://ror.org/047yhep71
644,645,孙彦,2000,天津大学,依托单位,I162868743,Tianjin University,exact,61022.258,https://ror.org/012tb2g32
645,646,孙笑涛,2000,中国科学院数学与系统科学研究院,依托单位,I4210120485,Academy of Mathematics and Systems Science,exact,29545.18,https://ror.org/02jkmyk67
646,647,孙润仓,2000,西北农林科技大学,依托单位,I89652312,Northwest A&F University,exact,61295.1,https://ror.org/0051rme32
647,648,苏宏业,2000,浙江大学,依托单位,I76130692,Zhejiang University,exact,86971.77,https://ror.org/00a2xv884
648,649,苏都莫日根,2000,北京大学,依托单位,I20231570,Peking University,exact,77618.14,https://ror.org/02v51f717
649,650,施敏,2000,中国科学院上海有机化学研究所,依托单位,I4210112946,Shanghai Institute of Organic Chemistry,exact,54384.883,https://ror.org/01y3hvq34
650,651,邵志敏,2000,复旦大学,依托单位,I24943067,Fudan University,exact,92511.14,https://ror.org/013q1eq08
651,652,邵荣光,2000,中国医学科学院,依托单位,I200296433,Chinese Academy of Medical Sciences & Peking Union Medical College,exact,67015.46,https://ror.org/02drdmm93
652,653,邵明安,2000,西北农林科技大学,依托单位,I89652312,Northwest A&F University,exact,61295.1,https://ror.org/0051rme32
653,654,任东,2000,首都师范大学,依托单位,I96852419,Capital Normal University,exact,24357.684,https://ror.org/005edt527
654,655,饶云江,2000,重庆大学,依托单位,I158842170,Chongqing University,exact,48851.953,https://ror.org/023rhb549
655,656,饶光辉,2000,中国科学院物理研究所,依托单位,I4210159876,Institute of Physics,exact,48215.63,https://ror.org/05cvf7v30
656,657,曲选辉,2000,北京科技大学,依托单位,I92403157,University of Science and Technology Beijing,exact,39476.645,https://ror.org/02egmk993
657,658,钱旭红,2000,大连理工大学,依托单位,I27357992,Dalian University of Technology,exact,64610.99,https://ror.org/023hj5876
658,659,彭苏萍,2000,中国矿业大学(北京),依托单位,I4399598474,China University of Mining and Technology - Beijing,exact,3341.2659,https://ror.org/003ncxf91
659,660,庞代文,2000,武汉大学,依托单位,I37461747,Wuhan University,exact,84484.22,https://ror.org/033vjfk17
660,661,牛立文,2000,中国科学技术大学,依托单位,I126520041,University of Science and Technology of China,exact,105356.01,https://ror.org/04c4dkn09
661,662,聂品,2000,中国科学院水生生物研究所,依托单位,I4210089584,Institute of Hydrobiology,weak,27440.992,https://ror.org/00b4mx203
662,663,聂建国,2000,清华大学,依托单位,I99065089,Tsinghua University,exact,117751.195,https://ror.org/03cve4549
663,664,孟洛明,2000,北京邮电大学,依托单位,I139759216,Beijing University of Posts and Telecommunications,exact,39428.2,https://ror.org/04w9fbh59
664,665,孟杰,2000,北京大学,依托单位,I20231570,Peking University,exact,77618.14,https://ror.org/02v51f717
665,666,孟安明,2000,清华大学,依托单位,I99065089,Tsinghua University,exact,117751.195,https://ror.org/03cve4549
666,667,毛军发,2000,上海交通大学,依托单位,I183067930,Shanghai Jiao Tong University,exact,99965.625,https://ror.org/0220qvk04
667,668,马正强,2000,南京农业大学,依托单位,I119454577,Nanjing Agricultural University,exact,55386.867,https://ror.org/05td3s095
668,669,马力耕,2000,河北师范大学,依托单位,I94611258,Hebei Normal University,exact,22188.477,https://ror.org/004rbbw49
669,670,马丁,2000,华中科技大学,依托单位,I47720641,Huazhong University of Science and Technology,exact,83397.086,https://ror.org/00p991c53
670,671,马伯强,2000,北京大学,依托单位,I20231570,Peking University,exact,77618.14,https://ror.org/02v51f717
671,672,吕西林,2000,同济大学,依托单位,I116953780,Tongji University,exact,50689.016,https://ror.org/03rc6as71
672,673,雒建斌,2000,清华大学,依托单位,I99065089,Tsinghua University,exact,117751.195,https://ror.org/03cve4549
673,674,骆仲泱,2000,浙江大学,依托单位,I76130692,Zhejiang University,exact,86971.77,https://ror.org/00a2xv884
674,675,骆清铭,2000,华中科技大学,依托单位,I47720641,Huazhong University of Science and Technology,exact,83397.086,https://ror.org/00p991c53
675,676,罗宏杰,2000,陕西科技大学,依托单位,I51622183,Shaanxi University of Science and Technology,exact,19028.531,https://ror.org/034t3zs45
676,677,柳卫平,2000,中国原子能科学研究院,依托单位,I4210096139,China Institute of Atomic Energy,exact,25986.477,https://ror.org/00v5gqm66
677,678,刘鸣华,2000,中国科学院化学研究所,依托单位,I4210155088,Institute of Chemistry,exact,61771.133,https://ror.org/048y1rc66
678,679,刘凯欣,2000,北京大学,依托单位,I20231570,Peking University,exact,77618.14,https://ror.org/02v51f717
679,680,刘建宁,2000,南京大学,依托单位,I881766915,Nanjing University,exact,62417.22,https://ror.org/01rxvg760
680,681,刘洪来,2000,华东理工大学,依托单位,I143593769,East China University of Science and Technology,exact,41751.324,https://ror.org/01vyrm377
681,682,刘海燕,2000,中国科学技术大学,依托单位,I126520041,University of Science and Technology of China,exact,105356.01,https://ror.org/04c4dkn09
682,683,凌文华,2000,中山大学,依托单位,I157773358,Sun Yat-sen University,exact,72368.62,https://ror.org/0064kty71
683,684,凌昌全,2000,中国人民解放军第二军医大学,依托单位,I177933477,Second Military Medical University,exact,61741.094,https://ror.org/04tavpn47
684,685,林杨挺,2000,中国科学院广州地球化学研究所,依托单位,I3018690959,Guangzhou Institute of Geochemistry,exact,46284.484,https://ror.org/0356cst02
685,686,梁曦东,2000,清华大学,依托单位,I99065089,Tsinghua University,exact,117751.195,https://ror.org/03cve4549
686,687,栗占国,2000,北京大学,依托单位,I20231570,Peking University,exact,77618.14,https://ror.org/02v51f717
687,688,李亚栋,2000,清华大学,依托单位,I99065089,Tsinghua University,exact,117751.195,https://ror.org/03cve4549
688,689,李星国,2000,北京大学,依托单位,I20231570,Peking University,exact,77618.14,https://ror.org/02v51f717
689,690,李小凡,2000,中国科学院地质与地球物理研究所,依托单位,I4210126061,Institute of Geology and Geophysics,exact,56218.027,https://ror.org/030vmwa78
690,691,李向东,2000,南京大学,依托单位,I881766915,Nanjing University,exact,62417.22,https://ror.org/01rxvg760
691,692,李淼,2000,中国科学院理论物理研究所,依托单位,I4210125404,Institute of Theoretical Physics,exact,35358.984,https://ror.org/02xtbq882
692,693,李宏男,2000,沈阳建筑大学,依托单位,I83714178,Shenyang Jianzhu University,exact,9490.81,https://ror.org/01zr73v18
693,694,金庆原,2000,复旦大学,依托单位,I24943067,Fudan University,exact,92511.14,https://ror.org/013q1eq08
694,695,蒋向前,2000,华中科技大学,依托单位,I47720641,Huazhong University of Science and Technology,exact,83397.086,https://ror.org/00p991c53
695,696,蒋青,2000,吉林大学,依托单位,I194450716,Jilin University,exact,67529.51,https://ror.org/00js3aw79
696,697,姜培学,2000,清华大学,依托单位,I99065089,Tsinghua University,exact,117751.195,https://ror.org/03cve4549
697,698,黄震,2000,上海交通大学,依托单位,I183067930,Shanghai Jiao Tong University,exact,99965.625,https://ror.org/0220qvk04
698,699,黄烽,2000,中国人民解放军总医院,依托单位,I2802939634,Chinese PLA General Hospital,exact,55320.848,https://ror.org/04gw3ra78
699,700,胡志红,2000,中国科学院武汉病毒研究所,依托单位,I4210106882,Wuhan Institute of Virology,exact,41861.137,https://ror.org/01jxjav08
700,701,胡跃飞,2000,清华大学,依托单位,I99065089,Tsinghua University,exact,117751.195,https://ror.org/03cve4549
701,702,贺鹤勇,2000,复旦大学,依托单位,I24943067,Fudan University,exact,92511.14,https://ror.org/013q1eq08
702,703,何振立,2000,浙江大学,依托单位,I76130692,Zhejiang University,exact,86971.77,https://ror.org/00a2xv884
703,704,韩金林,2000,中国科学院国家天文台,依托单位,I4210164580,National Astronomical Observatories,exact,34911.63,https://ror.org/058pyyv44
704,705,顾朝林,2000,南京大学,依托单位,I881766915,Nanjing University,exact,62417.22,https://ror.org/01rxvg760
705,706,葛颂,2000,中国科学院植物研究所,依托单位,I4210158097,Institute of Botany,exact,42323.688,https://ror.org/05hr3ch11
706,707,冯兆东,2000,兰州大学,依托单位,I76214153,Lanzhou University,exact,55239.18,https://ror.org/01mkqqe32
707,708,冯登国,2000,中国科学院软件研究所,依托单位,I4210128818,Institute of Software,exact,19554.662,https://ror.org/033dfsn42
708,709,封松林,2000,中国科学院半导体研究所,依托单位,I4210149211,Institute of Semiconductors,exact,44368.86,https://ror.org/048dd0611
709,710,方岱宁,2000,清华大学,依托单位,I99065089,Tsinghua University,exact,117751.195,https://ror.org/03cve4549
710,711,东秀珠,2000,中国科学院微生物研究所,依托单位,I4210134982,Institute of Microbiology,exact,51266.72,https://ror.org/047yhep71
711,712,丁泽军,2000,中国科学技术大学,依托单位,I126520041,University of Science and Technology of China,exact,105356.01,https://ror.org/04c4dkn09
712,713,丁明德,2000,南京大学,依托单位,I881766915,Nanjing University,exact,62417.22,https://ror.org/01rxvg760
713,714,邓金根,2000,中国科学院成都有机化学有限公司,依托单位,I4210106541,Chengdu Organic Chemicals (China),exact,19876.64,https://ror.org/01nmxvn49
714,715,邓红文,2000,湖南师范大学,依托单位,I173759888,Hunan Normal University,exact,29892.857,https://ror.org/053w1zy07
715,716,崔鹏,2000,中国科学院、水利部成都山地灾害与环境研究所,依托单位,I4210124748,Institute of Mountain Hazards and Environment,weak,31044.77,https://ror.org/02z0nsb22
716,717,程和平,2000,北京大学,依托单位,I20231570,Peking University,exact,77618.14,https://ror.org/02v51f717
717,718,程国强,2000,国务院发展研究中心,依托单位,I169479621,Development Research Center of the State Council,exact,3065.585,https://ror.org/00gkkv889
718,719,程兵,2000,中国科学院数学与系统科学研究院,依托单位,I4210120485,Academy of Mathematics and Systems Science,exact,29545.18,https://ror.org/02jkmyk67
719,720,成会明,2000,中国科学院金属研究所,依托单位,I4210126304,Institute of Metal Research,override,,
720,721,陈左宁,2000,中国人民解放军战略支援部队第五十六研究所,依托单位,,,none,,
721,722,陈志明,2000,中国科学院数学与系统科学研究院,依托单位,I4210120485,Academy of Mathematics and Systems Science,exact,29545.18,https://ror.org/02jkmyk67
722,723,陈应华,2000,清华大学,依托单位,I99065089,Tsinghua University,exact,117751.195,https://ror.org/03cve4549
723,724,陈湘明,2000,浙江大学,依托单位,I76130692,Zhejiang University,exact,86971.77,https://ror.org/00a2xv884
724,725,陈军,2000,国家基础地理信息中心,依托单位,,,none,,
725,726,陈化,2000,武汉大学,依托单位,I37461747,Wuhan University,exact,84484.22,https://ror.org/033vjfk17
726,727,陈戈,2000,中国海洋大学,依托单位,I59028903,Ocean University of China,exact,39370.42,https://ror.org/04rdtx186
727,728,陈尔强,2000,北京大学,依托单位,I20231570,Peking University,exact,77618.14,https://ror.org/02v51f717
728,729,曹晋滨,2000,中国科学院国家空间科学中心,依托单位,I4210115570,National Space Science Center,exact,12985.159,https://ror.org/02nnjtm50
729,730,蔡莉,2000,吉林大学,依托单位,I194450716,Jilin University,exact,67529.51,https://ror.org/00js3aw79
730,731,左建儒,2001,中国科学院遗传与发育生物学研究所,依托单位,I4210124606,Institute of Genetics and Developmental Biology,weak,57183.465,https://ror.org/02aee5m12
731,732,邹亚明,2001,复旦大学,依托单位,I24943067,Fudan University,exact,92511.14,https://ror.org/013q1eq08
732,733,邹德春,2001,北京大学,依托单位,I20231570,Peking University,exact,77618.14,https://ror.org/02v51f717
733,734,朱晓晴,2001,南开大学,依托单位,I205237279,Nankai University,exact,54575.492,https://ror.org/01y1kjr75
734,735,朱利中,2001,浙江大学,依托单位,I76130692,Zhejiang University,exact,86971.77,https://ror.org/00a2xv884
735,736,周雪平,2001,浙江大学,依托单位,I76130692,Zhejiang University,exact,86971.77,https://ror.org/00a2xv884
736,737,周桥,2001,四川大学,依托单位,I24185976,Sichuan University,exact,75979.734,https://ror.org/011ashp19
737,738,周鸣飞,2001,复旦大学,依托单位,I24943067,Fudan University,exact,92511.14,https://ror.org/013q1eq08
738,739,周金秋,2001,中国科学院上海生命科学研究院,依托单位,I4210106477,Shanghai Institutes for Biological Sciences,exact,56299.793,https://ror.org/011rf9d86
739,740,周常河,2001,中国科学院上海光学精密机械研究所,依托单位,I4210135349,Shanghai Institute of Optics and Fine Mechanics,exact,36784.836,https://ror.org/03g897070
740,741,仲政,2001,同济大学,依托单位,I116953780,Tongji University,exact,50689.016,https://ror.org/03rc6as71
741,742,郑强,2001,浙江大学,依托单位,I76130692,Zhejiang University,exact,86971.77,https://ror.org/00a2xv884
742,743,赵修建,2001,武汉理工大学,依托单位,I196699116,Wuhan University of Technology,exact,61446.0,https://ror.org/03fe7t173
743,744,赵兴中,2001,武汉大学,依托单位,I37461747,Wuhan University,exact,84484.22,https://ror.org/033vjfk17
744,745,赵康,2001,天津大学,依托单位,I162868743,Tianjin University,exact,61022.258,https://ror.org/012tb2g32
745,746,赵春华,2001,中国医学科学院,依托单位,I200296433,Chinese Academy of Medical Sciences & Peking Union Medical College,exact,67015.46,https://ror.org/02drdmm93
746,747,张学,2001,中国医科大学,依托单位,I91656880,China Medical University,exact,40907.83,https://ror.org/032d4f246
747,748,张天爵,2001,中国原子能科学研究院,依托单位,I4210096139,China Institute of Atomic Energy,exact,25986.477,https://ror.org/00v5gqm66
748,749,张俊颖,2001,中国科学技术大学,依托单位,I126520041,University of Science and Technology of China,exact,105356.01,https://ror.org/04c4dkn09
749,750,张健,2001,中国科学院软件研究所,依托单位,I4210128818,Institute of Software,exact,19554.662,https://ror.org/033dfsn42
750,751,张广铭,2001,清华大学,依托单位,I99065089,Tsinghua University,exact,117751.195,https://ror.org/03cve4549
751,752,张广军,2001,北京航空航天大学,依托单位,I82880672,Beihang University,exact,82779.67,https://ror.org/00wk2mp56
752,753,张改平,2001,河南省农业科学院,依托单位,I4210096196,Henan Academy of Agricultural Sciences,exact,13161.42,https://ror.org/00vdyrj80
753,754,张大勇,2001,北京师范大学,依托单位,I25254941,Beijing Normal University,exact,57501.61,https://ror.org/022k4wk35
754,755,张承才,2001,华中农业大学,依托单位,I204823248,Huazhong Agricultural University,exact,62343.33,https://ror.org/023b72294
755,756,于吉红,2001,吉林大学,依托单位,I194450716,Jilin University,exact,67529.51,https://ror.org/00js3aw79
756,757,尹景学,2001,吉林大学,依托单位,I194450716,Jilin University,exact,67529.51,https://ror.org/00js3aw79
757,758,殷克东,2001,中国科学院南海海洋研究所,依托单位,I4210103685,South China Sea Institute Of Oceanology,exact,28760.244,https://ror.org/0192yj155
758,759,姚咏明,2001,中国人民解放军总医院,依托单位,I2802939634,Chinese PLA General Hospital,exact,55320.848,https://ror.org/04gw3ra78
759,760,杨放春,2001,北京邮电大学,依托单位,I139759216,Beijing University of Posts and Telecommunications,exact,39428.2,https://ror.org/04w9fbh59
760,761,阎小培,2001,中山大学,依托单位,I157773358,Sun Yat-sen University,exact,72368.62,https://ror.org/0064kty71
761,762,薛澜,2001,清华大学,依托单位,I99065089,Tsinghua University,exact,117751.195,https://ror.org/03cve4549
762,763,徐永平,2001,大连理工大学,依托单位,I27357992,Dalian University of Technology,exact,64610.99,https://ror.org/023hj5876
763,764,徐星,2001,中国科学院古脊椎动物与古人类研究所,依托单位,I4210086287,Institute of Vertebrate Paleontology and Paleoanthropology,exact,26793.828,https://ror.org/0000pmw59
764,765,徐夕生,2001,南京大学,依托单位,I881766915,Nanjing University,exact,62417.22,https://ror.org/01rxvg760
765,766,徐天乐,2001,中国科学技术大学,依托单位,I126520041,University of Science and Technology of China,exact,105356.01,https://ror.org/04c4dkn09
766,767,徐南平,2001,南京工业大学,依托单位,I134687103,Nanjing Tech University,exact,42277.42,https://ror.org/03sd35x91
767,768,徐精彩,2001,西安科技大学,依托单位,I110440473,Xi'an University of Science and Technology,exact,18288.146,https://ror.org/046fkpt18
768,769,徐济超,2001,郑州航空工业管理学院,依托单位,I192868223,Zhengzhou University of Aeronautics,exact,9126.026,https://ror.org/01qjyzh50
769,770,徐国良,2001,中国科学院上海生命科学研究院,依托单位,I4210106477,Shanghai Institutes for Biological Sciences,exact,56299.793,https://ror.org/011rf9d86
770,771,徐柏庆,2001,清华大学,依托单位,I99065089,Tsinghua University,exact,117751.195,https://ror.org/03cve4549
771,772,谢建新,2001,北京科技大学,依托单位,I92403157,University of Science and Technology Beijing,exact,39476.645,https://ror.org/02egmk993
772,773,夏兴华,2001,南京大学,依托单位,I881766915,Nanjing University,exact,62417.22,https://ror.org/01rxvg760
773,774,夏斌,2001,北京大学,依托单位,I20231570,Peking University,exact,77618.14,https://ror.org/02v51f717
774,775,吴宗敏,2001,复旦大学,依托单位,I24943067,Fudan University,exact,92511.14,https://ror.org/013q1eq08
775,776,吴自玉,2001,中国科学院高能物理研究所,依托单位,I4210137180,Institute of High Energy Physics,exact,107211.8,https://ror.org/03v8tnc06
776,777,吴颖,2001,华中科技大学,依托单位,I47720641,Huazhong University of Science and Technology,exact,83397.086,https://ror.org/00p991c53
777,778,吴晓光,2001,中国科学院半导体研究所,依托单位,I4210149211,Institute of Semiconductors,exact,44368.86,https://ror.org/048dd0611
778,779,吴骊珠,2001,中国科学院理化技术研究所,依托单位,I4210140689,Technical Institute of Physics and Chemistry,exact,36806.484,https://ror.org/04akaak77
779,780,吴凯,2001,北京大学,依托单位,I20231570,Peking University,exact,77618.14,https://ror.org/02v51f717
780,781,魏辅文,2001,中国科学院动物研究所,依托单位,I4210167311,Institute of Zoology,exact,34200.504,https://ror.org/05skxkv18
781,782,王志光,2001,中国科学院近代物理研究所,依托单位,I4210131271,Institute of Modern Physics,exact,38394.246,https://ror.org/03x8rhq63
782,783,王跃飞,2001,中国科学院数学与系统科学研究院,依托单位,I4210120485,Academy of Mathematics and Systems Science,exact,29545.18,https://ror.org/02jkmyk67
783,784,王维华,2001,中国科学院动物研究所,依托单位,I4210167311,Institute of Zoology,exact,34200.504,https://ror.org/05skxkv18
784,785,王铁军,2001,西安交通大学,依托单位,I87445476,Xi'an Jiaotong University,exact,70856.3,https://ror.org/017zhmm22
785,786,王松灵,2001,首都医科大学,依托单位,I183519381,Capital Medical University,exact,70254.805,https://ror.org/013xs5b60
786,787,王明荣,2001,中国医学科学院,依托单位,I200296433,Chinese Academy of Medical Sciences & Peking Union Medical College,exact,67015.46,https://ror.org/02drdmm93
787,788,王磊,2001,南开大学,依托单位,I205237279,Nankai University,exact,54575.492,https://ror.org/01y1kjr75
788,789,王建国,2001,东南大学,依托单位,I76569877,Southeast University,exact,48708.32,https://ror.org/04ct4d772
789,790,王惠文,2001,北京航空航天大学,依托单位,I82880672,Beihang University,exact,82779.67,https://ror.org/00wk2mp56
790,791,王会军,2001,中国科学院大气物理研究所,依托单位,I4210152758,Institute of Atmospheric Physics,exact,35263.035,https://ror.org/0424h4e32
791,792,王官武,2001,中国科学技术大学,依托单位,I126520041,University of Science and Technology of China,exact,105356.01,https://ror.org/04c4dkn09
792,793,王飞跃,2001,中国科学院自动化研究所,依托单位,I4210112150,Institute of Automation,override,,
793,794,王长平,2001,北京大学,依托单位,I20231570,Peking University,exact,77618.14,https://ror.org/02v51f717
794,795,汪寿阳,2001,中国科学院数学与系统科学研究院,依托单位,I4210120485,Academy of Mathematics and Systems Science,exact,29545.18,https://ror.org/02jkmyk67
795,796,田志刚,2001,中国科学技术大学,依托单位,I126520041,University of Science and Technology of China,exact,105356.01,https://ror.org/04c4dkn09
796,797,唐仕波,2001,中山大学,依托单位,I157773358,Sun Yat-sen University,exact,72368.62,https://ror.org/0064kty71
797,798,孙继敏,2001,中国科学院地质与地球物理研究所,依托单位,I4210126061,Institute of Geology and Geophysics,exact,56218.027,https://ror.org/030vmwa78
798,799,隋曼龄,2001,中国科学院金属研究所,依托单位,I4210126304,Institute of Metal Research,override,,
799,800,沈永明,2001,大连理工大学,依托单位,I27357992,Dalian University of Technology,exact,64610.99,https://ror.org/023hj5876
800,801,沈文忠,2001,上海交通大学,依托单位,I183067930,Shanghai Jiao Tong University,exact,99965.625,https://ror.org/0220qvk04
801,802,沈超,2001,中国科学院国家空间科学中心,依托单位,I4210115570,National Space Science Center,exact,12985.159,https://ror.org/02nnjtm50
802,803,任中洲,2001,南京大学,依托单位,I881766915,Nanjing University,exact,62417.22,https://ror.org/01rxvg760
803,804,任南琪,2001,哈尔滨工业大学,依托单位,I204983213,Harbin Institute of Technology,exact,115718.28,https://ror.org/01yqg2h08
804,805,邱建荣,2001,中国科学院上海光学精密机械研究所,依托单位,I4210135349,Shanghai Institute of Optics and Fine Mechanics,exact,36784.836,https://ror.org/03g897070
805,806,孟庆翔,2001,中国农业大学,依托单位,I52158045,China Agricultural University,exact,58946.74,https://ror.org/04v3ywz14
806,807,梅宏,2001,北京大学,依托单位,I20231570,Peking University,exact,77618.14,https://ror.org/02v51f717
807,808,马於光,2001,吉林大学,依托单位,I194450716,Jilin University,exact,67529.51,https://ror.org/00js3aw79
808,809,马润林,2001,中国科学院遗传与发育生物学研究所,依托单位,I4210124606,Institute of Genetics and Developmental Biology,weak,57183.465,https://ror.org/02aee5m12
809,810,马光辉,2001,中国科学院过程工程研究所,依托单位,I4210133325,Institute of Process Engineering,exact,42207.16,https://ror.org/03j4x9j18
810,811,骆永明,2001,中国科学院南京土壤研究所,依托单位,I4210165559,Institute of Soil Science,exact,46187.836,https://ror.org/05nj8ma95
811,812,罗小平,2001,华中科技大学,依托单位,I47720641,Huazhong University of Science and Technology,exact,83397.086,https://ror.org/00p991c53
812,813,罗懋康,2001,四川大学,依托单位,I24185976,Sichuan University,exact,75979.734,https://ror.org/011ashp19
813,814,陆夕云,2001,中国科学技术大学,依托单位,I126520041,University of Science and Technology of China,exact,105356.01,https://ror.org/04c4dkn09
814,815,卢宝荣,2001,复旦大学,依托单位,I24943067,Fudan University,exact,92511.14,https://ror.org/013q1eq08
815,816,刘世荣,2001,中国林业科学研究院,依托单位,I4210128615,Chinese Academy of Forestry,exact,27164.004,https://ror.org/0360dkv71
816,817,刘强,2001,清华大学,依托单位,I99065089,Tsinghua University,exact,117751.195,https://ror.org/03cve4549
817,818,刘濮鲲,2001,中国科学院电子学研究所,依托单位,I4210110458,Institute of Electronics,exact,18670.95,https://ror.org/01z143507
818,819,刘培东,2001,北京大学,依托单位,I20231570,Peking University,exact,77618.14,https://ror.org/02v51f717
819,820,刘建亚,2001,山东大学,依托单位,I154099455,Shandong University,exact,60373.523,https://ror.org/0207yh398
820,821,刘加平,2001,西安建筑科技大学,依托单位,I148099405,Xi'an University of Architecture and Technology,exact,31860.877,https://ror.org/04v2j2k71
821,822,林圣彩,2001,厦门大学,依托单位,I191208505,Xiamen University,exact,63183.082,https://ror.org/00mcjh785
822,823,林金明,2001,中国科学院生态环境研究中心,依托单位,I4210144289,Research Center for Eco-Environmental Sciences,exact,59822.87,https://ror.org/03rpsvy57
823,824,廖世俊,2001,上海交通大学,依托单位,I183067930,Shanghai Jiao Tong University,exact,99965.625,https://ror.org/0220qvk04
824,825,李毅,2001,北京大学,依托单位,I20231570,Peking University,exact,77618.14,https://ror.org/02v51f717
825,826,李涛,2001,四川大学,依托单位,I24185976,Sichuan University,exact,75979.734,https://ror.org/011ashp19
826,827,李立峰,2001,清华大学,依托单位,I99065089,Tsinghua University,exact,117751.195,https://ror.org/03cve4549
827,828,李景虹,2001,清华大学,依托单位,I99065089,Tsinghua University,exact,117751.195,https://ror.org/03cve4549
828,829,李建国,2001,上海交通大学,依托单位,I183067930,Shanghai Jiao Tong University,exact,99965.625,https://ror.org/0220qvk04
829,830,李根生,2001,中国石油大学(北京),依托单位,I4210162190,"China University of Petroleum, East China",exact,37922.176,https://ror.org/05gbn2817
830,831,李伯耿,2001,浙江大学,依托单位,I76130692,Zhejiang University,exact,86971.77,https://ror.org/00a2xv884
831,832,孔祥银,2001,中国科学院上海生命科学研究院,依托单位,I4210106477,Shanghai Institutes for Biological Sciences,exact,56299.793,https://ror.org/011rf9d86
832,833,孔屏,2001,中国科学院地质与地球物理研究所,依托单位,I4210126061,Institute of Geology and Geophysics,exact,56218.027,https://ror.org/030vmwa78
833,834,康振生,2001,西北农林科技大学,依托单位,I89652312,Northwest A&F University,exact,61295.1,https://ror.org/0051rme32
834,835,康跃虎,2001,中国科学院地理科学与资源研究所,依托单位,I4210160793,Institute of Geographic Sciences and Natural Resources Research,exact,58468.53,https://ror.org/04t1cdb72
835,836,琚诒光,2001,清华大学,依托单位,I99065089,Tsinghua University,exact,117751.195,https://ror.org/03cve4549
836,837,景益鹏,2001,中国科学院上海天文台,依托单位,I2799714274,Shanghai Astronomical Observatory,exact,22856.205,https://ror.org/003n8re58
837,838,金海,2001,华中科技大学,依托单位,I47720641,Huazhong University of Science and Technology,exact,83397.086,https://ror.org/00p991c53
838,839,蒋昌俊,2001,同济大学,依托单位,I116953780,Tongji University,exact,50689.016,https://ror.org/03rc6as71
839,840,姜卫红,2001,中国科学院上海生命科学研究院,依托单位,I4210106477,Shanghai Institutes for Biological Sciences,exact,56299.793,https://ror.org/011rf9d86
840,841,江雷,2001,中国科学院化学研究所,依托单位,I4210155088,Institute of Chemistry,exact,61771.133,https://ror.org/048y1rc66
841,842,翦知潛,2001,同济大学,依托单位,I116953780,Tongji University,exact,50689.016,https://ror.org/03rc6as71
842,843,黄跃生,2001,中国人民解放军第三军医大学,依托单位,I151075929,Army Medical University,exact,85157.16,https://ror.org/05w21nn13
843,844,黄卡玛,2001,四川大学,依托单位,I24185976,Sichuan University,exact,75979.734,https://ror.org/011ashp19
844,845,胡盛寿,2001,中国医学科学院,依托单位,I200296433,Chinese Academy of Medical Sciences & Peking Union Medical College,exact,67015.46,https://ror.org/02drdmm93
845,846,胡平,2001,吉林大学,依托单位,I194450716,Jilin University,exact,67529.51,https://ror.org/00js3aw79
846,847,何祖华,2001,中国科学院上海生命科学研究院,依托单位,I4210106477,Shanghai Institutes for Biological Sciences,exact,56299.793,https://ror.org/011rf9d86
847,848,郝芳,2001,中国石油大学(北京),依托单位,I4210162190,"China University of Petroleum, East China",exact,37922.176,https://ror.org/05gbn2817
848,849,韩艳春,2001,中国科学院长春应用化学研究所,依托单位,I4210092888,Changchun Institute of Applied Chemistry,exact,82828.11,https://ror.org/00h52n341
849,850,郭跃伟,2001,中国科学院上海药物研究所,依托单位,I4210112820,Shanghai Institute of Materia Medica,exact,49811.605,https://ror.org/022syn853
850,851,高天明,2001,南方医科大学,依托单位,I58200834,Southern Medical University,exact,48235.527,https://ror.org/01vjw4z39
851,852,高松,2001,北京大学,依托单位,I20231570,Peking University,exact,77618.14,https://ror.org/02v51f717
852,853,高鸿钧,2001,中国科学院物理研究所,依托单位,I4210159876,Institute of Physics,exact,48215.63,https://ror.org/05cvf7v30
853,854,高峰,2001,上海交通大学,依托单位,I183067930,Shanghai Jiao Tong University,exact,99965.625,https://ror.org/0220qvk04
854,855,高琛,2001,中国科学技术大学,依托单位,I126520041,University of Science and Technology of China,exact,105356.01,https://ror.org/04c4dkn09
855,856,冯世平,2001,北京师范大学,依托单位,I25254941,Beijing Normal University,exact,57501.61,https://ror.org/022k4wk35
856,857,方竞,2001,北京大学,依托单位,I20231570,Peking University,exact,77618.14,https://ror.org/02v51f717
857,858,樊军辉,2001,广州大学,依托单位,I37987034,Guangzhou University,exact,21707.389,https://ror.org/05ar8rn06
858,859,丁建平,2001,中国科学院上海生命科学研究院,依托单位,I4210106477,Shanghai Institutes for Biological Sciences,exact,56299.793,https://ror.org/011rf9d86
859,860,邓宏魁,2001,北京大学,依托单位,I20231570,Peking University,exact,77618.14,https://ror.org/02v51f717
860,861,崔一平,2001,东南大学,依托单位,I76569877,Southeast University,exact,48708.32,https://ror.org/04ct4d772
861,862,程建春,2001,南京大学,依托单位,I881766915,Nanjing University,exact,62417.22,https://ror.org/01rxvg760
862,863,成昭华,2001,中国科学院物理研究所,依托单位,I4210159876,Institute of Physics,exact,48215.63,https://ror.org/05cvf7v30
863,864,陈政,2001,武汉大学,依托单位,I37461747,Wuhan University,exact,84484.22,https://ror.org/033vjfk17
864,865,陈永顺,2001,北京大学,依托单位,I20231570,Peking University,exact,77618.14,https://ror.org/02v51f717
865,866,陈晔光,2001,清华大学,依托单位,I99065089,Tsinghua University,exact,117751.195,https://ror.org/03cve4549
866,867,陈晓红,2001,中南大学,依托单位,I139660479,Central South University,exact,66159.63,https://ror.org/00f1zfq44
867,868,陈乾旺,2001,中国科学技术大学,依托单位,I126520041,University of Science and Technology of China,exact,105356.01,https://ror.org/04c4dkn09
868,869,陈发虎,2001,兰州大学,依托单位,I76214153,Lanzhou University,exact,55239.18,https://ror.org/01mkqqe32
869,870,曹佳,2001,中国人民解放军第三军医大学,依托单位,I151075929,Army Medical University,exact,85157.16,https://ror.org/05w21nn13
870,871,曹济民,2001,中国医学科学院,依托单位,I200296433,Chinese Academy of Medical Sciences & Peking Union Medical College,exact,67015.46,https://ror.org/02drdmm93
871,872,蔡祖聪,2001,中国科学院南京土壤研究所,依托单位,I4210165559,Institute of Soil Science,exact,46187.836,https://ror.org/05nj8ma95
872,873,边少锋,2001,中国人民解放军海军工程大学,依托单位,I2800710378,Naval University of Engineering,exact,19836.053,https://ror.org/056vyez31
873,874,包亦望,2001,中国建筑材料科学研究总院有限公司,依托单位,,,none,,
874,875,邹恒甫,2002,北京大学,依托单位,I20231570,Peking University,exact,77618.14,https://ror.org/02v51f717
875,876,邹冰松,2002,中国科学院高能物理研究所,依托单位,I4210137180,Institute of High Energy Physics,exact,107211.8,https://ror.org/03v8tnc06
876,877,宗传明,2002,北京大学,依托单位,I20231570,Peking University,exact,77618.14,https://ror.org/02v51f717
877,878,朱永官,2002,中国科学院生态环境研究中心,依托单位,I4210144289,Research Center for Eco-Environmental Sciences,exact,59822.87,https://ror.org/03rpsvy57
878,879,朱兴全,2002,华南农业大学,依托单位,I101479585,South China Agricultural University,exact,41516.54,https://ror.org/05v9jqt67
879,880,朱江,2002,中国科学院大气物理研究所,依托单位,I4210152758,Institute of Atmospheric Physics,exact,35263.035,https://ror.org/0424h4e32
880,881,周忆,2002,复旦大学,依托单位,I24943067,Fudan University,exact,92511.14,https://ror.org/013q1eq08
881,882,周启星,2002,中国科学院沈阳应用生态研究所,依托单位,I4210110024,Institute of Applied Ecology,exact,32234.906,https://ror.org/01thb7525
882,883,周飞朦,2002,中南大学,依托单位,I139660479,Central South University,exact,66159.63,https://ror.org/00f1zfq44
883,884,周成虎,2002,中国科学院地理科学与资源研究所,依托单位,I4210160793,Institute of Geographic Sciences and Natural Resources Research,exact,58468.53,https://ror.org/04t1cdb72
884,885,钟建江,2002,华东理工大学,依托单位,I143593769,East China University of Science and Technology,exact,41751.324,https://ror.org/01vyrm377
885,886,郑耀,2002,浙江大学,依托单位,I76130692,Zhejiang University,exact,86971.77,https://ror.org/00a2xv884
886,887,郑仕标,2002,福州大学,依托单位,I80947539,Fuzhou University,exact,34887.25,https://ror.org/011xvna82
887,888,赵亚溥,2002,中国科学院力学研究所,依托单位,I4210157653,Institute of Mechanics,exact,22921.729,https://ror.org/057jnjd73
888,889,赵晓航,2002,中国医学科学院,依托单位,I200296433,Chinese Academy of Medical Sciences & Peking Union Medical College,exact,67015.46,https://ror.org/02drdmm93
889,890,赵红卫,2002,中国科学院近代物理研究所,依托单位,I4210131271,Institute of Modern Physics,exact,38394.246,https://ror.org/03x8rhq63
890,891,张政军,2002,清华大学,依托单位,I99065089,Tsinghua University,exact,117751.195,https://ror.org/03cve4549
891,892,张涛,2002,北京航空航天大学,依托单位,I82880672,Beihang University,exact,82779.67,https://ror.org/00wk2mp56
892,893,张人禾,2002,中国气象科学研究院,依托单位,I4210133131,Chinese Academy of Meteorological Sciences,exact,22626.762,https://ror.org/034b53w38
893,894,张平文,2002,北京大学,依托单位,I20231570,Peking University,exact,77618.14,https://ror.org/02v51f717
894,895,张林秀,2002,中国科学院地理科学与资源研究所,依托单位,I4210160793,Institute of Geographic Sciences and Natural Resources Research,exact,58468.53,https://ror.org/04t1cdb72
895,896,张剑锋,2002,中国科学院地质与地球物理研究所,依托单位,I4210126061,Institute of Geology and Geophysics,exact,56218.027,https://ror.org/030vmwa78
896,897,张洪武,2002,大连理工大学,依托单位,I27357992,Dalian University of Technology,exact,64610.99,https://ror.org/023hj5876
897,898,张宏福,2002,中国科学院地质与地球物理研究所,依托单位,I4210126061,Institute of Geology and Geophysics,exact,56218.027,https://ror.org/030vmwa78
898,899,张德清,2002,中国科学院化学研究所,依托单位,I4210155088,Institute of Chemistry,exact,61771.133,https://ror.org/048y1rc66
899,900,张传茂,2002,北京大学,依托单位,I20231570,Peking University,exact,77618.14,https://ror.org/02v51f717
900,901,张辰宇,2002,南京大学,依托单位,I881766915,Nanjing University,exact,62417.22,https://ror.org/01rxvg760
901,902,詹启敏,2002,中国医学科学院,依托单位,I200296433,Chinese Academy of Medical Sciences & Peking Union Medical College,exact,67015.46,https://ror.org/02drdmm93
902,903,曾苏,2002,浙江大学,依托单位,I76130692,Zhejiang University,exact,86971.77,https://ror.org/00a2xv884
903,904,曾长青,2002,中国科学院北京基因组研究所,依托单位,I2801577699,Beijing Institute of Genomics,exact,53564.906,https://ror.org/049gn7z52
904,905,于贵瑞,2002,中国科学院地理科学与资源研究所,依托单位,I4210160793,Institute of Geographic Sciences and Natural Resources Research,exact,58468.53,https://ror.org/04t1cdb72
905,906,姚鹏飞,2002,中国科学院数学与系统科学研究院,依托单位,I4210120485,Academy of Mathematics and Systems Science,exact,29545.18,https://ror.org/02jkmyk67
906,907,杨卫军,2002,浙江大学,依托单位,I76130692,Zhejiang University,exact,86971.77,https://ror.org/00a2xv884
907,908,杨宁,2002,中国农业大学,依托单位,I52158045,China Agricultural University,exact,58946.74,https://ror.org/04v3ywz14
908,909,杨合,2002,西北工业大学,依托单位,I17145004,Northwestern Polytechnical University,exact,39779.9,https://ror.org/01y0j0j86
909,910,杨定,2002,中国农业大学,依托单位,I52158045,China Agricultural University,exact,58946.74,https://ror.org/04v3ywz14
910,911,杨德仁,2002,浙江大学,依托单位,I76130692,Zhejiang University,exact,86971.77,https://ror.org/00a2xv884
911,912,颜毅华,2002,中国科学院国家天文台,依托单位,I4210164580,National Astronomical Observatories,exact,34911.63,https://ror.org/058pyyv44
912,913,许祝安,2002,浙江大学,依托单位,I76130692,Zhejiang University,exact,86971.77,https://ror.org/00a2xv884
913,914,徐寄遥,2002,中国科学院国家空间科学中心,依托单位,I4210115570,National Space Science Center,exact,12985.159,https://ror.org/02nnjtm50
914,915,熊仁根,2002,南京大学,依托单位,I881766915,Nanjing University,exact,62417.22,https://ror.org/01rxvg760
915,916,谢平,2002,中国科学院水生生物研究所,依托单位,I4210089584,Institute of Hydrobiology,weak,27440.992,https://ror.org/00b4mx203
916,917,肖瑞平,2002,北京大学,依托单位,I20231570,Peking University,exact,77618.14,https://ror.org/02v51f717
917,918,肖立业,2002,中国科学院电工研究所,依托单位,I4210128819,Institute of Electrical Engineering,exact,21280.154,https://ror.org/033js6g46
918,919,吴云东,2002,北京大学,依托单位,I20231570,Peking University,exact,77618.14,https://ror.org/02v51f717
919,920,吴兴龙,2002,南京大学,依托单位,I881766915,Nanjing University,exact,62417.22,https://ror.org/01rxvg760
920,921,吴玮,2002,厦门大学,依托单位,I191208505,Xiamen University,exact,63183.082,https://ror.org/00mcjh785
921,922,吴李君,2002,中国科学院合肥物质科学研究院,依托单位,I2802624667,Hefei Institutes of Physical Science,exact,31531.92,https://ror.org/046n57345
922,923,吴开春,2002,中国人民解放军第四军医大学,依托单位,,,none,,
923,924,吴骏,2002,上海人类基因组研究中心,依托单位,,,none,,
924,925,吴晨旭,2002,厦门大学,依托单位,I191208505,Xiamen University,exact,63183.082,https://ror.org/00mcjh785
925,926,魏志义,2002,中国科学院物理研究所,依托单位,I4210159876,Institute of Physics,exact,48215.63,https://ror.org/05cvf7v30
926,927,韦大明,2002,中国科学院紫金山天文台,依托单位,I2802340896,Purple Mountain Observatory,exact,19069.03,https://ror.org/02eb4t121
927,928,王悦,2002,吉林大学,依托单位,I194450716,Jilin University,exact,67529.51,https://ror.org/00js3aw79
928,929,王以政,2002,中国科学院上海生命科学研究院,依托单位,I4210106477,Shanghai Institutes for Biological Sciences,exact,56299.793,https://ror.org/011rf9d86
929,930,王贻芳,2002,中国科学院高能物理研究所,依托单位,I4210137180,Institute of High Energy Physics,exact,107211.8,https://ror.org/03v8tnc06
930,931,王献红,2002,中国科学院长春应用化学研究所,依托单位,I4210092888,Changchun Institute of Applied Chemistry,exact,82828.11,https://ror.org/00h52n341
931,932,王如竹,2002,上海交通大学,依托单位,I183067930,Shanghai Jiao Tong University,exact,99965.625,https://ror.org/0220qvk04
932,933,王沥,2002,中国科学院遗传与发育生物学研究所,依托单位,I4210124606,Institute of Genetics and Developmental Biology,weak,57183.465,https://ror.org/02aee5m12
933,934,王剑波,2002,北京大学,依托单位,I20231570,Peking University,exact,77618.14,https://ror.org/02v51f717
934,935,王春儒,2002,中国科学院化学研究所,依托单位,I4210155088,Institute of Chemistry,exact,61771.133,https://ror.org/048y1rc66
935,936,王春峰,2002,天津大学,依托单位,I162868743,Tianjin University,exact,61022.258,https://ror.org/012tb2g32
936,937,王琛,2002,中国科学院上海生命科学研究院,依托单位,I4210106477,Shanghai Institutes for Biological Sciences,exact,56299.793,https://ror.org/011rf9d86
937,938,汪永进,2002,南京师范大学,依托单位,I152031979,Nanjing Normal University,exact,32344.328,https://ror.org/036trcv74
938,939,汪小帆,2002,上海交通大学,依托单位,I183067930,Shanghai Jiao Tong University,exact,99965.625,https://ror.org/0220qvk04
939,940,涂善东,2002,华东理工大学,依托单位,I143593769,East China University of Science and Technology,exact,41751.324,https://ror.org/01vyrm377
940,941,田永君,2002,燕山大学,依托单位,I39333907,Yanshan University,exact,27737.867,https://ror.org/02txfnf15
941,942,田世平,2002,中国科学院植物研究所,依托单位,I4210158097,Institute of Botany,exact,42323.688,https://ror.org/05hr3ch11
942,943,田捷,2002,中国科学院自动化研究所,依托单位,I4210112150,Institute of Automation,override,,
943,944,唐勇,2002,中国科学院上海有机化学研究所,依托单位,I4210112946,Shanghai Institute of Organic Chemistry,exact,54384.883,https://ror.org/01y3hvq34
944,945,唐明,2002,西北农林科技大学,依托单位,I89652312,Northwest A&F University,exact,61295.1,https://ror.org/0051rme32
945,946,孙颖浩,2002,中国人民解放军第二军医大学,依托单位,I177933477,Second Military Medical University,exact,61741.094,https://ror.org/04tavpn47
946,947,孙青原,2002,中国科学院动物研究所,依托单位,I4210167311,Institute of Zoology,exact,34200.504,https://ror.org/05skxkv18
947,948,孙蒙祥,2002,武汉大学,依托单位,I37461747,Wuhan University,exact,84484.22,https://ror.org/033vjfk17
948,949,孙继荣,2002,中国科学院物理研究所,依托单位,I4210159876,Institute of Physics,exact,48215.63,https://ror.org/05cvf7v30
949,950,时钟,2002,上海交通大学,依托单位,I183067930,Shanghai Jiao Tong University,exact,99965.625,https://ror.org/0220qvk04
950,951,石高全,2002,清华大学,依托单位,I99065089,Tsinghua University,exact,117751.195,https://ror.org/03cve4549
951,952,施毅,2002,南京大学,依托单位,I881766915,Nanjing University,exact,62417.22,https://ror.org/01rxvg760
952,953,施斌,2002,南京大学,依托单位,I881766915,Nanjing University,exact,62417.22,https://ror.org/01rxvg760
953,954,沈树忠,2002,中国科学院南京地质古生物研究所,依托单位,I4210103797,Nanjing Institute of Geology and Paleontology,exact,22973.246,https://ror.org/019av8481
954,955,申长雨,2002,郑州大学,依托单位,I38877650,Zhengzhou University,exact,54654.63,https://ror.org/04ypx8c21
955,956,佘振苏,2002,北京大学,依托单位,I20231570,Peking University,exact,77618.14,https://ror.org/02v51f717
956,957,邵久书,2002,北京师范大学,依托单位,I25254941,Beijing Normal University,exact,57501.61,https://ror.org/022k4wk35
957,958,尚永丰,2002,北京大学,依托单位,I20231570,Peking University,exact,77618.14,https://ror.org/02v51f717
958,959,任忠鸣,2002,上海大学,依托单位,I113940042,Shanghai University,exact,33911.445,https://ror.org/006teas31
959,960,曲晓刚,2002,中国科学院长春应用化学研究所,依托单位,I4210092888,Changchun Institute of Applied Chemistry,exact,82828.11,https://ror.org/00h52n341
960,961,曲久辉,2002,中国科学院生态环境研究中心,依托单位,I4210144289,Research Center for Eco-Environmental Sciences,exact,59822.87,https://ror.org/03rpsvy57
961,962,钱宇,2002,华南理工大学,依托单位,I90610280,South China University of Technology,exact,65632.69,https://ror.org/0530pts50
962,963,潘卫庆,2002,中国人民解放军第二军医大学,依托单位,I177933477,Second Military Medical University,exact,61741.094,https://ror.org/04tavpn47
963,964,宁琴,2002,华中科技大学,依托单位,I47720641,Huazhong University of Science and Technology,exact,83397.086,https://ror.org/00p991c53
964,965,缪协兴,2002,中国矿业大学,依托单位,I25757504,China University of Mining and Technology,exact,39738.82,https://ror.org/01xt2dr21
965,966,罗永章,2002,清华大学,依托单位,I99065089,Tsinghua University,exact,117751.195,https://ror.org/03cve4549
966,967,龙勉,2002,中国科学院力学研究所,依托单位,I4210157653,Institute of Mechanics,exact,22921.729,https://ror.org/057jnjd73
967,968,刘祖国,2002,中山大学,依托单位,I157773358,Sun Yat-sen University,exact,72368.62,https://ror.org/0064kty71
968,969,刘维屏,2002,浙江工业大学,依托单位,I55712492,Zhejiang University of Technology,exact,40744.113,https://ror.org/02djqfd08
969,970,刘庆昌,2002,中国农业大学,依托单位,I52158045,China Agricultural University,exact,58946.74,https://ror.org/04v3ywz14
970,971,刘吉开,2002,中国科学院昆明植物研究所,依托单位,I13850615,Kunming Institute of Botany,exact,25411.791,https://ror.org/02e5hx313
971,972,刘昌俊,2002,天津大学,依托单位,I162868743,Tianjin University,exact,61022.258,https://ror.org/012tb2g32
972,973,刘宝,2002,东北师范大学,依托单位,I184983240,Northeast Normal University,exact,38794.863,https://ror.org/02rkvz144
973,974,凌宏清,2002,中国科学院遗传与发育生物学研究所,依托单位,I4210124606,Institute of Genetics and Developmental Biology,weak,57183.465,https://ror.org/02aee5m12
974,975,林忠钦,2002,上海交通大学,依托单位,I183067930,Shanghai Jiao Tong University,exact,99965.625,https://ror.org/0220qvk04
975,976,林君,2002,中国科学院长春应用化学研究所,依托单位,I4210092888,Changchun Institute of Applied Chemistry,exact,82828.11,https://ror.org/00h52n341
976,977,林金星,2002,中国科学院植物研究所,依托单位,I4210158097,Institute of Botany,exact,42323.688,https://ror.org/05hr3ch11
977,978,李有泉,2002,浙江大学,依托单位,I76130692,Zhejiang University,exact,86971.77,https://ror.org/00a2xv884
978,979,李勇,2002,吉林大学,依托单位,I194450716,Jilin University,exact,67529.51,https://ror.org/00js3aw79
979,980,李庆军,2002,中国科学院西双版纳热带植物园,依托单位,I2801454379,Xishuangbanna Tropical Botanical Garden,exact,35743.51,https://ror.org/02rz58g17
980,981,李庆斌,2002,清华大学,依托单位,I99065089,Tsinghua University,exact,117751.195,https://ror.org/03cve4549
981,982,李建奇,2002,中国科学院物理研究所,依托单位,I4210159876,Institute of Physics,exact,48215.63,https://ror.org/05cvf7v30
982,983,李贺军,2002,西北工业大学,依托单位,I17145004,Northwestern Polytechnical University,exact,39779.9,https://ror.org/01y0j0j86
983,984,李和,2002,华中科技大学,依托单位,I47720641,Huazhong University of Science and Technology,exact,83397.086,https://ror.org/00p991c53
984,985,李国强,2002,同济大学,依托单位,I116953780,Tongji University,exact,50689.016,https://ror.org/03rc6as71
985,986,李葆明,2002,复旦大学,依托单位,I24943067,Fudan University,exact,92511.14,https://ror.org/013q1eq08
986,987,赖远明,2002,中国科学院寒区旱区环境与工程研究所,依托单位,,,none,,
987,988,江松,2002,北京应用物理与计算数学研究所,依托单位,I4210145278,Institute of Applied Physics and Computational Mathematics,exact,21201.537,https://ror.org/03sxpbt26
988,989,黄永箴,2002,中国科学院半导体研究所,依托单位,I4210149211,Institute of Semiconductors,exact,44368.86,https://ror.org/048dd0611
989,990,黄士昂,2002,华中科技大学,依托单位,I47720641,Huazhong University of Science and Technology,exact,83397.086,https://ror.org/00p991c53
990,991,黄国和,2002,湖南大学,依托单位,I16609230,Hunan University,exact,52153.906,https://ror.org/05htk5m33
991,992,胡事民,2002,清华大学,依托单位,I99065089,Tsinghua University,exact,117751.195,https://ror.org/03cve4549
992,993,胡德文,2002,中国人民解放军国防科技大学,依托单位,I170215575,National University of Defense Technology,weak,24259.445,https://ror.org/05d2yfz11
993,994,侯金林,2002,南方医科大学,依托单位,I58200834,Southern Medical University,exact,48235.527,https://ror.org/01vjw4z39
994,995,何舜平,2002,中国科学院水生生物研究所,依托单位,I4210089584,Institute of Hydrobiology,weak,27440.992,https://ror.org/00b4mx203
995,996,韩世辉,2002,北京大学,依托单位,I20231570,Peking University,exact,77618.14,https://ror.org/02v51f717
996,997,郭占成,2002,中国科学院过程工程研究所,依托单位,I4210133325,Institute of Process Engineering,exact,42207.16,https://ror.org/03j4x9j18
997,998,巩志忠,2002,中国农业大学,依托单位,I52158045,China Agricultural University,exact,58946.74,https://ror.org/04v3ywz14
998,999,巩馥洲,2002,中国科学院数学与系统科学研究院,依托单位,I4210120485,Academy of Mathematics and Systems Science,exact,29545.18,https://ror.org/02jkmyk67
999,1000,龚瑶琴,2002,山东大学,依托单位,I154099455,Shandong University,exact,60373.523,https://ror.org/0207yh398
1000,1001,龚为民,2002,中国科学院生物物理研究所,依托单位,I4210112540,Institute of Biophysics,exact,43632.348,https://ror.org/01tyv8576
1001,1002,葛世荣,2002,中国矿业大学,依托单位,I25757504,China University of Mining and Technology,exact,39738.82,https://ror.org/01xt2dr21
1002,1003,高自友,2002,北京交通大学,依托单位,I21193070,Beijing Jiaotong University,exact,36584.664,https://ror.org/01yj56c84
1003,1004,高原宁,2002,清华大学,依托单位,I99065089,Tsinghua University,exact,117751.195,https://ror.org/03cve4549
1004,1005,高明远,2002,中国科学院化学研究所,依托单位,I4210155088,Institute of Chemistry,exact,61771.133,https://ror.org/048y1rc66
1005,1006,高光侠,2002,中国科学院生物物理研究所,依托单位,I4210112540,Institute of Biophysics,exact,43632.348,https://ror.org/01tyv8576
1006,1007,傅育熙,2002,上海交通大学,依托单位,I183067930,Shanghai Jiao Tong University,exact,99965.625,https://ror.org/0220qvk04
1007,1008,冯小明,2002,四川大学,依托单位,I24185976,Sichuan University,exact,75979.734,https://ror.org/011ashp19
1008,1009,封东来,2002,复旦大学,依托单位,I24943067,Fudan University,exact,92511.14,https://ror.org/013q1eq08
1009,1010,方晓红,2002,中国科学院化学研究所,依托单位,I4210155088,Institute of Chemistry,exact,61771.133,https://ror.org/048y1rc66
1010,1011,段振豪,2002,中国科学院地质与地球物理研究所,依托单位,I4210126061,Institute of Geology and Geophysics,exact,56218.027,https://ror.org/030vmwa78
1011,1012,段远源,2002,清华大学,依托单位,I99065089,Tsinghua University,exact,117751.195,https://ror.org/03cve4549
1012,1013,董治宝,2002,中国科学院寒区旱区环境与工程研究所,依托单位,,,none,,
1013,1014,丁奎岭,2002,中国科学院上海有机化学研究所,依托单位,I4210112946,Shanghai Institute of Organic Chemistry,exact,54384.883,https://ror.org/01y3hvq34
1014,1015,邓友全,2002,中国科学院兰州化学物理研究所,依托单位,I4210089297,Lanzhou Institute of Chemical Physics,exact,51940.324,https://ror.org/007ffzr57
1015,1016,邓小刚,2002,中国空气动力研究与发展中心,依托单位,I2802505932,China Aerodynamics Research and Development Center,exact,13588.126,https://ror.org/00jma8s40
1016,1017,戴永久,2002,北京师范大学,依托单位,I25254941,Beijing Normal University,exact,57501.61,https://ror.org/022k4wk35
1017,1018,戴宁,2002,中国科学院上海技术物理研究所,依托单位,I4210135723,Shanghai Institute of Technical Physics,exact,28080.111,https://ror.org/02txedb84
1018,1019,崔铁军,2002,东南大学,依托单位,I76569877,Southeast University,exact,48708.32,https://ror.org/04ct4d772
1019,1020,陈延峰,2002,南京大学,依托单位,I881766915,Nanjing University,exact,62417.22,https://ror.org/01rxvg760
1020,1021,陈明生,2002,中国科学院遗传与发育生物学研究所,依托单位,I4210124606,Institute of Genetics and Developmental Biology,weak,57183.465,https://ror.org/02aee5m12
1021,1022,陈劲,2002,浙江大学,依托单位,I76130692,Zhejiang University,exact,86971.77,https://ror.org/00a2xv884
1022,1023,陈剑平,2002,浙江省农业科学院,依托单位,I4210126939,ZheJiang Academy of Agricultural Sciences,exact,25079.527,https://ror.org/02qbc3192
1023,1024,陈红征,2002,浙江大学,依托单位,I76130692,Zhejiang University,exact,86971.77,https://ror.org/00a2xv884
1024,1025,陈豪,2002,复旦大学,依托单位,I24943067,Fudan University,exact,92511.14,https://ror.org/013q1eq08
1025,1026,陈国强,2002,清华大学,依托单位,I99065089,Tsinghua University,exact,117751.195,https://ror.org/03cve4549
1026,1027,陈发来,2002,中国科学技术大学,依托单位,I126520041,University of Science and Technology of China,exact,105356.01,https://ror.org/04c4dkn09
1027,1028,陈初升,2002,中国科学技术大学,依托单位,I126520041,University of Science and Technology of China,exact,105356.01,https://ror.org/04c4dkn09
1028,1029,车庆明,2002,北京大学,依托单位,I20231570,Peking University,exact,77618.14,https://ror.org/02v51f717
1029,1030,曹珍富,2002,上海交通大学,依托单位,I183067930,Shanghai Jiao Tong University,exact,99965.625,https://ror.org/0220qvk04
1030,1031,曹一家,2002,浙江大学,依托单位,I76130692,Zhejiang University,exact,86971.77,https://ror.org/00a2xv884
1031,1032,卜显和,2002,南开大学,依托单位,I205237279,Nankai University,exact,54575.492,https://ror.org/01y1kjr75
1032,1033,薄志山,2002,中国科学院化学研究所,依托单位,I4210155088,Institute of Chemistry,exact,61771.133,https://ror.org/048y1rc66
1033,1034,白海洋,2002,中国科学院物理研究所,依托单位,I4210159876,Institute of Physics,exact,48215.63,https://ror.org/05cvf7v30
1034,1035,左良,2003,东北大学,依托单位,I9224756,Northeastern University,exact,34939.227,https://ror.org/03awzbc87
1035,1036,朱祥坤,2003,中国地质科学院地质研究所,依托单位,I4210126061,Institute of Geology and Geophysics,weak,17427.86,https://ror.org/030vmwa78
1036,1037,朱俊杰,2003,南京大学,依托单位,I881766915,Nanjing University,exact,62417.22,https://ror.org/01rxvg760
1037,1038,朱军,2003,南京农业大学,依托单位,I119454577,Nanjing Agricultural University,exact,55386.867,https://ror.org/05td3s095
1038,1039,周志华,2003,南京大学,依托单位,I881766915,Nanjing University,exact,62417.22,https://ror.org/01rxvg760
1039,1040,周春生,2003,北京大学,依托单位,I20231570,Peking University,exact,77618.14,https://ror.org/02v51f717
1040,1041,郑丽敏,2003,南京大学,依托单位,I881766915,Nanjing University,exact,62417.22,https://ror.org/01rxvg760
1041,1042,郑波,2003,浙江大学,依托单位,I76130692,Zhejiang University,exact,86971.77,https://ror.org/00a2xv884
1042,1043,赵晓波,2003,清华大学,依托单位,I99065089,Tsinghua University,exact,117751.195,https://ror.org/03cve4549
1043,1044,赵景柱,2003,中国科学院生态环境研究中心,依托单位,I4210144289,Research Center for Eco-Environmental Sciences,exact,59822.87,https://ror.org/03rpsvy57
1044,1045,章梅荣,2003,清华大学,依托单位,I99065089,Tsinghua University,exact,117751.195,https://ror.org/03cve4549
1045,1046,张跃,2003,北京科技大学,依托单位,I92403157,University of Science and Technology Beijing,exact,39476.645,https://ror.org/02egmk993
1046,1047,张涛,2003,中国科学院大连化学物理研究所,依托单位,I180585399,Dalian Institute of Chemical Physics,exact,65201.16,https://ror.org/00prkya54
1047,1048,张立群,2003,中国科学院数学与系统科学研究院,依托单位,I4210120485,Academy of Mathematics and Systems Science,exact,29545.18,https://ror.org/02jkmyk67
1048,1049,张立飞,2003,北京大学,依托单位,I20231570,Peking University,exact,77618.14,https://ror.org/02v51f717
1049,1050,张化光,2003,东北大学,依托单位,I9224756,Northeastern University,exact,34939.227,https://ror.org/03awzbc87
1050,1051,张海林,2003,河北医科大学,依托单位,I111381250,Hebei Medical University,exact,29731.068,https://ror.org/04eymdx19
1051,1052,喻景权,2003,浙江大学,依托单位,I76130692,Zhejiang University,exact,86971.77,https://ror.org/00a2xv884
1052,1053,俞书宏,2003,中国科学技术大学,依托单位,I126520041,University of Science and Technology of China,exact,105356.01,https://ror.org/04c4dkn09
1053,1054,杨震,2003,北京大学,依托单位,I20231570,Peking University,exact,77618.14,https://ror.org/02v51f717
1054,1055,杨振忠,2003,中国科学院化学研究所,依托单位,I4210155088,Institute of Chemistry,exact,61771.133,https://ror.org/048y1rc66
1055,1056,杨洪全,2003,中国科学院上海生命科学研究院,依托单位,I4210106477,Shanghai Institutes for Biological Sciences,exact,56299.793,https://ror.org/011rf9d86
1056,1057,杨大平,2003,哈尔滨医科大学,依托单位,I156144747,Harbin Medical University,exact,58553.51,https://ror.org/05jscf583
1057,1058,许唯临,2003,四川大学,依托单位,I24185976,Sichuan University,exact,75979.734,https://ror.org/011ashp19
1058,1059,徐湘民,2003,南方医科大学,依托单位,I58200834,Southern Medical University,exact,48235.527,https://ror.org/01vjw4z39
1059,1060,徐伟彪,2003,中国科学院紫金山天文台,依托单位,I2802340896,Purple Mountain Observatory,exact,19069.03,https://ror.org/02eb4t121
1060,1061,徐明厚,2003,华中科技大学,依托单位,I47720641,Huazhong University of Science and Technology,exact,83397.086,https://ror.org/00p991c53
1061,1062,徐飞,2003,中国科学院数学与系统科学研究院,依托单位,I4210120485,Academy of Mathematics and Systems Science,exact,29545.18,https://ror.org/02jkmyk67
1062,1063,谢维,2003,东南大学,依托单位,I76569877,Southeast University,exact,48708.32,https://ror.org/04ct4d772
1063,1064,谢胜利,2003,华南理工大学,依托单位,I90610280,South China University of Technology,exact,65632.69,https://ror.org/0530pts50
1064,1065,谢旗,2003,中国科学院遗传与发育生物学研究所,依托单位,I4210124606,Institute of Genetics and Developmental Biology,weak,57183.465,https://ror.org/02aee5m12
1065,1066,夏佳文,2003,中国科学院近代物理研究所,依托单位,I4210131271,Institute of Modern Physics,exact,38394.246,https://ror.org/03x8rhq63
1066,1067,郄秀书,2003,中国科学院大气物理研究所,依托单位,I4210152758,Institute of Atmospheric Physics,exact,35263.035,https://ror.org/0424h4e32
1067,1068,吴玉章,2003,中国人民解放军第三军医大学,依托单位,I151075929,Army Medical University,exact,85157.16,https://ror.org/05w21nn13
1068,1069,吴文彬,2003,中国科学技术大学,依托单位,I126520041,University of Science and Technology of China,exact,105356.01,https://ror.org/04c4dkn09
1069,1070,吴仁彪,2003,中国民航大学,依托单位,I28813325,Civil Aviation University of China,exact,9571.603,https://ror.org/03je71k37
1070,1071,吴林志,2003,哈尔滨工业大学,依托单位,I204983213,Harbin Institute of Technology,exact,115718.28,https://ror.org/01yqg2h08
1071,1072,吴福元,2003,中国科学院地质与地球物理研究所,依托单位,I4210126061,Institute of Geology and Geophysics,exact,56218.027,https://ror.org/030vmwa78
1072,1073,吴爱祥,2003,北京科技大学,依托单位,I92403157,University of Science and Technology Beijing,exact,39476.645,https://ror.org/02egmk993
1073,1074,王智彪,2003,重庆医科大学,依托单位,I87780372,Chongqing Medical University,exact,39973.676,https://ror.org/017z00e58
1074,1075,王晓茹,2003,中国科学院植物研究所,依托单位,I4210158097,Institute of Botany,exact,42323.688,https://ror.org/05hr3ch11
1075,1076,王文,2003,中国科学院昆明动物研究所,依托单位,I18489884,Kunming Institute of Zoology,exact,36663.89,https://ror.org/03m0vk445
1076,1077,王强华,2003,南京大学,依托单位,I881766915,Nanjing University,exact,62417.22,https://ror.org/01rxvg760
1077,1078,王晋辉,2003,中国科学院生物物理研究所,依托单位,I4210112540,Institute of Biophysics,exact,43632.348,https://ror.org/01tyv8576
1078,1079,王建民,2003,中国科学院高能物理研究所,依托单位,I4210137180,Institute of High Energy Physics,exact,107211.8,https://ror.org/03v8tnc06
1079,1080,王建龙,2003,清华大学,依托单位,I99065089,Tsinghua University,exact,117751.195,https://ror.org/03cve4549
1080,1081,王慧田,2003,南京大学,依托单位,I881766915,Nanjing University,exact,62417.22,https://ror.org/01rxvg760
1081,1082,王海,2003,山西大学,依托单位,I181877577,Shanxi University,exact,20819.03,https://ror.org/03y3e3s17
1082,1083,王赤,2003,中国科学院国家空间科学中心,依托单位,I4210115570,National Space Science Center,exact,12985.159,https://ror.org/02nnjtm50
1083,1084,宛新华,2003,北京大学,依托单位,I20231570,Peking University,exact,77618.14,https://ror.org/02v51f717
1084,1085,童金南,2003,中国地质大学(武汉),依托单位,I3124059619,China University of Geosciences,override,,
1085,1086,陶绪堂,2003,山东大学,依托单位,I154099455,Shandong University,exact,60373.523,https://ror.org/0207yh398
1086,1087,唐颐,2003,复旦大学,依托单位,I24943067,Fudan University,exact,92511.14,https://ror.org/013q1eq08
1087,1088,唐红,2003,四川大学,依托单位,I24185976,Sichuan University,exact,75979.734,https://ror.org/011ashp19
1088,1089,汤善健,2003,复旦大学,依托单位,I24943067,Fudan University,exact,92511.14,https://ror.org/013q1eq08
1089,1090,谭天伟,2003,北京化工大学,依托单位,I75390827,Beijing University of Chemical Technology,exact,44476.082,https://ror.org/00df5yc52
1090,1091,覃重军,2003,中国科学院上海生命科学研究院,依托单位,I4210106477,Shanghai Institutes for Biological Sciences,exact,56299.793,https://ror.org/011rf9d86
1091,1092,谈哲敏,2003,南京大学,依托单位,I881766915,Nanjing University,exact,62417.22,https://ror.org/01rxvg760
1092,1093,孙立军,2003,同济大学,依托单位,I116953780,Tongji University,exact,50689.016,https://ror.org/03rc6as71
1093,1094,孙兵,2003,中国科学院上海生命科学研究院,依托单位,I4210106477,Shanghai Institutes for Biological Sciences,exact,56299.793,https://ror.org/011rf9d86
1094,1095,苏晓东,2003,北京大学,依托单位,I20231570,Peking University,exact,77618.14,https://ror.org/02v51f717
1095,1096,石碧,2003,四川大学,依托单位,I24185976,Sichuan University,exact,75979.734,https://ror.org/011ashp19
1096,1097,沈月毛,2003,中国科学院昆明植物研究所,依托单位,I13850615,Kunming Institute of Botany,exact,25411.791,https://ror.org/02e5hx313
1097,1098,沈建忠,2003,中国农业大学,依托单位,I52158045,China Agricultural University,exact,58946.74,https://ror.org/04v3ywz14
1098,1099,沈波,2003,北京大学,依托单位,I20231570,Peking University,exact,77618.14,https://ror.org/02v51f717
1099,1100,邵学广,2003,南开大学,依托单位,I205237279,Nankai University,exact,54575.492,https://ror.org/01y1kjr75
1100,1101,任劲松,2003,中国科学院长春应用化学研究所,依托单位,I4210092888,Changchun Institute of Applied Chemistry,exact,82828.11,https://ror.org/00h52n341
1101,1102,任海云,2003,北京师范大学,依托单位,I25254941,Beijing Normal University,exact,57501.61,https://ror.org/022k4wk35
1102,1103,邱勇,2003,清华大学,依托单位,I99065089,Tsinghua University,exact,117751.195,https://ror.org/03cve4549
1103,1104,卿凤翎,2003,东华大学,依托单位,I181326427,Donghua University,exact,28040.521,https://ror.org/035psfh38
1104,1105,钦伦秀,2003,复旦大学,依托单位,I24943067,Fudan University,exact,92511.14,https://ror.org/013q1eq08
1105,1106,齐利民,2003,北京大学,依托单位,I20231570,Peking University,exact,77618.14,https://ror.org/02v51f717
1106,1107,彭联刚,2003,四川大学,依托单位,I24185976,Sichuan University,exact,75979.734,https://ror.org/011ashp19
1107,1108,潘永信,2003,中国科学院地质与地球物理研究所,依托单位,I4210126061,Institute of Geology and Geophysics,exact,56218.027,https://ror.org/030vmwa78
1108,1109,潘峰,2003,清华大学,依托单位,I99065089,Tsinghua University,exact,117751.195,https://ror.org/03cve4549
1109,1110,孟光,2003,上海交通大学,依托单位,I183067930,Shanghai Jiao Tong University,exact,99965.625,https://ror.org/0220qvk04
1110,1111,马秀良,2003,中国科学院金属研究所,依托单位,I4210126304,Institute of Metal Research,override,,
1111,1112,马东阁,2003,中国科学院长春应用化学研究所,依托单位,I4210092888,Changchun Institute of Applied Chemistry,exact,82828.11,https://ror.org/00h52n341
1112,1113,麻彤辉,2003,东北师范大学,依托单位,I184983240,Northeast Normal University,exact,38794.863,https://ror.org/02rkvz144
1113,1114,吕厚远,2003,中国科学院地质与地球物理研究所,依托单位,I4210126061,Institute of Geology and Geophysics,exact,56218.027,https://ror.org/030vmwa78
1114,1115,罗跃嘉,2003,中国科学院心理研究所,依托单位,I4210131870,"Institute of Psychology, Chinese Academy of Sciences",exact,16111.238,https://ror.org/03j7v5j15
1115,1116,罗德海,2003,中国海洋大学,依托单位,I59028903,Ocean University of China,exact,39370.42,https://ror.org/04rdtx186
1116,1117,鹿化煜,2003,南京大学,依托单位,I881766915,Nanjing University,exact,62417.22,https://ror.org/01rxvg760
1117,1118,龙桂鲁,2003,清华大学,依托单位,I99065089,Tsinghua University,exact,117751.195,https://ror.org/03cve4549
1118,1119,柳彬,2003,北京大学,依托单位,I20231570,Peking University,exact,77618.14,https://ror.org/02v51f717
1119,1120,刘晓为,2003,北京大学,依托单位,I20231570,Peking University,exact,77618.14,https://ror.org/02v51f717
1120,1121,刘日平,2003,燕山大学,依托单位,I39333907,Yanshan University,exact,27737.867,https://ror.org/02txfnf15
1121,1122,刘静,2003,中国科学院理化技术研究所,依托单位,I4210140689,Technical Institute of Physics and Chemistry,exact,36806.484,https://ror.org/04akaak77
1122,1123,刘建新,2003,浙江大学,依托单位,I76130692,Zhejiang University,exact,86971.77,https://ror.org/00a2xv884
1123,1124,刘嘉,2003,中国科学院大学,依托单位,I4210165038,University of Chinese Academy of Sciences,exact,106045.85,https://ror.org/05qbk4x57
1124,1125,李元元,2003,华南理工大学,依托单位,I90610280,South China University of Technology,exact,65632.69,https://ror.org/0530pts50
1125,1126,李显春,2003,南京农业大学,依托单位,I119454577,Nanjing Agricultural University,exact,55386.867,https://ror.org/05td3s095
1126,1127,李树深,2003,中国科学院半导体研究所,依托单位,I4210149211,Institute of Semiconductors,exact,44368.86,https://ror.org/048dd0611
1127,1128,李萍,2003,中国药科大学,依托单位,I161716053,China Pharmaceutical University,exact,41004.957,https://ror.org/01sfm2718
1128,1129,李明,2003,中国科学院物理研究所,依托单位,I4210159876,Institute of Physics,exact,48215.63,https://ror.org/05cvf7v30
1129,1130,李林,2003,中国科学院化学研究所,依托单位,I4210155088,Institute of Chemistry,exact,61771.133,https://ror.org/048y1rc66
1130,1131,李敬锋,2003,清华大学,依托单位,I99065089,Tsinghua University,exact,117751.195,https://ror.org/03cve4549
1131,1132,李建平,2003,中国科学院大气物理研究所,依托单位,I4210152758,Institute of Atmospheric Physics,exact,35263.035,https://ror.org/0424h4e32
1132,1133,李华军,2003,中国海洋大学,依托单位,I59028903,Ocean University of China,exact,39370.42,https://ror.org/04rdtx186
1133,1134,李大伟,2003,中国农业大学,依托单位,I52158045,China Agricultural University,exact,58946.74,https://ror.org/04v3ywz14
1134,1135,李超忠,2003,中国科学院上海有机化学研究所,依托单位,I4210112946,Shanghai Institute of Organic Chemistry,exact,54384.883,https://ror.org/01y3hvq34
1135,1136,李昂生,2003,中国科学院软件研究所,依托单位,I4210128818,Institute of Software,exact,19554.662,https://ror.org/033dfsn42
1136,1137,匡乐满,2003,湖南师范大学,依托单位,I173759888,Hunan Normal University,exact,29892.857,https://ror.org/053w1zy07
1137,1138,鞠煥先,2003,南京大学,依托单位,I881766915,Nanjing University,exact,62417.22,https://ror.org/01rxvg760
1138,1139,金长文,2003,北京大学,依托单位,I20231570,Peking University,exact,77618.14,https://ror.org/02v51f717
1139,1140,蒋新,2003,中国科学院南京土壤研究所,依托单位,I4210165559,Institute of Soil Science,exact,46187.836,https://ror.org/05nj8ma95
1140,1141,蒋建新,2003,中国人民解放军第三军医大学,依托单位,I151075929,Army Medical University,exact,85157.16,https://ror.org/05w21nn13
1141,1142,姜胜耀,2003,清华大学,依托单位,I99065089,Tsinghua University,exact,117751.195,https://ror.org/03cve4549
1142,1143,姜明,2003,北京大学,依托单位,I20231570,Peking University,exact,77618.14,https://ror.org/02v51f717
1143,1144,姜建壮,2003,山东大学,依托单位,I154099455,Shandong University,exact,60373.523,https://ror.org/0207yh398
1144,1145,贾金锋,2003,中国科学院物理研究所,依托单位,I4210159876,Institute of Physics,exact,48215.63,https://ror.org/05cvf7v30
1145,1146,纪越峰,2003,北京邮电大学,依托单位,I139759216,Beijing University of Posts and Telecommunications,exact,39428.2,https://ror.org/04w9fbh59
1146,1147,黄熙,2003,四川大学,依托单位,I24185976,Sichuan University,exact,75979.734,https://ror.org/011ashp19
1147,1148,黄维,2003,南京邮电大学,依托单位,I41198531,Nanjing University of Posts and Telecommunications,exact,27232.783,https://ror.org/043bpky34
1148,1149,黄庆安,2003,东南大学,依托单位,I76569877,Southeast University,exact,48708.32,https://ror.org/04ct4d772
1149,1150,黄倩,2003,上海交通大学,依托单位,I183067930,Shanghai Jiao Tong University,exact,99965.625,https://ror.org/0220qvk04
1150,1151,黄继武,2003,中山大学,依托单位,I157773358,Sun Yat-sen University,exact,72368.62,https://ror.org/0064kty71
1151,1152,胡伟武,2003,中国科学院计算技术研究所,依托单位,I4210090176,Institute of Computing Technology,exact,35008.836,https://ror.org/0090r4d87
1152,1153,胡瑞法,2003,中国科学院地理科学与资源研究所,依托单位,I4210160793,Institute of Geographic Sciences and Natural Resources Research,exact,58468.53,https://ror.org/04t1cdb72
1153,1154,胡更开,2003,北京理工大学,依托单位,I125839683,Beijing Institute of Technology,exact,60847.0,https://ror.org/01skt4w74
1154,1155,何建国,2003,中山大学,依托单位,I157773358,Sun Yat-sen University,exact,72368.62,https://ror.org/0064kty71
1155,1156,何国威,2003,中国科学院力学研究所,依托单位,I4210157653,Institute of Mechanics,exact,22921.729,https://ror.org/057jnjd73
1156,1157,何成,2003,中国人民解放军第二军医大学,依托单位,I177933477,Second Military Medical University,exact,61741.094,https://ror.org/04tavpn47
1157,1158,韩秀峰,2003,中国科学院物理研究所,依托单位,I4210159876,Institute of Physics,exact,48215.63,https://ror.org/05cvf7v30
1158,1159,韩斌,2003,中国科学院上海生命科学研究院,依托单位,I4210106477,Shanghai Institutes for Biological Sciences,exact,56299.793,https://ror.org/011rf9d86
1159,1160,郭顺星,2003,中国医学科学院,依托单位,I200296433,Chinese Academy of Medical Sciences & Peking Union Medical College,exact,67015.46,https://ror.org/02drdmm93
1160,1161,郭东明,2003,大连理工大学,依托单位,I27357992,Dalian University of Technology,exact,64610.99,https://ror.org/023hj5876
1161,1162,郭宝珠,2003,中国科学院数学与系统科学研究院,依托单位,I4210120485,Academy of Mathematics and Systems Science,exact,29545.18,https://ror.org/02jkmyk67
1162,1163,古洁若,2003,中山大学,依托单位,I157773358,Sun Yat-sen University,exact,72368.62,https://ror.org/0064kty71
1163,1164,龚流柱,2003,中国科学技术大学,依托单位,I126520041,University of Science and Technology of China,exact,105356.01,https://ror.org/04c4dkn09
1164,1165,冯夏庭,2003,中国科学院武汉岩土力学研究所,依托单位,I4210140379,Institute of Rock and Soil Mechanics,exact,21185.805,https://ror.org/0366c6s65
1165,1166,冯吉才,2003,哈尔滨工业大学,依托单位,I204983213,Harbin Institute of Technology,exact,115718.28,https://ror.org/01yqg2h08
1166,1167,方盛国,2003,浙江大学,依托单位,I76130692,Zhejiang University,exact,86971.77,https://ror.org/00a2xv884
1167,1168,方红卫,2003,清华大学,依托单位,I99065089,Tsinghua University,exact,117751.195,https://ror.org/03cve4549
1168,1169,范青华,2003,中国科学院化学研究所,依托单位,I4210155088,Institute of Chemistry,exact,61771.133,https://ror.org/048y1rc66
1169,1170,段文晖,2003,清华大学,依托单位,I99065089,Tsinghua University,exact,117751.195,https://ror.org/03cve4549
1170,1171,杜修力,2003,北京工业大学,依托单位,I37796252,Beijing University of Technology,exact,32980.96,https://ror.org/037b1pp87
1171,1172,邓晓华,2003,武汉大学,依托单位,I37461747,Wuhan University,exact,84484.22,https://ror.org/033vjfk17
1172,1173,崔翔,2003,华北电力大学(保定),依托单位,I153473198,North China Electric Power University,exact,38219.625,https://ror.org/04qr5t414
1173,1174,崔胜,2003,中国农业大学,依托单位,I52158045,China Agricultural University,exact,58946.74,https://ror.org/04v3ywz14
1174,1175,储富祥,2003,中国林业科学研究院,依托单位,I4210128615,Chinese Academy of Forestry,exact,27164.004,https://ror.org/0360dkv71
1175,1176,程祝宽,2003,中国科学院遗传与发育生物学研究所,依托单位,I4210124606,Institute of Genetics and Developmental Biology,weak,57183.465,https://ror.org/02aee5m12
1176,1177,陈增敬,2003,山东大学,依托单位,I154099455,Shandong University,exact,60373.523,https://ror.org/0207yh398
1177,1178,陈新文,2003,中国科学院武汉病毒研究所,依托单位,I4210106882,Wuhan Institute of Virology,exact,41861.137,https://ror.org/01jxjav08
1178,1179,陈晓松,2003,中国科学院理论物理研究所,依托单位,I4210125404,Institute of Theoretical Physics,exact,35358.984,https://ror.org/02xtbq882
1179,1180,陈同斌,2003,中国科学院地理科学与资源研究所,依托单位,I4210160793,Institute of Geographic Sciences and Natural Resources Research,exact,58468.53,https://ror.org/04t1cdb72
1180,1181,陈如山,2003,南京理工大学,依托单位,I36399199,Nanjing University of Science and Technology,exact,37372.695,https://ror.org/00xp9wg62
1181,1182,陈佺,2003,中国科学院动物研究所,依托单位,I4210167311,Institute of Zoology,exact,34200.504,https://ror.org/05skxkv18
1182,1183,陈立东,2003,中国科学院上海硅酸盐研究所,依托单位,I4210163874,Shanghai Institute of Ceramics,exact,59467.965,https://ror.org/05etnz140
1183,1184,陈军,2003,中国人民解放军第四军医大学,依托单位,,,none,,
1184,1185,陈军,2003,南开大学,依托单位,I205237279,Nankai University,exact,54575.492,https://ror.org/01y1kjr75
1185,1186,陈建峰,2003,北京化工大学,依托单位,I75390827,Beijing University of Chemical Technology,exact,44476.082,https://ror.org/00df5yc52
1186,1187,曹新伍,2003,中国科学院上海天文台,依托单位,I2799714274,Shanghai Astronomical Observatory,exact,22856.205,https://ror.org/003n8re58
1187,1188,曹晓风,2003,中国科学院遗传与发育生物学研究所,依托单位,I4210124606,Institute of Genetics and Developmental Biology,weak,57183.465,https://ror.org/02aee5m12
1188,1189,曹荣,2003,中国科学院福建物质结构研究所,依托单位,I4210119098,Fujian Institute of Research on the Structure of Matter,exact,59134.61,https://ror.org/02j89k719
1189,1190,蔡荣根,2003,中国科学院理论物理研究所,依托单位,I4210125404,Institute of Theoretical Physics,exact,35358.984,https://ror.org/02xtbq882
1190,1191,毕锋,2003,四川大学,依托单位,I24185976,Sichuan University,exact,75979.734,https://ror.org/011ashp19
1191,1192,鲍岚,2003,中国科学院上海生命科学研究院,依托单位,I4210106477,Shanghai Institutes for Biological Sciences,exact,56299.793,https://ror.org/011rf9d86
1192,1193,朱小华,2004,北京大学,依托单位,I20231570,Peking University,exact,77618.14,https://ror.org/02v51f717
1193,1194,朱卫国,2004,北京大学,依托单位,I20231570,Peking University,exact,77618.14,https://ror.org/02v51f717
1194,1195,周翔,2004,武汉大学,依托单位,I37461747,Wuhan University,exact,84484.22,https://ror.org/033vjfk17
1195,1196,周坚,2004,清华大学,依托单位,I99065089,Tsinghua University,exact,117751.195,https://ror.org/03cve4549
1196,1197,周济,2004,清华大学,依托单位,I99065089,Tsinghua University,exact,117751.195,https://ror.org/03cve4549
1197,1198,周爱辉,2004,中国科学院数学与系统科学研究院,依托单位,I4210120485,Academy of Mathematics and Systems Science,exact,29545.18,https://ror.org/02jkmyk67
1198,1199,郑循华,2004,中国科学院大气物理研究所,依托单位,I4210152758,Institute of Atmospheric Physics,exact,35263.035,https://ror.org/0424h4e32
1199,1200,郑利民,2004,中山大学,依托单位,I157773358,Sun Yat-sen University,exact,72368.62,https://ror.org/0064kty71
1200,1201,郑建平,2004,中国地质大学(武汉),依托单位,I3124059619,China University of Geosciences,override,,
1201,1202,赵勇,2004,中国科学院动物研究所,依托单位,I4210167311,Institute of Zoology,exact,34200.504,https://ror.org/05skxkv18
1202,1203,赵永刚,2004,清华大学,依托单位,I99065089,Tsinghua University,exact,117751.195,https://ror.org/03cve4549
1203,1204,赵国群,2004,山东大学,依托单位,I154099455,Shandong University,exact,60373.523,https://ror.org/0207yh398
1204,1205,张玉秋,2004,复旦大学,依托单位,I24943067,Fudan University,exact,92511.14,https://ror.org/013q1eq08
1205,1206,张伟,2004,北京工业大学,依托单位,I37796252,Beijing University of Technology,exact,32980.96,https://ror.org/037b1pp87
1206,1207,张力,2004,云南大学,依托单位,I189210763,Yunnan University,exact,21871.463,https://ror.org/0040axw97
1207,1208,张建,2004,中国科学院遗传与发育生物学研究所,依托单位,I4210124606,Institute of Genetics and Developmental Biology,weak,57183.465,https://ror.org/02aee5m12
1208,1209,张怀武,2004,电子科技大学,依托单位,I150229711,University of Electronic Science and Technology of China,exact,50616.445,https://ror.org/04qr3zq92
1209,1210,曾嵘,2004,中国科学院上海生命科学研究院,依托单位,I4210106477,Shanghai Institutes for Biological Sciences,exact,56299.793,https://ror.org/011rf9d86
1210,1211,曾光明,2004,湖南大学,依托单位,I16609230,Hunan University,exact,52153.906,https://ror.org/05htk5m33
1211,1212,袁正宏,2004,复旦大学,依托单位,I24943067,Fudan University,exact,92511.14,https://ror.org/013q1eq08
1212,1213,元英进,2004,天津大学,依托单位,I162868743,Tianjin University,exact,61022.258,https://ror.org/012tb2g32
1213,1214,于晓方,2004,浙江大学,依托单位,I76130692,Zhejiang University,exact,86971.77,https://ror.org/00a2xv884
1214,1215,姚祝军,2004,中国科学院上海有机化学研究所,依托单位,I4210112946,Shanghai Institute of Organic Chemistry,exact,54384.883,https://ror.org/01y3hvq34
1215,1216,杨修群,2004,南京大学,依托单位,I881766915,Nanjing University,exact,62417.22,https://ror.org/01rxvg760
1216,1217,杨晓光,2004,中国科学院数学与系统科学研究院,依托单位,I4210120485,Academy of Mathematics and Systems Science,exact,29545.18,https://ror.org/02jkmyk67
1217,1218,杨小平,2004,中国科学院地质与地球物理研究所,依托单位,I4210126061,Institute of Geology and Geophysics,exact,56218.027,https://ror.org/030vmwa78
1218,1219,杨维才,2004,中国科学院遗传与发育生物学研究所,依托单位,I4210124606,Institute of Genetics and Developmental Biology,weak,57183.465,https://ror.org/02aee5m12
1219,1220,杨华勇,2004,浙江大学,依托单位,I76130692,Zhejiang University,exact,86971.77,https://ror.org/00a2xv884
1220,1221,杨大春,2004,北京师范大学,依托单位,I25254941,Beijing Normal University,exact,57501.61,https://ror.org/022k4wk35
1221,1222,闫寿科,2004,中国科学院化学研究所,依托单位,I4210155088,Institute of Chemistry,exact,61771.133,https://ror.org/048y1rc66
1222,1223,薛红卫,2004,中国科学院上海生命科学研究院,依托单位,I4210106477,Shanghai Institutes for Biological Sciences,exact,56299.793,https://ror.org/011rf9d86
1223,1224,许继峰,2004,中国科学院广州地球化学研究所,依托单位,I3018690959,Guangzhou Institute of Geochemistry,exact,46284.484,https://ror.org/0356cst02
1224,1225,许国旺,2004,中国科学院大连化学物理研究所,依托单位,I180585399,Dalian Institute of Chemical Physics,exact,65201.16,https://ror.org/00prkya54
1225,1226,徐骏,2004,南京大学,依托单位,I881766915,Nanjing University,exact,62417.22,https://ror.org/01rxvg760
1226,1227,徐军,2004,中国科学院上海硅酸盐研究所,依托单位,I4210163874,Shanghai Institute of Ceramics,exact,59467.965,https://ror.org/05etnz140
1227,1228,徐玖平,2004,四川大学,依托单位,I24185976,Sichuan University,exact,75979.734,https://ror.org/011ashp19
1228,1229,徐建明,2004,浙江大学,依托单位,I76130692,Zhejiang University,exact,86971.77,https://ror.org/00a2xv884
1229,1230,徐坚,2004,中国科学院化学研究所,依托单位,I4210155088,Institute of Chemistry,exact,61771.133,https://ror.org/048y1rc66
1230,1231,徐宝文,2004,东南大学,依托单位,I76569877,Southeast University,exact,48708.32,https://ror.org/04ct4d772
1231,1232,邢志忠,2004,中国科学院高能物理研究所,依托单位,I4210137180,Institute of High Energy Physics,exact,107211.8,https://ror.org/03v8tnc06
1232,1233,向东,2004,清华大学,依托单位,I99065089,Tsinghua University,exact,117751.195,https://ror.org/03cve4549
1233,1234,武培怡,2004,复旦大学,依托单位,I24943067,Fudan University,exact,92511.14,https://ror.org/013q1eq08
1234,1235,吴乔,2004,厦门大学,依托单位,I191208505,Xiamen University,exact,63183.082,https://ror.org/00mcjh785
1235,1236,吴敏,2004,中南大学,依托单位,I139660479,Central South University,exact,66159.63,https://ror.org/00f1zfq44
1236,1237,吴嘉炜,2004,清华大学,依托单位,I99065089,Tsinghua University,exact,117751.195,https://ror.org/03cve4549
1237,1238,吴德金,2004,中国科学院紫金山天文台,依托单位,I2802340896,Purple Mountain Observatory,exact,19069.03,https://ror.org/02eb4t121
1238,1239,翁旭初,2004,中国科学院心理研究所,依托单位,I4210131870,"Institute of Psychology, Chinese Academy of Sciences",exact,16111.238,https://ror.org/03j7v5j15
1239,1240,文富强,2004,四川大学,依托单位,I24185976,Sichuan University,exact,75979.734,https://ror.org/011ashp19
1240,1241,魏一鸣,2004,中国科学院科技战略咨询研究院,依托单位,I4210116191,Institutes of Science and Development,exact,15601.18,https://ror.org/02ce9qs13
1241,1242,王振林,2004,南京大学,依托单位,I881766915,Nanjing University,exact,62417.22,https://ror.org/01rxvg760
1242,1243,王焰新,2004,中国地质大学(武汉),依托单位,I3124059619,China University of Geosciences,override,,
1243,1244,王孝群,2004,中国科学院理论物理研究所,依托单位,I4210125404,Institute of Theoretical Physics,exact,35358.984,https://ror.org/02xtbq882
1244,1245,王习东,2004,北京大学,依托单位,I20231570,Peking University,exact,77618.14,https://ror.org/02v51f717
1245,1246,王世强,2004,北京大学,依托单位,I20231570,Peking University,exact,77618.14,https://ror.org/02v51f717
1246,1247,王少杰,2004,中国科学院合肥物质科学研究院,依托单位,I2802624667,Hefei Institutes of Physical Science,exact,31531.92,https://ror.org/046n57345
1247,1248,王晋军,2004,北京航空航天大学,依托单位,I82880672,Beihang University,exact,82779.67,https://ror.org/00wk2mp56
1248,1249,王鸿飞,2004,中国科学院化学研究所,依托单位,I4210155088,Institute of Chemistry,exact,61771.133,https://ror.org/048y1rc66
1249,1250,汪小全,2004,中国科学院植物研究所,依托单位,I4210158097,Institute of Botany,exact,42323.688,https://ror.org/05hr3ch11
1250,1251,汪联辉,2004,复旦大学,依托单位,I24943067,Fudan University,exact,92511.14,https://ror.org/013q1eq08
1251,1252,童利民,2004,浙江大学,依托单位,I76130692,Zhejiang University,exact,86971.77,https://ror.org/00a2xv884
1252,1253,田玉平,2004,东南大学,依托单位,I76569877,Southeast University,exact,48708.32,https://ror.org/04ct4d772
1253,1254,唐立新,2004,东北大学,依托单位,I9224756,Northeastern University,exact,34939.227,https://ror.org/03awzbc87
1254,1255,唐功利,2004,中国科学院上海有机化学研究所,依托单位,I4210112946,Shanghai Institute of Organic Chemistry,exact,54384.883,https://ror.org/01y3hvq34
1255,1256,孙智伟,2004,南京大学,依托单位,I881766915,Nanjing University,exact,62417.22,https://ror.org/01rxvg760
1256,1257,孙旭东,2004,东北大学,依托单位,I9224756,Northeastern University,exact,34939.227,https://ror.org/03awzbc87
1257,1258,孙为银,2004,南京大学,依托单位,I881766915,Nanjing University,exact,62417.22,https://ror.org/01rxvg760
1258,1259,宋金宝,2004,中国科学院海洋研究所,依托单位,I4210101167,Institute of Oceanology,exact,45453.11,https://ror.org/018yw5541
1259,1260,帅志刚,2004,中国科学院化学研究所,依托单位,I4210155088,Institute of Chemistry,exact,61771.133,https://ror.org/048y1rc66
1260,1261,史培军,2004,北京师范大学,依托单位,I25254941,Beijing Normal University,exact,57501.61,https://ror.org/022k4wk35
1261,1262,盛政明,2004,中国科学院物理研究所,依托单位,I4210159876,Institute of Physics,exact,48215.63,https://ror.org/05cvf7v30
1262,1263,沈志成,2004,浙江大学,依托单位,I76130692,Zhejiang University,exact,86971.77,https://ror.org/00a2xv884
1263,1264,沈洪兵,2004,南京医科大学,依托单位,I83519826,Nanjing Medical University,exact,46681.355,https://ror.org/059gcgy73
1264,1265,沙家豪,2004,南京医科大学,依托单位,I83519826,Nanjing Medical University,exact,46681.355,https://ror.org/059gcgy73
1265,1266,曲福田,2004,南京农业大学,依托单位,I119454577,Nanjing Agricultural University,exact,55386.867,https://ror.org/05td3s095
1266,1267,邱志平,2004,北京航空航天大学,依托单位,I82880672,Beihang University,exact,82779.67,https://ror.org/00wk2mp56
1267,1268,钱前,2004,中国水稻研究所,依托单位,I4210160522,China National Rice Research Institute,exact,23178.178,https://ror.org/05szcn205
1268,1269,裴坚,2004,北京大学,依托单位,I20231570,Peking University,exact,77618.14,https://ror.org/02v51f717
1269,1270,倪四道,2004,中国科学技术大学,依托单位,I126520041,University of Science and Technology of China,exact,105356.01,https://ror.org/04c4dkn09
1270,1271,莫则尧,2004,北京应用物理与计算数学研究所,依托单位,I4210145278,Institute of Applied Physics and Computational Mathematics,exact,21201.537,https://ror.org/03sxpbt26
1271,1272,毛炳宇,2004,中国科学院昆明动物研究所,依托单位,I18489884,Kunming Institute of Zoology,exact,36663.89,https://ror.org/03m0vk445
1272,1273,吕鑫,2004,厦门大学,依托单位,I191208505,Xiamen University,exact,63183.082,https://ror.org/00mcjh785
1273,1274,罗民兴,2004,浙江大学,依托单位,I76130692,Zhejiang University,exact,86971.77,https://ror.org/00a2xv884
1274,1275,卢欣,2004,武汉大学,依托单位,I37461747,Wuhan University,exact,84484.22,https://ror.org/033vjfk17
1275,1276,卢灿忠,2004,中国科学院福建物质结构研究所,依托单位,I4210119098,Fujian Institute of Research on the Structure of Matter,exact,59134.61,https://ror.org/02j89k719
1276,1277,刘志勇,2004,中国农业大学,依托单位,I52158045,China Agricultural University,exact,58946.74,https://ror.org/04v3ywz14
1277,1278,刘芝华,2004,中国医学科学院,依托单位,I200296433,Chinese Academy of Medical Sciences & Peking Union Medical College,exact,67015.46,https://ror.org/02drdmm93
1278,1279,刘正猷,2004,武汉大学,依托单位,I37461747,Wuhan University,exact,84484.22,https://ror.org/033vjfk17
1279,1280,刘玉鑫,2004,北京大学,依托单位,I20231570,Peking University,exact,77618.14,https://ror.org/02v51f717
1280,1281,刘兴军,2004,厦门大学,依托单位,I191208505,Xiamen University,exact,63183.082,https://ror.org/00mcjh785
1281,1282,刘世勇,2004,中国科学技术大学,依托单位,I126520041,University of Science and Technology of China,exact,105356.01,https://ror.org/04c4dkn09
1282,1283,刘林华,2004,哈尔滨工业大学,依托单位,I204983213,Harbin Institute of Technology,exact,115718.28,https://ror.org/01yqg2h08
1283,1284,刘林,2004,南开大学,依托单位,I205237279,Nankai University,exact,54575.492,https://ror.org/01y1kjr75
1284,1285,刘炯天,2004,中国矿业大学,依托单位,I25757504,China University of Mining and Technology,exact,39738.82,https://ror.org/01xt2dr21
1285,1286,刘景根,2004,中国科学院上海药物研究所,依托单位,I4210112820,Shanghai Institute of Materia Medica,exact,49811.605,https://ror.org/022syn853
1286,1287,刘昌胜,2004,华东理工大学,依托单位,I143593769,East China University of Science and Technology,exact,41751.324,https://ror.org/01vyrm377
1287,1288,刘宝碇,2004,清华大学,依托单位,I99065089,Tsinghua University,exact,117751.195,https://ror.org/03cve4549
1288,1289,廖瑞金,2004,重庆大学,依托单位,I158842170,Chongqing University,exact,48851.953,https://ror.org/023rhb549
1289,1290,李忠献,2004,天津大学,依托单位,I162868743,Tianjin University,exact,61022.258,https://ror.org/012tb2g32
1290,1291,李召良,2004,中国科学院地理科学与资源研究所,依托单位,I4210160793,Institute of Geographic Sciences and Natural Resources Research,exact,58468.53,https://ror.org/04t1cdb72
1291,1292,李永丹,2004,天津大学,依托单位,I162868743,Tianjin University,exact,61022.258,https://ror.org/012tb2g32
1292,1293,李言荣,2004,电子科技大学,依托单位,I150229711,University of Electronic Science and Technology of China,exact,50616.445,https://ror.org/04qr3zq92
1293,1294,李宣东,2004,南京大学,依托单位,I881766915,Nanjing University,exact,62417.22,https://ror.org/01rxvg760
1294,1295,李新奇,2004,中国科学院半导体研究所,依托单位,I4210149211,Institute of Semiconductors,exact,44368.86,https://ror.org/048dd0611
1295,1296,李凌,2004,河海大学,依托单位,I163340411,Hohai University,exact,30510.945,https://ror.org/01wd4xt90
1296,1297,李传友,2004,中国科学院遗传与发育生物学研究所,依托单位,I4210124606,Institute of Genetics and Developmental Biology,weak,57183.465,https://ror.org/02aee5m12
1297,1298,黎占亭,2004,中国科学院上海有机化学研究所,依托单位,I4210112946,Shanghai Institute of Organic Chemistry,exact,54384.883,https://ror.org/01y3hvq34
1298,1299,金山,2004,中国科学院高能物理研究所,依托单位,I4210137180,Institute of High Energy Physics,exact,107211.8,https://ror.org/03v8tnc06
1299,1300,焦新安,2004,扬州大学,依托单位,I78978612,Yangzhou University,exact,41981.992,https://ror.org/03tqb8s11
1300,1301,蒋最敏,2004,复旦大学,依托单位,I24943067,Fudan University,exact,92511.14,https://ror.org/013q1eq08
1301,1302,蒋跃明,2004,中国科学院华南植物园,依托单位,I4210120696,South China Botanical Garden,exact,22661.066,https://ror.org/01xqdxh54
1302,1303,蒋亚东,2004,电子科技大学,依托单位,I150229711,University of Electronic Science and Technology of China,exact,50616.445,https://ror.org/04qr3zq92
1303,1304,蒋田仔,2004,中国科学院自动化研究所,依托单位,I4210112150,Institute of Automation,override,,
1304,1305,蒋建中,2004,浙江大学,依托单位,I76130692,Zhejiang University,exact,86971.77,https://ror.org/00a2xv884
1305,1306,江云宝,2004,厦门大学,依托单位,I191208505,Xiamen University,exact,63183.082,https://ror.org/00mcjh785
1306,1307,姬扬,2004,中国科学院半导体研究所,依托单位,I4210149211,Institute of Semiconductors,exact,44368.86,https://ror.org/048dd0611
1307,1308,黄路生,2004,江西农业大学,依托单位,I74837319,Jiangxi Agricultural University,exact,18492.34,https://ror.org/00dc7s858
1308,1309,黄建滨,2004,北京大学,依托单位,I20231570,Peking University,exact,77618.14,https://ror.org/02v51f717
1309,1310,黄承志,2004,西南大学,依托单位,I142108993,Southwest University,exact,34025.31,https://ror.org/01kj4z117
1310,1311,华子春,2004,南京大学,依托单位,I881766915,Nanjing University,exact,62417.22,https://ror.org/01rxvg760
1311,1312,华跃进,2004,浙江大学,依托单位,I76130692,Zhejiang University,exact,86971.77,https://ror.org/00a2xv884
1312,1313,侯增谦,2004,中国地质科学院地质研究所,依托单位,I4210126061,Institute of Geology and Geophysics,weak,17427.86,https://ror.org/030vmwa78
1313,1314,洪奕光,2004,中国科学院数学与系统科学研究院,依托单位,I4210120485,Academy of Mathematics and Systems Science,exact,29545.18,https://ror.org/02jkmyk67
1314,1315,贺泓,2004,中国科学院生态环境研究中心,依托单位,I4210144289,Research Center for Eco-Environmental Sciences,exact,59822.87,https://ror.org/03rpsvy57
1315,1316,何雅玲,2004,西安交通大学,依托单位,I87445476,Xi'an Jiaotong University,exact,70856.3,https://ror.org/017zhmm22
1316,1317,何金良,2004,清华大学,依托单位,I99065089,Tsinghua University,exact,117751.195,https://ror.org/03cve4549
1317,1318,韩泽广,2004,上海人类基因组研究中心,依托单位,,,none,,
1318,1319,韩林海,2004,清华大学,依托单位,I99065089,Tsinghua University,exact,117751.195,https://ror.org/03cve4549
1319,1320,韩骅,2004,中国人民解放军第四军医大学,依托单位,,,none,,
1320,1321,郭国聪,2004,中国科学院福建物质结构研究所,依托单位,I4210119098,Fujian Institute of Research on the Structure of Matter,exact,59134.61,https://ror.org/02j89k719
1321,1322,呙于明,2004,中国农业大学,依托单位,I52158045,China Agricultural University,exact,58946.74,https://ror.org/04v3ywz14
1322,1323,高煜,2004,中国科学院紫金山天文台,依托单位,I2802340896,Purple Mountain Observatory,exact,19069.03,https://ror.org/02eb4t121
1323,1324,高长有,2004,浙江大学,依托单位,I76130692,Zhejiang University,exact,86971.77,https://ror.org/00a2xv884
1324,1325,傅绥燕,2004,北京大学,依托单位,I20231570,Peking University,exact,77618.14,https://ror.org/02v51f717
1325,1326,方忠,2004,中国科学院物理研究所,依托单位,I4210159876,Institute of Physics,exact,48215.63,https://ror.org/05cvf7v30
1326,1327,樊菁,2004,中国科学院力学研究所,依托单位,I4210157653,Institute of Mechanics,exact,22921.729,https://ror.org/057jnjd73
1327,1328,杜勇,2004,中南大学,依托单位,I139660479,Central South University,exact,66159.63,https://ror.org/00f1zfq44
1328,1329,杜军保,2004,北京大学,依托单位,I20231570,Peking University,exact,77618.14,https://ror.org/02v51f717
1329,1330,杜江峰,2004,中国科学技术大学,依托单位,I126520041,University of Science and Technology of China,exact,105356.01,https://ror.org/04c4dkn09
1330,1331,邓风,2004,中国科学院武汉物理与数学研究所,依托单位,I4210099135,Wuhan Institute of Physics and Mathematics,exact,30681.508,https://ror.org/00zky9d41
1331,1332,戴玉成,2004,中国科学院沈阳应用生态研究所,依托单位,I4210110024,Institute of Applied Ecology,exact,32234.906,https://ror.org/01thb7525
1332,1333,褚福磊,2004,清华大学,依托单位,I99065089,Tsinghua University,exact,117751.195,https://ror.org/03cve4549
1333,1334,程鹏,2004,南开大学,依托单位,I205237279,Nankai University,exact,54575.492,https://ror.org/01y1kjr75
1334,1335,成来飞,2004,西北工业大学,依托单位,I17145004,Northwestern Polytechnical University,exact,39779.9,https://ror.org/01y0j0j86
1335,1336,陈云敏,2004,浙江大学,依托单位,I76130692,Zhejiang University,exact,86971.77,https://ror.org/00a2xv884
1336,1337,陈义汉,2004,同济大学,依托单位,I116953780,Tongji University,exact,50689.016,https://ror.org/03rc6as71
1337,1338,陈衍景,2004,中国科学院地球化学研究所,依托单位,I4210135735,Institute of Geochemistry,override,,
1338,1339,陈学思,2004,中国科学院长春应用化学研究所,依托单位,I4210092888,Changchun Institute of Applied Chemistry,exact,82828.11,https://ror.org/00h52n341
1339,1340,陈林,2004,中国人民解放军第三军医大学,依托单位,I151075929,Army Medical University,exact,85157.16,https://ror.org/05w21nn13
1340,1341,陈杰,2004,中国科学院微电子研究所,依托单位,I4210119392,Institute of Microelectronics,exact,38434.207,https://ror.org/02s6gs133
1341,1342,陈建国,2004,华中科技大学,依托单位,I47720641,Huazhong University of Science and Technology,exact,83397.086,https://ror.org/00p991c53
1342,1343,陈常青,2004,西安交通大学,依托单位,I87445476,Xi'an Jiaotong University,exact,70856.3,https://ror.org/017zhmm22
1343,1344,车顺爱,2004,上海交通大学,依托单位,I183067930,Shanghai Jiao Tong University,exact,99965.625,https://ror.org/0220qvk04
1344,1345,曹俊诚,2004,中国科学院上海微系统与信息技术研究所,依托单位,I4210147322,Shanghai Institute of Microsystem and Information Technology,exact,38266.344,https://ror.org/04nytyj38
1345,1346,曹道民,2004,中国科学院数学与系统科学研究院,依托单位,I4210120485,Academy of Mathematics and Systems Science,exact,29545.18,https://ror.org/02jkmyk67
1346,1347,蔡少青,2004,北京大学,依托单位,I20231570,Peking University,exact,77618.14,https://ror.org/02v51f717
1347,1348,邹云增,2005,复旦大学,依托单位,I24943067,Fudan University,exact,92511.14,https://ror.org/013q1eq08
1348,1349,庄越挺,2005,浙江大学,依托单位,I76130692,Zhejiang University,exact,86971.77,https://ror.org/00a2xv884
1349,1350,朱向阳,2005,上海交通大学,依托单位,I183067930,Shanghai Jiao Tong University,exact,99965.625,https://ror.org/0220qvk04
1350,1351,朱军,2005,上海交通大学,依托单位,I183067930,Shanghai Jiao Tong University,exact,99965.625,https://ror.org/0220qvk04
1351,1352,朱传界,2005,中国科学院理论物理研究所,依托单位,I4210125404,Institute of Theoretical Physics,exact,35358.984,https://ror.org/02xtbq882
1352,1353,周益春,2005,湘潭大学,依托单位,I4610292,Xiangtan University,exact,28858.244,https://ror.org/00xsfaz62
1353,1354,周兴江,2005,中国科学院物理研究所,依托单位,I4210159876,Institute of Physics,exact,48215.63,https://ror.org/05cvf7v30
1354,1355,周琪,2005,中国科学院动物研究所,依托单位,I4210167311,Institute of Zoology,exact,34200.504,https://ror.org/05skxkv18
1355,1356,周俊虎,2005,浙江大学,依托单位,I76130692,Zhejiang University,exact,86971.77,https://ror.org/00a2xv884
1356,1357,周嘉伟,2005,中国科学院上海生命科学研究院,依托单位,I4210106477,Shanghai Institutes for Biological Sciences,exact,56299.793,https://ror.org/011rf9d86
1357,1358,种康,2005,中国科学院植物研究所,依托单位,I4210158097,Institute of Botany,exact,42323.688,https://ror.org/05hr3ch11
1358,1359,钟登华,2005,天津大学,依托单位,I162868743,Tianjin University,exact,61022.258,https://ror.org/012tb2g32
1359,1360,郑伟涛,2005,吉林大学,依托单位,I194450716,Jilin University,exact,67529.51,https://ror.org/00js3aw79
1360,1361,赵宇亮,2005,中国科学院高能物理研究所,依托单位,I4210137180,Institute of High Energy Physics,exact,107211.8,https://ror.org/03v8tnc06
1361,1362,赵勇,2005,西南交通大学,依托单位,I4800084,Southwest Jiaotong University,exact,43900.805,https://ror.org/00hn7w693
1362,1363,赵刚,2005,中国科学院上海有机化学研究所,依托单位,I4210112946,Shanghai Institute of Organic Chemistry,exact,54384.883,https://ror.org/01y3hvq34
1363,1364,赵春杰,2005,东南大学,依托单位,I76569877,Southeast University,exact,48708.32,https://ror.org/04ct4d772
1364,1365,章晓波,2005,国家海洋局第三海洋研究所,依托单位,,,none,,
1365,1366,张宗益,2005,重庆大学,依托单位,I158842170,Chongqing University,exact,48851.953,https://ror.org/023rhb549
1366,1367,张毓,2005,北京大学,依托单位,I20231570,Peking University,exact,77618.14,https://ror.org/02v51f717
1367,1368,张永清,2005,中国科学院遗传与发育生物学研究所,依托单位,I4210124606,Institute of Genetics and Developmental Biology,weak,57183.465,https://ror.org/02aee5m12
1368,1369,张学敏,2005,中国人民解放军军事科学院军事医学研究院,依托单位,,,none,,
1369,1370,张旭,2005,四川大学,依托单位,I24185976,Sichuan University,exact,75979.734,https://ror.org/011ashp19
1370,1371,张新宇,2005,中国科学院力学研究所,依托单位,I4210157653,Institute of Mechanics,exact,22921.729,https://ror.org/057jnjd73
1371,1372,张湘义,2005,燕山大学,依托单位,I39333907,Yanshan University,exact,27737.867,https://ror.org/02txfnf15
1372,1373,张卫平,2005,华东师范大学,依托单位,I66867065,East China Normal University,exact,47665.625,https://ror.org/02n96ep67
1373,1374,张卫华,2005,西南交通大学,依托单位,I4800084,Southwest Jiaotong University,exact,43900.805,https://ror.org/00hn7w693
1374,1375,张淑芬,2005,大连理工大学,依托单位,I27357992,Dalian University of Technology,exact,64610.99,https://ror.org/023hj5876
1375,1376,张润志,2005,中国科学院动物研究所,依托单位,I4210167311,Institute of Zoology,exact,34200.504,https://ror.org/05skxkv18
1376,1377,张平,2005,中国科学院数学与系统科学研究院,依托单位,I4210120485,Academy of Mathematics and Systems Science,exact,29545.18,https://ror.org/02jkmyk67
1377,1378,曾永平,2005,中国科学院广州地球化学研究所,依托单位,I3018690959,Guangzhou Institute of Geochemistry,exact,46284.484,https://ror.org/0356cst02
1378,1379,曾和平,2005,华东师范大学,依托单位,I66867065,East China Normal University,exact,47665.625,https://ror.org/02n96ep67
1379,1380,岳澄波,2005,中国科学院数学与系统科学研究院,依托单位,I4210120485,Academy of Mathematics and Systems Science,exact,29545.18,https://ror.org/02jkmyk67
1380,1381,苑世剑,2005,哈尔滨工业大学,依托单位,I204983213,Harbin Institute of Technology,exact,115718.28,https://ror.org/01yqg2h08
1381,1382,俞立,2005,浙江工业大学,依托单位,I55712492,Zhejiang University of Technology,exact,40744.113,https://ror.org/02djqfd08
1382,1383,于荣海,2005,清华大学,依托单位,I99065089,Tsinghua University,exact,117751.195,https://ror.org/03cve4549
1383,1384,叶旭东,2005,浙江大学,依托单位,I76130692,Zhejiang University,exact,86971.77,https://ror.org/00a2xv884
1384,1385,叶新山,2005,北京大学,依托单位,I20231570,Peking University,exact,77618.14,https://ror.org/02v51f717
1385,1386,尧德中,2005,电子科技大学,依托单位,I150229711,University of Electronic Science and Technology of China,exact,50616.445,https://ror.org/04qr3zq92
1386,1387,杨祝良,2005,中国科学院昆明植物研究所,依托单位,I13850615,Kunming Institute of Botany,exact,25411.791,https://ror.org/02e5hx313
1387,1388,杨学明,2005,中国科学院大连化学物理研究所,依托单位,I180585399,Dalian Institute of Chemical Physics,exact,65201.16,https://ror.org/00prkya54
1388,1389,杨瑞馥,2005,中国人民解放军军事科学院军事医学研究院,依托单位,,,none,,
1389,1390,杨荣华,2005,湖南大学,依托单位,I16609230,Hunan University,exact,52153.906,https://ror.org/05htk5m33
1390,1391,杨敏,2005,中国科学院生态环境研究中心,依托单位,I4210144289,Research Center for Eco-Environmental Sciences,exact,59822.87,https://ror.org/03rpsvy57
1391,1392,杨国伟,2005,中山大学,依托单位,I157773358,Sun Yat-sen University,exact,72368.62,https://ror.org/0064kty71
1392,1393,杨桂朋,2005,中国海洋大学,依托单位,I59028903,Ocean University of China,exact,39370.42,https://ror.org/04rdtx186
1393,1394,许宜铭,2005,浙江大学,依托单位,I76130692,Zhejiang University,exact,86971.77,https://ror.org/00a2xv884
1394,1395,许甫荣,2005,北京大学,依托单位,I20231570,Peking University,exact,77618.14,https://ror.org/02v51f717
1395,1396,徐寅峰,2005,西安交通大学,依托单位,I87445476,Xi'an Jiaotong University,exact,70856.3,https://ror.org/017zhmm22
1396,1397,徐信忠,2005,北京大学,依托单位,I20231570,Peking University,exact,77618.14,https://ror.org/02v51f717
1397,1398,徐昕,2005,厦门大学,依托单位,I191208505,Xiamen University,exact,63183.082,https://ror.org/00mcjh785
1398,1399,徐明良,2005,扬州大学,依托单位,I78978612,Yangzhou University,exact,41981.992,https://ror.org/03tqb8s11
1399,1400,徐东升,2005,北京大学,依托单位,I20231570,Peking University,exact,77618.14,https://ror.org/02v51f717
1400,1401,徐春明,2005,中国石油大学(北京),依托单位,I4210162190,"China University of Petroleum, East China",exact,37922.176,https://ror.org/05gbn2817
1401,1402,谢素原,2005,厦门大学,依托单位,I191208505,Xiamen University,exact,63183.082,https://ror.org/00mcjh785
1402,1403,谢树成,2005,中国地质大学(武汉),依托单位,I3124059619,China University of Geosciences,override,,
1403,1404,谢康,2005,电子科技大学,依托单位,I150229711,University of Electronic Science and Technology of China,exact,50616.445,https://ror.org/04qr3zq92
1404,1405,谢道新,2005,清华大学,依托单位,I99065089,Tsinghua University,exact,117751.195,https://ror.org/03cve4549
1405,1406,肖奕,2005,华中科技大学,依托单位,I47720641,Huazhong University of Science and Technology,exact,83397.086,https://ror.org/00p991c53
1406,1407,吴钟凯,2005,中山大学,依托单位,I157773358,Sun Yat-sen University,exact,72368.62,https://ror.org/0064kty71
1407,1408,吴学兵,2005,北京大学,依托单位,I20231570,Peking University,exact,77618.14,https://ror.org/02v51f717
1408,1409,吴立新,2005,东北大学,依托单位,I9224756,Northeastern University,exact,34939.227,https://ror.org/03awzbc87
1409,1410,吴丰昌,2005,中国科学院地球化学研究所,依托单位,I4210135735,Institute of Geochemistry,override,,
1410,1411,吴朝晖,2005,浙江大学,依托单位,I76130692,Zhejiang University,exact,86971.77,https://ror.org/00a2xv884
1411,1412,邬堂春,2005,华中科技大学,依托单位,I47720641,Huazhong University of Science and Technology,exact,83397.086,https://ror.org/00p991c53
1412,1413,魏春景,2005,北京大学,依托单位,I20231570,Peking University,exact,77618.14,https://ror.org/02v51f717
1413,1414,王跃思,2005,中国科学院大气物理研究所,依托单位,I4210152758,Institute of Atmospheric Physics,exact,35263.035,https://ror.org/0424h4e32
1414,1415,王玉忠,2005,四川大学,依托单位,I24185976,Sichuan University,exact,75979.734,https://ror.org/011ashp19
1415,1416,王学军,2005,北京大学,依托单位,I20231570,Peking University,exact,77618.14,https://ror.org/02v51f717
1416,1417,王小云,2005,山东大学,依托单位,I154099455,Shandong University,exact,60373.523,https://ror.org/0207yh398
1417,1418,王向东,2005,中国科学院南京地质古生物研究所,依托单位,I4210103797,Nanjing Institute of Geology and Paleontology,exact,22973.246,https://ror.org/019av8481
1418,1419,王田苗,2005,北京航空航天大学,依托单位,I82880672,Beihang University,exact,82779.67,https://ror.org/00wk2mp56
1419,1420,王锐,2005,兰州大学,依托单位,I76214153,Lanzhou University,exact,55239.18,https://ror.org/01mkqqe32
1420,1421,王宁练,2005,中国科学院寒区旱区环境与工程研究所,依托单位,,,none,,
1421,1422,王建祥,2005,北京大学,依托单位,I20231570,Peking University,exact,77618.14,https://ror.org/02v51f717
1422,1423,王福生,2005,中国人民解放军第三0二医院,依托单位,,,none,,
1423,1424,王斌,2005,复旦大学,依托单位,I24943067,Fudan University,exact,92511.14,https://ror.org/013q1eq08
1424,1425,汪毓明,2005,中国科学技术大学,依托单位,I126520041,University of Science and Technology of China,exact,105356.01,https://ror.org/04c4dkn09
1425,1426,汪长春,2005,复旦大学,依托单位,I24943067,Fudan University,exact,92511.14,https://ror.org/013q1eq08
1426,1427,屠鹏飞,2005,北京大学,依托单位,I20231570,Peking University,exact,77618.14,https://ror.org/02v51f717
1427,1428,童明良,2005,中山大学,依托单位,I157773358,Sun Yat-sen University,exact,72368.62,https://ror.org/0064kty71
1428,1429,唐涛,2005,中国科学院长春应用化学研究所,依托单位,I4210092888,Changchun Institute of Applied Chemistry,exact,82828.11,https://ror.org/00h52n341
1429,1430,唐世明,2005,中国科学院生物物理研究所,依托单位,I4210112540,Institute of Biophysics,exact,43632.348,https://ror.org/01tyv8576
1430,1431,孙卫东,2005,中国科学院广州地球化学研究所,依托单位,I3018690959,Guangzhou Institute of Geochemistry,exact,46284.484,https://ror.org/0356cst02
1431,1432,孙庆丰,2005,中国科学院物理研究所,依托单位,I4210159876,Institute of Physics,exact,48215.63,https://ror.org/05cvf7v30
1432,1433,孙江华,2005,中国科学院动物研究所,依托单位,I4210167311,Institute of Zoology,exact,34200.504,https://ror.org/05skxkv18
1433,1434,孙洪波,2005,吉林大学,依托单位,I194450716,Jilin University,exact,67529.51,https://ror.org/00js3aw79
1434,1435,宿兵,2005,中国科学院昆明动物研究所,依托单位,I18489884,Kunming Institute of Zoology,exact,36663.89,https://ror.org/03m0vk445
1435,1436,苏成勇,2005,中山大学,依托单位,I157773358,Sun Yat-sen University,exact,72368.62,https://ror.org/0064kty71
1436,1437,宋尔卫,2005,中山大学,依托单位,I157773358,Sun Yat-sen University,exact,72368.62,https://ror.org/0064kty71
1437,1438,沈旭,2005,中国科学院上海药物研究所,依托单位,I4210112820,Shanghai Institute of Materia Medica,exact,49811.605,https://ror.org/022syn853
1438,1439,邵正中,2005,复旦大学,依托单位,I24943067,Fudan University,exact,92511.14,https://ror.org/013q1eq08
1439,1440,荣命哲,2005,西安交通大学,依托单位,I87445476,Xi'an Jiaotong University,exact,70856.3,https://ror.org/017zhmm22
1440,1441,任秋实,2005,上海交通大学,依托单位,I183067930,Shanghai Jiao Tong University,exact,99965.625,https://ror.org/0220qvk04
1441,1442,全燮,2005,大连理工大学,依托单位,I27357992,Dalian University of Technology,exact,64610.99,https://ror.org/023hj5876
1442,1443,邱小波,2005,北京师范大学,依托单位,I25254941,Beijing Normal University,exact,57501.61,https://ror.org/022k4wk35
1443,1444,邱建荣,2005,华中科技大学,依托单位,I47720641,Huazhong University of Science and Technology,exact,83397.086,https://ror.org/00p991c53
1444,1445,谯仕彦,2005,中国农业大学,依托单位,I52158045,China Agricultural University,exact,58946.74,https://ror.org/04v3ywz14
1445,1446,聂祚仁,2005,北京工业大学,依托单位,I37796252,Beijing University of Technology,exact,32980.96,https://ror.org/037b1pp87
1446,1447,缪朝玉,2005,中国人民解放军第二军医大学,依托单位,I177933477,Second Military Medical University,exact,61741.094,https://ror.org/04tavpn47
1447,1448,苗俊刚,2005,北京航空航天大学,依托单位,I82880672,Beihang University,exact,82779.67,https://ror.org/00wk2mp56
1448,1449,孟永钢,2005,清华大学,依托单位,I99065089,Tsinghua University,exact,117751.195,https://ror.org/03cve4549
1449,1450,孟国文,2005,中国科学院合肥物质科学研究院,依托单位,I2802624667,Hefei Institutes of Physical Science,exact,31531.92,https://ror.org/046n57345
1450,1451,梅生伟,2005,清华大学,依托单位,I99065089,Tsinghua University,exact,117751.195,https://ror.org/03cve4549
1451,1452,麦碧娴,2005,中国科学院广州地球化学研究所,依托单位,I3018690959,Guangzhou Institute of Geochemistry,exact,46284.484,https://ror.org/0356cst02
1452,1453,马宗义,2005,中国科学院金属研究所,依托单位,I4210126304,Institute of Metal Research,override,,
1453,1454,马会民,2005,中国科学院化学研究所,依托单位,I4210155088,Institute of Chemistry,exact,61771.133,https://ror.org/048y1rc66
1454,1455,骆广生,2005,清华大学,依托单位,I99065089,Tsinghua University,exact,117751.195,https://ror.org/03cve4549
1455,1456,罗笑南,2005,中山大学,依托单位,I157773358,Sun Yat-sen University,exact,72368.62,https://ror.org/0064kty71
1456,1457,罗敏敏,2005,北京生命科学研究所,依托单位,I4210086405,"National Institute of Biological Sciences, Beijing",exact,27236.115,https://ror.org/00wksha49
1457,1458,陆建华,2005,清华大学,依托单位,I99065089,Tsinghua University,exact,117751.195,https://ror.org/03cve4549
1458,1459,卢建新,2005,中国科学技术大学,依托单位,I126520041,University of Science and Technology of China,exact,105356.01,https://ror.org/04c4dkn09
1459,1460,刘禹,2005,中国科学院地球环境研究所,依托单位,I4210159790,Institute of Earth Environment,exact,27424.857,https://ror.org/04nps9965
1460,1461,刘伍明,2005,中国科学院物理研究所,依托单位,I4210159876,Institute of Physics,exact,48215.63,https://ror.org/05cvf7v30
1461,1462,刘文,2005,中国科学院上海有机化学研究所,依托单位,I4210112946,Shanghai Institute of Organic Chemistry,exact,54384.883,https://ror.org/01y3hvq34
1462,1463,刘廷析,2005,上海交通大学,依托单位,I183067930,Shanghai Jiao Tong University,exact,99965.625,https://ror.org/0220qvk04
1463,1464,刘峰奇,2005,中国科学院半导体研究所,依托单位,I4210149211,Institute of Semiconductors,exact,44368.86,https://ror.org/048dd0611
1464,1465,林鹏智,2005,四川大学,依托单位,I24185976,Sichuan University,exact,75979.734,https://ror.org/011ashp19
1465,1466,廖建新,2005,北京邮电大学,依托单位,I139759216,Beijing University of Posts and Telecommunications,exact,39428.2,https://ror.org/04w9fbh59
1466,1467,梁作堂,2005,山东大学,依托单位,I154099455,Shandong University,exact,60373.523,https://ror.org/0207yh398
1467,1468,梁樑,2005,中国科学技术大学,依托单位,I126520041,University of Science and Technology of China,exact,105356.01,https://ror.org/04c4dkn09
1468,1469,梁好均,2005,中国科学技术大学,依托单位,I126520041,University of Science and Technology of China,exact,105356.01,https://ror.org/04c4dkn09
1469,1470,李志远,2005,中国科学院物理研究所,依托单位,I4210159876,Institute of Physics,exact,48215.63,https://ror.org/05cvf7v30
1470,1471,李增沪,2005,北京师范大学,依托单位,I25254941,Beijing Normal University,exact,57501.61,https://ror.org/022k4wk35
1471,1472,李悦生,2005,中国科学院长春应用化学研究所,依托单位,I4210092888,Changchun Institute of Applied Chemistry,exact,82828.11,https://ror.org/00h52n341
1472,1473,李伟固,2005,北京大学,依托单位,I20231570,Peking University,exact,77618.14,https://ror.org/02v51f717
1473,1474,李巍,2005,中国科学院遗传与发育生物学研究所,依托单位,I4210124606,Institute of Genetics and Developmental Biology,weak,57183.465,https://ror.org/02aee5m12
1474,1475,李隽,2005,清华大学,依托单位,I99065089,Tsinghua University,exact,117751.195,https://ror.org/03cve4549
1475,1476,李建新,2005,南京大学,依托单位,I881766915,Nanjing University,exact,62417.22,https://ror.org/01rxvg760
1476,1477,李惠,2005,哈尔滨工业大学,依托单位,I204983213,Harbin Institute of Technology,exact,115718.28,https://ror.org/01yqg2h08
1477,1478,李华伟,2005,复旦大学,依托单位,I24943067,Fudan University,exact,92511.14,https://ror.org/013q1eq08
1478,1479,李存标,2005,北京大学,依托单位,I20231570,Peking University,exact,77618.14,https://ror.org/02v51f717
1479,1480,李春阳,2005,中国科学院成都生物研究所,依托单位,I4210152908,Chengdu Institute of Biology,exact,25628.139,https://ror.org/04w5etv87
1480,1481,黎夏,2005,中山大学,依托单位,I157773358,Sun Yat-sen University,exact,72368.62,https://ror.org/0064kty71
1481,1482,郎建平,2005,苏州大学,依托单位,I3923682,Soochow University,exact,55506.996,https://ror.org/05t8y2r12
1482,1483,孔向阳,2005,上海交通大学,依托单位,I183067930,Shanghai Jiao Tong University,exact,99965.625,https://ror.org/0220qvk04
1483,1484,孔令义,2005,中国药科大学,依托单位,I161716053,China Pharmaceutical University,exact,41004.957,https://ror.org/01sfm2718
1484,1485,孔继烈,2005,复旦大学,依托单位,I24943067,Fudan University,exact,92511.14,https://ror.org/013q1eq08
1485,1486,黄荣峰,2005,中国农业科学院生物技术研究所,依托单位,I4210167153,Biotechnology Research Institute,exact,22736.68,https://ror.org/05vm76w92
1486,1487,黄宝春,2005,中国科学院地质与地球物理研究所,依托单位,I4210126061,Institute of Geology and Geophysics,exact,56218.027,https://ror.org/030vmwa78
1487,1488,怀进鹏,2005,北京航空航天大学,依托单位,I82880672,Beihang University,exact,82779.67,https://ror.org/00wk2mp56
1488,1489,胡征,2005,南京大学,依托单位,I881766915,Nanjing University,exact,62417.22,https://ror.org/01rxvg760
1489,1490,韩敬东,2005,中国科学院遗传与发育生物学研究所,依托单位,I4210124606,Institute of Genetics and Developmental Biology,weak,57183.465,https://ror.org/02aee5m12
1490,1491,哈木拉提·吾甫尔,2005,新疆医科大学,依托单位,I154093214,Xinjiang Medical University,exact,15352.757,https://ror.org/01p455v08
1491,1492,郭坤宇,2005,复旦大学,依托单位,I24943067,Fudan University,exact,92511.14,https://ror.org/013q1eq08
1492,1493,郭惠珊,2005,中国科学院微生物研究所,依托单位,I4210134982,Institute of Microbiology,exact,51266.72,https://ror.org/047yhep71
1493,1494,关新平,2005,燕山大学,依托单位,I39333907,Yanshan University,exact,27737.867,https://ror.org/02txfnf15
1494,1495,顾辉,2005,中国科学院上海硅酸盐研究所,依托单位,I4210163874,Shanghai Institute of Ceramics,exact,59467.965,https://ror.org/05etnz140
1495,1496,耿延候,2005,中国科学院长春应用化学研究所,依托单位,I4210092888,Changchun Institute of Applied Chemistry,exact,82828.11,https://ror.org/00h52n341
1496,1497,戈宝学,2005,中国科学院上海生命科学研究院,依托单位,I4210106477,Shanghai Institutes for Biological Sciences,exact,56299.793,https://ror.org/011rf9d86
1497,1498,高杰,2005,中国科学院高能物理研究所,依托单位,I4210137180,Institute of High Energy Physics,exact,107211.8,https://ror.org/03v8tnc06
1498,1499,高福,2005,中国科学院微生物研究所,依托单位,I4210134982,Institute of Microbiology,exact,51266.72,https://ror.org/047yhep71
1499,1500,傅向东,2005,中国科学院遗传与发育生物学研究所,依托单位,I4210124606,Institute of Genetics and Developmental Biology,weak,57183.465,https://ror.org/02aee5m12
1500,1501,扶磊,2005,南开大学,依托单位,I205237279,Nankai University,exact,54575.492,https://ror.org/01y1kjr75
1501,1502,冯西桥,2005,清华大学,依托单位,I99065089,Tsinghua University,exact,117751.195,https://ror.org/03cve4549
1502,1503,方秦,2005,中国人民解放军陆军工程大学,依托单位,I4210163363,PLA Army Engineering University,exact,25556.2,https://ror.org/05mgp8x93
1503,1504,范祖森,2005,中国科学院生物物理研究所,依托单位,I4210112540,Institute of Biophysics,exact,43632.348,https://ror.org/01tyv8576
1504,1505,樊治平,2005,东北大学,依托单位,I9224756,Northeastern University,exact,34939.227,https://ror.org/03awzbc87
1505,1506,樊胜根,2005,中国农业科学院农业经济与发展研究所,依托单位,I4210104598,Institute of Agricultural Economics and Development,exact,6564.0337,https://ror.org/00xz0ff56
1506,1507,董汉松,2005,南京农业大学,依托单位,I119454577,Nanjing Agricultural University,exact,55386.867,https://ror.org/05td3s095
1507,1508,戴琼海,2005,清华大学,依托单位,I99065089,Tsinghua University,exact,117751.195,https://ror.org/03cve4549
1508,1509,成莹,2005,北京师范大学,依托单位,I25254941,Beijing Normal University,exact,57501.61,https://ror.org/022k4wk35
1509,1510,成秋明,2005,中国地质大学(武汉),依托单位,I3124059619,China University of Geosciences,override,,
1510,1511,陈雁,2005,中国科学院上海生命科学研究院,依托单位,I4210106477,Shanghai Institutes for Biological Sciences,exact,56299.793,https://ror.org/011rf9d86
1511,1512,陈学雷,2005,中国科学院国家天文台,依托单位,I4210164580,National Astronomical Observatories,exact,34911.63,https://ror.org/058pyyv44
1512,1513,陈福坤,2005,中国科学院地质与地球物理研究所,依托单位,I4210126061,Institute of Geology and Geophysics,exact,56218.027,https://ror.org/030vmwa78
1513,1514,常凯,2005,中国科学院半导体研究所,依托单位,I4210149211,Institute of Semiconductors,exact,44368.86,https://ror.org/048dd0611
1514,1515,白中治,2005,中国科学院数学与系统科学研究院,依托单位,I4210120485,Academy of Mathematics and Systems Science,exact,29545.18,https://ror.org/02jkmyk67
1515,1516,邹国华,2006,中国科学院数学与系统科学研究院,依托单位,I4210120485,Academy of Mathematics and Systems Science,exact,29545.18,https://ror.org/02jkmyk67
1516,1517,朱世琳,2006,北京大学,依托单位,I20231570,Peking University,exact,77618.14,https://ror.org/02v51f717
1517,1518,朱广山,2006,吉林大学,依托单位,I194450716,Jilin University,exact,67529.51,https://ror.org/00js3aw79
1518,1519,朱长江,2006,华中师范大学,依托单位,I40963666,Central China Normal University,exact,42120.21,https://ror.org/03x1jna21
1519,1520,周彤,2006,清华大学,依托单位,I99065089,Tsinghua University,exact,117751.195,https://ror.org/03cve4549
1520,1521,周仕明,2006,同济大学,依托单位,I116953780,Tongji University,exact,50689.016,https://ror.org/03rc6as71
1521,1522,周继勇,2006,浙江大学,依托单位,I76130692,Zhejiang University,exact,86971.77,https://ror.org/00a2xv884
1522,1523,周广胜,2006,中国科学院植物研究所,依托单位,I4210158097,Institute of Botany,exact,42323.688,https://ror.org/05hr3ch11
1523,1524,周兵,2006,清华大学,依托单位,I99065089,Tsinghua University,exact,117751.195,https://ror.org/03cve4549
1524,1525,钟凡,2006,中山大学,依托单位,I157773358,Sun Yat-sen University,exact,72368.62,https://ror.org/0064kty71
1525,1526,郑玉新,2006,中国疾病预防控制中心职业卫生与中毒控制所,依托单位,I4210164727,National Institute for Occupational Health and Poison Control,exact,13627.82,https://ror.org/05n5mmr26
1526,1527,郑绍建,2006,浙江大学,依托单位,I76130692,Zhejiang University,exact,86971.77,https://ror.org/00a2xv884
1527,1528,郑坚,2006,中国科学技术大学,依托单位,I126520041,University of Science and Technology of China,exact,105356.01,https://ror.org/04c4dkn09
1528,1529,章文华,2006,南京农业大学,依托单位,I119454577,Nanjing Agricultural University,exact,55386.867,https://ror.org/05td3s095
1529,1530,张哲峰,2006,中国科学院金属研究所,依托单位,I4210126304,Institute of Metal Research,override,,
1530,1531,张永兴,2006,重庆大学,依托单位,I158842170,Chongqing University,exact,48851.953,https://ror.org/023rhb549
1531,1532,张学工,2006,清华大学,依托单位,I99065089,Tsinghua University,exact,117751.195,https://ror.org/03cve4549
1532,1533,张文军,2006,上海交通大学,依托单位,I183067930,Shanghai Jiao Tong University,exact,99965.625,https://ror.org/0220qvk04
1533,1534,张锁江,2006,中国科学院过程工程研究所,依托单位,I4210133325,Institute of Process Engineering,exact,42207.16,https://ror.org/03j4x9j18
1534,1535,张军,2006,北京航空航天大学,依托单位,I82880672,Beihang University,exact,82779.67,https://ror.org/00wk2mp56
1535,1536,张甘霖,2006,中国科学院南京土壤研究所,依托单位,I4210165559,Institute of Soil Science,exact,46187.836,https://ror.org/05nj8ma95
1536,1537,张东晓,2006,北京大学,依托单位,I20231570,Peking University,exact,77618.14,https://ror.org/02v51f717
1537,1538,张东辉,2006,中国科学院大连化学物理研究所,依托单位,I180585399,Dalian Institute of Chemical Physics,exact,65201.16,https://ror.org/00prkya54
1538,1539,翟宏斌,2006,中国科学院上海有机化学研究所,依托单位,I4210112946,Shanghai Institute of Organic Chemistry,exact,54384.883,https://ror.org/01y3hvq34
1539,1540,袁运斌,2006,中国科学院测量与地球物理研究所,依托单位,I4210105990,Institute of Geodesy and Geophysics,exact,16708.836,https://ror.org/01gkn6j11
1540,1541,袁训来,2006,中国科学院南京地质古生物研究所,依托单位,I4210103797,Nanjing Institute of Geology and Paleontology,exact,22973.246,https://ror.org/019av8481
1541,1542,袁小兵,2006,中国科学院上海生命科学研究院,依托单位,I4210106477,Shanghai Institutes for Biological Sciences,exact,56299.793,https://ror.org/011rf9d86
1542,1543,庾石山,2006,中国医学科学院,依托单位,I200296433,Chinese Academy of Medical Sciences & Peking Union Medical College,exact,67015.46,https://ror.org/02drdmm93
1543,1544,庾建设,2006,广州大学,依托单位,I37987034,Guangzhou University,exact,21707.389,https://ror.org/05ar8rn06
1544,1545,宇如聪,2006,中国气象科学研究院,依托单位,I4210133131,Chinese Academy of Meteorological Sciences,exact,22626.762,https://ror.org/034b53w38
1545,1546,俞汉青,2006,中国科学技术大学,依托单位,I126520041,University of Science and Technology of China,exact,105356.01,https://ror.org/04c4dkn09
1546,1547,余家国,2006,武汉理工大学,依托单位,I196699116,Wuhan University of Technology,exact,61446.0,https://ror.org/03fe7t173
1547,1548,余刚,2006,清华大学,依托单位,I99065089,Tsinghua University,exact,117751.195,https://ror.org/03cve4549
1548,1549,游建强,2006,复旦大学,依托单位,I24943067,Fudan University,exact,92511.14,https://ror.org/013q1eq08
1549,1550,雍俊海,2006,清华大学,依托单位,I99065089,Tsinghua University,exact,117751.195,https://ror.org/03cve4549
1550,1551,应光国,2006,中国科学院广州地球化学研究所,依托单位,I3018690959,Guangzhou Institute of Geochemistry,exact,46284.484,https://ror.org/0356cst02
1551,1552,尹周平,2006,华中科技大学,依托单位,I47720641,Huazhong University of Science and Technology,exact,83397.086,https://ror.org/00p991c53
1552,1553,叶文才,2006,暨南大学,依托单位,I159948400,Jinan University,exact,46141.92,https://ror.org/02xe5ns62
1553,1554,叶棋浓,2006,中国人民解放军军事科学院军事医学研究院,依托单位,,,none,,
1554,1555,杨志峰,2006,北京师范大学,依托单位,I25254941,Beijing Normal University,exact,57501.61,https://ror.org/022k4wk35
1555,1556,杨涛,2006,中国科学技术大学,依托单位,I126520041,University of Science and Technology of China,exact,105356.01,https://ror.org/04c4dkn09
1556,1557,杨绍普,2006,石家庄铁道大学,依托单位,I90090648,Shijiazhuang Tiedao University,exact,10544.879,https://ror.org/022e9e065
1557,1558,徐志康,2006,浙江大学,依托单位,I76130692,Zhejiang University,exact,86971.77,https://ror.org/00a2xv884
1558,1559,徐泽水,2006,中国人民解放军陆军工程大学,依托单位,I4210163363,PLA Army Engineering University,exact,25556.2,https://ror.org/05mgp8x93
1559,1560,徐胜元,2006,南京理工大学,依托单位,I36399199,Nanjing University of Science and Technology,exact,37372.695,https://ror.org/00xp9wg62
1560,1561,徐鉴,2006,同济大学,依托单位,I116953780,Tongji University,exact,50689.016,https://ror.org/03rc6as71
1561,1562,徐红星,2006,中国科学院物理研究所,依托单位,I4210159876,Institute of Physics,exact,48215.63,https://ror.org/05cvf7v30
1562,1563,谢惠民,2006,清华大学,依托单位,I99065089,Tsinghua University,exact,117751.195,https://ror.org/03cve4549
1563,1564,肖小河,2006,中国人民解放军第三0二医院,依托单位,,,none,,
1564,1565,肖湘,2006,上海交通大学,依托单位,I183067930,Shanghai Jiao Tong University,exact,99965.625,https://ror.org/0220qvk04
1565,1566,肖贤明,2006,中国科学院广州地球化学研究所,依托单位,I3018690959,Guangzhou Institute of Geochemistry,exact,46284.484,https://ror.org/0356cst02
1566,1567,夏春谷,2006,中国科学院兰州化学物理研究所,依托单位,I4210089297,Lanzhou Institute of Chemical Physics,exact,51940.324,https://ror.org/007ffzr57
1567,1568,吴青柏,2006,中国科学院寒区旱区环境与工程研究所,依托单位,,,none,,
1568,1569,吴孔明,2006,中国农业科学院植物保护研究所,依托单位,I4210097978,Institute of Plant Protection,exact,42097.54,https://ror.org/0111f7045
1569,1570,翁征宇,2006,清华大学,依托单位,I99065089,Tsinghua University,exact,117751.195,https://ror.org/03cve4549
1570,1571,韦岗,2006,华南理工大学,依托单位,I90610280,South China University of Technology,exact,65632.69,https://ror.org/0530pts50
1571,1572,王佐仁,2006,中国科学院上海生命科学研究院,依托单位,I4210106477,Shanghai Institutes for Biological Sciences,exact,56299.793,https://ror.org/011rf9d86
1572,1573,王拥军,2006,上海中医药大学,依托单位,I4210098460,Shanghai University of Traditional Chinese Medicine,exact,27851.611,https://ror.org/00z27jk27
1573,1574,王野,2006,厦门大学,依托单位,I191208505,Xiamen University,exact,63183.082,https://ror.org/00mcjh785
1574,1575,王晓慧,2006,清华大学,依托单位,I99065089,Tsinghua University,exact,117751.195,https://ror.org/03cve4549
1575,1576,王升启,2006,中国人民解放军军事科学院军事医学研究院,依托单位,,,none,,
1576,1577,王怀民,2006,中国人民解放军国防科技大学,依托单位,I170215575,National University of Defense Technology,weak,24259.445,https://ror.org/05d2yfz11
1577,1578,王华明,2006,北京航空航天大学,依托单位,I82880672,Beihang University,exact,82779.67,https://ror.org/00wk2mp56
1578,1579,王东晓,2006,中国科学院南海海洋研究所,依托单位,I4210103685,South China Sea Institute Of Oceanology,exact,28760.244,https://ror.org/0192yj155
1579,1580,王德华,2006,中国科学院动物研究所,依托单位,I4210167311,Institute of Zoology,exact,34200.504,https://ror.org/05skxkv18
1580,1581,王传宽,2006,东北林业大学,依托单位,I47689461,Northeast Forestry University,exact,28653.287,https://ror.org/02yxnh564
1581,1582,王成山,2006,天津大学,依托单位,I162868743,Tianjin University,exact,61022.258,https://ror.org/012tb2g32
1582,1583,陶然,2006,北京理工大学,依托单位,I125839683,Beijing Institute of Technology,exact,60847.0,https://ror.org/01skt4w74
1583,1584,唐莉,2006,大连理工大学,依托单位,I27357992,Dalian University of Technology,exact,64610.99,https://ror.org/023hj5876
1584,1585,唐加福,2006,东北大学,依托单位,I9224756,Northeastern University,exact,34939.227,https://ror.org/03awzbc87
1585,1586,汤其群,2006,复旦大学,依托单位,I24943067,Fudan University,exact,92511.14,https://ror.org/013q1eq08
1586,1587,孙航,2006,中国科学院昆明植物研究所,依托单位,I13850615,Kunming Institute of Botany,exact,25411.791,https://ror.org/02e5hx313
1587,1588,孙富春,2006,清华大学,依托单位,I99065089,Tsinghua University,exact,117751.195,https://ror.org/03cve4549
1588,1589,孙方霖,2006,清华大学,依托单位,I99065089,Tsinghua University,exact,117751.195,https://ror.org/03cve4549
1589,1590,孙东怀,2006,兰州大学,依托单位,I76214153,Lanzhou University,exact,55239.18,https://ror.org/01mkqqe32
1590,1591,苏刚,2006,中国科学院大学,依托单位,I4210165038,University of Chinese Academy of Sciences,exact,106045.85,https://ror.org/05qbk4x57
1591,1592,宋延林,2006,中国科学院化学研究所,依托单位,I4210155088,Institute of Chemistry,exact,61771.133,https://ror.org/048y1rc66
1592,1593,宋纯鹏,2006,河南大学,依托单位,I173899330,Henan University,exact,25556.334,https://ror.org/003xyzq10
1593,1594,史林启,2006,南开大学,依托单位,I205237279,Nankai University,exact,54575.492,https://ror.org/01y1kjr75
1594,1595,盛光遥,2006,浙江工业大学,依托单位,I55712492,Zhejiang University of Technology,exact,40744.113,https://ror.org/02djqfd08
1595,1596,沈志强,2006,中国科学院上海天文台,依托单位,I2799714274,Shanghai Astronomical Observatory,exact,22856.205,https://ror.org/003n8re58
1596,1597,沈肖雁,2006,中国科学院高能物理研究所,依托单位,I4210137180,Institute of High Energy Physics,exact,107211.8,https://ror.org/03v8tnc06
1597,1598,沈吉,2006,中国科学院南京地理与湖泊研究所,依托单位,I4210134482,Nanjing Institute of Geography and Limnology,exact,31844.246,https://ror.org/03k6r8t20
1598,1599,邱瑞锋,2006,大连理工大学,依托单位,I27357992,Dalian University of Technology,exact,64610.99,https://ror.org/023hj5876
1599,1600,邱枫,2006,复旦大学,依托单位,I24943067,Fudan University,exact,92511.14,https://ror.org/013q1eq08
1600,1601,乔建永,2006,中国矿业大学(北京),依托单位,I4399598474,China University of Mining and Technology - Beijing,exact,3341.2659,https://ror.org/003ncxf91
1601,1602,钱跃竑,2006,上海大学,依托单位,I113940042,Shanghai University,exact,33911.445,https://ror.org/006teas31
1602,1603,钱林茂,2006,西南交通大学,依托单位,I4800084,Southwest Jiaotong University,exact,43900.805,https://ror.org/00hn7w693
1603,1604,钱国栋,2006,浙江大学,依托单位,I76130692,Zhejiang University,exact,86971.77,https://ror.org/00a2xv884
1604,1605,钱锋,2006,华东理工大学,依托单位,I143593769,East China University of Science and Technology,exact,41751.324,https://ror.org/01vyrm377
1605,1606,彭茹雯,2006,南京大学,依托单位,I881766915,Nanjing University,exact,62417.22,https://ror.org/01rxvg760
1606,1607,牛智川,2006,中国科学院半导体研究所,依托单位,I4210149211,Institute of Semiconductors,exact,44368.86,https://ror.org/048dd0611
1607,1608,宁建国,2006,北京理工大学,依托单位,I125839683,Beijing Institute of Technology,exact,60847.0,https://ror.org/01skt4w74
1608,1609,毛兰群,2006,中国科学院化学研究所,依托单位,I4210155088,Institute of Chemistry,exact,61771.133,https://ror.org/048y1rc66
1609,1610,马建国,2006,电子科技大学,依托单位,I150229711,University of Electronic Science and Technology of China,exact,50616.445,https://ror.org/04qr3zq92
1610,1611,吕小兵,2006,大连理工大学,依托单位,I27357992,Dalian University of Technology,exact,64610.99,https://ror.org/023hj5876
1611,1612,吕才典,2006,中国科学院高能物理研究所,依托单位,I4210137180,Institute of High Energy Physics,exact,107211.8,https://ror.org/03v8tnc06
1612,1613,罗二仓,2006,中国科学院理化技术研究所,依托单位,I4210140689,Technical Institute of Physics and Chemistry,exact,36806.484,https://ror.org/04akaak77
1613,1614,陆雅海,2006,中国农业大学,依托单位,I52158045,China Agricultural University,exact,58946.74,https://ror.org/04v3ywz14
1614,1615,鲁统部,2006,中山大学,依托单位,I157773358,Sun Yat-sen University,exact,72368.62,https://ror.org/0064kty71
1615,1616,卢革宇,2006,吉林大学,依托单位,I194450716,Jilin University,exact,67529.51,https://ror.org/00js3aw79
1616,1617,刘杏忠,2006,中国科学院微生物研究所,依托单位,I4210134982,Institute of Microbiology,exact,51266.72,https://ror.org/047yhep71
1617,1618,刘相法,2006,山东大学,依托单位,I154099455,Shandong University,exact,60373.523,https://ror.org/0207yh398
1618,1619,刘文剑,2006,北京大学,依托单位,I20231570,Peking University,exact,77618.14,https://ror.org/02v51f717
1619,1620,刘梦赤,2006,武汉大学,依托单位,I37461747,Wuhan University,exact,84484.22,https://ror.org/033vjfk17
1620,1621,刘良明,2006,中国人民解放军第三军医大学,依托单位,I151075929,Army Medical University,exact,85157.16,https://ror.org/05w21nn13
1621,1622,刘力,2006,中国科学院生物物理研究所,依托单位,I4210112540,Institute of Biophysics,exact,43632.348,https://ror.org/01tyv8576
1622,1623,刘春明,2006,中国科学院植物研究所,依托单位,I4210158097,Institute of Botany,exact,42323.688,https://ror.org/05hr3ch11
1623,1624,刘斌,2006,清华大学,依托单位,I99065089,Tsinghua University,exact,117751.195,https://ror.org/03cve4549
1624,1625,李永旺,2006,中国科学院山西煤炭化学研究所,依托单位,I4210159903,Institute of Coal Chemistry,exact,37711.496,https://ror.org/05j73fd60
1625,1626,李亚利,2006,天津大学,依托单位,I162868743,Tianjin University,exact,61022.258,https://ror.org/012tb2g32
1626,1627,李铁军,2006,北京大学,依托单位,I20231570,Peking University,exact,77618.14,https://ror.org/02v51f717
1627,1628,李术才,2006,山东大学,依托单位,I154099455,Shandong University,exact,60373.523,https://ror.org/0207yh398
1628,1629,李盛涛,2006,西安交通大学,依托单位,I87445476,Xi'an Jiaotong University,exact,70856.3,https://ror.org/017zhmm22
1629,1630,李光耀,2006,湖南大学,依托单位,I16609230,Hunan University,exact,52153.906,https://ror.org/05htk5m33
1630,1631,李凤民,2006,兰州大学,依托单位,I76214153,Lanzhou University,exact,55239.18,https://ror.org/01mkqqe32
1631,1632,李宝军,2006,中山大学,依托单位,I157773358,Sun Yat-sen University,exact,72368.62,https://ror.org/0064kty71
1632,1633,黎书华,2006,南京大学,依托单位,I881766915,Nanjing University,exact,62417.22,https://ror.org/01rxvg760
1633,1634,康九红,2006,同济大学,依托单位,I116953780,Tongji University,exact,50689.016,https://ror.org/03rc6as71
1634,1635,瞿礼嘉,2006,北京大学,依托单位,I20231570,Peking University,exact,77618.14,https://ror.org/02v51f717
1635,1636,金芝,2006,中国科学院数学与系统科学研究院,依托单位,I4210120485,Academy of Mathematics and Systems Science,exact,29545.18,https://ror.org/02jkmyk67
1636,1637,金力,2006,复旦大学,依托单位,I24943067,Fudan University,exact,92511.14,https://ror.org/013q1eq08
1637,1638,蒋锡群,2006,南京大学,依托单位,I881766915,Nanjing University,exact,62417.22,https://ror.org/01rxvg760
1638,1639,蒋澄宇,2006,中国医学科学院,依托单位,I200296433,Chinese Academy of Medical Sciences & Peking Union Medical College,exact,67015.46,https://ror.org/02drdmm93
1639,1640,姜保国,2006,北京大学,依托单位,I20231570,Peking University,exact,77618.14,https://ror.org/02v51f717
1640,1641,江莞,2006,东华大学,依托单位,I181326427,Donghua University,exact,28040.521,https://ror.org/035psfh38
1641,1642,江焕峰,2006,华南理工大学,依托单位,I90610280,South China University of Technology,exact,65632.69,https://ror.org/0530pts50
1642,1643,季峻峰,2006,南京大学,依托单位,I881766915,Nanjing University,exact,62417.22,https://ror.org/01rxvg760
1643,1644,黄志力,2006,复旦大学,依托单位,I24943067,Fudan University,exact,92511.14,https://ror.org/013q1eq08
1644,1645,黄云清,2006,湘潭大学,依托单位,I4610292,Xiangtan University,exact,28858.244,https://ror.org/00xsfaz62
1645,1646,黄永锋,2006,南京大学,依托单位,I881766915,Nanjing University,exact,62417.22,https://ror.org/01rxvg760
1646,1647,黄薇,2006,上海人类基因组研究中心,依托单位,,,none,,
1647,1648,黄如,2006,北京大学,依托单位,I20231570,Peking University,exact,77618.14,https://ror.org/02v51f717
1648,1649,黄明东,2006,中国科学院福建物质结构研究所,依托单位,I4210119098,Fujian Institute of Research on the Structure of Matter,exact,59134.61,https://ror.org/02j89k719
1649,1650,黄丰,2006,中国科学院福建物质结构研究所,依托单位,I4210119098,Fujian Institute of Research on the Structure of Matter,exact,59134.61,https://ror.org/02j89k719
1650,1651,黄传真,2006,山东大学,依托单位,I154099455,Shandong University,exact,60373.523,https://ror.org/0207yh398
1651,1652,胡刚,2006,南京医科大学,依托单位,I83519826,Nanjing Medical University,exact,46681.355,https://ror.org/059gcgy73
1652,1653,贺克斌,2006,清华大学,依托单位,I99065089,Tsinghua University,exact,117751.195,https://ror.org/03cve4549
1653,1654,何赛灵,2006,浙江大学,依托单位,I76130692,Zhejiang University,exact,86971.77,https://ror.org/00a2xv884
1654,1655,何陵辉,2006,中国科学技术大学,依托单位,I126520041,University of Science and Technology of China,exact,105356.01,https://ror.org/04c4dkn09
1655,1656,何红建,2006,清华大学,依托单位,I99065089,Tsinghua University,exact,117751.195,https://ror.org/03cve4549
1656,1657,郝京诚,2006,山东大学,依托单位,I154099455,Shandong University,exact,60373.523,https://ror.org/0207yh398
1657,1658,郭红卫,2006,北京大学,依托单位,I20231570,Peking University,exact,77618.14,https://ror.org/02v51f717
1658,1659,龚启勇,2006,四川大学,依托单位,I24185976,Sichuan University,exact,75979.734,https://ror.org/011ashp19
1659,1660,葛全胜,2006,中国科学院地理科学与资源研究所,依托单位,I4210160793,Institute of Geographic Sciences and Natural Resources Research,exact,58468.53,https://ror.org/04t1cdb72
1660,1661,高峰,2006,中国人民解放军第四军医大学,依托单位,,,none,,
1661,1662,冯钰锜,2006,武汉大学,依托单位,I37461747,Wuhan University,exact,84484.22,https://ror.org/033vjfk17
1662,1663,房静远,2006,上海交通大学,依托单位,I183067930,Shanghai Jiao Tong University,exact,99965.625,https://ror.org/0220qvk04
1663,1664,范宏瑞,2006,中国科学院地质与地球物理研究所,依托单位,I4210126061,Institute of Geology and Geophysics,exact,56218.027,https://ror.org/030vmwa78
1664,1665,董金堂,2006,南开大学,依托单位,I205237279,Nankai University,exact,54575.492,https://ror.org/01y1kjr75
1665,1666,丁林,2006,中国科学院青藏高原研究所,依托单位,I4210141476,Institute of Tibetan Plateau Research,exact,35735.152,https://ror.org/03zn6c508
1666,1667,戴建武,2006,中国科学院遗传与发育生物学研究所,依托单位,I4210124606,Institute of Genetics and Developmental Biology,weak,57183.465,https://ror.org/02aee5m12
1667,1668,崔华,2006,中国科学技术大学,依托单位,I126520041,University of Science and Technology of China,exact,105356.01,https://ror.org/04c4dkn09
1668,1669,陈忠宁,2006,中国科学院福建物质结构研究所,依托单位,I4210119098,Fujian Institute of Research on the Structure of Matter,exact,59134.61,https://ror.org/02j89k719
1669,1670,陈涌海,2006,中国科学院半导体研究所,依托单位,I4210149211,Institute of Semiconductors,exact,44368.86,https://ror.org/048dd0611
1670,1671,陈永明,2006,中国科学院化学研究所,依托单位,I4210155088,Institute of Chemistry,exact,61771.133,https://ror.org/048y1rc66
1671,1672,陈学新,2006,浙江大学,依托单位,I76130692,Zhejiang University,exact,86971.77,https://ror.org/00a2xv884
1672,1673,陈启军,2006,吉林大学,依托单位,I194450716,Jilin University,exact,67529.51,https://ror.org/00js3aw79
1673,1674,陈猛,2006,复旦大学,依托单位,I24943067,Fudan University,exact,92511.14,https://ror.org/013q1eq08
1674,1675,陈良标,2006,中国科学院遗传与发育生物学研究所,依托单位,I4210124606,Institute of Genetics and Developmental Biology,weak,57183.465,https://ror.org/02aee5m12
1675,1676,陈坚,2006,江南大学,依托单位,I111599522,Jiangnan University,exact,32182.512,https://ror.org/04mkzax54
1676,1677,陈国权,2006,清华大学,依托单位,I99065089,Tsinghua University,exact,117751.195,https://ror.org/03cve4549
1677,1678,陈大岳,2006,北京大学,依托单位,I20231570,Peking University,exact,77618.14,https://ror.org/02v51f717
1678,1679,陈传峰,2006,中国科学院化学研究所,依托单位,I4210155088,Institute of Chemistry,exact,61771.133,https://ror.org/048y1rc66
1679,1680,陈斌,2006,北京大学,依托单位,I20231570,Peking University,exact,77618.14,https://ror.org/02v51f717
1680,1681,陈标华,2006,北京化工大学,依托单位,I75390827,Beijing University of Chemical Technology,exact,44476.082,https://ror.org/00df5yc52
1681,1682,白重恩,2006,清华大学,依托单位,I99065089,Tsinghua University,exact,117751.195,https://ror.org/03cve4549
1682,1683,安黎哲,2006,兰州大学,依托单位,I76214153,Lanzhou University,exact,55239.18,https://ror.org/01mkqqe32
1683,1684,左景林,2007,南京大学,依托单位,I881766915,Nanjing University,exact,62417.22,https://ror.org/01rxvg760
1684,1685,朱茂炎,2007,中国科学院南京地质古生物研究所,依托单位,I4210103797,Nanjing Institute of Geology and Paleontology,exact,22973.246,https://ror.org/019av8481
1685,1686,周磊,2007,复旦大学,依托单位,I24943067,Fudan University,exact,92511.14,https://ror.org/013q1eq08
1686,1687,周国逸,2007,中国科学院华南植物园,依托单位,I4210120696,South China Botanical Garden,exact,22661.066,https://ror.org/01xqdxh54
1687,1688,周创兵,2007,武汉大学,依托单位,I37461747,Wuhan University,exact,84484.22,https://ror.org/033vjfk17
1688,1689,仲崇立,2007,北京化工大学,依托单位,I75390827,Beijing University of Chemical Technology,exact,44476.082,https://ror.org/00df5yc52
1689,1690,郑世军,2007,中国农业大学,依托单位,I52158045,China Agricultural University,exact,58946.74,https://ror.org/04v3ywz14
1690,1691,郑鹏生,2007,西安交通大学,依托单位,I87445476,Xi'an Jiaotong University,exact,70856.3,https://ror.org/017zhmm22
1691,1692,赵要风,2007,中国农业大学,依托单位,I52158045,China Agricultural University,exact,58946.74,https://ror.org/04v3ywz14
1692,1693,赵明辉,2007,北京大学,依托单位,I20231570,Peking University,exact,77618.14,https://ror.org/02v51f717
1693,1694,章璞,2007,上海交通大学,依托单位,I183067930,Shanghai Jiao Tong University,exact,99965.625,https://ror.org/0220qvk04
1694,1695,张寅平,2007,清华大学,依托单位,I99065089,Tsinghua University,exact,117751.195,https://ror.org/03cve4549
1695,1696,张旭,2007,中国人民解放军总医院,依托单位,I2802939634,Chinese PLA General Hospital,exact,55320.848,https://ror.org/04gw3ra78
1696,1697,张晓,2007,中国科学院数学与系统科学研究院,依托单位,I4210120485,Academy of Mathematics and Systems Science,exact,29545.18,https://ror.org/02jkmyk67
1697,1698,张文浩,2007,中国科学院植物研究所,依托单位,I4210158097,Institute of Botany,exact,42323.688,https://ror.org/05hr3ch11
1698,1699,张卫东,2007,中国人民解放军第二军医大学,依托单位,I177933477,Second Military Medical University,exact,61741.094,https://ror.org/04tavpn47
1699,1700,张双南,2007,中国科学院高能物理研究所,依托单位,I4210137180,Institute of High Energy Physics,exact,107211.8,https://ror.org/03v8tnc06
1700,1701,张清炯,2007,中山大学,依托单位,I157773358,Sun Yat-sen University,exact,72368.62,https://ror.org/0064kty71
1701,1702,张立新,2007,中国科学院植物研究所,依托单位,I4210158097,Institute of Botany,exact,42323.688,https://ror.org/05hr3ch11
1702,1703,张立群,2007,北京化工大学,依托单位,I75390827,Beijing University of Chemical Technology,exact,44476.082,https://ror.org/00df5yc52
1703,1704,张靖,2007,山西大学,依托单位,I181877577,Shanxi University,exact,20819.03,https://ror.org/03y3e3s17
1704,1705,张锦,2007,北京大学,依托单位,I20231570,Peking University,exact,77618.14,https://ror.org/02v51f717
1705,1706,张宏冰,2007,中国医学科学院基础医学研究所,依托单位,I4405261629,Institute of Basic Theory for Chinese Medicine,weak,44.365093,https://ror.org/05kf82e36
1706,1707,张广照,2007,华南理工大学,依托单位,I90610280,South China University of Technology,exact,65632.69,https://ror.org/0530pts50
1707,1708,张大兵,2007,上海交通大学,依托单位,I183067930,Shanghai Jiao Tong University,exact,99965.625,https://ror.org/0220qvk04
1708,1709,袁小平,2007,复旦大学,依托单位,I24943067,Fudan University,exact,92511.14,https://ror.org/013q1eq08
1709,1710,余孝其,2007,四川大学,依托单位,I24185976,Sichuan University,exact,75979.734,https://ror.org/011ashp19
1710,1711,余聪,2007,北京师范大学,依托单位,I25254941,Beijing Normal University,exact,57501.61,https://ror.org/022k4wk35
1711,1712,于扬,2007,南京大学,依托单位,I881766915,Nanjing University,exact,62417.22,https://ror.org/01rxvg760
1712,1713,于海斌,2007,中国科学院沈阳自动化研究所,依托单位,I142078773,Shenyang Institute of Automation,exact,22590.318,https://ror.org/00ft6nj33
1713,1714,尹芝南,2007,南开大学,依托单位,I205237279,Nankai University,exact,54575.492,https://ror.org/01y1kjr75
1714,1715,杨银堂,2007,西安电子科技大学,依托单位,I149594827,Xidian University,exact,38626.223,https://ror.org/05s92vm98
1715,1716,杨维慎,2007,中国科学院大连化学物理研究所,依托单位,I180585399,Dalian Institute of Chemical Physics,exact,65201.16,https://ror.org/00prkya54
1716,1717,杨庆山,2007,北京交通大学,依托单位,I21193070,Beijing Jiaotong University,exact,36584.664,https://ror.org/01yj56c84
1717,1718,杨金民,2007,中国科学院理论物理研究所,依托单位,I4210125404,Institute of Theoretical Physics,exact,35358.984,https://ror.org/02xtbq882
1718,1719,杨国昱,2007,中国科学院福建物质结构研究所,依托单位,I4210119098,Fujian Institute of Research on the Structure of Matter,exact,59134.61,https://ror.org/02j89k719
1719,1720,杨顶辉,2007,清华大学,依托单位,I99065089,Tsinghua University,exact,117751.195,https://ror.org/03cve4549
1720,1721,杨春和,2007,重庆大学,依托单位,I158842170,Chongqing University,exact,48851.953,https://ror.org/023rhb549
1721,1722,杨百寅,2007,清华大学,依托单位,I99065089,Tsinghua University,exact,117751.195,https://ror.org/03cve4549
1722,1723,许执恒,2007,中国科学院遗传与发育生物学研究所,依托单位,I4210124606,Institute of Genetics and Developmental Biology,weak,57183.465,https://ror.org/02aee5m12
1723,1724,徐璎,2007,南京大学,依托单位,I881766915,Nanjing University,exact,62417.22,https://ror.org/01rxvg760
1724,1725,徐学敏,2007,上海交通大学,依托单位,I183067930,Shanghai Jiao Tong University,exact,99965.625,https://ror.org/0220qvk04
1725,1726,徐富强,2007,中国科学院武汉物理与数学研究所,依托单位,I4210099135,Wuhan Institute of Physics and Mathematics,exact,30681.508,https://ror.org/00zky9d41
1726,1727,徐福留,2007,北京大学,依托单位,I20231570,Peking University,exact,77618.14,https://ror.org/02v51f717
1727,1728,徐春祥,2007,东南大学,依托单位,I76569877,Southeast University,exact,48708.32,https://ror.org/04ct4d772
1728,1729,熊利泽,2007,中国人民解放军第四军医大学,依托单位,,,none,,
1729,1730,熊立仲,2007,华中农业大学,依托单位,I204823248,Huazhong Agricultural University,exact,62343.33,https://ror.org/023b72294
1730,1731,邢献然,2007,北京科技大学,依托单位,I92403157,University of Science and Technology Beijing,exact,39476.645,https://ror.org/02egmk993
1731,1732,谢兆雄,2007,厦门大学,依托单位,I191208505,Xiamen University,exact,63183.082,https://ror.org/00mcjh785
1732,1733,谢东,2007,中国科学院上海生命科学研究院,依托单位,I4210106477,Shanghai Institutes for Biological Sciences,exact,56299.793,https://ror.org/011rf9d86
1733,1734,谢代前,2007,南京大学,依托单位,I881766915,Nanjing University,exact,62417.22,https://ror.org/01rxvg760
1734,1735,肖文交,2007,中国科学院地质与地球物理研究所,依托单位,I4210126061,Institute of Geology and Geophysics,exact,56218.027,https://ror.org/030vmwa78
1735,1736,席光,2007,西安交通大学,依托单位,I87445476,Xi'an Jiaotong University,exact,70856.3,https://ror.org/017zhmm22
1736,1737,吴一戎,2007,中国科学院电子学研究所,依托单位,I4210110458,Institute of Electronics,exact,18670.95,https://ror.org/01z143507
1737,1738,吴明卫,2007,中国科学技术大学,依托单位,I126520041,University of Science and Technology of China,exact,105356.01,https://ror.org/04c4dkn09
1738,1739,吴立新,2007,中国海洋大学,依托单位,I59028903,Ocean University of China,exact,39370.42,https://ror.org/04rdtx186
1739,1740,吴吉春,2007,南京大学,依托单位,I881766915,Nanjing University,exact,62417.22,https://ror.org/01rxvg760
1740,1741,韦世强,2007,中国科学技术大学,依托单位,I126520041,University of Science and Technology of China,exact,105356.01,https://ror.org/04c4dkn09
1741,1742,王沿东,2007,东北大学,依托单位,I9224756,Northeastern University,exact,34939.227,https://ror.org/03awzbc87
1742,1743,王训,2007,清华大学,依托单位,I99065089,Tsinghua University,exact,117751.195,https://ror.org/03cve4549
1743,1744,王雪华,2007,中山大学,依托单位,I157773358,Sun Yat-sen University,exact,72368.62,https://ror.org/0064kty71
1744,1745,王秀杰,2007,中国科学院遗传与发育生物学研究所,依托单位,I4210124606,Institute of Genetics and Developmental Biology,weak,57183.465,https://ror.org/02aee5m12
1745,1746,王向斌,2007,清华大学,依托单位,I99065089,Tsinghua University,exact,117751.195,https://ror.org/03cve4549
1746,1747,王伟,2007,中国海洋大学,依托单位,I59028903,Ocean University of China,exact,39370.42,https://ror.org/04rdtx186
1747,1748,王伟,2007,华中科技大学,依托单位,I47720641,Huazhong University of Science and Technology,exact,83397.086,https://ror.org/00p991c53
1748,1749,王树,2007,中国科学院化学研究所,依托单位,I4210155088,Institute of Chemistry,exact,61771.133,https://ror.org/048y1rc66
1749,1750,王启华,2007,中国科学院数学与系统科学研究院,依托单位,I4210120485,Academy of Mathematics and Systems Science,exact,29545.18,https://ror.org/02jkmyk67
1750,1751,王平,2007,浙江大学,依托单位,I76130692,Zhejiang University,exact,86971.77,https://ror.org/00a2xv884
1751,1752,王俊,2007,深圳华大生命科学研究院,依托单位,,,none,,
1752,1753,王建华,2007,东北大学,依托单位,I9224756,Northeastern University,exact,34939.227,https://ror.org/03awzbc87
1753,1754,王戟,2007,中国人民解放军国防科技大学,依托单位,I170215575,National University of Defense Technology,weak,24259.445,https://ror.org/05d2yfz11
1754,1755,王高峰,2007,武汉大学,依托单位,I37461747,Wuhan University,exact,84484.22,https://ror.org/033vjfk17
1755,1756,汪昌云,2007,中国人民大学,依托单位,I78988378,Renmin University of China,exact,18057.188,https://ror.org/041pakw92
1756,1757,万宝年,2007,中国科学院合肥物质科学研究院,依托单位,I2802624667,Hefei Institutes of Physical Science,exact,31531.92,https://ror.org/046n57345
1757,1758,唐波,2007,山东师范大学,依托单位,I28006308,Shandong Normal University,exact,29352.367,https://ror.org/01wy3h363
1758,1759,谭宁华,2007,中国科学院昆明植物研究所,依托单位,I13850615,Kunming Institute of Botany,exact,25411.791,https://ror.org/02e5hx313
1759,1760,谭民,2007,中国科学院自动化研究所,依托单位,I4210112150,Institute of Automation,override,,
1760,1761,孙立宁,2007,哈尔滨工业大学,依托单位,I204983213,Harbin Institute of Technology,exact,115718.28,https://ror.org/01yqg2h08
1761,1762,孙传清,2007,中国农业大学,依托单位,I52158045,China Agricultural University,exact,58946.74,https://ror.org/04v3ywz14
1762,1763,苏开乐,2007,北京大学,依托单位,I20231570,Peking University,exact,77618.14,https://ror.org/02v51f717
1763,1764,宋卫国,2007,中国科学院化学研究所,依托单位,I4210155088,Institute of Chemistry,exact,61771.133,https://ror.org/048y1rc66
1764,1765,史宇光,2007,北京大学,依托单位,I20231570,Peking University,exact,77618.14,https://ror.org/02v51f717
1765,1766,史庆华,2007,中国科学技术大学,依托单位,I126520041,University of Science and Technology of China,exact,105356.01,https://ror.org/04c4dkn09
1766,1767,邱介山,2007,大连理工大学,依托单位,I27357992,Dalian University of Technology,exact,64610.99,https://ror.org/023hj5876
1767,1768,秦庆,2007,中国科学院高能物理研究所,依托单位,I4210137180,Institute of High Energy Physics,exact,107211.8,https://ror.org/03v8tnc06
1768,1769,秦启伟,2007,中国科学院南海海洋研究所,依托单位,I4210103685,South China Sea Institute Of Oceanology,exact,28760.244,https://ror.org/0192yj155
1769,1770,乔红,2007,中国科学院自动化研究所,依托单位,I4210112150,Institute of Automation,override,,
1770,1771,钱列加,2007,复旦大学,依托单位,I24943067,Fudan University,exact,92511.14,https://ror.org/013q1eq08
1771,1772,彭孝军,2007,大连理工大学,依托单位,I27357992,Dalian University of Technology,exact,64610.99,https://ror.org/023hj5876
1772,1773,裴端卿,2007,中国科学院广州生物医药与健康研究院,依托单位,I2802148028,Guangzhou Institutes of Biomedicine and Health,exact,24930.055,https://ror.org/02c31t502
1773,1774,潘复生,2007,重庆大学,依托单位,I158842170,Chongqing University,exact,48851.953,https://ror.org/023rhb549
1774,1775,牛荻涛,2007,西安建筑科技大学,依托单位,I148099405,Xi'an University of Architecture and Technology,exact,31860.877,https://ror.org/04v2j2k71
1775,1776,宁光,2007,上海交通大学,依托单位,I183067930,Shanghai Jiao Tong University,exact,99965.625,https://ror.org/0220qvk04
1776,1777,南发俊,2007,中国科学院上海药物研究所,依托单位,I4210112820,Shanghai Institute of Materia Medica,exact,49811.605,https://ror.org/022syn853
1777,1778,苗长兴,2007,北京应用物理与计算数学研究所,依托单位,I4210145278,Institute of Applied Physics and Computational Mathematics,exact,21201.537,https://ror.org/03sxpbt26
1778,1779,孟庆波,2007,中国科学院物理研究所,依托单位,I4210159876,Institute of Physics,exact,48215.63,https://ror.org/05cvf7v30
1779,1780,毛宗万,2007,中山大学,依托单位,I157773358,Sun Yat-sen University,exact,72368.62,https://ror.org/0064kty71
1780,1781,吕昭平,2007,北京科技大学,依托单位,I92403157,University of Science and Technology Beijing,exact,39476.645,https://ror.org/02egmk993
1781,1782,罗胜联,2007,湖南大学,依托单位,I16609230,Hunan University,exact,52153.906,https://ror.org/05htk5m33
1782,1783,陆日宇,2007,中国科学院大气物理研究所,依托单位,I4210152758,Institute of Atmospheric Physics,exact,35263.035,https://ror.org/0424h4e32
1783,1784,陆全明,2007,中国科学技术大学,依托单位,I126520041,University of Science and Technology of China,exact,105356.01,https://ror.org/04c4dkn09
1784,1785,陆林,2007,北京大学,依托单位,I20231570,Peking University,exact,77618.14,https://ror.org/02v51f717
1785,1786,卢仲毅,2007,中国人民大学,依托单位,I78988378,Renmin University of China,exact,18057.188,https://ror.org/041pakw92
1786,1787,卢磊,2007,中国科学院金属研究所,依托单位,I4210126304,Institute of Metal Research,override,,
1787,1788,卢从明,2007,中国科学院植物研究所,依托单位,I4210158097,Institute of Botany,exact,42323.688,https://ror.org/05hr3ch11
1788,1789,隆克平,2007,电子科技大学,依托单位,I150229711,University of Electronic Science and Technology of China,exact,50616.445,https://ror.org/04qr3zq92
1789,1790,刘玉乐,2007,清华大学,依托单位,I99065089,Tsinghua University,exact,117751.195,https://ror.org/03cve4549
1790,1791,刘益春,2007,东北师范大学,依托单位,I184983240,Northeast Normal University,exact,38794.863,https://ror.org/02rkvz144
1791,1792,刘双江,2007,中国科学院微生物研究所,依托单位,I4210134982,Institute of Microbiology,exact,51266.72,https://ror.org/047yhep71
1792,1793,刘少军,2007,湖南师范大学,依托单位,I173759888,Hunan Normal University,exact,29892.857,https://ror.org/053w1zy07
1793,1794,刘立波,2007,中国科学院地质与地球物理研究所,依托单位,I4210126061,Institute of Geology and Geophysics,exact,56218.027,https://ror.org/030vmwa78
1794,1795,刘俊秋,2007,吉林大学,依托单位,I194450716,Jilin University,exact,67529.51,https://ror.org/00js3aw79
1795,1796,刘杰,2007,北京应用物理与计算数学研究所,依托单位,I4210145278,Institute of Applied Physics and Computational Mathematics,exact,21201.537,https://ror.org/03sxpbt26
1796,1797,刘建全,2007,兰州大学,依托单位,I76214153,Lanzhou University,exact,55239.18,https://ror.org/01mkqqe32
1797,1798,刘福来,2007,中国地质科学院地质研究所,依托单位,I4210126061,Institute of Geology and Geophysics,weak,17427.86,https://ror.org/030vmwa78
1798,1799,刘冬生,2007,清华大学,依托单位,I99065089,Tsinghua University,exact,117751.195,https://ror.org/03cve4549
1799,1800,练继建,2007,天津大学,依托单位,I162868743,Tianjin University,exact,61022.258,https://ror.org/012tb2g32
1800,1801,厉力华,2007,杭州电子科技大学,依托单位,I50760025,Hangzhou Dianzi University,exact,24798.639,https://ror.org/0576gt767
1801,1802,李彦,2007,中国科学院新疆生态与地理研究所,依托单位,I4210103115,Xinjiang Institute of Ecology and Geography,exact,37791.645,https://ror.org/01a8ev928
1802,1803,李昕欣,2007,中国科学院上海微系统与信息技术研究所,依托单位,I4210147322,Shanghai Institute of Microsystem and Information Technology,exact,38266.344,https://ror.org/04nytyj38
1803,1804,李来庚,2007,中国科学院上海生命科学研究院,依托单位,I4210106477,Shanghai Institutes for Biological Sciences,exact,56299.793,https://ror.org/011rf9d86
1804,1805,李建东,2007,西安电子科技大学,依托单位,I149594827,Xidian University,exact,38626.223,https://ror.org/05s92vm98
1805,1806,李长久,2007,西安交通大学,依托单位,I87445476,Xi'an Jiaotong University,exact,70856.3,https://ror.org/017zhmm22
1806,1807,李爱群,2007,东南大学,依托单位,I76569877,Southeast University,exact,48708.32,https://ror.org/04ct4d772
1807,1808,雷明凯,2007,大连理工大学,依托单位,I27357992,Dalian University of Technology,exact,64610.99,https://ror.org/023hj5876
1808,1809,孔德领,2007,南开大学,依托单位,I205237279,Nankai University,exact,54575.492,https://ror.org/01y1kjr75
1809,1810,鞠平,2007,河海大学,依托单位,I163340411,Hohai University,exact,30510.945,https://ror.org/01wd4xt90
1810,1811,金岩,2007,中国人民解放军第四军医大学,依托单位,,,none,,
1811,1812,姜伟,2007,中国科学院长春应用化学研究所,依托单位,I4210092888,Changchun Institute of Applied Chemistry,exact,82828.11,https://ror.org/00h52n341
1812,1813,姜涛,2007,中南大学,依托单位,I139660479,Central South University,exact,66159.63,https://ror.org/00f1zfq44
1813,1814,霍启升,2007,吉林大学,依托单位,I194450716,Jilin University,exact,67529.51,https://ror.org/00js3aw79
1814,1815,黄晓军,2007,北京大学,依托单位,I20231570,Peking University,exact,77618.14,https://ror.org/02v51f717
1815,1816,黄霞,2007,清华大学,依托单位,I99065089,Tsinghua University,exact,117751.195,https://ror.org/03cve4549
1816,1817,黄建平,2007,兰州大学,依托单位,I76214153,Lanzhou University,exact,55239.18,https://ror.org/01mkqqe32
1817,1818,黄河清,2007,中国科学院地理科学与资源研究所,依托单位,I4210160793,Institute of Geographic Sciences and Natural Resources Research,exact,58468.53,https://ror.org/04t1cdb72
1818,1819,华中生,2007,中国科学技术大学,依托单位,I126520041,University of Science and Technology of China,exact,105356.01,https://ror.org/04c4dkn09
1819,1820,华林,2007,武汉理工大学,依托单位,I196699116,Wuhan University of Technology,exact,61446.0,https://ror.org/03fe7t173
1820,1821,胡祥培,2007,大连理工大学,依托单位,I27357992,Dalian University of Technology,exact,64610.99,https://ror.org/023hj5876
1821,1822,胡文平,2007,中国科学院化学研究所,依托单位,I4210155088,Institute of Chemistry,exact,61771.133,https://ror.org/048y1rc66
1822,1823,胡红波,2007,中国科学院高能物理研究所,依托单位,I4210137180,Institute of High Energy Physics,exact,107211.8,https://ror.org/03v8tnc06
1823,1824,胡春宏,2007,中国水利水电科学研究院,依托单位,I4210092032,China Institute of Water Resources and Hydropower Research,exact,20226.348,https://ror.org/00m4czf33
1824,1825,何建军,2007,浙江大学,依托单位,I76130692,Zhejiang University,exact,86971.77,https://ror.org/00a2xv884
1825,1826,何宏平,2007,中国科学院广州地球化学研究所,依托单位,I3018690959,Guangzhou Institute of Geochemistry,exact,46284.484,https://ror.org/0356cst02
1826,1827,郝郑平,2007,中国科学院生态环境研究中心,依托单位,I4210144289,Research Center for Eco-Environmental Sciences,exact,59822.87,https://ror.org/03rpsvy57
1827,1828,韩旭,2007,湖南大学,依托单位,I16609230,Hunan University,exact,52153.906,https://ror.org/05htk5m33
1828,1829,韩杰才,2007,哈尔滨工业大学,依托单位,I204983213,Harbin Institute of Technology,exact,115718.28,https://ror.org/01yqg2h08
1829,1830,过敏意,2007,上海交通大学,依托单位,I183067930,Shanghai Jiao Tong University,exact,99965.625,https://ror.org/0220qvk04
1830,1831,郭林,2007,北京航空航天大学,依托单位,I82880672,Beihang University,exact,82779.67,https://ror.org/00wk2mp56
1831,1832,管又飞,2007,北京大学,依托单位,I20231570,Peking University,exact,77618.14,https://ror.org/02v51f717
1832,1833,顾宁,2007,东南大学,依托单位,I76569877,Southeast University,exact,48708.32,https://ror.org/04ct4d772
1833,1834,龚六堂,2007,北京大学,依托单位,I20231570,Peking University,exact,77618.14,https://ror.org/02v51f717
1834,1835,耿美玉,2007,中国海洋大学,依托单位,I59028903,Ocean University of China,exact,39370.42,https://ror.org/04rdtx186
1835,1836,葛均波,2007,复旦大学,依托单位,I24943067,Fudan University,exact,92511.14,https://ror.org/013q1eq08
1836,1837,高友鹤,2007,中国医学科学院基础医学研究所,依托单位,I4405261629,Institute of Basic Theory for Chinese Medicine,weak,44.365093,https://ror.org/05kf82e36
1837,1838,高金森,2007,中国石油大学(北京),依托单位,I4210162190,"China University of Petroleum, East China",exact,37922.176,https://ror.org/05gbn2817
1838,1839,冯起,2007,中国科学院寒区旱区环境与工程研究所,依托单位,,,none,,
1839,1840,冯露,2007,南开大学,依托单位,I205237279,Nankai University,exact,54575.492,https://ror.org/01y1kjr75
1840,1841,冯珑珑,2007,中国科学院紫金山天文台,依托单位,I2802340896,Purple Mountain Observatory,exact,19069.03,https://ror.org/02eb4t121
1841,1842,樊春海,2007,中国科学院上海应用物理研究所,依托单位,I4210123885,Shanghai Institute of Applied Physics,exact,43298.895,https://ror.org/02w6gr951
1842,1843,丁维新,2007,中国科学院南京土壤研究所,依托单位,I4210165559,Institute of Soil Science,exact,46187.836,https://ror.org/05nj8ma95
1843,1844,邓少芝,2007,中山大学,依托单位,I157773358,Sun Yat-sen University,exact,72368.62,https://ror.org/0064kty71
1844,1845,戴兰宏,2007,中国科学院力学研究所,依托单位,I4210157653,Institute of Mechanics,exact,22921.729,https://ror.org/057jnjd73
1845,1846,代世峰,2007,中国矿业大学(北京),依托单位,I4399598474,China University of Mining and Technology - Beijing,exact,3341.2659,https://ror.org/003ncxf91
1846,1847,崔春明,2007,南开大学,依托单位,I205237279,Nankai University,exact,54575.492,https://ror.org/01y1kjr75
1847,1848,陈忠,2007,浙江大学,依托单位,I76130692,Zhejiang University,exact,86971.77,https://ror.org/00a2xv884
1848,1849,陈哲宇,2007,山东大学,依托单位,I154099455,Shandong University,exact,60373.523,https://ror.org/0207yh398
1849,1850,陈阳,2007,南京大学,依托单位,I881766915,Nanjing University,exact,62417.22,https://ror.org/01rxvg760
1850,1851,陈效双,2007,中国科学院上海技术物理研究所,依托单位,I4210135723,Shanghai Institute of Technical Physics,exact,28080.111,https://ror.org/02txedb84
1851,1852,陈伟球,2007,浙江大学,依托单位,I76130692,Zhejiang University,exact,86971.77,https://ror.org/00a2xv884
1852,1853,陈谦明,2007,四川大学,依托单位,I24185976,Sichuan University,exact,75979.734,https://ror.org/011ashp19
1853,1854,陈立群,2007,上海大学,依托单位,I113940042,Shanghai University,exact,33911.445,https://ror.org/006teas31
1854,1855,陈虹,2007,吉林大学,依托单位,I194450716,Jilin University,exact,67529.51,https://ror.org/00js3aw79
1855,1856,陈多福,2007,中国科学院广州地球化学研究所,依托单位,I3018690959,Guangzhou Institute of Geochemistry,exact,46284.484,https://ror.org/0356cst02
1856,1857,车小燕,2007,南方医科大学,依托单位,I58200834,Southern Medical University,exact,48235.527,https://ror.org/01vjw4z39
1857,1858,曹务春,2007,中国人民解放军军事科学院军事医学研究院,依托单位,,,none,,
1858,1859,蔡洪滨,2007,北京大学,依托单位,I20231570,Peking University,exact,77618.14,https://ror.org/02v51f717
1859,1860,卜文俊,2007,南开大学,依托单位,I205237279,Nankai University,exact,54575.492,https://ror.org/01y1kjr75
1860,1861,卞修武,2007,中国人民解放军第三军医大学,依托单位,I151075929,Army Medical University,exact,85157.16,https://ror.org/05w21nn13
1861,1862,毕国强,2007,中国科学技术大学,依托单位,I126520041,University of Science and Technology of China,exact,105356.01,https://ror.org/04c4dkn09
1862,1863,白雪冬,2007,中国科学院物理研究所,依托单位,I4210159876,Institute of Physics,exact,48215.63,https://ror.org/05cvf7v30
1863,1864,郑学军,2008,湘潭大学,依托单位,I4610292,Xiangtan University,exact,28858.244,https://ror.org/00xsfaz62
1864,1865,刘青泉,2008,中国科学院力学研究所,依托单位,I4210157653,Institute of Mechanics,exact,22921.729,https://ror.org/057jnjd73
1865,1866,谭文长,2008,北京大学,依托单位,I20231570,Peking University,exact,77618.14,https://ror.org/02v51f717
1866,1867,朱宗宏,2008,北京师范大学,依托单位,I25254941,Beijing Normal University,exact,57501.61,https://ror.org/022k4wk35
1867,1868,王俊贤,2008,中国科学技术大学,依托单位,I126520041,University of Science and Technology of China,exact,105356.01,https://ror.org/04c4dkn09
1868,1869,袁峰,2008,中国科学院上海天文台,依托单位,I2799714274,Shanghai Astronomical Observatory,exact,22856.205,https://ror.org/003n8re58
1869,1870,韩晓东,2008,北京工业大学,依托单位,I37796252,Beijing University of Technology,exact,32980.96,https://ror.org/037b1pp87
1870,1871,吴飙,2008,北京大学,依托单位,I20231570,Peking University,exact,77618.14,https://ror.org/02v51f717
1871,1872,王兵,2008,中国科学技术大学,依托单位,I126520041,University of Science and Technology of China,exact,105356.01,https://ror.org/04c4dkn09
1872,1873,毛基业,2008,中国人民大学,依托单位,I78988378,Renmin University of China,exact,18057.188,https://ror.org/041pakw92
1873,1874,张顺明,2008,中国人民大学,依托单位,I78988378,Renmin University of China,exact,18057.188,https://ror.org/041pakw92
1874,1875,苏育才,2008,中国科学技术大学,依托单位,I126520041,University of Science and Technology of China,exact,105356.01,https://ror.org/04c4dkn09
1875,1876,刘兆理,2008,首都师范大学,依托单位,I96852419,Capital Normal University,exact,24357.684,https://ror.org/005edt527
1876,1877,张伟年,2008,四川大学,依托单位,I24185976,Sichuan University,exact,75979.734,https://ror.org/011ashp19
1877,1878,黄飞敏,2008,中国科学院数学与系统科学研究院,依托单位,I4210120485,Academy of Mathematics and Systems Science,exact,29545.18,https://ror.org/02jkmyk67
1878,1879,胡建勋,2008,中山大学,依托单位,I157773358,Sun Yat-sen University,exact,72368.62,https://ror.org/0064kty71
1879,1880,葛根年,2008,浙江大学,依托单位,I76130692,Zhejiang University,exact,86971.77,https://ror.org/00a2xv884
1880,1881,王在华,2008,南京航空航天大学,依托单位,I9842412,Nanjing University of Aeronautics and Astronautics,exact,50219.07,https://ror.org/01scyh794
1881,1882,卢天健,2008,西安交通大学,依托单位,I87445476,Xi'an Jiaotong University,exact,70856.3,https://ror.org/017zhmm22
1882,1883,张向东,2008,北京师范大学,依托单位,I25254941,Beijing Normal University,exact,57501.61,https://ror.org/022k4wk35
1883,1884,金奎娟,2008,中国科学院物理研究所,依托单位,I4210159876,Institute of Physics,exact,48215.63,https://ror.org/05cvf7v30
1884,1885,方海平,2008,中国科学院上海应用物理研究所,依托单位,I4210123885,Shanghai Institute of Applied Physics,exact,43298.895,https://ror.org/02w6gr951
1885,1886,苑长征,2008,中国科学院高能物理研究所,依托单位,I4210137180,Institute of High Energy Physics,exact,107211.8,https://ror.org/03v8tnc06
1886,1887,周小红,2008,中国科学院近代物理研究所,依托单位,I4210131271,Institute of Modern Physics,exact,38394.246,https://ror.org/03x8rhq63
1887,1888,王恩科,2008,华中师范大学,依托单位,I40963666,Central China Normal University,exact,42120.21,https://ror.org/03x1jna21
1888,1889,王占山,2008,同济大学,依托单位,I116953780,Tongji University,exact,50689.016,https://ror.org/03rc6as71
1889,1890,李新荣,2008,中国科学院寒区旱区环境与工程研究所,依托单位,,,none,,
1890,1891,黄巧云,2008,华中农业大学,依托单位,I204823248,Huazhong Agricultural University,exact,62343.33,https://ror.org/023b72294
1891,1892,岳天祥,2008,中国科学院地理科学与资源研究所,依托单位,I4210160793,Institute of Geographic Sciences and Natural Resources Research,exact,58468.53,https://ror.org/04t1cdb72
1892,1893,秦伯强,2008,中国科学院南京地理与湖泊研究所,依托单位,I4210134482,Nanjing Institute of Geography and Limnology,exact,31844.246,https://ror.org/03k6r8t20
1893,1894,汪筱林,2008,中国科学院古脊椎动物与古人类研究所,依托单位,I4210086287,Institute of Vertebrate Paleontology and Paleoanthropology,exact,26793.828,https://ror.org/0000pmw59
1894,1895,詹仁斌,2008,中国科学院南京地质古生物研究所,依托单位,I4210103797,Nanjing Institute of Geology and Paleontology,exact,22973.246,https://ror.org/019av8481
1895,1896,宋述光,2008,北京大学,依托单位,I20231570,Peking University,exact,77618.14,https://ror.org/02v51f717
1896,1897,刘晓东,2008,中国科学院地球环境研究所,依托单位,I4210159790,Institute of Earth Environment,exact,27424.857,https://ror.org/04nps9965
1897,1898,王岳军,2008,中国科学院广州地球化学研究所,依托单位,I3018690959,Guangzhou Institute of Geochemistry,exact,46284.484,https://ror.org/0356cst02
1898,1899,熊小林,2008,中国科学院广州地球化学研究所,依托单位,I3018690959,Guangzhou Institute of Geochemistry,exact,46284.484,https://ror.org/0356cst02
1899,1900,冯新斌,2008,中国科学院地球化学研究所,依托单位,I4210135735,Institute of Geochemistry,override,,
1900,1901,汪汉胜,2008,中国科学院测量与地球物理研究所,依托单位,I4210105990,Institute of Geodesy and Geophysics,exact,16708.836,https://ror.org/01gkn6j11
1901,1902,张绍东,2008,武汉大学,依托单位,I37461747,Wuhan University,exact,84484.22,https://ror.org/033vjfk17
1902,1903,陈耀,2008,山东大学,依托单位,I154099455,Shandong University,exact,60373.523,https://ror.org/0207yh398
1903,1904,马耀明,2008,中国科学院青藏高原研究所,依托单位,I4210141476,Institute of Tibetan Plateau Research,exact,35735.152,https://ror.org/03zn6c508
1904,1905,廖宏,2008,中国科学院大气物理研究所,依托单位,I4210152758,Institute of Atmospheric Physics,exact,35263.035,https://ror.org/0424h4e32
1905,1906,侯书贵,2008,中国科学院寒区旱区环境与工程研究所,依托单位,,,none,,
1906,1907,袁东亮,2008,中国科学院海洋研究所,依托单位,I4210101167,Institute of Oceanology,exact,45453.11,https://ror.org/018yw5541
1907,1908,李丹,2008,汕头大学,依托单位,I32574673,Shantou University,exact,28960.297,https://ror.org/01a099706
1908,1909,龙腊生,2008,厦门大学,依托单位,I191208505,Xiamen University,exact,63183.082,https://ror.org/00mcjh785
1909,1910,李富友,2008,复旦大学,依托单位,I24943067,Fudan University,exact,92511.14,https://ror.org/013q1eq08
1910,1911,毛江高,2008,中国科学院福建物质结构研究所,依托单位,I4210119098,Fujian Institute of Research on the Structure of Matter,exact,59134.61,https://ror.org/02j89k719
1911,1912,秦勇,2008,四川大学,依托单位,I24185976,Sichuan University,exact,75979.734,https://ror.org/011ashp19
1912,1913,胡金波,2008,中国科学院上海有机化学研究所,依托单位,I4210112946,Shanghai Institute of Organic Chemistry,exact,54384.883,https://ror.org/01y3hvq34
1913,1914,余志祥,2008,北京大学,依托单位,I20231570,Peking University,exact,77618.14,https://ror.org/02v51f717
1914,1915,李艳梅,2008,清华大学,依托单位,I99065089,Tsinghua University,exact,117751.195,https://ror.org/03cve4549
1915,1916,于贵,2008,中国科学院化学研究所,依托单位,I4210155088,Institute of Chemistry,exact,61771.133,https://ror.org/048y1rc66
1916,1917,夏安东,2008,中国科学院化学研究所,依托单位,I4210155088,Institute of Chemistry,exact,61771.133,https://ror.org/048y1rc66
1917,1918,刘智攀,2008,复旦大学,依托单位,I24943067,Fudan University,exact,92511.14,https://ror.org/013q1eq08
1918,1919,马晶,2008,南京大学,依托单位,I881766915,Nanjing University,exact,62417.22,https://ror.org/01rxvg760
1919,1920,刘海超,2008,北京大学,依托单位,I20231570,Peking University,exact,77618.14,https://ror.org/02v51f717
1920,1921,任斌,2008,厦门大学,依托单位,I191208505,Xiamen University,exact,63183.082,https://ror.org/00mcjh785
1921,1922,陈贵海,2008,南京大学,依托单位,I881766915,Nanjing University,exact,62417.22,https://ror.org/01rxvg760
1922,1923,高会军,2008,哈尔滨工业大学,依托单位,I204983213,Harbin Institute of Technology,exact,115718.28,https://ror.org/01yqg2h08
1923,1924,张焕水,2008,山东大学,依托单位,I154099455,Shandong University,exact,60373.523,https://ror.org/0207yh398
1924,1925,李少远,2008,上海交通大学,依托单位,I183067930,Shanghai Jiao Tong University,exact,99965.625,https://ror.org/0220qvk04
1925,1926,房建成,2008,北京航空航天大学,依托单位,I82880672,Beihang University,exact,82779.67,https://ror.org/00wk2mp56
1926,1927,刘成林,2008,中国科学院自动化研究所,依托单位,I4210112150,Institute of Automation,override,,
1927,1928,李远清,2008,华南理工大学,依托单位,I90610280,South China University of Technology,exact,65632.69,https://ror.org/0530pts50
1928,1929,陆海,2008,南京大学,依托单位,I881766915,Nanjing University,exact,62417.22,https://ror.org/01rxvg760
1929,1930,刘明,2008,中国科学院微电子研究所,依托单位,I4210119392,Institute of Microelectronics,exact,38434.207,https://ror.org/02s6gs133
1930,1931,王伯根,2008,南京大学,依托单位,I881766915,Nanjing University,exact,62417.22,https://ror.org/01rxvg760
1931,1932,夏轲,2008,北京师范大学,依托单位,I25254941,Beijing Normal University,exact,57501.61,https://ror.org/022k4wk35
1932,1933,王永生,2008,北京交通大学,依托单位,I21193070,Beijing Jiaotong University,exact,36584.664,https://ror.org/01yj56c84
1933,1934,程亚,2008,中国科学院上海光学精密机械研究所,依托单位,I4210135349,Shanghai Institute of Optics and Fine Mechanics,exact,36784.836,https://ror.org/03g897070
1934,1935,罗先刚,2008,中国科学院光电技术研究所,依托单位,I4210089040,Beijing Institute of Optoelectronic Technology,weak,8674.373,https://ror.org/0099d6q96
1935,1936,李越中,2008,山东大学,依托单位,I154099455,Shandong University,exact,60373.523,https://ror.org/0207yh398
1936,1937,白逢彦,2008,中国科学院微生物研究所,依托单位,I4210134982,Institute of Microbiology,exact,51266.72,https://ror.org/047yhep71
1937,1938,母得志,2008,四川大学,依托单位,I24185976,Sichuan University,exact,75979.734,https://ror.org/011ashp19
1938,1939,张志珺,2008,东南大学,依托单位,I76569877,Southeast University,exact,48708.32,https://ror.org/04ct4d772
1939,1940,胡静,2008,四川大学,依托单位,I24185976,Sichuan University,exact,75979.734,https://ror.org/011ashp19
1940,1941,方向明,2008,浙江大学,依托单位,I76130692,Zhejiang University,exact,86971.77,https://ror.org/00a2xv884
1941,1942,刘强,2008,中山大学,依托单位,I157773358,Sun Yat-sen University,exact,72368.62,https://ror.org/0064kty71
1942,1943,谢渭芬,2008,中国人民解放军第二军医大学,依托单位,I177933477,Second Military Medical University,exact,61741.094,https://ror.org/04tavpn47
1943,1944,翟琦巍,2008,中国科学院上海生命科学研究院,依托单位,I4210106477,Shanghai Institutes for Biological Sciences,exact,56299.793,https://ror.org/011rf9d86
1944,1945,周军,2008,南开大学,依托单位,I205237279,Nankai University,exact,54575.492,https://ror.org/01y1kjr75
1945,1946,彭小忠,2008,中国医学科学院基础医学研究所,依托单位,I4405261629,Institute of Basic Theory for Chinese Medicine,weak,44.365093,https://ror.org/05kf82e36
1946,1947,高翔,2008,南京大学,依托单位,I881766915,Nanjing University,exact,62417.22,https://ror.org/01rxvg760
1947,1948,安华章,2008,中国人民解放军第二军医大学,依托单位,I177933477,Second Military Medical University,exact,61741.094,https://ror.org/04tavpn47
1948,1949,孙坚原,2008,中国科学院生物物理研究所,依托单位,I4210112540,Institute of Biophysics,exact,43632.348,https://ror.org/01tyv8576
1949,1950,罗振革,2008,中国科学院上海生命科学研究院,依托单位,I4210106477,Shanghai Institutes for Biological Sciences,exact,56299.793,https://ror.org/011rf9d86
1950,1951,王海滨,2008,中国科学院动物研究所,依托单位,I4210167311,Institute of Zoology,exact,34200.504,https://ror.org/05skxkv18
1951,1952,吕爱平,2008,中国中医科学院,依托单位,I4210141683,China Academy of Chinese Medical Sciences,exact,13237.629,https://ror.org/042pgcv68
1952,1953,常俊标,2008,郑州大学,依托单位,I38877650,Zhengzhou University,exact,54654.63,https://ror.org/04ypx8c21
1953,1954,石建功,2008,中国医学科学院,依托单位,I200296433,Chinese Academy of Medical Sciences & Peking Union Medical College,exact,67015.46,https://ror.org/02drdmm93
1954,1955,徐宇虹,2008,上海交通大学,依托单位,I183067930,Shanghai Jiao Tong University,exact,99965.625,https://ror.org/0220qvk04
1955,1956,镇学初,2008,苏州大学,依托单位,I3923682,Soochow University,exact,55506.996,https://ror.org/05t8y2r12
1956,1957,朱依谆,2008,复旦大学,依托单位,I24943067,Fudan University,exact,92511.14,https://ror.org/013q1eq08
1957,1958,姜远英,2008,中国人民解放军第二军医大学,依托单位,I177933477,Second Military Medical University,exact,61741.094,https://ror.org/04tavpn47
1958,1959,范英,2008,中国科学院科技政策与管理科学研究所,依托单位,,,none,,
1959,1960,马超群,2008,湖南大学,依托单位,I16609230,Hunan University,exact,52153.906,https://ror.org/05htk5m33
1960,1961,周勇,2008,中国科学院数学与系统科学研究院,依托单位,I4210120485,Academy of Mathematics and Systems Science,exact,29545.18,https://ror.org/02jkmyk67
1961,1962,李仲飞,2008,中山大学,依托单位,I157773358,Sun Yat-sen University,exact,72368.62,https://ror.org/0064kty71
1962,1963,张卫国,2008,华南理工大学,依托单位,I90610280,South China University of Technology,exact,65632.69,https://ror.org/0530pts50
1963,1964,刘明远,2008,吉林大学,依托单位,I194450716,Jilin University,exact,67529.51,https://ror.org/00js3aw79
1964,1965,杨汉春,2008,中国农业大学,依托单位,I52158045,China Agricultural University,exact,58946.74,https://ror.org/04v3ywz14
1965,1966,陈化兰,2008,中国农业科学院哈尔滨兽医研究所,依托单位,I72212903,Harbin Veterinary Research Institute,exact,35417.207,https://ror.org/034e92n57
1966,1967,沈华浩,2008,浙江大学,依托单位,I76130692,Zhejiang University,exact,86971.77,https://ror.org/00a2xv884
1967,1968,朱依纯,2008,复旦大学,依托单位,I24943067,Fudan University,exact,92511.14,https://ror.org/013q1eq08
1968,1969,杜杰,2008,首都医科大学,依托单位,I183519381,Capital Medical University,exact,70254.805,https://ror.org/013xs5b60
1969,1970,乔杰,2008,北京大学,依托单位,I20231570,Peking University,exact,77618.14,https://ror.org/02v51f717
1970,1971,张宏,2008,北京大学,依托单位,I20231570,Peking University,exact,77618.14,https://ror.org/02v51f717
1971,1972,程涛,2008,中国医学科学院,依托单位,I200296433,Chinese Academy of Medical Sciences & Peking Union Medical College,exact,67015.46,https://ror.org/02drdmm93
1972,1973,胡豫,2008,华中科技大学,依托单位,I47720641,Huazhong University of Science and Technology,exact,83397.086,https://ror.org/00p991c53
1973,1974,彭金荣,2008,浙江大学,依托单位,I76130692,Zhejiang University,exact,86971.77,https://ror.org/00a2xv884
1974,1975,陈大华,2008,中国科学院动物研究所,依托单位,I4210167311,Institute of Zoology,exact,34200.504,https://ror.org/05skxkv18
1975,1976,应义斌,2008,浙江大学,依托单位,I76130692,Zhejiang University,exact,86971.77,https://ror.org/00a2xv884
1976,1977,李召虎,2008,中国农业大学,依托单位,I52158045,China Agricultural University,exact,58946.74,https://ror.org/04v3ywz14
1977,1978,储成才,2008,中国科学院遗传与发育生物学研究所,依托单位,I4210124606,Institute of Genetics and Developmental Biology,weak,57183.465,https://ror.org/02aee5m12
1978,1979,刘永胜,2008,四川大学,依托单位,I24185976,Sichuan University,exact,75979.734,https://ror.org/011ashp19
1979,1980,吕建雄,2008,中国林业科学研究院,依托单位,I4210128615,Chinese Academy of Forestry,exact,27164.004,https://ror.org/0360dkv71
1980,1981,梁萍,2008,中国人民解放军总医院,依托单位,I2802939634,Chinese PLA General Hospital,exact,55320.848,https://ror.org/04gw3ra78
1981,1982,张林琦,2008,清华大学,依托单位,I99065089,Tsinghua University,exact,117751.195,https://ror.org/03cve4549
1982,1983,周平坤,2008,中国人民解放军军事医学科学院,依托单位,I2802541053,Academy of Military Medical Sciences,exact,40758.62,https://ror.org/02bv3c993
1983,1984,陈家旭,2008,北京中医药大学,依托单位,I17747738,Beijing University of Chinese Medicine,exact,27916.79,https://ror.org/05damtm70
1984,1985,孙宝德,2008,上海交通大学,依托单位,I183067930,Shanghai Jiao Tong University,exact,99965.625,https://ror.org/0220qvk04
1985,1986,张海峰,2008,中国科学院金属研究所,依托单位,I4210126304,Institute of Metal Research,override,,
1986,1987,张宪民,2008,华南理工大学,依托单位,I90610280,South China University of Technology,exact,65632.69,https://ror.org/0530pts50
1987,1988,焦宗夏,2008,北京航空航天大学,依托单位,I82880672,Beihang University,exact,82779.67,https://ror.org/00wk2mp56
1988,1989,路新春,2008,清华大学,依托单位,I99065089,Tsinghua University,exact,117751.195,https://ror.org/03cve4549
1989,1990,徐西鹏,2008,华侨大学,依托单位,I119045251,Huaqiao University,exact,22126.688,https://ror.org/03frdh605
1990,1991,邵新宇,2008,华中科技大学,依托单位,I47720641,Huazhong University of Science and Technology,exact,83397.086,https://ror.org/00p991c53
1991,1992,邱利民,2008,浙江大学,依托单位,I76130692,Zhejiang University,exact,86971.77,https://ror.org/00a2xv884
1992,1993,徐进良,2008,华北电力大学,依托单位,I153473198,North China Electric Power University,exact,38219.625,https://ror.org/04qr5t414
1993,1994,廖强,2008,重庆大学,依托单位,I158842170,Chongqing University,exact,48851.953,https://ror.org/023rhb549
1994,1995,李亮,2008,华中科技大学,依托单位,I47720641,Huazhong University of Science and Technology,exact,83397.086,https://ror.org/00p991c53
1995,1996,夏长亮,2008,天津大学,依托单位,I162868743,Tianjin University,exact,61022.258,https://ror.org/012tb2g32
1996,1997,胡洪营,2008,清华大学,依托单位,I99065089,Tsinghua University,exact,117751.195,https://ror.org/03cve4549
1997,1998,李爱民,2008,南京大学,依托单位,I881766915,Nanjing University,exact,62417.22,https://ror.org/01rxvg760
1998,1999,黄茂松,2008,同济大学,依托单位,I116953780,Tongji University,exact,50689.016,https://ror.org/03rc6as71
1999,2000,袁寿其,2008,江苏大学,依托单位,I115592961,Jiangsu University,exact,44892.11,https://ror.org/03jc41j30
2000,2001,刘汉龙,2008,河海大学,依托单位,I163340411,Hohai University,exact,30510.945,https://ror.org/01wd4xt90
2001,2002,廖桂生,2008,西安电子科技大学,依托单位,I149594827,Xidian University,exact,38626.223,https://ror.org/05s92vm98
2002,2003,胡卫生,2008,上海交通大学,依托单位,I183067930,Shanghai Jiao Tong University,exact,99965.625,https://ror.org/0220qvk04
2003,2004,夏明耀,2008,北京大学,依托单位,I20231570,Peking University,exact,77618.14,https://ror.org/02v51f717
2004,2005,王均宏,2008,北京交通大学,依托单位,I21193070,Beijing Jiaotong University,exact,36584.664,https://ror.org/01yj56c84
2005,2006,尹宝才,2008,北京工业大学,依托单位,I37796252,Beijing University of Technology,exact,32980.96,https://ror.org/037b1pp87
2006,2007,周昆,2008,浙江大学,依托单位,I76130692,Zhejiang University,exact,86971.77,https://ror.org/00a2xv884
2007,2008,胡卫明,2008,中国科学院自动化研究所,依托单位,I4210112150,Institute of Automation,override,,
2008,2009,郑庆华,2008,西安交通大学,依托单位,I87445476,Xi'an Jiaotong University,exact,70856.3,https://ror.org/017zhmm22
2009,2010,贺跃辉,2008,中南大学,依托单位,I139660479,Central South University,exact,66159.63,https://ror.org/00f1zfq44
2010,2011,彭栋梁,2008,厦门大学,依托单位,I191208505,Xiamen University,exact,63183.082,https://ror.org/00mcjh785
2011,2012,曹学强,2008,中国科学院长春应用化学研究所,依托单位,I4210092888,Changchun Institute of Applied Chemistry,exact,82828.11,https://ror.org/00h52n341
2012,2013,杨文胜,2008,吉林大学,依托单位,I194450716,Jilin University,exact,67529.51,https://ror.org/00js3aw79
2013,2014,姜开利,2008,清华大学,依托单位,I99065089,Tsinghua University,exact,117751.195,https://ror.org/03cve4549
2014,2015,顾长志,2008,中国科学院物理研究所,依托单位,I4210159876,Institute of Physics,exact,48215.63,https://ror.org/05cvf7v30
2015,2016,张文清,2008,中国科学院上海硅酸盐研究所,依托单位,I4210163874,Shanghai Institute of Ceramics,exact,59467.965,https://ror.org/05etnz140
2016,2017,黄云辉,2008,华中科技大学,依托单位,I47720641,Huazhong University of Science and Technology,exact,83397.086,https://ror.org/00p991c53
2017,2018,解孝林,2008,华中科技大学,依托单位,I47720641,Huazhong University of Science and Technology,exact,83397.086,https://ror.org/00p991c53
2018,2019,陈道勇,2008,复旦大学,依托单位,I24943067,Fudan University,exact,92511.14,https://ror.org/013q1eq08
2019,2020,张晓宏,2008,中国科学院理化技术研究所,依托单位,I4210140689,Technical Institute of Physics and Chemistry,exact,36806.484,https://ror.org/04akaak77
2020,2021,申有青,2008,浙江大学,依托单位,I76130692,Zhejiang University,exact,86971.77,https://ror.org/00a2xv884
2021,2022,张所波,2008,中国科学院长春应用化学研究所,依托单位,I4210092888,Changchun Institute of Applied Chemistry,exact,82828.11,https://ror.org/00h52n341
2022,2023,王明洋,2008,中国人民解放军理工大学,依托单位,,,none,,
2023,2024,胡文兵,2008,南京大学,依托单位,I881766915,Nanjing University,exact,62417.22,https://ror.org/01rxvg760
2024,2025,孙平川,2008,南开大学,依托单位,I205237279,Nankai University,exact,54575.492,https://ror.org/01y1kjr75
2025,2026,梁鑫淼,2008,中国科学院大连化学物理研究所,依托单位,I180585399,Dalian Institute of Chemical Physics,exact,65201.16,https://ror.org/00prkya54
2026,2027,方群,2008,浙江大学,依托单位,I76130692,Zhejiang University,exact,86971.77,https://ror.org/00a2xv884
2027,2028,郭良宏,2008,中国科学院生态环境研究中心,依托单位,I4210144289,Research Center for Eco-Environmental Sciences,exact,59822.87,https://ror.org/03rpsvy57
2028,2029,唐惠儒,2008,中国科学院武汉物理与数学研究所,依托单位,I4210099135,Wuhan Institute of Physics and Mathematics,exact,30681.508,https://ror.org/00zky9d41
2029,2030,褚良银,2008,四川大学,依托单位,I24185976,Sichuan University,exact,75979.734,https://ror.org/011ashp19
2030,2031,董晋湘,2008,太原理工大学,依托单位,I9086337,Taiyuan University of Technology,exact,38365.03,https://ror.org/03kv08d37
2031,2032,鲍晓军,2008,中国石油大学(北京),依托单位,I4210162190,"China University of Petroleum, East China",exact,37922.176,https://ror.org/05gbn2817
2032,2033,李和兴,2008,上海师范大学,依托单位,I21945476,Shanghai Normal University,exact,23578.709,https://ror.org/01cxqmw89
2033,2034,沈宝龙,2008,中国科学院宁波材料技术与工程研究所,依托单位,I4210165339,Ningbo Institute of Industrial Technology,exact,57935.277,https://ror.org/05nqg3g04
2034,2035,徐旭东,2008,中国科学院水生生物研究所,依托单位,I4210089584,Institute of Hydrobiology,weak,27440.992,https://ror.org/00b4mx203
2035,2036,朱瑞良,2008,华东师范大学,依托单位,I66867065,East China Normal University,exact,47665.625,https://ror.org/02n96ep67
2036,2037,黄双全,2008,武汉大学,依托单位,I37461747,Wuhan University,exact,84484.22,https://ror.org/033vjfk17
2037,2038,白永飞,2008,中国科学院植物研究所,依托单位,I4210158097,Institute of Botany,exact,42323.688,https://ror.org/05hr3ch11
2038,2039,彩万志,2008,中国农业大学,依托单位,I52158045,China Agricultural University,exact,58946.74,https://ror.org/04v3ywz14
2039,2040,黄勇平,2008,中国科学院上海生命科学研究院,依托单位,I4210106477,Shanghai Institutes for Biological Sciences,exact,56299.793,https://ror.org/011rf9d86
2040,2041,施一公,2008,清华大学,依托单位,I99065089,Tsinghua University,exact,117751.195,https://ror.org/03cve4549
2041,2042,常进,2009,中国科学院紫金山天文台,依托单位,I2802340896,Purple Mountain Observatory,exact,19069.03,https://ror.org/02eb4t121
2042,2043,殷战,2009,中国科学院水生生物研究所,依托单位,I4210089584,Institute of Hydrobiology,weak,27440.992,https://ror.org/00b4mx203
2043,2044,王根绪,2009,中国科学院水利部成都山地灾害与环境研究所,依托单位,I4210124748,Institute of Mountain Hazards and Environment,exact,31004.584,https://ror.org/02z0nsb22
2044,2045,陈云飞,2009,东南大学,依托单位,I76569877,Southeast University,exact,48708.32,https://ror.org/04ct4d772
2045,2046,李京波,2009,中国科学院半导体研究所,依托单位,I4210149211,Institute of Semiconductors,exact,44368.86,https://ror.org/048dd0611
2046,2047,宋宏伟,2009,吉林大学,依托单位,I194450716,Jilin University,exact,67529.51,https://ror.org/00js3aw79
2047,2048,张志学,2009,北京大学,依托单位,I20231570,Peking University,exact,77618.14,https://ror.org/02v51f717
2048,2049,郭旭,2009,大连理工大学,依托单位,I27357992,Dalian University of Technology,exact,64610.99,https://ror.org/023hj5876
2049,2050,张卫红,2009,西北工业大学,依托单位,I17145004,Northwestern Polytechnical University,exact,39779.9,https://ror.org/01y0j0j86
2050,2051,王清远,2009,四川大学,依托单位,I24185976,Sichuan University,exact,75979.734,https://ror.org/011ashp19
2051,2052,许春晓,2009,清华大学,依托单位,I99065089,Tsinghua University,exact,117751.195,https://ror.org/03cve4549
2052,2053,樊瑜波,2009,北京航空航天大学,依托单位,I82880672,Beihang University,exact,82779.67,https://ror.org/00wk2mp56
2053,2054,杨小虎,2009,中国科学院上海天文台,依托单位,I2799714274,Shanghai Astronomical Observatory,exact,22856.205,https://ror.org/003n8re58
2054,2055,周济林,2009,南京大学,依托单位,I881766915,Nanjing University,exact,62417.22,https://ror.org/01rxvg760
2055,2056,吴义政,2009,复旦大学,依托单位,I24943067,Fudan University,exact,92511.14,https://ror.org/013q1eq08
2056,2057,王亚愚,2009,清华大学,依托单位,I99065089,Tsinghua University,exact,117751.195,https://ror.org/03cve4549
2057,2058,王金霞,2009,中国科学院地理科学与资源研究所,依托单位,I4210160793,Institute of Geographic Sciences and Natural Resources Research,exact,58468.53,https://ror.org/04t1cdb72
2058,2059,颜立新,2009,中山大学,依托单位,I157773358,Sun Yat-sen University,exact,72368.62,https://ror.org/0064kty71
2059,2060,肖冬梅,2009,上海交通大学,依托单位,I183067930,Shanghai Jiao Tong University,exact,99965.625,https://ror.org/0220qvk04
2060,2061,赵会江,2009,武汉大学,依托单位,I37461747,Wuhan University,exact,84484.22,https://ror.org/033vjfk17
2061,2062,屈长征,2009,西北大学,依托单位,I37802460,Northwest University,exact,25357.496,https://ror.org/00z3td547
2062,2063,郭先平,2009,中山大学,依托单位,I157773358,Sun Yat-sen University,exact,72368.62,https://ror.org/0064kty71
2063,2064,李洪波,2009,中国科学院数学与系统科学研究院,依托单位,I4210120485,Academy of Mathematics and Systems Science,exact,29545.18,https://ror.org/02jkmyk67
2064,2065,汤华中,2009,北京大学,依托单位,I20231570,Peking University,exact,77618.14,https://ror.org/02v51f717
2065,2066,柳晓军,2009,中国科学院武汉物理与数学研究所,依托单位,I4210099135,Wuhan Institute of Physics and Mathematics,exact,30681.508,https://ror.org/00zky9d41
2066,2067,李玉同,2009,中国科学院物理研究所,依托单位,I4210159876,Institute of Physics,exact,48215.63,https://ror.org/05cvf7v30
2067,2068,潘建伟,2009,中国科学技术大学,依托单位,I126520041,University of Science and Technology of China,exact,105356.01,https://ror.org/04c4dkn09
2068,2069,颜永红,2009,中国科学院声学研究所,依托单位,I4210099069,Institute of Acoustics,exact,19040.988,https://ror.org/00v8rqv75
2069,2070,赵鸿,2009,厦门大学,依托单位,I191208505,Xiamen University,exact,63183.082,https://ror.org/00mcjh785
2070,2071,郑汉青,2009,北京大学,依托单位,I20231570,Peking University,exact,77618.14,https://ror.org/02v51f717
2071,2072,徐瑚珊,2009,中国科学院近代物理研究所,依托单位,I4210131271,Institute of Modern Physics,exact,38394.246,https://ror.org/03x8rhq63
2072,2073,陈峰,2009,山东大学,依托单位,I154099455,Shandong University,exact,60373.523,https://ror.org/0207yh398
2073,2074,唐传祥,2009,清华大学,依托单位,I99065089,Tsinghua University,exact,117751.195,https://ror.org/03cve4549
2074,2075,潘保田,2009,兰州大学,依托单位,I76214153,Lanzhou University,exact,55239.18,https://ror.org/01mkqqe32
2075,2076,陈利顶,2009,中国科学院生态环境研究中心,依托单位,I4210144289,Research Center for Eco-Environmental Sciences,exact,59822.87,https://ror.org/03rpsvy57
2076,2077,李新,2009,中国科学院寒区旱区环境与工程研究所,依托单位,,,none,,
2077,2078,张兴亮,2009,西北大学,依托单位,I37802460,Northwest University,exact,25357.496,https://ror.org/00z3td547
2078,2079,张招崇,2009,中国地质大学(北京),依托单位,I3125743391,China University of Geosciences (Beijing),exact,38915.188,https://ror.org/04q6c7p66
2079,2080,杨进辉,2009,中国科学院地质与地球物理研究所,依托单位,I4210126061,Institute of Geology and Geophysics,exact,56218.027,https://ror.org/030vmwa78
2080,2081,刘志飞,2009,同济大学,依托单位,I116953780,Tongji University,exact,50689.016,https://ror.org/03rc6as71
2081,2082,曹军骥,2009,中国科学院地球环境研究所,依托单位,I4210159790,Institute of Earth Environment,exact,27424.857,https://ror.org/04nps9965
2082,2083,姚俊,2009,中国地质大学(武汉),依托单位,I3124059619,China University of Geosciences,override,,
2083,2084,贾永锋,2009,中国科学院沈阳应用生态研究所,依托单位,I4210110024,Institute of Applied Ecology,exact,32234.906,https://ror.org/01thb7525
2084,2085,邓成龙,2009,中国科学院地质与地球物理研究所,依托单位,I4210126061,Institute of Geology and Geophysics,exact,56218.027,https://ror.org/030vmwa78
2085,2086,符力耘,2009,中国科学院地质与地球物理研究所,依托单位,I4210126061,Institute of Geology and Geophysics,exact,56218.027,https://ror.org/030vmwa78
2086,2087,肖伏良,2009,长沙理工大学,依托单位,I56934997,Changsha University of Science and Technology,exact,21798.738,https://ror.org/03yph8055
2087,2088,刘屹岷,2009,中国科学院大气物理研究所,依托单位,I4210152758,Institute of Atmospheric Physics,exact,35263.035,https://ror.org/0424h4e32
2088,2089,葛茂发,2009,中国科学院化学研究所,依托单位,I4210155088,Institute of Chemistry,exact,61771.133,https://ror.org/048y1rc66
2089,2090,刘素美,2009,中国海洋大学,依托单位,I59028903,Ocean University of China,exact,39370.42,https://ror.org/04rdtx186
2090,2091,黄邦钦,2009,厦门大学,依托单位,I191208505,Xiamen University,exact,63183.082,https://ror.org/00mcjh785
2091,2092,张献明,2009,山西师范大学,依托单位,,,none,,
2092,2093,郑南峰,2009,厦门大学,依托单位,I191208505,Xiamen University,exact,63183.082,https://ror.org/00mcjh785
2093,2094,苏伟平,2009,中国科学院福建物质结构研究所,依托单位,I4210119098,Fujian Institute of Research on the Structure of Matter,exact,59134.61,https://ror.org/02j89k719
2094,2095,燕红,2009,南京大学,依托单位,I881766915,Nanjing University,exact,62417.22,https://ror.org/01rxvg760
2095,2096,施章杰,2009,北京大学,依托单位,I20231570,Peking University,exact,77618.14,https://ror.org/02v51f717
2096,2097,张洪彬,2009,云南大学,依托单位,I189210763,Yunnan University,exact,21871.463,https://ror.org/0040axw97
2097,2098,夏海平,2009,厦门大学,依托单位,I191208505,Xiamen University,exact,63183.082,https://ror.org/00mcjh785
2098,2099,杨光富,2009,华中师范大学,依托单位,I40963666,Central China Normal University,exact,42120.21,https://ror.org/03x1jna21
2099,2100,翁羽翔,2009,中国科学院物理研究所,依托单位,I4210159876,Institute of Physics,exact,48215.63,https://ror.org/05cvf7v30
2100,2101,付红兵,2009,中国科学院化学研究所,依托单位,I4210155088,Institute of Chemistry,exact,61771.133,https://ror.org/048y1rc66
2101,2102,罗毅,2009,中国科学技术大学,依托单位,I126520041,University of Science and Technology of China,exact,105356.01,https://ror.org/04c4dkn09
2102,2103,吴鹏,2009,华东师范大学,依托单位,I66867065,East China Normal University,exact,47665.625,https://ror.org/02n96ep67
2103,2104,夏永姚,2009,复旦大学,依托单位,I24943067,Fudan University,exact,92511.14,https://ror.org/013q1eq08
2104,2105,马华东,2009,北京邮电大学,依托单位,I139759216,Beijing University of Posts and Telecommunications,exact,39428.2,https://ror.org/04w9fbh59
2105,2106,孙振东,2009,华南理工大学,依托单位,I90610280,South China University of Technology,exact,65632.69,https://ror.org/0530pts50
2106,2107,郭雷,2009,北京航空航天大学,依托单位,I82880672,Beihang University,exact,82779.67,https://ror.org/00wk2mp56
2107,2108,陈杰,2009,北京理工大学,依托单位,I125839683,Beijing Institute of Technology,exact,60847.0,https://ror.org/01skt4w74
2108,2109,黄强,2009,北京理工大学,依托单位,I125839683,Beijing Institute of Technology,exact,60847.0,https://ror.org/01skt4w74
2109,2110,赵德刚,2009,中国科学院半导体研究所,依托单位,I4210149211,Institute of Semiconductors,exact,44368.86,https://ror.org/048dd0611
2110,2111,张兴,2009,北京大学,依托单位,I20231570,Peking University,exact,77618.14,https://ror.org/02v51f717
2111,2112,刘永,2009,电子科技大学,依托单位,I150229711,University of Electronic Science and Technology of China,exact,50616.445,https://ror.org/04qr3zq92
2112,2113,林强,2009,浙江大学,依托单位,I76130692,Zhejiang University,exact,86971.77,https://ror.org/00a2xv884
2113,2114,陆培祥,2009,华中科技大学,依托单位,I47720641,Huazhong University of Science and Technology,exact,83397.086,https://ror.org/00p991c53
2114,2115,汪国平,2009,武汉大学,依托单位,I37461747,Wuhan University,exact,84484.22,https://ror.org/033vjfk17
2115,2116,姚永刚,2009,中国科学院昆明动物研究所,依托单位,I18489884,Kunming Institute of Zoology,exact,36663.89,https://ror.org/03m0vk445
2116,2117,梁廷波,2009,浙江大学,依托单位,I76130692,Zhejiang University,exact,86971.77,https://ror.org/00a2xv884
2117,2118,熊志奇,2009,中国科学院上海生命科学研究院,依托单位,I4210106477,Shanghai Institutes for Biological Sciences,exact,56299.793,https://ror.org/011rf9d86
2118,2119,施焕中,2009,华中科技大学,依托单位,I47720641,Huazhong University of Science and Technology,exact,83397.086,https://ror.org/00p991c53
2119,2120,殷善开,2009,上海交通大学,依托单位,I183067930,Shanghai Jiao Tong University,exact,99965.625,https://ror.org/0220qvk04
2120,2121,李青峰,2009,上海交通大学,依托单位,I183067930,Shanghai Jiao Tong University,exact,99965.625,https://ror.org/0220qvk04
2121,2122,钱其军,2009,中国人民解放军第二军医大学,依托单位,I177933477,Second Military Medical University,exact,61741.094,https://ror.org/04tavpn47
2122,2123,宋保亮,2009,中国科学院上海生命科学研究院,依托单位,I4210106477,Shanghai Institutes for Biological Sciences,exact,56299.793,https://ror.org/011rf9d86
2123,2124,王学路,2009,复旦大学,依托单位,I24943067,Fudan University,exact,92511.14,https://ror.org/013q1eq08
2124,2125,潘俊敏,2009,清华大学,依托单位,I99065089,Tsinghua University,exact,117751.195,https://ror.org/03cve4549
2125,2126,刘小龙,2009,中国科学院上海生命科学研究院,依托单位,I4210106477,Shanghai Institutes for Biological Sciences,exact,56299.793,https://ror.org/011rf9d86
2126,2127,王韵,2009,北京大学,依托单位,I20231570,Peking University,exact,77618.14,https://ror.org/02v51f717
2127,2128,方方,2009,北京大学,依托单位,I20231570,Peking University,exact,77618.14,https://ror.org/02v51f717
2128,2129,李蓬,2009,清华大学,依托单位,I99065089,Tsinghua University,exact,117751.195,https://ror.org/03cve4549
2129,2130,罗凌飞,2009,西南大学,依托单位,I142108993,Southwest University,exact,34025.31,https://ror.org/01kj4z117
2130,2131,陈道峰,2009,复旦大学,依托单位,I24943067,Fudan University,exact,92511.14,https://ror.org/013q1eq08
2131,2132,叶阳,2009,中国科学院上海药物研究所,依托单位,I4210112820,Shanghai Institute of Materia Medica,exact,49811.605,https://ror.org/022syn853
2132,2133,李川,2009,中国科学院上海药物研究所,依托单位,I4210112820,Shanghai Institute of Materia Medica,exact,49811.605,https://ror.org/022syn853
2133,2134,阿吉艾克拜尔·艾萨,2009,中国科学院新疆理化技术研究所,依托单位,I4210106108,Xinjiang Technical Institute of Physics & Chemistry,exact,25288.424,https://ror.org/00x44h034
2134,2135,娄红祥,2009,山东大学,依托单位,I154099455,Shandong University,exact,60373.523,https://ror.org/0207yh398
2135,2136,车永胜,2009,中国科学院微生物研究所,依托单位,I4210134982,Institute of Microbiology,exact,51266.72,https://ror.org/047yhep71
2136,2137,胡立宏,2009,中国科学院上海药物研究所,依托单位,I4210112820,Shanghai Institute of Materia Medica,exact,49811.605,https://ror.org/022syn853
2137,2138,李亚平,2009,中国科学院上海药物研究所,依托单位,I4210112820,Shanghai Institute of Materia Medica,exact,49811.605,https://ror.org/022syn853
2138,2139,王应明,2009,福州大学,依托单位,I80947539,Fuzhou University,exact,34887.25,https://ror.org/011xvna82
2139,2140,赖明勇,2009,湖南大学,依托单位,I16609230,Hunan University,exact,52153.906,https://ror.org/05htk5m33
2140,2141,李敏强,2009,天津大学,依托单位,I162868743,Tianjin University,exact,61022.258,https://ror.org/012tb2g32
2141,2142,王小群,2009,清华大学,依托单位,I99065089,Tsinghua University,exact,117751.195,https://ror.org/03cve4549
2142,2143,宋林生,2009,中国科学院海洋研究所,依托单位,I4210101167,Institute of Oceanology,exact,45453.11,https://ror.org/018yw5541
2143,2144,曾春雨,2009,中国人民解放军第三军医大学,依托单位,I151075929,Army Medical University,exact,85157.16,https://ror.org/05w21nn13
2144,2145,曾科,2009,南京大学,依托单位,I881766915,Nanjing University,exact,62417.22,https://ror.org/01rxvg760
2145,2146,余学清,2009,中山大学,依托单位,I157773358,Sun Yat-sen University,exact,72368.62,https://ror.org/0064kty71
2146,2147,刘勇,2009,中国科学院上海生命科学研究院,依托单位,I4210106477,Shanghai Institutes for Biological Sciences,exact,56299.793,https://ror.org/011rf9d86
2147,2148,倪中福,2009,中国农业大学,依托单位,I52158045,China Agricultural University,exact,58946.74,https://ror.org/04v3ywz14
2148,2149,林福呈,2009,浙江大学,依托单位,I76130692,Zhejiang University,exact,86971.77,https://ror.org/00a2xv884
2149,2150,王琛柱,2009,中国科学院动物研究所,依托单位,I4210167311,Institute of Zoology,exact,34200.504,https://ror.org/05skxkv18
2150,2151,申建波,2009,中国农业大学,依托单位,I52158045,China Agricultural University,exact,58946.74,https://ror.org/04v3ywz14
2151,2152,庄诗美,2009,中山大学,依托单位,I157773358,Sun Yat-sen University,exact,72368.62,https://ror.org/0064kty71
2152,2153,曾绍群,2009,华中科技大学,依托单位,I47720641,Huazhong University of Science and Technology,exact,83397.086,https://ror.org/00p991c53
2153,2154,夏宁邵,2009,厦门大学,依托单位,I191208505,Xiamen University,exact,63183.082,https://ror.org/00mcjh785
2154,2155,陈雯,2009,中山大学,依托单位,I157773358,Sun Yat-sen University,exact,72368.62,https://ror.org/0064kty71
2155,2156,范景莲,2009,中南大学,依托单位,I139660479,Central South University,exact,66159.63,https://ror.org/00f1zfq44
2156,2157,柴立元,2009,中南大学,依托单位,I139660479,Central South University,exact,66159.63,https://ror.org/00f1zfq44
2157,2158,王树新,2009,天津大学,依托单位,I162868743,Tianjin University,exact,61022.258,https://ror.org/012tb2g32
2158,2159,张福成,2009,燕山大学,依托单位,I39333907,Yanshan University,exact,27737.867,https://ror.org/02txfnf15
2159,2160,梁迎春,2009,哈尔滨工业大学,依托单位,I204983213,Harbin Institute of Technology,exact,115718.28,https://ror.org/01yqg2h08
2160,2161,王时龙,2009,重庆大学,依托单位,I158842170,Chongqing University,exact,48851.953,https://ror.org/023rhb549
2161,2162,于达仁,2009,哈尔滨工业大学,依托单位,I204983213,Harbin Institute of Technology,exact,115718.28,https://ror.org/01yqg2h08
2162,2163,吴慧英,2009,上海交通大学,依托单位,I183067930,Shanghai Jiao Tong University,exact,99965.625,https://ror.org/0220qvk04
2163,2164,齐飞,2009,中国科学技术大学,依托单位,I126520041,University of Science and Technology of China,exact,105356.01,https://ror.org/04c4dkn09
2164,2165,何怡刚,2009,湖南大学,依托单位,I16609230,Hunan University,exact,52153.906,https://ror.org/05htk5m33
2165,2166,王秋良,2009,中国科学院电工研究所,依托单位,I4210128819,Institute of Electrical Engineering,exact,21280.154,https://ror.org/033js6g46
2166,2167,邢锋,2009,深圳大学,依托单位,I180726961,Shenzhen University,exact,49207.62,https://ror.org/01vy4gh70
2167,2168,何川,2009,西南交通大学,依托单位,I4800084,Southwest Jiaotong University,exact,43900.805,https://ror.org/00hn7w693
2168,2169,朱宏平,2009,华中科技大学,依托单位,I47720641,Huazhong University of Science and Technology,exact,83397.086,https://ror.org/00p991c53
2169,2170,戴会超,2009,三峡大学,依托单位,I161350542,China Three Gorges University,exact,18761.945,https://ror.org/0419nfc77
2170,2171,郑宏,2009,中国科学院武汉岩土力学研究所,依托单位,I4210140379,Institute of Rock and Soil Mechanics,exact,21185.805,https://ror.org/0366c6s65
2171,2172,杨强,2009,清华大学,依托单位,I99065089,Tsinghua University,exact,117751.195,https://ror.org/03cve4549
2172,2173,牛志升,2009,清华大学,依托单位,I99065089,Tsinghua University,exact,117751.195,https://ror.org/03cve4549
2173,2174,高西奇,2009,东南大学,依托单位,I76569877,Southeast University,exact,48708.32,https://ror.org/04ct4d772
2174,2175,王永良,2009,中国人民解放军空军雷达学院,依托单位,,,none,,
2175,2176,陈军,2009,中山大学,依托单位,I157773358,Sun Yat-sen University,exact,72368.62,https://ror.org/0064kty71
2176,2177,陈清,2009,北京大学,依托单位,I20231570,Peking University,exact,77618.14,https://ror.org/02v51f717
2177,2178,周傲英,2009,华东师范大学,依托单位,I66867065,East China Normal University,exact,47665.625,https://ror.org/02n96ep67
2178,2179,孙凝晖,2009,中国科学院计算技术研究所,依托单位,I4210090176,Institute of Computing Technology,exact,35008.836,https://ror.org/0090r4d87
2179,2180,舒继武,2009,清华大学,依托单位,I99065089,Tsinghua University,exact,117751.195,https://ror.org/03cve4549
2180,2181,汪国平,2009,北京大学,依托单位,I20231570,Peking University,exact,77618.14,https://ror.org/02v51f717
2181,2182,薛德胜,2009,兰州大学,依托单位,I76214153,Lanzhou University,exact,55239.18,https://ror.org/01mkqqe32
2182,2183,蒋成保,2009,北京航空航天大学,依托单位,I82880672,Beihang University,exact,82779.67,https://ror.org/00wk2mp56
2183,2184,孙大林,2009,复旦大学,依托单位,I24943067,Fudan University,exact,92511.14,https://ror.org/013q1eq08
2184,2185,单智伟,2009,西安交通大学,依托单位,I87445476,Xi'an Jiaotong University,exact,70856.3,https://ror.org/017zhmm22
2185,2186,刘宏,2009,山东大学,依托单位,I154099455,Shandong University,exact,60373.523,https://ror.org/0207yh398
2186,2187,张弛,2009,江苏大学,依托单位,I115592961,Jiangsu University,exact,44892.11,https://ror.org/03jc41j30
2187,2188,王育华,2009,兰州大学,依托单位,I76214153,Lanzhou University,exact,55239.18,https://ror.org/01mkqqe32
2188,2189,朱美芳,2009,东华大学,依托单位,I181326427,Donghua University,exact,28040.521,https://ror.org/035psfh38
2189,2190,顾忠泽,2009,东南大学,依托单位,I76569877,Southeast University,exact,48708.32,https://ror.org/04ct4d772
2190,2191,林嘉平,2009,华东理工大学,依托单位,I143593769,East China University of Science and Technology,exact,41751.324,https://ror.org/01vyrm377
2191,2192,王笃金,2009,中国科学院化学研究所,依托单位,I4210155088,Institute of Chemistry,exact,61771.133,https://ror.org/048y1rc66
2192,2193,路庆华,2009,上海交通大学,依托单位,I183067930,Shanghai Jiao Tong University,exact,99965.625,https://ror.org/0220qvk04
2193,2194,李忠明,2009,四川大学,依托单位,I24185976,Sichuan University,exact,75979.734,https://ror.org/011ashp19
2194,2195,蒋官澄,2009,中国石油大学(华东),依托单位,I4210162190,"China University of Petroleum, East China",exact,37922.176,https://ror.org/05gbn2817
2195,2196,朱苗勇,2009,东北大学,依托单位,I9224756,Northeastern University,exact,34939.227,https://ror.org/03awzbc87
2196,2197,李宝会,2009,南开大学,依托单位,I205237279,Nankai University,exact,54575.492,https://ror.org/01y1kjr75
2197,2198,赵江,2009,中国科学院化学研究所,依托单位,I4210155088,Institute of Chemistry,exact,61771.133,https://ror.org/048y1rc66
2198,2199,杨小牛,2009,中国科学院长春应用化学研究所,依托单位,I4210092888,Changchun Institute of Applied Chemistry,exact,82828.11,https://ror.org/00h52n341
2199,2200,刘宝红,2009,复旦大学,依托单位,I24943067,Fudan University,exact,92511.14,https://ror.org/013q1eq08
2200,2201,张忠平,2009,中国科学院合肥物质科学研究院,依托单位,I2802624667,Hefei Institutes of Physical Science,exact,31531.92,https://ror.org/046n57345
2201,2202,李正平,2009,河北大学,依托单位,I43337087,Hebei University,exact,12447.408,https://ror.org/01p884a79
2202,2203,李根喜,2009,上海大学,依托单位,I113940042,Shanghai University,exact,33911.445,https://ror.org/006teas31
2203,2204,陈光进,2009,中国石油大学(北京),依托单位,I4210162190,"China University of Petroleum, East China",exact,37922.176,https://ror.org/05gbn2817
2204,2205,邱学青,2009,华南理工大学,依托单位,I90610280,South China University of Technology,exact,65632.69,https://ror.org/0530pts50
2205,2206,李春忠,2009,华东理工大学,依托单位,I143593769,East China University of Science and Technology,exact,41751.324,https://ror.org/01vyrm377
2206,2207,朱永法,2009,清华大学,依托单位,I99065089,Tsinghua University,exact,117751.195,https://ror.org/03cve4549
2207,2208,朱本占,2009,中国科学院生态环境研究中心,依托单位,I4210144289,Research Center for Eco-Environmental Sciences,exact,59822.87,https://ror.org/03rpsvy57
2208,2209,向华,2009,中国科学院微生物研究所,依托单位,I4210134982,Institute of Microbiology,exact,51266.72,https://ror.org/047yhep71
2209,2210,林敏,2009,中国农业科学院生物技术研究所,依托单位,I4210167153,Biotechnology Research Institute,exact,22736.68,https://ror.org/05vm76w92
2210,2211,郭德银,2009,武汉大学,依托单位,I37461747,Wuhan University,exact,84484.22,https://ror.org/033vjfk17
2211,2212,钟扬,2009,复旦大学,依托单位,I24943067,Fudan University,exact,92511.14,https://ror.org/013q1eq08
2212,2213,黄继荣,2009,中国科学院上海生命科学研究院,依托单位,I4210106477,Shanghai Institutes for Biological Sciences,exact,56299.793,https://ror.org/011rf9d86
2213,2214,张劲松,2009,中国科学院遗传与发育生物学研究所,依托单位,I4210124606,Institute of Genetics and Developmental Biology,weak,57183.465,https://ror.org/02aee5m12
2214,2215,杨仲南,2009,上海师范大学,依托单位,I21945476,Shanghai Normal University,exact,23578.709,https://ror.org/01cxqmw89
2215,2216,万师强,2009,河南大学,依托单位,I173899330,Henan University,exact,25556.334,https://ror.org/003xyzq10
2216,2217,傅声雷,2009,中国科学院华南植物园,依托单位,I4210120696,South China Botanical Garden,exact,22661.066,https://ror.org/01xqdxh54
2217,2218,雷富民,2009,中国科学院动物研究所,依托单位,I4210167311,Institute of Zoology,exact,34200.504,https://ror.org/05skxkv18
2218,2219,刘迎芳,2009,中国科学院生物物理研究所,依托单位,I4210112540,Institute of Biophysics,exact,43632.348,https://ror.org/01tyv8576
2219,2220,许瑞明,2009,中国科学院生物物理研究所,依托单位,I4210112540,Institute of Biophysics,exact,43632.348,https://ror.org/01tyv8576
2220,2221,甘少波,2010,北京大学,依托单位,I20231570,Peking University,exact,77618.14,https://ror.org/02v51f717
2221,2222,郭建华,2010,东北师范大学,依托单位,I184983240,Northeast Normal University,exact,38794.863,https://ror.org/02rkvz144
2222,2223,傅吉祥,2010,复旦大学,依托单位,I24943067,Fudan University,exact,92511.14,https://ror.org/013q1eq08
2223,2224,芮和兵,2010,华东师范大学,依托单位,I66867065,East China Normal University,exact,47665.625,https://ror.org/02n96ep67
2224,2225,尹会成,2010,南京大学,依托单位,I881766915,Nanjing University,exact,62417.22,https://ror.org/01rxvg760
2225,2226,邹文明,2010,清华大学,依托单位,I99065089,Tsinghua University,exact,117751.195,https://ror.org/03cve4549
2226,2227,陈兵龙,2010,中山大学,依托单位,I157773358,Sun Yat-sen University,exact,72368.62,https://ror.org/0064kty71
2227,2228,季葆华,2010,北京理工大学,依托单位,I125839683,Beijing Institute of Technology,exact,60847.0,https://ror.org/01skt4w74
2228,2229,申胜平,2010,西安交通大学,依托单位,I87445476,Xi'an Jiaotong University,exact,70856.3,https://ror.org/017zhmm22
2229,2230,康国政,2010,西南交通大学,依托单位,I4800084,Southwest Jiaotong University,exact,43900.805,https://ror.org/00hn7w693
2230,2231,黄志龙,2010,浙江大学,依托单位,I76130692,Zhejiang University,exact,86971.77,https://ror.org/00a2xv884
2231,2232,张泰华,2010,浙江工业大学,依托单位,I55712492,Zhejiang University of Technology,exact,40744.113,https://ror.org/02djqfd08
2232,2233,梁恩维,2010,广西大学,依托单位,I150807315,Guangxi University,exact,29515.48,https://ror.org/02c9qn167
2233,2234,陈鹏飞,2010,南京大学,依托单位,I881766915,Nanjing University,exact,62417.22,https://ror.org/01rxvg760
2234,2235,张军,2010,中国科学院国家天文台,依托单位,I4210164580,National Astronomical Observatories,exact,34911.63,https://ror.org/058pyyv44
2235,2236,张鹏杰,2010,中国科学院上海天文台,依托单位,I2799714274,Shanghai Astronomical Observatory,exact,22856.205,https://ror.org/003n8re58
2236,2237,王建国,2010,北京应用物理与计算数学研究所,依托单位,I4210145278,Institute of Applied Physics and Computational Mathematics,exact,21201.537,https://ror.org/03sxpbt26
2237,2238,马琰铭,2010,吉林大学,依托单位,I194450716,Jilin University,exact,67529.51,https://ror.org/00js3aw79
2238,2239,陈曦,2010,清华大学,依托单位,I99065089,Tsinghua University,exact,117751.195,https://ror.org/03cve4549
2239,2240,何力新,2010,中国科学技术大学,依托单位,I126520041,University of Science and Technology of China,exact,105356.01,https://ror.org/04c4dkn09
2240,2241,易俗,2010,中国科学院理论物理研究所,依托单位,I4210125404,Institute of Theoretical Physics,exact,35358.984,https://ror.org/02xtbq882
2241,2242,雒建林,2010,中国科学院物理研究所,依托单位,I4210159876,Institute of Physics,exact,48215.63,https://ror.org/05cvf7v30
2242,2243,颜学庆,2010,北京大学,依托单位,I20231570,Peking University,exact,77618.14,https://ror.org/02v51f717
2243,2244,张丰收,2010,北京师范大学,依托单位,I25254941,Beijing Normal University,exact,57501.61,https://ror.org/022k4wk35
2244,2245,廖益,2010,南开大学,依托单位,I205237279,Nankai University,exact,54575.492,https://ror.org/01y1kjr75
2245,2246,吴明红,2010,上海大学,依托单位,I113940042,Shanghai University,exact,33911.445,https://ror.org/006teas31
2246,2247,王晓光,2010,浙江大学,依托单位,I76130692,Zhejiang University,exact,86971.77,https://ror.org/00a2xv884
2247,2248,韩良,2010,中国科学技术大学,依托单位,I126520041,University of Science and Technology of China,exact,105356.01,https://ror.org/04c4dkn09
2248,2249,张亚文,2010,北京大学,依托单位,I20231570,Peking University,exact,77618.14,https://ror.org/02v51f717
2249,2250,段春迎,2010,大连理工大学,依托单位,I27357992,Dalian University of Technology,exact,64610.99,https://ror.org/023hj5876
2250,2251,崔勇,2010,上海交通大学,依托单位,I183067930,Shanghai Jiao Tong University,exact,99965.625,https://ror.org/0220qvk04
2251,2252,李广社,2010,中国科学院福建物质结构研究所,依托单位,I4210119098,Fujian Institute of Research on the Structure of Matter,exact,59134.61,https://ror.org/02j89k719
2252,2253,游劲松,2010,四川大学,依托单位,I24185976,Sichuan University,exact,75979.734,https://ror.org/011ashp19
2253,2254,雷爱文,2010,武汉大学,依托单位,I37461747,Wuhan University,exact,84484.22,https://ror.org/033vjfk17
2254,2255,潘远江,2010,浙江大学,依托单位,I76130692,Zhejiang University,exact,86971.77,https://ror.org/00a2xv884
2255,2256,罗三中,2010,中国科学院化学研究所,依托单位,I4210155088,Institute of Chemistry,exact,61771.133,https://ror.org/048y1rc66
2256,2257,游书力,2010,中国科学院上海有机化学研究所,依托单位,I4210112946,Shanghai Institute of Organic Chemistry,exact,54384.883,https://ror.org/01y3hvq34
2257,2258,唐智勇,2010,国家纳米科学中心,依托单位,I4210141483,National Center for Nanoscience and Technology,exact,51665.754,https://ror.org/04f49ff35
2258,2259,李广涛,2010,清华大学,依托单位,I99065089,Tsinghua University,exact,117751.195,https://ror.org/03cve4549
2259,2260,申文杰,2010,中国科学院大连化学物理研究所,依托单位,I180585399,Dalian Institute of Chemical Physics,exact,65201.16,https://ror.org/00prkya54
2260,2261,王毅琳,2010,中国科学院化学研究所,依托单位,I4210155088,Institute of Chemistry,exact,61771.133,https://ror.org/048y1rc66
2261,2262,马旭村,2010,中国科学院物理研究所,依托单位,I4210159876,Institute of Physics,exact,48215.63,https://ror.org/05cvf7v30
2262,2263,吴水珠,2010,华南理工大学,依托单位,I90610280,South China University of Technology,exact,65632.69,https://ror.org/0530pts50
2263,2264,吕中元,2010,吉林大学,依托单位,I194450716,Jilin University,exact,67529.51,https://ror.org/00js3aw79
2264,2265,朱新远,2010,上海交通大学,依托单位,I183067930,Shanghai Jiao Tong University,exact,99965.625,https://ror.org/0220qvk04
2265,2266,占肖卫,2010,北京大学,依托单位,I20231570,Peking University,exact,77618.14,https://ror.org/02v51f717
2266,2267,陆豪杰,2010,复旦大学,依托单位,I24943067,Fudan University,exact,92511.14,https://ror.org/013q1eq08
2267,2268,蒋兴宇,2010,国家纳米科学中心,依托单位,I4210141483,National Center for Nanoscience and Technology,exact,51665.754,https://ror.org/04f49ff35
2268,2269,蒋健晖,2010,湖南大学,依托单位,I16609230,Hunan University,exact,52153.906,https://ror.org/05htk5m33
2269,2270,徐静娟,2010,南京大学,依托单位,I881766915,Nanjing University,exact,62417.22,https://ror.org/01rxvg760
2270,2271,张书圣,2010,临沂大学,依托单位,I15823474,Linyi University,exact,11426.375,https://ror.org/01knv0402
2271,2272,何静,2010,北京化工大学,依托单位,I75390827,Beijing University of Chemical Technology,exact,44476.082,https://ror.org/00df5yc52
2272,2273,应汉杰,2010,南京工业大学,依托单位,I134687103,Nanjing Tech University,exact,42277.42,https://ror.org/03sd35x91
2273,2274,徐铜文,2010,中国科学技术大学,依托单位,I126520041,University of Science and Technology of China,exact,105356.01,https://ror.org/04c4dkn09
2274,2275,杨超,2010,中国科学院过程工程研究所,依托单位,I4210133325,Institute of Process Engineering,exact,42207.16,https://ror.org/03j4x9j18
2275,2276,胡敏,2010,北京大学,依托单位,I20231570,Peking University,exact,77618.14,https://ror.org/02v51f717
2276,2277,刘景富,2010,中国科学院生态环境研究中心,依托单位,I4210144289,Research Center for Eco-Environmental Sciences,exact,59822.87,https://ror.org/03rpsvy57
2277,2278,张玉忠,2010,山东大学,依托单位,I154099455,Shandong University,exact,60373.523,https://ror.org/0207yh398
2278,2279,何正国,2010,华中农业大学,依托单位,I204823248,Huazhong Agricultural University,exact,62343.33,https://ror.org/023b72294
2279,2280,郭岩,2010,中国农业大学,依托单位,I52158045,China Agricultural University,exact,58946.74,https://ror.org/04v3ywz14
2280,2281,王永红,2010,中国科学院遗传与发育生物学研究所,依托单位,I4210124606,Institute of Genetics and Developmental Biology,weak,57183.465,https://ror.org/02aee5m12
2281,2282,贺金生,2010,北京大学,依托单位,I20231570,Peking University,exact,77618.14,https://ror.org/02v51f717
2282,2283,戴家银,2010,中国科学院动物研究所,依托单位,I4210167311,Institute of Zoology,exact,34200.504,https://ror.org/05skxkv18
2283,2284,朱教君,2010,中国科学院沈阳应用生态研究所,依托单位,I4210110024,Institute of Applied Ecology,exact,32234.906,https://ror.org/01thb7525
2284,2285,柴继杰,2010,清华大学,依托单位,I99065089,Tsinghua University,exact,117751.195,https://ror.org/03cve4549
2285,2286,江涛,2010,中国科学院生物物理研究所,依托单位,I4210112540,Institute of Biophysics,exact,43632.348,https://ror.org/01tyv8576
2286,2287,蒋争凡,2010,北京大学,依托单位,I20231570,Peking University,exact,77618.14,https://ror.org/02v51f717
2287,2288,陆巍,2010,东南大学,依托单位,I76569877,Southeast University,exact,48708.32,https://ror.org/04ct4d772
2288,2289,舒友生,2010,北京师范大学,依托单位,I25254941,Beijing Normal University,exact,57501.61,https://ror.org/022k4wk35
2289,2290,章卫平,2010,中国人民解放军第二军医大学,依托单位,I177933477,Second Military Medical University,exact,61741.094,https://ror.org/04tavpn47
2290,2291,魏丽萍,2010,北京大学,依托单位,I20231570,Peking University,exact,77618.14,https://ror.org/02v51f717
2291,2292,杨崇林,2010,中国科学院遗传与发育生物学研究所,依托单位,I4210124606,Institute of Genetics and Developmental Biology,weak,57183.465,https://ror.org/02aee5m12
2292,2293,肖磊,2010,浙江大学,依托单位,I76130692,Zhejiang University,exact,86971.77,https://ror.org/00a2xv884
2293,2294,李仕贵,2010,四川农业大学,依托单位,I37574244,Sichuan Agricultural University,exact,49082.05,https://ror.org/0388c3403
2294,2295,金危危,2010,中国农业大学,依托单位,I52158045,China Agricultural University,exact,58946.74,https://ror.org/04v3ywz14
2295,2296,张和平,2010,内蒙古农业大学,依托单位,I120379545,Inner Mongolia Agricultural University,exact,17617.383,https://ror.org/015d0jq83
2296,2297,张友军,2010,中国农业科学院蔬菜花卉研究所,依托单位,I4210119469,Institute of Vegetables and Flowers,exact,38095.69,https://ror.org/02fnpjd08
2297,2298,叶恭银,2010,浙江大学,依托单位,I76130692,Zhejiang University,exact,86971.77,https://ror.org/00a2xv884
2298,2299,廖红,2010,华南农业大学,依托单位,I101479585,South China Agricultural University,exact,41516.54,https://ror.org/05v9jqt67
2299,2300,李枢强,2010,中国科学院动物研究所,依托单位,I4210167311,Institute of Zoology,exact,34200.504,https://ror.org/05skxkv18
2300,2301,乔格侠,2010,中国科学院动物研究所,依托单位,I4210167311,Institute of Zoology,exact,34200.504,https://ror.org/05skxkv18
2301,2302,赖仞,2010,中国科学院昆明动物研究所,依托单位,I18489884,Kunming Institute of Zoology,exact,36663.89,https://ror.org/03m0vk445
2302,2303,赵书红,2010,华中农业大学,依托单位,I204823248,Huazhong Agricultural University,exact,62343.33,https://ror.org/023b72294
2303,2304,汪以真,2010,浙江大学,依托单位,I76130692,Zhejiang University,exact,86971.77,https://ror.org/00a2xv884
2304,2305,刘爵,2010,北京市农林科学院,依托单位,I4210146959,Beijing Academy of Agricultural and Forestry Sciences,exact,17757.922,https://ror.org/04trzn023
2305,2306,刘金华,2010,中国农业大学,依托单位,I52158045,China Agricultural University,exact,58946.74,https://ror.org/04v3ywz14
2306,2307,孙黎,2010,中国科学院海洋研究所,依托单位,I4210101167,Institute of Oceanology,exact,45453.11,https://ror.org/018yw5541
2307,2308,李小雁,2010,北京师范大学,依托单位,I25254941,Beijing Normal University,exact,57501.61,https://ror.org/022k4wk35
2308,2309,田立德,2010,中国科学院青藏高原研究所,依托单位,I4210141476,Institute of Tibetan Plateau Research,exact,35735.152,https://ror.org/03zn6c508
2309,2310,李芳柏,2010,广东省生态环境与土壤研究所,依托单位,,,none,,
2310,2311,贺纪正,2010,中国科学院生态环境研究中心,依托单位,I4210144289,Research Center for Eco-Environmental Sciences,exact,59822.87,https://ror.org/03rpsvy57
2311,2312,沈仁芳,2010,中国科学院南京土壤研究所,依托单位,I4210165559,Institute of Soil Science,exact,46187.836,https://ror.org/05nj8ma95
2312,2313,王强,2010,中国科学院广州地球化学研究所,依托单位,I3018690959,Guangzhou Institute of Geochemistry,exact,46284.484,https://ror.org/0356cst02
2313,2314,余克服,2010,中国科学院南海海洋研究所,依托单位,I4210103685,South China Sea Institute Of Oceanology,exact,28760.244,https://ror.org/0192yj155
2314,2315,高俊,2010,中国科学院地质与地球物理研究所,依托单位,I4210126061,Institute of Geology and Geophysics,exact,56218.027,https://ror.org/030vmwa78
2315,2316,李海龙,2010,中国地质大学(北京),依托单位,I3125743391,China University of Geosciences (Beijing),exact,38915.188,https://ror.org/04q6c7p66
2316,2317,王非,2010,中国科学院地质与地球物理研究所,依托单位,I4210126061,Institute of Geology and Geophysics,exact,56218.027,https://ror.org/030vmwa78
2317,2318,沈延安,2010,中国科学技术大学,依托单位,I126520041,University of Science and Technology of China,exact,105356.01,https://ror.org/04c4dkn09
2318,2319,王新明,2010,中国科学院广州地球化学研究所,依托单位,I3018690959,Guangzhou Institute of Geochemistry,exact,46284.484,https://ror.org/0356cst02
2319,2320,刘青松,2010,中国科学院地质与地球物理研究所,依托单位,I4210126061,Institute of Geology and Geophysics,exact,56218.027,https://ror.org/030vmwa78
2320,2321,黄清华,2010,北京大学,依托单位,I20231570,Peking University,exact,77618.14,https://ror.org/02v51f717
2321,2322,庹先国,2010,成都理工大学,依托单位,I31595395,Chengdu University of Technology,exact,23864.852,https://ror.org/05pejbw21
2322,2323,窦贤康,2010,中国科学技术大学,依托单位,I126520041,University of Science and Technology of China,exact,105356.01,https://ror.org/04c4dkn09
2323,2324,陈文,2010,中国科学院大气物理研究所,依托单位,I4210152758,Institute of Atmospheric Physics,exact,35263.035,https://ror.org/0424h4e32
2324,2325,胡永云,2010,北京大学,依托单位,I20231570,Peking University,exact,77618.14,https://ror.org/02v51f717
2325,2326,蔡树群,2010,中国科学院南海海洋研究所,依托单位,I4210103685,South China Sea Institute Of Oceanology,exact,28760.244,https://ror.org/0192yj155
2326,2327,谢周清,2010,中国科学技术大学,依托单位,I126520041,University of Science and Technology of China,exact,105356.01,https://ror.org/04c4dkn09
2327,2328,许小红,2010,山西师范大学,依托单位,,,none,,
2328,2329,潘洪革,2010,浙江大学,依托单位,I76130692,Zhejiang University,exact,86971.77,https://ror.org/00a2xv884
2329,2330,柳忠元,2010,燕山大学,依托单位,I39333907,Yanshan University,exact,27737.867,https://ror.org/02txfnf15
2330,2331,王俭秋,2010,中国科学院金属研究所,依托单位,I4210126304,Institute of Metal Research,override,,
2331,2332,林元华,2010,清华大学,依托单位,I99065089,Tsinghua University,exact,117751.195,https://ror.org/03cve4549
2332,2333,刘冰冰,2010,吉林大学,依托单位,I194450716,Jilin University,exact,67529.51,https://ror.org/00js3aw79
2333,2334,黄少铭,2010,温州大学,依托单位,I146620803,Wenzhou University,exact,22993.637,https://ror.org/020hxh324
2334,2335,邓龙江,2010,电子科技大学,依托单位,I150229711,University of Electronic Science and Technology of China,exact,50616.445,https://ror.org/04qr3zq92
2335,2336,邵宗平,2010,南京工业大学,依托单位,I134687103,Nanjing Tech University,exact,42277.42,https://ror.org/03sd35x91
2336,2337,张怀金,2010,山东大学,依托单位,I154099455,Shandong University,exact,60373.523,https://ror.org/0207yh398
2337,2338,尹龙卫,2010,山东大学,依托单位,I154099455,Shandong University,exact,60373.523,https://ror.org/0207yh398
2338,2339,计剑,2010,浙江大学,依托单位,I76130692,Zhejiang University,exact,86971.77,https://ror.org/00a2xv884
2339,2340,杨槐,2010,北京科技大学,依托单位,I92403157,University of Science and Technology Beijing,exact,39476.645,https://ror.org/02egmk993
2340,2341,甘志华,2010,北京化工大学,依托单位,I75390827,Beijing University of Chemical Technology,exact,44476.082,https://ror.org/00df5yc52
2341,2342,沈军,2010,哈尔滨工业大学,依托单位,I204983213,Harbin Institute of Technology,exact,115718.28,https://ror.org/01yqg2h08
2342,2343,李梅,2010,内蒙古科技大学,依托单位,I31637741,Inner Mongolia University of Science and Technology,exact,12167.285,https://ror.org/044rgx723
2343,2344,王齐华,2010,中国科学院兰州化学物理研究所,依托单位,I4210089297,Lanzhou Institute of Chemical Physics,exact,51940.324,https://ror.org/007ffzr57
2344,2345,熊蔡华,2010,华中科技大学,依托单位,I47720641,Huazhong University of Science and Technology,exact,83397.086,https://ror.org/00p991c53
2345,2346,朱旻昊,2010,西南交通大学,依托单位,I4800084,Southwest Jiaotong University,exact,43900.805,https://ror.org/00hn7w693
2346,2347,刘黎明,2010,大连理工大学,依托单位,I27357992,Dalian University of Technology,exact,64610.99,https://ror.org/023hj5876
2347,2348,姜澜,2010,北京理工大学,依托单位,I125839683,Beijing Institute of Technology,exact,60847.0,https://ror.org/01skt4w74
2348,2349,周怀春,2010,华中科技大学,依托单位,I47720641,Huazhong University of Science and Technology,exact,83397.086,https://ror.org/00p991c53
2349,2350,王秋旺,2010,西安交通大学,依托单位,I87445476,Xi'an Jiaotong University,exact,70856.3,https://ror.org/017zhmm22
2350,2351,杨勇平,2010,华北电力大学,依托单位,I153473198,North China Electric Power University,exact,38219.625,https://ror.org/04qr5t414
2351,2352,孙宏斌,2010,清华大学,依托单位,I99065089,Tsinghua University,exact,117751.195,https://ror.org/03cve4549
2352,2353,马衍伟,2010,中国科学院电工研究所,依托单位,I4210128819,Institute of Electrical Engineering,exact,21280.154,https://ror.org/033js6g46
2353,2354,蔡袁强,2010,温州大学,依托单位,I146620803,Wenzhou University,exact,22993.637,https://ror.org/020hxh324
2354,2355,罗尧治,2010,浙江大学,依托单位,I76130692,Zhejiang University,exact,86971.77,https://ror.org/00a2xv884
2355,2356,吴波,2010,华南理工大学,依托单位,I90610280,South China University of Technology,exact,65632.69,https://ror.org/0530pts50
2356,2357,王东升,2010,中国科学院生态环境研究中心,依托单位,I4210144289,Research Center for Eco-Environmental Sciences,exact,59822.87,https://ror.org/03rpsvy57
2357,2358,杨大文,2010,清华大学,依托单位,I99065089,Tsinghua University,exact,117751.195,https://ror.org/03cve4549
2358,2359,蒋明镜,2010,同济大学,依托单位,I116953780,Tongji University,exact,50689.016,https://ror.org/03rc6as71
2359,2360,沈珍瑶,2010,北京师范大学,依托单位,I25254941,Beijing Normal University,exact,57501.61,https://ror.org/022k4wk35
2360,2361,程春田,2010,大连理工大学,依托单位,I27357992,Dalian University of Technology,exact,64610.99,https://ror.org/023hj5876
2361,2362,李海波,2010,中国科学院武汉岩土力学研究所,依托单位,I4210140379,Institute of Rock and Soil Mechanics,exact,21185.805,https://ror.org/0366c6s65
2362,2363,白敏冬,2010,大连海事大学,依托单位,I43313876,Dalian Maritime University,exact,25573.045,https://ror.org/002b7nr53
2363,2364,汪宏,2010,西安交通大学,依托单位,I87445476,Xi'an Jiaotong University,exact,70856.3,https://ror.org/017zhmm22
2364,2365,师文生,2010,中国科学院理化技术研究所,依托单位,I4210140689,Technical Institute of Physics and Chemistry,exact,36806.484,https://ror.org/04akaak77
2365,2366,郑小平,2010,清华大学,依托单位,I99065089,Tsinghua University,exact,117751.195,https://ror.org/03cve4549
2366,2367,杨小康,2010,上海交通大学,依托单位,I183067930,Shanghai Jiao Tong University,exact,99965.625,https://ror.org/0220qvk04
2367,2368,黎湘,2010,中国人民解放军国防科学技术大学,依托单位,I170215575,National University of Defense Technology,exact,68891.68,https://ror.org/05d2yfz11
2368,2369,王国仁,2010,东北大学,依托单位,I9224756,Northeastern University,exact,34939.227,https://ror.org/03awzbc87
2369,2370,冯丹,2010,华中科技大学,依托单位,I47720641,Huazhong University of Science and Technology,exact,83397.086,https://ror.org/00p991c53
2370,2371,肖侬,2010,中国人民解放军国防科学技术大学,依托单位,I170215575,National University of Defense Technology,exact,68891.68,https://ror.org/05d2yfz11
2371,2372,陈熙霖,2010,中国科学院计算技术研究所,依托单位,I4210090176,Institute of Computing Technology,exact,35008.836,https://ror.org/0090r4d87
2372,2373,黄庆明,2010,中国科学院大学,依托单位,I4210165038,University of Chinese Academy of Sciences,exact,106045.85,https://ror.org/05qbk4x57
2373,2374,陈宝权,2010,中国科学院深圳先进技术研究院,依托单位,I4210145761,Shenzhen Institutes of Advanced Technology,exact,62290.047,https://ror.org/04gh4er46
2374,2375,赵耀,2010,北京交通大学,依托单位,I21193070,Beijing Jiaotong University,exact,36584.664,https://ror.org/01yj56c84
2375,2376,胡昌华,2010,中国人民解放军第二炮兵工程大学,依托单位,,,none,,
2376,2377,阳春华,2010,中南大学,依托单位,I139660479,Central South University,exact,66159.63,https://ror.org/00f1zfq44
2377,2378,张卫东,2010,上海交通大学,依托单位,I183067930,Shanghai Jiao Tong University,exact,99965.625,https://ror.org/0220qvk04
2378,2379,吕金虎,2010,中国科学院数学与系统科学研究院,依托单位,I4210120485,Academy of Mathematics and Systems Science,exact,29545.18,https://ror.org/02jkmyk67
2379,2380,刘民,2010,清华大学,依托单位,I99065089,Tsinghua University,exact,117751.195,https://ror.org/03cve4549
2380,2381,李小俚,2010,燕山大学,依托单位,I39333907,Yanshan University,exact,27737.867,https://ror.org/02txfnf15
2381,2382,顾书林,2010,南京大学,依托单位,I881766915,Nanjing University,exact,62417.22,https://ror.org/01rxvg760
2382,2383,任天令,2010,清华大学,依托单位,I99065089,Tsinghua University,exact,117751.195,https://ror.org/03cve4549
2383,2384,刘玉玺,2010,清华大学,依托单位,I99065089,Tsinghua University,exact,117751.195,https://ror.org/03cve4549
2384,2385,张首刚,2010,中国科学院国家授时中心,依托单位,I4210093645,National Time Service Center,exact,7818.2344,https://ror.org/00655qp86
2385,2386,文双春,2010,湖南大学,依托单位,I16609230,Hunan University,exact,52153.906,https://ror.org/05htk5m33
2386,2387,郑婉华,2010,中国科学院半导体研究所,依托单位,I4210149211,Institute of Semiconductors,exact,44368.86,https://ror.org/048dd0611
2387,2388,曾大军,2010,中国科学院自动化研究所,依托单位,I4210112150,Institute of Automation,override,,
2388,2389,朱庆华,2010,大连理工大学,依托单位,I27357992,Dalian University of Technology,exact,64610.99,https://ror.org/023hj5876
2389,2390,吴联生,2010,北京大学,依托单位,I20231570,Peking University,exact,77618.14,https://ror.org/02v51f717
2390,2391,李宏彬,2010,清华大学,依托单位,I99065089,Tsinghua University,exact,117751.195,https://ror.org/03cve4549
2391,2392,余乐安,2010,中国科学院数学与系统科学研究院,依托单位,I4210120485,Academy of Mathematics and Systems Science,exact,29545.18,https://ror.org/02jkmyk67
2392,2393,曾赛星,2010,上海交通大学,依托单位,I183067930,Shanghai Jiao Tong University,exact,99965.625,https://ror.org/0220qvk04
2393,2394,李汇华,2010,首都医科大学,依托单位,I183519381,Capital Medical University,exact,70254.805,https://ror.org/013xs5b60
2394,2395,袁祖贻,2010,西安交通大学,依托单位,I87445476,Xi'an Jiaotong University,exact,70856.3,https://ror.org/017zhmm22
2395,2396,王红艳,2010,复旦大学,依托单位,I24943067,Fudan University,exact,92511.14,https://ror.org/013q1eq08
2396,2397,王雁玲,2010,中国科学院动物研究所,依托单位,I4210167311,Institute of Zoology,exact,34200.504,https://ror.org/05skxkv18
2397,2398,翁建平,2010,中山大学,依托单位,I157773358,Sun Yat-sen University,exact,72368.62,https://ror.org/0064kty71
2398,2399,杨正林,2010,电子科技大学,依托单位,I150229711,University of Electronic Science and Technology of China,exact,50616.445,https://ror.org/04qr3zq92
2399,2400,张罗,2010,首都医科大学,依托单位,I183519381,Capital Medical University,exact,70254.805,https://ror.org/013xs5b60
2400,2401,章晓联,2010,武汉大学,依托单位,I37461747,Wuhan University,exact,84484.22,https://ror.org/033vjfk17
2401,2402,何玉先,2010,中国医学科学院,依托单位,I200296433,Chinese Academy of Medical Sciences & Peking Union Medical College,exact,67015.46,https://ror.org/02drdmm93
2402,2403,李爱玲,2010,中国人民解放军军事医学科学院,依托单位,I2802541053,Academy of Military Medical Sciences,exact,40758.62,https://ror.org/02bv3c993
2403,2404,周剑峰,2010,华中科技大学,依托单位,I47720641,Huazhong University of Science and Technology,exact,83397.086,https://ror.org/00p991c53
2404,2405,王洁,2010,北京市肿瘤防治研究所,依托单位,,,none,,
2405,2406,毛颖,2010,复旦大学,依托单位,I24943067,Fudan University,exact,92511.14,https://ror.org/013q1eq08
2406,2407,曾木圣,2010,中山大学,依托单位,I157773358,Sun Yat-sen University,exact,72368.62,https://ror.org/0064kty71
2407,2408,曹广文,2010,中国人民解放军第二军医大学,依托单位,I177933477,Second Military Medical University,exact,61741.094,https://ror.org/04tavpn47
2408,2409,沈南,2010,上海交通大学,依托单位,I183067930,Shanghai Jiao Tong University,exact,99965.625,https://ror.org/0220qvk04
2409,2410,柳红,2010,中国科学院上海药物研究所,依托单位,I4210112820,Shanghai Institute of Materia Medica,exact,49811.605,https://ror.org/022syn853
2410,2411,陈薇,2010,中国人民解放军军事医学科学院,依托单位,I2802541053,Academy of Military Medical Sciences,exact,40758.62,https://ror.org/02bv3c993
2411,2412,张峻峰,2010,南京大学,依托单位,I881766915,Nanjing University,exact,62417.22,https://ror.org/01rxvg760
2412,2413,缪泽鸿,2010,中国科学院上海药物研究所,依托单位,I4210112820,Shanghai Institute of Materia Medica,exact,49811.605,https://ror.org/022syn853
2413,2414,潘景轩,2010,中山大学,依托单位,I157773358,Sun Yat-sen University,exact,72368.62,https://ror.org/0064kty71
2414,2415,房敏,2010,上海市中医药研究院,依托单位,,,none,,
2415,2416,陈纪军,2010,中国科学院昆明植物研究所,依托单位,I13850615,Kunming Institute of Botany,exact,25411.791,https://ror.org/02e5hx313
2416,2417,孔令东,2010,南京大学,依托单位,I881766915,Nanjing University,exact,62417.22,https://ror.org/01rxvg760
2417,2418,陈楚侨,2010,中国科学院心理研究所,依托单位,I4210131870,"Institute of Psychology, Chinese Academy of Sciences",exact,16111.238,https://ror.org/03j7v5j15
2418,2419,李得天,2011,兰州空间技术物理研究所,依托单位,,,none,,
2419,2420,温江涛,2011,清华大学,依托单位,I99065089,Tsinghua University,exact,117751.195,https://ror.org/03cve4549
2420,2421,宫玉彬,2011,电子科技大学,依托单位,I150229711,University of Electronic Science and Technology of China,exact,50616.445,https://ror.org/04qr3zq92
2421,2422,杨仕文,2011,电子科技大学,依托单位,I150229711,University of Electronic Science and Technology of China,exact,50616.445,https://ror.org/04qr3zq92
2422,2423,蔡新霞,2011,中国科学院电子学研究所,依托单位,I4210110458,Institute of Electronics,exact,18670.95,https://ror.org/01z143507
2423,2424,李学龙,2011,中国科学院西安光学精密机械研究所,依托单位,I4210144662,Xi'an Institute of Optics and Precision Mechanics,exact,20894.521,https://ror.org/0444j5556
2424,2425,窦勇,2011,中国人民解放军国防科学技术大学,依托单位,I170215575,National University of Defense Technology,exact,68891.68,https://ror.org/05d2yfz11
2425,2426,刘云浩,2011,清华大学,依托单位,I99065089,Tsinghua University,exact,117751.195,https://ror.org/03cve4549
2426,2427,何晓飞,2011,浙江大学,依托单位,I76130692,Zhejiang University,exact,86971.77,https://ror.org/00a2xv884
2427,2428,高新波,2011,西安电子科技大学,依托单位,I149594827,Xidian University,exact,38626.223,https://ror.org/05s92vm98
2428,2429,张军,2011,中山大学,依托单位,I157773358,Sun Yat-sen University,exact,72368.62,https://ror.org/0064kty71
2429,2430,李波,2011,北京航空航天大学,依托单位,I82880672,Beihang University,exact,82779.67,https://ror.org/00wk2mp56
2430,2431,何勇,2011,中国地质大学(武汉),依托单位,I3124059619,China University of Geosciences,override,,
2431,2432,曾志刚,2011,华中科技大学,依托单位,I47720641,Huazhong University of Science and Technology,exact,83397.086,https://ror.org/00p991c53
2432,2433,陈华富,2011,电子科技大学,依托单位,I150229711,University of Electronic Science and Technology of China,exact,50616.445,https://ror.org/04qr3zq92
2433,2434,杨健,2011,南京理工大学,依托单位,I36399199,Nanjing University of Science and Technology,exact,37372.695,https://ror.org/00xp9wg62
2434,2435,孙长银,2011,东南大学,依托单位,I76569877,Southeast University,exact,48708.32,https://ror.org/04ct4d772
2435,2436,曾璇,2011,复旦大学,依托单位,I24943067,Fudan University,exact,92511.14,https://ror.org/013q1eq08
2436,2437,戴伦,2011,北京大学,依托单位,I20231570,Peking University,exact,77618.14,https://ror.org/02v51f717
2437,2438,段纯刚,2011,华东师范大学,依托单位,I66867065,East China Normal University,exact,47665.625,https://ror.org/02n96ep67
2438,2439,张新亮,2011,华中科技大学,依托单位,I47720641,Huazhong University of Science and Technology,exact,83397.086,https://ror.org/00p991c53
2439,2440,陈增兵,2011,中国科学技术大学,依托单位,I126520041,University of Science and Technology of China,exact,105356.01,https://ror.org/04c4dkn09
2440,2441,陈险峰,2011,上海交通大学,依托单位,I183067930,Shanghai Jiao Tong University,exact,99965.625,https://ror.org/0220qvk04
2441,2442,苏翼凯,2011,上海交通大学,依托单位,I183067930,Shanghai Jiao Tong University,exact,99965.625,https://ror.org/0220qvk04
2442,2443,滕枫,2011,北京交通大学,依托单位,I21193070,Beijing Jiaotong University,exact,36584.664,https://ror.org/01yj56c84
2443,2444,王红卫,2011,华中科技大学,依托单位,I47720641,Huazhong University of Science and Technology,exact,83397.086,https://ror.org/00p991c53
2444,2445,马铁驹,2011,华东理工大学,依托单位,I143593769,East China University of Science and Technology,exact,41751.324,https://ror.org/01vyrm377
2445,2446,万国华,2011,上海交通大学,依托单位,I183067930,Shanghai Jiao Tong University,exact,99965.625,https://ror.org/0220qvk04
2446,2447,张小宁,2011,同济大学,依托单位,I116953780,Tongji University,exact,50689.016,https://ror.org/03rc6as71
2447,2448,杨翠红,2011,中国科学院数学与系统科学研究院,依托单位,I4210120485,Academy of Mathematics and Systems Science,exact,29545.18,https://ror.org/02jkmyk67
2448,2449,饶培伦,2011,清华大学,依托单位,I99065089,Tsinghua University,exact,117751.195,https://ror.org/03cve4549
2449,2450,周长辉,2011,北京大学,依托单位,I20231570,Peking University,exact,77618.14,https://ror.org/02v51f717
2450,2451,宋长春,2011,中国科学院东北地理与农业生态研究所,依托单位,I4210101301,Northeast Institute of Geography and Agroecology,exact,35216.24,https://ror.org/01a9z1q73
2451,2452,赵文智,2011,中国科学院寒区旱区环境与工程研究所,依托单位,,,none,,
2452,2453,徐柏青,2011,中国科学院青藏高原研究所,依托单位,I4210141476,Institute of Tibetan Plateau Research,exact,35735.152,https://ror.org/03zn6c508
2453,2454,朴世龙,2011,北京大学,依托单位,I20231570,Peking University,exact,77618.14,https://ror.org/02v51f717
2454,2455,刘卫东,2011,中国科学院地理科学与资源研究所,依托单位,I4210160793,Institute of Geographic Sciences and Natural Resources Research,exact,58468.53,https://ror.org/04t1cdb72
2455,2456,赵艳,2011,兰州大学,依托单位,I76214153,Lanzhou University,exact,55239.18,https://ror.org/01mkqqe32
2456,2457,周东美,2011,中国科学院南京土壤研究所,依托单位,I4210165559,Institute of Soil Science,exact,46187.836,https://ror.org/05nj8ma95
2457,2458,张福成,2011,中国科学院古脊椎动物与古人类研究所,依托单位,I4210086287,Institute of Vertebrate Paleontology and Paleoanthropology,exact,26793.828,https://ror.org/0000pmw59
2458,2459,蔡春芳,2011,中国科学院地质与地球物理研究所,依托单位,I4210126061,Institute of Geology and Geophysics,exact,56218.027,https://ror.org/030vmwa78
2459,2460,邱楠生,2011,中国石油大学(北京),依托单位,I4210162190,"China University of Petroleum, East China",exact,37922.176,https://ror.org/05gbn2817
2460,2461,吴海斌,2011,中国科学院地质与地球物理研究所,依托单位,I4210126061,Institute of Geology and Geophysics,exact,56218.027,https://ror.org/030vmwa78
2461,2462,赵子福,2011,中国科学技术大学,依托单位,I126520041,University of Science and Technology of China,exact,105356.01,https://ror.org/04c4dkn09
2462,2463,刘勇胜,2011,中国地质大学(武汉),依托单位,I3124059619,China University of Geosciences,override,,
2463,2464,张干,2011,中国科学院广州地球化学研究所,依托单位,I3018690959,Guangzhou Institute of Geochemistry,exact,46284.484,https://ror.org/0356cst02
2464,2465,艾印双,2011,中国科学院地质与地球物理研究所,依托单位,I4210126061,Institute of Geology and Geophysics,exact,56218.027,https://ror.org/030vmwa78
2465,2466,秦刚,2011,中国科学院空间科学与应用研究中心,依托单位,,,none,,
2466,2467,周天军,2011,中国科学院大气物理研究所,依托单位,I4210152758,Institute of Atmospheric Physics,exact,35263.035,https://ror.org/0424h4e32
2467,2468,邵敏,2011,北京大学,依托单位,I20231570,Peking University,exact,77618.14,https://ror.org/02v51f717
2468,2469,王桂华,2011,国家海洋局第二海洋研究所,依托单位,I4210109544,Second Institute of Oceanography,weak,22588.223,https://ror.org/01tkb7c15
2469,2470,陈敏,2011,厦门大学,依托单位,I191208505,Xiamen University,exact,63183.082,https://ror.org/00mcjh785
2470,2471,侯仰龙,2011,北京大学,依托单位,I20231570,Peking University,exact,77618.14,https://ror.org/02v51f717
2471,2472,刘峰,2011,西北工业大学,依托单位,I17145004,Northwestern Polytechnical University,exact,39779.9,https://ror.org/01y0j0j86
2472,2473,王平,2011,华南理工大学,依托单位,I90610280,South China University of Technology,exact,65632.69,https://ror.org/0530pts50
2473,2474,颜世申,2011,山东大学,依托单位,I154099455,Shandong University,exact,60373.523,https://ror.org/0207yh398
2474,2475,张勤远,2011,华南理工大学,依托单位,I90610280,South China University of Technology,exact,65632.69,https://ror.org/0530pts50
2475,2476,黄富强,2011,中国科学院上海硅酸盐研究所,依托单位,I4210163874,Shanghai Institute of Ceramics,exact,59467.965,https://ror.org/05etnz140
2476,2477,王峰,2011,北京化工大学,依托单位,I75390827,Beijing University of Chemical Technology,exact,44476.082,https://ror.org/00df5yc52
2477,2478,王成新,2011,中山大学,依托单位,I157773358,Sun Yat-sen University,exact,72368.62,https://ror.org/0064kty71
2478,2479,薛冬峰,2011,中国科学院长春应用化学研究所,依托单位,I4210092888,Changchun Institute of Applied Chemistry,exact,82828.11,https://ror.org/00h52n341
2479,2480,于中振,2011,北京化工大学,依托单位,I75390827,Beijing University of Chemical Technology,exact,44476.082,https://ror.org/00df5yc52
2480,2481,刘天西,2011,复旦大学,依托单位,I24943067,Fudan University,exact,92511.14,https://ror.org/013q1eq08
2481,2482,王均,2011,中国科学技术大学,依托单位,I126520041,University of Science and Technology of China,exact,105356.01,https://ror.org/04c4dkn09
2482,2483,杨楚罗,2011,武汉大学,依托单位,I37461747,Wuhan University,exact,84484.22,https://ror.org/033vjfk17
2483,2484,张先正,2011,武汉大学,依托单位,I37461747,Wuhan University,exact,84484.22,https://ror.org/033vjfk17
2484,2485,王鹏,2011,中国科学院长春应用化学研究所,依托单位,I4210092888,Changchun Institute of Applied Chemistry,exact,82828.11,https://ror.org/00h52n341
2485,2486,胡文彬,2011,上海交通大学,依托单位,I183067930,Shanghai Jiao Tong University,exact,99965.625,https://ror.org/0220qvk04
2486,2487,鞠杨,2011,中国矿业大学(北京),依托单位,I4399598474,China University of Mining and Technology - Beijing,exact,3341.2659,https://ror.org/003ncxf91
2487,2488,齐涛,2011,中国科学院过程工程研究所,依托单位,I4210133325,Institute of Process Engineering,exact,42207.16,https://ror.org/03j4x9j18
2488,2489,张烈辉,2011,西南石油大学,依托单位,I165745306,Southwest Petroleum University,exact,31704.902,https://ror.org/03h17x602
2489,2490,丁希仑,2011,北京航空航天大学,依托单位,I82880672,Beihang University,exact,82779.67,https://ror.org/00wk2mp56
2490,2491,周华民,2011,华中科技大学,依托单位,I47720641,Huazhong University of Science and Technology,exact,83397.086,https://ror.org/00p991c53
2491,2492,林京,2011,西安交通大学,依托单位,I87445476,Xi'an Jiaotong University,exact,70856.3,https://ror.org/017zhmm22
2492,2493,王海斗,2011,中国人民解放军装甲兵工程学院,依托单位,,,none,,
2493,2494,郭照立,2011,华中科技大学,依托单位,I47720641,Huazhong University of Science and Technology,exact,83397.086,https://ror.org/00p991c53
2494,2495,高翔,2011,浙江大学,依托单位,I76130692,Zhejiang University,exact,86971.77,https://ror.org/00a2xv884
2495,2496,尧命发,2011,天津大学,依托单位,I162868743,Tianjin University,exact,61022.258,https://ror.org/012tb2g32
2496,2497,严俊杰,2011,西安交通大学,依托单位,I87445476,Xi'an Jiaotong University,exact,70856.3,https://ror.org/017zhmm22
2497,2498,李路明,2011,清华大学,依托单位,I99065089,Tsinghua University,exact,117751.195,https://ror.org/03cve4549
2498,2499,张冠军,2011,西安交通大学,依托单位,I87445476,Xi'an Jiaotong University,exact,70856.3,https://ror.org/017zhmm22
2499,2500,李先庭,2011,清华大学,依托单位,I99065089,Tsinghua University,exact,117751.195,https://ror.org/03cve4549
2500,2501,叶继红,2011,东南大学,依托单位,I76569877,Southeast University,exact,48708.32,https://ror.org/04ct4d772
2501,2502,汪华林,2011,华东理工大学,依托单位,I143593769,East China University of Science and Technology,exact,41751.324,https://ror.org/01vyrm377
2502,2503,冯玉杰,2011,哈尔滨工业大学,依托单位,I204983213,Harbin Institute of Technology,exact,115718.28,https://ror.org/01yqg2h08
2503,2504,唐洪武,2011,河海大学,依托单位,I163340411,Hohai University,exact,30510.945,https://ror.org/01wd4xt90
2504,2505,崔保山,2011,北京师范大学,依托单位,I25254941,Beijing Normal University,exact,57501.61,https://ror.org/022k4wk35
2505,2506,黄冠华,2011,中国农业大学,依托单位,I52158045,China Agricultural University,exact,58946.74,https://ror.org/04v3ywz14
2506,2507,卢文波,2011,武汉大学,依托单位,I37461747,Wuhan University,exact,84484.22,https://ror.org/033vjfk17
2507,2508,彭双阶,2011,华中师范大学,依托单位,I40963666,Central China Normal University,exact,42120.21,https://ror.org/03x1jna21
2508,2509,吴臻,2011,山东大学,依托单位,I154099455,Shandong University,exact,60373.523,https://ror.org/0207yh398
2509,2510,曹永罗,2011,苏州大学,依托单位,I3923682,Soochow University,exact,55506.996,https://ror.org/05t8y2r12
2510,2511,林华珍,2011,西南财经大学,依托单位,I204831749,Southwestern University of Finance and Economics,exact,16125.502,https://ror.org/04ewct822
2511,2512,麻希南,2011,中国科学技术大学,依托单位,I126520041,University of Science and Technology of China,exact,105356.01,https://ror.org/04c4dkn09
2512,2513,崔贵珍,2011,中国科学院数学与系统科学研究院,依托单位,I4210120485,Academy of Mathematics and Systems Science,exact,29545.18,https://ror.org/02jkmyk67
2513,2514,戴彧虹,2011,中国科学院数学与系统科学研究院,依托单位,I4210120485,Academy of Mathematics and Systems Science,exact,29545.18,https://ror.org/02jkmyk67
2514,2515,陈文,2011,河海大学,依托单位,I163340411,Hohai University,exact,30510.945,https://ror.org/01wd4xt90
2515,2516,彭志科,2011,上海交通大学,依托单位,I183067930,Shanghai Jiao Tong University,exact,99965.625,https://ror.org/0220qvk04
2516,2517,龚兴龙,2011,中国科学技术大学,依托单位,I126520041,University of Science and Technology of China,exact,105356.01,https://ror.org/04c4dkn09
2517,2518,陈少华,2011,中国科学院力学研究所,依托单位,I4210157653,Institute of Mechanics,exact,22921.729,https://ror.org/057jnjd73
2518,2519,倪明玖,2011,中国科学院大学,依托单位,I4210165038,University of Chinese Academy of Sciences,exact,106045.85,https://ror.org/05qbk4x57
2519,2520,徐海光,2011,上海交通大学,依托单位,I183067930,Shanghai Jiao Tong University,exact,99965.625,https://ror.org/0220qvk04
2520,2521,张枚,2011,中国科学院国家天文台,依托单位,I4210164580,National Astronomical Observatories,exact,34911.63,https://ror.org/058pyyv44
2521,2522,赵长印,2011,中国科学院紫金山天文台,依托单位,I2802340896,Purple Mountain Observatory,exact,19069.03,https://ror.org/02eb4t121
2522,2523,刘运全,2011,北京大学,依托单位,I20231570,Peking University,exact,77618.14,https://ror.org/02v51f717
2523,2524,朱诗亮,2011,华南师范大学,依托单位,I187400657,South China Normal University,exact,43496.51,https://ror.org/01kq0pv72
2524,2525,张天才,2011,山西大学,依托单位,I181877577,Shanxi University,exact,20819.03,https://ror.org/03y3e3s17
2525,2526,帅建伟,2011,厦门大学,依托单位,I191208505,Xiamen University,exact,63183.082,https://ror.org/00mcjh785
2526,2527,李风华,2011,中国科学院声学研究所,依托单位,I4210099069,Institute of Acoustics,exact,19040.988,https://ror.org/00v8rqv75
2527,2528,戴希,2011,中国科学院物理研究所,依托单位,I4210159876,Institute of Physics,exact,48215.63,https://ror.org/05cvf7v30
2528,2529,苏光辉,2011,西安交通大学,依托单位,I87445476,Xi'an Jiaotong University,exact,70856.3,https://ror.org/017zhmm22
2529,2530,冯波,2011,浙江大学,依托单位,I76130692,Zhejiang University,exact,86971.77,https://ror.org/00a2xv884
2530,2531,王群,2011,中国科学技术大学,依托单位,I126520041,University of Science and Technology of China,exact,105356.01,https://ror.org/04c4dkn09
2531,2532,李海波,2011,中国科学院高能物理研究所,依托单位,I4210137180,Institute of High Energy Physics,exact,107211.8,https://ror.org/03v8tnc06
2532,2533,沈百飞,2011,中国科学院上海光学精密机械研究所,依托单位,I4210135349,Shanghai Institute of Optics and Fine Mechanics,exact,36784.836,https://ror.org/03g897070
2533,2534,孙晓明,2011,北京化工大学,依托单位,I75390827,Beijing University of Chemical Technology,exact,44476.082,https://ror.org/00df5yc52
2534,2535,王泉明,2011,厦门大学,依托单位,I191208505,Xiamen University,exact,63183.082,https://ror.org/00mcjh785
2535,2536,李彦,2011,北京大学,依托单位,I20231570,Peking University,exact,77618.14,https://ror.org/02v51f717
2536,2537,易涛,2011,复旦大学,依托单位,I24943067,Fudan University,exact,92511.14,https://ror.org/013q1eq08
2537,2538,江华,2011,北京师范大学,依托单位,I25254941,Beijing Normal University,exact,57501.61,https://ror.org/022k4wk35
2538,2539,陈应春,2011,四川大学,依托单位,I24185976,Sichuan University,exact,75979.734,https://ror.org/011ashp19
2539,2540,库学功,2011,兰州大学,依托单位,I76214153,Lanzhou University,exact,55239.18,https://ror.org/01mkqqe32
2540,2541,周永贵,2011,中国科学院大连化学物理研究所,依托单位,I180585399,Dalian Institute of Chemical Physics,exact,65201.16,https://ror.org/00prkya54
2541,2542,胡文浩,2011,华东师范大学,依托单位,I66867065,East China Normal University,exact,47665.625,https://ror.org/02n96ep67
2542,2543,刘元红,2011,中国科学院上海有机化学研究所,依托单位,I4210112946,Shanghai Institute of Organic Chemistry,exact,54384.883,https://ror.org/01y3hvq34
2543,2544,高毅勤,2011,北京大学,依托单位,I20231570,Peking University,exact,77618.14,https://ror.org/02v51f717
2544,2545,庄林,2011,武汉大学,依托单位,I37461747,Wuhan University,exact,84484.22,https://ror.org/033vjfk17
2545,2546,侯中怀,2011,中国科学技术大学,依托单位,I126520041,University of Science and Technology of China,exact,105356.01,https://ror.org/04c4dkn09
2546,2547,刘志敏,2011,中国科学院化学研究所,依托单位,I4210155088,Institute of Chemistry,exact,61771.133,https://ror.org/048y1rc66
2547,2548,赵永生,2011,中国科学院化学研究所,依托单位,I4210155088,Institute of Chemistry,exact,61771.133,https://ror.org/048y1rc66
2548,2549,周峰,2011,中国科学院兰州化学物理研究所,依托单位,I4210089297,Lanzhou Institute of Chemical Physics,exact,51940.324,https://ror.org/007ffzr57
2549,2550,黄飞鹤,2011,浙江大学,依托单位,I76130692,Zhejiang University,exact,86971.77,https://ror.org/00a2xv884
2550,2551,陈红,2011,苏州大学,依托单位,I3923682,Soochow University,exact,55506.996,https://ror.org/05t8y2r12
2551,2552,黄飞,2011,华南理工大学,依托单位,I90610280,South China University of Technology,exact,65632.69,https://ror.org/0530pts50
2552,2553,魏志祥,2011,国家纳米科学中心,依托单位,I4210141483,National Center for Nanoscience and Technology,exact,51665.754,https://ror.org/04f49ff35
2553,2554,逯乐慧,2011,中国科学院长春应用化学研究所,依托单位,I4210092888,Changchun Institute of Applied Chemistry,exact,82828.11,https://ror.org/00h52n341
2554,2555,龙亿涛,2011,华东理工大学,依托单位,I143593769,East China University of Science and Technology,exact,41751.324,https://ror.org/01vyrm377
2555,2556,汪海林,2011,中国科学院生态环境研究中心,依托单位,I4210144289,Research Center for Eco-Environmental Sciences,exact,59822.87,https://ror.org/03rpsvy57
2556,2557,杨黄浩,2011,福州大学,依托单位,I80947539,Fuzhou University,exact,34887.25,https://ror.org/011xvna82
2557,2558,张四纯,2011,清华大学,依托单位,I99065089,Tsinghua University,exact,117751.195,https://ror.org/03cve4549
2558,2559,罗英武,2011,浙江大学,依托单位,I76130692,Zhejiang University,exact,86971.77,https://ror.org/00a2xv884
2559,2560,姜忠义,2011,天津大学,依托单位,I162868743,Tianjin University,exact,61022.258,https://ror.org/012tb2g32
2560,2561,贺高红,2011,大连理工大学,依托单位,I27357992,Dalian University of Technology,exact,64610.99,https://ror.org/023hj5876
2561,2562,邢卫红,2011,南京工业大学,依托单位,I134687103,Nanjing Tech University,exact,42277.42,https://ror.org/03sd35x91
2562,2563,林璋,2011,华南理工大学,依托单位,I90610280,South China University of Technology,exact,65632.69,https://ror.org/0530pts50
2563,2564,胡春,2011,中国科学院生态环境研究中心,依托单位,I4210144289,Research Center for Eco-Environmental Sciences,exact,59822.87,https://ror.org/03rpsvy57
2564,2565,张长生,2011,中国科学院南海海洋研究所,依托单位,I4210103685,South China Sea Institute Of Oceanology,exact,28760.244,https://ror.org/0192yj155
2565,2566,张立新,2011,中国科学院微生物研究所,依托单位,I4210134982,Institute of Microbiology,exact,51266.72,https://ror.org/047yhep71
2566,2567,王华林,2011,中国科学院武汉病毒研究所,依托单位,I4210106882,Wuhan Institute of Virology,exact,41861.137,https://ror.org/01jxjav08
2567,2568,黄善金,2011,中国科学院植物研究所,依托单位,I4210158097,Institute of Botany,exact,42323.688,https://ror.org/05hr3ch11
2568,2569,孔宏智,2011,中国科学院植物研究所,依托单位,I4210158097,Institute of Botany,exact,42323.688,https://ror.org/05hr3ch11
2569,2570,任东涛,2011,中国农业大学,依托单位,I52158045,China Agricultural University,exact,58946.74,https://ror.org/04v3ywz14
2570,2571,韦革宏,2011,西北农林科技大学,依托单位,I89652312,Northwest A&F University,exact,61295.1,https://ror.org/0051rme32
2571,2572,尹佟明,2011,南京林业大学,依托单位,I167027274,Nanjing Forestry University,exact,24611.076,https://ror.org/03m96p165
2572,2573,颜宁,2011,清华大学,依托单位,I99065089,Tsinghua University,exact,117751.195,https://ror.org/03cve4549
2573,2574,张令强,2011,中国人民解放军军事医学科学院,依托单位,I2802541053,Academy of Military Medical Sciences,exact,40758.62,https://ror.org/02bv3c993
2574,2575,金勇丰,2011,浙江大学,依托单位,I76130692,Zhejiang University,exact,86971.77,https://ror.org/00a2xv884
2575,2576,杨洁,2011,天津医科大学,依托单位,I5740404,Tianjin Medical University,exact,31967.438,https://ror.org/02mh8wx89
2576,2577,王常勇,2011,中国人民解放军军事医学科学院,依托单位,I2802541053,Academy of Military Medical Sciences,exact,40758.62,https://ror.org/02bv3c993
2577,2578,李武,2011,北京师范大学,依托单位,I25254941,Beijing Normal University,exact,57501.61,https://ror.org/022k4wk35
2578,2579,于翔,2011,中国科学院上海生命科学研究院,依托单位,I4210106477,Shanghai Institutes for Biological Sciences,exact,56299.793,https://ror.org/011rf9d86
2579,2580,蒋太交,2011,中国科学院生物物理研究所,依托单位,I4210112540,Institute of Biophysics,exact,43632.348,https://ror.org/01tyv8576
2580,2581,周天华,2011,浙江大学,依托单位,I76130692,Zhejiang University,exact,86971.77,https://ror.org/00a2xv884
2581,2582,俞立,2011,清华大学,依托单位,I99065089,Tsinghua University,exact,117751.195,https://ror.org/03cve4549
2582,2583,周奕华,2011,中国科学院遗传与发育生物学研究所,依托单位,I4210124606,Institute of Genetics and Developmental Biology,weak,57183.465,https://ror.org/02aee5m12
2583,2584,李付广,2011,中国农业科学院棉花研究所,依托单位,I4210106793,Cotton Research Institute,exact,28261.383,https://ror.org/01edrm178
2584,2585,陈卫,2011,江南大学,依托单位,I111599522,Jiangnan University,exact,32182.512,https://ror.org/04mkzax54
2585,2586,单卫星,2011,西北农林科技大学,依托单位,I89652312,Northwest A&F University,exact,61295.1,https://ror.org/0051rme32
2586,2587,姜道宏,2011,华中农业大学,依托单位,I204823248,Huazhong Agricultural University,exact,62343.33,https://ror.org/023b72294
2587,2588,郭文武,2011,华中农业大学,依托单位,I204823248,Huazhong Agricultural University,exact,62343.33,https://ror.org/023b72294
2588,2589,李胜,2011,中国科学院上海生命科学研究院,依托单位,I4210106477,Shanghai Institutes for Biological Sciences,exact,56299.793,https://ror.org/011rf9d86
2589,2590,刘雅红,2011,华南农业大学,依托单位,I101479585,South China Agricultural University,exact,41516.54,https://ror.org/05v9jqt67
2590,2591,陈新华,2011,国家海洋局第三海洋研究所,依托单位,,,none,,
2591,2592,刘杰,2011,复旦大学,依托单位,I24943067,Fudan University,exact,92511.14,https://ror.org/013q1eq08
2592,2593,彭军,2011,山东大学,依托单位,I154099455,Shandong University,exact,60373.523,https://ror.org/0207yh398
2593,2594,曾凡一,2011,上海交通大学,依托单位,I183067930,Shanghai Jiao Tong University,exact,99965.625,https://ror.org/0220qvk04
2594,2595,林羿,2011,上海交通大学,依托单位,I183067930,Shanghai Jiao Tong University,exact,99965.625,https://ror.org/0220qvk04
2595,2596,孙斐,2011,中国科学技术大学,依托单位,I126520041,University of Science and Technology of China,exact,105356.01,https://ror.org/04c4dkn09
2596,2597,罗湘杭,2011,中南大学,依托单位,I139660479,Central South University,exact,66159.63,https://ror.org/00f1zfq44
2597,2598,何明光,2011,中山大学,依托单位,I157773358,Sun Yat-sen University,exact,72368.62,https://ror.org/0064kty71
2598,2599,袁慧军,2011,中国人民解放军总医院,依托单位,I2802939634,Chinese PLA General Hospital,exact,55320.848,https://ror.org/04gw3ra78
2599,2600,吴志英,2011,复旦大学,依托单位,I24943067,Fudan University,exact,92511.14,https://ror.org/013q1eq08
2600,2601,袁增强,2011,中国科学院生物物理研究所,依托单位,I4210112540,Institute of Biophysics,exact,43632.348,https://ror.org/01tyv8576
2601,2602,王凡,2011,北京大学,依托单位,I20231570,Peking University,exact,77618.14,https://ror.org/02v51f717
2602,2603,王恒樑,2011,中国人民解放军军事医学科学院,依托单位,I2802541053,Academy of Military Medical Sciences,exact,40758.62,https://ror.org/02bv3c993
2603,2604,蒋青,2011,南京大学,依托单位,I881766915,Nanjing University,exact,62417.22,https://ror.org/01rxvg760
2604,2605,欧阳宏伟,2011,浙江大学,依托单位,I76130692,Zhejiang University,exact,86971.77,https://ror.org/00a2xv884
2605,2606,康铁邦,2011,中山大学,依托单位,I157773358,Sun Yat-sen University,exact,72368.62,https://ror.org/0064kty71
2606,2607,何祥火,2011,上海交通大学,依托单位,I183067930,Shanghai Jiao Tong University,exact,99965.625,https://ror.org/0220qvk04
2607,2608,周钢桥,2011,中国人民解放军军事医学科学院,依托单位,I2802541053,Academy of Military Medical Sciences,exact,40758.62,https://ror.org/02bv3c993
2608,2609,程树群,2011,中国人民解放军第二军医大学,依托单位,I177933477,Second Military Medical University,exact,61741.094,https://ror.org/04tavpn47
2609,2610,张宁,2011,天津医科大学,依托单位,I5740404,Tianjin Medical University,exact,31967.438,https://ror.org/02mh8wx89
2610,2611,王慧,2011,中国科学院上海生命科学研究院,依托单位,I4210106477,Shanghai Institutes for Biological Sciences,exact,56299.793,https://ror.org/011rf9d86
2611,2612,张翱,2011,中国科学院上海药物研究所,依托单位,I4210112820,Shanghai Institute of Materia Medica,exact,49811.605,https://ror.org/022syn853
2612,2613,吴军,2011,暨南大学,依托单位,I159948400,Jinan University,exact,46141.92,https://ror.org/02xe5ns62
2613,2614,李佳,2011,中国科学院上海药物研究所,依托单位,I4210112820,Shanghai Institute of Materia Medica,exact,49811.605,https://ror.org/022syn853
2614,2615,高秀梅,2011,天津中医药大学,依托单位,I12411659,Tianjin University of Traditional Chinese Medicine,exact,21110.445,https://ror.org/05dfcz246
2615,2616,丁侃,2011,中国科学院上海药物研究所,依托单位,I4210112820,Shanghai Institute of Materia Medica,exact,49811.605,https://ror.org/022syn853
2616,2617,邹建文,2012,南京农业大学,依托单位,I119454577,Nanjing Agricultural University,exact,55386.867,https://ror.org/05td3s095
2617,2618,邾继贵,2012,天津大学,依托单位,I162868743,Tianjin University,exact,61022.258,https://ror.org/012tb2g32
2618,2619,朱东强,2012,北京大学,依托单位,I20231570,Peking University,exact,77618.14,https://ror.org/02v51f717
2619,2620,朱弟成,2012,中国地质大学(北京),依托单位,I3125743391,China University of Geosciences (Beijing),exact,38915.188,https://ror.org/04q6c7p66
2620,2621,周永丰,2012,上海交通大学,依托单位,I183067930,Shanghai Jiao Tong University,exact,99965.625,https://ror.org/0220qvk04
2621,2622,周杰,2012,清华大学,依托单位,I99065089,Tsinghua University,exact,117751.195,https://ror.org/03cve4549
2622,2623,周俭,2012,复旦大学,依托单位,I24943067,Fudan University,exact,92511.14,https://ror.org/013q1eq08
2623,2624,周海军,2012,中国科学院理论物理研究所,依托单位,I4210125404,Institute of Theoretical Physics,exact,35358.984,https://ror.org/02xtbq882
2624,2625,钟志远,2012,苏州大学,依托单位,I3923682,Soochow University,exact,55506.996,https://ror.org/05t8y2r12
2625,2626,郑玉峰,2012,北京大学,依托单位,I20231570,Peking University,exact,77618.14,https://ror.org/02v51f717
2626,2627,郑小平,2012,清华大学,依托单位,I99065089,Tsinghua University,exact,117751.195,https://ror.org/03cve4549
2627,2628,赵玉民,2012,上海交通大学,依托单位,I183067930,Shanghai Jiao Tong University,exact,99965.625,https://ror.org/0220qvk04
2628,2629,赵永好,2012,南京理工大学,依托单位,I36399199,Nanjing University of Science and Technology,exact,37372.695,https://ror.org/00xp9wg62
2629,2630,赵长生,2012,四川大学,依托单位,I24185976,Sichuan University,exact,75979.734,https://ror.org/011ashp19
2630,2631,张忠,2012,国家纳米科学中心,依托单位,I4210141483,National Center for Nanoscience and Technology,exact,51665.754,https://ror.org/04f49ff35
2631,2632,张云武,2012,厦门大学,依托单位,I191208505,Xiamen University,exact,63183.082,https://ror.org/00mcjh785
2632,2633,张闻,2012,东南大学,依托单位,I76569877,Southeast University,exact,48708.32,https://ror.org/04ct4d772
2633,2634,张路,2012,北京大学,依托单位,I20231570,Peking University,exact,77618.14,https://ror.org/02v51f717
2634,2635,张立新,2012,浙江大学,依托单位,I76130692,Zhejiang University,exact,86971.77,https://ror.org/00a2xv884
2635,2636,张杰鹏,2012,中山大学,依托单位,I157773358,Sun Yat-sen University,exact,72368.62,https://ror.org/0064kty71
2636,2637,张宏,2012,中国科学院生物物理研究所,依托单位,I4210112540,Institute of Biophysics,exact,43632.348,https://ror.org/01tyv8576
2637,2638,袁慎芳,2012,南京航空航天大学,依托单位,I9842412,Nanjing University of Aeronautics and Astronautics,exact,50219.07,https://ror.org/01scyh794
2638,2639,俞燕蕾,2012,复旦大学,依托单位,I24943067,Fudan University,exact,92511.14,https://ror.org/013q1eq08
2639,2640,余玉刚,2012,中国科学技术大学,依托单位,I126520041,University of Science and Technology of China,exact,105356.01,https://ror.org/04c4dkn09
2640,2641,于志强,2012,中国科学院广州地球化学研究所,依托单位,I3018690959,Guangzhou Institute of Geochemistry,exact,46284.484,https://ror.org/0356cst02
2641,2642,于伟泳,2012,吉林大学,依托单位,I194450716,Jilin University,exact,67529.51,https://ror.org/00js3aw79
2642,2643,叶强,2012,哈尔滨工业大学,依托单位,I204983213,Harbin Institute of Technology,exact,115718.28,https://ror.org/01yqg2h08
2643,2644,姚裕贵,2012,北京理工大学,依托单位,I125839683,Beijing Institute of Technology,exact,60847.0,https://ror.org/01skt4w74
2644,2645,姚斌,2012,中国农业科学院饲料研究所,依托单位,I4210149219,Feed Research Institute,exact,23435.096,https://ror.org/0490rfk07
2645,2646,杨弋,2012,华东理工大学,依托单位,I143593769,East China University of Science and Technology,exact,41751.324,https://ror.org/01vyrm377
2646,2647,杨亚东,2012,华中师范大学,依托单位,I40963666,Central China Normal University,exact,42120.21,https://ror.org/03x1jna21
2647,2648,杨淑华,2012,中国农业大学,依托单位,I52158045,China Agricultural University,exact,58946.74,https://ror.org/04v3ywz14
2648,2649,杨守业,2012,同济大学,依托单位,I116953780,Tongji University,exact,50689.016,https://ror.org/03rc6as71
2649,2650,杨华明,2012,中南大学,依托单位,I139660479,Central South University,exact,66159.63,https://ror.org/00f1zfq44
2650,2651,颜晓梅,2012,厦门大学,依托单位,I191208505,Xiamen University,exact,63183.082,https://ror.org/00mcjh785
2651,2652,许学军,2012,中国科学院数学与系统科学研究院,依托单位,I4210120485,Academy of Mathematics and Systems Science,exact,29545.18,https://ror.org/02jkmyk67
2652,2653,许强,2012,成都理工大学,依托单位,I31595395,Chengdu University of Technology,exact,23864.852,https://ror.org/05pejbw21
2653,2654,许凤,2012,北京林业大学,依托单位,I31683504,Beijing Forestry University,exact,36390.17,https://ror.org/04xv2pc41
2654,2655,徐心,2012,清华大学,依托单位,I99065089,Tsinghua University,exact,117751.195,https://ror.org/03cve4549
2655,2656,徐仁新,2012,北京大学,依托单位,I20231570,Peking University,exact,77618.14,https://ror.org/02v51f717
2656,2657,徐立军,2012,北京航空航天大学,依托单位,I82880672,Beihang University,exact,82779.67,https://ror.org/00wk2mp56
2657,2658,徐常胜,2012,中国科学院自动化研究所,依托单位,I4210112150,Institute of Automation,override,,
2658,2659,谢丹,2012,中山大学,依托单位,I157773358,Sun Yat-sen University,exact,72368.62,https://ror.org/0064kty71
2659,2660,肖少波,2012,华中农业大学,依托单位,I204823248,Huazhong Agricultural University,exact,62343.33,https://ror.org/023b72294
2660,2661,向文胜,2012,东北农业大学,依托单位,I169572211,Northeast Agricultural University,exact,34269.277,https://ror.org/0515nd386
2661,2662,相里斌,2012,中国科学院光电研究院,依托单位,I4210151155,Academy of Opto-Electronics,exact,9309.039,https://ror.org/04acsr153
2662,2663,夏元清,2012,北京理工大学,依托单位,I125839683,Beijing Institute of Technology,exact,60847.0,https://ror.org/01skt4w74
2663,2664,夏群科,2012,中国科学技术大学,依托单位,I126520041,University of Science and Technology of China,exact,105356.01,https://ror.org/04c4dkn09
2664,2665,吴晓磊,2012,北京大学,依托单位,I20231570,Peking University,exact,77618.14,https://ror.org/02v51f717
2665,2666,吴庆龙,2012,中国科学院南京地理与湖泊研究所,依托单位,I4210134482,Nanjing Institute of Geography and Limnology,exact,31844.246,https://ror.org/03k6r8t20
2666,2667,吴军,2012,华中科技大学,依托单位,I47720641,Huazhong University of Science and Technology,exact,83397.086,https://ror.org/00p991c53
2667,2668,吴宏滨,2012,华南理工大学,依托单位,I90610280,South China University of Technology,exact,65632.69,https://ror.org/0530pts50
2668,2669,吴宏,2012,中国科学院国家天文台,依托单位,I4210164580,National Astronomical Observatories,exact,34911.63,https://ror.org/058pyyv44
2669,2670,吴春明,2012,中国科学院大学,依托单位,I4210165038,University of Chinese Academy of Sciences,exact,106045.85,https://ror.org/05qbk4x57
2670,2671,文桂林,2012,湖南大学,依托单位,I16609230,Hunan University,exact,52153.906,https://ror.org/05htk5m33
2671,2672,魏永革,2012,清华大学,依托单位,I99065089,Tsinghua University,exact,117751.195,https://ror.org/03cve4549
2672,2673,魏进家,2012,西安交通大学,依托单位,I87445476,Xi'an Jiaotong University,exact,70856.3,https://ror.org/017zhmm22
2673,2674,卫敏,2012,北京化工大学,依托单位,I75390827,Beijing University of Chemical Technology,exact,44476.082,https://ror.org/00df5yc52
2674,2675,王自发,2012,中国科学院大气物理研究所,依托单位,I4210152758,Institute of Atmospheric Physics,exact,35263.035,https://ror.org/0424h4e32
2675,2676,王源超,2012,南京农业大学,依托单位,I119454577,Nanjing Agricultural University,exact,55386.867,https://ror.org/05td3s095
2676,2677,王训明,2012,中国科学院地理科学与资源研究所,依托单位,I4210160793,Institute of Geographic Sciences and Natural Resources Research,exact,58468.53,https://ror.org/04t1cdb72
2677,2678,王兴伟,2012,东北大学,依托单位,I9224756,Northeastern University,exact,34939.227,https://ror.org/03awzbc87
2678,2679,王新强,2012,北京大学,依托单位,I20231570,Peking University,exact,77618.14,https://ror.org/02v51f717
2679,2680,王祥科,2012,华北电力大学,依托单位,I153473198,North China Electric Power University,exact,38219.625,https://ror.org/04qr5t414
2680,2681,王硕,2012,天津科技大学,依托单位,I132369690,Tianjin University of Science and Technology,exact,24044.7,https://ror.org/018rbtf37
2681,2682,王琼华,2012,四川大学,依托单位,I24185976,Sichuan University,exact,75979.734,https://ror.org/011ashp19
2682,2683,王沛芳,2012,河海大学,依托单位,I163340411,Hohai University,exact,30510.945,https://ror.org/01wd4xt90
2683,2684,王立平,2012,清华大学,依托单位,I99065089,Tsinghua University,exact,117751.195,https://ror.org/03cve4549
2684,2685,王开友,2012,中国科学院半导体研究所,依托单位,I4210149211,Institute of Semiconductors,exact,44368.86,https://ror.org/048dd0611
2685,2686,王金淑,2012,北京工业大学,依托单位,I37796252,Beijing University of Technology,exact,32980.96,https://ror.org/037b1pp87
2686,2687,王健伟,2012,中国医学科学院病原生物学研究所,依托单位,,,none,,
2687,2688,王红梅,2012,中国科学院动物研究所,依托单位,I4210167311,Institute of Zoology,exact,34200.504,https://ror.org/05skxkv18
2688,2689,王海辉,2012,华南理工大学,依托单位,I90610280,South China University of Technology,exact,65632.69,https://ror.org/0530pts50
2689,2690,王福俠,2012,浙江大学,依托单位,I76130692,Zhejiang University,exact,86971.77,https://ror.org/00a2xv884
2690,2691,王帆,2012,中山大学,依托单位,I157773358,Sun Yat-sen University,exact,72368.62,https://ror.org/0064kty71
2691,2692,王聪,2012,华南理工大学,依托单位,I90610280,South China University of Technology,exact,65632.69,https://ror.org/0530pts50
2692,2693,王成树,2012,中国科学院上海生命科学研究院,依托单位,I4210106477,Shanghai Institutes for Biological Sciences,exact,56299.793,https://ror.org/011rf9d86
2693,2694,王朝晖,2012,中国科学院化学研究所,依托单位,I4210155088,Institute of Chemistry,exact,61771.133,https://ror.org/048y1rc66
2694,2695,王爱杰,2012,哈尔滨工业大学,依托单位,I204983213,Harbin Institute of Technology,exact,115718.28,https://ror.org/01yqg2h08
2695,2696,田文寿,2012,兰州大学,依托单位,I76214153,Lanzhou University,exact,55239.18,https://ror.org/01mkqqe32
2696,2697,陶凌,2012,中国人民解放军第四军医大学,依托单位,,,none,,
2697,2698,陶建军,2012,北京大学,依托单位,I20231570,Peking University,exact,77618.14,https://ror.org/02v51f717
2698,2699,唐年胜,2012,云南大学,依托单位,I189210763,Yunnan University,exact,21871.463,https://ror.org/0040axw97
2699,2700,唐淳,2012,中国科学院武汉物理与数学研究所,依托单位,I4210099135,Wuhan Institute of Physics and Mathematics,exact,30681.508,https://ror.org/00zky9d41
2700,2701,谭忆秋,2012,哈尔滨工业大学,依托单位,I204983213,Harbin Institute of Technology,exact,115718.28,https://ror.org/01yqg2h08
2701,2702,谭平恒,2012,中国科学院半导体研究所,依托单位,I4210149211,Institute of Semiconductors,exact,44368.86,https://ror.org/048dd0611
2702,2703,邰仁忠,2012,中国科学院上海应用物理研究所,依托单位,I4210123885,Shanghai Institute of Applied Physics,exact,43298.895,https://ror.org/02w6gr951
2703,2704,孙志梅,2012,北京航空航天大学,依托单位,I82880672,Beihang University,exact,82779.67,https://ror.org/00wk2mp56
2704,2705,孙俊奇,2012,吉林大学,依托单位,I194450716,Jilin University,exact,67529.51,https://ror.org/00js3aw79
2705,2706,孙红文,2012,南开大学,依托单位,I205237279,Nankai University,exact,54575.492,https://ror.org/01y1kjr75
2706,2707,孙倍成,2012,南京医科大学,依托单位,I83519826,Nanjing Medical University,exact,46681.355,https://ror.org/059gcgy73
2707,2708,帅心涛,2012,中山大学,依托单位,I157773358,Sun Yat-sen University,exact,72368.62,https://ror.org/0064kty71
2708,2709,时杰,2012,北京大学,依托单位,I20231570,Peking University,exact,77618.14,https://ror.org/02v51f717
2709,2710,盛利,2012,南京大学,依托单位,I881766915,Nanjing University,exact,62417.22,https://ror.org/01rxvg760
2710,2711,盛况,2012,浙江大学,依托单位,I76130692,Zhejiang University,exact,86971.77,https://ror.org/00a2xv884
2711,2712,邵峰,2012,北京生命科学研究所,依托单位,I4210086405,"National Institute of Biological Sciences, Beijing",exact,27236.115,https://ror.org/00wksha49
2712,2713,任丰原,2012,清华大学,依托单位,I99065089,Tsinghua University,exact,117751.195,https://ror.org/03cve4549
2713,2714,乔俊飞,2012,北京工业大学,依托单位,I37796252,Beijing University of Technology,exact,32980.96,https://ror.org/037b1pp87
2714,2715,戚益军,2012,清华大学,依托单位,I99065089,Tsinghua University,exact,117751.195,https://ror.org/03cve4549
2715,2716,彭慧胜,2012,复旦大学,依托单位,I24943067,Fudan University,exact,92511.14,https://ror.org/013q1eq08
2716,2717,欧阳钢锋,2012,中山大学,依托单位,I157773358,Sun Yat-sen University,exact,72368.62,https://ror.org/0064kty71
2717,2718,牛利,2012,中国科学院长春应用化学研究所,依托单位,I4210092888,Changchun Institute of Applied Chemistry,exact,82828.11,https://ror.org/00h52n341
2718,2719,聂勇战,2012,中国人民解放军第四军医大学,依托单位,,,none,,
2719,2720,聂静,2012,南方医科大学,依托单位,I58200834,Southern Medical University,exact,48235.527,https://ror.org/01vjw4z39
2720,2721,马军安,2012,天津大学,依托单位,I162868743,Tianjin University,exact,61022.258,https://ror.org/012tb2g32
2721,2722,吕笑梅,2012,南京大学,依托单位,I881766915,Nanjing University,exact,62417.22,https://ror.org/01rxvg760
2722,2723,罗晓东,2012,中国科学院昆明植物研究所,依托单位,I13850615,Kunming Institute of Botany,exact,25411.791,https://ror.org/02e5hx313
2723,2724,陆延青,2012,南京大学,依托单位,I881766915,Nanjing University,exact,62417.22,https://ror.org/01rxvg760
2724,2725,陆安慧,2012,大连理工大学,依托单位,I27357992,Dalian University of Technology,exact,64610.99,https://ror.org/023hj5876
2725,2726,鲁雄刚,2012,上海大学,依托单位,I113940042,Shanghai University,exact,33911.445,https://ror.org/006teas31
2726,2727,龙腾,2012,北京理工大学,依托单位,I125839683,Beijing Institute of Technology,exact,60847.0,https://ror.org/01skt4w74
2727,2728,刘耘,2012,中国科学院地球化学研究所,依托单位,I4210135735,Institute of Geochemistry,override,,
2728,2729,刘义,2012,武汉大学,依托单位,I37461747,Wuhan University,exact,84484.22,https://ror.org/033vjfk17
2729,2730,刘磊,2012,清华大学,依托单位,I99065089,Tsinghua University,exact,117751.195,https://ror.org/03cve4549
2730,2731,刘俊,2012,中北大学,依托单位,I135714990,North University of China,exact,9225.261,https://ror.org/047bp1713
2731,2732,刘静,2012,中国地震局地质研究所,依托单位,I4391768021,"Institute of Geology, China Earthquake Administration",exact,12191.705,https://ror.org/03z8dnf91
2732,2733,刘剑峰,2012,华中科技大学,依托单位,I47720641,Huazhong University of Science and Technology,exact,83397.086,https://ror.org/00p991c53
2733,2734,刘加平,2012,江苏省建筑科学研究院有限公司,依托单位,I4210086186,Jiangsu Provincial Academy of Building Research (China),exact,1201.3959,https://ror.org/00qvx9r67
2734,2735,刘会娟,2012,中国科学院生态环境研究中心,依托单位,I4210144289,Research Center for Eco-Environmental Sciences,exact,59822.87,https://ror.org/03rpsvy57
2735,2736,刘国生,2012,中国科学院上海有机化学研究所,依托单位,I4210112946,Shanghai Institute of Organic Chemistry,exact,54384.883,https://ror.org/01y3hvq34
2736,2737,林伟,2012,中国科学院地质与地球物理研究所,依托单位,I4210126061,Institute of Geology and Geophysics,exact,56218.027,https://ror.org/030vmwa78
2737,2738,林厚文,2012,中国人民解放军第二军医大学,依托单位,I177933477,Second Military Medical University,exact,61741.094,https://ror.org/04tavpn47
2738,2739,梁兴杰,2012,国家纳米科学中心,依托单位,I4210141483,National Center for Nanoscience and Technology,exact,51665.754,https://ror.org/04f49ff35
2739,2740,梁卫国,2012,太原理工大学,依托单位,I9086337,Taiyuan University of Technology,exact,38365.03,https://ror.org/03kv08d37
2740,2741,李子臣,2012,北京大学,依托单位,I20231570,Peking University,exact,77618.14,https://ror.org/02v51f717
2741,2742,李志波,2012,青岛科技大学,依托单位,I143413998,Qingdao University of Science and Technology,exact,31195.357,https://ror.org/041j8js14
2742,2743,李永平,2012,华北电力大学,依托单位,I153473198,North China Electric Power University,exact,38219.625,https://ror.org/04qr5t414
2743,2744,李晓明,2012,浙江大学,依托单位,I76130692,Zhejiang University,exact,86971.77,https://ror.org/00a2xv884
2744,2745,李小森,2012,中国科学院广州能源研究所,依托单位,I4210128491,Guangzhou Institute of Energy Conversion,exact,19485.324,https://ror.org/047qgg117
2745,2746,李微雪,2012,中国科学技术大学,依托单位,I126520041,University of Science and Technology of China,exact,105356.01,https://ror.org/04c4dkn09
2746,2747,李陶,2012,中国科学技术大学,依托单位,I126520041,University of Science and Technology of China,exact,105356.01,https://ror.org/04c4dkn09
2747,2748,李梢,2012,清华大学,依托单位,I99065089,Tsinghua University,exact,117751.195,https://ror.org/03cve4549
2748,2749,李强,2012,南京理工大学,依托单位,I36399199,Nanjing University of Science and Technology,exact,37372.695,https://ror.org/00xp9wg62
2749,2750,李立毅,2012,哈尔滨工业大学,依托单位,I204983213,Harbin Institute of Technology,exact,115718.28,https://ror.org/01yqg2h08
2750,2751,李克秋,2012,大连理工大学,依托单位,I27357992,Dalian University of Technology,exact,64610.99,https://ror.org/023hj5876
2751,2752,李劲松,2012,中国科学院上海生命科学研究院,依托单位,I4210106477,Shanghai Institutes for Biological Sciences,exact,56299.793,https://ror.org/011rf9d86
2752,2753,李海梁,2012,首都师范大学,依托单位,I96852419,Capital Normal University,exact,24357.684,https://ror.org/005edt527
2753,2754,李典庆,2012,武汉大学,依托单位,I37461747,Wuhan University,exact,84484.22,https://ror.org/033vjfk17
2754,2755,冷劲松,2012,哈尔滨工业大学,依托单位,I204983213,Harbin Institute of Technology,exact,115718.28,https://ror.org/01yqg2h08
2755,2756,雷群英,2012,复旦大学,依托单位,I24943067,Fudan University,exact,92511.14,https://ror.org/013q1eq08
2756,2757,赖锦盛,2012,中国农业大学,依托单位,I52158045,China Agricultural University,exact,58946.74,https://ror.org/04v3ywz14
2757,2758,孔旭,2012,中国科学技术大学,依托单位,I126520041,University of Science and Technology of China,exact,105356.01,https://ror.org/04c4dkn09
2758,2759,孔炜,2012,北京大学,依托单位,I20231570,Peking University,exact,77618.14,https://ror.org/02v51f717
2759,2760,康世昌,2012,中国科学院青藏高原研究所,依托单位,I4210141476,Institute of Tibetan Plateau Research,exact,35735.152,https://ror.org/03zn6c508
2760,2761,金章东,2012,中国科学院地球环境研究所,依托单位,I4210159790,Institute of Earth Environment,exact,27424.857,https://ror.org/04nps9965
2761,2762,蒋欣泉,2012,上海交通大学,依托单位,I183067930,Shanghai Jiao Tong University,exact,99965.625,https://ror.org/0220qvk04
2762,2763,江安全,2012,复旦大学,依托单位,I24943067,Fudan University,exact,92511.14,https://ror.org/013q1eq08
2763,2764,贾德昌,2012,哈尔滨工业大学,依托单位,I204983213,Harbin Institute of Technology,exact,115718.28,https://ror.org/01yqg2h08
2764,2765,惠利健,2012,中国科学院上海生命科学研究院,依托单位,I4210106477,Shanghai Institutes for Biological Sciences,exact,56299.793,https://ror.org/011rf9d86
2765,2766,黄运锋,2012,中国科学技术大学,依托单位,I126520041,University of Science and Technology of China,exact,105356.01,https://ror.org/04c4dkn09
2766,2767,黄文,2012,中国科学技术大学,依托单位,I126520041,University of Science and Technology of China,exact,105356.01,https://ror.org/04c4dkn09
2767,2768,黄三文,2012,中国农业科学院蔬菜花卉研究所,依托单位,I4210119469,Institute of Vegetables and Flowers,exact,38095.69,https://ror.org/02fnpjd08
2768,2769,黄和,2012,南京工业大学,依托单位,I134687103,Nanjing Tech University,exact,42277.42,https://ror.org/03sd35x91
2769,2770,黄灿华,2012,四川大学,依托单位,I24185976,Sichuan University,exact,75979.734,https://ror.org/011ashp19
2770,2771,黄波,2012,中国医学科学院基础医学研究所,依托单位,I4405261629,Institute of Basic Theory for Chinese Medicine,weak,44.365093,https://ror.org/05kf82e36
2771,2772,胡志斌,2012,南京医科大学,依托单位,I83519826,Nanjing Medical University,exact,46681.355,https://ror.org/059gcgy73
2772,2773,胡有洪,2012,中国科学院上海药物研究所,依托单位,I4210112820,Shanghai Institute of Materia Medica,exact,49811.605,https://ror.org/022syn853
2773,2774,胡小永,2012,北京大学,依托单位,I20231570,Peking University,exact,77618.14,https://ror.org/02v51f717
2774,2775,胡水明,2012,中国科学技术大学,依托单位,I126520041,University of Science and Technology of China,exact,105356.01,https://ror.org/04c4dkn09
2775,2776,胡俊杰,2012,南开大学,依托单位,I205237279,Nankai University,exact,54575.492,https://ror.org/01y1kjr75
2776,2777,胡海岚,2012,浙江大学,依托单位,I76130692,Zhejiang University,exact,86971.77,https://ror.org/00a2xv884
2777,2778,侯增广,2012,中国科学院自动化研究所,依托单位,I4210112150,Institute of Automation,override,,
2778,2779,贺永,2012,北京师范大学,依托单位,I25254941,Beijing Normal University,exact,57501.61,https://ror.org/022k4wk35
2779,2780,贺雄雷,2012,中山大学,依托单位,I157773358,Sun Yat-sen University,exact,72368.62,https://ror.org/0064kty71
2780,2781,何桢,2012,天津大学,依托单位,I162868743,Tianjin University,exact,61022.258,https://ror.org/012tb2g32
2781,2782,郭玉国,2012,中国科学院化学研究所,依托单位,I4210155088,Institute of Chemistry,exact,61771.133,https://ror.org/048y1rc66
2782,2783,郭雪峰,2012,北京大学,依托单位,I20231570,Peking University,exact,77618.14,https://ror.org/02v51f717
2783,2784,郭立新,2012,西安电子科技大学,依托单位,I149594827,Xidian University,exact,38626.223,https://ror.org/05s92vm98
2784,2785,郭建东,2012,中国科学院物理研究所,依托单位,I4210159876,Institute of Physics,exact,48215.63,https://ror.org/05cvf7v30
2785,2786,郭弘,2012,北京大学,依托单位,I20231570,Peking University,exact,77618.14,https://ror.org/02v51f717
2786,2787,关柏鸥,2012,暨南大学,依托单位,I159948400,Jinan University,exact,46141.92,https://ror.org/02xe5ns62
2787,2788,葛蔚,2012,中国科学院过程工程研究所,依托单位,I4210133325,Institute of Process Engineering,exact,42207.16,https://ror.org/03j4x9j18
2788,2789,付保华,2012,中国科学院数学与系统科学研究院,依托单位,I4210120485,Academy of Mathematics and Systems Science,exact,29545.18,https://ror.org/02jkmyk67
2789,2790,段志生,2012,北京大学,依托单位,I20231570,Peking University,exact,77618.14,https://ror.org/02v51f717
2790,2791,段慧玲,2012,北京大学,依托单位,I20231570,Peking University,exact,77618.14,https://ror.org/02v51f717
2791,2792,董云鹏,2012,西北大学,依托单位,I37802460,Northwest University,exact,25357.496,https://ror.org/00z3td547
2792,2793,董毅,2012,上海交通大学,依托单位,I183067930,Shanghai Jiao Tong University,exact,99965.625,https://ror.org/0220qvk04
2793,2794,邓祥征,2012,中国科学院地理科学与资源研究所,依托单位,I4210160793,Institute of Geographic Sciences and Natural Resources Research,exact,58468.53,https://ror.org/04t1cdb72
2794,2795,戴志飞,2012,北京大学,依托单位,I20231570,Peking University,exact,77618.14,https://ror.org/02v51f717
2795,2796,崔大祥,2012,上海交通大学,依托单位,I183067930,Shanghai Jiao Tong University,exact,99965.625,https://ror.org/0220qvk04
2796,2797,仇荣亮,2012,中山大学,依托单位,I157773358,Sun Yat-sen University,exact,72368.62,https://ror.org/0064kty71
2797,2798,陈张海,2012,复旦大学,依托单位,I24943067,Fudan University,exact,92511.14,https://ror.org/013q1eq08
2798,2799,陈雪峰,2012,西安交通大学,依托单位,I87445476,Xi'an Jiaotong University,exact,70856.3,https://ror.org/017zhmm22
2799,2800,陈小伟,2012,中国工程物理研究院总体工程研究所,依托单位,,,none,,
2800,2801,陈翔,2012,中南大学,依托单位,I139660479,Central South University,exact,66159.63,https://ror.org/00f1zfq44
2801,2802,陈卫忠,2012,山东大学,依托单位,I154099455,Shandong University,exact,60373.523,https://ror.org/0207yh398
2802,2803,陈仁朋,2012,浙江大学,依托单位,I76130692,Zhejiang University,exact,86971.77,https://ror.org/00a2xv884
2803,2804,陈萍,2012,中国科学院大连化学物理研究所,依托单位,I180585399,Dalian Institute of Chemical Physics,exact,65201.16,https://ror.org/00prkya54
2804,2805,陈鹏,2012,北京大学,依托单位,I20231570,Peking University,exact,77618.14,https://ror.org/02v51f717
2805,2806,陈凌,2012,中国科学院地质与地球物理研究所,依托单位,I4210126061,Institute of Geology and Geophysics,exact,56218.027,https://ror.org/030vmwa78
2806,2807,陈玲,2012,北京师范大学,依托单位,I25254941,Beijing Normal University,exact,57501.61,https://ror.org/022k4wk35
2807,2808,陈军武,2012,华南理工大学,依托单位,I90610280,South China University of Technology,exact,65632.69,https://ror.org/0530pts50
2808,2809,陈焕文,2012,东华理工大学,依托单位,I4210119674,East China University of Technology,exact,15082.401,https://ror.org/027385r44
2809,2810,陈航榕,2012,中国科学院上海硅酸盐研究所,依托单位,I4210163874,Shanghai Institute of Ceramics,exact,59467.965,https://ror.org/05etnz140
2810,2811,陈光文,2012,中国科学院大连化学物理研究所,依托单位,I180585399,Dalian Institute of Chemical Physics,exact,65201.16,https://ror.org/00prkya54
2811,2812,陈凡,2012,中国科学院遗传与发育生物学研究所,依托单位,I4210124606,Institute of Genetics and Developmental Biology,weak,57183.465,https://ror.org/02aee5m12
2812,2813,陈畅,2012,中国科学院生物物理研究所,依托单位,I4210112540,Institute of Biophysics,exact,43632.348,https://ror.org/01tyv8576
2813,2814,车文荃,2012,南京理工大学,依托单位,I36399199,Nanjing University of Science and Technology,exact,37372.695,https://ror.org/00xp9wg62
2814,2815,曹俊,2012,中国科学院高能物理研究所,依托单位,I4210137180,Institute of High Energy Physics,exact,107211.8,https://ror.org/03v8tnc06
2815,2816,姜勇,2013,北京科技大学,依托单位,I92403157,University of Science and Technology Beijing,exact,39476.645,https://ror.org/02egmk993
2816,2817,汪的华,2013,武汉大学,依托单位,I37461747,Wuhan University,exact,84484.22,https://ror.org/033vjfk17
2817,2818,吕广宏,2013,北京航空航天大学,依托单位,I82880672,Beihang University,exact,82779.67,https://ror.org/00wk2mp56
2818,2819,杨春晖,2013,哈尔滨工业大学,依托单位,I204983213,Harbin Institute of Technology,exact,115718.28,https://ror.org/01yqg2h08
2819,2820,曹安源,2013,北京大学,依托单位,I20231570,Peking University,exact,77618.14,https://ror.org/02v51f717
2820,2821,高彦峰,2013,上海大学,依托单位,I113940042,Shanghai University,exact,33911.445,https://ror.org/006teas31
2821,2822,杜世萱,2013,中国科学院物理研究所,依托单位,I4210159876,Institute of Physics,exact,48215.63,https://ror.org/05cvf7v30
2822,2823,任文才,2013,中国科学院金属研究所,依托单位,I4210126304,Institute of Metal Research,override,,
2823,2824,李泓,2013,中国科学院物理研究所,依托单位,I4210159876,Institute of Physics,exact,48215.63,https://ror.org/05cvf7v30
2824,2825,李良彬,2013,中国科学技术大学,依托单位,I126520041,University of Science and Technology of China,exact,105356.01,https://ror.org/04c4dkn09
2825,2826,孙涛垒,2013,武汉理工大学,依托单位,I196699116,Wuhan University of Technology,exact,61446.0,https://ror.org/03fe7t173
2826,2827,谢志元,2013,中国科学院长春应用化学研究所,依托单位,I4210092888,Changchun Institute of Applied Chemistry,exact,82828.11,https://ror.org/00h52n341
2827,2828,徐福建,2013,北京化工大学,依托单位,I75390827,Beijing University of Chemical Technology,exact,44476.082,https://ror.org/00df5yc52
2828,2829,刘文广,2013,天津大学,依托单位,I162868743,Tianjin University,exact,61022.258,https://ror.org/012tb2g32
2829,2830,徐卫林,2013,武汉纺织大学,依托单位,,,none,,
2830,2831,刘永长,2013,天津大学,依托单位,I162868743,Tianjin University,exact,61022.258,https://ror.org/012tb2g32
2831,2832,金衍,2013,中国石油大学(北京),依托单位,I4210162190,"China University of Petroleum, East China",exact,37922.176,https://ror.org/05gbn2817
2832,2833,周福宝,2013,中国矿业大学,依托单位,I25757504,China University of Mining and Technology,exact,39738.82,https://ror.org/01xt2dr21
2833,2834,韩志武,2013,吉林大学,依托单位,I194450716,Jilin University,exact,67529.51,https://ror.org/00js3aw79
2834,2835,朱利民,2013,上海交通大学,依托单位,I183067930,Shanghai Jiao Tong University,exact,99965.625,https://ror.org/0220qvk04
2835,2836,赵玉龙,2013,西安交通大学,依托单位,I87445476,Xi'an Jiaotong University,exact,70856.3,https://ror.org/017zhmm22
2836,2837,轩福贞,2013,华东理工大学,依托单位,I143593769,East China University of Science and Technology,exact,41751.324,https://ror.org/01vyrm377
2837,2838,钟文琪,2013,东南大学,依托单位,I76569877,Southeast University,exact,48708.32,https://ror.org/04ct4d772
2838,2839,朱恂,2013,重庆大学,依托单位,I158842170,Chongqing University,exact,48851.953,https://ror.org/023rhb549
2839,2840,宇波,2013,北京石油化工学院,依托单位,I130541836,Beijing Institute of Petrochemical Technology,exact,17076.186,https://ror.org/025s55q11
2840,2841,郑萍,2013,哈尔滨工业大学,依托单位,I204983213,Harbin Institute of Technology,exact,115718.28,https://ror.org/01yqg2h08
2841,2842,康重庆,2013,清华大学,依托单位,I99065089,Tsinghua University,exact,117751.195,https://ror.org/03cve4549
2842,2843,曾嵘,2013,清华大学,依托单位,I99065089,Tsinghua University,exact,117751.195,https://ror.org/03cve4549
2843,2844,吴广宁,2013,西南交通大学,依托单位,I4800084,Southwest Jiaotong University,exact,43900.805,https://ror.org/00hn7w693
2844,2845,贾申利,2013,西安交通大学,依托单位,I87445476,Xi'an Jiaotong University,exact,70856.3,https://ror.org/017zhmm22
2845,2846,肖建庄,2013,同济大学,依托单位,I116953780,Tongji University,exact,50689.016,https://ror.org/03rc6as71
2846,2847,杨柳,2013,西安建筑科技大学,依托单位,I148099405,Xi'an University of Architecture and Technology,exact,31860.877,https://ror.org/04v2j2k71
2847,2848,席北斗,2013,中国环境科学研究院,依托单位,I4210156332,Chinese Research Academy of Environmental Sciences,exact,26948.99,https://ror.org/05t8xvx87
2848,2849,王立忠,2013,浙江大学,依托单位,I76130692,Zhejiang University,exact,86971.77,https://ror.org/00a2xv884
2849,2850,夏星辉,2013,北京师范大学,依托单位,I25254941,Beijing Normal University,exact,57501.61,https://ror.org/022k4wk35
2850,2851,周小平,2013,重庆大学,依托单位,I158842170,Chongqing University,exact,48851.953,https://ror.org/023rhb549
2851,2852,胡少伟,2013,水利部交通运输部国家能源局南京水利科学研究院,依托单位,I4210111986,Nanjing Hydraulic Research Institute,exact,27417.736,https://ror.org/02403qw73
2852,2853,程建功,2013,中国科学院上海微系统与信息技术研究所,依托单位,I4210147322,Shanghai Institute of Microsystem and Information Technology,exact,38266.344,https://ror.org/04nytyj38
2853,2854,余建军,2013,复旦大学,依托单位,I24943067,Fudan University,exact,92511.14,https://ror.org/013q1eq08
2854,2855,季向阳,2013,清华大学,依托单位,I99065089,Tsinghua University,exact,117751.195,https://ror.org/03cve4549
2855,2856,江涛,2013,华中科技大学,依托单位,I47720641,Huazhong University of Science and Technology,exact,83397.086,https://ror.org/00p991c53
2856,2857,唐小虎,2013,西南交通大学,依托单位,I4800084,Southwest Jiaotong University,exact,43900.805,https://ror.org/00hn7w693
2857,2858,陶小峰,2013,北京邮电大学,依托单位,I139759216,Beijing University of Posts and Telecommunications,exact,39428.2,https://ror.org/04w9fbh59
2858,2859,李树涛,2013,湖南大学,依托单位,I16609230,Hunan University,exact,52153.906,https://ror.org/05htk5m33
2859,2860,王建民,2013,清华大学,依托单位,I99065089,Tsinghua University,exact,117751.195,https://ror.org/03cve4549
2860,2861,李厚强,2013,中国科学技术大学,依托单位,I126520041,University of Science and Technology of China,exact,105356.01,https://ror.org/04c4dkn09
2861,2862,陈恩红,2013,中国科学技术大学,依托单位,I126520041,University of Science and Technology of China,exact,105356.01,https://ror.org/04c4dkn09
2862,2863,陈小武,2013,北京航空航天大学,依托单位,I82880672,Beihang University,exact,82779.67,https://ror.org/00wk2mp56
2863,2864,王新兵,2013,上海交通大学,依托单位,I183067930,Shanghai Jiao Tong University,exact,99965.625,https://ror.org/0220qvk04
2864,2865,赵季中,2013,西安交通大学,依托单位,I87445476,Xi'an Jiaotong University,exact,70856.3,https://ror.org/017zhmm22
2865,2866,孙希明,2013,大连理工大学,依托单位,I27357992,Dalian University of Technology,exact,64610.99,https://ror.org/023hj5876
2866,2867,张颖伟,2013,东北大学,依托单位,I9224756,Northeastern University,exact,34939.227,https://ror.org/03awzbc87
2867,2868,刘允刚,2013,山东大学,依托单位,I154099455,Shandong University,exact,60373.523,https://ror.org/0207yh398
2868,2869,方勇纯,2013,南开大学,依托单位,I205237279,Nankai University,exact,54575.492,https://ror.org/01y1kjr75
2869,2870,宋爱国,2013,东南大学,依托单位,I76569877,Southeast University,exact,48708.32,https://ror.org/04ct4d772
2870,2871,陈胜勇,2013,天津理工大学,依托单位,I136765683,Tianjin University of Technology,exact,28824.084,https://ror.org/00zbe0w13
2871,2872,王欣然,2013,南京大学,依托单位,I881766915,Nanjing University,exact,62417.22,https://ror.org/01rxvg760
2872,2873,张广宇,2013,中国科学院物理研究所,依托单位,I4210159876,Institute of Physics,exact,48215.63,https://ror.org/05cvf7v30
2873,2874,徐科,2013,中国科学院苏州纳米技术与纳米仿生研究所,依托单位,I4210092495,Suzhou Institute of Nano-tech and Nano-bionics,exact,59022.97,https://ror.org/0027d9x02
2874,2875,闫连山,2013,西南交通大学,依托单位,I4800084,Southwest Jiaotong University,exact,43900.805,https://ror.org/00hn7w693
2875,2876,杨中民,2013,华南理工大学,依托单位,I90610280,South China University of Technology,exact,65632.69,https://ror.org/0530pts50
2876,2877,郑庆东,2013,中国科学院福建物质结构研究所,依托单位,I4210119098,Fujian Institute of Research on the Structure of Matter,exact,59134.61,https://ror.org/02j89k719
2877,2878,彭怡,2013,电子科技大学,依托单位,I150229711,University of Electronic Science and Technology of China,exact,50616.445,https://ror.org/04qr3zq92
2878,2879,黄敏,2013,东北大学,依托单位,I9224756,Northeastern University,exact,34939.227,https://ror.org/03awzbc87
2879,2880,蒋炜,2013,上海交通大学,依托单位,I183067930,Shanghai Jiao Tong University,exact,99965.625,https://ror.org/0220qvk04
2880,2881,刘俏,2013,北京大学,依托单位,I20231570,Peking University,exact,77618.14,https://ror.org/02v51f717
2881,2882,陈煜波,2013,清华大学,依托单位,I99065089,Tsinghua University,exact,117751.195,https://ror.org/03cve4549
2882,2883,耿涌,2013,中国科学院沈阳应用生态研究所,依托单位,I4210110024,Institute of Applied Ecology,exact,32234.906,https://ror.org/01thb7525
2883,2884,汤珂,2013,清华大学,依托单位,I99065089,Tsinghua University,exact,117751.195,https://ror.org/03cve4549
2884,2885,区景松,2013,中山大学,依托单位,I157773358,Sun Yat-sen University,exact,72368.62,https://ror.org/0064kty71
2885,2886,马雄,2013,上海交通大学,依托单位,I183067930,Shanghai Jiao Tong University,exact,99965.625,https://ror.org/0220qvk04
2886,2887,赵维莅,2013,上海交通大学,依托单位,I183067930,Shanghai Jiao Tong University,exact,99965.625,https://ror.org/0220qvk04
2887,2888,张爱华,2013,南京医科大学,依托单位,I83519826,Nanjing Medical University,exact,46681.355,https://ror.org/059gcgy73
2888,2889,郭非凡,2013,中国科学院上海生命科学研究院,依托单位,I4210106477,Shanghai Institutes for Biological Sciences,exact,56299.793,https://ror.org/011rf9d86
2889,2890,刘争,2013,华中科技大学,依托单位,I47720641,Huazhong University of Science and Technology,exact,83397.086,https://ror.org/00p991c53
2890,2891,吉训明,2013,首都医科大学,依托单位,I183519381,Capital Medical University,exact,70254.805,https://ror.org/013xs5b60
2891,2892,朱心红,2013,南方医科大学,依托单位,I58200834,Southern Medical University,exact,48235.527,https://ror.org/01vjw4z39
2892,2893,曹丰,2013,中国人民解放军总医院,依托单位,I2802939634,Chinese PLA General Hospital,exact,55320.848,https://ror.org/04gw3ra78
2893,2894,席建忠,2013,北京大学,依托单位,I20231570,Peking University,exact,77618.14,https://ror.org/02v51f717
2894,2895,王雪梅,2013,东南大学,依托单位,I76569877,Southeast University,exact,48708.32,https://ror.org/04ct4d772
2895,2896,邓红雨,2013,中国科学院生物物理研究所,依托单位,I4210112540,Institute of Biophysics,exact,43632.348,https://ror.org/01tyv8576
2896,2897,李隽,2013,中山大学,依托单位,I157773358,Sun Yat-sen University,exact,72368.62,https://ror.org/0064kty71
2897,2898,李慧艳,2013,中国人民解放军军事医学科学院,依托单位,I2802541053,Academy of Military Medical Sciences,exact,40758.62,https://ror.org/02bv3c993
2898,2899,季红斌,2013,中国科学院上海生命科学研究院,依托单位,I4210106477,Shanghai Institutes for Biological Sciences,exact,56299.793,https://ror.org/011rf9d86
2899,2900,陈策实,2013,中国科学院昆明动物研究所,依托单位,I18489884,Kunming Institute of Zoology,exact,36663.89,https://ror.org/03m0vk445
2900,2901,屈卫东,2013,复旦大学,依托单位,I24943067,Fudan University,exact,92511.14,https://ror.org/013q1eq08
2901,2902,贾卫华,2013,中山大学,依托单位,I157773358,Sun Yat-sen University,exact,72368.62,https://ror.org/0064kty71
2902,2903,张烜,2013,中国医学科学院北京协和医院,依托单位,I200296433,Chinese Academy of Medical Sciences & Peking Union Medical College,weak,59190.055,https://ror.org/02drdmm93
2903,2904,龙亚秋,2013,中国科学院上海药物研究所,依托单位,I4210112820,Shanghai Institute of Materia Medica,exact,49811.605,https://ror.org/022syn853
2904,2905,杨胜勇,2013,四川大学,依托单位,I24185976,Sichuan University,exact,75979.734,https://ror.org/011ashp19
2905,2906,招明高,2013,中国人民解放军第四军医大学,依托单位,,,none,,
2906,2907,黄璐琦,2013,中国中医科学院,依托单位,I4210141683,China Academy of Chinese Medical Sciences,exact,13237.629,https://ror.org/042pgcv68
2907,2908,陈万生,2013,中国人民解放军第二军医大学,依托单位,I177933477,Second Military Medical University,exact,61741.094,https://ror.org/04tavpn47
2908,2909,郝海平,2013,中国药科大学,依托单位,I161716053,China Pharmaceutical University,exact,41004.957,https://ror.org/01sfm2718
2909,2910,范辉军,2013,北京大学,依托单位,I20231570,Peking University,exact,77618.14,https://ror.org/02v51f717
2910,2911,李若,2013,北京大学,依托单位,I20231570,Peking University,exact,77618.14,https://ror.org/02v51f717
2911,2912,严军,2013,复旦大学,依托单位,I24943067,Fudan University,exact,92511.14,https://ror.org/013q1eq08
2912,2913,张高飞,2013,南京大学,依托单位,I881766915,Nanjing University,exact,62417.22,https://ror.org/01rxvg760
2913,2914,张希承,2013,武汉大学,依托单位,I37461747,Wuhan University,exact,84484.22,https://ror.org/033vjfk17
2914,2915,田野,2013,中国科学院数学与系统科学研究院,依托单位,I4210120485,Academy of Mathematics and Systems Science,exact,29545.18,https://ror.org/02jkmyk67
2915,2916,张志涛,2013,中国科学院数学与系统科学研究院,依托单位,I4210120485,Academy of Mathematics and Systems Science,exact,29545.18,https://ror.org/02jkmyk67
2916,2917,王青云,2013,北京航空航天大学,依托单位,I82880672,Beihang University,exact,82779.67,https://ror.org/00wk2mp56
2917,2918,王成,2013,北京理工大学,依托单位,I125839683,Beijing Institute of Technology,exact,60847.0,https://ror.org/01skt4w74
2918,2919,梁军,2013,哈尔滨工业大学,依托单位,I204983213,Harbin Institute of Technology,exact,115718.28,https://ror.org/01yqg2h08
2919,2920,刘应华,2013,清华大学,依托单位,I99065089,Tsinghua University,exact,117751.195,https://ror.org/03cve4549
2920,2921,李志辉,2013,中国空气动力研究与发展中心,依托单位,I2802505932,China Aerodynamics Research and Development Center,exact,13588.126,https://ror.org/00jma8s40
2921,2922,王晓锋,2013,清华大学,依托单位,I99065089,Tsinghua University,exact,117751.195,https://ror.org/03cve4549
2922,2923,李成,2013,中国科学院上海天文台,依托单位,I2799714274,Shanghai Astronomical Observatory,exact,22856.205,https://ror.org/003n8re58
2923,2924,钱声帮,2013,中国科学院云南天文台,依托单位,I2801168720,Yunnan Observatories,exact,11510.313,https://ror.org/02f42pw58
2924,2925,施均仁,2013,北京大学,依托单位,I20231570,Peking University,exact,77618.14,https://ror.org/02v51f717
2925,2926,罗洪刚,2013,兰州大学,依托单位,I76214153,Lanzhou University,exact,55239.18,https://ror.org/01mkqqe32
2926,2927,翟荟,2013,清华大学,依托单位,I99065089,Tsinghua University,exact,117751.195,https://ror.org/03cve4549
2927,2928,李传锋,2013,中国科学技术大学,依托单位,I126520041,University of Science and Technology of China,exact,105356.01,https://ror.org/04c4dkn09
2928,2929,郑海荣,2013,中国科学院深圳先进技术研究院,依托单位,I4210145761,Shenzhen Institutes of Advanced Technology,exact,62290.047,https://ror.org/04gh4er46
2929,2930,何珂,2013,清华大学,依托单位,I99065089,Tsinghua University,exact,117751.195,https://ror.org/03cve4549
2930,2931,陈斌,2013,北京大学,依托单位,I20231570,Peking University,exact,77618.14,https://ror.org/02v51f717
2931,2932,涂良成,2013,华中科技大学,依托单位,I47720641,Huazhong University of Science and Technology,exact,83397.086,https://ror.org/00p991c53
2932,2933,高喆,2013,清华大学,依托单位,I99065089,Tsinghua University,exact,117751.195,https://ror.org/03cve4549
2933,2934,司宗国,2013,山东大学,依托单位,I154099455,Shandong University,exact,60373.523,https://ror.org/0207yh398
2934,2935,黄彦平,2013,中国核动力研究设计院,依托单位,I4405270881,Nuclear Power Institute of China,exact,17.191154,https://ror.org/01fz94q82
2935,2936,彭卿,2013,清华大学,依托单位,I99065089,Tsinghua University,exact,117751.195,https://ror.org/03cve4549
2936,2937,吴彪,2013,西北大学,依托单位,I37802460,Northwest University,exact,25357.496,https://ror.org/00z3td547
2937,2938,陶军,2013,厦门大学,依托单位,I191208505,Xiamen University,exact,63183.082,https://ror.org/00mcjh785
2938,2939,陈学元,2013,中国科学院福建物质结构研究所,依托单位,I4210119098,Fujian Institute of Research on the Structure of Matter,exact,59134.61,https://ror.org/02j89k719
2939,2940,王丹,2013,中国科学院过程工程研究所,依托单位,I4210133325,Institute of Process Engineering,exact,42207.16,https://ror.org/03j4x9j18
2940,2941,焦宁,2013,北京大学,依托单位,I20231570,Peking University,exact,77618.14,https://ror.org/02v51f717
2941,2942,谢建华,2013,南开大学,依托单位,I205237279,Nankai University,exact,54575.492,https://ror.org/01y1kjr75
2942,2943,傅尧,2013,中国科学技术大学,依托单位,I126520041,University of Science and Technology of China,exact,105356.01,https://ror.org/04c4dkn09
2943,2944,徐明华,2013,中国科学院上海药物研究所,依托单位,I4210112820,Shanghai Institute of Materia Medica,exact,49811.605,https://ror.org/022syn853
2944,2945,陈耀峰,2013,中国科学院上海有机化学研究所,依托单位,I4210112946,Shanghai Institute of Organic Chemistry,exact,54384.883,https://ror.org/01y3hvq34
2945,2946,王江云,2013,中国科学院生物物理研究所,依托单位,I4210112540,Institute of Biophysics,exact,43632.348,https://ror.org/01tyv8576
2946,2947,刘亚军,2013,北京师范大学,依托单位,I25254941,Beijing Normal University,exact,57501.61,https://ror.org/022k4wk35
2947,2948,杨启华,2013,中国科学院大连化学物理研究所,依托单位,I180585399,Dalian Institute of Chemical Physics,exact,65201.16,https://ror.org/00prkya54
2948,2949,何圣贵,2013,中国科学院化学研究所,依托单位,I4210155088,Institute of Chemistry,exact,61771.133,https://ror.org/048y1rc66
2949,2950,曲良体,2013,北京理工大学,依托单位,I125839683,Beijing Institute of Technology,exact,60847.0,https://ror.org/01skt4w74
2950,2951,李振,2013,武汉大学,依托单位,I37461747,Wuhan University,exact,84484.22,https://ror.org/033vjfk17
2951,2952,高超,2013,浙江大学,依托单位,I76130692,Zhejiang University,exact,86971.77,https://ror.org/00a2xv884
2952,2953,徐宁,2013,中国科学技术大学,依托单位,I126520041,University of Science and Technology of China,exact,105356.01,https://ror.org/04c4dkn09
2953,2954,侯剑辉,2013,中国科学院化学研究所,依托单位,I4210155088,Institute of Chemistry,exact,61771.133,https://ror.org/048y1rc66
2954,2955,张晓兵,2013,湖南大学,依托单位,I16609230,Hunan University,exact,52153.906,https://ror.org/05htk5m33
2955,2956,田阳,2013,华东师范大学,依托单位,I66867065,East China Normal University,exact,47665.625,https://ror.org/02n96ep67
2956,2957,杨朝勇,2013,厦门大学,依托单位,I191208505,Xiamen University,exact,63183.082,https://ror.org/00mcjh785
2957,2958,张春阳,2013,山东师范大学,依托单位,I28006308,Shandong Normal University,exact,29352.367,https://ror.org/01wy3h363
2958,2959,李峰,2013,北京化工大学,依托单位,I75390827,Beijing University of Chemical Technology,exact,44476.082,https://ror.org/00df5yc52
2959,2960,朱为宏,2013,华东理工大学,依托单位,I143593769,East China University of Science and Technology,exact,41751.324,https://ror.org/01vyrm377
2960,2961,马新宾,2013,天津大学,依托单位,I162868743,Tianjin University,exact,61022.258,https://ror.org/012tb2g32
2961,2962,赵宗保,2013,中国科学院大连化学物理研究所,依托单位,I180585399,Dalian Institute of Chemical Physics,exact,65201.16,https://ror.org/00prkya54
2962,2963,朱庆山,2013,中国科学院过程工程研究所,依托单位,I4210133325,Institute of Process Engineering,exact,42207.16,https://ror.org/03j4x9j18
2963,2964,陈景文,2013,大连理工大学,依托单位,I27357992,Dalian University of Technology,exact,64610.99,https://ror.org/023hj5876
2964,2965,祝凌燕,2013,南开大学,依托单位,I205237279,Nankai University,exact,54575.492,https://ror.org/01y1kjr75
2965,2966,李俊华,2013,清华大学,依托单位,I99065089,Tsinghua University,exact,117751.195,https://ror.org/03cve4549
2966,2967,傅缨,2013,中国农业大学,依托单位,I52158045,China Agricultural University,exact,58946.74,https://ror.org/04v3ywz14
2967,2968,林荣呈,2013,中国科学院植物研究所,依托单位,I4210158097,Institute of Botany,exact,42323.688,https://ror.org/05hr3ch11
2968,2969,龚继明,2013,中国科学院上海生命科学研究院,依托单位,I4210106477,Shanghai Institutes for Biological Sciences,exact,56299.793,https://ror.org/011rf9d86
2969,2970,孙书存,2013,南京大学,依托单位,I881766915,Nanjing University,exact,62417.22,https://ror.org/01rxvg760
2970,2971,王瑞武,2013,西北工业大学,依托单位,I17145004,Northwestern Polytechnical University,exact,39779.9,https://ror.org/01y0j0j86
2971,2972,郭大立,2013,中国科学院地理科学与资源研究所,依托单位,I4210160793,Institute of Geographic Sciences and Natural Resources Research,exact,58468.53,https://ror.org/04t1cdb72
2972,2973,叶克穷,2013,中国科学院生物物理研究所,依托单位,I4210112540,Institute of Biophysics,exact,43632.348,https://ror.org/01tyv8576
2973,2974,刘默芳,2013,中国科学院上海生命科学研究院,依托单位,I4210106477,Shanghai Institutes for Biological Sciences,exact,56299.793,https://ror.org/011rf9d86
2974,2975,鲁林荣,2013,浙江大学,依托单位,I76130692,Zhejiang University,exact,86971.77,https://ror.org/00a2xv884
2975,2976,聂广军,2013,国家纳米科学中心,依托单位,I4210141483,National Center for Nanoscience and Technology,exact,51665.754,https://ror.org/04f49ff35
2976,2977,杜久林,2013,中国科学院上海生命科学研究院,依托单位,I4210106477,Shanghai Institutes for Biological Sciences,exact,56299.793,https://ror.org/011rf9d86
2977,2978,李英贤,2013,中国航天员科研训练中心,依托单位,I4210163738,China Astronaut Research and Training Center,exact,16250.744,https://ror.org/001ycj259
2978,2979,施鹏,2013,中国科学院昆明动物研究所,依托单位,I18489884,Kunming Institute of Zoology,exact,36663.89,https://ror.org/03m0vk445
2979,2980,师咏勇,2013,上海交通大学,依托单位,I183067930,Shanghai Jiao Tong University,exact,99965.625,https://ror.org/0220qvk04
2980,2981,王晓晨,2013,北京生命科学研究所,依托单位,I4210086405,"National Institute of Biological Sciences, Beijing",exact,27236.115,https://ror.org/00wksha49
2981,2982,黄俊,2013,浙江大学,依托单位,I76130692,Zhejiang University,exact,86971.77,https://ror.org/00a2xv884
2982,2983,刘佳佳,2013,中国科学院遗传与发育生物学研究所,依托单位,I4210124606,Institute of Genetics and Developmental Biology,weak,57183.465,https://ror.org/02aee5m12
2983,2984,黄勋,2013,中国科学院遗传与发育生物学研究所,依托单位,I4210124606,Institute of Genetics and Developmental Biology,weak,57183.465,https://ror.org/02aee5m12
2984,2985,高绍荣,2013,同济大学,依托单位,I116953780,Tongji University,exact,50689.016,https://ror.org/03rc6as71
2985,2986,姜东,2013,南京农业大学,依托单位,I119454577,Nanjing Agricultural University,exact,55386.867,https://ror.org/05td3s095
2986,2987,江正强,2013,中国农业大学,依托单位,I52158045,China Agricultural University,exact,58946.74,https://ror.org/04v3ywz14
2987,2988,张正光,2013,南京农业大学,依托单位,I119454577,Nanjing Agricultural University,exact,55386.867,https://ror.org/05td3s095
2988,2989,魏太云,2013,福建农林大学,依托单位,I61057504,Fujian Agriculture and Forestry University,exact,36732.32,https://ror.org/04kx2sy84
2989,2990,郝玉金,2013,山东农业大学,依托单位,I74485261,Shandong Agricultural University,exact,32508.758,https://ror.org/02ke8fw32
2990,2991,杨光,2013,南京师范大学,依托单位,I152031979,Nanjing Normal University,exact,32344.328,https://ror.org/036trcv74
2991,2992,胡炜,2013,中国科学院水生生物研究所,依托单位,I4210089584,Institute of Hydrobiology,weak,27440.992,https://ror.org/00b4mx203
2992,2993,张运林,2013,中国科学院南京地理与湖泊研究所,依托单位,I4210134482,Nanjing Institute of Geography and Limnology,exact,31844.246,https://ror.org/03k6r8t20
2993,2994,刘鸿雁,2013,北京大学,依托单位,I20231570,Peking University,exact,77618.14,https://ror.org/02v51f717
2994,2995,吴龙华,2013,中国科学院南京土壤研究所,依托单位,I4210165559,Institute of Soil Science,exact,46187.836,https://ror.org/05nj8ma95
2995,2996,张兵,2013,中国科学院遥感与数字地球研究所,依托单位,,,none,,
2996,2997,童小华,2013,同济大学,依托单位,I116953780,Tongji University,exact,50689.016,https://ror.org/03rc6as71
2997,2998,王焰,2013,中国科学院广州地球化学研究所,依托单位,I3018690959,Guangzhou Institute of Geochemistry,exact,46284.484,https://ror.org/0356cst02
2998,2999,李建威,2013,中国地质大学(武汉),依托单位,I3124059619,China University of Geosciences,override,,
2999,3000,杨保,2013,中国科学院寒区旱区环境与工程研究所,依托单位,,,none,,
3000,3001,李三忠,2013,中国海洋大学,依托单位,I59028903,Ocean University of China,exact,39370.42,https://ror.org/04rdtx186
3001,3002,韩贵琳,2013,中国地质大学(北京),依托单位,I3125743391,China University of Geosciences (Beijing),exact,38915.188,https://ror.org/04q6c7p66
3002,3003,黄方,2013,中国科学技术大学,依托单位,I126520041,University of Science and Technology of China,exact,105356.01,https://ror.org/04c4dkn09
3003,3004,韦刚健,2013,中国科学院广州地球化学研究所,依托单位,I3018690959,Guangzhou Institute of Geochemistry,exact,46284.484,https://ror.org/0356cst02
3004,3005,王震宇,2013,中国海洋大学,依托单位,I59028903,Ocean University of China,exact,39370.42,https://ror.org/04rdtx186
3005,3006,王格慧,2013,中国科学院地球环境研究所,依托单位,I4210159790,Institute of Earth Environment,exact,27424.857,https://ror.org/04nps9965
3006,3007,施闯,2013,武汉大学,依托单位,I37461747,Wuhan University,exact,84484.22,https://ror.org/033vjfk17
3007,3008,王彦飞,2013,中国科学院地质与地球物理研究所,依托单位,I4210126061,Institute of Geology and Geophysics,exact,56218.027,https://ror.org/030vmwa78
3008,3009,雷久侯,2013,中国科学技术大学,依托单位,I126520041,University of Science and Technology of China,exact,105356.01,https://ror.org/04c4dkn09
3009,3010,范可,2013,中国科学院大气物理研究所,依托单位,I4210152758,Institute of Atmospheric Physics,exact,35263.035,https://ror.org/0424h4e32
3010,3011,阳坤,2013,中国科学院青藏高原研究所,依托单位,I4210141476,Institute of Tibetan Plateau Research,exact,35735.152,https://ror.org/03zn6c508
3011,3012,郑君瑜,2013,华南理工大学,依托单位,I90610280,South China University of Technology,exact,65632.69,https://ror.org/0530pts50
3012,3013,曾志刚,2013,中国科学院海洋研究所,依托单位,I4210101167,Institute of Oceanology,exact,45453.11,https://ror.org/018yw5541
3013,3014,朱平,2014,中国科学院生物物理研究所,依托单位,I4210112540,Institute of Biophysics,exact,43632.348,https://ror.org/01tyv8576
3014,3015,朱麟勇,2014,华东理工大学,依托单位,I143593769,East China University of Science and Technology,exact,41751.324,https://ror.org/01vyrm377
3015,3016,朱进,2014,南京大学,依托单位,I881766915,Nanjing University,exact,62417.22,https://ror.org/01rxvg760
3016,3017,朱冰,2014,中国科学院生物物理研究所,依托单位,I4210112540,Institute of Biophysics,exact,43632.348,https://ror.org/01tyv8576
3017,3018,周建庭,2014,重庆交通大学,依托单位,I63371133,Chongqing Jiaotong University,exact,16806.459,https://ror.org/01t001k65
3018,3019,周光飚,2014,中国科学院动物研究所,依托单位,I4210167311,Institute of Zoology,exact,34200.504,https://ror.org/05skxkv18
3019,3020,仲盛,2014,南京大学,依托单位,I881766915,Nanjing University,exact,62417.22,https://ror.org/01rxvg760
3020,3021,钟茂华,2014,清华大学,依托单位,I99065089,Tsinghua University,exact,117751.195,https://ror.org/03cve4549
3021,3022,钟宏,2014,中国科学院地球化学研究所,依托单位,I4210135735,Institute of Geochemistry,override,,
3022,3023,智林杰,2014,国家纳米科学中心,依托单位,I4210141483,National Center for Nanoscience and Technology,exact,51665.754,https://ror.org/04f49ff35
3023,3024,郑元义,2014,重庆医科大学,依托单位,I87780372,Chongqing Medical University,exact,39973.676,https://ror.org/017z00e58
3024,3025,郑阳恒,2014,中国科学院大学,依托单位,I4210165038,University of Chinese Academy of Sciences,exact,106045.85,https://ror.org/05qbk4x57
3025,3026,郑金海,2014,河海大学,依托单位,I163340411,Hohai University,exact,30510.945,https://ror.org/01wd4xt90
3026,3027,赵勇,2014,东北大学,依托单位,I9224756,Northeastern University,exact,34939.227,https://ror.org/03awzbc87
3027,3028,赵强,2014,中国科学院高能物理研究所,依托单位,I4210137180,Institute of High Energy Physics,exact,107211.8,https://ror.org/03v8tnc06
3028,3029,赵千川,2014,清华大学,依托单位,I99065089,Tsinghua University,exact,117751.195,https://ror.org/03cve4549
3029,3030,章志飞,2014,北京大学,依托单位,I20231570,Peking University,exact,77618.14,https://ror.org/02v51f717
3030,3031,章军锋,2014,中国地质大学(武汉),依托单位,I3124059619,China University of Geosciences,override,,
3031,3032,张志飞,2014,西北大学,依托单位,I37802460,Northwest University,exact,25357.496,https://ror.org/00z3td547
3032,3033,张远波,2014,复旦大学,依托单位,I24943067,Fudan University,exact,92511.14,https://ror.org/013q1eq08
3033,3034,张研,2014,北京大学,依托单位,I20231570,Peking University,exact,77618.14,https://ror.org/02v51f717
3034,3035,张新刚,2014,中国科学院上海有机化学研究所,依托单位,I4210112946,Shanghai Institute of Organic Chemistry,exact,54384.883,https://ror.org/01y3hvq34
3035,3036,张香平,2014,中国科学院过程工程研究所,依托单位,I4210133325,Institute of Process Engineering,exact,42207.16,https://ror.org/03j4x9j18
3036,3037,张田忠,2014,上海大学,依托单位,I113940042,Shanghai University,exact,33911.445,https://ror.org/006teas31
3037,3038,张强,2014,大连大学,依托单位,I4210092944,Dalian University,exact,36719.773,https://ror.org/00g2ypp58
3038,3039,张强,2014,北京师范大学,依托单位,I25254941,Beijing Normal University,exact,57501.61,https://ror.org/022k4wk35
3039,3040,张美佳,2014,中国农业大学,依托单位,I52158045,China Agricultural University,exact,58946.74,https://ror.org/04v3ywz14
3040,3041,张立志,2014,华南理工大学,依托单位,I90610280,South China University of Technology,exact,65632.69,https://ror.org/0530pts50
3041,3042,张礼知,2014,华中师范大学,依托单位,I40963666,Central China Normal University,exact,42120.21,https://ror.org/03x1jna21
3042,3043,张俊良,2014,华东师范大学,依托单位,I66867065,East China Normal University,exact,47665.625,https://ror.org/02n96ep67
3043,3044,张军,2014,中国科学院化学研究所,依托单位,I4210155088,Institute of Chemistry,exact,61771.133,https://ror.org/048y1rc66
3044,3045,张健,2014,中国科学院福建物质结构研究所,依托单位,I4210119098,Fujian Institute of Research on the Structure of Matter,exact,59134.61,https://ror.org/02j89k719
3045,3046,张宏,2014,浙江大学,依托单位,I76130692,Zhejiang University,exact,86971.77,https://ror.org/00a2xv884
3046,3047,张皓,2014,吉林大学,依托单位,I194450716,Jilin University,exact,67529.51,https://ror.org/00js3aw79
3047,3048,张澄,2014,山东大学,依托单位,I154099455,Shandong University,exact,60373.523,https://ror.org/0207yh398
3048,3049,张爱兵,2014,首都师范大学,依托单位,I96852419,Capital Normal University,exact,24357.684,https://ror.org/005edt527
3049,3050,曾祥君,2014,长沙理工大学,依托单位,I56934997,Changsha University of Science and Technology,exact,21798.738,https://ror.org/03yph8055
3050,3051,曾庆银,2014,中国林业科学研究院,依托单位,I4210128615,Chinese Academy of Forestry,exact,27164.004,https://ror.org/0360dkv71
3051,3052,曾令森,2014,中国地质科学院地质研究所,依托单位,I4210126061,Institute of Geology and Geophysics,weak,17427.86,https://ror.org/030vmwa78
3052,3053,于春水,2014,天津医科大学,依托单位,I5740404,Tianjin Medical University,exact,31967.438,https://ror.org/02mh8wx89
3053,3054,叶松,2014,中国科学院化学研究所,依托单位,I4210155088,Institute of Chemistry,exact,61771.133,https://ror.org/048y1rc66
3054,3055,叶宁,2014,中国科学院福建物质结构研究所,依托单位,I4210119098,Fujian Institute of Research on the Structure of Matter,exact,59134.61,https://ror.org/02j89k719
3055,3056,杨振纲,2014,复旦大学,依托单位,I24943067,Fudan University,exact,92511.14,https://ror.org/013q1eq08
3056,3057,杨勇,2014,北京大学,依托单位,I20231570,Peking University,exact,77618.14,https://ror.org/02v51f717
3057,3058,杨文力,2014,西北大学,依托单位,I37802460,Northwest University,exact,25357.496,https://ror.org/00z3td547
3058,3059,杨青,2014,大连理工大学,依托单位,I27357992,Dalian University of Technology,exact,64610.99,https://ror.org/023hj5876
3059,3060,杨俊,2014,中国科学院武汉物理与数学研究所,依托单位,I4210099135,Wuhan Institute of Physics and Mathematics,exact,30681.508,https://ror.org/00zky9d41
3060,3061,颜晓元,2014,中国科学院南京土壤研究所,依托单位,I4210165559,Institute of Soil Science,exact,46187.836,https://ror.org/05nj8ma95
3061,3062,严锋,2014,苏州大学,依托单位,I3923682,Soochow University,exact,55506.996,https://ror.org/05t8y2r12
3062,3063,许华平,2014,清华大学,依托单位,I99065089,Tsinghua University,exact,117751.195,https://ror.org/03cve4549
3063,3064,许晨阳,2014,北京大学,依托单位,I20231570,Peking University,exact,77618.14,https://ror.org/02v51f717
3064,3065,许琛琦,2014,中国科学院上海生命科学研究院,依托单位,I4210106477,Shanghai Institutes for Biological Sciences,exact,56299.793,https://ror.org/011rf9d86
3065,3066,徐彦辉,2014,复旦大学,依托单位,I24943067,Fudan University,exact,92511.14,https://ror.org/013q1eq08
3066,3067,徐健,2014,中国科学院青岛生物能源与过程研究所,依托单位,I4210158139,Qingdao Institute of Bioenergy and Bioprocess Technology,exact,46925.668,https://ror.org/05h3vcy91
3067,3068,熊继军,2014,中北大学,依托单位,I135714990,North University of China,exact,9225.261,https://ror.org/047bp1713
3068,3069,熊红凯,2014,上海交通大学,依托单位,I183067930,Shanghai Jiao Tong University,exact,99965.625,https://ror.org/0220qvk04
3069,3070,忻向军,2014,北京邮电大学,依托单位,I139759216,Beijing University of Posts and Telecommunications,exact,39428.2,https://ror.org/04w9fbh59
3070,3071,谢欣,2014,中国科学院上海药物研究所,依托单位,I4210112820,Shanghai Institute of Materia Medica,exact,49811.605,https://ror.org/022syn853
3071,3072,谢庆国,2014,华中科技大学,依托单位,I47720641,Huazhong University of Science and Technology,exact,83397.086,https://ror.org/00p991c53
3072,3073,效存德,2014,中国科学院寒区旱区环境与工程研究所,依托单位,,,none,,
3073,3074,肖条军,2014,南京大学,依托单位,I881766915,Nanjing University,exact,62417.22,https://ror.org/01rxvg760
3074,3075,肖化云,2014,中国科学院地球化学研究所,依托单位,I4210135735,Institute of Geochemistry,override,,
3075,3076,项鹏,2014,中山大学,依托单位,I157773358,Sun Yat-sen University,exact,72368.62,https://ror.org/0064kty71
3076,3077,吴宇平,2014,南京工业大学,依托单位,I134687103,Nanjing Tech University,exact,42277.42,https://ror.org/03sd35x91
3077,3078,吴敬,2014,江南大学,依托单位,I111599522,Jiangnan University,exact,32182.512,https://ror.org/04mkzax54
3078,3079,吴健,2014,华东师范大学,依托单位,I66867065,East China Normal University,exact,47665.625,https://ror.org/02n96ep67
3079,3080,吴枫,2014,中国科学技术大学,依托单位,I126520041,University of Science and Technology of China,exact,105356.01,https://ror.org/04c4dkn09
3080,3081,吴昌银,2014,华中农业大学,依托单位,I204823248,Huazhong Agricultural University,exact,62343.33,https://ror.org/023b72294
3081,3082,魏宇杰,2014,中国科学院力学研究所,依托单位,I4210157653,Institute of Mechanics,exact,22921.729,https://ror.org/057jnjd73
3082,3083,魏勋斌,2014,上海交通大学,依托单位,I183067930,Shanghai Jiao Tong University,exact,99965.625,https://ror.org/0220qvk04
3083,3084,王赟,2014,中国科学院地球化学研究所,依托单位,I4210135735,Institute of Geochemistry,override,,
3084,3085,王义平,2014,深圳大学,依托单位,I180726961,Shenzhen University,exact,49207.62,https://ror.org/01vy4gh70
3085,3086,王怡,2014,西安建筑科技大学,依托单位,I148099405,Xi'an University of Architecture and Technology,exact,31860.877,https://ror.org/04v2j2k71
3086,3087,王延轶,2014,中国科学院武汉病毒研究所,依托单位,I4210106882,Wuhan Institute of Virology,exact,41861.137,https://ror.org/01jxjav08
3087,3088,王雪梅,2014,暨南大学,依托单位,I159948400,Jinan University,exact,46141.92,https://ror.org/02xe5ns62
3088,3089,王心晨,2014,福州大学,依托单位,I80947539,Fuzhou University,exact,34887.25,https://ror.org/011xvna82
3089,3090,王为,2014,兰州大学,依托单位,I76214153,Lanzhou University,exact,55239.18,https://ror.org/01mkqqe32
3090,3091,王树涛,2014,中国科学院理化技术研究所,依托单位,I4210140689,Technical Institute of Physics and Chemistry,exact,36806.484,https://ror.org/04akaak77
3091,3092,王强斌,2014,中国科学院苏州纳米技术与纳米仿生研究所,依托单位,I4210092495,Suzhou Institute of Nano-tech and Nano-bionics,exact,59022.97,https://ror.org/0027d9x02
3092,3093,王强,2014,东北大学,依托单位,I9224756,Northeastern University,exact,34939.227,https://ror.org/03awzbc87
3093,3094,王前飞,2014,中国科学院北京基因组研究所,依托单位,I2801577699,Beijing Institute of Genomics,exact,53564.906,https://ror.org/049gn7z52
3094,3095,王平,2014,西南交通大学,依托单位,I4800084,Southwest Jiaotong University,exact,43900.805,https://ror.org/00hn7w693
3095,3096,王立平,2014,中国科学院深圳先进技术研究院,依托单位,I4210145761,Shenzhen Institutes of Advanced Technology,exact,62290.047,https://ror.org/04gh4er46
3096,3097,王家军,2014,北京大学,依托单位,I20231570,Peking University,exact,77618.14,https://ror.org/02v51f717
3097,3098,王宏斌,2014,中山大学,依托单位,I157773358,Sun Yat-sen University,exact,72368.62,https://ror.org/0064kty71
3098,3099,王大志,2014,厦门大学,依托单位,I191208505,Xiamen University,exact,63183.082,https://ror.org/00mcjh785
3099,3100,万青,2014,南京大学,依托单位,I881766915,Nanjing University,exact,62417.22,https://ror.org/01rxvg760
3100,3101,田煜,2014,清华大学,依托单位,I99065089,Tsinghua University,exact,117751.195,https://ror.org/03cve4549
3101,3102,陶建华,2014,中国科学院自动化研究所,依托单位,I4210112150,Institute of Automation,override,,
3102,3103,汤秋鸿,2014,中国科学院地理科学与资源研究所,依托单位,I4210160793,Institute of Geographic Sciences and Natural Resources Research,exact,58468.53,https://ror.org/04t1cdb72
3103,3104,谭文峰,2014,华中农业大学,依托单位,I204823248,Huazhong Agricultural University,exact,62343.33,https://ror.org/023b72294
3104,3105,谭鸿,2014,四川大学,依托单位,I24185976,Sichuan University,exact,75979.734,https://ror.org/011ashp19
3105,3106,孙晓东,2014,上海交通大学,依托单位,I183067930,Shanghai Jiao Tong University,exact,99965.625,https://ror.org/0220qvk04
3106,3107,孙聆东,2014,北京大学,依托单位,I20231570,Peking University,exact,77618.14,https://ror.org/02v51f717
3107,3108,苏彦庆,2014,哈尔滨工业大学,依托单位,I204983213,Harbin Institute of Technology,exact,115718.28,https://ror.org/01yqg2h08
3108,3109,苏红梅,2014,北京师范大学,依托单位,I25254941,Beijing Normal University,exact,57501.61,https://ror.org/022k4wk35
3109,3110,宋晓艳,2014,北京工业大学,依托单位,I37796252,Beijing University of Technology,exact,32980.96,https://ror.org/037b1pp87
3110,3111,宋任涛,2014,上海大学,依托单位,I113940042,Shanghai University,exact,33911.445,https://ror.org/006teas31
3111,3112,施俊琦,2014,中山大学,依托单位,I157773358,Sun Yat-sen University,exact,72368.62,https://ror.org/0064kty71
3112,3113,申卫军,2014,中国科学院华南植物园,依托单位,I4210120696,South China Botanical Garden,exact,22661.066,https://ror.org/01xqdxh54
3113,3114,裘晓辉,2014,国家纳米科学中心,依托单位,I4210141483,National Center for Nanoscience and Technology,exact,51665.754,https://ror.org/04f49ff35
3114,3115,祁海,2014,清华大学,依托单位,I99065089,Tsinghua University,exact,117751.195,https://ror.org/03cve4549
3115,3116,彭新华,2014,中国科学技术大学,依托单位,I126520041,University of Science and Technology of China,exact,105356.01,https://ror.org/04c4dkn09
3116,3117,潘秀莲,2014,中国科学院大连化学物理研究所,依托单位,I180585399,Dalian Institute of Chemical Physics,exact,65201.16,https://ror.org/00prkya54
3117,3118,潘世烈,2014,中国科学院新疆理化技术研究所,依托单位,I4210106108,Xinjiang Technical Institute of Physics & Chemistry,exact,25288.424,https://ror.org/00x44h034
3118,3119,明平兵,2014,中国科学院数学与系统科学研究院,依托单位,I4210120485,Academy of Mathematics and Systems Science,exact,29545.18,https://ror.org/02jkmyk67
3119,3120,苗龙,2014,中国科学院生物物理研究所,依托单位,I4210112540,Institute of Biophysics,exact,43632.348,https://ror.org/01tyv8576
3120,3121,孟智勇,2014,北京大学,依托单位,I20231570,Peking University,exact,77618.14,https://ror.org/02v51f717
3121,3122,麦立强,2014,武汉理工大学,依托单位,I196699116,Wuhan University of Technology,exact,61446.0,https://ror.org/03fe7t173
3122,3123,麦海强,2014,中山大学,依托单位,I157773358,Sun Yat-sen University,exact,72368.62,https://ror.org/0064kty71
3123,3124,马春红,2014,山东大学,依托单位,I154099455,Shandong University,exact,60373.523,https://ror.org/0207yh398
3124,3125,吕兴才,2014,上海交通大学,依托单位,I183067930,Shanghai Jiao Tong University,exact,99965.625,https://ror.org/0220qvk04
3125,3126,陆现彩,2014,南京大学,依托单位,I881766915,Nanjing University,exact,62417.22,https://ror.org/01rxvg760
3126,3127,鲁巍,2014,清华大学,依托单位,I99065089,Tsinghua University,exact,117751.195,https://ror.org/03cve4549
3127,3128,鲁仁全,2014,杭州电子科技大学,依托单位,I50760025,Hangzhou Dianzi University,exact,24798.639,https://ror.org/0576gt767
3128,3129,刘植昌,2014,中国石油大学(北京),依托单位,I4210162190,"China University of Petroleum, East China",exact,37922.176,https://ror.org/05gbn2817
3129,3130,刘震,2014,南京大学,依托单位,I881766915,Nanjing University,exact,62417.22,https://ror.org/01rxvg760
3130,3131,刘战强,2014,山东大学,依托单位,I154099455,Shandong University,exact,60373.523,https://ror.org/0207yh398
3131,3132,刘勇勤,2014,中国科学院青藏高原研究所,依托单位,I4210141476,Institute of Tibetan Plateau Research,exact,35735.152,https://ror.org/03zn6c508
3132,3133,刘学军,2014,中国农业大学,依托单位,I52158045,China Agricultural University,exact,58946.74,https://ror.org/04v3ywz14
3133,3134,刘辛军,2014,清华大学,依托单位,I99065089,Tsinghua University,exact,117751.195,https://ror.org/03cve4549
3134,3135,刘思金,2014,中国科学院生态环境研究中心,依托单位,I4210144289,Research Center for Eco-Environmental Sciences,exact,59822.87,https://ror.org/03rpsvy57
3135,3136,刘善荣,2014,中国人民解放军第二军医大学,依托单位,I177933477,Second Military Medical University,exact,61741.094,https://ror.org/04tavpn47
3136,3137,刘军,2014,中国人民大学,依托单位,I78988378,Renmin University of China,exact,18057.188,https://ror.org/041pakw92
3137,3138,刘江,2014,中国科学院北京基因组研究所,依托单位,I2801577699,Beijing Institute of Genomics,exact,53564.906,https://ror.org/049gn7z52
3138,3139,刘建胜,2014,中国科学院上海光学精密机械研究所,依托单位,I4210135349,Shanghai Institute of Optics and Fine Mechanics,exact,36784.836,https://ror.org/03g897070
3139,3140,刘继峰,2014,中国科学院国家天文台,依托单位,I4210164580,National Astronomical Observatories,exact,34911.63,https://ror.org/058pyyv44
3140,3141,刘辉,2014,南京大学,依托单位,I881766915,Nanjing University,exact,62417.22,https://ror.org/01rxvg760
3141,3142,刘峰,2014,中国科学院动物研究所,依托单位,I4210167311,Institute of Zoology,exact,34200.504,https://ror.org/05skxkv18
3142,3143,刘兵,2014,中国人民解放军军事科学院军事医学研究院,依托单位,,,none,,
3143,3144,刘彬,2014,清华大学,依托单位,I99065089,Tsinghua University,exact,117751.195,https://ror.org/03cve4549
3144,3145,林双君,2014,上海交通大学,依托单位,I183067930,Shanghai Jiao Tong University,exact,99965.625,https://ror.org/0220qvk04
3145,3146,李云海,2014,中国科学院遗传与发育生物学研究所,依托单位,I4210124606,Institute of Genetics and Developmental Biology,weak,57183.465,https://ror.org/02aee5m12
3146,3147,李永庆,2014,中国科学院物理研究所,依托单位,I4210159876,Institute of Physics,exact,48215.63,https://ror.org/05cvf7v30
3147,3148,李翔,2014,复旦大学,依托单位,I24943067,Fudan University,exact,92511.14,https://ror.org/013q1eq08
3148,3149,李剑,2014,重庆大学,依托单位,I158842170,Chongqing University,exact,48851.953,https://ror.org/023rhb549
3149,3150,李建平,2014,中国科学院科技战略咨询研究院,依托单位,I4210116191,Institutes of Science and Development,exact,15601.18,https://ror.org/02ce9qs13
3150,3151,李红良,2014,武汉大学,依托单位,I37461747,Wuhan University,exact,84484.22,https://ror.org/033vjfk17
3151,3152,李春,2014,北京理工大学,依托单位,I125839683,Beijing Institute of Technology,exact,60847.0,https://ror.org/01skt4w74
3152,3153,蓝柯,2014,武汉大学,依托单位,I37461747,Wuhan University,exact,84484.22,https://ror.org/033vjfk17
3153,3154,亢战,2014,大连理工大学,依托单位,I27357992,Dalian University of Technology,exact,64610.99,https://ror.org/023hj5876
3154,3155,鞠建华,2014,中国科学院南海海洋研究所,依托单位,I4210103685,South China Sea Institute Of Oceanology,exact,28760.244,https://ror.org/0192yj155
3155,3156,居冰峰,2014,浙江大学,依托单位,I76130692,Zhejiang University,exact,86971.77,https://ror.org/00a2xv884
3156,3157,景传勇,2014,中国科学院生态环境研究中心,依托单位,I4210144289,Research Center for Eco-Environmental Sciences,exact,59822.87,https://ror.org/03rpsvy57
3157,3158,荆志成,2014,中国医学科学院阜外医院,依托单位,I4210161896,Fu Wai Hospital,weak,11626.854,https://ror.org/0590dnz19
3158,3159,蒋晨,2014,复旦大学,依托单位,I24943067,Fudan University,exact,92511.14,https://ror.org/013q1eq08
3159,3160,纪红兵,2014,中山大学,依托单位,I157773358,Sun Yat-sen University,exact,72368.62,https://ror.org/0064kty71
3160,3161,黄铁军,2014,北京大学,依托单位,I20231570,Peking University,exact,77618.14,https://ror.org/02v51f717
3161,3162,黄华,2014,北京理工大学,依托单位,I125839683,Beijing Institute of Technology,exact,60847.0,https://ror.org/01skt4w74
3162,3163,黄刚,2014,中国科学院大气物理研究所,依托单位,I4210152758,Institute of Atmospheric Physics,exact,35263.035,https://ror.org/0424h4e32
3163,3164,胡锡俊,2014,山东大学,依托单位,I154099455,Shandong University,exact,60373.523,https://ror.org/0207yh398
3164,3165,胡俊,2014,电子科技大学,依托单位,I150229711,University of Electronic Science and Technology of China,exact,50616.445,https://ror.org/04qr3zq92
3165,3166,贺怀宇,2014,中国科学院地质与地球物理研究所,依托单位,I4210126061,Institute of Geology and Geophysics,exact,56218.027,https://ror.org/030vmwa78
3166,3167,贺灿飞,2014,北京大学,依托单位,I20231570,Peking University,exact,77618.14,https://ror.org/02v51f717
3167,3168,何彦,2014,清华大学,依托单位,I99065089,Tsinghua University,exact,117751.195,https://ror.org/03cve4549
3168,3169,郭洪波,2014,北京航空航天大学,依托单位,I82880672,Beihang University,exact,82779.67,https://ror.org/00wk2mp56
3169,3170,高学云,2014,北京工业大学,依托单位,I37796252,Beijing University of Technology,exact,32980.96,https://ror.org/037b1pp87
3170,3171,高亮,2014,中国科学院国家天文台,依托单位,I4210164580,National Astronomical Observatories,exact,34911.63,https://ror.org/058pyyv44
3171,3172,冯耀宇,2014,华东理工大学,依托单位,I143593769,East China University of Science and Technology,exact,41751.324,https://ror.org/01vyrm377
3172,3173,冯帅章,2014,暨南大学,依托单位,I159948400,Jinan University,exact,46141.92,https://ror.org/02xe5ns62
3173,3174,封伟,2014,天津大学,依托单位,I162868743,Tianjin University,exact,61022.258,https://ror.org/012tb2g32
3174,3175,范同祥,2014,上海交通大学,依托单位,I183067930,Shanghai Jiao Tong University,exact,99965.625,https://ror.org/0220qvk04
3175,3176,段留生,2014,中国农业大学,依托单位,I52158045,China Agricultural University,exact,58946.74,https://ror.org/04v3ywz14
3176,3177,段海滨,2014,北京航空航天大学,依托单位,I82880672,Beihang University,exact,82779.67,https://ror.org/00wk2mp56
3177,3178,丁克,2014,暨南大学,依托单位,I159948400,Jinan University,exact,46141.92,https://ror.org/02xe5ns62
3178,3179,丁航,2014,中国科学技术大学,依托单位,I126520041,University of Science and Technology of China,exact,105356.01,https://ror.org/04c4dkn09
3179,3180,邓兆祥,2014,中国科学技术大学,依托单位,I126520041,University of Science and Technology of China,exact,105356.01,https://ror.org/04c4dkn09
3180,3181,邓旭亮,2014,北京大学,依托单位,I20231570,Peking University,exact,77618.14,https://ror.org/02v51f717
3181,3182,邓春晖,2014,复旦大学,依托单位,I24943067,Fudan University,exact,92511.14,https://ror.org/013q1eq08
3182,3183,党智敏,2014,清华大学,依托单位,I99065089,Tsinghua University,exact,117751.195,https://ror.org/03cve4549
3183,3184,单崇新,2014,中国科学院长春光学精密机械与物理研究所,依托单位,I4210088164,"Changchun Institute of Optics, Fine Mechanics and Physics",exact,44597.24,https://ror.org/012rct222
3184,3185,戴彩丽,2014,中国石油大学(华东),依托单位,I4210162190,"China University of Petroleum, East China",exact,37922.176,https://ror.org/05gbn2817
3185,3186,仇旻,2014,浙江大学,依托单位,I76130692,Zhejiang University,exact,86971.77,https://ror.org/00a2xv884
3186,3187,程学旗,2014,中国科学院计算技术研究所,依托单位,I4210090176,Institute of Computing Technology,exact,35008.836,https://ror.org/0090r4d87
3187,3188,陈玉宇,2014,北京大学,依托单位,I20231570,Peking University,exact,77618.14,https://ror.org/02v51f717
3188,3189,陈宇翱,2014,中国科学技术大学,依托单位,I126520041,University of Science and Technology of China,exact,105356.01,https://ror.org/04c4dkn09
3189,3190,陈银广,2014,同济大学,依托单位,I116953780,Tongji University,exact,50689.016,https://ror.org/03rc6as71
3190,3191,陈义旺,2014,南昌大学,依托单位,I141649914,Nanchang University,exact,39772.832,https://ror.org/042v6xz23
3191,3192,陈兴,2014,北京大学,依托单位,I20231570,Peking University,exact,77618.14,https://ror.org/02v51f717
3192,3193,陈威,2014,南开大学,依托单位,I205237279,Nankai University,exact,54575.492,https://ror.org/01y1kjr75
3193,3194,陈澍,2014,中国科学院物理研究所,依托单位,I4210159876,Institute of Physics,exact,48215.63,https://ror.org/05cvf7v30
3194,3195,陈山枝,2014,电信科学技术研究院有限公司,依托单位,,,none,,
3195,3196,陈求稳,2014,水利部交通运输部国家能源局南京水利科学研究院,依托单位,I4210111986,Nanjing Hydraulic Research Institute,exact,27417.736,https://ror.org/02403qw73
3196,3197,陈旻,2014,北京大学,依托单位,I20231570,Peking University,exact,77618.14,https://ror.org/02v51f717
3197,3198,陈靖,2014,清华大学,依托单位,I99065089,Tsinghua University,exact,117751.195,https://ror.org/03cve4549
3198,3199,陈景东,2014,西北工业大学,依托单位,I17145004,Northwestern Polytechnical University,exact,39779.9,https://ror.org/01y0j0j86
3199,3200,陈京,2014,北京应用物理与计算数学研究所,依托单位,I4210145278,Institute of Applied Physics and Computational Mathematics,exact,21201.537,https://ror.org/03sxpbt26
3200,3201,陈发棣,2014,南京农业大学,依托单位,I119454577,Nanjing Agricultural University,exact,55386.867,https://ror.org/05td3s095
3201,3202,陈春英,2014,国家纳米科学中心,依托单位,I4210141483,National Center for Nanoscience and Technology,exact,51665.754,https://ror.org/04f49ff35
3202,3203,陈宝梁,2014,浙江大学,依托单位,I76130692,Zhejiang University,exact,86971.77,https://ror.org/00a2xv884
3203,3204,曹先彬,2014,北京航空航天大学,依托单位,I82880672,Beihang University,exact,82779.67,https://ror.org/00wk2mp56
3204,3205,曹宏斌,2014,中国科学院过程工程研究所,依托单位,I4210133325,Institute of Process Engineering,exact,42207.16,https://ror.org/03j4x9j18
3205,3206,曹彬,2014,首都医科大学,依托单位,I183519381,Capital Medical University,exact,70254.805,https://ror.org/013xs5b60
3206,3207,暴宁钟,2014,南京工业大学,依托单位,I134687103,Nanjing Tech University,exact,42277.42,https://ror.org/03sd35x91
3207,3208,白承铭,2014,南开大学,依托单位,I205237279,Nankai University,exact,54575.492,https://ror.org/01y1kjr75
3208,3209,白博峰,2014,西安交通大学,依托单位,I87445476,Xi'an Jiaotong University,exact,70856.3,https://ror.org/017zhmm22
3209,3210,安太成,2014,广东工业大学,依托单位,I139024713,Guangdong University of Technology,exact,35767.3,https://ror.org/04azbjn80
3210,3211,朱万成,2015,东北大学,依托单位,I9224756,Northeastern University,exact,34939.227,https://ror.org/03awzbc87
3211,3212,朱锦涛,2015,华中科技大学,依托单位,I47720641,Huazhong University of Science and Technology,exact,83397.086,https://ror.org/00p991c53
3212,3213,朱波峰,2015,西安交通大学,依托单位,I87445476,Xi'an Jiaotong University,exact,70856.3,https://ror.org/017zhmm22
3213,3214,周善贵,2015,中国科学院理论物理研究所,依托单位,I4210125404,Institute of Theoretical Physics,exact,35358.984,https://ror.org/02xtbq882
3214,3215,周荣斌,2015,中国科学技术大学,依托单位,I126520041,University of Science and Technology of China,exact,105356.01,https://ror.org/04c4dkn09
3215,3216,周家国,2015,中山大学,依托单位,I157773358,Sun Yat-sen University,exact,72368.62,https://ror.org/0064kty71
3216,3217,赵强,2015,中国科学院上海药物研究所,依托单位,I4210112820,Shanghai Institute of Materia Medica,exact,49811.605,https://ror.org/022syn853
3217,3218,赵晨,2015,南京医科大学,依托单位,I83519826,Nanjing Medical University,exact,46681.355,https://ror.org/059gcgy73
3218,3219,赵斌,2015,中国科学院生态环境研究中心,依托单位,I4210144289,Research Center for Eco-Environmental Sciences,exact,59822.87,https://ror.org/03rpsvy57
3219,3220,张志军,2015,清华大学,依托单位,I99065089,Tsinghua University,exact,117751.195,https://ror.org/03cve4549
3220,3221,张勇东,2015,中国科学院计算技术研究所,依托单位,I4210090176,Institute of Computing Technology,exact,35008.836,https://ror.org/0090r4d87
3221,3222,张幸红,2015,哈尔滨工业大学,依托单位,I204983213,Harbin Institute of Technology,exact,115718.28,https://ror.org/01yqg2h08
3222,3223,张新鹏,2015,上海大学,依托单位,I113940042,Shanghai University,exact,33911.445,https://ror.org/006teas31
3223,3224,张文科,2015,吉林大学,依托单位,I194450716,Jilin University,exact,67529.51,https://ror.org/00js3aw79
3224,3225,张望清,2015,南开大学,依托单位,I205237279,Nankai University,exact,54575.492,https://ror.org/01y1kjr75
3225,3226,张钦宇,2015,哈尔滨工业大学,依托单位,I204983213,Harbin Institute of Technology,exact,115718.28,https://ror.org/01yqg2h08
3226,3227,张民,2015,苏州大学,依托单位,I3923682,Soochow University,exact,55506.996,https://ror.org/05t8y2r12
3227,3228,张建玲,2015,中国科学院化学研究所,依托单位,I4210155088,Institute of Chemistry,exact,61771.133,https://ror.org/048y1rc66
3228,3229,张华凤,2015,中国科学技术大学,依托单位,I126520041,University of Science and Technology of China,exact,105356.01,https://ror.org/04c4dkn09
3229,3230,张浩力,2015,兰州大学,依托单位,I76214153,Lanzhou University,exact,55239.18,https://ror.org/01mkqqe32
3230,3231,张浩,2015,中国医学科学院阜外医院,依托单位,I4210161896,Fu Wai Hospital,weak,11626.854,https://ror.org/0590dnz19
3231,3232,曾晓洋,2015,复旦大学,依托单位,I24943067,Fudan University,exact,92511.14,https://ror.org/013q1eq08
3232,3233,曾明华,2015,广西师范大学,依托单位,I29739308,Guangxi Normal University,exact,22060.07,https://ror.org/02frt9q65
3233,3234,余鹰,2015,中国科学院上海生命科学研究院,依托单位,I4210106477,Shanghai Institutes for Biological Sciences,exact,56299.793,https://ror.org/011rf9d86
3234,3235,余宏杰,2015,复旦大学,依托单位,I24943067,Fudan University,exact,92511.14,https://ror.org/013q1eq08
3235,3236,于荣,2015,清华大学,依托单位,I99065089,Tsinghua University,exact,117751.195,https://ror.org/03cve4549
3236,3237,应浩,2015,中国科学院上海生命科学研究院,依托单位,I4210106477,Shanghai Institutes for Biological Sciences,exact,56299.793,https://ror.org/011rf9d86
3237,3238,易凡,2015,山东大学,依托单位,I154099455,Shandong University,exact,60373.523,https://ror.org/0207yh398
3238,3239,叶升,2015,浙江大学,依托单位,I76130692,Zhejiang University,exact,86971.77,https://ror.org/00a2xv884
3239,3240,叶明亮,2015,中国科学院大连化学物理研究所,依托单位,I180585399,Dalian Institute of Chemical Physics,exact,65201.16,https://ror.org/00prkya54
3240,3241,姚槐应,2015,中国科学院城市环境研究所,依托单位,I4210119653,Institute of Urban Environment,exact,35552.438,https://ror.org/025gq5q04
3241,3242,杨岳衡,2015,中国科学院地质与地球物理研究所,依托单位,I4210126061,Institute of Geology and Geophysics,exact,56218.027,https://ror.org/030vmwa78
3242,3243,杨全红,2015,天津大学,依托单位,I162868743,Tianjin University,exact,61022.258,https://ror.org/012tb2g32
3243,3244,杨清正,2015,北京师范大学,依托单位,I25254941,Beijing Normal University,exact,57501.61,https://ror.org/022k4wk35
3244,3245,杨清武,2015,中国人民解放军第三军医大学,依托单位,I151075929,Army Medical University,exact,85157.16,https://ror.org/05w21nn13
3245,3246,杨立军,2015,北京航空航天大学,依托单位,I82880672,Beihang University,exact,82779.67,https://ror.org/00wk2mp56
3246,3247,严建兵,2015,华中农业大学,依托单位,I204823248,Huazhong Agricultural University,exact,62343.33,https://ror.org/023b72294
3247,3248,薛晨阳,2015,中北大学,依托单位,I135714990,North University of China,exact,9225.261,https://ror.org/047bp1713
3248,3249,徐永镇,2015,中国科学院上海生命科学研究院,依托单位,I4210106477,Shanghai Institutes for Biological Sciences,exact,56299.793,https://ror.org/011rf9d86
3249,3250,徐文东,2015,复旦大学,依托单位,I24943067,Fudan University,exact,92511.14,https://ror.org/013q1eq08
3250,3251,徐书华,2015,中国科学院上海生命科学研究院,依托单位,I4210106477,Shanghai Institutes for Biological Sciences,exact,56299.793,https://ror.org/011rf9d86
3251,3252,徐莉梅,2015,北京大学,依托单位,I20231570,Peking University,exact,77618.14,https://ror.org/02v51f717
3252,3253,徐波,2015,燕山大学,依托单位,I39333907,Yanshan University,exact,27737.867,https://ror.org/02txfnf15
3253,3254,熊立华,2015,武汉大学,依托单位,I37461747,Wuhan University,exact,84484.22,https://ror.org/033vjfk17
3254,3255,谢冰,2015,北京大学,依托单位,I20231570,Peking University,exact,77618.14,https://ror.org/02v51f717
3255,3256,肖睿,2015,东南大学,依托单位,I76569877,Southeast University,exact,48708.32,https://ror.org/04ct4d772
3256,3257,夏昆,2015,中南大学,依托单位,I139660479,Central South University,exact,66159.63,https://ror.org/00f1zfq44
3257,3258,夏帆,2015,华中科技大学,依托单位,I47720641,Huazhong University of Science and Technology,exact,83397.086,https://ror.org/00p991c53
3258,3259,武海军,2015,南京大学,依托单位,I881766915,Nanjing University,exact,62417.22,https://ror.org/01rxvg760
3259,3260,吴立刚,2015,哈尔滨工业大学,依托单位,I204983213,Harbin Institute of Technology,exact,115718.28,https://ror.org/01yqg2h08
3260,3261,吴建军,2015,北京交通大学,依托单位,I21193070,Beijing Jiaotong University,exact,36584.664,https://ror.org/01yj56c84
3261,3262,吴恒安,2015,中国科学技术大学,依托单位,I126520041,University of Science and Technology of China,exact,105356.01,https://ror.org/04c4dkn09
3262,3263,吴刚,2015,东南大学,依托单位,I76569877,Southeast University,exact,48708.32,https://ror.org/04ct4d772
3263,3264,吴传德,2015,浙江大学,依托单位,I76130692,Zhejiang University,exact,86971.77,https://ror.org/00a2xv884
3264,3265,魏勇,2015,中国科学院地质与地球物理研究所,依托单位,I4210126061,Institute of Geology and Geophysics,exact,56218.027,https://ror.org/030vmwa78
3265,3266,王新平,2015,南京大学,依托单位,I881766915,Nanjing University,exact,62417.22,https://ror.org/01rxvg760
3266,3267,王晓东,2015,华北电力大学,依托单位,I153473198,North China Electric Power University,exact,38219.625,https://ror.org/04qr5t414
3267,3268,王喜龙,2015,北京大学,依托单位,I20231570,Peking University,exact,77618.14,https://ror.org/02v51f717
3268,3269,王同敏,2015,大连理工大学,依托单位,I27357992,Dalian University of Technology,exact,64610.99,https://ror.org/023hj5876
3269,3270,王天友,2015,天津大学,依托单位,I162868743,Tianjin University,exact,61022.258,https://ror.org/012tb2g32
3270,3271,王凌,2015,清华大学,依托单位,I99065089,Tsinghua University,exact,117751.195,https://ror.org/03cve4549
3271,3272,王亮,2015,中国科学院自动化研究所,依托单位,I4210112150,Institute of Automation,override,,
3272,3273,王开存,2015,北京师范大学,依托单位,I25254941,Beijing Normal University,exact,57501.61,https://ror.org/022k4wk35
3273,3274,王靖岱,2015,浙江大学,依托单位,I76130692,Zhejiang University,exact,86971.77,https://ror.org/00a2xv884
3274,3275,王金兰,2015,东南大学,依托单位,I76569877,Southeast University,exact,48708.32,https://ror.org/04ct4d772
3275,3276,王佳伟,2015,中国科学院上海生命科学研究院,依托单位,I4210106477,Shanghai Institutes for Biological Sciences,exact,56299.793,https://ror.org/011rf9d86
3276,3277,王厚杰,2015,中国海洋大学,依托单位,I59028903,Ocean University of China,exact,39370.42,https://ror.org/04rdtx186
3277,3278,王宏达,2015,中国科学院长春应用化学研究所,依托单位,I4210092888,Changchun Institute of Applied Chemistry,exact,82828.11,https://ror.org/00h52n341
3278,3279,王汉生,2015,北京大学,依托单位,I20231570,Peking University,exact,77618.14,https://ror.org/02v51f717
3279,3280,王刚锋,2015,西安交通大学,依托单位,I87445476,Xi'an Jiaotong University,exact,70856.3,https://ror.org/017zhmm22
3280,3281,王风平,2015,上海交通大学,依托单位,I183067930,Shanghai Jiao Tong University,exact,99965.625,https://ror.org/0220qvk04
3281,3282,王大轶,2015,北京控制工程研究所,依托单位,I4405263048,Beijing Institute of Control Engineering,exact,74.83869,https://ror.org/01qx47e88
3282,3283,王春江,2015,武汉大学,依托单位,I37461747,Wuhan University,exact,84484.22,https://ror.org/033vjfk17
3283,3284,王灿,2015,清华大学,依托单位,I99065089,Tsinghua University,exact,117751.195,https://ror.org/03cve4549
3284,3285,万贤纲,2015,南京大学,依托单位,I881766915,Nanjing University,exact,62417.22,https://ror.org/01rxvg760
3285,3286,田志喜,2015,中国科学院遗传与发育生物学研究所,依托单位,I4210124606,Institute of Genetics and Developmental Biology,weak,57183.465,https://ror.org/02aee5m12
3286,3287,田明,2015,北京化工大学,依托单位,I75390827,Beijing University of Chemical Technology,exact,44476.082,https://ror.org/00df5yc52
3287,3288,田军,2015,同济大学,依托单位,I116953780,Tongji University,exact,50689.016,https://ror.org/03rc6as71
3288,3289,唐金魁,2015,中国科学院长春应用化学研究所,依托单位,I4210092888,Changchun Institute of Applied Chemistry,exact,82828.11,https://ror.org/00h52n341
3289,3290,唐定中,2015,福建农林大学,依托单位,I61057504,Fujian Agriculture and Forestry University,exact,36732.32,https://ror.org/04kx2sy84
3290,3291,他得安,2015,复旦大学,依托单位,I24943067,Fudan University,exact,92511.14,https://ror.org/013q1eq08
3291,3292,孙玉文,2015,大连理工大学,依托单位,I27357992,Dalian University of Technology,exact,64610.99,https://ror.org/023hj5876
3292,3293,孙有斌,2015,中国科学院地球环境研究所,依托单位,I4210159790,Institute of Earth Environment,exact,27424.857,https://ror.org/04nps9965
3293,3294,孙文昌,2015,南开大学,依托单位,I205237279,Nankai University,exact,54575.492,https://ror.org/01y1kjr75
3294,3295,孙立涛,2015,东南大学,依托单位,I76569877,Southeast University,exact,48708.32,https://ror.org/04ct4d772
3295,3296,孙斌勇,2015,中国科学院数学与系统科学研究院,依托单位,I4210120485,Academy of Mathematics and Systems Science,exact,29545.18,https://ror.org/02jkmyk67
3296,3297,苏海佳,2015,北京化工大学,依托单位,I75390827,Beijing University of Chemical Technology,exact,44476.082,https://ror.org/00df5yc52
3297,3298,宋云涛,2015,中国科学院合肥物质科学研究院,依托单位,I2802624667,Hefei Institutes of Physical Science,exact,31531.92,https://ror.org/046n57345
3298,3299,舒跃龙,2015,中山大学,依托单位,I157773358,Sun Yat-sen University,exact,72368.62,https://ror.org/0064kty71
3299,3300,舒嘉,2015,东南大学,依托单位,I76569877,Southeast University,exact,48708.32,https://ror.org/04ct4d772
3300,3301,史志华,2015,中国科学院水利部水土保持研究所,依托单位,I4210103541,Institute of Soil and Water Conservation,exact,32424.402,https://ror.org/013wv8d67
3301,3302,史保森,2015,中国科学技术大学,依托单位,I126520041,University of Science and Technology of China,exact,105356.01,https://ror.org/04c4dkn09
3302,3303,阮新波,2015,南京航空航天大学,依托单位,I9842412,Nanjing University of Aeronautics and Astronautics,exact,50219.07,https://ror.org/01scyh794
3303,3304,任军,2015,江西农业大学,依托单位,I74837319,Jiangxi Agricultural University,exact,18492.34,https://ror.org/00dc7s858
3304,3305,屈军乐,2015,深圳大学,依托单位,I180726961,Shenzhen University,exact,49207.62,https://ror.org/01vy4gh70
3305,3306,曲绍兴,2015,浙江大学,依托单位,I76130692,Zhejiang University,exact,86971.77,https://ror.org/00a2xv884
3306,3307,秦高梧,2015,东北大学,依托单位,I9224756,Northeastern University,exact,34939.227,https://ror.org/03awzbc87
3307,3308,秦安军,2015,华南理工大学,依托单位,I90610280,South China University of Technology,exact,65632.69,https://ror.org/0530pts50
3308,3309,强志民,2015,中国科学院生态环境研究中心,依托单位,I4210144289,Research Center for Eco-Environmental Sciences,exact,59822.87,https://ror.org/03rpsvy57
3309,3310,钱志勇,2015,四川大学,依托单位,I24185976,Sichuan University,exact,75979.734,https://ror.org/011ashp19
3310,3311,彭海琳,2015,北京大学,依托单位,I20231570,Peking University,exact,77618.14,https://ror.org/02v51f717
3311,3312,裴韬,2015,中国科学院地理科学与资源研究所,依托单位,I4210160793,Institute of Geographic Sciences and Natural Resources Research,exact,58468.53,https://ror.org/04t1cdb72
3312,3313,裴丽,2015,北京交通大学,依托单位,I21193070,Beijing Jiaotong University,exact,36584.664,https://ror.org/01yj56c84
3313,3314,潘安练,2015,湖南大学,依托单位,I16609230,Hunan University,exact,52153.906,https://ror.org/05htk5m33
3314,3315,欧光朔,2015,清华大学,依托单位,I99065089,Tsinghua University,exact,117751.195,https://ror.org/03cve4549
3315,3316,缪炜,2015,中国科学院水生生物研究所,依托单位,I4210089584,Institute of Hydrobiology,weak,27440.992,https://ror.org/00b4mx203
3316,3317,门永锋,2015,中国科学院长春应用化学研究所,依托单位,I4210092888,Changchun Institute of Applied Chemistry,exact,82828.11,https://ror.org/00h52n341
3317,3318,马忠华,2015,浙江大学,依托单位,I76130692,Zhejiang University,exact,86971.77,https://ror.org/00a2xv884
3318,3319,吕雪峰,2015,中国科学院青岛生物能源与过程研究所,依托单位,I4210158139,Qingdao Institute of Bioenergy and Bioprocess Technology,exact,46925.668,https://ror.org/05h3vcy91
3319,3320,罗义,2015,南开大学,依托单位,I205237279,Nankai University,exact,54575.492,https://ror.org/01y1kjr75
3320,3321,罗均,2015,上海大学,依托单位,I113940042,Shanghai University,exact,33911.445,https://ror.org/006teas31
3321,3322,罗军华,2015,中国科学院福建物质结构研究所,依托单位,I4210119098,Fujian Institute of Research on the Structure of Matter,exact,59134.61,https://ror.org/02j89k719
3322,3323,路江涌,2015,北京大学,依托单位,I20231570,Peking University,exact,77618.14,https://ror.org/02v51f717
3323,3324,陆朝阳,2015,中国科学技术大学,依托单位,I126520041,University of Science and Technology of China,exact,105356.01,https://ror.org/04c4dkn09
3324,3325,刘庄,2015,苏州大学,依托单位,I3923682,Soochow University,exact,55506.996,https://ror.org/05t8y2r12
3325,3326,刘雪明,2015,中国科学院西安光学精密机械研究所,依托单位,I4210144662,Xi'an Institute of Optics and Precision Mechanics,exact,20894.521,https://ror.org/0444j5556
3326,3327,刘宣勇,2015,中国科学院上海硅酸盐研究所,依托单位,I4210163874,Shanghai Institute of Ceramics,exact,59467.965,https://ror.org/05etnz140
3327,3328,刘世元,2015,华中科技大学,依托单位,I47720641,Huazhong University of Science and Technology,exact,83397.086,https://ror.org/00p991c53
3328,3329,刘雷,2015,中国科学院长春光学精密机械与物理研究所,依托单位,I4210088164,"Changchun Institute of Optics, Fine Mechanics and Physics",exact,44597.24,https://ror.org/012rct222
3329,3330,刘俊岭,2015,上海交通大学,依托单位,I183067930,Shanghai Jiao Tong University,exact,99965.625,https://ror.org/0220qvk04
3330,3331,刘江来,2015,上海交通大学,依托单位,I183067930,Shanghai Jiao Tong University,exact,99965.625,https://ror.org/0220qvk04
3331,3332,刘华锋,2015,浙江大学,依托单位,I76130692,Zhejiang University,exact,86971.77,https://ror.org/00a2xv884
3332,3333,刘鸿,2015,中国科学院重庆绿色智能技术研究院,依托单位,I4210123021,Chongqing Institute of Green and Intelligent Technology,exact,20299.66,https://ror.org/031npqv35
3333,3334,刘宏伟,2015,西安电子科技大学,依托单位,I149594827,Xidian University,exact,38626.223,https://ror.org/05s92vm98
3334,3335,林道辉,2015,浙江大学,依托单位,I76130692,Zhejiang University,exact,86971.77,https://ror.org/00a2xv884
3335,3336,梁尔源,2015,中国科学院青藏高原研究所,依托单位,I4210141476,Institute of Tibetan Plateau Research,exact,35735.152,https://ror.org/03zn6c508
3336,3337,李志纯,2015,华中科技大学,依托单位,I47720641,Huazhong University of Science and Technology,exact,83397.086,https://ror.org/00p991c53
3337,3338,李永乐,2015,西南交通大学,依托单位,I4800084,Southwest Jiaotong University,exact,43900.805,https://ror.org/00hn7w693
3338,3339,李兴伟,2015,中国科学院大连化学物理研究所,依托单位,I180585399,Dalian Institute of Chemical Physics,exact,65201.16,https://ror.org/00prkya54
3339,3340,李文辉,2015,北京生命科学研究所,依托单位,I4210086405,"National Institute of Biological Sciences, Beijing",exact,27236.115,https://ror.org/00wksha49
3340,3341,李伟华,2015,中国科学院海洋研究所,依托单位,I4210101167,Institute of Oceanology,exact,45453.11,https://ror.org/018yw5541
3341,3342,李润伟,2015,中国科学院宁波材料技术与工程研究所,依托单位,I4210165339,Ningbo Institute of Industrial Technology,exact,57935.277,https://ror.org/05nqg3g04
3342,3343,李秦川,2015,浙江理工大学,依托单位,I1328775524,Zhejiang Sci-Tech University,exact,30095.398,https://ror.org/03893we55
3343,3344,李竞,2015,中国科学院数学与系统科学研究院,依托单位,I4210120485,Academy of Mathematics and Systems Science,exact,29545.18,https://ror.org/02jkmyk67
3344,3345,李建明,2015,苏州大学,依托单位,I3923682,Soochow University,exact,55506.996,https://ror.org/05t8y2r12
3345,3346,李建春,2015,中国科学院武汉岩土力学研究所,依托单位,I4210140379,Institute of Rock and Soil Mechanics,exact,21185.805,https://ror.org/0366c6s65
3346,3347,李宏亮,2015,电子科技大学,依托单位,I150229711,University of Electronic Science and Technology of China,exact,50616.445,https://ror.org/04qr3zq92
3347,3348,李国红,2015,中国科学院生物物理研究所,依托单位,I4210112540,Institute of Biophysics,exact,43632.348,https://ror.org/01tyv8576
3348,3349,李峰,2015,中国科学院金属研究所,依托单位,I4210126304,Institute of Metal Research,override,,
3349,3350,李澄宇,2015,中国科学院上海生命科学研究院,依托单位,I4210106477,Shanghai Institutes for Biological Sciences,exact,56299.793,https://ror.org/011rf9d86
3350,3351,李朝晖,2015,暨南大学,依托单位,I159948400,Jinan University,exact,46141.92,https://ror.org/02xe5ns62
3351,3352,李斌,2015,上海交通大学,依托单位,I183067930,Shanghai Jiao Tong University,exact,99965.625,https://ror.org/0220qvk04
3352,3353,李昂,2015,中国科学院上海有机化学研究所,依托单位,I4210112946,Shanghai Institute of Organic Chemistry,exact,54384.883,https://ror.org/01y3hvq34
3353,3354,黎胜红,2015,中国科学院昆明植物研究所,依托单位,I13850615,Kunming Institute of Botany,exact,25411.791,https://ror.org/02e5hx313
3354,3355,雷鸣,2015,上海交通大学,依托单位,I183067930,Shanghai Jiao Tong University,exact,99965.625,https://ror.org/0220qvk04
3355,3356,兰恒星,2015,中国科学院地理科学与资源研究所,依托单位,I4210160793,Institute of Geographic Sciences and Natural Resources Research,exact,58468.53,https://ror.org/04t1cdb72
3356,3357,鞠振宇,2015,杭州师范大学,依托单位,I163151501,Hangzhou Normal University,exact,29158.28,https://ror.org/014v1mr15
3357,3358,居胜红,2015,东南大学,依托单位,I76569877,Southeast University,exact,48708.32,https://ror.org/04ct4d772
3358,3359,金仲和,2015,浙江大学,依托单位,I76130692,Zhejiang University,exact,86971.77,https://ror.org/00a2xv884
3359,3360,蒋毅,2015,中国科学院心理研究所,依托单位,I4210131870,"Institute of Psychology, Chinese Academy of Sciences",exact,16111.238,https://ror.org/03j7v5j15
3360,3361,姜卫平,2015,武汉大学,依托单位,I37461747,Wuhan University,exact,84484.22,https://ror.org/033vjfk17
3361,3362,霍宝锋,2015,浙江大学,依托单位,I76130692,Zhejiang University,exact,86971.77,https://ror.org/00a2xv884
3362,3363,黄岩谊,2015,北京大学,依托单位,I20231570,Peking University,exact,77618.14,https://ror.org/02v51f717
3363,3364,黄伟新,2015,中国科学技术大学,依托单位,I126520041,University of Science and Technology of China,exact,105356.01,https://ror.org/04c4dkn09
3364,3365,胡修棉,2015,南京大学,依托单位,I881766915,Nanjing University,exact,62417.22,https://ror.org/01rxvg760
3365,3366,胡荣贵,2015,中国科学院上海生命科学研究院,依托单位,I4210106477,Shanghai Institutes for Biological Sciences,exact,56299.793,https://ror.org/011rf9d86
3366,3367,胡峻,2015,北京理工大学,依托单位,I125839683,Beijing Institute of Technology,exact,60847.0,https://ror.org/01skt4w74
3367,3368,洪春雁,2015,中国科学技术大学,依托单位,I126520041,University of Science and Technology of China,exact,105356.01,https://ror.org/04c4dkn09
3368,3369,贺超英,2015,中国科学院植物研究所,依托单位,I4210158097,Institute of Botany,exact,42323.688,https://ror.org/05hr3ch11
3369,3370,何正友,2015,西南交通大学,依托单位,I4800084,Southwest Jiaotong University,exact,43900.805,https://ror.org/00hn7w693
3370,3371,何源,2015,中国科学院近代物理研究所,依托单位,I4210131271,Institute of Modern Physics,exact,38394.246,https://ror.org/03x8rhq63
3371,3372,何茂刚,2015,西安交通大学,依托单位,I87445476,Xi'an Jiaotong University,exact,70856.3,https://ror.org/017zhmm22
3372,3373,郝继辉,2015,天津医科大学,依托单位,I5740404,Tianjin Medical University,exact,31967.438,https://ror.org/02mh8wx89
3373,3374,韩庆华,2015,天津大学,依托单位,I162868743,Tianjin University,exact,61022.258,https://ror.org/012tb2g32
3374,3375,郭建春,2015,西南石油大学,依托单位,I165745306,Southwest Petroleum University,exact,31704.902,https://ror.org/03h17x602
3375,3376,郭锋,2015,中国科学院广州地球化学研究所,依托单位,I3018690959,Guangzhou Institute of Geochemistry,exact,46284.484,https://ror.org/0356cst02
3376,3377,管海兵,2015,上海交通大学,依托单位,I183067930,Shanghai Jiao Tong University,exact,99965.625,https://ror.org/0220qvk04
3377,3378,古英,2015,北京大学,依托单位,I20231570,Peking University,exact,77618.14,https://ror.org/02v51f717
3378,3379,巩金龙,2015,天津大学,依托单位,I162868743,Tianjin University,exact,61022.258,https://ror.org/012tb2g32
3379,3380,高飞,2015,中国科学院动物研究所,依托单位,I4210167311,Institute of Zoology,exact,34200.504,https://ror.org/05skxkv18
3380,3381,高成江,2015,山东大学,依托单位,I154099455,Shandong University,exact,60373.523,https://ror.org/0207yh398
3381,3382,傅旭东,2015,清华大学,依托单位,I99065089,Tsinghua University,exact,117751.195,https://ror.org/03cve4549
3382,3383,冯志勇,2015,北京邮电大学,依托单位,I139759216,Beijing University of Posts and Telecommunications,exact,39428.2,https://ror.org/04w9fbh59
3383,3384,方陶陶,2015,厦门大学,依托单位,I191208505,Xiamen University,exact,63183.082,https://ror.org/00mcjh785
3384,3385,范一中,2015,中国科学院紫金山天文台,依托单位,I2802340896,Purple Mountain Observatory,exact,19069.03,https://ror.org/02eb4t121
3385,3386,范峰,2015,哈尔滨工业大学,依托单位,I204983213,Harbin Institute of Technology,exact,115718.28,https://ror.org/01yqg2h08
3386,3387,段晚锁,2015,中国科学院大气物理研究所,依托单位,I4210152758,Institute of Atmospheric Physics,exact,35263.035,https://ror.org/0424h4e32
3387,3388,段炼,2015,清华大学,依托单位,I99065089,Tsinghua University,exact,117751.195,https://ror.org/03cve4549
3388,3389,杜岩,2015,中国科学院南海海洋研究所,依托单位,I4210103685,South China Sea Institute Of Oceanology,exact,28760.244,https://ror.org/0192yj155
3389,3390,杜卫国,2015,中国科学院动物研究所,依托单位,I4210167311,Institute of Zoology,exact,34200.504,https://ror.org/05skxkv18
3390,3391,董晓臣,2015,南京工业大学,依托单位,I134687103,Nanjing Tech University,exact,42277.42,https://ror.org/03sd35x91
3391,3392,丁进良,2015,东北大学,依托单位,I9224756,Northeastern University,exact,34939.227,https://ror.org/03awzbc87
3392,3393,邓伟侨,2015,中国科学院大连化学物理研究所,依托单位,I180585399,Dalian Institute of Chemical Physics,exact,65201.16,https://ror.org/00prkya54
3393,3394,单忠德,2015,机械科学研究总院集团有限公司,依托单位,,,none,,
3394,3395,崔峻,2015,中国科学院国家天文台,依托单位,I4210164580,National Astronomical Observatories,exact,34911.63,https://ror.org/058pyyv44
3395,3396,楚霞,2015,湖南大学,依托单位,I16609230,Hunan University,exact,52153.906,https://ror.org/05htk5m33
3396,3397,程永现,2015,深圳大学,依托单位,I180726961,Shenzhen University,exact,49207.62,https://ror.org/01vy4gh70
3397,3398,程翔,2015,华中科技大学,依托单位,I47720641,Huazhong University of Science and Technology,exact,83397.086,https://ror.org/00p991c53
3398,3399,陈志强,2015,清华大学,依托单位,I99065089,Tsinghua University,exact,117751.195,https://ror.org/03cve4549
3399,3400,陈心春,2015,深圳大学,依托单位,I180726961,Shenzhen University,exact,49207.62,https://ror.org/01vy4gh70
3400,3401,陈文光,2015,清华大学,依托单位,I99065089,Tsinghua University,exact,117751.195,https://ror.org/03cve4549
3401,3402,陈诗一,2015,复旦大学,依托单位,I24943067,Fudan University,exact,92511.14,https://ror.org/013q1eq08
3402,3403,陈剑峰,2015,中国科学院上海生命科学研究院,依托单位,I4210106477,Shanghai Institutes for Biological Sciences,exact,56299.793,https://ror.org/011rf9d86
3403,3404,陈春城,2015,中国科学院化学研究所,依托单位,I4210155088,Institute of Chemistry,exact,61771.133,https://ror.org/048y1rc66
3404,3405,巢晖,2015,中山大学,依托单位,I157773358,Sun Yat-sen University,exact,72368.62,https://ror.org/0064kty71
3405,3406,蔡阳健,2015,苏州大学,依托单位,I3923682,Soochow University,exact,55506.996,https://ror.org/05t8y2r12
3406,3407,宝音贺西,2015,清华大学,依托单位,I99065089,Tsinghua University,exact,117751.195,https://ror.org/03cve4549
3407,3408,艾庆辉,2015,中国海洋大学,依托单位,I59028903,Ocean University of China,exact,39370.42,https://ror.org/04rdtx186
3408,3409,朱樟明,2016,西安电子科技大学,依托单位,I149594827,Xidian University,exact,38626.223,https://ror.org/05s92vm98
3409,3410,朱旭峰,2016,清华大学,依托单位,I99065089,Tsinghua University,exact,117751.195,https://ror.org/03cve4549
3410,3411,朱守非,2016,南开大学,依托单位,I205237279,Nankai University,exact,54575.492,https://ror.org/01y1kjr75
3411,3412,朱嘉琦,2016,哈尔滨工业大学,依托单位,I204983213,Harbin Institute of Technology,exact,115718.28,https://ror.org/01yqg2h08
3412,3413,朱楚洪,2016,中国人民解放军第三军医大学,依托单位,I151075929,Army Medical University,exact,85157.16,https://ror.org/05w21nn13
3413,3414,朱朝东,2016,中国科学院动物研究所,依托单位,I4210167311,Institute of Zoology,exact,34200.504,https://ror.org/05skxkv18
3414,3415,周远扬,2016,华中师范大学,依托单位,I40963666,Central China Normal University,exact,42120.21,https://ror.org/03x1jna21
3415,3416,周欣,2016,中国科学院武汉物理与数学研究所,依托单位,I4210099135,Wuhan Institute of Physics and Mathematics,exact,30681.508,https://ror.org/00zky9d41
3416,3417,周鹏,2016,南京航空航天大学,依托单位,I9842412,Nanjing University of Aeronautics and Astronautics,exact,50219.07,https://ror.org/01scyh794
3417,3418,周大旺,2016,厦门大学,依托单位,I191208505,Xiamen University,exact,63183.082,https://ror.org/00mcjh785
3418,3419,周斌,2016,中国科学院上海生命科学研究院,依托单位,I4210106477,Shanghai Institutes for Biological Sciences,exact,56299.793,https://ror.org/011rf9d86
3419,3420,郑思齐,2016,清华大学,依托单位,I99065089,Tsinghua University,exact,117751.195,https://ror.org/03cve4549
3420,3421,赵亮,2016,中国科学院地质与地球物理研究所,依托单位,I4210126061,Institute of Geology and Geophysics,exact,56218.027,https://ror.org/030vmwa78
3421,3422,赵斌,2016,南开大学,依托单位,I205237279,Nankai University,exact,54575.492,https://ror.org/01y1kjr75
3422,3423,张智红,2016,华中科技大学,依托单位,I47720641,Huazhong University of Science and Technology,exact,83397.086,https://ror.org/00p991c53
3423,3424,张占军,2016,北京师范大学,依托单位,I25254941,Beijing Normal University,exact,57501.61,https://ror.org/022k4wk35
3424,3425,张拥军,2016,南开大学,依托单位,I205237279,Nankai University,exact,54575.492,https://ror.org/01y1kjr75
3425,3426,张颖,2016,东北农业大学,依托单位,I169572211,Northeast Agricultural University,exact,34269.277,https://ror.org/0515nd386
3426,3427,张彦,2016,山东农业大学,依托单位,I74485261,Shandong Agricultural University,exact,32508.758,https://ror.org/02ke8fw32
3427,3428,张亚雷,2016,同济大学,依托单位,I116953780,Tongji University,exact,50689.016,https://ror.org/03rc6as71
3428,3429,张希,2016,中国科学技术大学,依托单位,I126520041,University of Science and Technology of China,exact,105356.01,https://ror.org/04c4dkn09
3429,3430,张文明,2016,上海交通大学,依托单位,I183067930,Shanghai Jiao Tong University,exact,99965.625,https://ror.org/0220qvk04
3430,3431,张强,2016,清华大学,依托单位,I99065089,Tsinghua University,exact,117751.195,https://ror.org/03cve4549
3431,3432,张平,2016,北京应用物理与计算数学研究所,依托单位,I4210145278,Institute of Applied Physics and Computational Mathematics,exact,21201.537,https://ror.org/03sxpbt26
3432,3433,张雷,2016,中国科学院上海生命科学研究院,依托单位,I4210106477,Shanghai Institutes for Biological Sciences,exact,56299.793,https://ror.org/011rf9d86
3433,3434,张建民,2016,四川大学,依托单位,I24185976,Sichuan University,exact,75979.734,https://ror.org/011ashp19
3434,3435,张纪岩,2016,中国人民解放军军事科学院军事医学研究院,依托单位,,,none,,
3435,3436,张锋,2016,复旦大学,依托单位,I24943067,Fudan University,exact,92511.14,https://ror.org/013q1eq08
3436,3437,詹乃军,2016,中国科学院软件研究所,依托单位,I4210128818,Institute of Software,exact,19554.662,https://ror.org/033dfsn42
3437,3438,詹梅,2016,西北工业大学,依托单位,I17145004,Northwestern Polytechnical University,exact,39779.9,https://ror.org/01y0j0j86
3438,3439,詹良通,2016,浙江大学,依托单位,I76130692,Zhejiang University,exact,86971.77,https://ror.org/00a2xv884
3439,3440,曾艺,2016,中国科学院上海生命科学研究院,依托单位,I4210106477,Shanghai Institutes for Biological Sciences,exact,56299.793,https://ror.org/011rf9d86
3440,3441,曾涛,2016,北京理工大学,依托单位,I125839683,Beijing Institute of Technology,exact,60847.0,https://ror.org/01skt4w74
3441,3442,袁林旺,2016,南京师范大学,依托单位,I152031979,Nanjing Normal University,exact,32344.328,https://ror.org/036trcv74
3442,3443,虞先濬,2016,复旦大学,依托单位,I24943067,Fudan University,exact,92511.14,https://ror.org/013q1eq08
3443,3444,俞炜,2016,上海交通大学,依托单位,I183067930,Shanghai Jiao Tong University,exact,99965.625,https://ror.org/0220qvk04
3444,3445,余学斌,2016,复旦大学,依托单位,I24943067,Fudan University,exact,92511.14,https://ror.org/013q1eq08
3445,3446,余淼杰,2016,北京大学,依托单位,I20231570,Peking University,exact,77618.14,https://ror.org/02v51f717
3446,3447,尤业字,2016,中国科学技术大学,依托单位,I126520041,University of Science and Technology of China,exact,105356.01,https://ror.org/04c4dkn09
3447,3448,伊廷华,2016,大连理工大学,依托单位,I27357992,Dalian University of Technology,exact,64610.99,https://ror.org/023hj5876
3448,3449,杨运桂,2016,中国科学院北京基因组研究所,依托单位,I2801577699,Beijing Institute of Genomics,exact,53564.906,https://ror.org/049gn7z52
3449,3450,杨茂君,2016,清华大学,依托单位,I99065089,Tsinghua University,exact,117751.195,https://ror.org/03cve4549
3450,3451,杨莉,2016,北京大学,依托单位,I20231570,Peking University,exact,77618.14,https://ror.org/02v51f717
3451,3452,杨海波,2016,华东师范大学,依托单位,I66867065,East China Normal University,exact,47665.625,https://ror.org/02n96ep67
3452,3453,杨波,2016,浙江大学,依托单位,I76130692,Zhejiang University,exact,86971.77,https://ror.org/00a2xv884
3453,3454,薛强,2016,中国科学院武汉岩土力学研究所,依托单位,I4210140379,Institute of Rock and Soil Mechanics,exact,21185.805,https://ror.org/0366c6s65
3454,3455,许琪,2016,中国医学科学院基础医学研究所,依托单位,I4405261629,Institute of Basic Theory for Chinese Medicine,weak,44.365093,https://ror.org/05kf82e36
3455,3456,徐赵东,2016,东南大学,依托单位,I76569877,Southeast University,exact,48708.32,https://ror.org/04ct4d772
3456,3457,徐骁,2016,浙江大学,依托单位,I76130692,Zhejiang University,exact,86971.77,https://ror.org/00a2xv884
3457,3458,徐明伟,2016,清华大学,依托单位,I99065089,Tsinghua University,exact,117751.195,https://ror.org/03cve4549
3458,3459,徐明,2016,北京大学,依托单位,I20231570,Peking University,exact,77618.14,https://ror.org/02v51f717
3459,3460,徐坤,2016,北京邮电大学,依托单位,I139759216,Beijing University of Posts and Telecommunications,exact,39428.2,https://ror.org/04w9fbh59
3460,3461,徐淮良,2016,吉林大学,依托单位,I194450716,Jilin University,exact,67529.51,https://ror.org/00js3aw79
3461,3462,谢涛,2016,浙江大学,依托单位,I76130692,Zhejiang University,exact,86971.77,https://ror.org/00a2xv884
3462,3463,谢少荣,2016,上海大学,依托单位,I113940042,Shanghai University,exact,33911.445,https://ror.org/006teas31
3463,3464,武振龙,2016,中国农业大学,依托单位,I52158045,China Agricultural University,exact,58946.74,https://ror.org/04v3ywz14
3464,3465,吴元保,2016,中国地质大学(武汉),依托单位,I3124059619,China University of Geosciences,override,,
3465,3466,吴兴刚,2016,重庆大学,依托单位,I158842170,Chongqing University,exact,48851.953,https://ror.org/023rhb549
3466,3467,吴淮宁,2016,北京航空航天大学,依托单位,I82880672,Beihang University,exact,82779.67,https://ror.org/00wk2mp56
3467,3468,吴飞,2016,浙江大学,依托单位,I76130692,Zhejiang University,exact,86971.77,https://ror.org/00a2xv884
3468,3469,吴成印,2016,北京大学,依托单位,I20231570,Peking University,exact,77618.14,https://ror.org/02v51f717
3469,3470,闻利平,2016,中国科学院理化技术研究所,依托单位,I4210140689,Technical Institute of Physics and Chemistry,exact,36806.484,https://ror.org/04akaak77
3470,3471,魏振忠,2016,北京航空航天大学,依托单位,I82880672,Beihang University,exact,82779.67,https://ror.org/00wk2mp56
3471,3472,王兆华,2016,北京理工大学,依托单位,I125839683,Beijing Institute of Technology,exact,60847.0,https://ror.org/01skt4w74
3472,3473,王亦洲,2016,北京大学,依托单位,I20231570,Peking University,exact,77618.14,https://ror.org/02v51f717
3473,3474,王一国,2016,清华大学,依托单位,I99065089,Tsinghua University,exact,117751.195,https://ror.org/03cve4549
3474,3475,王延江,2016,中国人民解放军第三军医大学,依托单位,I151075929,Army Medical University,exact,85157.16,https://ror.org/05w21nn13
3475,3476,王亚韓,2016,中国科学院生态环境研究中心,依托单位,I4210144289,Research Center for Eco-Environmental Sciences,exact,59822.87,https://ror.org/03rpsvy57
3476,3477,王雪松,2016,中国人民解放军国防科技大学,依托单位,I170215575,National University of Defense Technology,weak,24259.445,https://ror.org/05d2yfz11
3477,3478,王晓雪,2016,中国科学院南海海洋研究所,依托单位,I4210103685,South China Sea Institute Of Oceanology,exact,28760.244,https://ror.org/0192yj155
3478,3479,王祥玉,2016,南京大学,依托单位,I881766915,Nanjing University,exact,62417.22,https://ror.org/01rxvg760
3479,3480,王维,2016,中国科学院过程工程研究所,依托单位,I4210133325,Institute of Process Engineering,exact,42207.16,https://ror.org/03j4x9j18
3480,3481,王树青,2016,中国海洋大学,依托单位,I59028903,Ocean University of China,exact,39370.42,https://ror.org/04rdtx186
3481,3482,王书肖,2016,清华大学,依托单位,I99065089,Tsinghua University,exact,117751.195,https://ror.org/03cve4549
3482,3483,王守国,2016,北京科技大学,依托单位,I92403157,University of Science and Technology Beijing,exact,39476.645,https://ror.org/02egmk993
3483,3484,王平,2016,同济大学,依托单位,I116953780,Tongji University,exact,50689.016,https://ror.org/03rc6as71
3484,3485,王建强,2016,清华大学,依托单位,I99065089,Tsinghua University,exact,117751.195,https://ror.org/03cve4549
3485,3486,王建华,2016,中国水利水电科学研究院,依托单位,I4210092032,China Institute of Water Resources and Hydropower Research,exact,20226.348,https://ror.org/00m4czf33
3486,3487,王建国,2016,浙江工业大学,依托单位,I55712492,Zhejiang University of Technology,exact,40744.113,https://ror.org/02djqfd08
3487,3488,王慧远,2016,吉林大学,依托单位,I194450716,Jilin University,exact,67529.51,https://ror.org/00js3aw79
3488,3489,王辉,2016,北京大学,依托单位,I20231570,Peking University,exact,77618.14,https://ror.org/02v51f717
3489,3490,王博,2016,北京理工大学,依托单位,I125839683,Beijing Institute of Technology,exact,60847.0,https://ror.org/01skt4w74
3490,3491,汪亚平,2016,南京大学,依托单位,I881766915,Nanjing University,exact,62417.22,https://ror.org/01rxvg760
3491,3492,汪夏燕,2016,北京工业大学,依托单位,I37796252,Beijing University of Technology,exact,32980.96,https://ror.org/037b1pp87
3492,3493,田善喜,2016,中国科学技术大学,依托单位,I126520041,University of Science and Technology of China,exact,105356.01,https://ror.org/04c4dkn09
3493,3494,唐睿康,2016,浙江大学,依托单位,I76130692,Zhejiang University,exact,86971.77,https://ror.org/00a2xv884
3494,3495,汤亚杰,2016,湖北工业大学,依托单位,I74525822,Hubei University of Technology,exact,20078.541,https://ror.org/02d3fj342
3495,3496,汤富酬,2016,北京大学,依托单位,I20231570,Peking University,exact,77618.14,https://ror.org/02v51f717
3496,3497,苏仕健,2016,华南理工大学,依托单位,I90610280,South China University of Technology,exact,65632.69,https://ror.org/0530pts50
3497,3498,宋宇飞,2016,北京化工大学,依托单位,I75390827,Beijing University of Chemical Technology,exact,44476.082,https://ror.org/00df5yc52
3498,3499,宋令阳,2016,北京大学,依托单位,I20231570,Peking University,exact,77618.14,https://ror.org/02v51f717
3499,3500,史迅,2016,中国科学院上海硅酸盐研究所,依托单位,I4210163874,Shanghai Institute of Ceramics,exact,59467.965,https://ror.org/05etnz140
3500,3501,石明,2016,中山大学,依托单位,I157773358,Sun Yat-sen University,exact,72368.62,https://ror.org/0064kty71
3501,3502,沈颖,2016,浙江大学,依托单位,I76130692,Zhejiang University,exact,86971.77,https://ror.org/00a2xv884
3502,3503,沈洋,2016,清华大学,依托单位,I99065089,Tsinghua University,exact,117751.195,https://ror.org/03cve4549
3503,3504,沈其龙,2016,中国科学院上海有机化学研究所,依托单位,I4210112946,Shanghai Institute of Organic Chemistry,exact,54384.883,https://ror.org/01y3hvq34
3504,3505,沈国震,2016,中国科学院半导体研究所,依托单位,I4210149211,Institute of Semiconductors,exact,44368.86,https://ror.org/048dd0611
3505,3506,秦礼萍,2016,中国科学技术大学,依托单位,I126520041,University of Science and Technology of China,exact,105356.01,https://ror.org/04c4dkn09
3506,3507,秦峰,2016,中国农业大学,依托单位,I52158045,China Agricultural University,exact,58946.74,https://ror.org/04v3ywz14
3507,3508,齐颖新,2016,上海交通大学,依托单位,I183067930,Shanghai Jiao Tong University,exact,99965.625,https://ror.org/0220qvk04
3508,3509,彭海平,2016,中国科学技术大学,依托单位,I126520041,University of Science and Technology of China,exact,105356.01,https://ror.org/04c4dkn09
3509,3510,彭芳瑜,2016,华中科技大学,依托单位,I47720641,Huazhong University of Science and Technology,exact,83397.086,https://ror.org/00p991c53
3510,3511,彭承志,2016,中国科学技术大学,依托单位,I126520041,University of Science and Technology of China,exact,105356.01,https://ror.org/04c4dkn09
3511,3512,牛书丽,2016,中国科学院地理科学与资源研究所,依托单位,I4210160793,Institute of Geographic Sciences and Natural Resources Research,exact,58468.53,https://ror.org/04t1cdb72
3512,3513,牛军峰,2016,东莞理工学院,依托单位,I2799850029,Dongguan University of Technology,exact,19060.428,https://ror.org/01m8p7q42
3513,3514,聂宗秀,2016,中国科学院化学研究所,依托单位,I4210155088,Institute of Chemistry,exact,61771.133,https://ror.org/048y1rc66
3514,3515,倪喜军,2016,中国科学院古脊椎动物与古人类研究所,依托单位,I4210086287,Institute of Vertebrate Paleontology and Paleoanthropology,exact,26793.828,https://ror.org/0000pmw59
3515,3516,缪峰,2016,南京大学,依托单位,I881766915,Nanjing University,exact,62417.22,https://ror.org/01rxvg760
3516,3517,毛同林,2016,中国农业大学,依托单位,I52158045,China Agricultural University,exact,58946.74,https://ror.org/04v3ywz14
3517,3518,马凯学,2016,电子科技大学,依托单位,I150229711,University of Electronic Science and Technology of China,exact,50616.445,https://ror.org/04qr3zq92
3518,3519,马坚伟,2016,哈尔滨工业大学,依托单位,I204983213,Harbin Institute of Technology,exact,115718.28,https://ror.org/01yqg2h08
3519,3520,吕建成,2016,四川大学,依托单位,I24185976,Sichuan University,exact,75979.734,https://ror.org/011ashp19
3520,3521,吕海东,2016,北京师范大学,依托单位,I25254941,Beijing Normal University,exact,57501.61,https://ror.org/022k4wk35
3521,3522,罗正鸿,2016,上海交通大学,依托单位,I183067930,Shanghai Jiao Tong University,exact,99965.625,https://ror.org/0220qvk04
3522,3523,罗小兵,2016,华中科技大学,依托单位,I47720641,Huazhong University of Science and Technology,exact,83397.086,https://ror.org/00p991c53
3523,3524,罗喜胜,2016,中国科学技术大学,依托单位,I126520041,University of Science and Technology of China,exact,105356.01,https://ror.org/04c4dkn09
3524,3525,罗杰,2016,华中农业大学,依托单位,I204823248,Huazhong Agricultural University,exact,62343.33,https://ror.org/023b72294
3525,3526,罗成,2016,中国科学院上海药物研究所,依托单位,I4210112820,Shanghai Institute of Materia Medica,exact,49811.605,https://ror.org/022syn853
3526,3527,栾天罡,2016,中山大学,依托单位,I157773358,Sun Yat-sen University,exact,72368.62,https://ror.org/0064kty71
3527,3528,卢义玉,2016,重庆大学,依托单位,I158842170,Chongqing University,exact,48851.953,https://ror.org/023rhb549
3528,3529,卢新培,2016,华中科技大学,依托单位,I47720641,Huazhong University of Science and Technology,exact,83397.086,https://ror.org/00p991c53
3529,3530,卢明辉,2016,南京大学,依托单位,I881766915,Nanjing University,exact,62417.22,https://ror.org/01rxvg760
3530,3531,刘志洪,2016,武汉大学,依托单位,I37461747,Wuhan University,exact,84484.22,https://ror.org/033vjfk17
3531,3532,刘瑜,2016,北京大学,依托单位,I20231570,Peking University,exact,77618.14,https://ror.org/02v51f717
3532,3533,刘咏,2016,中南大学,依托单位,I139660479,Central South University,exact,66159.63,https://ror.org/00f1zfq44
3533,3534,刘小华,2016,四川大学,依托单位,I24185976,Sichuan University,exact,75979.734,https://ror.org/011ashp19
3534,3535,刘全有,2016,中国石油化工股份有限公司石油勘探开发研究院,依托单位,I106994412,Sinopec (China),exact,48501.77,https://ror.org/0161q6d74
3535,3536,刘乃安,2016,中国科学技术大学,依托单位,I126520041,University of Science and Technology of China,exact,105356.01,https://ror.org/04c4dkn09
3536,3537,刘俊国,2016,南方科技大学,依托单位,I3045169105,Southern University of Science and Technology,exact,31445.506,https://ror.org/049tv2d57
3537,3538,刘俊,2016,中国科学院长春应用化学研究所,依托单位,I4210092888,Changchun Institute of Applied Chemistry,exact,82828.11,https://ror.org/00h52n341
3538,3539,刘健华,2016,华南农业大学,依托单位,I101479585,South China Agricultural University,exact,41516.54,https://ror.org/05v9jqt67
3539,3540,刘建祥,2016,浙江大学,依托单位,I76130692,Zhejiang University,exact,86971.77,https://ror.org/00a2xv884
3540,3541,刘建国,2016,中国科学院半导体研究所,依托单位,I4210149211,Institute of Semiconductors,exact,44368.86,https://ror.org/048dd0611
3541,3542,刘红忠,2016,西安交通大学,依托单位,I87445476,Xi'an Jiaotong University,exact,70856.3,https://ror.org/017zhmm22
3542,3543,刘光慧,2016,中国科学院生物物理研究所,依托单位,I4210112540,Institute of Biophysics,exact,43632.348,https://ror.org/01tyv8576
3543,3544,刘刚,2016,西安交通大学,依托单位,I87445476,Xi'an Jiaotong University,exact,70856.3,https://ror.org/017zhmm22
3544,3545,刘畅,2016,中国科学院金属研究所,依托单位,I4210126304,Institute of Metal Research,override,,
3545,3546,林宙辰,2016,北京大学,依托单位,I20231570,Peking University,exact,77618.14,https://ror.org/02v51f717
3546,3547,李智军,2016,华南理工大学,依托单位,I90610280,South China University of Technology,exact,65632.69,https://ror.org/0530pts50
3547,3548,李岩,2016,同济大学,依托单位,I116953780,Tongji University,exact,50689.016,https://ror.org/03rc6as71
3548,3549,李向阳,2016,中国科学技术大学,依托单位,I126520041,University of Science and Technology of China,exact,105356.01,https://ror.org/04c4dkn09
3549,3550,李肯立,2016,湖南大学,依托单位,I16609230,Hunan University,exact,52153.906,https://ror.org/05htk5m33
3550,3551,李金恒,2016,南昌航空大学,依托单位,I927504317,Nanchang Hangkong University,exact,22804.658,https://ror.org/0369pvp92
3551,3552,李洪全,2016,复旦大学,依托单位,I24943067,Fudan University,exact,92511.14,https://ror.org/013q1eq08
3552,3553,李寒莹,2016,浙江大学,依托单位,I76130692,Zhejiang University,exact,86971.77,https://ror.org/00a2xv884
3553,3554,李国辉,2016,中国科学院大连化学物理研究所,依托单位,I180585399,Dalian Institute of Chemical Physics,exact,65201.16,https://ror.org/00prkya54
3554,3555,李春英,2016,中国人民解放军第四军医大学,依托单位,,,none,,
3555,3556,李成涛,2016,司法鉴定科学研究院,依托单位,,,none,,
3556,3557,雷晓光,2016,北京大学,依托单位,I20231570,Peking University,exact,77618.14,https://ror.org/02v51f717
3557,3558,靳庆鲁,2016,上海财经大学,依托单位,I181679659,Shanghai University of Finance and Economics,exact,11312.442,https://ror.org/00wtvfq62
3558,3559,靳健,2016,中国科学院苏州纳米技术与纳米仿生研究所,依托单位,I4210092495,Suzhou Institute of Nano-tech and Nano-bionics,exact,59022.97,https://ror.org/0027d9x02
3559,3560,金石,2016,东南大学,依托单位,I76569877,Southeast University,exact,48708.32,https://ror.org/04ct4d772
3560,3561,姜大勝,2016,中国科学院大气物理研究所,依托单位,I4210152758,Institute of Atmospheric Physics,exact,35263.035,https://ror.org/0424h4e32
3561,3562,贾立军,2016,复旦大学,依托单位,I24943067,Fudan University,exact,92511.14,https://ror.org/013q1eq08
3562,3563,贾宏杰,2016,天津大学,依托单位,I162868743,Tianjin University,exact,61022.258,https://ror.org/012tb2g32
3563,3564,霍峰蔚,2016,南京工业大学,依托单位,I134687103,Nanjing Tech University,exact,42277.42,https://ror.org/03sd35x91
3564,3565,黄志群,2016,福建师范大学,依托单位,I111753288,Fujian Normal University,exact,31010.771,https://ror.org/020azk594
3565,3566,黄志明,2016,中国科学院上海技术物理研究所,依托单位,I4210135723,Shanghai Institute of Technical Physics,exact,28080.111,https://ror.org/02txedb84
3566,3567,黄园,2016,四川大学,依托单位,I24185976,Sichuan University,exact,75979.734,https://ror.org/011ashp19
3567,3568,黄雨,2016,同济大学,依托单位,I116953780,Tongji University,exact,50689.016,https://ror.org/03rc6as71
3568,3569,黄勇,2016,湖南大学,依托单位,I16609230,Hunan University,exact,52153.906,https://ror.org/05htk5m33
3569,3570,黄亿华,2016,中国科学院生物物理研究所,依托单位,I4210112540,Institute of Biophysics,exact,43632.348,https://ror.org/01tyv8576
3570,3571,黄小龙,2016,中国科学院广州地球化学研究所,依托单位,I3018690959,Guangzhou Institute of Geochemistry,exact,46284.484,https://ror.org/0356cst02
3571,3572,黄广华,2016,中国科学院微生物研究所,依托单位,I4210134982,Institute of Microbiology,exact,51266.72,https://ror.org/047yhep71
3572,3573,胡忠坤,2016,华中科技大学,依托单位,I47720641,Huazhong University of Science and Technology,exact,83397.086,https://ror.org/00p991c53
3573,3574,胡俊,2016,北京大学,依托单位,I20231570,Peking University,exact,77618.14,https://ror.org/02v51f717
3574,3575,胡建生,2016,中国科学院合肥物质科学研究院,依托单位,I2802624667,Hefei Institutes of Physical Science,exact,31531.92,https://ror.org/046n57345
3575,3576,侯健,2016,中国石油大学(华东),依托单位,I4210162190,"China University of Petroleum, East China",exact,37922.176,https://ror.org/05gbn2817
3576,3577,何伟,2016,清华大学,依托单位,I99065089,Tsinghua University,exact,117751.195,https://ror.org/03cve4549
3577,3578,何军,2016,国家纳米科学中心,依托单位,I4210141483,National Center for Nanoscience and Technology,exact,51665.754,https://ror.org/04f49ff35
3578,3579,郝青振,2016,中国科学院地质与地球物理研究所,依托单位,I4210126061,Institute of Geology and Geophysics,exact,56218.027,https://ror.org/030vmwa78
3579,3580,韩永明,2016,中国科学院地球环境研究所,依托单位,I4210159790,Institute of Earth Environment,exact,27424.857,https://ror.org/04nps9965
3580,3581,韩鸿宾,2016,北京大学,依托单位,I20231570,Peking University,exact,77618.14,https://ror.org/02v51f717
3581,3582,韩德仁,2016,南京师范大学,依托单位,I152031979,Nanjing Normal University,exact,32344.328,https://ror.org/036trcv74
3582,3583,郭庆军,2016,中国科学院地理科学与资源研究所,依托单位,I4210160793,Institute of Geographic Sciences and Natural Resources Research,exact,58468.53,https://ror.org/04t1cdb72
3583,3584,郭国平,2016,中国科学技术大学,依托单位,I126520041,University of Science and Technology of China,exact,105356.01,https://ror.org/04c4dkn09
3584,3585,公茂琼,2016,中国科学院理化技术研究所,依托单位,I4210140689,Technical Institute of Physics and Chemistry,exact,36806.484,https://ror.org/04akaak77
3585,3586,傅平青,2016,中国科学院大气物理研究所,依托单位,I4210152758,Institute of Atmospheric Physics,exact,35263.035,https://ror.org/0424h4e32
3586,3587,冯雪,2016,清华大学,依托单位,I99065089,Tsinghua University,exact,117751.195,https://ror.org/03cve4549
3587,3588,方颖,2016,厦门大学,依托单位,I191208505,Xiamen University,exact,63183.082,https://ror.org/00mcjh785
3588,3589,范志朋,2016,首都医科大学,依托单位,I183519381,Capital Medical University,exact,70254.805,https://ror.org/013xs5b60
3589,3590,窦道龙,2016,南京农业大学,依托单位,I119454577,Nanjing Agricultural University,exact,55386.867,https://ror.org/05td3s095
3590,3591,邓友金,2016,中国科学技术大学,依托单位,I126520041,University of Science and Technology of China,exact,105356.01,https://ror.org/04c4dkn09
3591,3592,戴志晖,2016,南京师范大学,依托单位,I152031979,Nanjing Normal University,exact,32344.328,https://ror.org/036trcv74
3592,3593,崔光磊,2016,中国科学院青岛生物能源与过程研究所,依托单位,I4210158139,Qingdao Institute of Bioenergy and Bioprocess Technology,exact,46925.668,https://ror.org/05h3vcy91
3593,3594,仇子龙,2016,中国科学院上海生命科学研究院,依托单位,I4210106477,Shanghai Institutes for Biological Sciences,exact,56299.793,https://ror.org/011rf9d86
3594,3595,陈悦,2016,南开大学,依托单位,I205237279,Nankai University,exact,54575.492,https://ror.org/01y1kjr75
3595,3596,陈玉琴,2016,中国科学院国家天文台,依托单位,I4210164580,National Astronomical Observatories,exact,34911.63,https://ror.org/058pyyv44
3596,3597,陈焱,2016,复旦大学,依托单位,I24943067,Fudan University,exact,92511.14,https://ror.org/013q1eq08
3597,3598,陈列文,2016,上海交通大学,依托单位,I183067930,Shanghai Jiao Tong University,exact,99965.625,https://ror.org/0220qvk04
3598,3599,陈立桅,2016,中国科学院苏州纳米技术与纳米仿生研究所,依托单位,I4210092495,Suzhou Institute of Nano-tech and Nano-bionics,exact,59022.97,https://ror.org/0027d9x02
3599,3600,陈玖斌,2016,中国科学院地球化学研究所,依托单位,I4210135735,Institute of Geochemistry,override,,
3600,3601,陈红胜,2016,浙江大学,依托单位,I76130692,Zhejiang University,exact,86971.77,https://ror.org/00a2xv884
3601,3602,陈海山,2016,南京信息工程大学,依托单位,I200845125,Nanjing University of Information Science and Technology,exact,36389.973,https://ror.org/02y0rxk19
3602,3603,柴利,2016,武汉科技大学,依托单位,I43922553,Wuhan University of Science and Technology,exact,26582.07,https://ror.org/00e4hrk88
3603,3604,曹达鹏,2016,北京化工大学,依托单位,I75390827,Beijing University of Chemical Technology,exact,44476.082,https://ror.org/00df5yc52
3604,3605,卜军,2016,上海交通大学,依托单位,I183067930,Shanghai Jiao Tong University,exact,99965.625,https://ror.org/0220qvk04
3605,3606,白晓春,2016,南方医科大学,依托单位,I58200834,Southern Medical University,exact,48235.527,https://ror.org/01vjw4z39
3606,3607,邹卫国,2017,中国科学院上海生命科学研究院,依托单位,I4210106477,Shanghai Institutes for Biological Sciences,exact,56299.793,https://ror.org/011rf9d86
3607,3608,邹勃,2017,吉林大学,依托单位,I194450716,Jilin University,exact,67529.51,https://ror.org/00js3aw79
3608,3609,朱艳,2017,南京农业大学,依托单位,I119454577,Nanjing Agricultural University,exact,55386.867,https://ror.org/05td3s095
3609,3610,朱铁军,2017,浙江大学,依托单位,I76130692,Zhejiang University,exact,86971.77,https://ror.org/00a2xv884
3610,3611,朱健,2017,北京大学,依托单位,I20231570,Peking University,exact,77618.14,https://ror.org/02v51f717
3611,3612,周兆才,2017,中国科学院上海生命科学研究院,依托单位,I4210106477,Shanghai Institutes for Biological Sciences,exact,56299.793,https://ror.org/011rf9d86
3612,3613,周树云,2017,清华大学,依托单位,I99065089,Tsinghua University,exact,117751.195,https://ror.org/03cve4549
3613,3614,周绍兵,2017,西南交通大学,依托单位,I4800084,Southwest Jiaotong University,exact,43900.805,https://ror.org/00hn7w693
3614,3615,周剑,2017,华东师范大学,依托单位,I66867065,East China Normal University,exact,47665.625,https://ror.org/02n96ep67
3615,3616,郑伟英,2017,中国科学院数学与系统科学研究院,依托单位,I4210120485,Academy of Mathematics and Systems Science,exact,29545.18,https://ror.org/02jkmyk67
3616,3617,赵曜,2017,复旦大学,依托单位,I24943067,Fudan University,exact,92511.14,https://ror.org/013q1eq08
3617,3618,赵新,2017,中国科学院上海有机化学研究所,依托单位,I4210112946,Shanghai Institute of Organic Chemistry,exact,54384.883,https://ror.org/01y3hvq34
3618,3619,章秀银,2017,华南理工大学,依托单位,I90610280,South China University of Technology,exact,65632.69,https://ror.org/0530pts50
3619,3620,张勇慧,2017,华中科技大学,依托单位,I47720641,Huazhong University of Science and Technology,exact,83397.086,https://ror.org/00p991c53
3620,3621,张永安,2017,中国科学院水生生物研究所,依托单位,I4210089584,Institute of Hydrobiology,weak,27440.992,https://ror.org/00b4mx203
3621,3622,张扬建,2017,中国科学院地理科学与资源研究所,依托单位,I4210160793,Institute of Geographic Sciences and Natural Resources Research,exact,58468.53,https://ror.org/04t1cdb72
3622,3623,张新波,2017,中国科学院长春应用化学研究所,依托单位,I4210092888,Changchun Institute of Applied Chemistry,exact,82828.11,https://ror.org/00h52n341
3623,3624,张显程,2017,华东理工大学,依托单位,I143593769,East China University of Science and Technology,exact,41751.324,https://ror.org/01vyrm377
3624,3625,张文雄,2017,北京大学,依托单位,I20231570,Peking University,exact,77618.14,https://ror.org/02v51f717
3625,3626,张拴宏,2017,中国地质科学院地质力学研究所,依托单位,,,none,,
3626,3627,张全国,2017,北京师范大学,依托单位,I25254941,Beijing Normal University,exact,57501.61,https://ror.org/022k4wk35
3627,3628,张丽华,2017,中国科学院大连化学物理研究所,依托单位,I180585399,Dalian Institute of Chemical Physics,exact,65201.16,https://ror.org/00prkya54
3628,3629,张立峰,2017,北京科技大学,依托单位,I92403157,University of Science and Technology Beijing,exact,39476.645,https://ror.org/02egmk993
3629,3630,张建华,2017,上海大学,依托单位,I113940042,Shanghai University,exact,33911.445,https://ror.org/006teas31
3630,3631,张吉雄,2017,中国矿业大学,依托单位,I25757504,China University of Mining and Technology,exact,39738.82,https://ror.org/01xt2dr21
3631,3632,张怀,2017,中国科学院大学,依托单位,I4210165038,University of Chinese Academy of Sciences,exact,106045.85,https://ror.org/05qbk4x57
3632,3633,张凡,2017,复旦大学,依托单位,I24943067,Fudan University,exact,92511.14,https://ror.org/013q1eq08
3633,3634,张朝阳,2017,浙江大学,依托单位,I76130692,Zhejiang University,exact,86971.77,https://ror.org/00a2xv884
3634,3635,曾海波,2017,南京理工大学,依托单位,I36399199,Nanjing University of Science and Technology,exact,37372.695,https://ror.org/00xp9wg62
3635,3636,岳骞,2017,清华大学,依托单位,I99065089,Tsinghua University,exact,117751.195,https://ror.org/03cve4549
3636,3637,袁业飞,2017,中国科学技术大学,依托单位,I126520041,University of Science and Technology of China,exact,105356.01,https://ror.org/04c4dkn09
3637,3638,喻俊志,2017,中国科学院自动化研究所,依托单位,I4210112150,Institute of Automation,override,,
3638,3639,禹永春,2017,复旦大学,依托单位,I24943067,Fudan University,exact,92511.14,https://ror.org/013q1eq08
3639,3640,於志文,2017,西北工业大学,依托单位,I17145004,Northwestern Polytechnical University,exact,39779.9,https://ror.org/01y0j0j86
3640,3641,余佳,2017,中国医学科学院基础医学研究所,依托单位,I4405261629,Institute of Basic Theory for Chinese Medicine,weak,44.365093,https://ror.org/05kf82e36
3641,3642,尤涵,2017,厦门大学,依托单位,I191208505,Xiamen University,exact,63183.082,https://ror.org/00mcjh785
3642,3643,尹双凤,2017,湖南大学,依托单位,I16609230,Hunan University,exact,52153.906,https://ror.org/05htk5m33
3643,3644,殷小玮,2017,西北工业大学,依托单位,I17145004,Northwestern Polytechnical University,exact,39779.9,https://ror.org/01y0j0j86
3644,3645,叶敏,2017,北京大学,依托单位,I20231570,Peking University,exact,77618.14,https://ror.org/02v51f717
3645,3646,要茂盛,2017,北京大学,依托单位,I20231570,Peking University,exact,77618.14,https://ror.org/02v51f717
3646,3647,杨晓志,2017,南京大学,依托单位,I881766915,Nanjing University,exact,62417.22,https://ror.org/01rxvg760
3647,3648,杨石岭,2017,中国科学院地质与地球物理研究所,依托单位,I4210126061,Institute of Geology and Geophysics,exact,56218.027,https://ror.org/030vmwa78
3648,3649,杨化桂,2017,华东理工大学,依托单位,I143593769,East China University of Science and Technology,exact,41751.324,https://ror.org/01vyrm377
3649,3650,杨海军,2017,北京大学,依托单位,I20231570,Peking University,exact,77618.14,https://ror.org/02v51f717
3650,3651,杨财广,2017,中国科学院上海药物研究所,依托单位,I4210112820,Shanghai Institute of Materia Medica,exact,49811.605,https://ror.org/022syn853
3651,3652,杨必胜,2017,武汉大学,依托单位,I37461747,Wuhan University,exact,84484.22,https://ror.org/033vjfk17
3652,3653,严登华,2017,中国水利水电科学研究院,依托单位,I4210092032,China Institute of Water Resources and Hydropower Research,exact,20226.348,https://ror.org/00m4czf33
3653,3654,鄢社锋,2017,中国科学院声学研究所,依托单位,I4210099069,Institute of Acoustics,exact,19040.988,https://ror.org/00v8rqv75
3654,3655,许金时,2017,中国科学技术大学,依托单位,I126520041,University of Science and Technology of China,exact,105356.01,https://ror.org/04c4dkn09
3655,3656,徐涌,2017,南京医科大学,依托单位,I83519826,Nanjing Medical University,exact,46681.355,https://ror.org/059gcgy73
3656,3657,徐平龙,2017,浙江大学,依托单位,I76130692,Zhejiang University,exact,86971.77,https://ror.org/00a2xv884
3657,3658,徐辉雄,2017,同济大学,依托单位,I116953780,Tongji University,exact,50689.016,https://ror.org/03rc6as71
3658,3659,徐长节,2017,华东交通大学,依托单位,I13985625,East China Jiaotong University,exact,14026.061,https://ror.org/05x2f1m38
3659,3660,熊宇杰,2017,中国科学技术大学,依托单位,I126520041,University of Science and Technology of China,exact,105356.01,https://ror.org/04c4dkn09
3660,3661,邢华斌,2017,浙江大学,依托单位,I76130692,Zhejiang University,exact,86971.77,https://ror.org/00a2xv884
3661,3662,谢永芳,2017,中南大学,依托单位,I139660479,Central South University,exact,66159.63,https://ror.org/00f1zfq44
3662,3663,谢开贵,2017,重庆大学,依托单位,I158842170,Chongqing University,exact,48851.953,https://ror.org/023rhb549
3663,3664,谢高岗,2017,中国科学院计算技术研究所,依托单位,I4210090176,Institute of Computing Technology,exact,35008.836,https://ror.org/0090r4d87
3664,3665,肖仕,2017,中山大学,依托单位,I157773358,Sun Yat-sen University,exact,72368.62,https://ror.org/0064kty71
3665,3666,夏军强,2017,武汉大学,依托单位,I37461747,Wuhan University,exact,84484.22,https://ror.org/033vjfk17
3666,3667,吴雪峰,2017,中国科学院紫金山天文台,依托单位,I2802340896,Purple Mountain Observatory,exact,19069.03,https://ror.org/02eb4t121
3667,3668,吴文传,2017,清华大学,依托单位,I99065089,Tsinghua University,exact,117751.195,https://ror.org/03cve4549
3668,3669,吴俊杰,2017,北京航空航天大学,依托单位,I82880672,Beihang University,exact,82779.67,https://ror.org/00wk2mp56
3669,3670,吴俊,2017,南京农业大学,依托单位,I119454577,Nanjing Agricultural University,exact,55386.867,https://ror.org/05td3s095
3670,3671,吴迪,2017,南京大学,依托单位,I881766915,Nanjing University,exact,62417.22,https://ror.org/01rxvg760
3671,3672,吴德成,2017,中国科学院化学研究所,依托单位,I4210155088,Institute of Chemistry,exact,61771.133,https://ror.org/048y1rc66
3672,3673,吴晨,2017,中国医学科学院肿瘤医院,依托单位,I4210141458,Cancer Hospital of Chinese Academy of Medical Sciences,exact,10736.35,https://ror.org/03x937183
3673,3674,邬光剑,2017,中国科学院青藏高原研究所,依托单位,I4210141476,Institute of Tibetan Plateau Research,exact,35735.152,https://ror.org/03zn6c508
3674,3675,翁文国,2017,清华大学,依托单位,I99065089,Tsinghua University,exact,117751.195,https://ror.org/03cve4549
3675,3676,王永华,2017,华南理工大学,依托单位,I90610280,South China University of Technology,exact,65632.69,https://ror.org/0530pts50
3676,3677,王永贵,2017,对外经济贸易大学,依托单位,I146563203,University of International Business and Economics,exact,19300.242,https://ror.org/05khqpb71
3677,3678,王业亮,2017,中国科学院物理研究所,依托单位,I4210159876,Institute of Physics,exact,48215.63,https://ror.org/05cvf7v30
3678,3679,王艳丽,2017,中国科学院生物物理研究所,依托单位,I4210112540,Institute of Biophysics,exact,43632.348,https://ror.org/01tyv8576
3679,3680,王新云,2017,华中科技大学,依托单位,I47720641,Huazhong University of Science and Technology,exact,83397.086,https://ror.org/00p991c53
3680,3681,王树荣,2017,浙江大学,依托单位,I76130692,Zhejiang University,exact,86971.77,https://ror.org/00a2xv884
3681,3682,王任小,2017,中国科学院上海有机化学研究所,依托单位,I4210112946,Shanghai Institute of Organic Chemistry,exact,54384.883,https://ror.org/01y3hvq34
3682,3683,王磊,2017,复旦大学,依托单位,I24943067,Fudan University,exact,92511.14,https://ror.org/013q1eq08
3683,3684,王军平,2017,中国人民解放军第三军医大学,依托单位,I151075929,Army Medical University,exact,85157.16,https://ror.org/05w21nn13
3684,3685,王进廷,2017,清华大学,依托单位,I99065089,Tsinghua University,exact,117751.195,https://ror.org/03cve4549
3685,3686,王建浦,2017,南京工业大学,依托单位,I134687103,Nanjing Tech University,exact,42277.42,https://ror.org/03sd35x91
3686,3687,王宏涛,2017,浙江大学,依托单位,I76130692,Zhejiang University,exact,86971.77,https://ror.org/00a2xv884
3687,3688,王宏林,2017,上海交通大学,依托单位,I183067930,Shanghai Jiao Tong University,exact,99965.625,https://ror.org/0220qvk04
3688,3689,王浩华,2017,浙江大学,依托单位,I76130692,Zhejiang University,exact,86971.77,https://ror.org/00a2xv884
3689,3690,王浩,2017,国家纳米科学中心,依托单位,I4210141483,National Center for Nanoscience and Technology,exact,51665.754,https://ror.org/04f49ff35
3690,3691,王桂荣,2017,中国农业科学院植物保护研究所,依托单位,I4210097978,Institute of Plant Protection,exact,42097.54,https://ror.org/0111f7045
3691,3692,王菲,2017,中国医科大学,依托单位,I91656880,China Medical University,exact,40907.83,https://ror.org/032d4f246
3692,3693,王栋,2017,中国科学院化学研究所,依托单位,I4210155088,Institute of Chemistry,exact,61771.133,https://ror.org/048y1rc66
3693,3694,汪萌,2017,合肥工业大学,依托单位,I16365422,Hefei University of Technology,exact,43336.164,https://ror.org/02czkny70
3694,3695,汪乐余,2017,北京化工大学,依托单位,I75390827,Beijing University of Chemical Technology,exact,44476.082,https://ror.org/00df5yc52
3695,3696,田梅,2017,浙江大学,依托单位,I76130692,Zhejiang University,exact,86971.77,https://ror.org/00a2xv884
3696,3697,唐江,2017,华中科技大学,依托单位,I47720641,Huazhong University of Science and Technology,exact,83397.086,https://ror.org/00p991c53
3697,3698,汤艳杰,2017,中国科学院地质与地球物理研究所,依托单位,I4210126061,Institute of Geology and Geophysics,exact,56218.027,https://ror.org/030vmwa78
3698,3699,汤文军,2017,中国科学院上海有机化学研究所,依托单位,I4210112946,Shanghai Institute of Organic Chemistry,exact,54384.883,https://ror.org/01y3hvq34
3699,3700,孙阳,2017,中国科学院物理研究所,依托单位,I4210159876,Institute of Physics,exact,48215.63,https://ror.org/05cvf7v30
3700,3701,孙爱军,2017,复旦大学,依托单位,I24943067,Fudan University,exact,92511.14,https://ror.org/013q1eq08
3701,3702,盛敏,2017,西安电子科技大学,依托单位,I149594827,Xidian University,exact,38626.223,https://ror.org/05s92vm98
3702,3703,盛春泉,2017,中国人民解放军第二军医大学,依托单位,I177933477,Second Military Medical University,exact,61741.094,https://ror.org/04tavpn47
3703,3704,沈志豪,2017,北京大学,依托单位,I20231570,Peking University,exact,77618.14,https://ror.org/02v51f717
3704,3705,沈锡辉,2017,西北农林科技大学,依托单位,I89652312,Northwest A&F University,exact,61295.1,https://ror.org/0051rme32
3705,3706,沈红斌,2017,上海交通大学,依托单位,I183067930,Shanghai Jiao Tong University,exact,99965.625,https://ror.org/0220qvk04
3706,3707,商洪才,2017,北京中医药大学,依托单位,I17747738,Beijing University of Chinese Medicine,exact,27916.79,https://ror.org/05damtm70
3707,3708,卿国良,2017,武汉大学,依托单位,I37461747,Wuhan University,exact,84484.22,https://ror.org/033vjfk17
3708,3709,秦跟基,2017,北京大学,依托单位,I20231570,Peking University,exact,77618.14,https://ror.org/02v51f717
3709,3710,彭新华,2017,中国科学院南京土壤研究所,依托单位,I4210165559,Institute of Soil Science,exact,46187.836,https://ror.org/05nj8ma95
3710,3711,彭良友,2017,北京大学,依托单位,I20231570,Peking University,exact,77618.14,https://ror.org/02v51f717
3711,3712,潘波,2017,昆明理工大学,依托单位,I10660446,Kunming University of Science and Technology,exact,38978.336,https://ror.org/00xyeez13
3712,3713,聂舟,2017,湖南大学,依托单位,I16609230,Hunan University,exact,52153.906,https://ror.org/05htk5m33
3713,3714,马丁,2017,北京大学,依托单位,I20231570,Peking University,exact,77618.14,https://ror.org/02v51f717
3714,3715,吕海宝,2017,哈尔滨工业大学,依托单位,I204983213,Harbin Institute of Technology,exact,115718.28,https://ror.org/01yqg2h08
3715,3716,罗俊航,2017,中山大学,依托单位,I157773358,Sun Yat-sen University,exact,72368.62,https://ror.org/0064kty71
3716,3717,卢湖川,2017,大连理工大学,依托单位,I27357992,Dalian University of Technology,exact,64610.99,https://ror.org/023hj5876
3717,3718,刘勇,2017,中国海洋大学,依托单位,I59028903,Ocean University of China,exact,39370.42,https://ror.org/04rdtx186
3718,3719,刘永进,2017,清华大学,依托单位,I99065089,Tsinghua University,exact,117751.195,https://ror.org/03cve4549
3719,3720,刘应征,2017,上海交通大学,依托单位,I183067930,Shanghai Jiao Tong University,exact,99965.625,https://ror.org/0220qvk04
3720,3721,刘思齐,2017,清华大学,依托单位,I99065089,Tsinghua University,exact,117751.195,https://ror.org/03cve4549
3721,3722,刘若川,2017,北京大学,依托单位,I20231570,Peking University,exact,77618.14,https://ror.org/02v51f717
3722,3723,刘明杰,2017,北京航空航天大学,依托单位,I82880672,Beihang University,exact,82779.67,https://ror.org/00wk2mp56
3723,3724,梁高林,2017,中国科学技术大学,依托单位,I126520041,University of Science and Technology of China,exact,105356.01,https://ror.org/04c4dkn09
3724,3725,连增,2017,四川大学,依托单位,I24185976,Sichuan University,exact,75979.734,https://ror.org/011ashp19
3725,3726,李勇建,2017,南开大学,依托单位,I205237279,Nankai University,exact,54575.492,https://ror.org/01y1kjr75
3726,3727,李水清,2017,清华大学,依托单位,I99065089,Tsinghua University,exact,117751.195,https://ror.org/03cve4549
3727,3728,李晴,2017,北京大学,依托单位,I20231570,Peking University,exact,77618.14,https://ror.org/02v51f717
3728,3729,李泠,2017,中国科学院微电子研究所,依托单位,I4210119392,Institute of Microelectronics,exact,38434.207,https://ror.org/02s6gs133
3729,3730,李华斌,2017,复旦大学,依托单位,I24943067,Fudan University,exact,92511.14,https://ror.org/013q1eq08
3730,3731,李海涛,2017,清华大学,依托单位,I99065089,Tsinghua University,exact,117751.195,https://ror.org/03cve4549
3731,3732,李药,2017,中国科学院国家天文台,依托单位,I4210164580,National Astronomical Observatories,exact,34911.63,https://ror.org/058pyyv44
3732,3733,黎大兵,2017,中国科学院长春光学精密机械与物理研究所,依托单位,I4210088164,"Changchun Institute of Optics, Fine Mechanics and Physics",exact,44597.24,https://ror.org/012rct222
3733,3734,雷震,2017,复旦大学,依托单位,I24943067,Fudan University,exact,92511.14,https://ror.org/013q1eq08
3734,3735,寇纲,2017,西南财经大学,依托单位,I204831749,Southwestern University of Finance and Economics,exact,16125.502,https://ror.org/04ewct822
3735,3736,孔凡江,2017,中国科学院东北地理与农业生态研究所,依托单位,I4210101301,Northeast Institute of Geography and Agroecology,exact,35216.24,https://ror.org/01a9z1q73
3736,3737,柯燎亮,2017,北京交通大学,依托单位,I21193070,Beijing Jiaotong University,exact,36584.664,https://ror.org/01yj56c84
3737,3738,康振辉,2017,苏州大学,依托单位,I3923682,Soochow University,exact,55506.996,https://ror.org/05t8y2r12
3738,3739,康宇,2017,中国科学技术大学,依托单位,I126520041,University of Science and Technology of China,exact,105356.01,https://ror.org/04c4dkn09
3739,3740,金盛烨,2017,中国科学院大连化学物理研究所,依托单位,I180585399,Dalian Institute of Chemical Physics,exact,65201.16,https://ror.org/00prkya54
3740,3741,颉伟,2017,清华大学,依托单位,I99065089,Tsinghua University,exact,117751.195,https://ror.org/03cve4549
3741,3742,焦树强,2017,北京科技大学,依托单位,I92403157,University of Science and Technology Beijing,exact,39476.645,https://ror.org/02egmk993
3742,3743,姜潮,2017,湖南大学,依托单位,I16609230,Hunan University,exact,52153.906,https://ror.org/05htk5m33
3743,3744,江颖,2017,北京大学,依托单位,I20231570,Peking University,exact,77618.14,https://ror.org/02v51f717
3744,3745,江洁,2017,北京航空航天大学,依托单位,I82880672,Beihang University,exact,82779.67,https://ror.org/00wk2mp56
3745,3746,江海龙,2017,中国科学技术大学,依托单位,I126520041,University of Science and Technology of China,exact,105356.01,https://ror.org/04c4dkn09
3746,3747,黄中伟,2017,中国石油大学(北京),依托单位,I4210162190,"China University of Petroleum, East China",exact,37922.176,https://ror.org/05gbn2817
3747,3748,黄卫华,2017,武汉大学,依托单位,I37461747,Wuhan University,exact,84484.22,https://ror.org/033vjfk17
3748,3749,黄伟,2017,中国科学技术大学,依托单位,I126520041,University of Science and Technology of China,exact,105356.01,https://ror.org/04c4dkn09
3749,3750,黄攀峰,2017,西北工业大学,依托单位,I17145004,Northwestern Polytechnical University,exact,39779.9,https://ror.org/01y0j0j86
3750,3751,黄梅,2017,中国科学院高能物理研究所,依托单位,I4210137180,Institute of High Energy Physics,exact,107211.8,https://ror.org/03v8tnc06
3751,3752,黄吉平,2017,复旦大学,依托单位,I24943067,Fudan University,exact,92511.14,https://ror.org/013q1eq08
3752,3753,黄罡,2017,北京大学,依托单位,I20231570,Peking University,exact,77618.14,https://ror.org/02v51f717
3753,3754,胡兆初,2017,中国地质大学(武汉),依托单位,I3124059619,China University of Geosciences,override,,
3754,3755,胡勇胜,2017,中国科学院物理研究所,依托单位,I4210159876,Institute of Physics,exact,48215.63,https://ror.org/05cvf7v30
3755,3756,胡小玉,2017,清华大学,依托单位,I99065089,Tsinghua University,exact,117751.195,https://ror.org/03cve4549
3756,3757,胡伟达,2017,中国科学院上海技术物理研究所,依托单位,I4210135723,Shanghai Institute of Technical Physics,exact,28080.111,https://ror.org/02txedb84
3757,3758,胡薇,2017,复旦大学,依托单位,I24943067,Fudan University,exact,92511.14,https://ror.org/013q1eq08
3758,3759,胡国宏,2017,中国科学院上海生命科学研究院,依托单位,I4210106477,Shanghai Institutes for Biological Sciences,exact,56299.793,https://ror.org/011rf9d86
3759,3760,侯立军,2017,华东师范大学,依托单位,I66867065,East China Normal University,exact,47665.625,https://ror.org/02n96ep67
3760,3761,侯军利,2017,复旦大学,依托单位,I24943067,Fudan University,exact,92511.14,https://ror.org/013q1eq08
3761,3762,郭安薪,2017,哈尔滨工业大学,依托单位,I204983213,Harbin Institute of Technology,exact,115718.28,https://ror.org/01yqg2h08
3762,3763,葛咏,2017,中国科学院地理科学与资源研究所,依托单位,I4210160793,Institute of Geographic Sciences and Natural Resources Research,exact,58468.53,https://ror.org/04t1cdb72
3763,3764,高宁,2017,北京大学,依托单位,I20231570,Peking University,exact,77618.14,https://ror.org/02v51f717
3764,3765,傅立斌,2017,中国工程物理研究院研究生部,依托单位,,,none,,
3765,3766,付琨,2017,中国科学院电子学研究所,依托单位,I4210110458,Institute of Electronics,exact,18670.95,https://ror.org/01z143507
3766,3767,冯世进,2017,同济大学,依托单位,I116953780,Tongji University,exact,50689.016,https://ror.org/03rc6as71
3767,3768,冯济,2017,北京大学,依托单位,I20231570,Peking University,exact,77618.14,https://ror.org/02v51f717
3768,3769,方德斌,2017,武汉大学,依托单位,I37461747,Wuhan University,exact,84484.22,https://ror.org/033vjfk17
3769,3770,樊隽轩,2017,中国科学院南京地质古生物研究所,依托单位,I4210103797,Nanjing Institute of Geology and Paleontology,exact,22973.246,https://ror.org/019av8481
3770,3771,樊健生,2017,清华大学,依托单位,I99065089,Tsinghua University,exact,117751.195,https://ror.org/03cve4549
3771,3772,段胜仲,2017,上海交通大学,依托单位,I183067930,Shanghai Jiao Tong University,exact,99965.625,https://ror.org/0220qvk04
3772,3773,段安民,2017,中国科学院大气物理研究所,依托单位,I4210152758,Institute of Atmospheric Physics,exact,35263.035,https://ror.org/0424h4e32
3773,3774,杜文莉,2017,华东理工大学,依托单位,I143593769,East China University of Science and Technology,exact,41751.324,https://ror.org/01vyrm377
3774,3775,杜太生,2017,中国农业大学,依托单位,I52158045,China Agricultural University,exact,58946.74,https://ror.org/04v3ywz14
3775,3776,董忠军,2017,清华大学,依托单位,I99065089,Tsinghua University,exact,117751.195,https://ror.org/03cve4549
3776,3777,董焕丽,2017,中国科学院化学研究所,依托单位,I4210155088,Institute of Chemistry,exact,61771.133,https://ror.org/048y1rc66
3777,3778,丁龙云,2017,南开大学,依托单位,I205237279,Nankai University,exact,54575.492,https://ror.org/01y1kjr75
3778,3779,丁爱军,2017,南京大学,依托单位,I881766915,Nanjing University,exact,62417.22,https://ror.org/01rxvg760
3779,3780,邓亮,2017,中国科学院上海有机化学研究所,依托单位,I4210112946,Shanghai Institute of Organic Chemistry,exact,54384.883,https://ror.org/01y3hvq34
3780,3781,单革,2017,中国科学技术大学,依托单位,I126520041,University of Science and Technology of China,exact,105356.01,https://ror.org/04c4dkn09
3781,3782,戴俊彪,2017,中国科学院深圳先进技术研究院,依托单位,I4210145761,Shenzhen Institutes of Advanced Technology,exact,62290.047,https://ror.org/04gh4er46
3782,3783,戴道锌,2017,浙江大学,依托单位,I76130692,Zhejiang University,exact,86971.77,https://ror.org/00a2xv884
3783,3784,初广文,2017,北京化工大学,依托单位,I75390827,Beijing University of Chemical Technology,exact,44476.082,https://ror.org/00df5yc52
3784,3785,程义云,2017,华东师范大学,依托单位,I66867065,East China Normal University,exact,47665.625,https://ror.org/02n96ep67
3785,3786,程和发,2017,北京大学,依托单位,I20231570,Peking University,exact,77618.14,https://ror.org/02v51f717
3786,3787,陈永平,2017,苏州科技大学,依托单位,,,none,,
3787,3788,陈雪波,2017,北京师范大学,依托单位,I25254941,Beijing Normal University,exact,57501.61,https://ror.org/022k4wk35
3788,3789,陈星秋,2017,中国科学院金属研究所,依托单位,I4210126304,Institute of Metal Research,override,,
3789,3790,陈小前,2017,中国人民解放军军事科学院国防科技创新研究院,依托单位,,,none,,
3790,3791,陈玲玲,2017,中国科学院上海生命科学研究院,依托单位,I4210106477,Shanghai Institutes for Biological Sciences,exact,56299.793,https://ror.org/011rf9d86
3791,3792,陈莉莉,2017,华中科技大学,依托单位,I47720641,Huazhong University of Science and Technology,exact,83397.086,https://ror.org/00p991c53
3792,3793,陈建兵,2017,同济大学,依托单位,I116953780,Tongji University,exact,50689.016,https://ror.org/03rc6as71
3793,3794,陈华勇,2017,中国科学院广州地球化学研究所,依托单位,I3018690959,Guangzhou Institute of Geochemistry,exact,46284.484,https://ror.org/0356cst02
3794,3795,陈华伟,2017,北京航空航天大学,依托单位,I82880672,Beihang University,exact,82779.67,https://ror.org/00wk2mp56
3795,3796,陈弓,2017,南开大学,依托单位,I205237279,Nankai University,exact,54575.492,https://ror.org/01y1kjr75
3796,3797,陈彬,2017,北京师范大学,依托单位,I25254941,Beijing Normal University,exact,57501.61,https://ror.org/022k4wk35
3797,3798,车仁超,2017,复旦大学,依托单位,I24943067,Fudan University,exact,92511.14,https://ror.org/013q1eq08
3798,3799,曹庆宏,2017,北京大学,依托单位,I20231570,Peking University,exact,77618.14,https://ror.org/02v51f717
3799,3800,蔡庆宇,2017,中国科学院武汉物理与数学研究所,依托单位,I4210099135,Wuhan Institute of Physics and Mathematics,exact,30681.508,https://ror.org/00zky9d41
3800,3801,蔡磊,2017,中国科学院微生物研究所,依托单位,I4210134982,Institute of Microbiology,exact,51266.72,https://ror.org/047yhep71
3801,3802,步文博,2017,华东师范大学,依托单位,I66867065,East China Normal University,exact,47665.625,https://ror.org/02n96ep67
3802,3803,毕天姝,2017,华北电力大学,依托单位,I153473198,North China Electric Power University,exact,38219.625,https://ror.org/04qr5t414
3803,3804,艾渤,2017,北京交通大学,依托单位,I21193070,Beijing Jiaotong University,exact,36584.664,https://ror.org/01yj56c84
3804,3805,刘卫东,2018,上海交通大学,依托单位,I183067930,Shanghai Jiao Tong University,exact,99965.625,https://ror.org/0220qvk04
3805,3806,向红军,2018,复旦大学,依托单位,I24943067,Fudan University,exact,92511.14,https://ror.org/013q1eq08
3806,3807,乔宾,2018,北京大学,依托单位,I20231570,Peking University,exact,77618.14,https://ror.org/02v51f717
3807,3808,肖云峰,2018,北京大学,依托单位,I20231570,Peking University,exact,77618.14,https://ror.org/02v51f717
3808,3809,李铁军,2018,北京大学,依托单位,I20231570,Peking University,exact,77618.14,https://ror.org/02v51f717
3809,3810,关启安,2018,北京大学,依托单位,I20231570,Peking University,exact,77618.14,https://ror.org/02v51f717
3810,3811,全海涛,2018,北京大学,依托单位,I20231570,Peking University,exact,77618.14,https://ror.org/02v51f717
3811,3812,田晖,2018,北京大学,依托单位,I20231570,Peking University,exact,77618.14,https://ror.org/02v51f717
3812,3813,刘翔,2018,兰州大学,依托单位,I76214153,Lanzhou University,exact,55239.18,https://ror.org/01mkqqe32
3813,3814,张景瑞,2018,北京理工大学,依托单位,I125839683,Beijing Institute of Technology,exact,60847.0,https://ror.org/01skt4w74
3814,3815,何建军,2018,中国科学院国家天文台,依托单位,I4210164580,National Astronomical Observatories,exact,34911.63,https://ror.org/058pyyv44
3815,3816,施勇,2018,南京大学,依托单位,I881766915,Nanjing University,exact,62417.22,https://ror.org/01rxvg760
3816,3817,刘雄军,2018,北京大学,依托单位,I20231570,Peking University,exact,77618.14,https://ror.org/02v51f717
3817,3818,王毅,2018,中国科学技术大学,依托单位,I126520041,University of Science and Technology of China,exact,105356.01,https://ror.org/04c4dkn09
3818,3819,姚宏,2018,清华大学,依托单位,I99065089,Tsinghua University,exact,117751.195,https://ror.org/03cve4549
3819,3820,徐志平,2018,清华大学,依托单位,I99065089,Tsinghua University,exact,117751.195,https://ror.org/03cve4549
3820,3821,于品,2018,清华大学,依托单位,I99065089,Tsinghua University,exact,117751.195,https://ror.org/03cve4549
3821,3822,周全,2018,上海大学,依托单位,I113940042,Shanghai University,exact,33911.445,https://ror.org/006teas31
3822,3823,张振雷,2018,首都师范大学,依托单位,I96852419,Capital Normal University,exact,24357.684,https://ror.org/005edt527
3823,3824,吴克辉,2018,中国科学院物理研究所,依托单位,I4210159876,Institute of Physics,exact,48215.63,https://ror.org/05cvf7v30
3824,3825,王博,2018,大连理工大学,依托单位,I27357992,Dalian University of Technology,exact,64610.99,https://ror.org/023hj5876
3825,3826,杨建成,2018,中国科学院近代物理研究所,依托单位,I4210131271,Institute of Modern Physics,exact,38394.246,https://ror.org/03x8rhq63
3826,3827,康熙,2018,中国科学院紫金山天文台,依托单位,I2802340896,Purple Mountain Observatory,exact,19069.03,https://ror.org/02eb4t121
3827,3828,周宇峰,2018,中国科学院理论物理研究所,依托单位,I4210125404,Institute of Theoretical Physics,exact,35358.984,https://ror.org/02xtbq882
3828,3829,高福平,2018,中国科学院力学研究所,依托单位,I4210157653,Institute of Mechanics,exact,22921.729,https://ror.org/057jnjd73
3829,3830,杨晟,2018,中国科学院上海生命科学研究院,依托单位,I4210106477,Shanghai Institutes for Biological Sciences,exact,56299.793,https://ror.org/011rf9d86
3830,3831,何耀,2018,苏州大学,依托单位,I3923682,Soochow University,exact,55506.996,https://ror.org/05t8y2r12
3831,3832,王殳凹,2018,苏州大学,依托单位,I3923682,Soochow University,exact,55506.996,https://ror.org/05t8y2r12
3832,3833,王双印,2018,湖南大学,依托单位,I16609230,Hunan University,exact,52153.906,https://ror.org/05htk5m33
3833,3834,李震宇,2018,中国科学技术大学,依托单位,I126520041,University of Science and Technology of China,exact,105356.01,https://ror.org/04c4dkn09
3834,3835,尹航,2018,清华大学,依托单位,I99065089,Tsinghua University,exact,117751.195,https://ror.org/03cve4549
3835,3836,彭章泉,2018,中国科学院长春应用化学研究所,依托单位,I4210092888,Changchun Institute of Applied Chemistry,exact,82828.11,https://ror.org/00h52n341
3836,3837,翟天佑,2018,华中科技大学,依托单位,I47720641,Huazhong University of Science and Technology,exact,83397.086,https://ror.org/00p991c53
3837,3838,张强,2018,清华大学,依托单位,I99065089,Tsinghua University,exact,117751.195,https://ror.org/03cve4549
3838,3839,杜海峰,2018,中国科学院化学研究所,依托单位,I4210155088,Institute of Chemistry,exact,61771.133,https://ror.org/048y1rc66
3839,3840,王亚培,2018,中国人民大学,依托单位,I78988378,Renmin University of China,exact,18057.188,https://ror.org/041pakw92
3840,3841,伊成器,2018,北京大学,依托单位,I20231570,Peking University,exact,77618.14,https://ror.org/02v51f717
3841,3842,陈骏,2018,北京科技大学,依托单位,I92403157,University of Science and Technology Beijing,exact,39476.645,https://ror.org/02egmk993
3842,3843,李映伟,2018,华南理工大学,依托单位,I90610280,South China University of Technology,exact,65632.69,https://ror.org/0530pts50
3843,3844,龚学庆,2018,华东理工大学,依托单位,I143593769,East China University of Science and Technology,exact,41751.324,https://ror.org/01vyrm377
3844,3845,臧双全,2018,郑州大学,依托单位,I38877650,Zhengzhou University,exact,54654.63,https://ror.org/04ypx8c21
3845,3846,孙志刚,2018,中国科学院大连化学物理研究所,依托单位,I180585399,Dalian Institute of Chemical Physics,exact,65201.16,https://ror.org/00prkya54
3846,3847,覃勇,2018,中国科学院山西煤炭化学研究所,依托单位,I4210159903,Institute of Coal Chemistry,exact,37711.496,https://ror.org/05j73fd60
3847,3848,田长麟,2018,中国科学技术大学,依托单位,I126520041,University of Science and Technology of China,exact,105356.01,https://ror.org/04c4dkn09
3848,3849,傅强,2018,中国科学院大连化学物理研究所,依托单位,I180585399,Dalian Institute of Chemical Physics,exact,65201.16,https://ror.org/00prkya54
3849,3850,汪勇,2018,南京工业大学,依托单位,I134687103,Nanjing Tech University,exact,42277.42,https://ror.org/03sd35x91
3850,3851,黄湧,2018,北京大学深圳研究生院,依托单位,,,none,,
3851,3852,江莉龙,2018,福州大学,依托单位,I80947539,Fuzhou University,exact,34887.25,https://ror.org/011xvna82
3852,3853,樊春安,2018,兰州大学,依托单位,I76214153,Lanzhou University,exact,55239.18,https://ror.org/01mkqqe32
3853,3854,黄正,2018,中国科学院上海有机化学研究所,依托单位,I4210112946,Shanghai Institute of Organic Chemistry,exact,54384.883,https://ror.org/01y3hvq34
3854,3855,刘倩,2018,中国科学院生态环境研究中心,依托单位,I4210144289,Research Center for Eco-Environmental Sciences,exact,59822.87,https://ror.org/03rpsvy57
3855,3856,孙庆福,2018,中国科学院福建物质结构研究所,依托单位,I4210119098,Fujian Institute of Research on the Structure of Matter,exact,59134.61,https://ror.org/02j89k719
3856,3857,谭斌,2018,南方科技大学,依托单位,I3045169105,Southern University of Science and Technology,exact,31445.506,https://ror.org/049tv2d57
3857,3858,孙育杰,2018,北京大学,依托单位,I20231570,Peking University,exact,77618.14,https://ror.org/02v51f717
3858,3859,彭强,2018,四川大学,依托单位,I24185976,Sichuan University,exact,75979.734,https://ror.org/011ashp19
3859,3860,焦雨铃,2018,中国科学院遗传与发育生物学研究所,依托单位,I4210124606,Institute of Genetics and Developmental Biology,weak,57183.465,https://ror.org/02aee5m12
3860,3861,王二涛,2018,中国科学院上海生命科学研究院,依托单位,I4210106477,Shanghai Institutes for Biological Sciences,exact,56299.793,https://ror.org/011rf9d86
3861,3862,史岸冰,2018,华中科技大学,依托单位,I47720641,Huazhong University of Science and Technology,exact,83397.086,https://ror.org/00p991c53
3862,3863,孙衍刚,2018,中国科学院上海生命科学研究院,依托单位,I4210106477,Shanghai Institutes for Biological Sciences,exact,56299.793,https://ror.org/011rf9d86
3863,3864,肖百龙,2018,清华大学,依托单位,I99065089,Tsinghua University,exact,117751.195,https://ror.org/03cve4549
3864,3865,王宏伟,2018,清华大学,依托单位,I99065089,Tsinghua University,exact,117751.195,https://ror.org/03cve4549
3865,3866,吴蓓丽,2018,中国科学院上海药物研究所,依托单位,I4210112820,Shanghai Institute of Materia Medica,exact,49811.605,https://ror.org/022syn853
3866,3867,孙强,2018,中国科学院上海生命科学研究院,依托单位,I4210106477,Shanghai Institutes for Biological Sciences,exact,56299.793,https://ror.org/011rf9d86
3867,3868,杨志谋,2018,南开大学,依托单位,I205237279,Nankai University,exact,54575.492,https://ror.org/01y1kjr75
3868,3869,曹胜波,2018,华中农业大学,依托单位,I204823248,Huazhong Agricultural University,exact,62343.33,https://ror.org/023b72294
3869,3870,程功,2018,清华大学,依托单位,I99065089,Tsinghua University,exact,117751.195,https://ror.org/03cve4549
3870,3871,陈柱成,2018,清华大学,依托单位,I99065089,Tsinghua University,exact,117751.195,https://ror.org/03cve4549
3871,3872,钱韦,2018,中国科学院微生物研究所,依托单位,I4210134982,Institute of Microbiology,exact,51266.72,https://ror.org/047yhep71
3872,3873,叶清,2018,中国科学院华南植物园,依托单位,I4210120696,South China Botanical Garden,exact,22661.066,https://ror.org/01xqdxh54
3873,3874,唐朝荣,2018,海南大学,依托单位,I20942203,Hainan University,exact,20166.008,https://ror.org/03q648j11
3874,3875,周艳虹,2018,浙江大学,依托单位,I76130692,Zhejiang University,exact,86971.77,https://ror.org/00a2xv884
3875,3876,刘宏涛,2018,中国科学院上海生命科学研究院,依托单位,I4210106477,Shanghai Institutes for Biological Sciences,exact,56299.793,https://ror.org/011rf9d86
3876,3877,聂少平,2018,南昌大学,依托单位,I141649914,Nanchang University,exact,39772.832,https://ror.org/042v6xz23
3877,3878,叶丽林,2018,中国人民解放军第三军医大学,依托单位,I151075929,Army Medical University,exact,85157.16,https://ror.org/05w21nn13
3878,3879,杨元合,2018,中国科学院植物研究所,依托单位,I4210158097,Institute of Botany,exact,42323.688,https://ror.org/05hr3ch11
3879,3880,黄志伟,2018,哈尔滨工业大学,依托单位,I204983213,Harbin Institute of Technology,exact,115718.28,https://ror.org/01yqg2h08
3880,3881,李孟华,2018,中国科学院动物研究所,依托单位,I4210167311,Institute of Zoology,exact,34200.504,https://ror.org/05skxkv18
3881,3882,黄学辉,2018,上海师范大学,依托单位,I21945476,Shanghai Normal University,exact,23578.709,https://ror.org/01cxqmw89
3882,3883,刘巧泉,2018,扬州大学,依托单位,I78978612,Yangzhou University,exact,41981.992,https://ror.org/03tqb8s11
3883,3884,陈学伟,2018,四川农业大学,依托单位,I37574244,Sichuan Agricultural University,exact,49082.05,https://ror.org/0388c3403
3884,3885,董广辉,2018,兰州大学,依托单位,I76214153,Lanzhou University,exact,55239.18,https://ror.org/01mkqqe32
3885,3886,倪怀玮,2018,中国科学技术大学,依托单位,I126520041,University of Science and Technology of China,exact,105356.01,https://ror.org/04c4dkn09
3886,3887,闫俊华,2018,中国科学院华南植物园,依托单位,I4210120696,South China Botanical Garden,exact,22661.066,https://ror.org/01xqdxh54
3887,3888,杨云锋,2018,清华大学,依托单位,I99065089,Tsinghua University,exact,117751.195,https://ror.org/03cve4549
3888,3889,许成,2018,北京大学,依托单位,I20231570,Peking University,exact,77618.14,https://ror.org/02v51f717
3889,3890,郭华明,2018,中国地质大学(北京),依托单位,I3125743391,China University of Geosciences (Beijing),exact,38915.188,https://ror.org/04q6c7p66
3890,3891,袁洪林,2018,西北大学,依托单位,I37802460,Northwest University,exact,25357.496,https://ror.org/00z3td547
3891,3892,王勤,2018,南京大学,依托单位,I881766915,Nanjing University,exact,62417.22,https://ror.org/01rxvg760
3892,3893,张小红,2018,武汉大学,依托单位,I37461747,Wuhan University,exact,84484.22,https://ror.org/033vjfk17
3893,3894,朱建喜,2018,中国科学院广州地球化学研究所,依托单位,I3018690959,Guangzhou Institute of Geochemistry,exact,46284.484,https://ror.org/0356cst02
3894,3895,张明义,2018,中国科学院寒区旱区环境与工程研究所,依托单位,,,none,,
3895,3896,林强,2018,中国科学院南海海洋研究所,依托单位,I4210103685,South China Sea Institute Of Oceanology,exact,28760.244,https://ror.org/0192yj155
3896,3897,陈显尧,2018,中国海洋大学,依托单位,I59028903,Ocean University of China,exact,39370.42,https://ror.org/04rdtx186
3897,3898,李超,2018,中国地质大学(武汉),依托单位,I3124059619,China University of Geosciences,override,,
3898,3899,孙建奇,2018,中国科学院大气物理研究所,依托单位,I4210152758,Institute of Atmospheric Physics,exact,35263.035,https://ror.org/0424h4e32
3899,3900,祁生文,2018,中国科学院地质与地球物理研究所,依托单位,I4210126061,Institute of Geology and Geophysics,exact,56218.027,https://ror.org/030vmwa78
3900,3901,吴永红,2018,中国科学院南京土壤研究所,依托单位,I4210165559,Institute of Soil Science,exact,46187.836,https://ror.org/05nj8ma95
3901,3902,何贤强,2018,国家海洋局第二海洋研究所,依托单位,I4210109544,Second Institute of Oceanography,weak,22588.223,https://ror.org/01tkb7c15
3902,3903,车慧正,2018,中国气象科学研究院,依托单位,I4210133131,Chinese Academy of Meteorological Sciences,exact,22626.762,https://ror.org/034b53w38
3903,3904,刘良云,2018,中国科学院遥感与数字地球研究所,依托单位,,,none,,
3904,3905,杨志明,2018,中国地质科学院地质研究所,依托单位,I4210126061,Institute of Geology and Geophysics,weak,17427.86,https://ror.org/030vmwa78
3905,3906,曾小勤,2018,上海交通大学,依托单位,I183067930,Shanghai Jiao Tong University,exact,99965.625,https://ror.org/0220qvk04
3906,3907,盛国平,2018,中国科学技术大学,依托单位,I126520041,University of Science and Technology of China,exact,105356.01,https://ror.org/04c4dkn09
3907,3908,周昊,2018,浙江大学,依托单位,I76130692,Zhejiang University,exact,86971.77,https://ror.org/00a2xv884
3908,3909,田富强,2018,清华大学,依托单位,I99065089,Tsinghua University,exact,117751.195,https://ror.org/03cve4549
3909,3910,卫海桥,2018,天津大学,依托单位,I162868743,Tianjin University,exact,61022.258,https://ror.org/012tb2g32
3910,3911,邹如强,2018,北京大学,依托单位,I20231570,Peking University,exact,77618.14,https://ror.org/02v51f717
3911,3912,李越,2018,中国科学院合肥物质科学研究院,依托单位,I2802624667,Hefei Institutes of Physical Science,exact,31531.92,https://ror.org/046n57345
3912,3913,刘润,2018,天津大学,依托单位,I162868743,Tianjin University,exact,61022.258,https://ror.org/012tb2g32
3913,3914,曹炳阳,2018,清华大学,依托单位,I99065089,Tsinghua University,exact,117751.195,https://ror.org/03cve4549
3914,3915,王立平,2018,中国科学院宁波材料技术与工程研究所,依托单位,I4210165339,Ningbo Institute of Industrial Technology,exact,57935.277,https://ror.org/05nqg3g04
3915,3916,花为,2018,东南大学,依托单位,I76569877,Southeast University,exact,48708.32,https://ror.org/04ct4d772
3916,3917,林波荣,2018,清华大学,依托单位,I99065089,Tsinghua University,exact,117751.195,https://ror.org/03cve4549
3917,3918,翟长海,2018,哈尔滨工业大学,依托单位,I204983213,Harbin Institute of Technology,exact,115718.28,https://ror.org/01yqg2h08
3918,3919,杨仲轩,2018,浙江大学,依托单位,I76130692,Zhejiang University,exact,86971.77,https://ror.org/00a2xv884
3919,3920,郭宝春,2018,华南理工大学,依托单位,I90610280,South China University of Technology,exact,65632.69,https://ror.org/0530pts50
3920,3921,柳延辉,2018,中国科学院物理研究所,依托单位,I4210159876,Institute of Physics,exact,48215.63,https://ror.org/05cvf7v30
3921,3922,付世晓,2018,上海交通大学,依托单位,I183067930,Shanghai Jiao Tong University,exact,99965.625,https://ror.org/0220qvk04
3922,3923,高亮,2018,华中科技大学,依托单位,I47720641,Huazhong University of Science and Technology,exact,83397.086,https://ror.org/00p991c53
3923,3924,邱丽荣,2018,北京理工大学,依托单位,I125839683,Beijing Institute of Technology,exact,60847.0,https://ror.org/01skt4w74
3924,3925,周伟,2018,武汉大学,依托单位,I37461747,Wuhan University,exact,84484.22,https://ror.org/033vjfk17
3925,3926,付强,2018,东北农业大学,依托单位,I169572211,Northeast Agricultural University,exact,34269.277,https://ror.org/0515nd386
3926,3927,刘绍琴,2018,哈尔滨工业大学,依托单位,I204983213,Harbin Institute of Technology,exact,115718.28,https://ror.org/01yqg2h08
3927,3928,唐桂华,2018,西安交通大学,依托单位,I87445476,Xi'an Jiaotong University,exact,70856.3,https://ror.org/017zhmm22
3928,3929,陈瑞润,2018,哈尔滨工业大学,依托单位,I204983213,Harbin Institute of Technology,exact,115718.28,https://ror.org/01yqg2h08
3929,3930,冉千平,2018,江苏省建筑科学研究院有限公司,依托单位,I4210086186,Jiangsu Provincial Academy of Building Research (China),exact,1201.3959,https://ror.org/00qvx9r67
3930,3931,王东,2018,中国人民解放军海军工程大学,依托单位,I2800710378,Naval University of Engineering,exact,19836.053,https://ror.org/056vyez31
3931,3932,王丽伟,2018,上海交通大学,依托单位,I183067930,Shanghai Jiao Tong University,exact,99965.625,https://ror.org/0220qvk04
3932,3933,孙艳明,2018,北京航空航天大学,依托单位,I82880672,Beihang University,exact,82779.67,https://ror.org/00wk2mp56
3933,3934,闵小波,2018,中南大学,依托单位,I139660479,Central South University,exact,66159.63,https://ror.org/00f1zfq44
3934,3935,张铁锐,2018,中国科学院理化技术研究所,依托单位,I4210140689,Technical Institute of Physics and Chemistry,exact,36806.484,https://ror.org/04akaak77
3935,3936,蔡开勇,2018,重庆大学,依托单位,I158842170,Chongqing University,exact,48851.953,https://ror.org/023rhb549
3936,3937,刘岗,2018,中国科学院金属研究所,依托单位,I4210126304,Institute of Metal Research,override,,
3937,3938,陈焱,2018,天津大学,依托单位,I162868743,Tianjin University,exact,61022.258,https://ror.org/012tb2g32
3938,3939,丁轶,2018,天津理工大学,依托单位,I136765683,Tianjin University of Technology,exact,28824.084,https://ror.org/00zbe0w13
3939,3940,李兴文,2018,西安交通大学,依托单位,I87445476,Xi'an Jiaotong University,exact,70856.3,https://ror.org/017zhmm22
3940,3941,黄晓宇,2018,中国科学院上海有机化学研究所,依托单位,I4210112946,Shanghai Institute of Organic Chemistry,exact,54384.883,https://ror.org/01y3hvq34
3941,3942,秦波涛,2018,中国矿业大学,依托单位,I25757504,China University of Mining and Technology,exact,39738.82,https://ror.org/01xt2dr21
3942,3943,王开云,2018,西南交通大学,依托单位,I4800084,Southwest Jiaotong University,exact,43900.805,https://ror.org/00hn7w693
3943,3944,徐昕,2018,中国人民解放军国防科技大学,依托单位,I170215575,National University of Defense Technology,weak,24259.445,https://ror.org/05d2yfz11
3944,3945,廖志敏,2018,北京大学,依托单位,I20231570,Peking University,exact,77618.14,https://ror.org/02v51f717
3945,3946,尹建伟,2018,浙江大学,依托单位,I76130692,Zhejiang University,exact,86971.77,https://ror.org/00a2xv884
3946,3947,唐杰,2018,清华大学,依托单位,I99065089,Tsinghua University,exact,117751.195,https://ror.org/03cve4549
3947,3948,徐恪,2018,清华大学,依托单位,I99065089,Tsinghua University,exact,117751.195,https://ror.org/03cve4549
3948,3949,廖小飞,2018,华中科技大学,依托单位,I47720641,Huazhong University of Science and Technology,exact,83397.086,https://ror.org/00p991c53
3949,3950,田永鸿,2018,北京大学,依托单位,I20231570,Peking University,exact,77618.14,https://ror.org/02v51f717
3950,3951,陈岐岱,2018,吉林大学,依托单位,I194450716,Jilin University,exact,67529.51,https://ror.org/00js3aw79
3951,3952,冯晶,2018,吉林大学,依托单位,I194450716,Jilin University,exact,67529.51,https://ror.org/00js3aw79
3952,3953,赵强,2018,南京邮电大学,依托单位,I41198531,Nanjing University of Posts and Telecommunications,exact,27232.783,https://ror.org/043bpky34
3953,3954,邢孟道,2018,西安电子科技大学,依托单位,I149594827,Xidian University,exact,38626.223,https://ror.org/05s92vm98
3954,3955,王密,2018,武汉大学,依托单位,I37461747,Wuhan University,exact,84484.22,https://ror.org/033vjfk17
3955,3956,朱涛,2018,重庆大学,依托单位,I158842170,Chongqing University,exact,48851.953,https://ror.org/023rhb549
3956,3957,潘力佳,2018,南京大学,依托单位,I881766915,Nanjing University,exact,62417.22,https://ror.org/01rxvg760
3957,3958,何斌,2018,同济大学,依托单位,I116953780,Tongji University,exact,50689.016,https://ror.org/03rc6as71
3958,3959,李赞,2018,西安电子科技大学,依托单位,I149594827,Xidian University,exact,38626.223,https://ror.org/05s92vm98
3959,3960,周明辉,2018,北京大学,依托单位,I20231570,Peking University,exact,77618.14,https://ror.org/02v51f717
3960,3961,杨林,2018,中国科学院半导体研究所,依托单位,I4210149211,Institute of Semiconductors,exact,44368.86,https://ror.org/048dd0611
3961,3962,林媛,2018,电子科技大学,依托单位,I150229711,University of Electronic Science and Technology of China,exact,50616.445,https://ror.org/04qr3zq92
3962,3963,翁健,2018,暨南大学,依托单位,I159948400,Jinan University,exact,46141.92,https://ror.org/02xe5ns62
3963,3964,刘青山,2018,南京信息工程大学,依托单位,I200845125,Nanjing University of Information Science and Technology,exact,36389.973,https://ror.org/02y0rxk19
3964,3965,华长春,2018,燕山大学,依托单位,I39333907,Yanshan University,exact,27737.867,https://ror.org/02txfnf15
3965,3966,陈谋,2018,南京航空航天大学,依托单位,I9842412,Nanjing University of Aeronautics and Astronautics,exact,50219.07,https://ror.org/01scyh794
3966,3967,姜海峰,2018,中国科学院国家授时中心,依托单位,I4210093645,National Time Service Center,exact,7818.2344,https://ror.org/00655qp86
3967,3968,付俊,2018,东北大学,依托单位,I9224756,Northeastern University,exact,34939.227,https://ror.org/03awzbc87
3968,3969,袁媛,2018,中国科学院西安光学精密机械研究所,依托单位,I4210144662,Xi'an Institute of Optics and Precision Mechanics,exact,20894.521,https://ror.org/0444j5556
3969,3970,刘琦,2018,中国科学院微电子研究所,依托单位,I4210119392,Institute of Microelectronics,exact,38434.207,https://ror.org/02s6gs133
3970,3971,王宇,2018,中国科学院电子学研究所,依托单位,I4210110458,Institute of Electronics,exact,18670.95,https://ror.org/01z143507
3971,3972,王军波,2018,中国科学院电子学研究所,依托单位,I4210110458,Institute of Electronics,exact,18670.95,https://ror.org/01z143507
3972,3973,田轩,2018,清华大学,依托单位,I99065089,Tsinghua University,exact,117751.195,https://ror.org/03cve4549
3973,3974,何斯迈,2018,上海财经大学,依托单位,I181679659,Shanghai University of Finance and Economics,exact,11312.442,https://ror.org/00wtvfq62
3974,3975,张炳,2018,南京大学,依托单位,I881766915,Nanjing University,exact,62417.22,https://ror.org/01rxvg760
3975,3976,温宗国,2018,清华大学,依托单位,I99065089,Tsinghua University,exact,117751.195,https://ror.org/03cve4549
3976,3977,杨立兴,2018,北京交通大学,依托单位,I21193070,Beijing Jiaotong University,exact,36584.664,https://ror.org/01yj56c84
3977,3978,梁哲,2018,同济大学,依托单位,I116953780,Tongji University,exact,50689.016,https://ror.org/03rc6as71
3978,3979,吴德胜,2018,中国科学院大学,依托单位,I4210165038,University of Chinese Academy of Sciences,exact,106045.85,https://ror.org/05qbk4x57
3979,3980,郑俊克,2018,上海交通大学,依托单位,I183067930,Shanghai Jiao Tong University,exact,99965.625,https://ror.org/0220qvk04
3980,3981,刘万里,2018,清华大学,依托单位,I99065089,Tsinghua University,exact,117751.195,https://ror.org/03cve4549
3981,3982,刘翠华,2018,中国科学院微生物研究所,依托单位,I4210134982,Institute of Microbiology,exact,51266.72,https://ror.org/047yhep71
3982,3983,高召兵,2018,中国科学院上海药物研究所,依托单位,I4210112820,Shanghai Institute of Materia Medica,exact,49811.605,https://ror.org/022syn853
3983,3984,孙金鹏,2018,山东大学,依托单位,I154099455,Shandong University,exact,60373.523,https://ror.org/0207yh398
3984,3985,常永生,2018,天津医科大学,依托单位,I5740404,Tianjin Medical University,exact,31967.438,https://ror.org/02mh8wx89
3985,3986,刘喆,2018,天津医科大学,依托单位,I5740404,Tianjin Medical University,exact,31967.438,https://ror.org/02mh8wx89
3986,3987,齐炼文,2018,中国药科大学,依托单位,I161716053,China Pharmaceutical University,exact,41004.957,https://ror.org/01sfm2718
3987,3988,陈明周,2018,武汉大学,依托单位,I37461747,Wuhan University,exact,84484.22,https://ror.org/033vjfk17
3988,3989,林天歆,2018,中山大学,依托单位,I157773358,Sun Yat-sen University,exact,72368.62,https://ror.org/0064kty71
3989,3990,娄昕,2018,中国人民解放军总医院,依托单位,I2802939634,Chinese PLA General Hospital,exact,55320.848,https://ror.org/04gw3ra78
3990,3991,秦骏,2018,中国科学院上海生命科学研究院,依托单位,I4210106477,Shanghai Institutes for Biological Sciences,exact,56299.793,https://ror.org/011rf9d86
3991,3992,岳伟华,2018,北京大学,依托单位,I20231570,Peking University,exact,77618.14,https://ror.org/02v51f717
3992,3993,王红艳,2018,中国科学院上海生命科学研究院,依托单位,I4210106477,Shanghai Institutes for Biological Sciences,exact,56299.793,https://ror.org/011rf9d86
3993,3994,李洪林,2018,华东理工大学,依托单位,I143593769,East China University of Science and Technology,exact,41751.324,https://ror.org/01vyrm377
3994,3995,焦建伟,2018,中国科学院动物研究所,依托单位,I4210167311,Institute of Zoology,exact,34200.504,https://ror.org/05skxkv18
3995,3996,王伊龙,2018,首都医科大学,依托单位,I183519381,Capital Medical University,exact,70254.805,https://ror.org/013xs5b60
3996,3997,匡铭,2018,中山大学,依托单位,I157773358,Sun Yat-sen University,exact,72368.62,https://ror.org/0064kty71
3997,3998,刘存志,2018,北京中医药大学,依托单位,I17747738,Beijing University of Chinese Medicine,exact,27916.79,https://ror.org/05damtm70
3998,3999,刘玮,2018,中国人民解放军军事科学院军事医学研究院,依托单位,,,none,,
3999,4000,蔡军,2018,中国医学科学院阜外医院,依托单位,I4210161896,Fu Wai Hospital,weak,11626.854,https://ror.org/0590dnz19
4000,4001,叶玲,2018,四川大学,依托单位,I24185976,Sichuan University,exact,75979.734,https://ror.org/011ashp19
4001,4002,唐熠达,2018,中国医学科学院阜外医院,依托单位,I4210161896,Fu Wai Hospital,weak,11626.854,https://ror.org/0590dnz19
4002,4003,郝峻巍,2018,天津医科大学,依托单位,I5740404,Tianjin Medical University,exact,31967.438,https://ror.org/02mh8wx89
4003,4004,陆帅,2019,复旦大学,研究领域,I24943067,Fudan University,exact,92511.14,https://ror.org/013q1eq08
4004,4005,袁军华,2019,中国科学技术大学,研究领域,I126520041,University of Science and Technology of China,exact,105356.01,https://ror.org/04c4dkn09
4005,4006,林伟,2019,复旦大学,研究领域,I24943067,Fudan University,exact,92511.14,https://ror.org/013q1eq08
4006,4007,方德清,2019,复旦大学,研究领域,I24943067,Fudan University,exact,92511.14,https://ror.org/013q1eq08
4007,4008,王记增,2019,兰州大学,研究领域,I76214153,Lanzhou University,exact,55239.18,https://ror.org/01mkqqe32
4008,4009,顾为民,2019,厦门大学,研究领域,I191208505,Xiamen University,exact,63183.082,https://ror.org/00mcjh785
4009,4010,向导,2019,上海交通大学,研究领域,I183067930,Shanghai Jiao Tong University,exact,99965.625,https://ror.org/0220qvk04
4010,4011,李婧,2019,中国科学院紫金山天文台,研究领域,I2802340896,Purple Mountain Observatory,exact,19069.03,https://ror.org/02eb4t121
4011,4012,邵成刚,2019,华中科技大学,研究领域,I47720641,Huazhong University of Science and Technology,exact,83397.086,https://ror.org/00p991c53
4012,4013,卢海舟,2019,南方科技大学,研究领域,I3045169105,Southern University of Science and Technology,exact,31445.506,https://ror.org/049tv2d57
4013,4014,刘毅,2019,北京大学,研究领域,I20231570,Peking University,exact,77618.14,https://ror.org/02v51f717
4014,4015,杨振伟,2019,清华大学,研究领域,I99065089,Tsinghua University,exact,117751.195,https://ror.org/03cve4549
4015,4016,杨越,2019,北京大学,研究领域,I20231570,Peking University,exact,77618.14,https://ror.org/02v51f717
4016,4017,田矗舜,2019,中国科学院理论物理研究所,研究领域,I4210125404,Institute of Theoretical Physics,exact,35358.984,https://ror.org/02xtbq882
4017,4018,邹长亮,2019,南开大学,研究领域,I205237279,Nankai University,exact,54575.492,https://ror.org/01y1kjr75
4018,4019,孙明波,2019,中国人民解放军国防科技大学,研究领域,I170215575,National University of Defense Technology,weak,24259.445,https://ror.org/05d2yfz11
4019,4020,吕朝锋,2019,浙江大学,研究领域,I76130692,Zhejiang University,exact,86971.77,https://ror.org/00a2xv884
4020,4021,何峰,2019,上海交通大学,研究领域,I183067930,Shanghai Jiao Tong University,exact,99965.625,https://ror.org/0220qvk04
4021,4022,王春朋,2019,吉林大学,研究领域,I194450716,Jilin University,exact,67529.51,https://ror.org/00js3aw79
4022,4023,刘睿,2019,中国科学技术大学,研究领域,I126520041,University of Science and Technology of China,exact,105356.01,https://ror.org/04c4dkn09
4023,4024,孙麓岩,2019,清华大学,研究领域,I99065089,Tsinghua University,exact,117751.195,https://ror.org/03cve4549
4024,4025,陈树琪,2019,南开大学,研究领域,I205237279,Nankai University,exact,54575.492,https://ror.org/01y1kjr75
4025,4026,姚小虎,2019,华南理工大学,研究领域,I90610280,South China University of Technology,exact,65632.69,https://ror.org/0530pts50
4026,4027,翁红明,2019,中国科学院物理研究所,研究领域,I4210159876,Institute of Physics,exact,48215.63,https://ror.org/05cvf7v30
4027,4028,王正汹,2019,大连理工大学,研究领域,I27357992,Dalian University of Technology,exact,64610.99,https://ror.org/023hj5876
4028,4029,王立峰,2019,南京航空航天大学,研究领域,I9842412,Nanjing University of Aeronautics and Astronautics,exact,50219.07,https://ror.org/01scyh794
4029,4030,潘兵,2019,北京航空航天大学,研究领域,I82880672,Beihang University,exact,82779.67,https://ror.org/00wk2mp56
4030,4031,骆军委,2019,中国科学院半导体研究所,研究领域,I4210149211,Institute of Semiconductors,exact,44368.86,https://ror.org/048dd0611
4031,4032,贾宇,2019,中国科学院高能物理研究所,研究领域,I4210137180,Institute of High Energy Physics,exact,107211.8,https://ror.org/03v8tnc06
4032,4033,李婵颖,2019,中国科学院数学与系统科学研究院,研究领域,I4210120485,Academy of Mathematics and Systems Science,exact,29545.18,https://ror.org/02jkmyk67
4033,4034,武海斌,2019,华东师范大学,研究领域,I66867065,East China Normal University,exact,47665.625,https://ror.org/02n96ep67
4034,4035,闫振亚,2019,中国科学院数学与系统科学研究院,研究领域,I4210120485,Academy of Mathematics and Systems Science,exact,29545.18,https://ror.org/02jkmyk67
4035,4036,李整林,2019,中国科学院声学研究所,研究领域,I4210099069,Institute of Acoustics,exact,19040.988,https://ror.org/00v8rqv75
4036,4037,刘劲松,2019,中国科学院数学与系统科学研究院,研究领域,I4210120485,Academy of Mathematics and Systems Science,exact,29545.18,https://ror.org/02jkmyk67
4037,4038,柳振鑫,2019,大连理工大学,研究领域,I27357992,Dalian University of Technology,exact,64610.99,https://ror.org/023hj5876
4038,4039,张本威,2019,华中师范大学,研究领域,I40963666,Central China Normal University,exact,42120.21,https://ror.org/03x1jna21
4039,4040,赵公博,2019,中国科学院国家天文台,研究领域,I4210164580,National Astronomical Observatories,exact,34911.63,https://ror.org/058pyyv44
4040,4041,章福祥,2019,中国科学院大连化学物理研究所,研究领域,I180585399,Dalian Institute of Chemical Physics,exact,65201.16,https://ror.org/00prkya54
4041,4042,王琳,2019,复旦大学,研究领域,I24943067,Fudan University,exact,92511.14,https://ror.org/013q1eq08
4042,4043,李卫华,2019,复旦大学,研究领域,I24943067,Fudan University,exact,92511.14,https://ror.org/013q1eq08
4043,4044,张文彬,2019,北京大学,研究领域,I20231570,Peking University,exact,77618.14,https://ror.org/02v51f717
4044,4045,王初,2019,北京大学,研究领域,I20231570,Peking University,exact,77618.14,https://ror.org/02v51f717
4045,4046,陈晨,2019,清华大学,研究领域,I99065089,Tsinghua University,exact,117751.195,https://ror.org/03cve4549
4046,4047,朱听,2019,清华大学,研究领域,I99065089,Tsinghua University,exact,117751.195,https://ror.org/03cve4549
4047,4048,张正彪,2019,苏州大学,研究领域,I3923682,Soochow University,exact,55506.996,https://ror.org/05t8y2r12
4048,4049,汤平平,2019,南开大学,研究领域,I205237279,Nankai University,exact,54575.492,https://ror.org/01y1kjr75
4049,4050,车延科,2019,中国科学院化学研究所,研究领域,I4210155088,Institute of Chemistry,exact,61771.133,https://ror.org/048y1rc66
4050,4051,史炳锋,2019,浙江大学,研究领域,I76130692,Zhejiang University,exact,86971.77,https://ror.org/00a2xv884
4051,4052,赵华章,2019,北京大学,研究领域,I20231570,Peking University,exact,77618.14,https://ror.org/02v51f717
4052,4053,赵达慧,2019,北京大学,研究领域,I20231570,Peking University,exact,77618.14,https://ror.org/02v51f717
4053,4054,叶树集,2019,中国科学技术大学,研究领域,I126520041,University of Science and Technology of China,exact,105356.01,https://ror.org/04c4dkn09
4054,4055,王伟,2019,南京大学,研究领域,I881766915,Nanjing University,exact,62417.22,https://ror.org/01rxvg760
4055,4056,贾彦兴,2019,北京大学,研究领域,I20231570,Peking University,exact,77618.14,https://ror.org/02v51f717
4056,4057,吴长征,2019,中国科学技术大学,研究领域,I126520041,University of Science and Technology of China,exact,105356.01,https://ror.org/04c4dkn09
4057,4058,卢兴,2019,华中科技大学,研究领域,I47720641,Huazhong University of Science and Technology,exact,83397.086,https://ror.org/00p991c53
4058,4059,李先锋,2019,中国科学院大连化学物理研究所,研究领域,I180585399,Dalian Institute of Chemical Physics,exact,65201.16,https://ror.org/00prkya54
4059,4060,王铁,2019,中国科学院化学研究所,研究领域,I4210155088,Institute of Chemistry,exact,61771.133,https://ror.org/048y1rc66
4060,4061,栾新军,2019,西北大学,研究领域,I37802460,Northwest University,exact,25357.496,https://ror.org/00z3td547
4061,4062,曾杰,2019,中国科学技术大学,研究领域,I126520041,University of Science and Technology of China,exact,105356.01,https://ror.org/04c4dkn09
4062,4063,黄汉民,2019,中国科学技术大学,研究领域,I126520041,University of Science and Technology of China,exact,105356.01,https://ror.org/04c4dkn09
4063,4064,焦丽颖,2019,清华大学,研究领域,I99065089,Tsinghua University,exact,117751.195,https://ror.org/03cve4549
4064,4065,李剑锋,2019,厦门大学,研究领域,I191208505,Xiamen University,exact,63183.082,https://ror.org/00mcjh785
4065,4066,钟羽武,2019,中国科学院化学研究所,研究领域,I4210155088,Institute of Chemistry,exact,61771.133,https://ror.org/048y1rc66
4066,4067,程方益,2019,南开大学,研究领域,I205237279,Nankai University,exact,54575.492,https://ror.org/01y1kjr75
4067,4068,匡华,2019,江南大学,研究领域,I111599522,Jiangnan University,exact,32182.512,https://ror.org/04mkzax54
4068,4069,葛子义,2019,中国科学院宁波材料技术与工程研究所,研究领域,I4210165339,Ningbo Institute of Industrial Technology,exact,57935.277,https://ror.org/05nqg3g04
4069,4070,江智勇,2019,河南师范大学,研究领域,I75955062,Henan Normal University,exact,33488.344,https://ror.org/00s13br28
4070,4071,徐维林,2019,中国科学院长春应用化学研究所,研究领域,I4210092888,Changchun Institute of Applied Chemistry,exact,82828.11,https://ror.org/00h52n341
4071,4072,袁荃,2019,湖南大学,研究领域,I16609230,Hunan University,exact,52153.906,https://ror.org/05htk5m33
4072,4073,杜建忠,2019,同济大学,研究领域,I116953780,Tongji University,exact,50689.016,https://ror.org/03rc6as71
4073,4074,刘波,2019,四川大学,研究领域,I24185976,Sichuan University,exact,75979.734,https://ror.org/011ashp19
4074,4075,游雨蒙,2019,东南大学,研究领域,I76569877,Southeast University,exact,48708.32,https://ror.org/04ct4d772
4075,4076,伍志鲲,2019,中国科学院合肥物质科学研究院,研究领域,I2802624667,Hefei Institutes of Physical Science,exact,31531.92,https://ror.org/046n57345
4076,4077,黄延强,2019,中国科学院大连化学物理研究所,研究领域,I180585399,Dalian Institute of Chemical Physics,exact,65201.16,https://ror.org/00prkya54
4077,4078,石峰,2019,中国科学院兰州化学物理研究所,研究领域,I4210089297,Lanzhou Institute of Chemical Physics,exact,51940.324,https://ror.org/007ffzr57
4078,4079,石伟群,2019,中国科学院高能物理研究所,研究领域,I4210137180,Institute of High Energy Physics,exact,107211.8,https://ror.org/03v8tnc06
4079,4080,潘丙才,2019,南京大学,研究领域,I881766915,Nanjing University,exact,62417.22,https://ror.org/01rxvg760
4080,4081,杨宁,2019,中国科学院过程工程研究所,研究领域,I4210133325,Institute of Process Engineering,exact,42207.16,https://ror.org/03j4x9j18
4081,4082,樊江莉,2019,大连理工大学,研究领域,I27357992,Dalian University of Technology,exact,64610.99,https://ror.org/023hj5876
4082,4083,刘培念,2019,华东理工大学,研究领域,I143593769,East China University of Science and Technology,exact,41751.324,https://ror.org/01vyrm377
4083,4084,李从刚,2019,中国科学院武汉物理与数学研究所,研究领域,I4210099135,Wuhan Institute of Physics and Mathematics,exact,30681.508,https://ror.org/00zky9d41
4084,4085,杨恒权,2019,山西大学,研究领域,I181877577,Shanxi University,exact,20819.03,https://ror.org/03y3e3s17
4085,4086,蓝斐,2019,复旦大学,研究领域,I24943067,Fudan University,exact,92511.14,https://ror.org/013q1eq08
4086,4087,蔡时青,2019,中国科学院上海生命科学研究院,研究领域,I4210106477,Shanghai Institutes for Biological Sciences,exact,56299.793,https://ror.org/011rf9d86
4087,4088,于黎,2019,云南大学,研究领域,I189210763,Yunnan University,exact,21871.463,https://ror.org/0040axw97
4088,4089,向烨,2019,清华大学,研究领域,I99065089,Tsinghua University,exact,117751.195,https://ror.org/03cve4549
4089,4090,秦国政,2019,中国科学院植物研究所,研究领域,I4210158097,Institute of Botany,exact,42323.688,https://ror.org/05hr3ch11
4090,4091,沈晓骅,2019,清华大学,研究领域,I99065089,Tsinghua University,exact,117751.195,https://ror.org/03cve4549
4091,4092,毕彦超,2019,北京师范大学,研究领域,I25254941,Beijing Normal University,exact,57501.61,https://ror.org/022k4wk35
4092,4093,王晓伟,2019,浙江大学,研究领域,I76130692,Zhejiang University,exact,86971.77,https://ror.org/00a2xv884
4093,4094,晏向华,2019,华中农业大学,研究领域,I204823248,Huazhong Agricultural University,exact,62343.33,https://ror.org/023b72294
4094,4095,王应祥,2019,复旦大学,研究领域,I24943067,Fudan University,exact,92511.14,https://ror.org/013q1eq08
4095,4096,张龙,2019,浙江大学,研究领域,I76130692,Zhejiang University,exact,86971.77,https://ror.org/00a2xv884
4096,4097,巫永睿,2019,中国科学院上海生命科学研究院,研究领域,I4210106477,Shanghai Institutes for Biological Sciences,exact,56299.793,https://ror.org/011rf9d86
4097,4098,姜长涛,2019,北京大学,研究领域,I20231570,Peking University,exact,77618.14,https://ror.org/02v51f717
4098,4099,储诚进,2019,中山大学,研究领域,I157773358,Sun Yat-sen University,exact,72368.62,https://ror.org/0064kty71
4099,4100,杨力,2019,中国科学院上海生命科学研究院,研究领域,I4210106477,Shanghai Institutes for Biological Sciences,exact,56299.793,https://ror.org/011rf9d86
4100,4101,杨辉,2019,中国科学院上海生命科学研究院,研究领域,I4210106477,Shanghai Institutes for Biological Sciences,exact,56299.793,https://ror.org/011rf9d86
4101,4102,潘巍峻,2019,中国科学院上海生命科学研究院,研究领域,I4210106477,Shanghai Institutes for Biological Sciences,exact,56299.793,https://ror.org/011rf9d86
4102,4103,谌小维,2019,中国人民解放军第三军医大学,研究领域,I151075929,Army Medical University,exact,85157.16,https://ror.org/05w21nn13
4103,4104,徐强,2019,华中农业大学,研究领域,I204823248,Huazhong Agricultural University,exact,62343.33,https://ror.org/023b72294
4104,4105,于海鹏,2019,东北林业大学,研究领域,I47689461,Northeast Forestry University,exact,28653.287,https://ror.org/02yxnh564
4105,4106,谭安江,2019,中国科学院上海生命科学研究院,研究领域,I4210106477,Shanghai Institutes for Biological Sciences,exact,56299.793,https://ror.org/011rf9d86
4106,4107,谭明乾,2019,大连工业大学,研究领域,I88372448,Dalian Polytechnic University,exact,23211.268,https://ror.org/00c7x4a95
4107,4108,曹鹏,2019,北京生命科学研究所,研究领域,I4210086405,"National Institute of Biological Sciences, Beijing",exact,27236.115,https://ror.org/00wksha49
4108,4109,陶小荣,2019,南京农业大学,研究领域,I119454577,Nanjing Agricultural University,exact,55386.867,https://ror.org/05td3s095
4109,4110,柳振峰,2019,中国科学院生物物理研究所,研究领域,I4210112540,Institute of Biophysics,exact,43632.348,https://ror.org/01tyv8576
4110,4111,郭亚龙,2019,中国科学院植物研究所,研究领域,I4210158097,Institute of Botany,exact,42323.688,https://ror.org/05hr3ch11
4111,4112,孙飞,2019,中国科学院生物物理研究所,研究领域,I4210112540,Institute of Biophysics,exact,43632.348,https://ror.org/01tyv8576
4112,4113,朱作峰,2019,中国农业大学,研究领域,I52158045,China Agricultural University,exact,58946.74,https://ror.org/04v3ywz14
4113,4114,程红,2019,中国科学院上海生命科学研究院,研究领域,I4210106477,Shanghai Institutes for Biological Sciences,exact,56299.793,https://ror.org/011rf9d86
4114,4115,杨琛,2019,中国科学院上海生命科学研究院,研究领域,I4210106477,Shanghai Institutes for Biological Sciences,exact,56299.793,https://ror.org/011rf9d86
4115,4116,赵建国,2019,中国科学院动物研究所,研究领域,I4210167311,Institute of Zoology,exact,34200.504,https://ror.org/05skxkv18
4116,4117,崔宗强,2019,中国科学院武汉病毒研究所,研究领域,I4210106882,Wuhan Institute of Virology,exact,41861.137,https://ror.org/01jxjav08
4117,4118,姚红杰,2019,中国科学院广州生物医药与健康研究院,研究领域,I2802148028,Guangzhou Institutes of Biomedicine and Health,exact,24930.055,https://ror.org/02c31t502
4118,4119,陈实,2019,武汉大学,研究领域,I37461747,Wuhan University,exact,84484.22,https://ror.org/033vjfk17
4119,4120,刘颖,2019,北京大学,研究领域,I20231570,Peking University,exact,77618.14,https://ror.org/02v51f717
4120,4121,李毓龙,2019,北京大学,研究领域,I20231570,Peking University,exact,77618.14,https://ror.org/02v51f717
4121,4122,孔照胜,2019,中国科学院微生物研究所,研究领域,I4210134982,Institute of Microbiology,exact,51266.72,https://ror.org/047yhep71
4122,4123,周志刚,2019,中国农业科学院饲料研究所,研究领域,I4210149219,Feed Research Institute,exact,23435.096,https://ror.org/0490rfk07
4123,4124,程昊,2019,同济大学,研究领域,I116953780,Tongji University,exact,50689.016,https://ror.org/03rc6as71
4124,4125,袁文平,2019,中山大学,研究领域,I157773358,Sun Yat-sen University,exact,72368.62,https://ror.org/0064kty71
4125,4126,吴忠庆,2019,中国科学技术大学,研究领域,I126520041,University of Science and Technology of China,exact,105356.01,https://ror.org/04c4dkn09
4126,4127,赵鹏军,2019,北京大学,研究领域,I20231570,Peking University,exact,77618.14,https://ror.org/02v51f717
4127,4128,袁志刚,2019,武汉大学,研究领域,I37461747,Wuhan University,exact,84484.22,https://ror.org/033vjfk17
4128,4129,吴怀春,2019,中国地质大学(北京),研究领域,I3125743391,China University of Geosciences (Beijing),exact,38915.188,https://ror.org/04q6c7p66
4129,4130,赵传峰,2019,北京师范大学,研究领域,I25254941,Beijing Normal University,exact,57501.61,https://ror.org/022k4wk35
4130,4131,周顺桂,2019,福建农林大学,研究领域,I61057504,Fujian Agriculture and Forestry University,exact,36732.32,https://ror.org/04kx2sy84
4131,4132,张立强,2019,北京师范大学,研究领域,I25254941,Beijing Normal University,exact,57501.61,https://ror.org/022k4wk35
4132,4133,李思亮,2019,天津大学,研究领域,I162868743,Tianjin University,exact,61022.258,https://ror.org/012tb2g32
4133,4134,袁增伟,2019,南京大学,研究领域,I881766915,Nanjing University,exact,62417.22,https://ror.org/01rxvg760
4134,4135,王爱慧,2019,中国科学院大气物理研究所,研究领域,I4210152758,Institute of Atmospheric Physics,exact,35263.035,https://ror.org/0424h4e32
4135,4136,程晓,2019,北京师范大学,研究领域,I25254941,Beijing Normal University,exact,57501.61,https://ror.org/022k4wk35
4136,4137,唐朝生,2019,南京大学,研究领域,I881766915,Nanjing University,exact,62417.22,https://ror.org/01rxvg760
4137,4138,汪名怀,2019,南京大学,研究领域,I881766915,Nanjing University,exact,62417.22,https://ror.org/01rxvg760
4138,4139,史大林,2019,厦门大学,研究领域,I191208505,Xiamen University,exact,63183.082,https://ror.org/00mcjh785
4139,4140,高彦征,2019,南京农业大学,研究领域,I119454577,Nanjing Agricultural University,exact,55386.867,https://ror.org/05td3s095
4140,4141,王鑫,2019,中国科学院南海海洋研究所,研究领域,I4210103685,South China Sea Institute Of Oceanology,exact,28760.244,https://ror.org/0192yj155
4141,4142,黄迪颖,2019,中国科学院南京地质古生物研究所,研究领域,I4210103797,Nanjing Institute of Geology and Paleontology,exact,22973.246,https://ror.org/019av8481
4142,4143,王林,2019,中国科学院大气物理研究所,研究领域,I4210152758,Institute of Atmospheric Physics,exact,35263.035,https://ror.org/0424h4e32
4143,4144,田辉,2019,中国科学院广州地球化学研究所,研究领域,I3018690959,Guangzhou Institute of Geochemistry,exact,46284.484,https://ror.org/0356cst02
4144,4145,王力哲,2019,中国地质大学(武汉),研究领域,I3124059619,China University of Geosciences,override,,
4145,4146,王小萍,2019,中国科学院青藏高原研究所,研究领域,I4210141476,Institute of Tibetan Plateau Research,exact,35735.152,https://ror.org/03zn6c508
4146,4147,林霄沛,2019,中国海洋大学,研究领域,I59028903,Ocean University of China,exact,39370.42,https://ror.org/04rdtx186
4147,4148,付巧妹,2019,中国科学院古脊椎动物与古人类研究所,研究领域,I4210086287,Institute of Vertebrate Paleontology and Paleoanthropology,exact,26793.828,https://ror.org/0000pmw59
4148,4149,李正强,2019,中国科学院遥感与数字地球研究所,研究领域,,,none,,
4149,4150,郑华,2019,中国科学院生态环境研究中心,研究领域,I4210144289,Research Center for Eco-Environmental Sciences,exact,59822.87,https://ror.org/03rpsvy57
4150,4151,赵晓丽,2019,中国环境科学研究院,研究领域,I4210156332,Chinese Research Academy of Environmental Sciences,exact,26948.99,https://ror.org/05t8xvx87
4151,4152,李志伟,2019,中南大学,研究领域,I139660479,Central South University,exact,66159.63,https://ror.org/00f1zfq44
4152,4153,陈晓清,2019,中国科学院、水利部成都山地灾害与环境研究所,研究领域,I4210124748,Institute of Mountain Hazards and Environment,weak,31044.77,https://ror.org/02z0nsb22
4153,4154,谢桂青,2019,中国地质科学院矿产资源研究所,研究领域,,,none,,
4154,4155,黄汝锦,2019,中国科学院地球环境研究所,研究领域,I4210159790,Institute of Earth Environment,exact,27424.857,https://ror.org/04nps9965
4155,4156,李峰,2019,吉林大学,研究领域,I194450716,Jilin University,exact,67529.51,https://ror.org/00js3aw79
4156,4157,张广清,2019,中国石油大学(北京),研究领域,I4210162190,"China University of Petroleum, East China",exact,37922.176,https://ror.org/05gbn2817
4157,4158,龚政,2019,河海大学,研究领域,I163340411,Hohai University,exact,30510.945,https://ror.org/01wd4xt90
4158,4159,吴丁财,2019,中山大学,研究领域,I157773358,Sun Yat-sen University,exact,72368.62,https://ror.org/0064kty71
4159,4160,赵宏伟,2019,吉林大学,研究领域,I194450716,Jilin University,exact,67529.51,https://ror.org/00js3aw79
4160,4161,谢小荣,2019,清华大学,研究领域,I99065089,Tsinghua University,exact,117751.195,https://ror.org/03cve4549
4161,4162,李武华,2019,浙江大学,研究领域,I76130692,Zhejiang University,exact,86971.77,https://ror.org/00a2xv884
4162,4163,李建树,2019,四川大学,研究领域,I24185976,Sichuan University,exact,75979.734,https://ror.org/011ashp19
4163,4164,罗坤,2019,浙江大学,研究领域,I76130692,Zhejiang University,exact,86971.77,https://ror.org/00a2xv884
4164,4165,张弛,2019,大连理工大学,研究领域,I27357992,Dalian University of Technology,exact,64610.99,https://ror.org/023hj5876
4165,4166,张艳锋,2019,北京大学,研究领域,I20231570,Peking University,exact,77618.14,https://ror.org/02v51f717
4166,4167,王健君,2019,中国科学院化学研究所,研究领域,I4210155088,Institute of Chemistry,exact,61771.133,https://ror.org/048y1rc66
4167,4168,孙卫玲,2019,北京大学,研究领域,I20231570,Peking University,exact,77618.14,https://ror.org/02v51f717
4168,4169,王刚,2019,上海大学,研究领域,I113940042,Shanghai University,exact,33911.445,https://ror.org/006teas31
4169,4170,吴水林,2019,天津大学,研究领域,I162868743,Tianjin University,exact,61022.258,https://ror.org/012tb2g32
4170,4171,汪怀远,2019,天津大学,研究领域,I162868743,Tianjin University,exact,61022.258,https://ror.org/012tb2g32
4171,4172,余彦,2019,中国科学技术大学,研究领域,I126520041,University of Science and Technology of China,exact,105356.01,https://ror.org/04c4dkn09
4172,4173,王发洲,2019,武汉理工大学,研究领域,I196699116,Wuhan University of Technology,exact,61446.0,https://ror.org/03fe7t173
4173,4174,张晨辉,2019,清华大学,研究领域,I99065089,Tsinghua University,exact,117751.195,https://ror.org/03cve4549
4174,4175,鄢俊敏,2019,吉林大学,研究领域,I194450716,Jilin University,exact,67529.51,https://ror.org/00js3aw79
4175,4176,崔宏志,2019,深圳大学,研究领域,I180726961,Shenzhen University,exact,49207.62,https://ror.org/01vy4gh70
4176,4177,朱嘉,2019,南京大学,研究领域,I881766915,Nanjing University,exact,62417.22,https://ror.org/01rxvg760
4177,4178,郭志光,2019,中国科学院兰州化学物理研究所,研究领域,I4210089297,Lanzhou Institute of Chemical Physics,exact,51940.324,https://ror.org/007ffzr57
4178,4179,傅继阳,2019,广州大学,研究领域,I37987034,Guangzhou University,exact,21707.389,https://ror.org/05ar8rn06
4179,4180,杨上峰,2019,中国科学技术大学,研究领域,I126520041,University of Science and Technology of China,exact,105356.01,https://ror.org/04c4dkn09
4180,4181,陈蓉,2019,重庆大学,研究领域,I158842170,Chongqing University,exact,48851.953,https://ror.org/023rhb549
4181,4182,黄永安,2019,华中科技大学,研究领域,I47720641,Huazhong University of Science and Technology,exact,83397.086,https://ror.org/00p991c53
4182,4183,刘广义,2019,中南大学,研究领域,I139660479,Central South University,exact,66159.63,https://ror.org/00f1zfq44
4183,4184,陈益峰,2019,武汉大学,研究领域,I37461747,Wuhan University,exact,84484.22,https://ror.org/033vjfk17
4184,4185,丁彬,2019,东华大学,研究领域,I181326427,Donghua University,exact,28040.521,https://ror.org/035psfh38
4185,4186,刘新华,2019,北京科技大学,研究领域,I92403157,University of Science and Technology Beijing,exact,39476.645,https://ror.org/02egmk993
4186,4187,赵立东,2019,北京航空航天大学,研究领域,I82880672,Beihang University,exact,82779.67,https://ror.org/00wk2mp56
4187,4188,张建,2019,山东大学,研究领域,I154099455,Shandong University,exact,60373.523,https://ror.org/0207yh398
4188,4189,王志伟,2019,同济大学,研究领域,I116953780,Tongji University,exact,50689.016,https://ror.org/03rc6as71
4189,4190,温斌,2019,燕山大学,研究领域,I39333907,Yanshan University,exact,27737.867,https://ror.org/02txfnf15
4190,4191,吕友军,2019,西安交通大学,研究领域,I87445476,Xi'an Jiaotong University,exact,70856.3,https://ror.org/017zhmm22
4191,4192,董必钦,2019,深圳大学,研究领域,I180726961,Shenzhen University,exact,49207.62,https://ror.org/01vy4gh70
4192,4193,韩邦成,2019,北京航空航天大学,研究领域,I82880672,Beihang University,exact,82779.67,https://ror.org/00wk2mp56
4193,4194,訾斌,2019,合肥工业大学,研究领域,I16365422,Hefei University of Technology,exact,43336.164,https://ror.org/02czkny70
4194,4195,张瑜,2019,北京航空航天大学,研究领域,I82880672,Beihang University,exact,82779.67,https://ror.org/00wk2mp56
4195,4196,刘攀,2019,东南大学,研究领域,I76569877,Southeast University,exact,48708.32,https://ror.org/04ct4d772
4196,4197,邵涛,2019,中国科学院电工研究所,研究领域,I4210128819,Institute of Electrical Engineering,exact,21280.154,https://ror.org/033js6g46
4197,4198,李迎光,2019,南京航空航天大学,研究领域,I9842412,Nanjing University of Aeronautics and Astronautics,exact,50219.07,https://ror.org/01scyh794
4198,4199,田华雨,2019,中国科学院长春应用化学研究所,研究领域,I4210092888,Changchun Institute of Applied Chemistry,exact,82828.11,https://ror.org/00h52n341
4199,4200,戴庆,2019,国家纳米科学中心,研究领域,I4210141483,National Center for Nanoscience and Technology,exact,51665.754,https://ror.org/04f49ff35
4200,4201,刘锐平,2019,中国科学院生态环境研究中心,研究领域,I4210144289,Research Center for Eco-Environmental Sciences,exact,59822.87,https://ror.org/03rpsvy57
4201,4202,沈俊,2019,中国科学院理化技术研究所,研究领域,I4210140689,Technical Institute of Physics and Chemistry,exact,36806.484,https://ror.org/04akaak77
4202,4203,石峰,2019,北京化工大学,研究领域,I75390827,Beijing University of Chemical Technology,exact,44476.082,https://ror.org/00df5yc52
4203,4204,张阿漫,2019,哈尔滨工程大学,研究领域,I151727225,Harbin Engineering University,exact,48707.582,https://ror.org/03x80pn82
4204,4205,蒋金洋,2019,东南大学,研究领域,I76569877,Southeast University,exact,48708.32,https://ror.org/04ct4d772
4205,4206,翟成,2019,中国矿业大学,研究领域,I25757504,China University of Mining and Technology,exact,39738.82,https://ror.org/01xt2dr21
4206,4207,鲁军勇,2019,中国人民解放军海军工程大学,研究领域,I2800710378,Naval University of Engineering,exact,19836.053,https://ror.org/056vyez31
4207,4208,陈海生,2019,中国科学院工程热物理研究所,研究领域,I4210120320,Institute of Engineering Thermophysics,exact,26528.443,https://ror.org/031zj0q48
4208,4209,何旭辉,2019,中南大学,研究领域,I139660479,Central South University,exact,66159.63,https://ror.org/00f1zfq44
4209,4210,狄增峰,2019,中国科学院上海微系统与信息技术研究所,研究领域,I4210147322,Shanghai Institute of Microsystem and Information Technology,exact,38266.344,https://ror.org/04nytyj38
4210,4211,黄辉,2019,中国科学院大学,研究领域,I4210165038,University of Chinese Academy of Sciences,exact,106045.85,https://ror.org/05qbk4x57
4211,4212,冯国瑞,2019,太原理工大学,研究领域,I9086337,Taiyuan University of Technology,exact,38365.03,https://ror.org/03kv08d37
4212,4213,徐飞,2019,南京大学,研究领域,I881766915,Nanjing University,exact,62417.22,https://ror.org/01rxvg760
4213,4214,刘胜利,2019,上海交通大学,研究领域,I183067930,Shanghai Jiao Tong University,exact,99965.625,https://ror.org/0220qvk04
4214,4215,杨军,2019,广东工业大学,研究领域,I139024713,Guangdong University of Technology,exact,35767.3,https://ror.org/04azbjn80
4215,4216,陈云霁,2019,中国科学院计算技术研究所,研究领域,I4210090176,Institute of Computing Technology,exact,35008.836,https://ror.org/0090r4d87
4216,4217,李刚,2019,清华大学,研究领域,I99065089,Tsinghua University,exact,117751.195,https://ror.org/03cve4549
4217,4218,徐文渊,2019,浙江大学,研究领域,I76130692,Zhejiang University,exact,86971.77,https://ror.org/00a2xv884
4218,4219,李国良,2019,清华大学,研究领域,I99065089,Tsinghua University,exact,117751.195,https://ror.org/03cve4549
4219,4220,刘云淮,2019,北京大学,研究领域,I20231570,Peking University,exact,77618.14,https://ror.org/02v51f717
4220,4221,潘纲,2019,浙江大学,研究领域,I76130692,Zhejiang University,exact,86971.77,https://ror.org/00a2xv884
4221,4222,刘洋,2019,清华大学,研究领域,I99065089,Tsinghua University,exact,117751.195,https://ror.org/03cve4549
4222,4223,迟楠,2019,复旦大学,研究领域,I24943067,Fudan University,exact,92511.14,https://ror.org/013q1eq08
4223,4224,杨玉超,2019,北京大学,研究领域,I20231570,Peking University,exact,77618.14,https://ror.org/02v51f717
4224,4225,张建华,2019,北京邮电大学,研究领域,I139759216,Beijing University of Posts and Telecommunications,exact,39428.2,https://ror.org/04w9fbh59
4225,4226,胡清华,2019,天津大学,研究领域,I162868743,Tianjin University,exact,61022.258,https://ror.org/012tb2g32
4226,4227,陶晓明,2019,清华大学,研究领域,I99065089,Tsinghua University,exact,117751.195,https://ror.org/03cve4549
4227,4228,丁贵广,2019,清华大学,研究领域,I99065089,Tsinghua University,exact,117751.195,https://ror.org/03cve4549
4228,4229,周鹏,2019,复旦大学,研究领域,I24943067,Fudan University,exact,92511.14,https://ror.org/013q1eq08
4229,4230,彭宇新,2019,北京大学,研究领域,I20231570,Peking University,exact,77618.14,https://ror.org/02v51f717
4230,4231,彭木根,2019,北京邮电大学,研究领域,I139759216,Beijing University of Posts and Telecommunications,exact,39428.2,https://ror.org/04w9fbh59
4231,4232,龙世兵,2019,中国科学技术大学,研究领域,I126520041,University of Science and Technology of China,exact,105356.01,https://ror.org/04c4dkn09
4232,4233,黄磊,2019,深圳大学,研究领域,I180726961,Shenzhen University,exact,49207.62,https://ror.org/01vy4gh70
4233,4234,李明,2019,中国科学院半导体研究所,研究领域,I4210149211,Institute of Semiconductors,exact,44368.86,https://ror.org/048dd0611
4234,4235,唐金辉,2019,南京理工大学,研究领域,I36399199,Nanjing University of Science and Technology,exact,37372.695,https://ror.org/00xp9wg62
4235,4236,谢晖,2019,哈尔滨工业大学,研究领域,I204983213,Harbin Institute of Technology,exact,115718.28,https://ror.org/01yqg2h08
4236,4237,程鑫彬,2019,同济大学,研究领域,I116953780,Tongji University,exact,50689.016,https://ror.org/03rc6as71
4237,4238,廖蕾,2019,湖南大学,研究领域,I16609230,Hunan University,exact,52153.906,https://ror.org/05htk5m33
4238,4239,陆卫兵,2019,东南大学,研究领域,I76569877,Southeast University,exact,48708.32,https://ror.org/04ct4d772
4239,4240,王光臣,2019,山东大学,研究领域,I154099455,Shandong University,exact,60373.523,https://ror.org/0207yh398
4240,4241,全伟,2019,北京航空航天大学,研究领域,I82880672,Beihang University,exact,82779.67,https://ror.org/00wk2mp56
4241,4242,马帅,2019,北京航空航天大学,研究领域,I82880672,Beihang University,exact,82779.67,https://ror.org/00wk2mp56
4242,4243,贾晓军,2019,山西大学,研究领域,I181877577,Shanxi University,exact,20819.03,https://ror.org/03y3e3s17
4243,4244,钟伟民,2019,华东理工大学,研究领域,I143593769,East China University of Science and Technology,exact,41751.324,https://ror.org/01vyrm377
4244,4245,张进成,2019,西安电子科技大学,研究领域,I149594827,Xidian University,exact,38626.223,https://ror.org/05s92vm98
4245,4246,陈海波,2019,上海交通大学,研究领域,I183067930,Shanghai Jiao Tong University,exact,99965.625,https://ror.org/0220qvk04
4246,4247,卢孝强,2019,中国科学院西安光学精密机械研究所,研究领域,I4210144662,Xi'an Institute of Optics and Precision Mechanics,exact,20894.521,https://ror.org/0444j5556
4247,4248,游经碧,2019,中国科学院半导体研究所,研究领域,I4210149211,Institute of Semiconductors,exact,44368.86,https://ror.org/048dd0611
4248,4249,苏良碧,2019,中国科学院上海硅酸盐研究所,研究领域,I4210163874,Shanghai Institute of Ceramics,exact,59467.965,https://ror.org/05etnz140
4249,4250,刘连庆,2019,中国科学院沈阳自动化研究所,研究领域,I142078773,Shenyang Institute of Automation,exact,22590.318,https://ror.org/00ft6nj33
4250,4251,董海荣,2019,北京交通大学,研究领域,I21193070,Beijing Jiaotong University,exact,36584.664,https://ror.org/01yj56c84
4251,4252,孙健,2019,北京理工大学,研究领域,I125839683,Beijing Institute of Technology,exact,60847.0,https://ror.org/01skt4w74
4252,4253,冷雨欣,2019,中国科学院上海光学精密机械研究所,研究领域,I4210135349,Shanghai Institute of Optics and Fine Mechanics,exact,36784.836,https://ror.org/03g897070
4253,4254,张龙,2019,中国科学院上海光学精密机械研究所,研究领域,I4210135349,Shanghai Institute of Optics and Fine Mechanics,exact,36784.836,https://ror.org/03g897070
4254,4255,林晓,2019,中国科学院大学,研究领域,I4210165038,University of Chinese Academy of Sciences,exact,106045.85,https://ror.org/05qbk4x57
4255,4256,周文慧,2019,华南理工大学,研究领域,I90610280,South China University of Technology,exact,65632.69,https://ror.org/0530pts50
4256,4257,周欣悦,2019,浙江大学,研究领域,I76130692,Zhejiang University,exact,86971.77,https://ror.org/00a2xv884
4257,4258,刘承芳,2019,北京大学,研究领域,I20231570,Peking University,exact,77618.14,https://ror.org/02v51f717
4258,4259,虞吉海,2019,北京大学,研究领域,I20231570,Peking University,exact,77618.14,https://ror.org/02v51f717
4259,4260,龙建成,2019,合肥工业大学,研究领域,I16365422,Hefei University of Technology,exact,43336.164,https://ror.org/02czkny70
4260,4261,吴力波,2019,复旦大学,研究领域,I24943067,Fudan University,exact,92511.14,https://ror.org/013q1eq08
4261,4262,张影,2019,北京大学,研究领域,I20231570,Peking University,exact,77618.14,https://ror.org/02v51f717
4262,4263,张新雨,2019,中国科学院数学与系统科学研究院,研究领域,I4210120485,Academy of Mathematics and Systems Science,exact,29545.18,https://ror.org/02jkmyk67
4263,4264,方正,2019,四川大学,研究领域,I24185976,Sichuan University,exact,75979.734,https://ror.org/011ashp19
4264,4265,廖华,2019,北京理工大学,研究领域,I125839683,Beijing Institute of Technology,exact,60847.0,https://ror.org/01skt4w74
4265,4266,张健,2019,上海交通大学,研究领域,I183067930,Shanghai Jiao Tong University,exact,99965.625,https://ror.org/0220qvk04
4266,4267,周宏伟,2019,南方医科大学,研究领域,I58200834,Southern Medical University,exact,48235.527,https://ror.org/01vjw4z39
4267,4268,鲁伯埙,2019,复旦大学,研究领域,I24943067,Fudan University,exact,92511.14,https://ror.org/013q1eq08
4268,4269,黄永焯,2019,中国科学院上海药物研究所,研究领域,I4210112820,Shanghai Institute of Materia Medica,exact,49811.605,https://ror.org/022syn853
4269,4270,丁福森,2019,四川大学,研究领域,I24185976,Sichuan University,exact,75979.734,https://ror.org/011ashp19
4270,4271,李蓉,2019,北京大学,研究领域,I20231570,Peking University,exact,77618.14,https://ror.org/02v51f717
4271,4272,薛天,2019,中国科学技术大学,研究领域,I126520041,University of Science and Technology of China,exact,105356.01,https://ror.org/04c4dkn09
4272,4273,吕继成,2019,北京大学,研究领域,I20231570,Peking University,exact,77618.14,https://ror.org/02v51f717
4273,4274,朱永群,2019,浙江大学,研究领域,I76130692,Zhejiang University,exact,86971.77,https://ror.org/00a2xv884
4274,4275,陈良怡,2019,北京大学,研究领域,I20231570,Peking University,exact,77618.14,https://ror.org/02v51f717
4275,4276,陈兰芬,2019,厦门大学,研究领域,I191208505,Xiamen University,exact,63183.082,https://ror.org/00mcjh785
4276,4277,王金勇,2019,中国科学院广州生物医药与健康研究院,研究领域,I2802148028,Guangzhou Institutes of Biomedicine and Health,exact,24930.055,https://ror.org/02c31t502
4277,4278,李斌,2019,苏州大学,研究领域,I3923682,Soochow University,exact,55506.996,https://ror.org/05t8y2r12
4278,4279,李于,2019,中国科学院上海生命科学研究院,研究领域,I4210106477,Shanghai Institutes for Biological Sciences,exact,56299.793,https://ror.org/011rf9d86
4279,4280,艾玎,2019,天津医科大学,研究领域,I5740404,Tianjin Medical University,exact,31967.438,https://ror.org/02mh8wx89
4280,4281,刘刚,2019,厦门大学,研究领域,I191208505,Xiamen University,exact,63183.082,https://ror.org/00mcjh785
4281,4282,李卫,2019,中国科学院动物研究所,研究领域,I4210167311,Institute of Zoology,exact,34200.504,https://ror.org/05skxkv18
4282,4283,缪小平,2019,华中科技大学,研究领域,I47720641,Huazhong University of Science and Technology,exact,83397.086,https://ror.org/00p991c53
4283,4284,郑宏庭,2019,中国人民解放军第三军医大学,研究领域,I151075929,Army Medical University,exact,85157.16,https://ror.org/05w21nn13
4284,4285,赵强,2019,南开大学,研究领域,I205237279,Nankai University,exact,54575.492,https://ror.org/01y1kjr75
4285,4286,徐金富,2019,同济大学,研究领域,I116953780,Tongji University,exact,50689.016,https://ror.org/03rc6as71
4286,4287,李磊,2019,西安交通大学,研究领域,I87445476,Xi'an Jiaotong University,exact,70856.3,https://ror.org/017zhmm22
4287,4288,高庆蕾,2019,华中科技大学,研究领域,I47720641,Huazhong University of Science and Technology,exact,83397.086,https://ror.org/00p991c53
4288,4289,刘再毅,2019,广东省人民医院,研究领域,I4210153930,Guangdong Provincial People's Hospital,weak,6839.403,https://ror.org/045kpgw45
4289,4290,孙逊,2019,四川大学,研究领域,I24185976,Sichuan University,exact,75979.734,https://ror.org/011ashp19
4290,4291,高大明,2019,中国科学院上海生命科学研究院,研究领域,I4210106477,Shanghai Institutes for Biological Sciences,exact,56299.793,https://ror.org/011rf9d86
4291,4292,王强,2019,南京医科大学,研究领域,I83519826,Nanjing Medical University,exact,46681.355,https://ror.org/059gcgy73
4292,4293,戈惠明,2019,南京大学,研究领域,I881766915,Nanjing University,exact,62417.22,https://ror.org/01rxvg760
4293,4294,张杰,2019,厦门大学,研究领域,I191208505,Xiamen University,exact,63183.082,https://ror.org/00mcjh785
4294,4295,李涛,2019,中国人民解放军军事科学院军事医学研究院,研究领域,,,none,,
4295,4296,唐亚梅,2019,中山大学,研究领域,I157773358,Sun Yat-sen University,exact,72368.62,https://ror.org/0064kty71
4296,4297,明东,2019,天津大学,研究领域,I162868743,Tianjin University,exact,61022.258,https://ror.org/012tb2g32
4297,4298,秦成峰,2019,中国人民解放军军事科学院军事医学研究院,研究领域,,,none,,
4298,4299,周洁,2019,天津医科大学,研究领域,I5740404,Tianjin Medical University,exact,31967.438,https://ror.org/02mh8wx89
4299,4300,林灼锋,2019,温州医科大学,研究领域,I27781120,Wenzhou Medical University,exact,46452.773,https://ror.org/00rd5t069
4300,4301,高昊,2019,暨南大学,研究领域,I159948400,Jinan University,exact,46141.92,https://ror.org/02xe5ns62
4301,4302,朱波,2019,中国人民解放军第三军医大学,研究领域,I151075929,Army Medical University,exact,85157.16,https://ror.org/05w21nn13
4302,4303,张晨,2019,首都医科大学,研究领域,I183519381,Capital Medical University,exact,70254.805,https://ror.org/013xs5b60
4303,4304,喻良,2020,南京大学,研究领域,I881766915,Nanjing University,exact,62417.22,https://ror.org/01rxvg760
4304,4305,薛永泉,2020,中国科学技术大学,研究领域,I126520041,University of Science and Technology of China,exact,105356.01,https://ror.org/04c4dkn09
4305,4306,陈帅,2020,中国科学技术大学,研究领域,I126520041,University of Science and Technology of China,exact,105356.01,https://ror.org/04c4dkn09
4306,4307,孙良亭,2020,中国科学院近代物理研究所,研究领域,I4210131271,Institute of Modern Physics,exact,38394.246,https://ror.org/03x8rhq63
4307,4308,丁虎,2020,上海大学,研究领域,I113940042,Shanghai University,exact,33911.445,https://ror.org/006teas31
4308,4309,张会春,2020,中山大学,研究领域,I157773358,Sun Yat-sen University,exact,72368.62,https://ror.org/0064kty71
4309,4310,姜洪源,2020,中国科学技术大学,研究领域,I126520041,University of Science and Technology of China,exact,105356.01,https://ror.org/04c4dkn09
4310,4311,冯骅,2020,清华大学,研究领域,I99065089,Tsinghua University,exact,117751.195,https://ror.org/03cve4549
4311,4312,黄性涛,2020,山东大学,研究领域,I154099455,Shandong University,exact,60373.523,https://ror.org/0207yh398
4312,4313,宋凤麒,2020,南京大学,研究领域,I881766915,Nanjing University,exact,62417.22,https://ror.org/01rxvg760
4313,4314,刘树彬,2020,中国科学技术大学,研究领域,I126520041,University of Science and Technology of China,exact,105356.01,https://ror.org/04c4dkn09
4314,4315,谭慧俊,2020,南京航空航天大学,研究领域,I9842412,Nanjing University of Aeronautics and Astronautics,exact,50219.07,https://ror.org/01scyh794
4315,4316,黄忠亿,2020,清华大学,研究领域,I99065089,Tsinghua University,exact,117751.195,https://ror.org/03cve4549
4316,4317,郗平,2020,西安交通大学,研究领域,I87445476,Xi'an Jiaotong University,exact,70856.3,https://ror.org/017zhmm22
4317,4318,陈金辉,2020,复旦大学,研究领域,I24943067,Fudan University,exact,92511.14,https://ror.org/013q1eq08
4318,4319,吕琦,2020,四川大学,研究领域,I24185976,Sichuan University,exact,75979.734,https://ror.org/011ashp19
4319,4320,徐勇,2020,清华大学,研究领域,I99065089,Tsinghua University,exact,117751.195,https://ror.org/03cve4549
4320,4321,王嵬,2020,北京大学,研究领域,I20231570,Peking University,exact,77618.14,https://ror.org/02v51f717
4321,4322,许志强,2020,中国科学院数学与系统科学研究院,研究领域,I4210120485,Academy of Mathematics and Systems Science,exact,29545.18,https://ror.org/02jkmyk67
4322,4323,李群仰,2020,清华大学,研究领域,I99065089,Tsinghua University,exact,117751.195,https://ror.org/03cve4549
4323,4324,李朝红,2020,中山大学,研究领域,I157773358,Sun Yat-sen University,exact,72368.62,https://ror.org/0064kty71
4324,4325,裴永茂,2020,北京大学,研究领域,I20231570,Peking University,exact,77618.14,https://ror.org/02v51f717
4325,4326,周渊,2020,北京师范大学,研究领域,I25254941,Beijing Normal University,exact,57501.61,https://ror.org/022k4wk35
4326,4327,王勇,2020,中国科学院数学与系统科学研究院,研究领域,I4210120485,Academy of Mathematics and Systems Science,exact,29545.18,https://ror.org/02jkmyk67
4327,4328,宋清海,2020,哈尔滨工业大学,研究领域,I204983213,Harbin Institute of Technology,exact,115718.28,https://ror.org/01yqg2h08
4328,4329,肖湘衡,2020,武汉大学,研究领域,I37461747,Wuhan University,exact,84484.22,https://ror.org/033vjfk17
4329,4330,倪勇,2020,中国科学技术大学,研究领域,I126520041,University of Science and Technology of China,exact,105356.01,https://ror.org/04c4dkn09
4330,4331,姚涛,2020,中国科学技术大学,研究领域,I126520041,University of Science and Technology of China,exact,105356.01,https://ror.org/04c4dkn09
4331,4332,程金光,2020,中国科学院物理研究所,研究领域,I4210159876,Institute of Physics,exact,48215.63,https://ror.org/05cvf7v30
4332,4333,陆凌,2020,中国科学院物理研究所,研究领域,I4210159876,Institute of Physics,exact,48215.63,https://ror.org/05cvf7v30
4333,4334,索涛,2020,西北工业大学,研究领域,I17145004,Northwestern Polytechnical University,exact,39779.9,https://ror.org/01y0j0j86
4334,4335,孟胜,2020,中国科学院物理研究所,研究领域,I4210159876,Institute of Physics,exact,48215.63,https://ror.org/05cvf7v30
4335,4336,项延训,2020,华东理工大学,研究领域,I143593769,East China University of Science and Technology,exact,41751.324,https://ror.org/01vyrm377
4336,4337,沈俊太,2020,上海交通大学,研究领域,I183067930,Shanghai Jiao Tong University,exact,99965.625,https://ror.org/0220qvk04
4337,4338,舒菁,2020,中国科学院理论物理研究所,研究领域,I4210125404,Institute of Theoretical Physics,exact,35358.984,https://ror.org/02xtbq882
4338,4339,薛鹏,2020,北京计算科学研究中心,研究领域,I4210139958,Beijing Computational Science Research Center,exact,16842.375,https://ror.org/04tavf782
4339,4340,张文禄,2020,中国科学院物理研究所,研究领域,I4210159876,Institute of Physics,exact,48215.63,https://ror.org/05cvf7v30
4340,4341,万颖,2020,上海师范大学,研究领域,I21945476,Shanghai Normal University,exact,23578.709,https://ror.org/01cxqmw89
4341,4342,江俊,2020,中国科学技术大学,研究领域,I126520041,University of Science and Technology of China,exact,105356.01,https://ror.org/04c4dkn09
4342,4343,路军岭,2020,中国科学技术大学,研究领域,I126520041,University of Science and Technology of China,exact,105356.01,https://ror.org/04c4dkn09
4343,4344,赵峰,2020,中国科学院城市环境研究所,研究领域,I4210119653,Institute of Urban Environment,exact,35552.438,https://ror.org/025gq5q04
4344,4345,左小磊,2020,上海交通大学,研究领域,I183067930,Shanghai Jiao Tong University,exact,99965.625,https://ror.org/0220qvk04
4345,4346,史壮志,2020,南京大学,研究领域,I881766915,Nanjing University,exact,62417.22,https://ror.org/01rxvg760
4346,4347,曾小庆,2020,复旦大学,研究领域,I24943067,Fudan University,exact,92511.14,https://ror.org/013q1eq08
4347,4348,李兰冬,2020,南开大学,研究领域,I205237279,Nankai University,exact,54575.492,https://ror.org/01y1kjr75
4348,4349,刘心元,2020,南方科技大学,研究领域,I3045169105,Southern University of Science and Technology,exact,31445.506,https://ror.org/049tv2d57
4349,4350,董安钢,2020,复旦大学,研究领域,I24943067,Fudan University,exact,92511.14,https://ror.org/013q1eq08
4350,4351,郑耿锋,2020,复旦大学,研究领域,I24943067,Fudan University,exact,92511.14,https://ror.org/013q1eq08
4351,4352,方千荣,2020,吉林大学,研究领域,I194450716,Jilin University,exact,67529.51,https://ror.org/00js3aw79
4352,4353,赵一新,2020,上海交通大学,研究领域,I183067930,Shanghai Jiao Tong University,exact,99965.625,https://ror.org/0220qvk04
4353,4354,江德臣,2020,南京大学,研究领域,I881766915,Nanjing University,exact,62417.22,https://ror.org/01rxvg760
4354,4355,赵劲,2020,南京大学,研究领域,I881766915,Nanjing University,exact,62417.22,https://ror.org/01rxvg760
4355,4356,黄光明,2020,中国科学技术大学,研究领域,I126520041,University of Science and Technology of China,exact,105356.01,https://ror.org/04c4dkn09
4356,4357,燕立唐,2020,清华大学,研究领域,I99065089,Tsinghua University,exact,117751.195,https://ror.org/03cve4549
4357,4358,赵亮,2020,清华大学,研究领域,I99065089,Tsinghua University,exact,117751.195,https://ror.org/03cve4549
4358,4359,徐建鸿,2020,清华大学,研究领域,I99065089,Tsinghua University,exact,117751.195,https://ror.org/03cve4549
4359,4360,黄小青,2020,厦门大学,研究领域,I191208505,Xiamen University,exact,63183.082,https://ror.org/00mcjh785
4360,4361,邓贤明,2020,厦门大学,研究领域,I191208505,Xiamen University,exact,63183.082,https://ror.org/00mcjh785
4361,4362,敖冰云,2020,中国工程物理研究院材料研究所,研究领域,,,none,,
4362,4363,付磊,2020,武汉大学,研究领域,I37461747,Wuhan University,exact,84484.22,https://ror.org/033vjfk17
4363,4364,李朝升,2020,南京大学,研究领域,I881766915,Nanjing University,exact,62417.22,https://ror.org/01rxvg760
4364,4365,王峰,2020,中国科学院大连化学物理研究所,研究领域,I180585399,Dalian Institute of Chemical Physics,exact,65201.16,https://ror.org/00prkya54
4365,4366,刘涛,2020,大连理工大学,研究领域,I27357992,Dalian University of Technology,exact,64610.99,https://ror.org/023hj5876
4366,4367,宋术岩,2020,中国科学院长春应用化学研究所,研究领域,I4210092888,Changchun Institute of Applied Chemistry,exact,82828.11,https://ror.org/00h52n341
4367,4368,孙佳姝,2020,国家纳米科学中心,研究领域,I4210141483,National Center for Nanoscience and Technology,exact,51665.754,https://ror.org/04f49ff35
4368,4369,关小红,2020,同济大学,研究领域,I116953780,Tongji University,exact,50689.016,https://ror.org/03rc6as71
4369,4370,胡劲松,2020,中国科学院化学研究所,研究领域,I4210155088,Institute of Chemistry,exact,61771.133,https://ror.org/048y1rc66
4370,4371,姜秀娥,2020,中国科学院长春应用化学研究所,研究领域,I4210092888,Changchun Institute of Applied Chemistry,exact,82828.11,https://ror.org/00h52n341
4371,4372,曹安民,2020,中国科学院化学研究所,研究领域,I4210155088,Institute of Chemistry,exact,61771.133,https://ror.org/048y1rc66
4372,4373,吴海臣,2020,中国科学院化学研究所,研究领域,I4210155088,Institute of Chemistry,exact,61771.133,https://ror.org/048y1rc66
4373,4374,丁宝全,2020,国家纳米科学中心,研究领域,I4210141483,National Center for Nanoscience and Technology,exact,51665.754,https://ror.org/04f49ff35
4374,4375,邓鹤翔,2020,武汉大学,研究领域,I37461747,Wuhan University,exact,84484.22,https://ror.org/033vjfk17
4375,4376,万谦,2020,华中科技大学,研究领域,I47720641,Huazhong University of Science and Technology,exact,83397.086,https://ror.org/00p991c53
4376,4377,王从洋,2020,中国科学院化学研究所,研究领域,I4210155088,Institute of Chemistry,exact,61771.133,https://ror.org/048y1rc66
4377,4378,刘国柱,2020,天津大学,研究领域,I162868743,Tianjin University,exact,61022.258,https://ror.org/012tb2g32
4378,4379,曲大辉,2020,华东理工大学,研究领域,I143593769,East China University of Science and Technology,exact,41751.324,https://ror.org/01vyrm377
4379,4380,闫学海,2020,中国科学院过程工程研究所,研究领域,I4210133325,Institute of Process Engineering,exact,42207.16,https://ror.org/03j4x9j18
4380,4381,韩英锋,2020,西北大学,研究领域,I37802460,Northwest University,exact,25357.496,https://ror.org/00z3td547
4381,4382,张长斌,2020,中国科学院生态环境研究中心,研究领域,I4210144289,Research Center for Eco-Environmental Sciences,exact,59822.87,https://ror.org/03rpsvy57
4382,4383,杨勇,2020,中国科学院山西煤炭化学研究所,研究领域,I4210159903,Institute of Coal Chemistry,exact,37711.496,https://ror.org/05j73fd60
4383,4384,谢海燕,2020,北京理工大学,研究领域,I125839683,Beijing Institute of Technology,exact,60847.0,https://ror.org/01skt4w74
4384,4385,李春山,2020,中国科学院过程工程研究所,研究领域,I4210133325,Institute of Process Engineering,exact,42207.16,https://ror.org/03j4x9j18
4385,4386,张鹏,2020,中国科学院上海生命科学研究院,研究领域,I4210106477,Shanghai Institutes for Biological Sciences,exact,56299.793,https://ror.org/011rf9d86
4386,4387,张智,2020,中国科学技术大学,研究领域,I126520041,University of Science and Technology of China,exact,105356.01,https://ror.org/04c4dkn09
4387,4388,吴建国,2020,福建农林大学,研究领域,I61057504,Fujian Agriculture and Forestry University,exact,36732.32,https://ror.org/04kx2sy84
4388,4389,孙启明,2020,浙江大学,研究领域,I76130692,Zhejiang University,exact,86971.77,https://ror.org/00a2xv884
4389,4390,王强,2020,中国科学院动物研究所,研究领域,I4210167311,Institute of Zoology,exact,34200.504,https://ror.org/05skxkv18
4390,4391,杨巍维,2020,中国科学院上海生命科学研究院,研究领域,I4210106477,Shanghai Institutes for Biological Sciences,exact,56299.793,https://ror.org/011rf9d86
4391,4392,艾连中,2020,上海理工大学,研究领域,I148128674,University of Shanghai for Science and Technology,exact,26729.059,https://ror.org/00ay9v204
4392,4393,刘兴国,2020,中国科学院广州生物医药与健康研究院,研究领域,I2802148028,Guangzhou Institutes of Biomedicine and Health,exact,24930.055,https://ror.org/02c31t502
4393,4394,李盛英,2020,山东大学,研究领域,I154099455,Shandong University,exact,60373.523,https://ror.org/0207yh398
4394,4395,陈帅,2020,南京大学,研究领域,I881766915,Nanjing University,exact,62417.22,https://ror.org/01rxvg760
4395,4396,汪阳明,2020,北京大学,研究领域,I20231570,Peking University,exact,77618.14,https://ror.org/02v51f717
4396,4397,薛愿超,2020,中国科学院生物物理研究所,研究领域,I4210112540,Institute of Biophysics,exact,43632.348,https://ror.org/01tyv8576
4397,4398,程磊,2020,浙江大学,研究领域,I76130692,Zhejiang University,exact,86971.77,https://ror.org/00a2xv884
4398,4399,张宜辉,2020,厦门大学,研究领域,I191208505,Xiamen University,exact,63183.082,https://ror.org/00mcjh785
4399,4400,何爱彬,2020,北京大学,研究领域,I20231570,Peking University,exact,77618.14,https://ror.org/02v51f717
4400,4401,田丰,2020,中国农业大学,研究领域,I52158045,China Agricultural University,exact,58946.74,https://ror.org/04v3ywz14
4401,4402,唐志尧,2020,北京大学,研究领域,I20231570,Peking University,exact,77618.14,https://ror.org/02v51f717
4402,4403,李程,2020,北京大学,研究领域,I20231570,Peking University,exact,77618.14,https://ror.org/02v51f717
4403,4404,汪方炜,2020,浙江大学,研究领域,I76130692,Zhejiang University,exact,86971.77,https://ror.org/00a2xv884
4404,4405,武爱波,2020,中国科学院上海生命科学研究院,研究领域,I4210106477,Shanghai Institutes for Biological Sciences,exact,56299.793,https://ror.org/011rf9d86
4405,4406,刘琴,2020,华东理工大学,研究领域,I143593769,East China University of Science and Technology,exact,41751.324,https://ror.org/01vyrm377
4406,4407,梁振昌,2020,中国科学院植物研究所,研究领域,I4210158097,Institute of Botany,exact,42323.688,https://ror.org/05hr3ch11
4407,4408,刘陈立,2020,中国科学院深圳先进技术研究院,研究领域,I4210145761,Shenzhen Institutes of Advanced Technology,exact,62290.047,https://ror.org/04gh4er46
4408,4409,常兴,2020,西湖大学,研究领域,I3133055985,Westlake University,exact,16068.76,https://ror.org/05hfa4n20
4409,4410,王毅,2020,中国农业大学,研究领域,I52158045,China Agricultural University,exact,58946.74,https://ror.org/04v3ywz14
4410,4411,赵方庆,2020,中国科学院动物研究所,研究领域,I4210167311,Institute of Zoology,exact,34200.504,https://ror.org/05skxkv18
4411,4412,周红波,2020,华中农业大学,研究领域,I204823248,Huazhong Agricultural University,exact,62343.33,https://ror.org/023b72294
4412,4413,张小兰,2020,中国农业大学,研究领域,I52158045,China Agricultural University,exact,58946.74,https://ror.org/04v3ywz14
4413,4414,李大力,2020,华东师范大学,研究领域,I66867065,East China Normal University,exact,47665.625,https://ror.org/02n96ep67
4414,4415,韩军,2020,中国农业大学,研究领域,I52158045,China Agricultural University,exact,58946.74,https://ror.org/04v3ywz14
4415,4416,吴爱国,2020,中国科学院宁波材料技术与工程研究所,研究领域,I4210165339,Ningbo Institute of Industrial Technology,exact,57935.277,https://ror.org/05nqg3g04
4416,4417,徐宁龙,2020,中国科学院上海生命科学研究院,研究领域,I4210106477,Shanghai Institutes for Biological Sciences,exact,56299.793,https://ror.org/011rf9d86
4417,4418,陈义华,2020,中国科学院微生物研究所,研究领域,I4210134982,Institute of Microbiology,exact,51266.72,https://ror.org/047yhep71
4418,4419,郑丙莲,2020,复旦大学,研究领域,I24943067,Fudan University,exact,92511.14,https://ror.org/013q1eq08
4419,4420,王克剑,2020,中国水稻研究所,研究领域,I4210160522,China National Rice Research Institute,exact,23178.178,https://ror.org/05szcn205
4420,4421,何新建,2020,北京生命科学研究所,研究领域,I4210086405,"National Institute of Biological Sciences, Beijing",exact,27236.115,https://ror.org/00wksha49
4421,4422,王彦芳,2020,中国农业科学院北京畜牧兽医研究所,研究领域,I4210149494,Institute of Animal Sciences,exact,14301.138,https://ror.org/04tcthy91
4422,4423,孙永华,2020,中国科学院水生生物研究所,研究领域,I4210089584,Institute of Hydrobiology,weak,27440.992,https://ror.org/00b4mx203
4423,4424,张爱铖,2020,南京大学,研究领域,I881766915,Nanjing University,exact,62417.22,https://ror.org/01rxvg760
4424,4425,冯晓娟,2020,中国科学院植物研究所,研究领域,I4210158097,Institute of Botany,exact,42323.688,https://ror.org/05hr3ch11
4425,4426,饶莹,2020,中国石油大学(北京),研究领域,I4210162190,"China University of Petroleum, East China",exact,37922.176,https://ror.org/05gbn2817
4426,4427,王鑫,2020,兰州大学,研究领域,I76214153,Lanzhou University,exact,55239.18,https://ror.org/01mkqqe32
4427,4428,丁巍伟,2020,自然资源部第二海洋研究所,研究领域,,,none,,
4428,4429,刘传周,2020,中国科学院地质与地球物理研究所,研究领域,I4210126061,Institute of Geology and Geophysics,exact,56218.027,https://ror.org/030vmwa78
4429,4430,赵坤,2020,南京大学,研究领域,I881766915,Nanjing University,exact,62417.22,https://ror.org/01rxvg760
4430,4431,王孝磊,2020,南京大学,研究领域,I881766915,Nanjing University,exact,62417.22,https://ror.org/01rxvg760
4431,4432,童美萍,2020,北京大学,研究领域,I20231570,Peking University,exact,77618.14,https://ror.org/02v51f717
4432,4433,石振清,2020,华南理工大学,研究领域,I90610280,South China University of Technology,exact,65632.69,https://ror.org/0530pts50
4433,4434,倪彬彬,2020,武汉大学,研究领域,I37461747,Wuhan University,exact,84484.22,https://ror.org/033vjfk17
4434,4435,张健,2020,中山大学,研究领域,I157773358,Sun Yat-sen University,exact,72368.62,https://ror.org/0064kty71
4435,4436,付永硕,2020,北京师范大学,研究领域,I25254941,Beijing Normal University,exact,57501.61,https://ror.org/022k4wk35
4436,4437,周波涛,2020,南京信息工程大学,研究领域,I200845125,Nanjing University of Information Science and Technology,exact,36389.973,https://ror.org/02y0rxk19
4437,4438,耿江辉,2020,武汉大学,研究领域,I37461747,Wuhan University,exact,84484.22,https://ror.org/033vjfk17
4438,4439,孙颖,2020,国家气候中心,研究领域,I4210137309,National Center for Climate Change Strategy and International Cooperation,weak,1364.5751,https://ror.org/03mxyqx84
4439,4440,刘忠方,2020,同济大学,研究领域,I116953780,Tongji University,exact,50689.016,https://ror.org/03rc6as71
4440,4441,董云伟,2020,中国海洋大学,研究领域,I59028903,Ocean University of China,exact,39370.42,https://ror.org/04rdtx186
4441,4442,李晓明,2020,中国科学院空天信息创新研究院,研究领域,I4210137199,Aerospace Information Research Institute,exact,34996.965,https://ror.org/0419fj215
4442,4443,王栋,2020,中国海洋大学,研究领域,I59028903,Ocean University of China,exact,39370.42,https://ror.org/04rdtx186
4443,4444,侯居峙,2020,中国科学院青藏高原研究所,研究领域,I4210141476,Institute of Tibetan Plateau Research,exact,35735.152,https://ror.org/03zn6c508
4444,4445,袁松虎,2020,中国地质大学(武汉),研究领域,I3124059619,China University of Geosciences,override,,
4445,4446,胡斯勒图,2020,中国科学院空天信息创新研究院,研究领域,I4210137199,Aerospace Information Research Institute,exact,34996.965,https://ror.org/0419fj215
4446,4447,张恩楼,2020,中国科学院南京地理与湖泊研究所,研究领域,I4210134482,Nanjing Institute of Geography and Limnology,exact,31844.246,https://ror.org/03k6r8t20
4447,4448,王一博,2020,中国科学院地质与地球物理研究所,研究领域,I4210126061,Institute of Geology and Geophysics,exact,56218.027,https://ror.org/030vmwa78
4448,4449,沙忠利,2020,中国科学院海洋研究所,研究领域,I4210101167,Institute of Oceanology,exact,45453.11,https://ror.org/018yw5541
4449,4450,赵军红,2020,中国地质大学(武汉),研究领域,I3124059619,China University of Geosciences,override,,
4450,4451,史建波,2020,中国科学院生态环境研究中心,研究领域,I4210144289,Research Center for Eco-Environmental Sciences,exact,59822.87,https://ror.org/03rpsvy57
4451,4452,高剑峰,2020,中国科学院地球化学研究所,研究领域,I4210135735,Institute of Geochemistry,override,,
4452,4453,刘承帅,2020,中国科学院地球化学研究所,研究领域,I4210135735,Institute of Geochemistry,override,,
4453,4454,晏宏,2020,中国科学院地球环境研究所,研究领域,I4210159790,Institute of Earth Environment,exact,27424.857,https://ror.org/04nps9965
4454,4455,孙福宝,2020,中国科学院新疆生态与地理研究所,研究领域,I4210103115,Xinjiang Institute of Ecology and Geography,exact,37791.645,https://ror.org/01a8ev928
4455,4456,陈昶乐,2020,中国科学技术大学,研究领域,I126520041,University of Science and Technology of China,exact,105356.01,https://ror.org/04c4dkn09
4456,4457,穆杨,2020,中国科学技术大学,研究领域,I126520041,University of Science and Technology of China,exact,105356.01,https://ror.org/04c4dkn09
4457,4458,陈皓生,2020,清华大学,研究领域,I99065089,Tsinghua University,exact,117751.195,https://ror.org/03cve4549
4458,4459,姜学松,2020,上海交通大学,研究领域,I183067930,Shanghai Jiao Tong University,exact,99965.625,https://ror.org/0220qvk04
4459,4460,于浩海,2020,山东大学,研究领域,I154099455,Shandong University,exact,60373.523,https://ror.org/0207yh398
4460,4461,崔元靖,2020,浙江大学,研究领域,I76130692,Zhejiang University,exact,86971.77,https://ror.org/00a2xv884
4461,4462,王勇,2020,浙江大学,研究领域,I76130692,Zhejiang University,exact,86971.77,https://ror.org/00a2xv884
4462,4463,吴镝,2020,南京大学,研究领域,I881766915,Nanjing University,exact,62417.22,https://ror.org/01rxvg760
4463,4464,刘开辉,2020,北京大学,研究领域,I20231570,Peking University,exact,77618.14,https://ror.org/02v51f717
4464,4465,徐连勇,2020,天津大学,研究领域,I162868743,Tianjin University,exact,61022.258,https://ror.org/012tb2g32
4465,4466,万相见,2020,南开大学,研究领域,I205237279,Nankai University,exact,54575.492,https://ror.org/01y1kjr75
4466,4467,于浦,2020,清华大学,研究领域,I99065089,Tsinghua University,exact,117751.195,https://ror.org/03cve4549
4467,4468,敬登伟,2020,西安交通大学,研究领域,I87445476,Xi'an Jiaotong University,exact,70856.3,https://ror.org/017zhmm22
4468,4469,焦丽芳,2020,南开大学,研究领域,I205237279,Nankai University,exact,54575.492,https://ror.org/01y1kjr75
4469,4470,任祝寅,2020,清华大学,研究领域,I99065089,Tsinghua University,exact,117751.195,https://ror.org/03cve4549
4470,4471,李斌,2020,天津大学,研究领域,I162868743,Tianjin University,exact,61022.258,https://ror.org/012tb2g32
4471,4472,李利平,2020,山东大学,研究领域,I154099455,Shandong University,exact,60373.523,https://ror.org/0207yh398
4472,4473,刘铁军,2020,哈尔滨工业大学,研究领域,I204983213,Harbin Institute of Technology,exact,115718.28,https://ror.org/01yqg2h08
4473,4474,侯旭,2020,厦门大学,研究领域,I191208505,Xiamen University,exact,63183.082,https://ror.org/00mcjh785
4474,4475,易雨君,2020,北京师范大学,研究领域,I25254941,Beijing Normal University,exact,57501.61,https://ror.org/022k4wk35
4475,4476,郭少军,2020,北京大学,研究领域,I20231570,Peking University,exact,77618.14,https://ror.org/02v51f717
4476,4477,张徐祥,2020,南京大学,研究领域,I881766915,Nanjing University,exact,62417.22,https://ror.org/01rxvg760
4477,4478,张志辉,2020,吉林大学,研究领域,I194450716,Jilin University,exact,67529.51,https://ror.org/00js3aw79
4478,4479,殷国栋,2020,东南大学,研究领域,I76569877,Southeast University,exact,48708.32,https://ror.org/04ct4d772
4479,4480,华旭刚,2020,湖南大学,研究领域,I16609230,Hunan University,exact,52153.906,https://ror.org/05htk5m33
4480,4481,朱延河,2020,哈尔滨工业大学,研究领域,I204983213,Harbin Institute of Technology,exact,115718.28,https://ror.org/01yqg2h08
4481,4482,周颖,2020,同济大学,研究领域,I116953780,Tongji University,exact,50689.016,https://ror.org/03rc6as71
4482,4483,侯新梅,2020,北京科技大学,研究领域,I92403157,University of Science and Technology Beijing,exact,39476.645,https://ror.org/02egmk993
4483,4484,赵海波,2020,华中科技大学,研究领域,I47720641,Huazhong University of Science and Technology,exact,83397.086,https://ror.org/00p991c53
4484,4485,秦洪德,2020,哈尔滨工程大学,研究领域,I151727225,Harbin Engineering University,exact,48707.582,https://ror.org/03x80pn82
4485,4486,嵇春艳,2020,江苏科技大学,研究领域,I4210096899,Jiangsu University of Science and Technology,exact,21959.559,https://ror.org/00tyjp878
4486,4487,谷林,2020,中国科学院物理研究所,研究领域,I4210159876,Institute of Physics,exact,48215.63,https://ror.org/05cvf7v30
4487,4488,周向锋,2020,燕山大学,研究领域,I39333907,Yanshan University,exact,27737.867,https://ror.org/02txfnf15
4488,4489,周军,2020,华中科技大学,研究领域,I47720641,Huazhong University of Science and Technology,exact,83397.086,https://ror.org/00p991c53
4489,4490,孔杰,2020,西北工业大学,研究领域,I17145004,Northwestern Polytechnical University,exact,39779.9,https://ror.org/01y0j0j86
4490,4491,吴云,2020,中国人民解放军空军工程大学,研究领域,I4210104252,Air Force Engineering University,exact,34194.996,https://ror.org/00seraz22
4491,4492,席晓丽,2020,北京工业大学,研究领域,I37796252,Beijing University of Technology,exact,32980.96,https://ror.org/037b1pp87
4492,4493,杨强,2020,华东理工大学,研究领域,I143593769,East China University of Science and Technology,exact,41751.324,https://ror.org/01vyrm377
4493,4494,孟进,2020,中国人民解放军海军工程大学,研究领域,I2800710378,Naval University of Engineering,exact,19836.053,https://ror.org/056vyez31
4494,4495,屈治国,2020,西安交通大学,研究领域,I87445476,Xi'an Jiaotong University,exact,70856.3,https://ror.org/017zhmm22
4495,4496,邵金友,2020,西安交通大学,研究领域,I87445476,Xi'an Jiaotong University,exact,70856.3,https://ror.org/017zhmm22
4496,4497,赵佳飞,2020,大连理工大学,研究领域,I27357992,Dalian University of Technology,exact,64610.99,https://ror.org/023hj5876
4497,4498,汤朝晖,2020,中国科学院长春应用化学研究所,研究领域,I4210092888,Changchun Institute of Applied Chemistry,exact,82828.11,https://ror.org/00h52n341
4498,4499,李亮,2020,苏州大学,研究领域,I3923682,Soochow University,exact,55506.996,https://ror.org/05t8y2r12
4499,4500,赵文祥,2020,江苏大学,研究领域,I115592961,Jiangsu University,exact,44892.11,https://ror.org/03jc41j30
4500,4501,雷亚国,2020,西安交通大学,研究领域,I87445476,Xi'an Jiaotong University,exact,70856.3,https://ror.org/017zhmm22
4501,4502,路德春,2020,北京工业大学,研究领域,I37796252,Beijing University of Technology,exact,32980.96,https://ror.org/037b1pp87
4502,4503,吴翊,2020,西安交通大学,研究领域,I87445476,Xi'an Jiaotong University,exact,70856.3,https://ror.org/017zhmm22
4503,4504,赵勇,2020,中国水利水电科学研究院,研究领域,I4210092032,China Institute of Water Resources and Hydropower Research,exact,20226.348,https://ror.org/00m4czf33
4504,4505,汪爱英,2020,中国科学院宁波材料技术与工程研究所,研究领域,I4210165339,Ningbo Institute of Industrial Technology,exact,57935.277,https://ror.org/05nqg3g04
4505,4506,何春年,2020,天津大学,研究领域,I162868743,Tianjin University,exact,61022.258,https://ror.org/012tb2g32
4506,4507,张军辉,2020,长沙理工大学,研究领域,I56934997,Changsha University of Science and Technology,exact,21798.738,https://ror.org/03yph8055
4507,4508,王育才,2020,中国科学技术大学,研究领域,I126520041,University of Science and Technology of China,exact,105356.01,https://ror.org/04c4dkn09
4508,4509,谷国迎,2020,上海交通大学,研究领域,I183067930,Shanghai Jiao Tong University,exact,99965.625,https://ror.org/0220qvk04
4509,4510,徐海阳,2020,东北师范大学,研究领域,I184983240,Northeast Normal University,exact,38794.863,https://ror.org/02rkvz144
4510,4511,李永兵,2020,上海交通大学,研究领域,I183067930,Shanghai Jiao Tong University,exact,99965.625,https://ror.org/0220qvk04
4511,4512,张璐璐,2020,上海交通大学,研究领域,I183067930,Shanghai Jiao Tong University,exact,99965.625,https://ror.org/0220qvk04
4512,4513,义理林,2020,上海交通大学,研究领域,I183067930,Shanghai Jiao Tong University,exact,99965.625,https://ror.org/0220qvk04
4513,4514,刘利刚,2020,中国科学技术大学,研究领域,I126520041,University of Science and Technology of China,exact,105356.01,https://ror.org/04c4dkn09
4514,4515,余学功,2020,浙江大学,研究领域,I76130692,Zhejiang University,exact,86971.77,https://ror.org/00a2xv884
4515,4516,付松年,2020,广东工业大学,研究领域,I139024713,Guangdong University of Technology,exact,35767.3,https://ror.org/04azbjn80
4516,4517,高云君,2020,浙江大学,研究领域,I76130692,Zhejiang University,exact,86971.77,https://ror.org/00a2xv884
4517,4518,马晓星,2020,南京大学,研究领域,I881766915,Nanjing University,exact,62417.22,https://ror.org/01rxvg760
4518,4519,席鹏,2020,北京大学,研究领域,I20231570,Peking University,exact,77618.14,https://ror.org/02v51f717
4519,4520,蔡一茂,2020,北京大学,研究领域,I20231570,Peking University,exact,77618.14,https://ror.org/02v51f717
4520,4521,崔庆华,2020,北京大学,研究领域,I20231570,Peking University,exact,77618.14,https://ror.org/02v51f717
4521,4522,韩根全,2020,西安电子科技大学,研究领域,I149594827,Xidian University,exact,38626.223,https://ror.org/05s92vm98
4522,4523,马思伟,2020,北京大学,研究领域,I20231570,Peking University,exact,77618.14,https://ror.org/02v51f717
4523,4524,殷柳国,2020,清华大学,研究领域,I99065089,Tsinghua University,exact,117751.195,https://ror.org/03cve4549
4524,4525,刘华平,2020,清华大学,研究领域,I99065089,Tsinghua University,exact,117751.195,https://ror.org/03cve4549
4525,4526,吴华强,2020,清华大学,研究领域,I99065089,Tsinghua University,exact,117751.195,https://ror.org/03cve4549
4526,4527,张广艳,2020,清华大学,研究领域,I99065089,Tsinghua University,exact,117751.195,https://ror.org/03cve4549
4527,4528,张蕾,2020,四川大学,研究领域,I24185976,Sichuan University,exact,75979.734,https://ror.org/011ashp19
4528,4529,杨明红,2020,武汉理工大学,研究领域,I196699116,Wuhan University of Technology,exact,61446.0,https://ror.org/03fe7t173
4529,4530,纪荣嵘,2020,厦门大学,研究领域,I191208505,Xiamen University,exact,63183.082,https://ror.org/00mcjh785
4530,4531,曹汛,2020,南京大学,研究领域,I881766915,Nanjing University,exact,62417.22,https://ror.org/01rxvg760
4531,4532,程龙,2020,中国科学院自动化研究所,研究领域,I4210112150,Institute of Automation,override,,
4532,4533,谷延锋,2020,哈尔滨工业大学,研究领域,I204983213,Harbin Institute of Technology,exact,115718.28,https://ror.org/01yqg2h08
4533,4534,李东升,2020,中国人民解放军国防科技大学,研究领域,I170215575,National University of Defense Technology,weak,24259.445,https://ror.org/05d2yfz11
4534,4535,吴帆,2020,上海交通大学,研究领域,I183067930,Shanghai Jiao Tong University,exact,99965.625,https://ror.org/0220qvk04
4535,4536,丁大志,2020,南京理工大学,研究领域,I36399199,Nanjing University of Science and Technology,exact,37372.695,https://ror.org/00xp9wg62
4536,4537,韩家广,2020,天津大学,研究领域,I162868743,Tianjin University,exact,61022.258,https://ror.org/012tb2g32
4537,4538,赵延龙,2020,中国科学院数学与系统科学研究院,研究领域,I4210120485,Academy of Mathematics and Systems Science,exact,29545.18,https://ror.org/02jkmyk67
4538,4539,佟存柱,2020,中国科学院长春光学精密机械与物理研究所,研究领域,I4210088164,"Changchun Institute of Optics, Fine Mechanics and Physics",exact,44597.24,https://ror.org/012rct222
4539,4540,郭斌,2020,西北工业大学,研究领域,I17145004,Northwestern Polytechnical University,exact,39779.9,https://ror.org/01y0j0j86
4540,4541,李世华,2020,东南大学,研究领域,I76569877,Southeast University,exact,48708.32,https://ror.org/04ct4d772
4541,4542,操晓春,2020,中国科学院信息工程研究所,研究领域,I4210156404,Institute of Information Engineering,exact,21831.826,https://ror.org/04r53se39
4542,4543,崔嵬,2020,北京理工大学,研究领域,I125839683,Beijing Institute of Technology,exact,60847.0,https://ror.org/01skt4w74
4543,4544,谢鲲,2020,湖南大学,研究领域,I16609230,Hunan University,exact,52153.906,https://ror.org/05htk5m33
4544,4545,许秀来,2020,中国科学院物理研究所,研究领域,I4210159876,Institute of Physics,exact,48215.63,https://ror.org/05cvf7v30
4545,4546,吕杭炳,2020,中国科学院微电子研究所,研究领域,I4210119392,Institute of Microelectronics,exact,38434.207,https://ror.org/02s6gs133
4546,4547,郭磊,2020,重庆邮电大学,研究领域,I10535382,Chongqing University of Posts and Telecommunications,exact,21949.795,https://ror.org/03dgaqz26
4547,4548,王建禄,2020,中国科学院上海技术物理研究所,研究领域,I4210135723,Shanghai Institute of Technical Physics,exact,28080.111,https://ror.org/02txedb84
4548,4549,王震,2020,西北工业大学,研究领域,I17145004,Northwestern Polytechnical University,exact,39779.9,https://ror.org/01y0j0j86
4549,4550,刘艳军,2020,辽宁工业大学,研究领域,I2898894,Liaoning University of Technology,exact,10627.598,https://ror.org/05ay23762
4550,4551,韩银和,2020,中国科学院计算技术研究所,研究领域,I4210090176,Institute of Computing Technology,exact,35008.836,https://ror.org/0090r4d87
4551,4552,杨健,2020,北京理工大学,研究领域,I125839683,Beijing Institute of Technology,exact,60847.0,https://ror.org/01skt4w74
4552,4553,康凯,2020,电子科技大学,研究领域,I150229711,University of Electronic Science and Technology of China,exact,50616.445,https://ror.org/04qr3zq92
4553,4554,陈彩莲,2020,上海交通大学,研究领域,I183067930,Shanghai Jiao Tong University,exact,99965.625,https://ror.org/0220qvk04
4554,4555,邓方,2020,北京理工大学,研究领域,I125839683,Beijing Institute of Technology,exact,60847.0,https://ror.org/01skt4w74
4555,4556,吴肖乐,2020,复旦大学,研究领域,I24943067,Fudan University,exact,92511.14,https://ror.org/013q1eq08
4556,4557,荣鹰,2020,上海交通大学,研究领域,I183067930,Shanghai Jiao Tong University,exact,99965.625,https://ror.org/0220qvk04
4557,4558,镇璐,2020,上海大学,研究领域,I113940042,Shanghai University,exact,33911.445,https://ror.org/006teas31
4558,4559,闫相斌,2020,北京科技大学,研究领域,I92403157,University of Science and Technology Beijing,exact,39476.645,https://ror.org/02egmk993
4559,4560,肖峰,2020,西南财经大学,研究领域,I204831749,Southwestern University of Finance and Economics,exact,16125.502,https://ror.org/04ewct822
4560,4561,魏玖长,2020,中国科学技术大学,研究领域,I126520041,University of Science and Technology of China,exact,105356.01,https://ror.org/04c4dkn09
4561,4562,鲁玺,2020,清华大学,研究领域,I99065089,Tsinghua University,exact,117751.195,https://ror.org/03cve4549
4562,4563,陈凯华,2020,中国科学院科技战略咨询研究院,研究领域,I4210116191,Institutes of Science and Development,exact,15601.18,https://ror.org/02ce9qs13
4563,4564,吕欣,2020,中国人民解放军国防科技大学,研究领域,I170215575,National University of Defense Technology,weak,24259.445,https://ror.org/05d2yfz11
4564,4565,曹志冬,2020,中国科学院自动化研究所,研究领域,I4210112150,Institute of Automation,override,,
4565,4566,刘胡丹,2020,武汉大学,研究领域,I37461747,Wuhan University,exact,84484.22,https://ror.org/033vjfk17
4566,4567,王迪,2020,浙江大学,研究领域,I76130692,Zhejiang University,exact,86971.77,https://ror.org/00a2xv884
4567,4568,陈万金,2020,福建医科大学,研究领域,I129708740,Fujian Medical University,exact,35809.926,https://ror.org/050s6ns64
4568,4569,甘勇,2020,中国科学院上海药物研究所,研究领域,I4210112820,Shanghai Institute of Materia Medica,exact,49811.605,https://ror.org/022syn853
4569,4570,章小清,2020,同济大学,研究领域,I116953780,Tongji University,exact,50689.016,https://ror.org/03rc6as71
4570,4571,周翔天,2020,温州医科大学,研究领域,I27781120,Wenzhou Medical University,exact,46452.773,https://ror.org/00rd5t069
4571,4572,李聪,2020,复旦大学,研究领域,I24943067,Fudan University,exact,92511.14,https://ror.org/013q1eq08
4572,4573,郑磊,2020,南方医科大学,研究领域,I58200834,Southern Medical University,exact,48235.527,https://ror.org/01vjw4z39
4573,4574,苏佳灿,2020,中国人民解放军第二军医大学,研究领域,I177933477,Second Military Medical University,exact,61741.094,https://ror.org/04tavpn47
4574,4575,毕惠嫦,2020,中山大学,研究领域,I157773358,Sun Yat-sen University,exact,72368.62,https://ror.org/0064kty71
4575,4576,王鹏,2020,复旦大学,研究领域,I24943067,Fudan University,exact,92511.14,https://ror.org/013q1eq08
4576,4577,张政,2020,南方科技大学,研究领域,I3045169105,Southern University of Science and Technology,exact,31445.506,https://ror.org/049tv2d57
4577,4578,杨吉春,2020,北京大学,研究领域,I20231570,Peking University,exact,77618.14,https://ror.org/02v51f717
4578,4579,邝栋明,2020,中山大学,研究领域,I157773358,Sun Yat-sen University,exact,72368.62,https://ror.org/0064kty71
4579,4580,王成硕,2020,首都医科大学,研究领域,I183519381,Capital Medical University,exact,70254.805,https://ror.org/013xs5b60
4580,4581,胡洪波,2020,四川大学,研究领域,I24185976,Sichuan University,exact,75979.734,https://ror.org/011ashp19
4581,4582,赵勇,2020,中山大学,研究领域,I157773358,Sun Yat-sen University,exact,72368.62,https://ror.org/0064kty71
4582,4583,姚红红,2020,东南大学,研究领域,I76569877,Southeast University,exact,48708.32,https://ror.org/04ct4d772
4583,4584,陈瑞,2020,首都医科大学,研究领域,I183519381,Capital Medical University,exact,70254.805,https://ror.org/013xs5b60
4584,4585,杨旗,2020,首都医科大学,研究领域,I183519381,Capital Medical University,exact,70254.805,https://ror.org/013xs5b60
4585,4586,张力,2020,上海交通大学,研究领域,I183067930,Shanghai Jiao Tong University,exact,99965.625,https://ror.org/0220qvk04
4586,4587,胡海,2020,中山大学,研究领域,I157773358,Sun Yat-sen University,exact,72368.62,https://ror.org/0064kty71
4587,4588,杨磊,2020,河北工业大学,研究领域,I184843921,Hebei University of Technology,exact,26948.07,https://ror.org/018hded08
4588,4589,胡颖,2020,哈尔滨工业大学,研究领域,I204983213,Harbin Institute of Technology,exact,115718.28,https://ror.org/01yqg2h08
4589,4590,吕奔,2020,中南大学,研究领域,I139660479,Central South University,exact,66159.63,https://ror.org/00f1zfq44
4590,4591,徐蔚海,2020,中国医学科学院北京协和医院,研究领域,I200296433,Chinese Academy of Medical Sciences & Peking Union Medical College,weak,59190.055,https://ror.org/02drdmm93
4591,4592,于政权,2020,中国农业大学,研究领域,I52158045,China Agricultural University,exact,58946.74,https://ror.org/04v3ywz14
4592,4593,赵金存,2020,广州医科大学,研究领域,I92039509,Guangzhou Medical University,exact,46344.0,https://ror.org/00zat6v61
4593,4594,王利,2020,中国医学科学院阜外医院,研究领域,I4210161896,Fu Wai Hospital,weak,11626.854,https://ror.org/0590dnz19
4594,4595,江陆斌,2020,中国科学院上海巴斯德研究所,研究领域,I4210096219,Institut Pasteur of Shanghai,exact,18459.21,https://ror.org/00w78qy64
4595,4596,张玉峰,2020,武汉大学,研究领域,I37461747,Wuhan University,exact,84484.22,https://ror.org/033vjfk17
4596,4597,何金汗,2020,四川大学,研究领域,I24185976,Sichuan University,exact,75979.734,https://ror.org/011ashp19
4597,4598,朱明昭,2020,中国科学院生物物理研究所,研究领域,I4210112540,Institute of Biophysics,exact,43632.348,https://ror.org/01tyv8576
4598,4599,潘欣,2020,中国人民解放军军事科学院军事医学研究院,研究领域,,,none,,
4599,4600,高山,2020,中国科学院苏州生物医学工程技术研究所,研究领域,I4210092817,Suzhou Institute of Biomedical Engineering and Technology,exact,16995.197,https://ror.org/00f58mx93
4600,4601,马鑫,2020,江南大学,研究领域,I111599522,Jiangnan University,exact,32182.512,https://ror.org/04mkzax54
4601,4602,施小明,2020,中国疾病预防控制中心环境与健康相关产品安全所,研究领域,,,none,,
4602,4603,陈建新,2020,北京中医药大学,研究领域,I17747738,Beijing University of Chinese Medicine,exact,27916.79,https://ror.org/05damtm70
