rid,src,all_gold,all_pred,all_margin,firstlast_gold,firstlast_pred,firstlast_margin,weighted_gold,weighted_pred,weighted_margin,fl+weight_gold,fl+weight_pred,fl+weight_margin,gold_fl_changed,gold_w_changed
213,round4_semtie,0.6061670780181885,0.6502482891082764,-0.04408121109008789,0.6061670780181885,0.6502482891082764,-0.04408121109008789,0.6502482891082764,0.6502482891082764,0.0,0.6502482891082764,0.6502482891082764,0.0,0,1
217,round4_maxpapers,0.5819094777107239,0.3799676299095154,0.2019418478012085,0.5819094777107239,0.3799676299095154,0.2019418478012085,0.5819094777107239,0.4013274908065796,0.1805819869041443,0.5819094777107239,0.37725114822387695,0.20465832948684692,0,0
218,round4_maxpapers,0.5759625434875488,0.5759625434875488,0.0,0.5759625434875488,0.5759625434875488,0.0,0.5759625434875488,0.5759625434875488,0.0,0.5759625434875488,0.5759625434875488,0.0,0,0
222,round3_semantic,0.5695725679397583,0.6250327229499817,-0.05546015501022339,0.5695725679397583,0.6250327229499817,-0.05546015501022339,0.5695725679397583,0.6250327229499817,-0.05546015501022339,0.5695725679397583,0.6250327229499817,-0.05546015501022339,0,0
226,round4_maxpapers,0.5523671507835388,0.5173684358596802,0.03499871492385864,0.5523671507835388,0.5040983557701111,0.048268795013427734,0.5523671507835388,0.5173684358596802,0.03499871492385864,0.5887874364852905,0.4732970595359802,0.1154903769493103,0,1
227,round4_semtie,0.5546441078186035,0.6537952423095703,-0.0991511344909668,0.5546441078186035,0.6537952423095703,-0.0991511344909668,0.6537952423095703,0.6537952423095703,0.0,0.6537952423095703,0.6537952423095703,0.0,0,1
228,round4_maxpapers,0.4013882279396057,0.4315224289894104,-0.030134201049804688,0.39394664764404297,0.4315224289894104,-0.03757578134536743,0.4013882279396057,0.4238762855529785,-0.022488057613372803,0.4013882279396057,0.4654161334037781,-0.06402790546417236,1,0
237,round4_semtie,0.6273294687271118,0.6273294687271118,0.0,0.6273294687271118,0.6273294687271118,0.0,0.6273294687271118,0.6273294687271118,0.0,0.6273294687271118,0.6273294687271118,0.0,0,1
238,round4_semtie,0.5460518598556519,0.670444905757904,-0.1243930459022522,0.5460518598556519,0.670444905757904,-0.1243930459022522,0.5460518598556519,0.670444905757904,-0.1243930459022522,0.5460518598556519,0.670444905757904,-0.1243930459022522,1,1
241,round4_maxpapers,0.5728137493133545,0.5728137493133545,0.0,0.5728137493133545,0.4725898802280426,0.10022386908531189,0.5728137493133545,0.4371701776981354,0.13564357161521912,0.5728137493133545,0.4725898802280426,0.10022386908531189,1,1
243,round4_maxpapers,0.6030265688896179,0.6030265688896179,0.0,0.6030265688896179,0.6030265688896179,0.0,0.6030265688896179,0.6030265688896179,0.0,0.6030265688896179,0.6030265688896179,0.0,0,1
244,round4_maxpapers,0.5550165772438049,0.5445257425308228,0.010490834712982178,0.5550165772438049,0.5445257425308228,0.010490834712982178,0.550607442855835,0.5445257425308228,0.006081700325012207,0.550607442855835,0.5445257425308228,0.006081700325012207,0,1
245,round4_maxpapers,0.5695370435714722,0.46124041080474854,0.10829663276672363,0.5695370435714722,0.46124041080474854,0.10829663276672363,0.5695370435714722,0.45100024342536926,0.1185368001461029,0.5695370435714722,0.45100024342536926,0.1185368001461029,0,1
247,round4_maxpapers,0.5507674217224121,0.5507674217224121,0.0,0.5507674217224121,0.5507674217224121,0.0,0.5507674217224121,0.5507674217224121,0.0,0.5507674217224121,0.5507674217224121,0.0,1,0
248,round3_semantic,0.6916972994804382,0.7233222723007202,-0.03162497282028198,0.6916972994804382,,,0.6916972994804382,0.7233222723007202,-0.03162497282028198,0.6916972994804382,,,1,1
249,round4_semtie,0.703208327293396,0.703208327293396,0.0,0.703208327293396,0.703208327293396,0.0,0.703208327293396,0.703208327293396,0.0,0.703208327293396,0.703208327293396,0.0,0,0
252,round4_semtie,0.7906947135925293,0.7906947135925293,0.0,0.7906947135925293,0.7906947135925293,0.0,0.5754320621490479,0.7906947135925293,-0.21526265144348145,0.5754320621490479,0.7906947135925293,-0.21526265144348145,0,1
254,round4_semtie,0.6580367088317871,0.6580367088317871,0.0,0.6580367088317871,0.5184203386306763,0.13961637020111084,0.6580367088317871,0.5105550289154053,0.14748167991638184,0.6580367088317871,0.5105550289154053,0.14748167991638184,1,0
259,round4_maxpapers,0.5066403150558472,0.5066403150558472,0.0,0.5066403150558472,0.5066403150558472,0.0,0.5066403150558472,0.5066403150558472,0.0,0.5066403150558472,0.5066403150558472,0.0,1,1
262,round4_maxpapers,0.5744727849960327,0.5744727849960327,0.0,0.5744727849960327,0.5744727849960327,0.0,0.5744727849960327,0.5744727849960327,0.0,0.5744727849960327,0.5744727849960327,0.0,0,1
265,round4_maxpapers,0.39373722672462463,0.5018490552902222,-0.10811182856559753,0.4860485792160034,0.4860485792160034,0.0,0.43883663415908813,0.5018490552902222,-0.06301242113113403,0.5868886709213257,0.4384351372718811,0.14845353364944458,1,1
266,round4_maxpapers,0.5157526731491089,0.5812596678733826,-0.06550699472427368,0.5157526731491089,0.5812596678733826,-0.06550699472427368,0.5157526731491089,0.5812596678733826,-0.06550699472427368,0.5157526731491089,0.5812596678733826,-0.06550699472427368,0,1
268,round4_semtie,0.563056468963623,0.7797737717628479,-0.21671730279922485,0.5268471240997314,0.7797737717628479,-0.25292664766311646,0.563056468963623,0.7797737717628479,-0.21671730279922485,0.5268471240997314,0.7797737717628479,-0.25292664766311646,1,1
271,round4_maxpapers,0.4804602861404419,0.5656760931015015,-0.08521580696105957,0.4804602861404419,0.5656760931015015,-0.08521580696105957,0.4804602861404419,0.5155987739562988,-0.035138487815856934,0.4804602861404419,0.5155987739562988,-0.035138487815856934,0,0
272,round4_semtie,0.5141397714614868,0.7393960952758789,-0.2252563238143921,0.5141397714614868,0.7393960952758789,-0.2252563238143921,0.5141397714614868,0.7393960952758789,-0.2252563238143921,0.5119072794914246,0.7393960952758789,-0.22748881578445435,1,0
274,round4_semtie,0.6344286203384399,0.6344286203384399,0.0,0.6344286203384399,0.6344286203384399,0.0,0.6344286203384399,0.6344286203384399,0.0,0.6344286203384399,0.6344286203384399,0.0,0,0
280,round4_maxpapers,0.5728137493133545,0.5347099304199219,0.03810381889343262,0.5728137493133545,0.5347099304199219,0.03810381889343262,0.5728137493133545,0.5347099304199219,0.03810381889343262,0.5728137493133545,0.5347099304199219,0.03810381889343262,0,1
282,round4_semtie,0.47719597816467285,0.6260559558868408,-0.14885997772216797,0.47719597816467285,0.6260559558868408,-0.14885997772216797,0.47719597816467285,0.49290284514427185,-0.015706866979599,0.47719597816467285,0.47719597816467285,0.0,0,1
286,round4_semtie,0.5250028371810913,0.6537952423095703,-0.128792405128479,0.5250028371810913,0.6537952423095703,-0.128792405128479,0.5250028371810913,0.5546441078186035,-0.029641270637512207,0.5250028371810913,0.5546441078186035,-0.029641270637512207,0,1
289,round4_semtie,0.40244603157043457,0.6221610307693481,-0.21971499919891357,0.40244603157043457,0.6221610307693481,-0.21971499919891357,0.3522624373435974,0.6221610307693481,-0.26989859342575073,0.3976398706436157,0.6221610307693481,-0.22452116012573242,1,1
290,round4_maxpapers,0.42894256114959717,0.4011967182159424,0.027745842933654785,0.42894256114959717,0.42334020137786865,0.005602359771728516,0.42894256114959717,0.37165820598602295,0.05728435516357422,0.42894256114959717,0.4850679934024811,-0.05612543225288391,0,1
291,round4_semtie,0.603515625,0.6600874662399292,-0.0565718412399292,0.603515625,0.6600874662399292,-0.0565718412399292,0.603515625,0.6600874662399292,-0.0565718412399292,0.603515625,0.6600874662399292,-0.0565718412399292,0,1
292,round3_semantic,0.46300625801086426,0.6580367088317871,-0.19503045082092285,0.46300625801086426,0.6580367088317871,-0.19503045082092285,0.4478313624858856,0.6580367088317871,-0.2102053463459015,0.4478313624858856,0.6580367088317871,-0.2102053463459015,0,1
297,round4_semtie,0.5973096489906311,0.6651444435119629,-0.06783479452133179,0.5973096489906311,0.5973096489906311,0.0,0.5973096489906311,0.618378758430481,-0.021069109439849854,0.5973096489906311,0.5973096489906311,0.0,0,0
303,round4_maxpapers,0.5629401206970215,0.4836620092391968,0.07927811145782471,0.5629401206970215,0.4836620092391968,0.07927811145782471,0.5629401206970215,0.4836620092391968,0.07927811145782471,0.5629401206970215,0.4836620092391968,0.07927811145782471,1,1
304,round4_semtie,0.4116858243942261,0.7977312207221985,-0.3860453963279724,0.4116858243942261,0.7977312207221985,-0.3860453963279724,0.450580894947052,0.7977312207221985,-0.3471503257751465,0.450580894947052,0.7977312207221985,-0.3471503257751465,0,1
305,round4_semtie,0.5892138481140137,0.688143253326416,-0.09892940521240234,0.5892138481140137,0.688143253326416,-0.09892940521240234,0.6205917596817017,0.688143253326416,-0.06755149364471436,0.6205917596817017,0.688143253326416,-0.06755149364471436,0,1
307,round4_semtie,0.4706829786300659,0.6575993299484253,-0.18691635131835938,0.3961786925792694,0.6575993299484253,-0.2614206373691559,0.40471309423446655,0.6575993299484253,-0.25288623571395874,0.42094123363494873,0.6575993299484253,-0.23665809631347656,1,1
311,round3_semantic,0.6105259656906128,0.7988878488540649,-0.18836188316345215,0.6105259656906128,0.7988878488540649,-0.18836188316345215,0.6105259656906128,0.7988878488540649,-0.18836188316345215,0.6105259656906128,0.7988878488540649,-0.18836188316345215,1,0
315,round4_maxpapers,0.3809267580509186,0.3976815640926361,-0.01675480604171753,0.3809267580509186,0.4448862671852112,-0.0639595091342926,0.3809267580509186,0.3976815640926361,-0.01675480604171753,0.3809267580509186,0.4448862671852112,-0.0639595091342926,0,1
318,round4_maxpapers,0.5268306732177734,0.4720686674118042,0.05476200580596924,0.5268306732177734,0.4861205518245697,0.040710121393203735,0.5268306732177734,0.5208359956741333,0.005994677543640137,0.5268306732177734,0.5208359956741333,0.005994677543640137,0,1
325,round3_semantic,0.7004481554031372,0.7918298244476318,-0.09138166904449463,0.7004481554031372,,,0.7004481554031372,0.7918298244476318,-0.09138166904449463,0.7004481554031372,,,1,0
328,round4_maxpapers,0.3839607238769531,0.39227840304374695,-0.008317679166793823,0.3839607238769531,0.4879744052886963,-0.10401368141174316,0.3839607238769531,0.3839607238769531,0.0,0.3839607238769531,0.5127236247062683,-0.12876290082931519,0,0
330,round3_semantic,0.6273294687271118,0.6273294687271118,0.0,0.6273294687271118,0.6273294687271118,0.0,0.5970868468284607,0.6273294687271118,-0.030242621898651123,0.5970868468284607,0.6533961296081543,-0.056309282779693604,0,1
332,round4_semtie,0.5349359512329102,0.727668821811676,-0.19273287057876587,0.5349359512329102,0.727668821811676,-0.19273287057876587,0.5349359512329102,0.727668821811676,-0.19273287057876587,0.5349359512329102,0.727668821811676,-0.19273287057876587,0,0
335,round3_semantic,0.5496904850006104,0.686522364616394,-0.1368318796157837,0.5496904850006104,0.4980112314224243,0.051679253578186035,0.5496904850006104,0.686522364616394,-0.1368318796157837,0.5496904850006104,0.5695536136627197,-0.019863128662109375,0,0
342,round4_semtie,0.5253720283508301,0.6837446689605713,-0.1583726406097412,0.6117675304412842,0.6117675304412842,0.0,0.6837446689605713,0.6837446689605713,0.0,0.6837446689605713,0.6117675304412842,0.07197713851928711,1,1
344,round4_maxpapers,0.4301722049713135,0.4140948951244354,0.016077309846878052,0.33554375171661377,0.4749404191970825,-0.13939666748046875,0.45368486642837524,0.40714120864868164,0.046543657779693604,0.45368486642837524,0.3596063554286957,0.09407851099967957,1,1
346,round4_semtie,0.5918831825256348,0.6648553609848022,-0.07297217845916748,0.5918831825256348,0.6648553609848022,-0.07297217845916748,0.5918831825256348,0.5433655977249146,0.048517584800720215,0.5918831825256348,0.583545982837677,0.008337199687957764,0,1
347,round3_semantic,0.6120617389678955,0.6691003441810608,-0.05703860521316528,0.6120617389678955,0.6008172035217285,0.011244535446166992,0.6120617389678955,0.6691003441810608,-0.05703860521316528,0.6120617389678955,0.6339248418807983,-0.021863102912902832,0,0
350,round4_maxpapers,0.5465375185012817,0.4808962345123291,0.06564128398895264,0.5465375185012817,0.494073748588562,0.05246376991271973,0.4610487222671509,0.4808962345123291,-0.019847512245178223,0.4610487222671509,0.5070459842681885,-0.0459972620010376,0,1
351,round4_maxpapers,0.39164912700653076,0.5400497913360596,-0.1484006643295288,0.39164912700653076,0.5400497913360596,-0.1484006643295288,0.41243845224380493,0.5400497913360596,-0.12761133909225464,0.4591076970100403,0.5400497913360596,-0.08094209432601929,1,1
354,round3_semantic,0.4915578365325928,0.7491363286972046,-0.2575784921646118,0.4915578365325928,0.6122630834579468,-0.120705246925354,0.4915578365325928,0.7491363286972046,-0.2575784921646118,0.4915578365325928,0.5230823755264282,-0.03152453899383545,0,0
355,round3_semantic,0.5486190319061279,0.6837446689605713,-0.13512563705444336,0.49735039472579956,0.6837446689605713,-0.18639427423477173,0.5981113910675049,0.6837446689605713,-0.0856332778930664,0.5981113910675049,0.6837446689605713,-0.0856332778930664,1,1
363,round3_semantic,0.4429859519004822,0.6754239797592163,-0.23243802785873413,0.4429859519004822,0.6754239797592163,-0.23243802785873413,0.4507255554199219,0.6754239797592163,-0.22469842433929443,0.4507255554199219,0.6754239797592163,-0.22469842433929443,0,1
366,round4_semtie,0.46649760007858276,0.6965410709381104,-0.2300434708595276,0.46649760007858276,0.6965410709381104,-0.2300434708595276,0.46649760007858276,0.6965410709381104,-0.2300434708595276,0.46649760007858276,0.6965410709381104,-0.2300434708595276,1,0
367,round4_semtie,0.49735039472579956,0.6837446689605713,-0.18639427423477173,0.6837446689605713,0.6837446689605713,0.0,0.6837446689605713,0.6837446689605713,0.0,0.6837446689605713,0.6837446689605713,0.0,1,1
368,round3_semantic,0.510351836681366,0.7419373393058777,-0.23158550262451172,0.510351836681366,,,0.510351836681366,0.7419373393058777,-0.23158550262451172,0.47977522015571594,,,0,1
373,round4_maxpapers,0.5032884478569031,0.5887874364852905,-0.08549898862838745,0.45761600136756897,0.5887874364852905,-0.13117143511772156,0.5032884478569031,0.5887874364852905,-0.08549898862838745,0.5032884478569031,0.5887874364852905,-0.08549898862838745,1,1
377,round4_semtie,0.5924801230430603,0.670444905757904,-0.07796478271484375,0.5924801230430603,0.670444905757904,-0.07796478271484375,0.5924801230430603,0.670444905757904,-0.07796478271484375,0.5924801230430603,0.670444905757904,-0.07796478271484375,1,0
386,round3_semantic,0.600238561630249,0.6344286799430847,-0.03419011831283569,0.600238561630249,0.6344286799430847,-0.03419011831283569,0.600238561630249,0.5564002990722656,0.0438382625579834,0.600238561630249,0.5564002990722656,0.0438382625579834,0,1
390,round4_semtie,0.4846205711364746,0.6865929365158081,-0.2019723653793335,0.4846205711364746,0.6865929365158081,-0.2019723653793335,0.4634343385696411,0.6865929365158081,-0.223158597946167,0.4634343385696411,0.6865929365158081,-0.223158597946167,0,1
396,round4_maxpapers,0.618981122970581,0.4120699465274811,0.20691117644309998,0.618981122970581,0.4120699465274811,0.20691117644309998,0.618981122970581,0.4120699465274811,0.20691117644309998,0.618981122970581,0.4120699465274811,0.20691117644309998,0,0
400,round2_inst,0.7075490951538086,0.4838891923427582,0.22365990281105042,0.7075490951538086,0.4838891923427582,0.22365990281105042,0.7075490951538086,0.4838891923427582,0.22365990281105042,0.7075490951538086,0.4838891923427582,0.22365990281105042,0,1
403,round4_semtie,0.6493556499481201,0.6433244943618774,0.006031155586242676,0.6493556499481201,0.5622298717498779,0.08712577819824219,0.5730327367782593,0.5622298717498779,0.010802865028381348,0.517471969127655,0.5622298717498779,-0.0447579026222229,1,1
404,round4_maxpapers,0.5043254494667053,0.5426579117774963,-0.038332462310791016,0.5043254494667053,0.5426579117774963,-0.038332462310791016,0.5043254494667053,0.5426579117774963,-0.038332462310791016,0.5043254494667053,0.5426579117774963,-0.038332462310791016,1,1
405,round4_semtie,0.5100233554840088,0.6454448699951172,-0.1354215145111084,0.6454448699951172,0.5100233554840088,0.1354215145111084,0.5100233554840088,0.6454448699951172,-0.1354215145111084,0.6454448699951172,0.5100233554840088,0.1354215145111084,1,1
406,round4_maxpapers,0.3712007999420166,0.47101444005966187,-0.09981364011764526,0.47101444005966187,0.37054917216300964,0.10046526789665222,0.410818874835968,0.37054917216300964,0.040269702672958374,0.410818874835968,0.37054917216300964,0.040269702672958374,1,1
407,round3_semantic,0.5664796829223633,0.6265205144882202,-0.060040831565856934,0.5664796829223633,0.5342607498168945,0.03221893310546875,0.5664796829223633,0.6265205144882202,-0.060040831565856934,0.5664796829223633,0.6265205144882202,-0.060040831565856934,0,1
410,round4_maxpapers,0.4380621314048767,0.48513728380203247,-0.04707515239715576,0.4380621314048767,0.48513728380203247,-0.04707515239715576,0.3985477089881897,0.44445931911468506,-0.04591161012649536,0.3985477089881897,0.4929589629173279,-0.09441125392913818,0,1
413,round2_inst,0.4231569468975067,0.4900388717651367,-0.06688192486763,0.4231569468975067,0.4900388717651367,-0.06688192486763,0.4231569468975067,0.4900388717651367,-0.06688192486763,0.42563432455062866,0.4900388717651367,-0.06440454721450806,1,0
414,round2_inst,0.38321053981781006,0.5247517824172974,-0.1415412425994873,0.38321053981781006,0.4603036642074585,-0.07709312438964844,0.38321053981781006,0.6525899767875671,-0.2693794369697571,0.38321053981781006,0.6525899767875671,-0.2693794369697571,1,1
415,round3_semantic,0.6481920480728149,0.6987243890762329,-0.05053234100341797,0.6481920480728149,0.6987243890762329,-0.05053234100341797,0.508599042892456,0.6987243890762329,-0.19012534618377686,0.6481920480728149,0.6987243890762329,-0.05053234100341797,1,1
421,round3_semantic,0.6151070594787598,0.695486307144165,-0.08037924766540527,0.567217230796814,0.695486307144165,-0.12826907634735107,0.567217230796814,0.5617044568061829,0.0055127739906311035,0.6151070594787598,0.5617044568061829,0.053402602672576904,1,1
427,round4_semtie,0.41611701250076294,0.6575993299484253,-0.24148231744766235,0.41611701250076294,0.6575993299484253,-0.24148231744766235,0.41611701250076294,0.6575993299484253,-0.24148231744766235,0.47733545303344727,0.6575993299484253,-0.18026387691497803,0,1
435,round4_maxpapers,0.5066403150558472,0.48998719453811646,0.016653120517730713,0.5066403150558472,,,0.5345402359962463,0.48998719453811646,0.04455304145812988,0.5066403150558472,,,0,1
436,round4_semtie,0.5487591028213501,0.6773077845573425,-0.12854868173599243,0.5487591028213501,0.6755422353744507,-0.12678313255310059,0.5342079401016235,0.6773077845573425,-0.143099844455719,0.5342079401016235,0.6755422353744507,-0.14133429527282715,1,1
440,round4_maxpapers,0.45601630210876465,0.4690519869327545,-0.013035684823989868,0.45601630210876465,0.4690519869327545,-0.013035684823989868,0.45601630210876465,0.4367539882659912,0.019262313842773438,0.45601630210876465,0.4367539882659912,0.019262313842773438,0,0
441,round3_semantic,0.4520735740661621,0.6825530529022217,-0.23047947883605957,0.4520735740661621,0.455793559551239,-0.0037199854850769043,0.4520735740661621,0.6825530529022217,-0.23047947883605957,0.4520735740661621,0.6825530529022217,-0.23047947883605957,0,1
443,round4_maxpapers,0.5213682055473328,0.418489933013916,0.10287827253341675,0.5213682055473328,0.418489933013916,0.10287827253341675,0.5213682055473328,0.418489933013916,0.10287827253341675,0.5213682055473328,0.4377201795578003,0.08364802598953247,1,1
448,round4_maxpapers,0.5824177265167236,0.5353875756263733,0.04703015089035034,0.5824177265167236,0.5353875756263733,0.04703015089035034,0.5824177265167236,0.5304841995239258,0.05193352699279785,0.5824177265167236,0.5304841995239258,0.05193352699279785,1,1
455,round4_maxpapers,0.5642790794372559,0.5642790794372559,0.0,0.4953397512435913,0.5642790794372559,-0.06893932819366455,0.5474026203155518,0.48475417494773865,0.06264844536781311,0.4953397512435913,0.5550691485404968,-0.05972939729690552,1,1
456,round4_maxpapers,0.42787355184555054,0.45133256912231445,-0.023459017276763916,0.42787355184555054,0.4607403874397278,-0.032866835594177246,0.42787355184555054,0.45133256912231445,-0.023459017276763916,0.42787355184555054,0.4607403874397278,-0.032866835594177246,0,1
459,round4_maxpapers,0.4954714775085449,0.5806317925453186,-0.08516031503677368,0.4954714775085449,0.5806317925453186,-0.08516031503677368,0.4954714775085449,0.5806317925453186,-0.08516031503677368,0.4954714775085449,0.5806317925453186,-0.08516031503677368,0,0
460,round4_maxpapers,0.5759111642837524,0.5759111642837524,0.0,0.5759111642837524,0.4144318103790283,0.16147935390472412,0.5778928995132446,0.5759111642837524,0.0019817352294921875,0.5778928995132446,0.4394358992576599,0.13845700025558472,0,1
461,round3_semantic,0.6397002339363098,0.6789839267730713,-0.039283692836761475,0.6397002339363098,,,0.5421481728553772,0.5560019612312317,-0.013853788375854492,0.6397002339363098,,,0,1
471,round4_maxpapers,0.38130027055740356,0.5845942497253418,-0.20329397916793823,0.415879487991333,0.5845942497253418,-0.1687147617340088,0.3558903634548187,0.5845942497253418,-0.22870388627052307,0.4006389379501343,0.5845942497253418,-0.18395531177520752,1,1
474,round3_semantic,0.5654537081718445,0.6473250389099121,-0.08187133073806763,0.5654537081718445,0.6473250389099121,-0.08187133073806763,0.6035116910934448,0.6035116910934448,0.0,0.6035116910934448,0.6158211827278137,-0.012309491634368896,0,1
475,round3_semantic,0.6916972994804382,0.7233222723007202,-0.03162497282028198,0.5932867527008057,0.5530309081077576,0.040255844593048096,0.6916972994804382,0.7233222723007202,-0.03162497282028198,0.6916972994804382,0.5530309081077576,0.13866639137268066,1,1
476,round4_maxpapers,0.5660443305969238,0.6197205781936646,-0.05367624759674072,0.43614259362220764,0.6197205781936646,-0.1835779845714569,0.5660443305969238,0.6197205781936646,-0.05367624759674072,0.4456394910812378,0.6197205781936646,-0.17408108711242676,1,1
478,round3_semantic,0.5292444825172424,0.6378376483917236,-0.1085931658744812,0.5292444825172424,0.5931403636932373,-0.06389588117599487,0.5292444825172424,0.6378376483917236,-0.1085931658744812,0.5292444825172424,0.5931403636932373,-0.06389588117599487,0,0
480,round4_maxpapers,0.43762245774269104,0.36134815216064453,0.07627430558204651,0.43762245774269104,0.36134815216064453,0.07627430558204651,0.5273986458778381,0.3739420771598816,0.15345656871795654,0.5273986458778381,0.3739420771598816,0.15345656871795654,0,1
482,round3_semantic,0.4285929799079895,0.6667190790176392,-0.23812609910964966,0.4285929799079895,0.6667190790176392,-0.23812609910964966,0.5419737696647644,0.6667190790176392,-0.12474530935287476,0.5419737696647644,0.6667190790176392,-0.12474530935287476,0,1
484,round4_maxpapers,0.5344356298446655,0.5351200103759766,-0.0006843805313110352,0.5344356298446655,0.5351200103759766,-0.0006843805313110352,0.43376123905181885,0.5778928995132446,-0.14413166046142578,0.43376123905181885,0.5778928995132446,-0.14413166046142578,0,1
486,round2_inst,0.5285487174987793,0.5399482846260071,-0.011399567127227783,0.5285487174987793,0.37275007367134094,0.15579864382743835,0.5285487174987793,0.5399482846260071,-0.011399567127227783,0.5285487174987793,0.5399482846260071,-0.011399567127227783,1,1
487,round3_semantic,0.5782956480979919,0.660871148109436,-0.08257550001144409,0.5782956480979919,0.660871148109436,-0.08257550001144409,0.660871148109436,0.660871148109436,0.0,0.660871148109436,0.660871148109436,0.0,0,1
488,round4_maxpapers,0.46054449677467346,0.4534103274345398,0.007134169340133667,0.46054449677467346,0.4534103274345398,0.007134169340133667,0.46755045652389526,0.46979257464408875,-0.0022421181201934814,0.46755045652389526,0.4534103274345398,0.014140129089355469,0,1
493,round4_semtie,0.5963559746742249,0.6691003441810608,-0.07274436950683594,0.5963559746742249,0.6279722452163696,-0.031616270542144775,0.6071346998214722,0.6691003441810608,-0.06196564435958862,0.5963559746742249,0.6279722452163696,-0.031616270542144775,0,1
494,round4_semtie,0.4394800066947937,0.6837446689605713,-0.2442646622657776,0.4394800066947937,0.6837446689605713,-0.2442646622657776,0.4394800066947937,0.6837446689605713,-0.2442646622657776,0.4394800066947937,0.6837446689605713,-0.2442646622657776,0,0
495,round4_maxpapers,0.45520544052124023,0.4531271457672119,0.0020782947540283203,0.5102664828300476,0.47378265857696533,0.036483824253082275,0.45520544052124023,0.47378265857696533,-0.018577218055725098,0.5102664828300476,0.47378265857696533,0.036483824253082275,1,0
498,round4_semtie,0.4496500492095947,0.6612977981567383,-0.21164774894714355,0.4496500492095947,0.6612977981567383,-0.21164774894714355,0.4537801146507263,0.6612977981567383,-0.20751768350601196,0.4537801146507263,0.6612977981567383,-0.20751768350601196,0,1
499,round4_maxpapers,0.5534313917160034,0.4864497184753418,0.06698167324066162,0.5534313917160034,0.4864497184753418,0.06698167324066162,0.5534313917160034,0.4864497184753418,0.06698167324066162,0.5534313917160034,0.4864497184753418,0.06698167324066162,0,0
500,round3_semantic,0.5716351270675659,0.6424702405929565,-0.07083511352539062,0.5716351270675659,0.6424702405929565,-0.07083511352539062,0.5716351270675659,0.6424702405929565,-0.07083511352539062,0.5716351270675659,0.6424702405929565,-0.07083511352539062,0,1
503,round4_semtie,0.5761047601699829,0.6487315893173218,-0.07262682914733887,0.5761047601699829,0.6487315893173218,-0.07262682914733887,0.6487315893173218,0.6487315893173218,0.0,0.6487315893173218,0.6487315893173218,0.0,0,1
510,round4_maxpapers,0.39960777759552,0.461367130279541,-0.061759352684020996,0.39960777759552,0.43421733379364014,-0.03460955619812012,0.39960777759552,0.43571212887763977,-0.03610435128211975,0.39960777759552,0.4161416292190552,-0.016533851623535156,0,0
516,round4_maxpapers,0.5663429498672485,0.5330990552902222,0.03324389457702637,0.5748166441917419,0.5330990552902222,0.041717588901519775,0.5748166441917419,0.5237139463424683,0.05110269784927368,0.5748166441917419,0.5237139463424683,0.05110269784927368,1,1
518,round4_semtie,0.5996806621551514,0.6338937282562256,-0.03421306610107422,0.5996806621551514,0.6338937282562256,-0.03421306610107422,0.5996806621551514,0.6338937282562256,-0.03421306610107422,0.5996806621551514,0.6338937282562256,-0.03421306610107422,0,1
522,round3_semantic,0.5430920124053955,0.6223915815353394,-0.07929956912994385,0.5430920124053955,,,0.593974232673645,0.6223915815353394,-0.028417348861694336,0.5430920124053955,,,0,1
523,round4_maxpapers,0.41928231716156006,0.5607476234436035,-0.14146530628204346,0.42751848697662354,0.5607476234436035,-0.13322913646697998,0.41928231716156006,0.5607476234436035,-0.14146530628204346,0.41928231716156006,0.5694742798805237,-0.15019196271896362,1,0
525,round4_semtie,0.5501139760017395,0.703208327293396,-0.1530943512916565,0.5280409455299377,0.703208327293396,-0.17516738176345825,0.5280409455299377,0.703208327293396,-0.17516738176345825,0.5280409455299377,0.703208327293396,-0.17516738176345825,1,1
527,round3_semantic,0.6266025304794312,0.7250281572341919,-0.09842562675476074,0.6266025304794312,0.7250281572341919,-0.09842562675476074,0.6266025304794312,0.7250281572341919,-0.09842562675476074,0.6266025304794312,0.7250281572341919,-0.09842562675476074,0,1
528,round3_semantic,0.5803645253181458,0.6788186430931091,-0.09845411777496338,0.5803645253181458,0.6788186430931091,-0.09845411777496338,0.5299561023712158,0.503606915473938,0.026349186897277832,0.5702158212661743,0.503606915473938,0.06660890579223633,1,1
533,round4_semtie,0.5837308764457703,0.7906947135925293,-0.20696383714675903,0.5837308764457703,0.7906947135925293,-0.20696383714675903,0.4502633512020111,0.7906947135925293,-0.3404313623905182,0.43120723962783813,0.7906947135925293,-0.35948747396469116,0,1
537,round4_semtie,0.4784022867679596,0.6986703872680664,-0.2202681005001068,0.5557234883308411,0.6986703872680664,-0.14294689893722534,0.4810546338558197,0.6986703872680664,-0.2176157534122467,0.6986703872680664,0.6986703872680664,0.0,1,1
538,round4_semtie,0.496986985206604,0.6837446689605713,-0.18675768375396729,0.496986985206604,0.6837446689605713,-0.18675768375396729,0.47150564193725586,0.6837446689605713,-0.21223902702331543,0.47150564193725586,0.6837446689605713,-0.21223902702331543,0,1
548,round3_semantic,0.5977966785430908,0.7004481554031372,-0.10265147686004639,0.6282497644424438,0.7004481554031372,-0.07219839096069336,0.6675899028778076,0.7004481554031372,-0.03285825252532959,0.5943899154663086,0.7004481554031372,-0.10605823993682861,1,1
555,round4_maxpapers,0.5607441663742065,0.5607441663742065,0.0,0.5607441663742065,0.5607441663742065,0.0,0.5607441663742065,0.5607441663742065,0.0,0.5607441663742065,0.5607441663742065,0.0,0,1
560,round2_inst,0.5507674217224121,0.5507674217224121,0.0,0.5507674217224121,0.5378255844116211,0.012941837310791016,0.5507674217224121,0.5507674217224121,0.0,0.5507674217224121,0.5378255844116211,0.012941837310791016,1,1
561,round4_semtie,0.6837446689605713,0.6837446689605713,0.0,0.6837446689605713,0.6837446689605713,0.0,0.6837446689605713,0.6837446689605713,0.0,0.6837446689605713,0.6837446689605713,0.0,0,1
563,round4_maxpapers,0.5381685495376587,0.46731752157211304,0.07085102796554565,0.5381685495376587,0.46731752157211304,0.07085102796554565,0.5381685495376587,0.506008505821228,0.032160043716430664,0.5381685495376587,0.5381685495376587,0.0,0,1
565,round2_inst,0.29346704483032227,0.4608086347579956,-0.16734158992767334,0.29346704483032227,0.4608086347579956,-0.16734158992767334,0.3356855511665344,0.4608086347579956,-0.12512308359146118,0.3356855511665344,0.4608086347579956,-0.12512308359146118,0,1
568,round4_semtie,0.5610308051109314,0.7113816738128662,-0.15035086870193481,0.5610308051109314,0.5610308051109314,0.0,0.7113816738128662,0.7113816738128662,0.0,0.7113816738128662,0.5599986910820007,0.15138298273086548,0,1
570,round4_semtie,0.47159677743911743,0.7131909728050232,-0.24159419536590576,0.47159677743911743,0.47159677743911743,0.0,0.4355969727039337,0.7131909728050232,-0.2775940001010895,0.5489498376846313,0.7131909728050232,-0.16424113512039185,1,1
571,round4_maxpapers,0.5039554238319397,0.5591851472854614,-0.05522972345352173,0.5039554238319397,0.5591851472854614,-0.05522972345352173,0.5230329036712646,0.5591851472854614,-0.03615224361419678,0.5735554099082947,0.5591851472854614,0.014370262622833252,1,1
572,round4_maxpapers,0.4857167601585388,0.524806022644043,-0.03908926248550415,0.4857167601585388,0.524806022644043,-0.03908926248550415,0.4857167601585388,0.524806022644043,-0.03908926248550415,0.4857167601585388,0.5343136787414551,-0.04859691858291626,0,0
573,round2_inst,0.558635413646698,0.5494691729545593,0.009166240692138672,0.3996388018131256,0.5494691729545593,-0.14983037114143372,0.45246416330337524,0.5494691729545593,-0.09700500965118408,0.3996388018131256,0.6383373737335205,-0.2386985719203949,1,1
577,round3_semantic,0.5977966785430908,0.7918298244476318,-0.19403314590454102,0.5977966785430908,0.7918298244476318,-0.19403314590454102,0.7918298244476318,0.7918298244476318,0.0,0.7918298244476318,0.7918298244476318,0.0,0,1
581,round3_semantic,0.606391191482544,0.6442064046859741,-0.037815213203430176,0.606391191482544,0.6442064046859741,-0.037815213203430176,0.606391191482544,0.6442064046859741,-0.037815213203430176,0.606391191482544,0.6442064046859741,-0.037815213203430176,0,1
582,round2_inst,0.6580367088317871,0.6580367088317871,0.0,0.6580367088317871,0.6580367088317871,0.0,0.6580367088317871,0.6580367088317871,0.0,0.6580367088317871,0.6580367088317871,0.0,0,1
588,round3_semantic,0.5552288293838501,0.6732657551765442,-0.11803692579269409,0.5552288293838501,,,0.5552288293838501,0.6732657551765442,-0.11803692579269409,0.5552288293838501,,,1,1
592,round4_maxpapers,0.5730893611907959,0.5730893611907959,0.0,0.4288647472858429,0.5730893611907959,-0.144224613904953,0.5730893611907959,0.5730893611907959,0.0,0.5594757199287415,0.5730893611907959,-0.013613641262054443,1,1
597,round4_semtie,0.41433948278427124,0.6603401899337769,-0.24600070714950562,0.4024813175201416,0.6603401899337769,-0.25785887241363525,0.4024813175201416,0.6603401899337769,-0.25785887241363525,0.4024813175201416,0.6603401899337769,-0.25785887241363525,1,1
598,round4_semtie,0.5027468204498291,0.6260559558868408,-0.12330913543701172,0.4969028830528259,0.6260559558868408,-0.1291530728340149,0.5828935503959656,0.6260559558868408,-0.043162405490875244,0.4969028830528259,0.6260559558868408,-0.1291530728340149,1,1
600,round4_semtie,0.5552186965942383,0.6273294687271118,-0.07211077213287354,0.5552186965942383,0.6273294687271118,-0.07211077213287354,0.514807403087616,0.6273294687271118,-0.11252206563949585,0.514807403087616,0.6273294687271118,-0.11252206563949585,0,1
601,round4_semtie,0.44720911979675293,0.7327594757080078,-0.2855503559112549,0.44720911979675293,0.5977370738983154,-0.1505279541015625,0.4174647331237793,0.7327594757080078,-0.3152947425842285,0.5083285570144653,0.7327594757080078,-0.22443091869354248,0,1
602,round3_semantic,0.4682588577270508,0.6217333078384399,-0.15347445011138916,0.4682588577270508,0.6217333078384399,-0.15347445011138916,0.46230193972587585,0.6217333078384399,-0.1594313681125641,0.46230193972587585,0.6217333078384399,-0.1594313681125641,0,1
604,round4_semtie,0.4907183051109314,0.7198122143745422,-0.22909390926361084,0.4907183051109314,0.7198122143745422,-0.22909390926361084,0.4907183051109314,0.7198122143745422,-0.22909390926361084,0.4907183051109314,0.7198122143745422,-0.22909390926361084,0,1
605,round4_maxpapers,0.36289966106414795,0.4401574730873108,-0.07725781202316284,0.42733287811279297,0.4582289755344391,-0.030896097421646118,0.42733287811279297,0.46755045652389526,-0.040217578411102295,0.42733287811279297,0.4582289755344391,-0.030896097421646118,1,1
610,round4_maxpapers,0.5475784540176392,0.5914719104766846,-0.04389345645904541,0.5914719104766846,0.5914719104766846,0.0,0.5914719104766846,0.5914719104766846,0.0,0.5914719104766846,0.5914719104766846,0.0,1,1
623,round4_semtie,0.496986985206604,0.6837446689605713,-0.18675768375396729,0.496986985206604,0.6837446689605713,-0.18675768375396729,0.47150564193725586,0.6837446689605713,-0.21223902702331543,0.47150564193725586,0.6837446689605713,-0.21223902702331543,0,1
631,round4_semtie,0.6179426312446594,0.6827418804168701,-0.0647992491722107,0.6827418804168701,0.6827418804168701,0.0,0.6827418804168701,0.6827418804168701,0.0,0.6827418804168701,0.6827418804168701,0.0,1,1
635,round4_semtie,0.4818350374698639,0.6391167640686035,-0.15728172659873962,0.4818350374698639,0.6843887567520142,-0.20255371928215027,0.4818350374698639,0.6391167640686035,-0.15728172659873962,0.4818350374698639,0.6843887567520142,-0.20255371928215027,0,0
644,round3_semantic,0.5974639654159546,0.703208327293396,-0.1057443618774414,0.5974639654159546,0.703208327293396,-0.1057443618774414,0.5974639654159546,0.703208327293396,-0.1057443618774414,0.5974639654159546,0.703208327293396,-0.1057443618774414,0,0
655,round4_maxpapers,0.6095628142356873,0.4121682047843933,0.19739460945129395,0.6095628142356873,0.4121682047843933,0.19739460945129395,0.46948787569999695,0.46948787569999695,0.0,0.6095628142356873,0.38408350944519043,0.22547930479049683,0,1
669,round4_semtie,0.4818350374698639,0.6391167640686035,-0.15728172659873962,0.4818350374698639,0.6391167640686035,-0.15728172659873962,0.4818350374698639,0.6391167640686035,-0.15728172659873962,0.4818350374698639,0.6391167640686035,-0.15728172659873962,0,0
676,round4_semtie,0.5446310043334961,0.7797737717628479,-0.2351427674293518,0.5446310043334961,0.7797737717628479,-0.2351427674293518,0.5315723419189453,0.7797737717628479,-0.2482014298439026,0.5315723419189453,0.7797737717628479,-0.2482014298439026,1,1
678,round4_maxpapers,0.4414316713809967,0.49816855788230896,-0.056736886501312256,0.4414316713809967,0.4762108325958252,-0.03477916121482849,0.47968345880508423,0.49816855788230896,-0.01848509907722473,0.47968345880508423,0.40015238523483276,0.07953107357025146,0,1
681,round4_semtie,0.5685427188873291,0.6773077845573425,-0.10876506567001343,0.5685427188873291,0.5119936466217041,0.056549072265625,0.5119936466217041,0.6773077845573425,-0.16531413793563843,0.5119936466217041,0.5008264780044556,0.011167168617248535,1,1
687,round4_semtie,0.6151095628738403,0.6798526644706726,-0.06474310159683228,0.6151095628738403,0.6798526644706726,-0.06474310159683228,0.6798526644706726,0.5642238855361938,0.11562877893447876,0.6798526644706726,0.5642238855361938,0.11562877893447876,0,1
688,round4_semtie,0.6151095628738403,0.6319896578788757,-0.0168800950050354,0.6151095628738403,0.6798526644706726,-0.06474310159683228,0.6798526644706726,0.6798526644706726,0.0,0.6798526644706726,0.6798526644706726,0.0,0,1
690,round4_semtie,0.46945467591285706,0.6370556354522705,-0.16760095953941345,0.46945467591285706,0.6370556354522705,-0.16760095953941345,0.46945467591285706,0.6370556354522705,-0.16760095953941345,0.46945467591285706,0.6370556354522705,-0.16760095953941345,0,1
691,round4_maxpapers,0.42103010416030884,0.5744727849960327,-0.15344268083572388,0.5744727849960327,0.5744727849960327,0.0,0.42103010416030884,0.5733551979064941,-0.1523250937461853,0.4296705722808838,0.5733551979064941,-0.14368462562561035,1,1
698,round3_semantic,0.49589380621910095,0.7977312207221985,-0.30183741450309753,0.49589380621910095,0.7977312207221985,-0.30183741450309753,0.49589380621910095,0.7977312207221985,-0.30183741450309753,0.49589380621910095,0.7977312207221985,-0.30183741450309753,1,1
701,round4_semtie,0.6071346998214722,0.6691003441810608,-0.06196564435958862,0.5963559746742249,0.6014733910560608,-0.0051174163818359375,0.6071346998214722,0.6691003441810608,-0.06196564435958862,0.6071346998214722,0.6149910688400269,-0.007856369018554688,1,0
705,round4_maxpapers,0.5529916882514954,0.511824905872345,0.04116678237915039,0.5529916882514954,0.511824905872345,0.04116678237915039,0.5529916882514954,0.4882543981075287,0.06473729014396667,0.5750339031219482,0.4882543981075287,0.08677950501441956,0,1
708,round4_semtie,0.5340728759765625,0.6294572353363037,-0.09538435935974121,0.5918831825256348,0.6294572353363037,-0.037574052810668945,0.5918831825256348,0.5433655977249146,0.048517584800720215,0.5918831825256348,0.5433655977249146,0.048517584800720215,1,1
717,round2_inst,0.42569297552108765,0.7496885061264038,-0.32399553060531616,0.40662771463394165,0.47040313482284546,-0.06377542018890381,0.40662771463394165,0.7496885061264038,-0.34306079149246216,0.40662771463394165,0.7496885061264038,-0.34306079149246216,1,1
720,round3_semantic,0.6184348464012146,0.7516782283782959,-0.1332433819770813,0.6184348464012146,0.7516782283782959,-0.1332433819770813,0.6184348464012146,0.7516782283782959,-0.1332433819770813,0.6184348464012146,0.7516782283782959,-0.1332433819770813,0,0
723,round4_maxpapers,0.6062684655189514,0.6062684655189514,0.0,0.6062684655189514,0.6062684655189514,0.0,0.6062684655189514,0.6062684655189514,0.0,0.6062684655189514,0.6062684655189514,0.0,0,1
724,round4_semtie,0.4124045968055725,0.6912961006164551,-0.27889150381088257,0.4124045968055725,0.6912961006164551,-0.27889150381088257,0.4362695813179016,0.6912961006164551,-0.25502651929855347,0.4362695813179016,0.5617702007293701,-0.1255006194114685,0,1
729,round4_maxpapers,0.4419867694377899,0.42956119775772095,0.01242557168006897,0.42956119775772095,0.42956119775772095,0.0,0.4419867694377899,0.4409414827823639,0.0010452866554260254,0.4419867694377899,0.4409414827823639,0.0010452866554260254,1,0
731,round4_maxpapers,0.4866373836994171,0.458953857421875,0.027683526277542114,0.4866373836994171,0.41516822576522827,0.07146915793418884,0.4866373836994171,0.458953857421875,0.027683526277542114,0.4866373836994171,0.41516822576522827,0.07146915793418884,0,1
736,round3_semantic,0.499847948551178,0.6837446689605713,-0.1838967204093933,0.5253720283508301,0.47228091955184937,0.05309110879898071,0.6837446689605713,0.6837446689605713,0.0,0.499847948551178,0.47228091955184937,0.027567028999328613,1,1
738,round4_semtie,0.5585572719573975,0.6533961296081543,-0.09483885765075684,0.5585572719573975,0.6533961296081543,-0.09483885765075684,0.565717339515686,0.6533961296081543,-0.08767879009246826,0.565717339515686,0.6533961296081543,-0.08767879009246826,1,1
744,round4_maxpapers,0.512299120426178,0.55649733543396,-0.04419821500778198,0.512299120426178,0.55649733543396,-0.04419821500778198,0.512299120426178,0.55649733543396,-0.04419821500778198,0.512299120426178,0.55649733543396,-0.04419821500778198,0,1
746,round4_semtie,0.514349102973938,0.6391167640686035,-0.12476766109466553,0.6454312801361084,0.514349102973938,0.1310821771621704,0.5563151836395264,0.6391167640686035,-0.08280158042907715,0.5563151836395264,0.6391167640686035,-0.08280158042907715,1,1
748,round4_maxpapers,0.5101370215415955,0.44628822803497314,0.06384879350662231,0.5101370215415955,0.46323102712631226,0.0469059944152832,0.5101370215415955,0.44628822803497314,0.06384879350662231,0.5101370215415955,0.49840521812438965,0.01173180341720581,0,1
749,round4_semtie,0.48013240098953247,0.6359797120094299,-0.15584731101989746,0.48013240098953247,0.6359797120094299,-0.15584731101989746,0.48013240098953247,0.6359797120094299,-0.15584731101989746,0.48013240098953247,0.6359797120094299,-0.15584731101989746,0,1
750,round4_maxpapers,0.4526282846927643,0.5376955270767212,-0.08506724238395691,0.4526282846927643,0.5376955270767212,-0.08506724238395691,0.5124949812889099,0.5376955270767212,-0.02520054578781128,0.4403465986251831,0.5376955270767212,-0.09734892845153809,1,1
751,round4_maxpapers,0.4544886648654938,0.47054824233055115,-0.016059577465057373,0.4544886648654938,0.47054824233055115,-0.016059577465057373,0.4544886648654938,0.47054824233055115,-0.016059577465057373,0.4544886648654938,0.47054824233055115,-0.016059577465057373,1,1
753,round4_semtie,0.42248833179473877,0.6288217306137085,-0.20633339881896973,0.4793007969856262,0.6288217306137085,-0.14952093362808228,0.4793007969856262,0.6288217306137085,-0.14952093362808228,0.4793007969856262,0.6288217306137085,-0.14952093362808228,1,1
758,round3_semantic,0.5564002990722656,0.6344286799430847,-0.07802838087081909,0.5564002990722656,0.5564002990722656,0.0,0.600238561630249,0.5907058715820312,0.009532690048217773,0.600238561630249,0.5564002990722656,0.0438382625579834,0,1
760,round4_maxpapers,0.44097965955734253,0.5201857089996338,-0.07920604944229126,0.44097965955734253,0.5201857089996338,-0.07920604944229126,0.4279894232749939,0.5201857089996338,-0.09219628572463989,0.44097965955734253,0.5201857089996338,-0.07920604944229126,1,1
765,round4_semtie,0.5784150958061218,0.7092175483703613,-0.1308024525642395,0.5784150958061218,0.7092175483703613,-0.1308024525642395,0.7092175483703613,0.7092175483703613,0.0,0.5784150958061218,0.7092175483703613,-0.1308024525642395,0,1
773,round4_semtie,0.4283091425895691,0.6273294687271118,-0.19902032613754272,0.4283091425895691,0.6273294687271118,-0.19902032613754272,0.4283091425895691,0.6273294687271118,-0.19902032613754272,0.4283091425895691,0.6273294687271118,-0.19902032613754272,0,0
775,round4_maxpapers,0.5156090259552002,0.5364034175872803,-0.020794391632080078,0.5156090259552002,0.48959267139434814,0.02601635456085205,0.5605457425117493,0.5364034175872803,0.024142324924468994,0.5605457425117493,0.48959267139434814,0.07095307111740112,1,1
776,round4_semtie,0.5568739175796509,0.6989854574203491,-0.14211153984069824,0.5568739175796509,0.6989854574203491,-0.14211153984069824,0.5568739175796509,0.6139232516288757,-0.057049334049224854,0.5568739175796509,0.6139232516288757,-0.057049334049224854,0,0
780,round3_semantic,0.7417004704475403,0.8010939359664917,-0.059393465518951416,0.7417004704475403,0.7417004704475403,0.0,0.7417004704475403,0.8010939359664917,-0.059393465518951416,0.7417004704475403,0.7417004704475403,0.0,0,1
782,round4_semtie,0.4522336721420288,0.6562970876693726,-0.20406341552734375,0.4522336721420288,0.6562970876693726,-0.20406341552734375,0.48890089988708496,0.6562970876693726,-0.1673961877822876,0.48890089988708496,0.6562970876693726,-0.1673961877822876,0,1
783,round4_maxpapers,0.44684502482414246,0.5542747974395752,-0.10742977261543274,0.44684502482414246,0.5542747974395752,-0.10742977261543274,0.44766655564308167,0.5542747974395752,-0.10660824179649353,0.455356627702713,0.5491562485694885,-0.09379962086677551,0,1
785,round4_semtie,0.477079838514328,0.6208345890045166,-0.1437547504901886,0.477079838514328,0.6208345890045166,-0.1437547504901886,0.477079838514328,0.6208345890045166,-0.1437547504901886,0.477079838514328,0.6208345890045166,-0.1437547504901886,0,1
787,round4_semtie,0.5977966785430908,0.7918298244476318,-0.19403314590454102,0.5977966785430908,0.7918298244476318,-0.19403314590454102,0.5943899154663086,0.7918298244476318,-0.19743990898132324,0.5943899154663086,0.7918298244476318,-0.19743990898132324,1,1
788,round3_semantic,0.45937901735305786,0.6455988883972168,-0.18621987104415894,0.45937901735305786,0.6455988883972168,-0.18621987104415894,0.45937901735305786,0.6455988883972168,-0.18621987104415894,0.45937901735305786,0.6455988883972168,-0.18621987104415894,0,1
789,round4_maxpapers,0.49021920561790466,0.4485163986682892,0.04170280694961548,0.49021920561790466,0.4735294580459595,0.01668974757194519,0.49021920561790466,0.4485163986682892,0.04170280694961548,0.49021920561790466,0.4735294580459595,0.01668974757194519,0,1
790,round4_semtie,0.4856131672859192,0.7902010679244995,-0.3045879006385803,0.4942760765552521,0.7902010679244995,-0.29592499136924744,0.7902010679244995,0.7902010679244995,0.0,0.7902010679244995,0.7902010679244995,0.0,1,1
793,round4_maxpapers,0.4532521069049835,0.5009182691574097,-0.04766616225242615,0.5745639801025391,0.5484660863876343,0.026097893714904785,0.5745639801025391,0.5009182691574097,0.0736457109451294,0.5745639801025391,0.46589571237564087,0.1086682677268982,1,1
801,round4_semtie,0.5411446690559387,0.6522091627120972,-0.11106449365615845,0.5411446690559387,0.6522091627120972,-0.11106449365615845,0.5411446690559387,0.6522091627120972,-0.11106449365615845,0.5411446690559387,0.6522091627120972,-0.11106449365615845,0,0
803,round4_semtie,0.5004152059555054,0.6721391081809998,-0.17172390222549438,0.6865929365158081,0.6721391081809998,0.01445382833480835,0.6721391081809998,0.6721391081809998,0.0,0.6721391081809998,0.6865929365158081,-0.01445382833480835,1,1
807,round4_semtie,0.5405052900314331,0.63029545545578,-0.08979016542434692,0.5405052900314331,0.5405052900314331,0.0,0.5688838362693787,0.5396448969841003,0.02923893928527832,0.5688838362693787,0.5396448969841003,0.02923893928527832,0,1
811,round4_maxpapers,0.5564002990722656,0.3872491121292114,0.1691511869430542,0.5564002990722656,0.5075176954269409,0.04888260364532471,0.5564002990722656,0.3872491121292114,0.1691511869430542,0.5564002990722656,0.3872491121292114,0.1691511869430542,0,1
815,round3_semantic,0.547733724117279,0.6441571712493896,-0.0964234471321106,0.547733724117279,,,0.547733724117279,0.6441571712493896,-0.0964234471321106,0.6441571712493896,,,1,0
816,round4_semtie,0.5410500168800354,0.6327632665634155,-0.09171324968338013,0.5282667279243469,0.6327632665634155,-0.1044965386390686,0.5410500168800354,0.6327632665634155,-0.09171324968338013,0.5410500168800354,0.6327632665634155,-0.09171324968338013,1,0
818,round3_semantic,0.5860798358917236,0.6770036220550537,-0.09092378616333008,0.6189346313476562,0.6770036220550537,-0.05806899070739746,0.6189346313476562,0.6770036220550537,-0.05806899070739746,0.6189346313476562,0.6770036220550537,-0.05806899070739746,1,1
820,round4_semtie,0.4987209439277649,0.6256189942359924,-0.12689805030822754,0.543850302696228,0.6256189942359924,-0.0817686915397644,0.4987209439277649,0.6256189942359924,-0.12689805030822754,0.4987209439277649,0.6256189942359924,-0.12689805030822754,1,1
825,round4_semtie,0.577742338180542,0.6420066356658936,-0.06426429748535156,0.577742338180542,0.6420066356658936,-0.06426429748535156,0.577742338180542,0.6420066356658936,-0.06426429748535156,0.6667190790176392,0.6420066356658936,0.024712443351745605,0,0
826,round4_maxpapers,0.4954714775085449,0.47803357243537903,0.017437905073165894,0.4954714775085449,0.5806317925453186,-0.08516031503677368,0.4954714775085449,0.47803357243537903,0.017437905073165894,0.4474695324897766,0.5806317925453186,-0.133162260055542,0,0
827,round4_semtie,0.6101658344268799,0.6788186430931091,-0.06865280866622925,0.6101658344268799,0.46208256483078003,0.14808326959609985,0.5983890295028687,0.46208256483078003,0.13630646467208862,0.5983890295028687,0.46208256483078003,0.13630646467208862,0,1
828,round4_maxpapers,0.5802738666534424,0.5117982625961304,0.06847560405731201,0.6087742447853088,0.5117982625961304,0.09697598218917847,0.6087742447853088,0.5117982625961304,0.09697598218917847,0.6087742447853088,0.5117982625961304,0.09697598218917847,1,1
830,round4_semtie,0.5591814517974854,0.707655131816864,-0.14847368001937866,0.5591814517974854,0.49936091899871826,0.05982053279876709,0.707655131816864,0.707655131816864,0.0,0.707655131816864,0.707655131816864,0.0,0,1
837,round3_semantic,0.6797012686729431,0.716404914855957,-0.036703646183013916,0.6184348464012146,0.716404914855957,-0.09797006845474243,0.6797012686729431,0.716404914855957,-0.036703646183013916,0.6797012686729431,0.716404914855957,-0.036703646183013916,1,0
838,round3_semantic,0.5903496742248535,0.6625574827194214,-0.07220780849456787,0.6625574827194214,,,0.5903496742248535,0.6625574827194214,-0.07220780849456787,0.6625574827194214,,,1,0
840,round4_semtie,0.5690582990646362,0.6481920480728149,-0.07913374900817871,0.5690582990646362,0.6481920480728149,-0.07913374900817871,0.5690582990646362,0.6481920480728149,-0.07913374900817871,0.5690582990646362,0.6481920480728149,-0.07913374900817871,0,0
857,round4_maxpapers,0.5534313917160034,0.5534313917160034,0.0,0.5534313917160034,0.5534313917160034,0.0,0.5534313917160034,0.5534313917160034,0.0,0.5534313917160034,0.5534313917160034,0.0,0,0
858,round3_semantic,0.5585572719573975,0.6273294687271118,-0.06877219676971436,0.5585572719573975,0.6273294687271118,-0.06877219676971436,0.4376670718193054,0.6273294687271118,-0.1896623969078064,0.4376670718193054,0.6273294687271118,-0.1896623969078064,0,1
863,round4_semtie,0.46370095014572144,0.6579578518867493,-0.19425690174102783,0.46370095014572144,0.6579578518867493,-0.19425690174102783,0.523686945438385,0.6579578518867493,-0.13427090644836426,0.46370095014572144,0.6579578518867493,-0.19425690174102783,0,1
864,round4_maxpapers,0.43264174461364746,0.45667019486427307,-0.02402845025062561,0.43264174461364746,0.45667019486427307,-0.02402845025062561,0.43264174461364746,0.45667019486427307,-0.02402845025062561,0.43264174461364746,0.45667019486427307,-0.02402845025062561,0,0
866,round4_maxpapers,0.46248891949653625,0.46999385952949524,-0.007504940032958984,0.47574418783187866,0.46999385952949524,0.005750328302383423,0.47574418783187866,0.46999385952949524,0.005750328302383423,0.47523531317710876,0.46999385952949524,0.005241453647613525,1,1
875,round4_maxpapers,0.6169906854629517,0.6169906854629517,0.0,0.6169906854629517,0.6169906854629517,0.0,0.6169906854629517,0.6169906854629517,0.0,0.6169906854629517,0.6169906854629517,0.0,0,1
878,round3_semantic,0.5382124185562134,0.6480081081390381,-0.10979568958282471,0.5382124185562134,0.6480081081390381,-0.10979568958282471,0.5382124185562134,0.6480081081390381,-0.10979568958282471,0.5382124185562134,0.6480081081390381,-0.10979568958282471,0,0
879,round4_semtie,0.5661706924438477,0.6313695907592773,-0.06519889831542969,0.44692543148994446,0.6313695907592773,-0.18444415926933289,0.5661706924438477,0.5789397954940796,-0.012769103050231934,0.4665110111236572,0.6313695907592773,-0.16485857963562012,1,1
889,round4_maxpapers,0.4703561067581177,0.47844547033309937,-0.00808936357498169,0.4703561067581177,0.47844547033309937,-0.00808936357498169,0.4703561067581177,0.45970243215560913,0.010653674602508545,0.4703561067581177,0.45970243215560913,0.010653674602508545,0,0
890,round4_maxpapers,0.5836149454116821,0.46744784712791443,0.1161670982837677,0.5836149454116821,0.46744784712791443,0.1161670982837677,0.5030738115310669,0.46744784712791443,0.035625964403152466,0.5030738115310669,0.46744784712791443,0.035625964403152466,0,1
894,round3_semantic,0.5180964469909668,0.6263970136642456,-0.10830056667327881,0.5180964469909668,0.5390496850013733,-0.020953238010406494,0.5532873868942261,0.7496885061264038,-0.19640111923217773,0.7496885061264038,0.6263970136642456,0.1232914924621582,0,1
895,round4_maxpapers,0.5232976675033569,0.48517370223999023,0.0381239652633667,0.45080316066741943,0.48517370223999023,-0.0343705415725708,0.4480922818183899,0.48517370223999023,-0.03708142042160034,0.42697858810424805,0.48517370223999023,-0.05819511413574219,1,1
900,round4_semtie,0.5919268131256104,0.6575833559036255,-0.06565654277801514,0.5919268131256104,0.6575833559036255,-0.06565654277801514,0.5919268131256104,0.6575833559036255,-0.06565654277801514,0.5919268131256104,0.6575833559036255,-0.06565654277801514,0,1
905,round2_inst,0.47335678339004517,0.6459906697273254,-0.17263388633728027,0.514392077922821,0.6459906697273254,-0.1315985918045044,0.47335678339004517,0.6459906697273254,-0.17263388633728027,0.49425241351127625,0.6459906697273254,-0.1517382562160492,1,0
906,round4_maxpapers,0.4618910551071167,0.4925737679004669,-0.03068271279335022,0.4618910551071167,0.4925737679004669,-0.03068271279335022,0.46064963936805725,0.4925737679004669,-0.03192412853240967,0.46064963936805725,0.5243861079216003,-0.06373646855354309,1,1
910,round4_semtie,0.5824177265167236,0.6844075918197632,-0.10198986530303955,0.5824177265167236,0.5824177265167236,0.0,0.5824177265167236,0.6844075918197632,-0.10198986530303955,0.5824177265167236,0.5824177265167236,0.0,0,1
918,round4_semtie,0.623780369758606,0.6691003441810608,-0.045319974422454834,0.6309603452682495,0.6279722452163696,0.002988100051879883,0.623780369758606,0.6691003441810608,-0.045319974422454834,0.623780369758606,0.6279722452163696,-0.004191875457763672,1,0
919,round4_maxpapers,0.5591267943382263,0.5276033282279968,0.03152346611022949,0.5591267943382263,0.5666754841804504,-0.007548689842224121,0.549985945224762,0.5276033282279968,0.022382616996765137,0.4672122895717621,0.5666754841804504,-0.09946319460868835,1,1
920,round4_semtie,0.5923036336898804,0.6309603452682495,-0.03865671157836914,0.5923036336898804,0.6309603452682495,-0.03865671157836914,0.5305229425430298,0.6339248418807983,-0.10340189933776855,0.5305229425430298,0.6309603452682495,-0.10043740272521973,1,1
921,round4_maxpapers,0.5605457425117493,0.45302003622055054,0.10752570629119873,0.5156090259552002,0.45302003622055054,0.06258898973464966,0.5605457425117493,0.45302003622055054,0.10752570629119873,0.44386783242225647,0.45302003622055054,-0.009152203798294067,1,1
923,round4_semtie,0.5927466154098511,0.6392631530761719,-0.0465165376663208,0.7977312207221985,0.6079015731811523,0.18982964754104614,0.6392631530761719,0.5927466154098511,0.0465165376663208,0.6079015731811523,0.6079015731811523,0.0,1,1
927,round4_maxpapers,0.49380046129226685,0.6147415041923523,-0.12094104290008545,0.49380046129226685,0.6147415041923523,-0.12094104290008545,0.49380046129226685,0.4731181859970093,0.02068227529525757,0.49380046129226685,0.5148122906684875,-0.021011829376220703,0,0
931,round4_maxpapers,0.5559391975402832,0.5056774020195007,0.05026179552078247,0.5559391975402832,0.4012197256088257,0.15471947193145752,0.5559391975402832,0.5056774020195007,0.05026179552078247,0.5559391975402832,0.4012197256088257,0.15471947193145752,1,1
935,round3_semantic,0.4249809980392456,0.6302341222763062,-0.20525312423706055,0.44528287649154663,0.6302341222763062,-0.18495124578475952,0.4249809980392456,0.475984662771225,-0.05100366473197937,0.43257832527160645,0.6302341222763062,-0.1976557970046997,1,0
936,round4_semtie,0.5480058789253235,0.6273294687271118,-0.07932358980178833,0.5480058789253235,0.6273294687271118,-0.07932358980178833,0.5308388471603394,0.5480058789253235,-0.01716703176498413,0.5308388471603394,0.5480058789253235,-0.01716703176498413,0,1
937,round4_maxpapers,0.40080514550209045,0.5174143314361572,-0.11660918593406677,0.40080514550209045,0.5174143314361572,-0.11660918593406677,0.40080514550209045,0.5265017747879028,-0.12569662928581238,0.40080514550209045,0.5265017747879028,-0.12569662928581238,0,0
938,round4_semtie,0.5330990552902222,0.7113816738128662,-0.17828261852264404,0.5610308051109314,0.7113816738128662,-0.15035086870193481,0.541236162185669,0.5610308051109314,-0.01979464292526245,0.541236162185669,0.5610308051109314,-0.01979464292526245,1,1
939,round3_semantic,0.5555002093315125,0.7142053842544556,-0.15870517492294312,0.5555002093315125,0.5461642146110535,0.009335994720458984,0.5555002093315125,0.5461642146110535,0.009335994720458984,0.5555002093315125,0.5461642146110535,0.009335994720458984,0,0
944,round4_maxpapers,0.3629339039325714,0.460043728351593,-0.0971098244190216,0.3629339039325714,0.460043728351593,-0.0971098244190216,0.3629339039325714,0.460043728351593,-0.0971098244190216,0.3629339039325714,0.460043728351593,-0.0971098244190216,0,0
945,round4_semtie,0.5782956480979919,0.660871148109436,-0.08257550001144409,0.660871148109436,0.660871148109436,0.0,0.5782956480979919,0.660871148109436,-0.08257550001144409,0.660871148109436,0.660871148109436,0.0,1,1
949,round4_maxpapers,0.34031784534454346,0.4284774363040924,-0.08815959095954895,0.34031784534454346,0.4883873760700226,-0.14806953072547913,0.34031784534454346,0.4284774363040924,-0.08815959095954895,0.34031784534454346,0.4270179867744446,-0.08670014142990112,0,1
956,round4_maxpapers,0.5477482080459595,0.5477482080459595,0.0,0.5477482080459595,0.5477482080459595,0.0,0.5477482080459595,0.5477482080459595,0.0,0.5477482080459595,0.5477482080459595,0.0,0,1
961,round3_semantic,0.5974639654159546,0.703208327293396,-0.1057443618774414,0.5974639654159546,0.703208327293396,-0.1057443618774414,0.703208327293396,0.703208327293396,0.0,0.703208327293396,0.703208327293396,0.0,0,1
967,round4_maxpapers,0.6118791103363037,0.4715360999107361,0.14034301042556763,0.6118791103363037,0.4715360999107361,0.14034301042556763,0.6118791103363037,0.4715360999107361,0.14034301042556763,0.6118791103363037,0.4715360999107361,0.14034301042556763,1,1
972,round4_maxpapers,0.47320836782455444,0.5451846122741699,-0.07197624444961548,0.47320836782455444,0.5451846122741699,-0.07197624444961548,0.44053131341934204,0.5451846122741699,-0.10465329885482788,0.41687262058258057,0.5451846122741699,-0.12831199169158936,1,1
977,round4_maxpapers,0.5507674217224121,0.3864424228668213,0.16432499885559082,0.5507674217224121,0.3864424228668213,0.16432499885559082,0.5507674217224121,0.3864424228668213,0.16432499885559082,0.5507674217224121,0.3864424228668213,0.16432499885559082,0,1
978,round4_semtie,0.4331252872943878,0.6278905272483826,-0.19476523995399475,0.4331252872943878,0.6278905272483826,-0.19476523995399475,0.4331252872943878,0.6278905272483826,-0.19476523995399475,0.4331252872943878,0.6278905272483826,-0.19476523995399475,1,1
980,round4_maxpapers,0.5457375049591064,0.4388576149940491,0.10687988996505737,0.5457375049591064,0.4388576149940491,0.10687988996505737,0.5457375049591064,0.4388576149940491,0.10687988996505737,0.5457375049591064,0.4388576149940491,0.10687988996505737,0,0
986,round3_semantic,0.5173786282539368,0.6287598609924316,-0.11138123273849487,0.5173786282539368,0.6287598609924316,-0.11138123273849487,0.5173786282539368,0.6287598609924316,-0.11138123273849487,0.5173786282539368,0.6287598609924316,-0.11138123273849487,0,0
987,round3_semantic,0.6770036220550537,0.8189979195594788,-0.14199429750442505,0.6770036220550537,0.8189979195594788,-0.14199429750442505,0.6770036220550537,0.8189979195594788,-0.14199429750442505,0.6770036220550537,0.8189979195594788,-0.14199429750442505,0,1
990,round3_semantic,0.6009061932563782,0.6704384684562683,-0.06953227519989014,0.6009061932563782,0.6704384684562683,-0.06953227519989014,0.6195544004440308,0.6704384684562683,-0.05088406801223755,0.6195544004440308,0.6704384684562683,-0.05088406801223755,0,1
991,round4_maxpapers,0.5743938088417053,0.4627169370651245,0.11167687177658081,0.5648728609085083,0.4627169370651245,0.10215592384338379,0.5743938088417053,0.4627169370651245,0.11167687177658081,0.5743938088417053,0.4627169370651245,0.11167687177658081,1,0
1003,round4_maxpapers,0.5759111642837524,0.5759111642837524,0.0,0.4464735984802246,0.42927950620651245,0.017194092273712158,0.5759111642837524,0.5759111642837524,0.0,0.5249473452568054,0.5759111642837524,-0.05096381902694702,1,1
1006,round3_semantic,0.4428550601005554,0.6543662548065186,-0.21151119470596313,0.4428550601005554,0.6543662548065186,-0.21151119470596313,0.42845287919044495,0.6543662548065186,-0.2259133756160736,0.39260369539260864,0.6543662548065186,-0.2617625594139099,0,1
1014,round3_semantic,0.6071346998214722,0.6689470410346985,-0.06181234121322632,0.6071346998214722,0.6689470410346985,-0.06181234121322632,0.6071346998214722,0.6689470410346985,-0.06181234121322632,0.6071346998214722,0.6689470410346985,-0.06181234121322632,0,0
1020,round3_semantic,0.44691044092178345,0.7393960952758789,-0.29248565435409546,0.44691044092178345,0.7393960952758789,-0.29248565435409546,0.4805983901023865,0.7393960952758789,-0.25879770517349243,0.4805983901023865,0.7393960952758789,-0.25879770517349243,0,1
1021,round4_semtie,0.4960358738899231,0.6301104426383972,-0.13407456874847412,0.39749234914779663,0.49672576785087585,-0.09923341870307922,0.5063973069190979,0.6301104426383972,-0.12371313571929932,0.5063973069190979,0.6301104426383972,-0.12371313571929932,1,1
1022,round4_maxpapers,0.32886338233947754,0.382434606552124,-0.053571224212646484,0.32886338233947754,0.382434606552124,-0.053571224212646484,0.33270519971847534,0.382434606552124,-0.04972940683364868,0.33270519971847534,0.382434606552124,-0.04972940683364868,0,1
1024,round4_semtie,0.5215591192245483,0.7025802135467529,-0.1810210943222046,0.5670508742332458,0.7075490951538086,-0.14049822092056274,0.5136164426803589,0.7025802135467529,-0.18896377086639404,0.5909233093261719,0.7075490951538086,-0.11662578582763672,1,1
1027,round4_maxpapers,0.5426579117774963,0.4828067421913147,0.05985116958618164,0.5426579117774963,0.4828067421913147,0.05985116958618164,0.5491806864738464,0.4828067421913147,0.06637394428253174,0.5426579117774963,0.4828067421913147,0.05985116958618164,0,1
1037,round4_semtie,0.46342360973358154,0.648350715637207,-0.1849271059036255,0.46342360973358154,0.648350715637207,-0.1849271059036255,0.46342360973358154,0.648350715637207,-0.1849271059036255,0.46342360973358154,0.648350715637207,-0.1849271059036255,0,0
1039,round4_maxpapers,0.4585512578487396,0.38024306297302246,0.07830819487571716,0.4585512578487396,0.4321083128452301,0.02644294500350952,0.4585512578487396,0.4879537522792816,-0.029402494430541992,0.4585512578487396,0.36213964223861694,0.09641161561012268,0,1
1041,round4_maxpapers,0.4981827735900879,0.5018490552902222,-0.0036662817001342773,0.4981827735900879,0.470209002494812,0.02797377109527588,0.4981827735900879,0.5018490552902222,-0.0036662817001342773,0.4981827735900879,0.470209002494812,0.02797377109527588,1,1
1044,round3_semantic,0.5165208578109741,0.6367506980895996,-0.12022984027862549,0.5165208578109741,0.5368238687515259,-0.020303010940551758,0.5165208578109741,0.6367506980895996,-0.12022984027862549,0.5165208578109741,0.6367506980895996,-0.12022984027862549,0,1
1046,round4_semtie,0.4896756410598755,0.703208327293396,-0.2135326862335205,0.4896756410598755,0.703208327293396,-0.2135326862335205,0.43631941080093384,0.703208327293396,-0.26688891649246216,0.43631941080093384,0.703208327293396,-0.26688891649246216,1,1
1048,round4_maxpapers,0.5801724195480347,0.48923149704933167,0.090940922498703,0.5801724195480347,0.48923149704933167,0.090940922498703,0.5801724195480347,0.48923149704933167,0.090940922498703,0.576357364654541,0.48923149704933167,0.08712586760520935,0,0
1057,round4_maxpapers,0.47383996844291687,0.5256845951080322,-0.051844626665115356,0.47383996844291687,0.5256845951080322,-0.051844626665115356,0.47538504004478455,0.5256845951080322,-0.05029955506324768,0.534515380859375,0.5256845951080322,0.008830785751342773,0,1
1059,round4_maxpapers,0.3654354512691498,0.5984578132629395,-0.23302236199378967,0.3891902565956116,0.5151721835136414,-0.12598192691802979,0.4122757911682129,0.5984578132629395,-0.18618202209472656,0.39141780138015747,0.5984578132629395,-0.20704001188278198,1,1
1061,round4_maxpapers,0.42424896359443665,0.4209302067756653,0.0033187568187713623,0.42424896359443665,0.5744649767875671,-0.1502160131931305,0.43109405040740967,0.43109405040740967,0.0,0.43109405040740967,0.5432511568069458,-0.11215710639953613,0,1
1062,round4_maxpapers,0.4465620517730713,0.4039762616157532,0.042585790157318115,0.4465620517730713,0.4039762616157532,0.042585790157318115,0.4465620517730713,0.4039762616157532,0.042585790157318115,0.4465620517730713,0.4039762616157532,0.042585790157318115,1,1
1064,round4_maxpapers,0.4193524718284607,0.45041215419769287,-0.031059682369232178,0.4193524718284607,0.45041215419769287,-0.031059682369232178,0.4193524718284607,0.45041215419769287,-0.031059682369232178,0.4193524718284607,0.45041215419769287,-0.031059682369232178,1,1
1068,round4_maxpapers,0.464211642742157,0.44628822803497314,0.017923414707183838,0.464211642742157,0.46323102712631226,0.0009806156158447266,0.464211642742157,0.46323102712631226,0.0009806156158447266,0.464211642742157,0.46323102712631226,0.0009806156158447266,0,1
1073,round4_semtie,0.5844817161560059,0.6377917528152466,-0.05331003665924072,0.5844817161560059,,,0.5844817161560059,0.6377917528152466,-0.05331003665924072,0.5844817161560059,,,0,0
1078,round4_maxpapers,0.44525039196014404,0.4864497184753418,-0.041199326515197754,0.44620591402053833,0.5079805254936218,-0.061774611473083496,0.44525039196014404,0.4864497184753418,-0.041199326515197754,0.44525039196014404,0.5079805254936218,-0.06273013353347778,1,0
1079,round4_semtie,0.563937783241272,0.6721391081809998,-0.10820132493972778,0.563937783241272,0.6721391081809998,-0.10820132493972778,0.6721391081809998,0.6721391081809998,0.0,0.6721391081809998,0.6721391081809998,0.0,0,1
1081,round4_maxpapers,0.4239383935928345,0.41105395555496216,0.012884438037872314,0.4239383935928345,0.439471960067749,-0.01553356647491455,0.42111796140670776,0.4051676392555237,0.015950322151184082,0.42111796140670776,0.41105395555496216,0.010064005851745605,0,1
1086,round3_semantic,0.6008172035217285,0.8112507462501526,-0.21043354272842407,0.6008172035217285,0.8112507462501526,-0.21043354272842407,0.501741886138916,0.5963559746742249,-0.09461408853530884,0.501741886138916,0.5963559746742249,-0.09461408853530884,0,1
1092,round4_semtie,0.5715391039848328,0.6612977981567383,-0.08975869417190552,0.5715391039848328,0.45009851455688477,0.121440589427948,0.5715391039848328,0.6612977981567383,-0.08975869417190552,0.5715391039848328,0.6612977981567383,-0.08975869417190552,0,0
1097,round3_semantic,0.5101335048675537,0.6302697658538818,-0.12013626098632812,0.5101335048675537,0.6302697658538818,-0.12013626098632812,0.5101335048675537,0.6302697658538818,-0.12013626098632812,0.5101335048675537,0.6302697658538818,-0.12013626098632812,0,0
1098,round4_maxpapers,0.4028211236000061,0.487407386302948,-0.0845862627029419,0.4028211236000061,0.487407386302948,-0.0845862627029419,0.4028211236000061,0.49697375297546387,-0.09415262937545776,0.4028211236000061,0.49697375297546387,-0.09415262937545776,0,0
1102,round4_maxpapers,0.45407623052597046,0.45407623052597046,0.0,0.45407623052597046,0.414939284324646,0.03913694620132446,0.45407623052597046,0.45407623052597046,0.0,0.4471079111099243,0.4471079111099243,0.0,0,0
1112,round4_maxpapers,0.39524054527282715,0.5399162769317627,-0.14467573165893555,0.3579214811325073,0.5399162769317627,-0.18199479579925537,0.3579214811325073,0.5399162769317627,-0.18199479579925537,0.3579214811325073,0.5399162769317627,-0.18199479579925537,1,1
1113,round3_semantic,0.41320234537124634,0.6238001585006714,-0.21059781312942505,,0.6238001585006714,,0.36412695050239563,0.6238001585006714,-0.25967320799827576,,0.6238001585006714,,1,1
1116,round4_maxpapers,0.5499359965324402,0.41639548540115356,0.13354051113128662,0.5499359965324402,0.41274648904800415,0.13718950748443604,0.5265017747879028,0.41639548540115356,0.11010628938674927,0.5499359965324402,0.41274648904800415,0.13718950748443604,0,1
1119,round4_semtie,0.5413849353790283,0.709500789642334,-0.16811585426330566,0.5413849353790283,0.709500789642334,-0.16811585426330566,0.49436265230178833,0.709500789642334,-0.21513813734054565,0.5285757780075073,0.709500789642334,-0.18092501163482666,0,1
1121,round3_semantic,0.4757964611053467,0.6284958720207214,-0.15269941091537476,0.5063899755477905,0.6284958720207214,-0.12210589647293091,0.4757964611053467,0.5175955891609192,-0.04179912805557251,0.4757964611053467,0.549480676651001,-0.0736842155456543,1,0
1122,round4_semtie,0.606391191482544,0.6442064046859741,-0.037815213203430176,0.6442064046859741,0.6442064046859741,0.0,0.6442064046859741,0.6442064046859741,0.0,0.6442064046859741,0.6442064046859741,0.0,1,1
1124,round4_maxpapers,0.44184568524360657,0.610817551612854,-0.16897186636924744,0.44184568524360657,0.610817551612854,-0.16897186636924744,0.44184568524360657,0.610817551612854,-0.16897186636924744,0.4474879503250122,0.610817551612854,-0.1633296012878418,0,1
1130,round4_maxpapers,0.5426579117774963,0.4828067421913147,0.05985116958618164,0.5426579117774963,0.5043254494667053,0.038332462310791016,0.5426579117774963,0.5043254494667053,0.038332462310791016,0.5426579117774963,0.5043254494667053,0.038332462310791016,0,1
1132,round4_maxpapers,0.5665057897567749,0.45368707180023193,0.11281871795654297,0.5665057897567749,0.40840426087379456,0.15810152888298035,0.5665057897567749,0.40840426087379456,0.15810152888298035,0.5665057897567749,0.4322603642940521,0.13424542546272278,1,1
1133,round3_semantic,0.47739776968955994,0.7491363286972046,-0.27173855900764465,0.47739776968955994,0.7491363286972046,-0.27173855900764465,0.48391714692115784,0.7491363286972046,-0.26521918177604675,0.48391714692115784,0.7491363286972046,-0.26521918177604675,1,1
1137,round4_maxpapers,0.4923730790615082,0.6101658344268799,-0.1177927553653717,0.4923730790615082,0.6101658344268799,-0.1177927553653717,0.5620218515396118,0.5803645253181458,-0.018342673778533936,0.5620218515396118,0.5803645253181458,-0.018342673778533936,0,1
1139,round3_semantic,0.6236302852630615,0.7129695415496826,-0.0893392562866211,0.4981728196144104,0.6729530096054077,-0.17478018999099731,0.4981728196144104,0.6729530096054077,-0.17478018999099731,0.4981728196144104,0.6729530096054077,-0.17478018999099731,1,1
1142,round4_maxpapers,0.4356028437614441,0.5543963313102722,-0.11879348754882812,0.4356028437614441,0.5543963313102722,-0.11879348754882812,0.4944130778312683,0.5543963313102722,-0.059983253479003906,0.4336158335208893,0.5543963313102722,-0.12078049778938293,1,1
1143,round3_semantic,0.6481920480728149,0.6987243890762329,-0.05053234100341797,0.6481920480728149,0.6987243890762329,-0.05053234100341797,0.5932466983795166,0.6987243890762329,-0.10547769069671631,0.6481920480728149,0.6987243890762329,-0.05053234100341797,1,1
1146,round4_maxpapers,0.530530571937561,0.3530855178833008,0.17744505405426025,0.4172213077545166,0.3530855178833008,0.06413578987121582,0.530530571937561,0.3546202778816223,0.17591029405593872,0.4355047941207886,0.3546202778816223,0.08088451623916626,1,1
1149,round3_semantic,0.4435572028160095,0.7233222723007202,-0.2797650694847107,0.5049804449081421,0.6412026882171631,-0.136222243309021,0.6916972994804382,0.7233222723007202,-0.03162497282028198,0.6916972994804382,0.6412026882171631,0.050494611263275146,1,1
1151,round3_semantic,0.5931403636932373,0.7495227456092834,-0.15638238191604614,0.5931403636932373,0.5931403636932373,0.0,0.5931403636932373,0.7495227456092834,-0.15638238191604614,0.5931403636932373,0.7495227456092834,-0.15638238191604614,0,0
1155,round4_maxpapers,0.5832056999206543,0.6018231511116028,-0.018617451190948486,0.5832056999206543,0.6018231511116028,-0.018617451190948486,0.5832056999206543,0.6018231511116028,-0.018617451190948486,0.5832056999206543,0.6018231511116028,-0.018617451190948486,0,0
1156,round4_maxpapers,0.4984239637851715,0.5306586027145386,-0.032234638929367065,0.5041629672050476,0.5306586027145386,-0.026495635509490967,0.4984239637851715,0.5306586027145386,-0.032234638929367065,0.5041629672050476,0.5306586027145386,-0.026495635509490967,1,0
1157,round4_semtie,0.46168291568756104,0.6247230768203735,-0.1630401611328125,0.46168291568756104,0.46168291568756104,0.0,0.46168291568756104,0.6247230768203735,-0.1630401611328125,0.46168291568756104,0.4621296525001526,-0.00044673681259155273,0,1
1158,round4_semtie,0.4415534436702728,0.6557565927505493,-0.2142031490802765,0.4415534436702728,0.6557565927505493,-0.2142031490802765,0.4356994032859802,0.6557565927505493,-0.2200571894645691,0.4356994032859802,0.6557565927505493,-0.2200571894645691,0,1
1167,round4_maxpapers,0.42787355184555054,0.5573493838310242,-0.12947583198547363,0.42787355184555054,0.525031566619873,-0.09715801477432251,0.4585835337638855,0.5092926025390625,-0.050709068775177,0.43571582436561584,0.4607403874397278,-0.02502456307411194,0,1
1178,round4_maxpapers,0.4711616635322571,0.49026891589164734,-0.01910725235939026,0.4711616635322571,0.5935823321342468,-0.12242066860198975,0.4711616635322571,0.5935823321342468,-0.12242066860198975,0.4711616635322571,0.5935823321342468,-0.12242066860198975,1,1
1183,round4_maxpapers,0.45738404989242554,0.43549033999443054,0.021893709897994995,0.45738404989242554,0.43549033999443054,0.021893709897994995,0.45738404989242554,0.43549033999443054,0.021893709897994995,0.45738404989242554,0.43549033999443054,0.021893709897994995,0,0
1189,round4_semtie,0.5846889019012451,0.6234761476516724,-0.038787245750427246,0.6234761476516724,0.6234761476516724,0.0,0.6234761476516724,0.6234761476516724,0.0,0.6234761476516724,0.6234761476516724,0.0,1,1
1192,round4_semtie,0.5407558679580688,0.7075490951538086,-0.16679322719573975,0.5407558679580688,0.7075490951538086,-0.16679322719573975,0.6323249936103821,0.7075490951538086,-0.07522410154342651,0.5407558679580688,0.7075490951538086,-0.16679322719573975,0,1
1193,round4_maxpapers,0.43719518184661865,0.5133969783782959,-0.07620179653167725,0.43719518184661865,0.5133969783782959,-0.07620179653167725,0.43719518184661865,0.5925125479698181,-0.15531736612319946,0.43719518184661865,0.5925125479698181,-0.15531736612319946,0,0
1194,round4_semtie,0.4805842936038971,0.7348834276199341,-0.254299134016037,0.42885467410087585,0.7348834276199341,-0.3060287535190582,0.4805842936038971,0.6525758504867554,-0.17199155688285828,0.4805842936038971,0.6525758504867554,-0.17199155688285828,1,1
1195,round4_maxpapers,0.4053470194339752,0.5183711647987366,-0.11302414536476135,0.4130590856075287,0.5703474283218384,-0.1572883427143097,0.4053470194339752,0.5432311296463013,-0.13788411021232605,0.40468668937683105,0.5432311296463013,-0.13854444026947021,1,0
1199,round3_semantic,0.45492005348205566,0.6632840633392334,-0.20836400985717773,0.45492005348205566,0.6632840633392334,-0.20836400985717773,0.4844358563423157,0.6632840633392334,-0.17884820699691772,0.4844358563423157,0.7142671346664429,-0.2298312783241272,0,1
1201,round4_semtie,0.3798443078994751,0.6261938810348511,-0.24634957313537598,0.3798443078994751,0.6261938810348511,-0.24634957313537598,0.4307941794395447,0.6261938810348511,-0.1953997015953064,0.4307941794395447,0.6261938810348511,-0.1953997015953064,0,1
1202,round4_maxpapers,0.5041622519493103,0.491441547870636,0.012720704078674316,0.5041622519493103,0.44871413707733154,0.05544811487197876,0.5041622519493103,0.491441547870636,0.012720704078674316,0.5041622519493103,0.491441547870636,0.012720704078674316,0,1
1203,round4_maxpapers,0.5441347360610962,0.41712772846221924,0.12700700759887695,0.5441347360610962,0.4053384065628052,0.13879632949829102,0.5441347360610962,0.41712772846221924,0.12700700759887695,0.5441347360610962,0.44942137598991394,0.09471336007118225,0,1
1204,round4_maxpapers,0.5475784540176392,0.43871453404426575,0.10886391997337341,0.5475784540176392,0.43871453404426575,0.10886391997337341,0.5475784540176392,0.43871453404426575,0.10886391997337341,0.5475784540176392,0.4502401351928711,0.09733831882476807,0,0
1205,round4_maxpapers,0.4225339889526367,0.4225339889526367,0.0,0.37835055589675903,0.4419417977333069,-0.06359124183654785,0.4225339889526367,0.43443503975868225,-0.011901050806045532,0.3703705668449402,0.5073977708816528,-0.13702720403671265,1,1
1206,round4_semtie,0.45111948251724243,0.6231827735900879,-0.17206329107284546,0.45111948251724243,0.6231827735900879,-0.17206329107284546,0.42159372568130493,0.6231827735900879,-0.20158904790878296,0.42159372568130493,0.6232109069824219,-0.20161718130111694,0,1
1207,round4_semtie,0.5552186965942383,0.6273294687271118,-0.07211077213287354,0.5552186965942383,0.6273294687271118,-0.07211077213287354,0.514807403087616,0.6273294687271118,-0.11252206563949585,0.514807403087616,0.6273294687271118,-0.11252206563949585,0,1
1209,round4_semtie,0.456124871969223,0.6273294687271118,-0.1712045967578888,0.456124871969223,0.6273294687271118,-0.1712045967578888,0.4744279682636261,0.6273294687271118,-0.15290150046348572,0.4744279682636261,0.6273294687271118,-0.15290150046348572,0,1
1217,round3_semantic,0.5144056081771851,0.6806379556655884,-0.16623234748840332,0.5144056081771851,0.6806379556655884,-0.16623234748840332,0.5144056081771851,0.6806379556655884,-0.16623234748840332,0.5144056081771851,0.6806379556655884,-0.16623234748840332,1,1
1225,round4_semtie,0.5918831825256348,0.6294572353363037,-0.037574052810668945,0.5918831825256348,0.6294572353363037,-0.037574052810668945,0.5918831825256348,0.5918831825256348,0.0,0.5918831825256348,0.5918831825256348,0.0,1,1
1229,round4_semtie,0.48433980345726013,0.6778401136398315,-0.1935003101825714,0.48433980345726013,0.6778401136398315,-0.1935003101825714,0.48433980345726013,0.6778401136398315,-0.1935003101825714,0.5015270709991455,0.6778401136398315,-0.17631304264068604,0,1
1232,round4_maxpapers,0.4358919858932495,0.5077388882637024,-0.07184690237045288,0.4358919858932495,0.5077388882637024,-0.07184690237045288,0.4358919858932495,0.5077388882637024,-0.07184690237045288,0.4358919858932495,0.5077388882637024,-0.07184690237045288,1,0
1235,round3_semantic,0.50791335105896,0.6754239797592163,-0.16751062870025635,0.50791335105896,0.5457494854927063,-0.03783613443374634,0.511340856552124,0.6754239797592163,-0.16408312320709229,0.6754239797592163,0.6754239797592163,0.0,0,1
1240,round4_maxpapers,0.50395268201828,0.47095370292663574,0.03299897909164429,0.50395268201828,0.44726723432540894,0.056685447692871094,0.4676165282726288,0.4797240197658539,-0.012107491493225098,0.4676165282726288,0.47095370292663574,-0.003337174654006958,0,1
1245,round4_maxpapers,0.5870722532272339,0.4748217761516571,0.11225047707557678,0.5421944856643677,0.4184061884880066,0.12378829717636108,0.5870722532272339,0.4748217761516571,0.11225047707557678,0.5870722532272339,0.4628816246986389,0.12419062852859497,1,1
1247,round4_maxpapers,0.46633273363113403,0.5936853885650635,-0.12735265493392944,0.46633273363113403,0.5936853885650635,-0.12735265493392944,0.46633273363113403,0.5936853885650635,-0.12735265493392944,0.46633273363113403,0.5936853885650635,-0.12735265493392944,0,0
1248,round4_maxpapers,0.5168838500976562,0.5171604752540588,-0.0002766251564025879,0.5168838500976562,0.4909329116344452,0.02595093846321106,0.4584354758262634,0.5171604752540588,-0.05872499942779541,0.5276103019714355,0.4267549514770508,0.10085535049438477,1,1
1263,round4_semtie,0.5489296317100525,0.6338937282562256,-0.0849640965461731,0.5489296317100525,0.6338937282562256,-0.0849640965461731,0.5489296317100525,0.49118876457214355,0.057740867137908936,0.5489296317100525,0.49118876457214355,0.057740867137908936,0,0
1272,round3_semantic,0.4677034914493561,0.6545877456665039,-0.18688425421714783,0.4677034914493561,0.6545877456665039,-0.18688425421714783,0.4677034914493561,0.6545877456665039,-0.18688425421714783,0.4677034914493561,0.6545877456665039,-0.18688425421714783,0,1
1276,round4_maxpapers,0.4062800407409668,0.5674948692321777,-0.16121482849121094,0.4062800407409668,0.5674948692321777,-0.16121482849121094,0.44951117038726807,0.5674948692321777,-0.11798369884490967,0.3955879807472229,0.5674948692321777,-0.17190688848495483,1,1
1277,round4_semtie,0.6490434408187866,0.7248003482818604,-0.07575690746307373,0.6490434408187866,0.7248003482818604,-0.07575690746307373,0.7248003482818604,0.7248003482818604,0.0,0.7248003482818604,0.7248003482818604,0.0,0,1
1278,round4_maxpapers,0.4934658408164978,0.4372532367706299,0.05621260404586792,0.4934658408164978,0.4372532367706299,0.05621260404586792,0.4934658408164978,0.4372532367706299,0.05621260404586792,0.4934658408164978,0.45536521077156067,0.038100630044937134,0,1
1279,round4_maxpapers,0.49438902735710144,0.5430015921592712,-0.0486125648021698,0.49438902735710144,0.5430015921592712,-0.0486125648021698,0.49438902735710144,0.44443976879119873,0.04994925856590271,0.49438902735710144,0.44443976879119873,0.04994925856590271,0,1
1280,round4_semtie,0.5549286603927612,0.6213871240615845,-0.06645846366882324,0.5549286603927612,0.47125962376594543,0.0836690366268158,0.6213871240615845,0.6213871240615845,0.0,0.6213871240615845,0.47905412316322327,0.1423330008983612,0,1
1281,round4_maxpapers,0.5870895385742188,0.4659781754016876,0.12111136317253113,0.5870895385742188,0.5870895385742188,0.0,0.5870895385742188,0.4703138470649719,0.11677569150924683,0.5870895385742188,0.4703138470649719,0.11677569150924683,0,0
1282,round4_maxpapers,0.4561223089694977,0.3688565194606781,0.08726578950881958,0.4561223089694977,0.3551575839519501,0.10096472501754761,0.46109509468078613,0.40783846378326416,0.05325663089752197,0.46109509468078613,0.3688565194606781,0.09223857522010803,0,1
1284,round4_maxpapers,0.5506216287612915,0.45739680528640747,0.09322482347488403,0.5506216287612915,0.3790457546710968,0.1715758740901947,0.5855273008346558,0.45739680528640747,0.1281304955482483,0.5506216287612915,0.4807908833026886,0.0698307454586029,0,1
1285,round4_maxpapers,0.5674784183502197,0.41659581661224365,0.15088260173797607,0.5674784183502197,0.36519113183021545,0.20228728652000427,0.5674784183502197,0.41659581661224365,0.15088260173797607,0.5674784183502197,0.36519113183021545,0.20228728652000427,1,1
1286,round4_semtie,0.5653586387634277,0.6904780864715576,-0.12511944770812988,0.5653586387634277,0.6904780864715576,-0.12511944770812988,0.6904780864715576,0.6904780864715576,0.0,0.562393844127655,0.6904780864715576,-0.1280842423439026,0,1
1287,round4_maxpapers,0.49806398153305054,0.4540112316608429,0.04405274987220764,0.49806398153305054,0.4879012703895569,0.010162711143493652,0.49806398153305054,0.4540112316608429,0.04405274987220764,0.5023719072341919,0.4879012703895569,0.01447063684463501,0,1
1292,round4_maxpapers,0.5334327220916748,0.4029632806777954,0.1304694414138794,0.5334327220916748,0.4029632806777954,0.1304694414138794,0.5334327220916748,0.43950772285461426,0.09392499923706055,0.5334327220916748,0.43950772285461426,0.09392499923706055,0,0
1295,round4_maxpapers,0.4378567337989807,0.5573493838310242,-0.11949265003204346,0.4378567337989807,0.5573493838310242,-0.11949265003204346,0.43765777349472046,0.5340702533721924,-0.09641247987747192,0.40918582677841187,0.5340702533721924,-0.12488442659378052,0,1
1298,round4_maxpapers,0.5583400726318359,0.5607476234436035,-0.002407550811767578,0.44220077991485596,0.4665737748146057,-0.024372994899749756,0.5583400726318359,0.5583400726318359,0.0,0.5193643569946289,0.454465389251709,0.06489896774291992,1,1
1303,round4_maxpapers,0.4857269525527954,0.5375444293022156,-0.051817476749420166,0.48708510398864746,0.5375444293022156,-0.050459325313568115,0.4857269525527954,0.48708510398864746,-0.0013581514358520508,0.4857269525527954,0.48708510398864746,-0.0013581514358520508,1,0
1305,round4_maxpapers,0.5015813112258911,0.48501449823379517,0.016566812992095947,0.5015813112258911,0.48501449823379517,0.016566812992095947,0.5159616470336914,0.48501449823379517,0.03094714879989624,0.5159616470336914,0.48501449823379517,0.03094714879989624,0,1
1309,round4_maxpapers,0.5176646709442139,0.5114540457725525,0.006210625171661377,0.5136586427688599,0.5114540457725525,0.002204596996307373,0.5176646709442139,0.6054970026016235,-0.08783233165740967,0.5176646709442139,0.6054970026016235,-0.08783233165740967,1,0
1310,round4_semtie,0.5222805738449097,0.6285169720649719,-0.10623639822006226,0.6562350988388062,0.6285169720649719,0.02771812677383423,0.6562350988388062,0.6562350988388062,0.0,0.6562350988388062,0.6285169720649719,0.02771812677383423,1,1
1311,round3_semantic,0.6078421473503113,0.627227783203125,-0.01938563585281372,0.627227783203125,0.627227783203125,0.0,0.6078421473503113,0.627227783203125,-0.01938563585281372,0.627227783203125,0.627227783203125,0.0,1,0
1312,round4_maxpapers,0.5435296297073364,0.5314313173294067,0.012098312377929688,0.5435296297073364,0.5314313173294067,0.012098312377929688,0.5435296297073364,0.6063346862792969,-0.06280505657196045,0.5435296297073364,0.6063346862792969,-0.06280505657196045,0,0
1321,round4_semtie,0.4399333596229553,0.6442064046859741,-0.2042730450630188,0.4399333596229553,0.6442064046859741,-0.2042730450630188,0.4399333596229553,0.6442064046859741,-0.2042730450630188,0.4399333596229553,0.6442064046859741,-0.2042730450630188,0,0
1324,round4_maxpapers,0.5493862628936768,0.5792238712310791,-0.029837608337402344,0.5493862628936768,0.5624276399612427,-0.013041377067565918,0.5792238712310791,0.5792238712310791,0.0,0.5357749462127686,0.5792238712310791,-0.04344892501831055,0,1
1325,round4_maxpapers,0.5507674217224121,0.4526282846927643,0.09813913702964783,0.5507674217224121,0.4526282846927643,0.09813913702964783,0.5507674217224121,0.4641249179840088,0.08664250373840332,0.5507674217224121,0.4641249179840088,0.08664250373840332,0,1
1327,round3_semantic,0.5640493631362915,0.6253856420516968,-0.06133627891540527,0.5640493631362915,0.6253856420516968,-0.06133627891540527,0.6253856420516968,0.6253856420516968,0.0,0.6253856420516968,0.6253856420516968,0.0,0,1
1332,round4_semtie,0.5526411533355713,0.6492822766304016,-0.09664112329483032,0.5526411533355713,0.6492822766304016,-0.09664112329483032,0.5118904113769531,0.6492822766304016,-0.1373918652534485,0.6810044050216675,0.6492822766304016,0.03172212839126587,0,1
1336,round4_maxpapers,0.600238561630249,0.5564002990722656,0.0438382625579834,0.600238561630249,0.5564002990722656,0.0438382625579834,0.600238561630249,0.5564002990722656,0.0438382625579834,0.600238561630249,0.5564002990722656,0.0438382625579834,1,1
1342,round4_maxpapers,0.48027709126472473,0.4953397512435913,-0.015062659978866577,0.48027709126472473,0.4953397512435913,-0.015062659978866577,0.48027709126472473,0.6123250722885132,-0.13204798102378845,0.48027709126472473,0.4705977439880371,0.009679347276687622,0,0
1347,round3_semantic,0.6061670780181885,0.6502482891082764,-0.04408121109008789,0.6061670780181885,0.6502482891082764,-0.04408121109008789,0.6061670780181885,0.6502482891082764,-0.04408121109008789,0.6061670780181885,0.6502482891082764,-0.04408121109008789,0,1
1350,round3_semantic,0.43866199254989624,0.6273294687271118,-0.18866747617721558,0.43866199254989624,0.6273294687271118,-0.18866747617721558,0.43866199254989624,0.517183780670166,-0.07852178812026978,0.43866199254989624,0.5970868468284607,-0.15842485427856445,0,0
1351,round4_maxpapers,0.4187399744987488,0.4427444338798523,-0.024004459381103516,0.4187399744987488,0.4427444338798523,-0.024004459381103516,0.4187399744987488,0.4167231619358063,0.002016812562942505,0.4187399744987488,0.4167231619358063,0.002016812562942505,1,1
1356,round4_maxpapers,0.5776088237762451,0.6167585849761963,-0.03914976119995117,0.5776088237762451,0.5776088237762451,0.0,0.48243728280067444,0.6167585849761963,-0.13432130217552185,0.5776088237762451,0.6167585849761963,-0.03914976119995117,0,1
1361,round4_semtie,0.6209053993225098,0.6209053993225098,0.0,0.6209053993225098,0.6209053993225098,0.0,0.47685685753822327,0.6209053993225098,-0.1440485417842865,0.47685685753822327,0.6209053993225098,-0.1440485417842865,0,1
1362,round4_semtie,0.4615834057331085,0.7906947135925293,-0.3291113078594208,0.4615834057331085,0.7906947135925293,-0.3291113078594208,0.5006716251373291,0.7906947135925293,-0.2900230884552002,0.5006716251373291,0.7906947135925293,-0.2900230884552002,0,1
1363,round4_semtie,0.49735039472579956,0.6837446689605713,-0.18639427423477173,0.49735039472579956,0.6837446689605713,-0.18639427423477173,0.4915171265602112,0.6837446689605713,-0.1922275424003601,0.4915171265602112,0.6837446689605713,-0.1922275424003601,1,1
1364,round4_semtie,0.4533344507217407,0.6402267217636108,-0.18689227104187012,0.4533344507217407,0.5884039402008057,-0.13506948947906494,0.3844227194786072,0.6402267217636108,-0.25580400228500366,0.434478223323822,0.6402267217636108,-0.20574849843978882,0,1
1366,round4_semtie,0.5206001400947571,0.6285169720649719,-0.10791683197021484,0.5206001400947571,0.6285169720649719,-0.10791683197021484,0.5206001400947571,0.6285169720649719,-0.10791683197021484,0.5499234795570374,0.6562350988388062,-0.1063116192817688,0,1
1367,round3_semantic,0.6167585849761963,0.6606199741363525,-0.04386138916015625,0.6167585849761963,0.6606199741363525,-0.04386138916015625,0.6167585849761963,0.6606199741363525,-0.04386138916015625,0.6167585849761963,0.6606199741363525,-0.04386138916015625,1,1
1368,round4_semtie,0.5823394656181335,0.6203471422195435,-0.03800767660140991,0.5823394656181335,0.45648273825645447,0.12585672736167908,0.5823394656181335,0.6203471422195435,-0.03800767660140991,0.5823394656181335,0.45648273825645447,0.12585672736167908,0,0
1370,round4_maxpapers,0.4460110366344452,0.46633273363113403,-0.020321696996688843,0.4460110366344452,0.46633273363113403,-0.020321696996688843,0.4460110366344452,0.46633273363113403,-0.020321696996688843,0.4460110366344452,0.46633273363113403,-0.020321696996688843,0,1
1371,round4_semtie,0.6432397365570068,0.6432397365570068,0.0,0.6432397365570068,0.6432397365570068,0.0,0.6432397365570068,0.6432397365570068,0.0,0.6432397365570068,0.6432397365570068,0.0,0,0
1373,round4_semtie,0.5049863457679749,0.627001941204071,-0.12201559543609619,0.5049863457679749,0.627001941204071,-0.12201559543609619,0.4637152850627899,0.627001941204071,-0.16328665614128113,0.4637152850627899,0.627001941204071,-0.16328665614128113,0,1
1375,round3_semantic,0.6732398867607117,0.73106849193573,-0.05782860517501831,0.6732398867607117,0.73106849193573,-0.05782860517501831,0.6732398867607117,0.73106849193573,-0.05782860517501831,0.6732398867607117,0.73106849193573,-0.05782860517501831,0,0
1377,round2_inst,0.5519552826881409,0.4562627375125885,0.09569254517555237,0.5519552826881409,0.6795582175254822,-0.1276029348373413,0.5519552826881409,0.6795582175254822,-0.1276029348373413,0.5519552826881409,0.6795582175254822,-0.1276029348373413,0,0
1379,round4_maxpapers,0.5218594670295715,0.46276170015335083,0.0590977668762207,0.5218594670295715,0.3765653371810913,0.14529412984848022,0.5218594670295715,0.46276170015335083,0.0590977668762207,0.5218594670295715,0.4249219596385956,0.09693750739097595,0,0
1381,round4_semtie,0.4827914834022522,0.6649012565612793,-0.1821097731590271,0.5285434126853943,0.6649012565612793,-0.136357843875885,0.5285434126853943,0.6649012565612793,-0.136357843875885,0.5285434126853943,0.6649012565612793,-0.136357843875885,1,1
1383,round4_maxpapers,0.5128380060195923,0.5128380060195923,0.0,0.5602066516876221,0.5128380060195923,0.047368645668029785,0.5128380060195923,0.5496764779090881,-0.03683847188949585,0.5128380060195923,0.5496764779090881,-0.03683847188949585,1,0
1390,round3_semantic,0.5352264642715454,0.7294955849647522,-0.1942691206932068,0.7294955849647522,0.7294955849647522,0.0,0.6918501257896423,0.7294955849647522,-0.03764545917510986,0.6918501257896423,0.7294955849647522,-0.03764545917510986,1,1
1396,round4_maxpapers,0.42499417066574097,0.41693878173828125,0.008055388927459717,0.4678502678871155,0.41693878173828125,0.05091148614883423,0.4301608204841614,0.41439464688301086,0.015766173601150513,0.42575734853744507,0.41439464688301086,0.011362701654434204,1,1
1397,round4_semtie,0.5254671573638916,0.7176269292831421,-0.1921597719192505,0.5254671573638916,0.7003662586212158,-0.17489910125732422,0.5254671573638916,0.7176269292831421,-0.1921597719192505,0.5178101062774658,0.7176269292831421,-0.19981682300567627,0,1
1399,round3_semantic,0.6198745965957642,0.6583775281906128,-0.03850293159484863,0.6198745965957642,,,0.6198745965957642,0.5190281867980957,0.10084640979766846,0.6198745965957642,,,1,0
1400,round2_inst,0.5952949523925781,0.5952949523925781,0.0,0.5952949523925781,0.5952949523925781,0.0,0.5952949523925781,0.5952949523925781,0.0,0.5952949523925781,0.5952949523925781,0.0,1,0
1402,round4_maxpapers,0.48728156089782715,0.4720229506492615,0.015258610248565674,0.48728156089782715,,,0.48728156089782715,0.4720229506492615,0.015258610248565674,0.48728156089782715,,,0,0
1405,round4_semtie,0.5307748317718506,0.712948203086853,-0.18217337131500244,0.5645020008087158,0.712948203086853,-0.1484462022781372,0.6357049942016602,0.6973460912704468,-0.06164109706878662,0.6357049942016602,0.6973460912704468,-0.06164109706878662,1,1
1408,round4_maxpapers,0.43272218108177185,0.5100588798522949,-0.07733669877052307,0.43272218108177185,0.5100588798522949,-0.07733669877052307,0.46086758375167847,0.5100588798522949,-0.049191296100616455,0.46086758375167847,0.5100588798522949,-0.049191296100616455,0,1
1416,round4_semtie,0.4271254539489746,0.6743886470794678,-0.24726319313049316,0.4271254539489746,0.6743886470794678,-0.24726319313049316,0.4271254539489746,0.6743886470794678,-0.24726319313049316,0.4271254539489746,0.6743886470794678,-0.24726319313049316,1,1
1417,round4_maxpapers,0.48378419876098633,0.39466890692710876,0.08911529183387756,0.48378419876098633,0.39466890692710876,0.08911529183387756,0.5315965414047241,0.3535449504852295,0.17805159091949463,0.5315965414047241,0.39466890692710876,0.13692763447761536,0,1
1421,round4_maxpapers,0.4396977722644806,0.5081455707550049,-0.06844779849052429,0.4412389397621155,0.45515650510787964,-0.01391756534576416,0.4396977722644806,0.5081455707550049,-0.06844779849052429,0.4396977722644806,0.45515650510787964,-0.015458732843399048,1,1
1422,round4_maxpapers,0.5202662944793701,0.45738160610198975,0.06288468837738037,0.45738160610198975,0.45738160610198975,0.0,0.5202662944793701,0.45738160610198975,0.06288468837738037,0.5202662944793701,0.453735888004303,0.06653040647506714,1,0
1423,round4_maxpapers,0.4813326597213745,0.4145602881908417,0.06677237153053284,0.4813326597213745,0.416452020406723,0.06488063931465149,0.4254818856716156,0.416452020406723,0.009029865264892578,0.4254818856716156,0.416452020406723,0.009029865264892578,0,1
1424,round4_semtie,0.47285932302474976,0.6233325600624084,-0.1504732370376587,0.47285932302474976,0.6220171451568604,-0.1491578221321106,0.47285932302474976,0.6233325600624084,-0.1504732370376587,0.47285932302474976,0.6220171451568604,-0.1491578221321106,1,1
1428,round4_maxpapers,0.45474764704704285,0.5853986740112305,-0.13065102696418762,0.45474764704704285,0.5853986740112305,-0.13065102696418762,0.4783441722393036,0.5853986740112305,-0.10705450177192688,0.45474764704704285,0.5853986740112305,-0.13065102696418762,1,1
1440,round3_semantic,0.4505707323551178,0.6472223997116089,-0.1966516673564911,0.6472223997116089,0.6472223997116089,0.0,0.4505707323551178,0.6472223997116089,-0.1966516673564911,0.6472223997116089,0.6472223997116089,0.0,1,0
1452,round2_inst,0.5813751220703125,0.5813751220703125,0.0,0.5813751220703125,0.5813751220703125,0.0,0.5813751220703125,0.5813751220703125,0.0,0.5813751220703125,0.5813751220703125,0.0,1,0
1458,round4_maxpapers,0.40739935636520386,0.4167231619358063,-0.009323805570602417,0.4167231619358063,0.43467605113983154,-0.01795288920402527,0.38656920194625854,0.40652531385421753,-0.019956111907958984,0.4126218557357788,0.43467605113983154,-0.022054195404052734,1,1
1459,round3_semantic,0.44423040747642517,0.6238001585006714,-0.17956975102424622,0.44423040747642517,0.5681843757629395,-0.12395396828651428,0.44423040747642517,0.5681843757629395,-0.12395396828651428,0.44423040747642517,0.5681843757629395,-0.12395396828651428,1,1
1461,round3_semantic,0.5655697584152222,0.6282497644424438,-0.06268000602722168,0.5655697584152222,0.6282497644424438,-0.06268000602722168,0.5781040191650391,0.5943899154663086,-0.01628589630126953,0.5030102729797363,0.5943899154663086,-0.09137964248657227,1,1
1468,round4_maxpapers,0.4779009521007538,0.49991491436958313,-0.022013962268829346,0.4779009521007538,0.5013980865478516,-0.02349713444709778,0.47822481393814087,0.49991491436958313,-0.02169010043144226,0.5216325521469116,0.4630078971385956,0.05862465500831604,0,1
1471,round4_semtie,0.5929011106491089,0.6438189744949341,-0.050917863845825195,0.5929011106491089,0.6438189744949341,-0.050917863845825195,0.5929011106491089,0.5929011106491089,0.0,0.5929011106491089,0.5929011106491089,0.0,0,0
1472,round4_maxpapers,0.513868510723114,0.4615169167518616,0.05235159397125244,0.513868510723114,0.4615169167518616,0.05235159397125244,0.513868510723114,0.463142991065979,0.05072551965713501,0.513868510723114,0.4615169167518616,0.05235159397125244,0,1
1473,round4_semtie,0.47150564193725586,0.6837446689605713,-0.21223902702331543,0.47150564193725586,0.6837446689605713,-0.21223902702331543,0.47150564193725586,0.6837446689605713,-0.21223902702331543,0.47150564193725586,0.6837446689605713,-0.21223902702331543,1,0
1475,round4_maxpapers,0.4786052107810974,0.4234742820262909,0.05513092875480652,0.4334900379180908,0.3864424228668213,0.04704761505126953,0.4786052107810974,0.3864424228668213,0.09216278791427612,0.49071329832077026,0.3864424228668213,0.10427087545394897,1,0
1477,round4_maxpapers,0.4094223380088806,0.3648283779621124,0.04459396004676819,0.4094223380088806,0.43974554538726807,-0.03032320737838745,0.4094223380088806,0.36484286189079285,0.04457947611808777,0.4094223380088806,0.38925814628601074,0.020164191722869873,1,1
1478,round4_maxpapers,0.49492013454437256,0.48980242013931274,0.0051177144050598145,0.5061078071594238,0.48929405212402344,0.01681375503540039,0.5061078071594238,0.4766286611557007,0.029479146003723145,0.5061078071594238,0.4926612377166748,0.013446569442749023,1,1
1479,round4_maxpapers,0.4934996962547302,0.5434356927871704,-0.049935996532440186,0.4934996962547302,0.5434356927871704,-0.049935996532440186,0.5250706672668457,0.5434356927871704,-0.018365025520324707,0.5250706672668457,0.5434356927871704,-0.018365025520324707,0,1
1480,round4_maxpapers,0.5412870645523071,0.3627694249153137,0.1785176396369934,0.5412870645523071,0.3627694249153137,0.1785176396369934,0.5687510967254639,0.3627694249153137,0.20598167181015015,0.5687510967254639,0.3627694249153137,0.20598167181015015,0,1
1488,round3_semantic,0.5923036336898804,0.623780369758606,-0.031476736068725586,0.5923036336898804,0.623780369758606,-0.031476736068725586,0.5963559746742249,0.623780369758606,-0.027424395084381104,0.5963559746742249,0.623780369758606,-0.027424395084381104,0,1
1498,round4_maxpapers,0.6095606088638306,0.5604819655418396,0.04907864332199097,0.6095606088638306,0.5188515186309814,0.09070909023284912,0.6095606088638306,0.5604819655418396,0.04907864332199097,0.6095606088638306,0.5188515186309814,0.09070909023284912,0,1
1499,round4_maxpapers,0.5467417240142822,0.5467417240142822,0.0,0.5467417240142822,0.5467417240142822,0.0,0.5467417240142822,0.5467417240142822,0.0,0.5467417240142822,0.5467417240142822,0.0,0,0
1500,round4_maxpapers,0.48587530851364136,0.5683355331420898,-0.08246022462844849,0.4443196654319763,0.5683355331420898,-0.12401586771011353,0.48587530851364136,0.5683355331420898,-0.08246022462844849,0.48587530851364136,0.5683355331420898,-0.08246022462844849,1,1
1505,round2_inst,0.4787454605102539,0.6539856791496277,-0.17524021863937378,0.4787454605102539,0.6539856791496277,-0.17524021863937378,0.6539856791496277,0.6539856791496277,0.0,0.6539856791496277,0.6539856791496277,0.0,0,1
1508,round3_semantic,0.41870951652526855,0.67974454164505,-0.2610350251197815,0.41870951652526855,0.67974454164505,-0.2610350251197815,0.41870951652526855,0.67974454164505,-0.2610350251197815,0.41870951652526855,0.67974454164505,-0.2610350251197815,0,0
1510,round4_semtie,0.5552186965942383,0.6273294687271118,-0.07211077213287354,0.5552186965942383,0.6273294687271118,-0.07211077213287354,0.514807403087616,0.5970868468284607,-0.08227944374084473,0.514807403087616,0.5970868468284607,-0.08227944374084473,1,1
1517,round3_semantic,0.6481920480728149,0.6987243890762329,-0.05053234100341797,0.6481920480728149,,,0.6481920480728149,0.6987243890762329,-0.05053234100341797,0.6481920480728149,,,1,0
1519,round4_maxpapers,0.3894399404525757,0.5263162851333618,-0.13687634468078613,0.47812625765800476,0.5263162851333618,-0.048190027475357056,0.412567138671875,0.6117496490478516,-0.19918251037597656,0.47812625765800476,0.6117496490478516,-0.1336233913898468,1,1
1520,round4_semtie,0.46168291568756104,0.6247230768203735,-0.1630401611328125,0.46168291568756104,0.6247230768203735,-0.1630401611328125,0.4621296525001526,0.6247230768203735,-0.16259342432022095,0.4621296525001526,0.6247230768203735,-0.16259342432022095,1,1
1523,round3_semantic,0.5184203386306763,0.6580367088317871,-0.13961637020111084,0.49075815081596375,0.46300625801086426,0.027751892805099487,0.49075815081596375,0.5128068923950195,-0.022048741579055786,0.49075815081596375,0.46300625801086426,0.027751892805099487,1,1
1527,round4_maxpapers,0.3881833255290985,0.49137082695961,-0.10318750143051147,0.3881833255290985,0.49137082695961,-0.10318750143051147,0.43993914127349854,0.5268341302871704,-0.08689498901367188,0.3881833255290985,0.5268341302871704,-0.1386508047580719,0,1
1528,round4_maxpapers,0.532293975353241,0.6199972629547119,-0.08770328760147095,0.532293975353241,0.6199972629547119,-0.08770328760147095,0.5380529761314392,0.6199972629547119,-0.0819442868232727,0.4753609001636505,0.6199972629547119,-0.1446363627910614,0,1
1530,round4_maxpapers,0.40338754653930664,0.5144574046134949,-0.11106985807418823,0.40338754653930664,0.5144574046134949,-0.11106985807418823,0.4693639874458313,0.5144574046134949,-0.045093417167663574,0.41019904613494873,0.5144574046134949,-0.10425835847854614,0,1
1531,round4_maxpapers,0.6179537773132324,0.44245749711990356,0.17549628019332886,0.6179537773132324,0.4033588171005249,0.21459496021270752,0.6179537773132324,0.44245749711990356,0.17549628019332886,0.6179537773132324,0.4517376124858856,0.1662161648273468,0,0
1532,round4_maxpapers,0.4886762499809265,0.48738276958465576,0.001293480396270752,0.4886762499809265,0.5084095597267151,-0.019733309745788574,0.4886762499809265,0.4886762499809265,0.0,0.4886762499809265,0.4886762499809265,0.0,0,1
1545,round4_semtie,0.5843594074249268,0.7294955849647522,-0.14513617753982544,0.5843594074249268,0.7294955849647522,-0.14513617753982544,0.6918501257896423,0.7294955849647522,-0.03764545917510986,0.6918501257896423,0.7294955849647522,-0.03764545917510986,0,1
1546,round3_semantic,0.5824177265167236,0.6844075918197632,-0.10198986530303955,0.5824177265167236,0.5273251533508301,0.055092573165893555,0.5824177265167236,0.5824177265167236,0.0,0.5824177265167236,0.5824177265167236,0.0,0,1
1547,round3_semantic,0.6918501257896423,0.7294955849647522,-0.03764545917510986,0.6918501257896423,0.6918501257896423,0.0,0.6918501257896423,0.7294955849647522,-0.03764545917510986,0.6918501257896423,0.6918501257896423,0.0,0,0
1548,round4_maxpapers,0.5507674217224121,0.5507674217224121,0.0,0.5224392414093018,0.5507674217224121,-0.02832818031311035,0.5507674217224121,0.5507674217224121,0.0,0.5305074453353882,0.5507674217224121,-0.020259976387023926,1,0
1554,round4_semtie,0.6009061932563782,0.6432431936264038,-0.042337000370025635,0.6009061932563782,0.6432431936264038,-0.042337000370025635,0.6704384684562683,0.6432431936264038,0.027195274829864502,0.6704384684562683,0.6432431936264038,0.027195274829864502,0,1
1557,round4_semtie,0.5199092626571655,0.6515953540802002,-0.13168609142303467,0.5199092626571655,0.6515953540802002,-0.13168609142303467,0.5604844093322754,0.6515953540802002,-0.0911109447479248,0.5604844093322754,0.6515953540802002,-0.0911109447479248,0,1
1564,round4_maxpapers,0.45348629355430603,0.4875904321670532,-0.03410413861274719,0.42360326647758484,0.4875904321670532,-0.06398716568946838,0.4728802442550659,0.4875904321670532,-0.014710187911987305,0.45286428928375244,0.4947792887687683,-0.04191499948501587,1,1
1567,round4_semtie,0.43804293870925903,0.6287598609924316,-0.1907169222831726,0.448657751083374,0.6287598609924316,-0.18010210990905762,0.448657751083374,0.6287598609924316,-0.18010210990905762,0.448657751083374,0.6287598609924316,-0.18010210990905762,1,1
1570,round4_maxpapers,0.4753824472427368,0.5201768279075623,-0.04479438066482544,0.4753824472427368,0.5201768279075623,-0.04479438066482544,0.47375908493995667,0.5500928163528442,-0.07633373141288757,0.47375908493995667,0.5500928163528442,-0.07633373141288757,0,1
1571,round4_maxpapers,0.5475784540176392,0.43871453404426575,0.10886391997337341,0.5475784540176392,0.45560944080352783,0.09196901321411133,0.5914719104766846,0.43871453404426575,0.15275737643241882,0.5914719104766846,0.4767118990421295,0.11476001143455505,0,1
1575,round4_semtie,0.49610695242881775,0.6454448699951172,-0.14933791756629944,0.49610695242881775,0.5100233554840088,-0.01391640305519104,0.5056500434875488,0.6454448699951172,-0.13979482650756836,0.5056500434875488,0.5100233554840088,-0.004373311996459961,0,1
1577,round4_maxpapers,0.537091851234436,0.4594826102256775,0.07760924100875854,0.537091851234436,0.405902624130249,0.131189227104187,0.537091851234436,0.4594826102256775,0.07760924100875854,0.537091851234436,0.40390968322753906,0.13318216800689697,1,1
1581,round4_semtie,0.3970031142234802,0.6654304265975952,-0.268427312374115,0.3970031142234802,0.47759324312210083,-0.0805901288986206,0.3970031142234802,0.47759324312210083,-0.0805901288986206,0.3970031142234802,0.47759324312210083,-0.0805901288986206,0,0
1582,round3_semantic,0.5060743093490601,0.6385589838027954,-0.13248467445373535,0.5060743093490601,,,0.5761187672615051,0.5794280767440796,-0.003309309482574463,0.5761187672615051,,,0,1
1587,round4_semtie,0.5879191756248474,0.6513029336929321,-0.06338375806808472,0.5879191756248474,0.6513029336929321,-0.06338375806808472,0.5879191756248474,0.6513029336929321,-0.06338375806808472,0.5879191756248474,0.6513029336929321,-0.06338375806808472,0,0
1588,round4_semtie,0.5874784588813782,0.7393960952758789,-0.15191763639450073,0.5874784588813782,0.7393960952758789,-0.15191763639450073,0.5874784588813782,0.7393960952758789,-0.15191763639450073,0.5874784588813782,0.7393960952758789,-0.15191763639450073,0,0
1596,round4_maxpapers,0.4637365937232971,0.5607476234436035,-0.0970110297203064,0.4637365937232971,0.41142910718917847,0.05230748653411865,0.4637365937232971,0.5583400726318359,-0.09460347890853882,0.4637365937232971,0.4963703155517578,-0.03263372182846069,0,1
1599,round3_semantic,0.5639736652374268,0.63029545545578,-0.06632179021835327,0.5639736652374268,0.45743823051452637,0.10653543472290039,0.5639736652374268,0.5832444429397583,-0.019270777702331543,0.5639736652374268,0.5768073797225952,-0.012833714485168457,0,1
1613,round3_semantic,0.59226393699646,0.6869375705718994,-0.09467363357543945,0.59226393699646,,,0.59226393699646,0.6869375705718994,-0.09467363357543945,0.59226393699646,,,0,1
1616,round4_maxpapers,0.40135258436203003,0.38847434520721436,0.012878239154815674,0.40135258436203003,0.38847434520721436,0.012878239154815674,0.40135258436203003,0.4402958154678345,-0.03894323110580444,0.40135258436203003,0.4402958154678345,-0.03894323110580444,1,1
1617,round4_maxpapers,0.5585542321205139,0.5567556619644165,0.0017985701560974121,0.5585542321205139,0.4925103783607483,0.06604385375976562,0.5585542321205139,0.5567556619644165,0.0017985701560974121,0.5585542321205139,0.5502058267593384,0.008348405361175537,0,1
1618,round4_maxpapers,0.6189279556274414,0.5268917679786682,0.0920361876487732,0.6189279556274414,0.5268917679786682,0.0920361876487732,0.6189279556274414,0.445472776889801,0.17345517873764038,0.6189279556274414,0.445472776889801,0.17345517873764038,0,1
1619,round4_maxpapers,0.5877683162689209,0.41591590642929077,0.17185240983963013,0.5877683162689209,0.5044679641723633,0.08330035209655762,0.6114900708198547,0.47758162021636963,0.1339084506034851,0.6114900708198547,0.5036847591400146,0.10780531167984009,0,1
1620,round4_maxpapers,0.5090221166610718,0.5090221166610718,0.0,0.5090221166610718,0.5090221166610718,0.0,0.5090221166610718,0.5090221166610718,0.0,0.5090221166610718,0.5090221166610718,0.0,0,1
1621,round4_maxpapers,0.5337071418762207,0.5011118650436401,0.032595276832580566,0.5337071418762207,0.4674822986125946,0.0662248432636261,0.5337071418762207,0.5011118650436401,0.032595276832580566,0.6167585849761963,0.4725731611251831,0.14418542385101318,0,1
1623,round4_semtie,0.428569495677948,0.6680654287338257,-0.23949593305587769,0.428569495677948,0.6680654287338257,-0.23949593305587769,0.428569495677948,0.695055365562439,-0.26648586988449097,0.428569495677948,0.695055365562439,-0.26648586988449097,0,1
1625,round4_maxpapers,0.6174216270446777,0.4383808672428131,0.17904075980186462,0.6174216270446777,0.4383808672428131,0.17904075980186462,0.6174216270446777,0.4610578417778015,0.15636378526687622,0.6174216270446777,0.4610578417778015,0.15636378526687622,0,1
1626,round3_semantic,0.6208345890045166,0.759361743927002,-0.13852715492248535,0.6208345890045166,0.759361743927002,-0.13852715492248535,0.6208345890045166,0.759361743927002,-0.13852715492248535,0.6208345890045166,0.759361743927002,-0.13852715492248535,0,0
1627,round4_maxpapers,0.4891766309738159,0.48363322019577026,0.005543410778045654,0.4891766309738159,0.4471845328807831,0.04199209809303284,0.4891766309738159,0.44253623485565186,0.04664039611816406,0.4891766309738159,0.44253623485565186,0.04664039611816406,0,0
1629,round4_maxpapers,0.45401597023010254,0.5441347360610962,-0.09011876583099365,0.45401597023010254,0.5441347360610962,-0.09011876583099365,0.45401597023010254,0.5441347360610962,-0.09011876583099365,0.4024614095687866,0.5441347360610962,-0.14167332649230957,0,1
1632,round4_semtie,0.7003662586212158,0.6751922965049744,0.025173962116241455,0.7003662586212158,0.7003662586212158,0.0,0.6652410626411438,0.6751922965049744,-0.009951233863830566,0.7003662586212158,0.6751922965049744,0.025173962116241455,0,1
1645,round4_semtie,0.4258829355239868,0.6259671449661255,-0.20008420944213867,0.4258829355239868,0.5422775745391846,-0.11639463901519775,0.4274331331253052,0.6259671449661255,-0.1985340118408203,0.4274331331253052,0.5422775745391846,-0.1148444414138794,1,1
1656,round3_semantic,0.5648759603500366,0.6346448659896851,-0.06976890563964844,0.5648759603500366,,,0.5648759603500366,0.6346448659896851,-0.06976890563964844,0.5648759603500366,,,0,0
1657,round4_maxpapers,0.47999340295791626,0.5467417240142822,-0.06674832105636597,0.44401681423187256,0.5467417240142822,-0.10272490978240967,0.47999340295791626,0.5467417240142822,-0.06674832105636597,0.47999340295791626,0.5467417240142822,-0.06674832105636597,1,1
1660,round4_semtie,0.4257962107658386,0.6344286799430847,-0.2086324691772461,0.4257962107658386,0.6344286799430847,-0.2086324691772461,0.4257962107658386,0.5564002990722656,-0.130604088306427,0.4257962107658386,0.5564002990722656,-0.130604088306427,0,0
1675,round4_semtie,0.6233299970626831,0.6233299970626831,0.0,0.6233299970626831,0.5936538577079773,0.02967613935470581,0.47038811445236206,0.5936538577079773,-0.12326574325561523,0.47038811445236206,0.5809940695762634,-0.11060595512390137,0,1
1676,round4_maxpapers,0.5851209163665771,0.5201271176338196,0.06499379873275757,0.5851209163665771,0.45597702264785767,0.12914389371871948,0.5851209163665771,0.5201271176338196,0.06499379873275757,0.5851209163665771,0.5201271176338196,0.06499379873275757,1,1
1679,round4_maxpapers,0.44112566113471985,0.5869132280349731,-0.1457875669002533,0.44112566113471985,0.5869132280349731,-0.1457875669002533,0.5132358074188232,0.5669536590576172,-0.053717851638793945,0.44112566113471985,0.5669536590576172,-0.12582799792289734,1,1
1686,round4_maxpapers,0.6180000305175781,0.6180000305175781,0.0,0.47455286979675293,0.6180000305175781,-0.1434471607208252,0.6180000305175781,0.6180000305175781,0.0,0.47455286979675293,0.6180000305175781,-0.1434471607208252,1,0
1689,round4_maxpapers,0.4022955894470215,0.4022955894470215,0.0,0.4022955894470215,0.4022955894470215,0.0,0.4022955894470215,0.4022955894470215,0.0,0.4022955894470215,0.4022955894470215,0.0,1,1
1692,round3_semantic,0.6197458505630493,0.6245981454849243,-0.004852294921875,0.6197458505630493,0.6245981454849243,-0.004852294921875,0.6197458505630493,0.6245981454849243,-0.004852294921875,0.6197458505630493,0.6245981454849243,-0.004852294921875,0,1
1695,round3_semantic,0.45370012521743774,0.660871148109436,-0.2071710228919983,0.45370012521743774,0.660871148109436,-0.2071710228919983,0.45370012521743774,0.660871148109436,-0.2071710228919983,0.45370012521743774,0.660871148109436,-0.2071710228919983,0,1
1696,round4_maxpapers,0.37200790643692017,0.367310106754303,0.0046977996826171875,0.37200790643692017,0.367310106754303,0.0046977996826171875,0.37200790643692017,0.39435872435569763,-0.022350817918777466,0.37200790643692017,0.39435872435569763,-0.022350817918777466,0,1
1703,round4_semtie,0.4906132221221924,0.6989854574203491,-0.20837223529815674,0.4906132221221924,0.5408891439437866,-0.05027592182159424,0.4906132221221924,0.6139232516288757,-0.12331002950668335,0.4906132221221924,0.5408891439437866,-0.05027592182159424,1,0
1710,round3_semantic,0.5464621186256409,0.7163913249969482,-0.16992920637130737,0.5464621186256409,0.7163913249969482,-0.16992920637130737,0.5464621186256409,0.7163913249969482,-0.16992920637130737,0.5464621186256409,0.7163913249969482,-0.16992920637130737,0,0
1711,round4_maxpapers,0.4456634521484375,0.47608423233032227,-0.030420780181884766,0.5615694522857666,0.4135056138038635,0.14806383848190308,0.48738670349121094,0.4392942786216736,0.048092424869537354,0.5615694522857666,0.4135056138038635,0.14806383848190308,1,1
1712,round3_semantic,0.5029678344726562,0.6754239797592163,-0.17245614528656006,0.5029678344726562,0.5527276992797852,-0.049759864807128906,0.511340856552124,0.6754239797592163,-0.16408312320709229,0.511340856552124,0.4739723801612854,0.03736847639083862,0,1
1723,round3_semantic,0.5981113910675049,0.6837446689605713,-0.0856332778930664,0.5981113910675049,0.6837446689605713,-0.0856332778930664,0.5981113910675049,0.6837446689605713,-0.0856332778930664,0.5981113910675049,0.6837446689605713,-0.0856332778930664,0,0
1727,round3_semantic,0.5340728759765625,0.6648553609848022,-0.13078248500823975,0.5340728759765625,0.6648553609848022,-0.13078248500823975,0.5340728759765625,0.5340728759765625,0.0,0.5340728759765625,0.5340728759765625,0.0,0,0
1731,round3_semantic,0.6198745965957642,0.6583775281906128,-0.03850293159484863,0.606268048286438,,,0.6198745965957642,0.6583775281906128,-0.03850293159484863,0.6198745965957642,,,1,1
1734,round4_semtie,0.509899377822876,0.626362681388855,-0.116463303565979,0.5368160009384155,0.613810658454895,-0.07699465751647949,0.509899377822876,0.626362681388855,-0.116463303565979,0.5368160009384155,0.509899377822876,0.02691662311553955,1,0
1737,round4_maxpapers,0.5514553785324097,0.5516093969345093,-0.00015401840209960938,0.5514553785324097,0.5516093969345093,-0.00015401840209960938,0.5514553785324097,0.5516093969345093,-0.00015401840209960938,0.5514553785324097,0.5516093969345093,-0.00015401840209960938,0,1
1738,round4_semtie,0.47112607955932617,0.6313695907592773,-0.16024351119995117,0.47112607955932617,0.6313695907592773,-0.16024351119995117,0.4456073045730591,0.6313695907592773,-0.18576228618621826,0.4456073045730591,0.6313695907592773,-0.18576228618621826,0,1
1747,round4_semtie,0.5555503368377686,0.6365935802459717,-0.08104324340820312,0.5555503368377686,0.6365935802459717,-0.08104324340820312,0.5982464551925659,0.6365935802459717,-0.03834712505340576,0.5982464551925659,0.5555503368377686,0.04269611835479736,0,1
1748,round3_semantic,0.5769562125205994,0.7312874794006348,-0.1543312668800354,0.5769562125205994,0.7312874794006348,-0.1543312668800354,0.7312874794006348,0.7312874794006348,0.0,0.5383186340332031,0.7312874794006348,-0.19296884536743164,0,1
1749,round4_maxpapers,0.4087687134742737,0.5615933537483215,-0.15282464027404785,0.4087687134742737,0.5615933537483215,-0.15282464027404785,0.4087687134742737,0.5615933537483215,-0.15282464027404785,0.4087687134742737,0.5615933537483215,-0.15282464027404785,1,1
1750,round4_maxpapers,0.43160420656204224,0.4915012717247009,-0.05989706516265869,0.43160420656204224,0.4915012717247009,-0.05989706516265869,0.43160420656204224,0.4870745539665222,-0.05547034740447998,0.43160420656204224,0.4915012717247009,-0.05989706516265869,0,1
1751,round4_semtie,0.5075904130935669,0.6273294687271118,-0.11973905563354492,0.4376670718193054,0.6273294687271118,-0.1896623969078064,0.5075904130935669,0.509731650352478,-0.002141237258911133,0.5075904130935669,0.6273294687271118,-0.11973905563354492,1,0
1752,round4_maxpapers,0.4732390344142914,0.5114540457725525,-0.03821501135826111,0.4732390344142914,0.6054970026016235,-0.13225796818733215,0.4732390344142914,0.6054970026016235,-0.13225796818733215,0.4732390344142914,0.6054970026016235,-0.13225796818733215,0,0
1764,round3_semantic,0.4208372235298157,0.6986703872680664,-0.27783316373825073,0.4208372235298157,0.6986703872680664,-0.27783316373825073,0.4208372235298157,0.6986703872680664,-0.27783316373825073,0.4208372235298157,0.6986703872680664,-0.27783316373825073,1,1
1765,round4_semtie,0.5127506256103516,0.7248003482818604,-0.2120497226715088,0.5127506256103516,0.6490434408187866,-0.13629281520843506,0.5127506256103516,0.7248003482818604,-0.2120497226715088,0.5127506256103516,0.7248003482818604,-0.2120497226715088,1,1
1774,round4_semtie,0.5717764496803284,0.7418726682662964,-0.17009621858596802,0.5717764496803284,0.5377470254898071,0.03402942419052124,0.7418726682662964,0.7418726682662964,0.0,0.7418726682662964,0.7418726682662964,0.0,0,1
1778,round3_semantic,0.628442645072937,0.6839110851287842,-0.05546844005584717,0.628442645072937,0.6839110851287842,-0.05546844005584717,0.628442645072937,0.628442645072937,0.0,0.628442645072937,0.6839110851287842,-0.05546844005584717,0,0
1781,round4_maxpapers,0.5843594074249268,0.44790035486221313,0.13645905256271362,0.5843594074249268,0.4901186227798462,0.09424078464508057,0.5843594074249268,0.44790035486221313,0.13645905256271362,0.5843594074249268,0.7294955849647522,-0.14513617753982544,0,0
1789,round4_maxpapers,0.5036192536354065,0.40005287528038025,0.10356637835502625,0.5036192536354065,0.40005287528038025,0.10356637835502625,0.5036192536354065,0.40005287528038025,0.10356637835502625,0.5036192536354065,0.40005287528038025,0.10356637835502625,0,0
1790,round4_maxpapers,0.60997474193573,0.60997474193573,0.0,0.60997474193573,0.42484331130981445,0.18513143062591553,0.5413666367530823,0.60997474193573,-0.0686081051826477,0.5413666367530823,0.60997474193573,-0.0686081051826477,0,1
1794,round4_semtie,0.5232083201408386,0.6493625640869141,-0.12615424394607544,0.5232083201408386,0.6493625640869141,-0.12615424394607544,0.5014915466308594,0.6493625640869141,-0.1478710174560547,0.5014915466308594,0.6493625640869141,-0.1478710174560547,0,1
1798,round3_semantic,0.5923036336898804,0.8112507462501526,-0.21894711256027222,0.5923036336898804,,,0.5835224390029907,0.6293826103210449,-0.0458601713180542,0.5835224390029907,,,0,1
1801,round4_maxpapers,0.4681107997894287,0.5673112869262695,-0.09920048713684082,0.4681107997894287,0.5673112869262695,-0.09920048713684082,0.4681107997894287,0.5518314838409424,-0.08372068405151367,0.4681107997894287,0.5518314838409424,-0.08372068405151367,0,1
1804,round4_maxpapers,0.6140596270561218,0.3742792010307312,0.23978042602539062,0.6140596270561218,0.48582756519317627,0.12823206186294556,0.6140596270561218,0.3679109811782837,0.24614864587783813,0.6140596270561218,0.48582756519317627,0.12823206186294556,0,0
1807,round4_maxpapers,0.4821412265300751,0.5116629004478455,-0.029521673917770386,0.4821412265300751,0.5116629004478455,-0.029521673917770386,0.4821412265300751,0.5116629004478455,-0.029521673917770386,0.4821412265300751,0.5116629004478455,-0.029521673917770386,0,0
1810,round4_semtie,0.46885937452316284,0.6208345890045166,-0.15197521448135376,0.4338163733482361,0.5864745378494263,-0.15265816450119019,0.4632267951965332,0.6208345890045166,-0.1576077938079834,0.4632267951965332,0.5565105676651001,-0.0932837724685669,1,1
1817,round4_semtie,0.4535363018512726,0.685800313949585,-0.23226401209831238,0.4750424325466156,0.685800313949585,-0.21075788140296936,0.4535363018512726,0.685800313949585,-0.23226401209831238,0.4750424325466156,0.685800313949585,-0.21075788140296936,1,0
1822,round4_maxpapers,0.4337109625339508,0.5293816328048706,-0.0956706702709198,0.424163818359375,0.49690958857536316,-0.07274577021598816,0.424163818359375,0.5490070581436157,-0.12484323978424072,0.424163818359375,0.38925060629844666,0.034913212060928345,1,1
1836,round4_maxpapers,0.5161871910095215,0.47959673404693604,0.03659045696258545,0.5161871910095215,0.5161871910095215,0.0,0.5161871910095215,0.47959673404693604,0.03659045696258545,0.5161871910095215,0.5084282159805298,0.007758975028991699,0,1
1838,round3_semantic,0.5544453859329224,0.6499825716018677,-0.09553718566894531,0.5544453859329224,0.4667234420776367,0.08772194385528564,0.6499825716018677,0.6499825716018677,0.0,0.6499825716018677,0.43822181224823,0.2117607593536377,0,1
1844,round4_maxpapers,0.5170813798904419,0.5170813798904419,0.0,0.5170813798904419,0.5170813798904419,0.0,0.5170813798904419,0.5170813798904419,0.0,0.5170813798904419,0.5532867908477783,-0.036205410957336426,0,1
1847,round4_maxpapers,0.3593089282512665,0.4064958095550537,-0.04718688130378723,0.3898194432258606,0.4064958095550537,-0.016676366329193115,0.3898194432258606,0.40535396337509155,-0.015534520149230957,0.3898194432258606,0.40535396337509155,-0.015534520149230957,1,1
1848,round4_semtie,0.4695400595664978,0.7092175483703613,-0.23967748880386353,0.4695400595664978,0.7092175483703613,-0.23967748880386353,0.4695400595664978,0.7092175483703613,-0.23967748880386353,0.4695400595664978,0.7092175483703613,-0.23967748880386353,0,0
1850,round4_maxpapers,0.5407688617706299,0.4763197898864746,0.06444907188415527,0.5407688617706299,0.4763197898864746,0.06444907188415527,0.5407688617706299,0.45997142791748047,0.08079743385314941,0.5407688617706299,0.4763197898864746,0.06444907188415527,0,1
1852,round3_semantic,0.6556907892227173,0.7251793146133423,-0.069488525390625,0.6556907892227173,,,0.6556907892227173,0.7251793146133423,-0.069488525390625,0.6556907892227173,,,0,1
1854,round3_semantic,0.44035452604293823,0.6459906697273254,-0.2056361436843872,0.478291392326355,0.514392077922821,-0.036100685596466064,0.47831279039382935,0.6649012565612793,-0.18658846616744995,0.47831279039382935,0.6459906697273254,-0.1676778793334961,1,1
1856,round4_semtie,0.656302809715271,0.6524027585983276,0.0039000511169433594,0.6524027585983276,0.6524027585983276,0.0,0.6524027585983276,0.6524027585983276,0.0,0.6524027585983276,0.6524027585983276,0.0,1,1
1857,round4_semtie,0.5996806621551514,0.6338937282562256,-0.03421306610107422,0.5996806621551514,0.5489296317100525,0.05075103044509888,0.5996806621551514,0.5822356343269348,0.017445027828216553,0.5996806621551514,0.5489296317100525,0.05075103044509888,0,1
1858,round4_maxpapers,0.5156790614128113,0.4299265742301941,0.08575248718261719,0.5156790614128113,0.4299265742301941,0.08575248718261719,0.5156790614128113,0.43324971199035645,0.08242934942245483,0.5856082439422607,0.4299265742301941,0.15568166971206665,1,1
1864,round3_semantic,0.48163434863090515,0.6449572443962097,-0.16332289576530457,0.48163434863090515,0.577720046043396,-0.09608569741249084,0.5211424827575684,0.6449572443962097,-0.12381476163864136,0.5211424827575684,0.577720046043396,-0.05657756328582764,0,1
1867,round4_maxpapers,0.4893859028816223,0.39677804708480835,0.09260785579681396,0.4893859028816223,0.3982369601726532,0.09114894270896912,0.4893859028816223,0.39677804708480835,0.09260785579681396,0.4893859028816223,0.3982369601726532,0.09114894270896912,0,0
1873,round2_inst,0.4080701172351837,0.5673261284828186,-0.1592560112476349,0.403522789478302,0.5314904451370239,-0.12796765565872192,0.4080701172351837,0.5673261284828186,-0.1592560112476349,0.403522789478302,0.5314904451370239,-0.12796765565872192,1,0
1874,round4_maxpapers,0.3617348074913025,0.30565792322158813,0.056076884269714355,0.3617348074913025,0.32211682200431824,0.03961798548698425,0.3617348074913025,0.32211682200431824,0.03961798548698425,0.3617348074913025,0.32211682200431824,0.03961798548698425,0,1
1875,round4_maxpapers,0.40684932470321655,0.48641225695610046,-0.07956293225288391,0.4204612672328949,0.48641225695610046,-0.06595098972320557,0.37411007285118103,0.48641225695610046,-0.11230218410491943,0.4204612672328949,0.48641225695610046,-0.06595098972320557,1,1
1881,round4_maxpapers,0.43696898221969604,0.49557799100875854,-0.0586090087890625,0.4174812138080597,0.43696898221969604,-0.019487768411636353,0.43696898221969604,0.43696898221969604,0.0,0.4174812138080597,0.43696898221969604,-0.019487768411636353,1,0
1885,round4_semtie,0.45070984959602356,0.643074631690979,-0.19236478209495544,0.44413983821868896,0.643074631690979,-0.19893479347229004,0.44413983821868896,0.643074631690979,-0.19893479347229004,0.44413983821868896,0.643074631690979,-0.19893479347229004,1,1
1886,round4_maxpapers,0.406955361366272,0.47803953289985657,-0.0710841715335846,0.406955361366272,0.47803953289985657,-0.0710841715335846,0.47803953289985657,0.47803953289985657,0.0,0.4218246340751648,0.47803953289985657,-0.05621489882469177,0,1
1889,round4_maxpapers,0.5214065313339233,0.3742755353450775,0.14713099598884583,0.5214065313339233,0.3742755353450775,0.14713099598884583,0.5214065313339233,0.34332847595214844,0.1780780553817749,0.3733503520488739,0.34731096029281616,0.02603939175605774,0,1
1891,round4_maxpapers,0.5412341356277466,0.5135205984115601,0.027713537216186523,0.5135205984115601,0.5135205984115601,0.0,0.5135205984115601,0.5135205984115601,0.0,0.5135205984115601,0.5135205984115601,0.0,1,1
1893,round4_maxpapers,0.41315531730651855,0.39607542753219604,0.01707988977432251,0.41315531730651855,0.39607542753219604,0.01707988977432251,0.41315531730651855,0.39607542753219604,0.01707988977432251,0.41315531730651855,0.41871023178100586,-0.005554914474487305,1,1
1896,round4_maxpapers,0.3956105709075928,0.5810379981994629,-0.18542742729187012,0.3956105709075928,0.5810379981994629,-0.18542742729187012,0.36606836318969727,0.5810379981994629,-0.21496963500976562,0.41162917017936707,0.5810379981994629,-0.16940882802009583,0,1
1905,round4_maxpapers,0.6058046221733093,0.46544384956359863,0.1403607726097107,0.6058046221733093,0.4531243145465851,0.15268030762672424,0.6058046221733093,0.4560229182243347,0.1497817039489746,0.6058046221733093,0.4531243145465851,0.15268030762672424,0,1
1911,round4_maxpapers,0.37423092126846313,0.4731435775756836,-0.09891265630722046,0.37423092126846313,0.4731435775756836,-0.09891265630722046,0.37423092126846313,0.4731435775756836,-0.09891265630722046,0.37423092126846313,0.4731435775756836,-0.09891265630722046,1,1
1917,round4_maxpapers,0.4943963885307312,0.44223928451538086,0.05215710401535034,0.4943963885307312,0.44223928451538086,0.05215710401535034,0.5170563459396362,0.44223928451538086,0.07481706142425537,0.5170563459396362,0.5067646503448486,0.010291695594787598,0,1
1924,round4_maxpapers,0.6034330129623413,0.39790648221969604,0.20552653074264526,0.4881877601146698,0.4186977744102478,0.069489985704422,0.6034330129623413,0.48291000723838806,0.12052300572395325,0.5335382223129272,0.39790648221969604,0.1356317400932312,1,1
1928,round4_maxpapers,0.4536541700363159,0.468366414308548,-0.014712244272232056,0.4316735863685608,0.4536541700363159,-0.021980583667755127,0.48274391889572144,0.468366414308548,0.014377504587173462,0.4316735863685608,0.47740429639816284,-0.04573071002960205,1,1
1929,round4_maxpapers,0.49897292256355286,0.5174766182899475,-0.018503695726394653,0.49897292256355286,0.5157874226570129,-0.016814500093460083,0.49897292256355286,0.5157874226570129,-0.016814500093460083,0.5178663730621338,0.5157874226570129,0.0020789504051208496,1,1
1930,round4_maxpapers,0.5122960209846497,0.5122960209846497,0.0,0.47762244939804077,0.43207916617393494,0.045543283224105835,0.5122960209846497,0.4783709943294525,0.033925026655197144,0.4670029282569885,0.42318376898765564,0.043819159269332886,1,1
1931,round2_inst,0.4038107693195343,0.4801229238510132,-0.07631215453147888,0.4038107693195343,0.4801229238510132,-0.07631215453147888,0.4038107693195343,0.49370354413986206,-0.08989277482032776,0.4038107693195343,0.4801229238510132,-0.07631215453147888,0,0
1935,round4_maxpapers,0.43466031551361084,0.3255786597728729,0.10908165574073792,0.43466031551361084,0.34117746353149414,0.0934828519821167,0.43466031551361084,0.33151787519454956,0.10314244031906128,0.43466031551361084,0.38802415132522583,0.04663616418838501,0,0
1941,round4_maxpapers,0.6122894287109375,0.4612067639827728,0.15108266472816467,0.6073297262191772,0.4612067639827728,0.14612296223640442,0.6122894287109375,0.4722308814525604,0.14005854725837708,0.6122894287109375,0.4612067639827728,0.15108266472816467,1,0
1944,round4_semtie,0.3862578570842743,0.6529884338378906,-0.26673057675361633,0.3862578570842743,0.6529884338378906,-0.26673057675361633,0.3862578570842743,0.6529884338378906,-0.26673057675361633,0.3862578570842743,0.6529884338378906,-0.26673057675361633,0,0
1945,round4_maxpapers,0.5301584005355835,0.4215630888938904,0.10859531164169312,0.5301584005355835,0.4215630888938904,0.10859531164169312,0.5301584005355835,0.4215630888938904,0.10859531164169312,0.5308467149734497,0.4215630888938904,0.10928362607955933,0,1
1950,round4_maxpapers,0.3562051057815552,0.5140321254730225,-0.15782701969146729,0.3562051057815552,0.5140321254730225,-0.15782701969146729,0.314799427986145,0.5140321254730225,-0.19923269748687744,0.314799427986145,0.5140321254730225,-0.19923269748687744,0,1
1951,round4_maxpapers,0.48784685134887695,0.48784685134887695,0.0,0.48784685134887695,0.48784685134887695,0.0,0.4719594120979309,0.4719594120979309,0.0,0.4719594120979309,0.4719594120979309,0.0,1,1
1953,round3_semantic,0.591272234916687,0.6435590982437134,-0.05228686332702637,0.591272234916687,0.591272234916687,0.0,0.591272234916687,0.6435590982437134,-0.05228686332702637,0.591272234916687,0.591272234916687,0.0,1,1
1958,round4_semtie,0.6027989983558655,0.6369893550872803,-0.034190356731414795,0.6027989983558655,0.6369893550872803,-0.034190356731414795,0.6369893550872803,0.6369893550872803,0.0,0.6369893550872803,0.6369893550872803,0.0,0,1
1960,round4_maxpapers,0.407656192779541,0.42022836208343506,-0.012572169303894043,0.407656192779541,0.42022836208343506,-0.012572169303894043,0.407656192779541,0.4711539149284363,-0.06349772214889526,0.407656192779541,0.4711539149284363,-0.06349772214889526,0,1
1961,round4_maxpapers,0.5846673250198364,0.40767115354537964,0.1769961714744568,0.5846673250198364,0.40767115354537964,0.1769961714744568,0.5846673250198364,0.40767115354537964,0.1769961714744568,0.5846673250198364,0.44730016589164734,0.1373671591281891,0,1
1962,round4_semtie,0.43216562271118164,0.6302341222763062,-0.1980684995651245,0.43216562271118164,0.6302341222763062,-0.1980684995651245,0.520251989364624,0.6302341222763062,-0.10998213291168213,0.43216562271118164,0.6302341222763062,-0.1980684995651245,0,1
1963,round4_maxpapers,0.3862075209617615,0.36764252185821533,0.018564999103546143,0.3862075209617615,0.37843257188796997,0.007774949073791504,0.38551923632621765,0.34916627407073975,0.036352962255477905,0.41532760858535767,0.3944697380065918,0.02085787057876587,1,1
1967,round4_maxpapers,0.3437122404575348,0.4373776316642761,-0.09366539120674133,0.3437122404575348,0.4373776316642761,-0.09366539120674133,0.3437122404575348,0.4373776316642761,-0.09366539120674133,0.36510881781578064,0.4373776316642761,-0.07226881384849548,0,1
1978,round4_maxpapers,0.4326704740524292,0.408708781003952,0.023961693048477173,0.32289230823516846,0.40552228689193726,-0.0826299786567688,0.32289230823516846,0.408708781003952,-0.08581647276878357,0.32289230823516846,0.408708781003952,-0.08581647276878357,1,1
1979,round4_maxpapers,0.45797938108444214,0.45797938108444214,0.0,0.45797938108444214,0.45797938108444214,0.0,0.45797938108444214,0.516034722328186,-0.058055341243743896,0.516034722328186,0.45797938108444214,0.058055341243743896,0,1
1982,round3_semantic,0.6185774803161621,0.6204612255096436,-0.0018837451934814453,0.6185774803161621,0.6204612255096436,-0.0018837451934814453,0.6204612255096436,0.6204612255096436,0.0,0.6204612255096436,0.6204612255096436,0.0,0,1
1985,round4_maxpapers,0.44878607988357544,0.606828510761261,-0.15804243087768555,0.44878607988357544,0.606828510761261,-0.15804243087768555,0.4891602396965027,0.606828510761261,-0.1176682710647583,0.4891602396965027,0.606828510761261,-0.1176682710647583,0,1
1989,round4_maxpapers,0.5322322249412537,0.5322322249412537,0.0,0.5322322249412537,0.5322322249412537,0.0,0.5322322249412537,0.5322322249412537,0.0,0.5322322249412537,0.5322322249412537,0.0,0,1
1994,round4_maxpapers,0.39236485958099365,0.4264932870864868,-0.034128427505493164,0.39236485958099365,0.4264932870864868,-0.034128427505493164,0.39236485958099365,0.4264932870864868,-0.034128427505493164,0.39236485958099365,0.4264932870864868,-0.034128427505493164,0,0
2003,round4_maxpapers,0.5159468650817871,0.41209834814071655,0.10384851694107056,0.5159468650817871,0.5159468650817871,0.0,0.5159468650817871,0.45141711831092834,0.06452974677085876,0.5159468650817871,0.5159468650817871,0.0,0,1
2006,round4_semtie,0.48247575759887695,0.6547882556915283,-0.17231249809265137,0.48247575759887695,0.6547882556915283,-0.17231249809265137,0.48247575759887695,0.6547882556915283,-0.17231249809265137,0.48247575759887695,0.6547882556915283,-0.17231249809265137,0,1
2022,round4_maxpapers,0.3950977623462677,0.38442492485046387,0.010672837495803833,0.3950977623462677,0.38442492485046387,0.010672837495803833,0.42876049876213074,0.35620731115341187,0.07255318760871887,0.42876049876213074,0.35620731115341187,0.07255318760871887,1,1
2038,round3_semantic,0.6156432628631592,0.6349906921386719,-0.019347429275512695,0.6156432628631592,0.5885157585144043,0.027127504348754883,0.6156432628631592,0.6349906921386719,-0.019347429275512695,0.6156432628631592,0.5885157585144043,0.027127504348754883,1,0
2047,round4_maxpapers,0.5304265022277832,0.3710021376609802,0.15942436456680298,0.5304265022277832,0.3710021376609802,0.15942436456680298,0.5304265022277832,0.4102320075035095,0.12019449472427368,0.5304265022277832,0.3710021376609802,0.15942436456680298,0,1
2049,round4_semtie,0.549387514591217,0.6205777525901794,-0.0711902379989624,0.549387514591217,0.549387514591217,0.0,0.6205777525901794,0.6205777525901794,0.0,0.6205777525901794,0.6205777525901794,0.0,0,1
2055,round4_maxpapers,0.522438645362854,0.48863375186920166,0.033804893493652344,0.522438645362854,0.46434473991394043,0.058093905448913574,0.4930257201194763,0.48863375186920166,0.004391968250274658,0.4930257201194763,0.46434473991394043,0.02868098020553589,0,1
2056,round4_maxpapers,0.5145666599273682,0.4788530468940735,0.03571361303329468,0.5145666599273682,0.45106589794158936,0.06350076198577881,0.5145666599273682,0.4788530468940735,0.03571361303329468,0.5145666599273682,0.49696463346481323,0.01760202646255493,1,0
2069,round3_semantic,0.42922496795654297,0.6636919975280762,-0.2344670295715332,0.42922496795654297,0.6636919975280762,-0.2344670295715332,0.4203793406486511,0.6636919975280762,-0.24331265687942505,0.4403889775276184,0.6636919975280762,-0.22330302000045776,1,1
2070,round4_maxpapers,0.5273935794830322,0.508808970451355,0.018584609031677246,0.508808970451355,0.5273935794830322,-0.018584609031677246,0.5273935794830322,0.49491673707962036,0.032476842403411865,0.5273935794830322,0.5273935794830322,0.0,1,0
2073,round4_maxpapers,0.4573090672492981,0.46887990832328796,-0.011570841073989868,0.4573090672492981,0.46887990832328796,-0.011570841073989868,0.4419293999671936,0.46887990832328796,-0.02695050835609436,0.4419293999671936,0.46887990832328796,-0.02695050835609436,0,1
2080,round4_maxpapers,0.4351465702056885,0.2901160717010498,0.14503049850463867,0.4351465702056885,0.2901160717010498,0.14503049850463867,0.4351465702056885,0.2901160717010498,0.14503049850463867,0.4351465702056885,0.30329862236976624,0.13184794783592224,0,0
2082,round3_semantic,0.4405764639377594,0.6362335681915283,-0.19565710425376892,0.4405764639377594,0.6362335681915283,-0.19565710425376892,0.4083316922187805,0.6362335681915283,-0.2279018759727478,0.4083316922187805,0.6362335681915283,-0.2279018759727478,0,1
2087,round4_maxpapers,0.5037267804145813,0.3409932851791382,0.16273349523544312,0.5037267804145813,0.3382006883621216,0.16552609205245972,0.5037267804145813,0.3409932851791382,0.16273349523544312,0.5037267804145813,0.3409932851791382,0.16273349523544312,0,0
2091,round4_maxpapers,0.49808213114738464,0.39743533730506897,0.10064679384231567,0.49808213114738464,0.3866959810256958,0.11138615012168884,0.49808213114738464,0.3866959810256958,0.11138615012168884,0.49808213114738464,0.3866959810256958,0.11138615012168884,0,0
2094,round4_semtie,0.44402217864990234,0.6827923059463501,-0.23877012729644775,0.44402217864990234,0.6827923059463501,-0.23877012729644775,0.44402217864990234,0.6827923059463501,-0.23877012729644775,0.44402217864990234,0.5868799686431885,-0.14285778999328613,0,0
2111,round4_maxpapers,0.5095521211624146,0.4472115635871887,0.06234055757522583,0.5095521211624146,0.4276217222213745,0.08193039894104004,0.5095521211624146,0.45271366834640503,0.05683845281600952,0.5095521211624146,0.36971521377563477,0.13983690738677979,0,0
2112,round4_maxpapers,0.5373192429542542,0.5151703357696533,0.02214890718460083,0.5373192429542542,0.5151703357696533,0.02214890718460083,0.5373192429542542,0.5151703357696533,0.02214890718460083,0.5373192429542542,0.5151703357696533,0.02214890718460083,0,0
2120,round4_maxpapers,0.5232982039451599,0.5232982039451599,0.0,0.5232982039451599,0.5232982039451599,0.0,0.5156520009040833,0.5232982039451599,-0.00764620304107666,0.5232982039451599,0.5232982039451599,0.0,0,1
2123,round4_maxpapers,0.462890088558197,0.3915310204029083,0.0713590681552887,0.462890088558197,0.3915310204029083,0.0713590681552887,0.462890088558197,0.3915310204029083,0.0713590681552887,0.462890088558197,0.3915310204029083,0.0713590681552887,0,0
2125,round3_semantic,0.5927466154098511,0.7977312207221985,-0.2049846053123474,0.5927466154098511,0.7977312207221985,-0.2049846053123474,0.5927466154098511,0.7977312207221985,-0.2049846053123474,0.7977312207221985,0.7977312207221985,0.0,0,1
2131,round4_maxpapers,0.4732840359210968,0.45373260974884033,0.01955142617225647,0.4732840359210968,0.4265977442264557,0.04668629169464111,0.5276867151260376,0.45373260974884033,0.07395410537719727,0.5276867151260376,0.45373260974884033,0.07395410537719727,0,1
2132,round4_maxpapers,0.43145012855529785,0.4993244409561157,-0.06787431240081787,0.43145012855529785,0.4461676776409149,-0.014717549085617065,0.3992080092430115,0.4993244409561157,-0.10011643171310425,0.3992080092430115,0.4993244409561157,-0.10011643171310425,0,1
2140,round4_maxpapers,0.5237270593643188,0.4821609556674957,0.04156610369682312,0.5237270593643188,0.4821609556674957,0.04156610369682312,0.5237270593643188,0.4821609556674957,0.04156610369682312,0.5237270593643188,0.4821609556674957,0.04156610369682312,0,1
2143,round4_semtie,0.6061670780181885,0.6502482891082764,-0.04408121109008789,0.6061670780181885,0.6502482891082764,-0.04408121109008789,0.6061670780181885,0.6502482891082764,-0.04408121109008789,0.6502482891082764,0.6502482891082764,0.0,1,0
2144,round4_maxpapers,0.3893950879573822,0.4171084761619568,-0.027713388204574585,0.3893950879573822,0.3968827724456787,-0.007487684488296509,0.3586089015007019,0.4171084761619568,-0.05849957466125488,0.3586089015007019,0.3968827724456787,-0.03827387094497681,1,1
2146,round4_maxpapers,0.3972564935684204,0.4847699999809265,-0.0875135064125061,0.3972564935684204,0.4366064667701721,-0.03934997320175171,0.3972564935684204,0.4366064667701721,-0.03934997320175171,0.3972564935684204,0.4685828685760498,-0.0713263750076294,0,0
2154,round4_maxpapers,0.5251103639602661,0.46764445304870605,0.05746591091156006,0.5251103639602661,0.46764445304870605,0.05746591091156006,0.5251103639602661,0.46764445304870605,0.05746591091156006,0.5251103639602661,0.46764445304870605,0.05746591091156006,0,1
2160,round3_semantic,0.6066770553588867,0.6332552433013916,-0.026578187942504883,0.6066770553588867,,,0.6066770553588867,0.6332552433013916,-0.026578187942504883,0.6066770553588867,,,1,1
2167,round4_maxpapers,0.3348214626312256,0.4610440731048584,-0.1262226104736328,0.32944485545158386,0.4610440731048584,-0.13159921765327454,0.3348214626312256,0.4610440731048584,-0.1262226104736328,0.3348214626312256,0.4610440731048584,-0.1262226104736328,1,1
2174,round4_maxpapers,0.466827392578125,0.42594707012176514,0.04088032245635986,0.466827392578125,0.42731741070747375,0.039509981870651245,0.4456040859222412,0.4490879476070404,-0.0034838616847991943,0.4456040859222412,0.528157114982605,-0.08255302906036377,0,1
2177,round3_semantic,0.5728112459182739,0.6550875902175903,-0.0822763442993164,0.5728112459182739,0.6550875902175903,-0.0822763442993164,0.5728112459182739,0.6550875902175903,-0.0822763442993164,0.5728112459182739,0.6550875902175903,-0.0822763442993164,0,0
2192,round3_semantic,0.4616188704967499,0.6657811403274536,-0.20416226983070374,0.4645099937915802,0.6657811403274536,-0.2012711465358734,0.5028690099716187,0.6657811403274536,-0.16291213035583496,0.5028690099716187,0.6657811403274536,-0.16291213035583496,1,1
2199,round4_maxpapers,0.5227976441383362,0.5227976441383362,0.0,0.5426649451255798,0.4404287040233612,0.10223624110221863,0.5227976441383362,0.4404287040233612,0.08236894011497498,0.5164998173713684,0.4404287040233612,0.0760711133480072,1,0
2203,round4_maxpapers,0.5458358526229858,0.4893929362297058,0.05644291639328003,0.5458358526229858,0.41047507524490356,0.13536077737808228,0.5458358526229858,0.4893929362297058,0.05644291639328003,0.5458358526229858,0.41047507524490356,0.13536077737808228,0,0
2209,round4_maxpapers,0.39029932022094727,0.4026208519935608,-0.012321531772613525,0.39029932022094727,0.4026208519935608,-0.012321531772613525,0.38443589210510254,0.4026208519935608,-0.018184959888458252,0.38443589210510254,0.4026208519935608,-0.018184959888458252,1,1
