rid,eu_name,authorid,match_type,host_id,passed,n_papers,source
0,陈永川,A5100359081,exact,,False,494,round4_maxpapers
1,徐超江,A5104169339,exact,,False,392,round4_maxpapers
2,席南华,A5054373059,exact,,False,49,round4_maxpapers
3,杨卫,A5100781368,exact,,False,992,round4_maxpapers
4,张洪起,A5100671913,exact,,False,322,round4_maxpapers
5,彭练矛,A5083743480,exact,,False,682,round4_maxpapers
6,王牧,A5101694733,exact,,False,1672,round4_maxpapers
7,罗俊,A5100749903,exact,,False,675,round4_maxpapers
8,冯守华,A5101519300,exact,,False,484,round4_maxpapers
9,姜标,A5109335984,exact,,False,316,round4_maxpapers
10,郑兰荪,A5033083880,exact,,False,2163,round4_maxpapers
11,赵新生,A5101957666,exact,,False,269,round4_maxpapers
12,何天白,A5101108001,exact,,False,143,round4_maxpapers
13,李静海,A5100402504,exact,,False,1744,round4_maxpapers
14,邓子新,A5100781054,exact,,False,606,round4_maxpapers
15,宋微波,A5063217724,exact,,False,458,round4_maxpapers
16,方精云,A5101890983,exact,,False,644,round4_maxpapers
17,王志新,A5100687842,exact,,False,1518,round4_maxpapers
18,李伯良,A5100643214,exact,,False,877,round4_maxpapers
19,顾晓松,A5088536927,exact,,False,375,round4_maxpapers
20,王宪,A5100352414,exact,,False,418,round4_maxpapers
21,孙方臻,A5086434651,exact,,False,924,round4_maxpapers
22,陈建国,A5107886267,exact,,False,588,round4_maxpapers
23,桂建芳,A5021128215,exact,,False,436,round4_maxpapers
24,杨焕明,A5101717144,exact,,False,1777,round4_maxpapers
25,陈竺,A5100449751,exact,,False,463,round4_maxpapers
26,张福锁,A5041917108,exact,,False,897,round4_maxpapers
27,王晓良,A5100369125,exact,,False,356,round4_maxpapers
28,姚檀栋,A5070303297,exact,,False,640,round4_maxpapers
29,孙卫国,A5086434651,exact,,False,924,round4_maxpapers
30,郑永飞,A5038855167,exact,,False,598,round4_maxpapers
31,彭平安,A5041332589,exact,,False,53,round4_maxpapers
32,朱日祥,A5084344063,exact,,False,409,round4_maxpapers
33,张禹慎,A5108166978,exact,,False,1586,round4_maxpapers
34,穆穆,A5110659314,exact,,False,179,round4_maxpapers
35,徐惠彬,A5100297527,exact,,False,234,round4_maxpapers
36,魏炳波,A5026176853,exact,,False,336,round4_maxpapers
37,谢和平,A5004928216,exact,,False,624,round4_maxpapers
38,樊建人,A5013540603,exact,,False,402,round4_maxpapers
39,王兆印,A5100687842,exact,,False,1518,round4_maxpapers
40,刘忠范,A5108047623,exact,,False,1139,round4_maxpapers
41,李建保,A5100402504,exact,,False,1744,round4_maxpapers
42,李晓光,A5100362303,exact,,False,831,round4_maxpapers
43,杨义先,A5100743975,exact,,False,2388,round4_maxpapers
44,何力,A5100317861,exact,,False,437,round4_maxpapers
45,郭雷,A5100344279,exact,,False,651,round4_maxpapers
46,陈良尧,A5108420105,exact,,False,261,round4_maxpapers
47,谭建荣,A5039962474,exact,,False,530,round4_maxpapers
48,胡鞍钢,A5019029825,exact,,False,205,round4_maxpapers
49,袁亚湘,A5111382617,exact,,False,659,round4_maxpapers
50,张伟平,A5100657957,exact,,False,491,round4_maxpapers
51,程崇庆,A5107946030,exact,,False,154,round4_maxpapers
52,张继平,A5115587832,exact,,False,320,round4_maxpapers
53,洪友士,A5113136485,exact,,False,149,round4_maxpapers
54,顾元宪,A5100917059,exact,,False,50,round4_maxpapers
55,郑泉水,A5083186038,exact,,False,240,round4_maxpapers
56,甘为群,A5113887663,exact,,False,233,round4_maxpapers
57,陆卫,A5100335597,exact,,False,965,round4_maxpapers
58,侯晓远,A5020716271,exact,,False,228,round4_maxpapers
59,郑杭,A5101613589,exact,,False,240,round4_maxpapers
60,龚旗煌,A5072771171,exact,,False,1476,round4_maxpapers
61,李定,A5002509297,exact,,False,1183,round4_maxpapers
62,严纯华,A5100713322,exact,,False,828,round4_maxpapers
63,麻生明,A5110002574,exact,,False,1064,round4_maxpapers
64,解金春,A5110395520,exact,,False,38,round4_maxpapers
65,白春礼,A5064172785,exact,,False,244,round4_maxpapers
66,包信和,A5045204358,exact,,False,1134,round4_maxpapers
67,来鲁华,A5064049271,exact,,False,502,round4_maxpapers
68,孙世刚,A5100673667,exact,,False,941,round4_maxpapers
69,苏志国,A5087729175,exact,,False,506,round4_maxpapers
70,阮力,A5083200817,exact,,False,221,round4_maxpapers
71,赵进东,A5070851446,exact,,False,1221,round4_maxpapers
72,武维华,A5074840856,exact,,False,286,round4_maxpapers
73,冯明光,A5085331272,exact,,False,1405,round4_maxpapers
74,李林,A5100412926,exact,,False,2838,round4_maxpapers
75,刘德培,A5071197747,exact,,False,301,round4_maxpapers
76,屈良鹊,A5109890337,exact,,False,28,round4_maxpapers
77,唐建国,A5100708602,exact,,False,686,round4_maxpapers
78,周专,A5004532333,exact,,False,206,round4_maxpapers
79,张旭,A5080918583,exact,,False,1102,round4_maxpapers
80,陈赛娟,A5106526083,exact,,False,1436,round4_maxpapers
81,邓汉湘,A5011023696,exact,,False,156,round4_maxpapers
82,张亚平,A5108166978,exact,,False,1586,round4_maxpapers
83,张启发,A5031926979,exact,,False,297,round4_maxpapers
84,余龙,A5100345898,exact,,False,497,round4_maxpapers
85,冯根生,A5025814619,exact,,False,252,round4_maxpapers
86,李家洋,A5100402504,exact,,False,1744,round4_maxpapers
87,彭友良,A5068346443,exact,,False,190,round4_maxpapers
88,李晓林,A5100362303,exact,,False,831,round4_maxpapers
89,樊代明,A5100715251,exact,,False,783,round4_maxpapers
90,寿成超,A5003697485,exact,,False,158,round4_maxpapers
91,曹亚,A5001123718,exact,,False,503,round4_maxpapers
92,刘进,A5108047622,exact,,False,1259,round4_maxpapers
93,付小兵,A5089030416,exact,,False,718,round4_maxpapers
94,郝小江,A5024694580,exact,,False,899,round4_maxpapers
95,龚健雅,A5100574336,exact,,False,444,round4_maxpapers
96,陶澍,A5025961370,exact,,False,1154,round4_maxpapers
97,丁仲礼,A5104114129,exact,,False,140,round4_maxpapers
98,黄润秋,A5112675054,exact,,False,343,round4_maxpapers
99,吴庆余,A5069570157,exact,,False,505,round4_maxpapers
100,吴汉宁,A5100341986,exact,,False,344,round4_maxpapers
101,万卫星,A5037227927,exact,,False,589,round4_maxpapers
102,吴北婴,A5101811709,exact,,False,73,round4_maxpapers
103,张经,A5017574831,exact,,False,2869,round4_maxpapers
104,沈保根,A5025202937,exact,,False,619,round4_maxpapers
105,林昌健,A5002765396,exact,,False,320,round4_maxpapers
106,董闯,A5100319435,exact,,False,769,round4_maxpapers
107,侯建国,A5104147210,exact,,False,67,round4_maxpapers
108,姚建年,A5013337744,exact,,False,907,round4_maxpapers
109,许宁生,A5040134560,exact,,False,1407,round4_maxpapers
110,郭其鹏,A5100419611,exact,,False,549,round4_maxpapers
111,唐春安,A5110908796,exact,,False,104,round4_maxpapers
112,孙恒虎,A5101638847,exact,,False,412,round4_maxpapers
113,吴雅,A5108337108,exact,,False,2515,round4_maxpapers
114,翟婉明,A5008935254,exact,,False,387,round4_maxpapers
115,徐力平,A5100342425,exact,,False,2473,round4_maxpapers
116,袁驷,A5100540917,exact,,False,88,round4_maxpapers
117,王光谦,A5101785846,exact,,False,249,round4_maxpapers
118,白净,A5100746164,exact,,False,333,round4_maxpapers
119,陆祖宏,A5100388707,exact,,False,675,round4_maxpapers
120,李建中,A5100402504,exact,,False,1744,round4_maxpapers
121,吕建,A5100341536,exact,,False,1510,round4_maxpapers
122,张晨曦,A5114377242,exact,,False,274,round4_maxpapers
123,郑南宁,A5047405956,exact,,False,1218,round4_maxpapers
124,罗毅,A5057282533,exact,,False,1350,round4_maxpapers
125,黄大鸣,A5038187292,exact,,False,531,round4_maxpapers
126,王恩哥,A5115694903,exact,,False,345,round4_maxpapers
127,辛建国,A5108577067,exact,,False,137,round4_maxpapers
128,席西民,A5090409332,exact,,False,18,round4_maxpapers
129,任佳刚,A5086804669,exact,,False,115,round4_maxpapers
130,郑志勇,A5110127139,exact,,False,1655,round4_maxpapers
131,叶向东,A5107333626,exact,,False,279,round4_maxpapers
132,谈胜利,A5083466095,exact,,False,127,round4_maxpapers
133,王复明,A5065663097,exact,,False,488,round4_maxpapers
134,李灸,A5100402504,exact,,False,1744,round4_maxpapers
135,杨戟,A5070014170,exact,,False,320,round4_maxpapers
136,张泽,A5114375150,exact,,False,2059,round4_maxpapers
137,王炜,A5069763141,exact,,False,3868,round4_maxpapers
138,金晓峰,A5089390321,exact,,False,279,round4_maxpapers
139,黄新明,A5041883439,exact,,False,314,round4_maxpapers
140,常哲,A5054992172,exact,,False,309,round4_maxpapers
141,冯军,A5083654638,exact,,False,391,round4_maxpapers
142,吴岳良,A5108337108,exact,,False,2515,round4_maxpapers
143,林建华,A5110268616,exact,,False,439,round4_maxpapers
144,陈小明,A5100420356,exact,,False,1967,round4_maxpapers
145,刘育,A5100345666,exact,,False,2692,round4_maxpapers
146,黄培强,A5048553281,exact,,False,506,round4_maxpapers
147,李灿,A5100334060,exact,,False,1577,round4_maxpapers
148,田中群,A5100371744,exact,,False,1072,round4_maxpapers
149,孙子罕,A5020544203,exact,,False,159,round4_maxpapers
150,杨玉良,A5100743975,exact,,False,2388,round4_maxpapers
151,瞿金平,A5058047142,exact,,False,293,round4_maxpapers
152,吴奇,A5108337108,exact,,False,2515,round4_maxpapers
153,田禾,A5050844324,exact,,False,1250,round4_maxpapers
154,徐建国,A5005283872,exact,,False,414,round4_maxpapers
155,高坤山,A5049060149,exact,,False,467,round4_maxpapers
156,袁明,A5070196780,exact,,False,322,round4_maxpapers
157,黄大卫,A5039070819,exact,,False,272,round4_maxpapers
158,焦念志,A5024666177,exact,,False,406,round4_maxpapers
159,崔奕波,A5035362295,exact,,False,188,round4_maxpapers
160,沈岩,A5003395657,exact,,False,486,round4_maxpapers
161,潘宪明,A5101468880,exact,,False,385,round4_maxpapers
162,陈江野,A5107886267,exact,,False,588,round4_maxpapers
163,吉永华,A5103188323,exact,,False,155,round4_maxpapers
164,李云庆,A5100391235,exact,,False,1001,round4_maxpapers
165,陈杰,A5100333005,exact,,False,1223,round4_maxpapers
166,宋建国,A5085696968,exact,,False,550,round4_maxpapers
167,贺福初,A5091436402,exact,,False,561,round4_maxpapers
168,裴钢,A5019671286,exact,,False,368,round4_maxpapers
169,吕有勇,A5100752638,exact,,False,509,round4_maxpapers
170,邓秀新,A5066344731,exact,,False,447,round4_maxpapers
171,潘申权,A5077856912,exact,,False,29,round4_maxpapers
172,李德发,A5002509297,exact,,False,1183,round4_maxpapers
173,杨忠岐,A5106498549,exact,,False,1659,round4_maxpapers
174,王宇,A5064352195,exact,,False,1594,round4_maxpapers
175,颜光美,A5100462457,exact,,False,175,round4_maxpapers
176,杨静华,A5060279706,exact,,False,179,round4_maxpapers
177,张学光,A5108046748,exact,,False,1015,round4_maxpapers
178,钟大放,A5105516990,exact,,False,460,round4_maxpapers
179,倪晋仁,A5059873143,exact,,False,365,round4_maxpapers
180,季强,A5076346273,exact,,False,419,round4_maxpapers
181,王成善,A5065484071,exact,,False,1375,round4_maxpapers
182,刘丛强,A5052306453,exact,,False,800,round4_maxpapers
183,高山,A5100681624,exact,,False,963,round4_maxpapers
184,陈晓非,A5100358416,exact,,False,526,round4_maxpapers
185,易帆,A5013676597,exact,,False,314,round4_maxpapers
186,李建成,A5100402504,exact,,False,1744,round4_maxpapers
187,翟世奎,A5108682811,exact,,False,94,round4_maxpapers
188,卢柯,A5049092867,exact,,False,442,round4_maxpapers
189,连建设,A5044777534,exact,,False,321,round4_maxpapers
190,王福会,A5056793018,exact,,False,1139,round4_maxpapers
191,施剑林,A5108427188,exact,,False,1056,round4_maxpapers
192,毛志强,A5064017519,exact,,False,705,round4_maxpapers
193,许家瑞,A5017604391,exact,,False,325,round4_maxpapers
194,李夕兵,A5100391235,exact,,False,1001,round4_maxpapers
195,赵阳升,A5107853636,exact,,False,472,round4_maxpapers
196,郭万林,A5035104993,exact,,False,580,round4_maxpapers
197,胡海岩,A5108071971,exact,,False,535,round4_maxpapers
198,彭晓峰,A5043568664,exact,,False,517,round4_maxpapers
199,李崇坚,A5015488141,exact,,False,218,round4_maxpapers
200,徐世娘,A5021587496,exact,,False,78,round4_maxpapers
201,欧进萍,A5103031892,exact,,False,808,round4_maxpapers
202,任晓敏,A5100656127,exact,,False,864,round4_maxpapers
203,洪伟,A5100370996,exact,,False,1890,round4_maxpapers
204,李星,A5100362303,exact,,False,831,round4_maxpapers
205,马利庄,A5084218062,exact,,False,597,round4_maxpapers
206,朱鸿,A5100757520,exact,,False,1756,round4_maxpapers
207,贾英民,A5100731040,exact,,False,610,round4_maxpapers
208,郭雷,A5100344279,exact,,False,651,round4_maxpapers
209,薛其坤,A5101862667,exact,,False,483,round4_maxpapers
210,资剑,A5023445411,exact,,False,295,round4_maxpapers
211,曹健林,A5108105031,exact,,False,145,round4_maxpapers
212,邹汉法,A5106276897,exact,I180585399,False,485,round4_maxpapers
213,祝之明,A5111746654,exact,I151075929,True,3,round4_semtie
214,朱玉贤,A5025930783,exact,I20231570,False,154,round4_maxpapers
216,周仲荣,A5071586711,exact,I4800084,False,245,round4_maxpapers
217,周玉,A5108167590,exact,I204983213,False,1083,round4_maxpapers
218,周卫建,A5110010275,exact,I4210159790,False,336,round4_maxpapers
219,周其林,A5075038156,exact,I205237279,True,532,round4_semtie
220,钟志华,A5101987780,exact,I16609230,False,196,round4_maxpapers
221,郑晓静,A5072716527,exact,I76214153,False,281,round4_maxpapers
225,赵刚,A5046444692,exact,I4210164580,True,958,round4_semtie
226,章明秋,A5100671757,exact,I157773358,False,900,round4_maxpapers
227,张志东,A5100672475,exact,I4210126304,True,50,round4_semtie
228,张玉卓,A5108166978,exact,,False,1586,round4_maxpapers
229,张毅刚,A5057527760,exact,I4210126061,False,52,round4_maxpapers
230,张希,A5100430842,exact,I194450716,False,910,round4_maxpapers
231,张文栋,A5100739058,exact,I135714990,False,1341,round4_maxpapers
232,张纪峰,A5100784043,exact,I4210120485,False,349,round4_maxpapers
233,张洪杰,A5100449651,exact,I4210092888,True,1683,round4_semtie
234,尤肖虎,A5072916702,exact,I76569877,False,1436,round4_maxpapers
235,雍炯敏,A5101508592,exact,I24943067,False,271,round4_maxpapers
237,叶其壮,A5111803684,exact,I4210112820,True,42,round4_semtie
238,杨群,A5079077730,exact,I4210103797,True,173,round4_semtie
239,许庚,A5101820164,exact,I157773358,False,110,round4_maxpapers
240,徐安龙,A5003738856,exact,I157773358,True,378,round4_semtie
241,邢达,A5091784280,exact,I187400657,False,467,round4_maxpapers
242,夏照帆,A5046548706,exact,I177933477,False,262,round4_maxpapers
243,武向平,A5050877497,exact,I4210164580,False,176,round4_maxpapers
244,吴忠良,A5101412365,exact,,False,2295,round4_maxpapers
245,吴平,A5051982289,exact,I76130692,False,335,round4_maxpapers
246,吴建平,A5001949272,exact,I99065089,True,551,round4_semtie
247,吴长勤,A5100917903,exact,I24943067,False,70,round4_maxpapers
249,魏飞,A5016314802,exact,I99065089,True,374,round4_semtie
250,王永学,A5084584657,exact,I27357992,False,150,round4_maxpapers
251,王诗成,A5100647798,exact,I20231570,True,111,round4_semtie
252,王梅祥,A5080389064,exact,I4210155088,True,902,round4_semtie
253,王利祥,A5100732436,exact,I4210092888,False,785,round4_maxpapers
254,王道文,A5014137444,exact,I4210124606,True,786,round4_semtie
255,王彪,A5100439502,exact,I204983213,False,1926,round4_maxpapers
256,童真,A5020641370,exact,I90610280,False,431,round4_maxpapers
257,唐小我,A5029409118,exact,I150229711,False,214,round4_maxpapers
258,唐承薇,A5073301461,exact,I87780372,True,220,round4_semtie
259,谭仁祥,A5109197757,exact,I881766915,False,276,round4_maxpapers
260,谈和平,A5090805534,exact,I204983213,False,345,round4_maxpapers
261,孙茂,A5059023717,exact,I82880672,False,126,round4_maxpapers
262,孙昌璞,A5101708632,exact,I4210125404,False,232,round4_maxpapers
263,丘小庆,A5112845249,exact,I24185976,False,30,round4_maxpapers
264,乔利杰,A5100393692,exact,I92403157,False,458,round4_maxpapers
265,欧阳颀,A5046687947,exact,I20231570,False,337,round4_maxpapers
266,牛焱,A5103445232,exact,I4210126304,False,38,round4_maxpapers
267,毛希安,A5111704368,exact,I4210099135,False,86,round4_maxpapers
268,马余刚,A5003931166,exact,,True,480,round4_semtie
269,马大为,A5005585096,exact,I4210112946,True,568,round4_semtie
270,吕应堂,A5006630427,exact,I37461747,True,95,round4_semtie
271,吕力,A5100386318,exact,I4210159876,False,374,round4_maxpapers
272,罗泽伟,A5102006860,exact,I24943067,True,79,round4_semtie
273,刘振宇,A5111822524,exact,I4210159903,False,522,round4_maxpapers
274,刘迎龙,A5100687679,exact,I200296433,True,531,round4_semtie
275,刘耀光,A5051375687,exact,I101479585,True,202,round4_semtie
276,刘俊明,A5025127998,exact,I881766915,False,1016,round4_maxpapers
277,刘宝元,A5101534676,exact,I25254941,False,174,round4_maxpapers
278,梁惊涛,A5101429744,exact,I4210140689,False,94,round4_maxpapers
279,李晓红,A5100451525,exact,I158842170,False,663,round4_maxpapers
280,李晓峰,A5100347672,exact,I4210159876,False,702,round4_maxpapers
281,李献华,A5109663516,exact,I3018690959,False,564,round4_maxpapers
282,李宁,A5100369038,exact,I52158045,True,1212,round4_semtie
286,靳常青,A5048733966,exact,I4210159876,True,101,round4_semtie
287,蒋志刚,A5078559315,exact,I4210167311,True,348,round4_semtie
288,蒋华良,A5001392142,exact,I4210112820,True,951,round4_semtie
289,贾朝华,A5101158304,exact,I4210120485,True,51,round4_semtie
290,吉敏,A5089412876,exact,I4210120485,False,168,round4_maxpapers
291,黄季昆,A5028842885,exact,,True,10,round4_semtie
293,胡钧,A5100405533,exact,I4210123885,False,468,round4_maxpapers
294,贺林,A5102798483,exact,I4210106477,True,642,round4_semtie
295,韩忠朝,A5050637827,exact,I200296433,False,478,round4_maxpapers
296,韩东一,A5103695801,exact,I2802939634,False,184,round4_maxpapers
297,韩布兴,A5103738179,exact,I4210155088,True,26,round4_semtie
298,郭正堂,A5077155742,exact,I4210126061,False,404,round4_maxpapers
299,郭亚军,A5103196935,exact,I177933477,True,150,round4_semtie
300,郭烈锦,A5100609247,exact,I87445476,False,763,round4_maxpapers
301,管晓宏,A5075845093,exact,I87445476,False,687,round4_maxpapers
302,顾明,A5112114826,exact,I116953780,False,367,round4_maxpapers
303,龚建平,A5022764544,exact,I47720641,False,733,round4_maxpapers
304,高晓明,A5041545335,exact,I20231570,True,128,round4_semtie
305,高小山,A5044392810,exact,I4210120485,True,43,round4_semtie
306,高抒,A5100761250,exact,I881766915,True,379,round4_semtie
307,高琼,A5101936606,exact,I25254941,True,96,round4_semtie
308,傅伯杰,A5112597858,exact,I4210144289,False,775,round4_maxpapers
309,符松,A5085721305,exact,I99065089,False,398,round4_maxpapers
310,董双林,A5063652194,exact,I59028903,False,241,round4_maxpapers
312,丁汉,A5057513904,exact,I47720641,True,467,round4_semtie
313,褚健,A5001657537,exact,I76130692,False,540,round4_maxpapers
314,池汝安,A5101674439,exact,I99065089,False,156,round4_maxpapers
315,程艺,A5070207133,exact,I126520041,False,348,round4_maxpapers
316,陈骏,A5100450146,exact,I881766915,True,1095,round4_semtie
317,陈接胜,A5053710394,exact,I194450716,True,542,round4_semtie
318,陈鸿,A5089411227,exact,I116953780,False,1557,round4_maxpapers
319,陈国强,A5108139046,exact,I183067930,True,634,round4_semtie
320,昌增益,A5081867201,exact,I99065089,True,129,round4_semtie
321,曹卫星,A5017022122,exact,I119454577,False,827,round4_maxpapers
323,祝宁华,A5111685962,exact,I4210149211,False,306,round4_maxpapers
324,朱熹平,A5109274109,exact,I157773358,True,73,round4_semtie
326,周向宇,A5112055428,exact,I4210120485,False,112,round4_maxpapers
327,周午纵,A5061639340,exact,I4210159876,False,419,round4_maxpapers
328,周青,A5100327165,exact,I66867065,False,350,round4_maxpapers
329,钟毅,A5049412020,exact,I99065089,True,199,round4_semtie
331,赵政国,A5107985937,exact,I4210137180,False,1299,round4_maxpapers
332,张中杰,A5101739366,exact,I4210126061,True,152,round4_semtie
333,张知彬,A5100370021,exact,I4210167311,True,800,round4_semtie
334,张晓坤,A5100701280,exact,I191208505,True,132,round4_semtie
336,张培震,A5083397876,exact,I4391768021,False,291,round4_maxpapers
337,张杰,A5023023644,exact,I4210159876,False,3951,round4_maxpapers
338,詹文龙,A5018259504,exact,I4210131271,True,295,round4_semtie
339,曾益新,A5084861824,exact,I157773358,True,431,round4_semtie
340,曾攀,A5100406365,exact,I99065089,False,261,round4_maxpapers
342,药立波,A5045713224,exact,,True,29,round4_semtie
343,杨增明,A5086614299,exact,I169572211,False,149,round4_maxpapers
344,杨元喜,A5100743975,exact,,False,2388,round4_maxpapers
345,杨学军,A5061870286,exact,I170215575,False,551,round4_maxpapers
346,杨辉,A5111713189,exact,I4210149211,True,129,round4_semtie
348,薛勇彪,A5035259297,exact,I4210124606,True,189,round4_semtie
349,许京军,A5100671656,exact,I205237279,False,941,round4_maxpapers
350,谢毅,A5107829607,exact,I126520041,False,1287,round4_maxpapers
351,肖杰,A5036782152,exact,I99065089,False,312,round4_maxpapers
352,肖丰收,A5043953177,exact,I194450716,False,665,round4_maxpapers
353,席振峰,A5100652045,exact,I20231570,False,691,round4_maxpapers
356,闻海虎,A5100771560,exact,I4210159876,False,513,round4_maxpapers
357,危岩,A5100617168,exact,I20231570,False,585,round4_maxpapers
358,王中林,A5100376569,exact,I4210159876,False,3877,round4_maxpapers
359,王志功,A5009631608,exact,I76569877,False,543,round4_maxpapers
360,王峥涛,A5100601073,exact,I161716053,False,1154,round4_maxpapers
361,王镇,A5100422286,exact,I881766915,False,850,round4_maxpapers
362,王玉鹏,A5100379839,exact,I4210159876,False,240,round4_maxpapers
364,王擎,A5100434915,exact,I5740404,True,1707,round4_semtie
365,王柯敏,A5038335298,exact,I16609230,False,686,round4_maxpapers
366,王健农,A5101505625,exact,I183067930,True,58,round4_semtie
367,王红阳,A5109169187,exact,I177933477,True,13,round4_semtie
369,王斌,A5100372378,exact,I4210152758,False,1089,round4_maxpapers
371,谭铁牛,A5111885963,exact,I4210112150,True,620,round4_semtie
372,孙元章,A5100308358,exact,I99065089,True,210,round4_semtie
373,孙玉山,A5100890974,exact,I4210147510,False,11,round4_maxpapers
375,孙凤艳,A5102768836,exact,I24943067,True,83,round4_semtie
376,宋晓东,A5048756153,exact,,True,293,round4_semtie
377,史晓颖,A5109084507,exact,I3125743391,True,24,round4_semtie
378,史生才,A5110262043,exact,I2802340896,False,232,round4_maxpapers
380,余振苏,A5100734269,exact,I20231570,False,235,round4_maxpapers
385,戚中田,A5103100246,exact,I177933477,True,174,round4_semtie
388,南策文,A5060345214,exact,I99065089,False,554,round4_maxpapers
389,马兰,A5057311061,exact,I24943067,True,370,round4_semtie
390,马军,A5100623884,exact,I204983213,True,66,round4_semtie
391,马红孺,A5087807199,exact,I183067930,False,251,round4_maxpapers
392,吕龙,A5109719005,exact,I4210112946,True,218,round4_semtie
393,罗云波,A5100438253,exact,I52158045,False,363,round4_maxpapers
394,罗向前,A5102425147,exact,I157773358,False,91,round4_maxpapers
396,刘友华,A5100687684,exact,I200296433,False,1915,round4_maxpapers
397,刘维民,A5100367597,exact,I4210089297,False,874,round4_maxpapers
398,刘庆,A5100345153,exact,I99065089,False,3060,round4_maxpapers
399,刘平,A5100442376,exact,I4210098460,True,1001,round4_semtie
401,林东昕,A5100674237,exact,I200296433,False,558,round4_maxpapers
403,李晓原,A5041607266,exact,I157773358,True,560,round4_semtie
404,李熙,A5100421454,exact,I194450716,False,2001,round4_maxpapers
405,李松,A5034367415,exact,,True,6,round4_semtie
406,李杰,A5100402504,exact,I116953780,False,1744,round4_maxpapers
408,金力,A5100364769,exact,I24943067,True,4149,round4_semtie
409,介万奇,A5110373352,exact,I17145004,False,493,round4_maxpapers
410,江义,A5079903496,exact,I180585399,False,79,round4_maxpapers
411,江桂斌,A5113563512,exact,I4210144289,True,1274,round4_semtie
412,黄卫东,A5051947760,exact,I17145004,False,494,round4_maxpapers
416,何满潮,A5036798987,exact,I4399598474,False,336,round4_maxpapers
417,韩克利,A5087197441,exact,I180585399,False,609,round4_maxpapers
418,郭希明,A5033709433,exact,I4210101167,False,197,round4_maxpapers
419,关新元,A5045797751,exact,I157773358,True,1073,round4_semtie
420,宫鹏,A5059264917,exact,,True,836,round4_semtie
422,高德利,A5112589731,exact,,False,327,round4_maxpapers
423,甘良兵,A5053142185,exact,I20231570,True,289,round4_semtie
424,范平志,A5101880047,exact,I4800084,False,700,round4_maxpapers
425,范更华,A5101569538,exact,,False,69,round4_maxpapers
427,董鸣,A5087190875,exact,I4210158097,True,219,round4_semtie
428,丁平兴,A5055082130,exact,I66867065,True,70,round4_semtie
429,丁敏芳,A5080561326,exact,,False,111,round4_maxpapers
430,丁建东,A5027059075,exact,I24943067,False,362,round4_maxpapers
431,戴子高,A5078204583,exact,I881766915,True,604,round4_semtie
432,戴民汉,A5000330733,exact,I191208505,False,422,round4_maxpapers
433,戴宏杰,A5102781933,exact,I99065089,False,547,round4_maxpapers
434,崔宗杰,A5060540390,exact,I25254941,False,73,round4_maxpapers
435,崔承彬,A5045411948,exact,,False,336,round4_maxpapers
436,程京,A5043389264,exact,I99065089,True,489,round4_semtie
437,程和平,A5076736316,exact,I20231570,False,291,round4_maxpapers
438,陈义,A5100419246,exact,I4210155088,False,659,round4_maxpapers
439,陈仙辉,A5057281057,exact,I126520041,False,496,round4_maxpapers
440,陈鸣,A5100423302,exact,I3018690959,False,504,round4_maxpapers
442,陈宝元,A5045492083,exact,I204823248,False,186,round4_maxpapers
443,曹谊林,A5003309427,exact,I183067930,False,426,round4_maxpapers
444,曹雪涛,A5034957547,exact,I177933477,True,768,round4_semtie
445,蔡开元,A5103991023,exact,I82880672,False,368,round4_maxpapers
446,安立佳,A5078865427,exact,I4210092888,True,364,round4_semtie
447,庄鹏飞,A5015842184,exact,I99065089,False,322,round4_maxpapers
448,朱自强,A5085159282,exact,I66867065,False,1572,round4_maxpapers
450,朱敏,A5005245760,exact,I90610280,False,535,round4_maxpapers
451,朱敏,A5042355735,exact,I4210086287,False,273,round4_maxpapers
452,周总光,A5026049732,exact,I24185976,False,469,round4_maxpapers
454,周力平,A5084957381,exact,I20231570,False,418,round4_maxpapers
455,周建平,A5044208165,exact,I170215575,False,207,round4_maxpapers
456,周建军,A5007187205,exact,I99065089,False,164,round4_maxpapers
457,赵东元,A5100623221,exact,I24943067,False,1006,round4_maxpapers
458,张志荣,A5100602197,exact,I24185976,True,615,round4_semtie
459,张学军,A5100336509,exact,I4210088164,False,284,round4_maxpapers
460,张新民,A5115591398,exact,I4210137180,False,808,round4_maxpapers
462,张建国,A5077035984,exact,I4210135723,False,1630,round4_maxpapers
463,张汉勤,A5102976329,exact,I4210120485,False,150,round4_maxpapers
464,曾理江,A5102033869,exact,I99065089,False,161,round4_maxpapers
466,尤建功,A5018342949,exact,I881766915,False,96,round4_maxpapers
468,杨振宇,A5106498549,exact,,False,1659,round4_maxpapers
469,杨勇,A5100402375,exact,I191208505,True,1170,round4_semtie
470,杨肖娥,A5000512450,exact,I76130692,True,406,round4_semtie
471,杨士勇,A5100295097,exact,I4210155088,False,118,round4_maxpapers
472,杨锐,A5063554075,exact,I4210126304,True,594,round4_semtie
473,杨培增,A5000508996,exact,I157773358,False,602,round4_maxpapers
476,严小龙,A5075284938,exact,I101479585,False,138,round4_maxpapers
477,薛松涛,A5083502731,exact,I116953780,False,83,round4_maxpapers
479,徐义刚,A5085843802,exact,I3018690959,True,524,round4_semtie
480,徐强,A5088556682,exact,I881766915,False,593,round4_maxpapers
481,徐宁志,A5101687899,exact,I200296433,False,179,round4_maxpapers
483,熊思东,A5101445508,exact,I24943067,False,290,round4_maxpapers
484,熊传胜,A5040765424,exact,I20231570,False,13,round4_maxpapers
485,肖举乐,A5108579489,exact,I4210126061,False,84,round4_maxpapers
488,向涛,A5043563677,exact,I4210125404,False,372,round4_maxpapers
489,吴振斌,A5111544974,exact,I4210089584,True,269,round4_semtie
490,吴金水,A5103718711,exact,I4210107235,False,511,round4_maxpapers
491,魏悦广,A5114116150,exact,I4210157653,False,119,round4_maxpapers
492,王铸钢,A5101476581,exact,I183067930,True,157,round4_semtie
493,王远,A5115621100,exact,I20231570,True,514,round4_semtie
494,王忆平,A5100317701,exact,I20231570,True,238,round4_semtie
495,王新龙,A5100653846,exact,I881766915,False,211,round4_maxpapers
496,王晓工,A5023305472,exact,I99065089,False,365,round4_maxpapers
497,王曦,A5100442292,exact,I4210147322,False,925,round4_maxpapers
498,王炜,A5100391674,exact,I76569877,True,138,round4_semtie
499,王挺贵,A5026754229,exact,I126520041,False,339,round4_maxpapers
501,王龙,A5100447536,exact,I20231570,False,2255,round4_maxpapers
502,王健平,A5100356291,exact,I20231570,False,882,round4_maxpapers
503,王建枝,A5100733750,exact,I47720641,True,77,round4_semtie
504,汪卫华,A5100462313,exact,I4210159876,False,434,round4_maxpapers
505,万明习,A5079498254,exact,I87445476,True,329,round4_semtie
506,涂永强,A5067879579,exact,I76214153,True,517,round4_semtie
508,谭铮,A5033975424,exact,I37461747,True,121,round4_semtie
509,谭华荣,A5109314544,exact,I4210134982,True,156,round4_semtie
510,孙晓峰,A5072706801,exact,I82880672,False,647,round4_maxpapers
512,孙军,A5100429004,exact,I87445476,False,920,round4_maxpapers
513,孙和平,A5026248762,exact,I4210105990,True,135,round4_semtie
514,宋金明,A5000919987,exact,I4210101167,True,286,round4_semtie
515,舒红兵,A5079030954,exact,I20231570,True,183,round4_semtie
516,史忠科,A5028637047,exact,I17145004,False,140,round4_maxpapers
517,时玉舫,A5062682623,exact,,True,441,round4_semtie
518,邵一鸣,A5016781744,exact,,True,3,round4_semtie
519,秦厚荣,A5102837011,exact,I881766915,False,55,round4_maxpapers
520,麦康森,A5077865056,exact,I59028903,False,751,round4_maxpapers
521,马余强,A5008759277,exact,I881766915,False,339,round4_maxpapers
523,马建平,A5061132254,exact,I4210125404,False,130,round4_maxpapers
525,陆小华,A5048052547,exact,I134687103,True,721,round4_semtie
526,楼森岳,A5078081085,exact,I183067930,False,349,round4_maxpapers
529,刘会洲,A5057214099,exact,I4210133325,False,536,round4_maxpapers
531,林建忠,A5075033104,exact,I76130692,False,483,round4_maxpapers
532,梁爱萍,A5019009917,exact,I4210167311,True,221,round4_semtie
533,李卫东,A5100369297,exact,I76214153,True,154,round4_semtie
534,李儒新,A5068759652,exact,I4210135349,False,691,round4_maxpapers
535,李奎,A5100396632,exact,I204823248,True,344,round4_semtie
536,李峻柏,A5030866854,exact,I4210155088,False,398,round4_maxpapers
537,李嘉禹,A5100435413,exact,I4210120485,True,101,round4_semtie
538,黎燕,A5100695272,exact,,True,1018,round4_semtie
539,孔维佳,A5054225585,exact,I47720641,False,552,round4_maxpapers
540,金奇,A5100637146,exact,,True,452,round4_semtie
541,金红光,A5104324106,exact,I4210120320,False,381,round4_maxpapers
542,金国新,A5081370621,exact,I24943067,True,1170,round4_semtie
543,蒋少涌,A5082919794,exact,I881766915,True,598,round4_semtie
544,蒋建东,A5040166779,exact,I200296433,True,274,round4_semtie
545,姜勇,A5037649253,exact,I58200834,False,635,round4_maxpapers
546,黄佐华,A5050011498,exact,I87445476,False,805,round4_maxpapers
547,黄勇,A5101949193,exact,I4210117026,False,585,round4_maxpapers
549,胡岳华,A5051130707,exact,I139660479,False,535,round4_maxpapers
550,胡瑞忠,A5101454149,exact,I4210135735,False,318,round4_maxpapers
551,胡建英,A5010492003,exact,I20231570,False,297,round4_maxpapers
552,侯雪龙,A5110091122,exact,I4210112946,True,413,round4_semtie
555,郝模,A5040322289,exact,I24943067,False,87,round4_maxpapers
557,果德安,A5037644295,exact,I20231570,False,524,round4_maxpapers
558,郭子建,A5049331166,exact,I881766915,True,748,round4_semtie
559,关亚风,A5044564390,exact,I180585399,False,215,round4_maxpapers
561,耿建国,A5110080750,exact,I4210106477,True,52,round4_semtie
562,傅正义,A5019325306,exact,I196699116,False,498,round4_maxpapers
563,傅强,A5035531924,exact,I24185976,False,1190,round4_maxpapers
564,冯学尚,A5030040472,exact,I4210115570,True,507,round4_semtie
566,方小敏,A5083268016,exact,I76214153,False,441,round4_maxpapers
567,方复全,A5014747471,exact,I205237279,False,66,round4_maxpapers
568,段广仁,A5022186277,exact,I204983213,True,4,round4_semtie
569,丁大军,A5084564242,exact,I194450716,True,290,round4_semtie
570,戴先中,A5016834084,exact,I76569877,True,18,round4_semtie
571,陈肇雄,A5054877470,exact,,False,318,round4_maxpapers
572,陈新生,A5045778333,exact,I177933477,False,87,round4_maxpapers
574,陈小龙,A5004517379,exact,I4210159876,False,240,round4_maxpapers
575,陈建敏,A5100665512,exact,I4210089297,False,2105,round4_maxpapers
576,陈国青,A5100342996,exact,I99065089,False,308,round4_maxpapers
578,鲍虎军,A5059021869,exact,I76130692,False,566,round4_maxpapers
579,庄钊文,A5102200307,exact,I170215575,False,231,round4_maxpapers
583,周忠和,A5103366337,exact,I4210086287,False,278,round4_maxpapers
584,周又和,A5045537605,exact,I76214153,False,494,round4_maxpapers
585,周东华,A5001517167,exact,I99065089,False,401,round4_maxpapers
586,郑晓瑛,A5074141798,exact,I20231570,False,284,round4_maxpapers
587,郑洪波,A5031730962,exact,I4210159790,False,185,round4_maxpapers
589,赵晓鹏,A5029265845,exact,I17145004,False,385,round4_maxpapers
590,赵景泰,A5100651308,exact,I4210163874,True,373,round4_semtie
591,章维益,A5083651645,exact,I881766915,False,243,round4_maxpapers
592,张玉虎,A5108166978,exact,I4210131271,False,1586,round4_maxpapers
593,张友金,A5076963789,exact,I99065089,True,156,round4_semtie
594,张维迎,A5101559179,exact,I20231570,False,217,round4_maxpapers
595,张天真,A5060498425,exact,I119454577,True,389,round4_semtie
597,张荣,A5100451807,exact,I881766915,True,293,round4_semtie
598,张勤,A5100418221,exact,I52158045,True,445,round4_semtie
599,张其锦,A5063604580,exact,I126520041,False,342,round4_maxpapers
600,张健,A5100409987,exact,I173759888,True,1411,round4_semtie
601,张德兴,A5103248859,exact,I4210167311,True,71,round4_semtie
603,岳建民,A5040928944,exact,I4210112820,False,621,round4_maxpapers
604,袁建民,A5011370947,exact,I170215575,True,307,round4_semtie
605,虞跃,A5000295734,exact,I4210125404,False,176,round4_maxpapers
606,俞志明,A5066652497,exact,I4210101167,False,357,round4_maxpapers
607,俞大鹏,A5101581129,exact,I20231570,False,570,round4_maxpapers
608,余锡平,A5011184571,exact,I99065089,False,167,round4_maxpapers
610,阴正勤,A5100650797,exact,I151075929,False,153,round4_maxpapers
611,叶凯,A5032548139,exact,I4210126061,False,410,round4_maxpapers
612,姚一建,A5033360891,exact,I4210134982,False,91,round4_maxpapers
613,杨晓明,A5075371771,exact,,True,192,round4_semtie
614,杨晓,A5101972163,exact,,True,411,round4_semtie
615,杨万泰,A5067543084,exact,I75390827,True,735,round4_semtie
616,杨金龙,A5100458442,exact,I126520041,False,1105,round4_maxpapers
617,杨华中,A5023755254,exact,I99065089,True,809,round4_semtie
618,杨凤堂,A5008181388,exact,I18489884,True,407,round4_semtie
619,严秀平,A5090486781,exact,I205237279,False,676,round4_maxpapers
620,闫东航,A5100642672,exact,I4210092888,False,212,round4_maxpapers
621,许并社,A5061618421,exact,I9086337,False,544,round4_maxpapers
622,徐现刚,A5032482570,exact,I154099455,False,349,round4_maxpapers
623,徐涛,A5024998766,exact,I47720641,True,356,round4_semtie
624,夏延致,A5043027428,exact,I108688024,True,360,round4_semtie
625,夏国良,A5025006462,exact,I52158045,False,272,round4_maxpapers
626,伍贻康,A5030057165,exact,I4210112946,True,315,round4_semtie
627,吴子牛,A5002733135,exact,I99065089,False,137,round4_maxpapers
629,王友德,A5046980306,exact,I4210120485,True,134,round4_semtie
630,王涌天,A5026250850,exact,I125839683,False,867,round4_maxpapers
631,王汝成,A5111671972,exact,I881766915,True,18,round4_semtie
632,王荣福,A5070717343,exact,I177933477,False,314,round4_maxpapers
633,王鹏业,A5062978902,exact,I4210159876,False,264,round4_maxpapers
634,王楠林,A5005186943,exact,I4210159876,False,196,round4_maxpapers
635,王立东,A5100424664,exact,I38877650,True,195,round4_semtie
636,王建祥,A5086214965,exact,I200296433,False,725,round4_maxpapers
637,王凤雨,A5043138062,exact,I25254941,False,529,round4_maxpapers
638,汪越胜,A5101476801,exact,I21193070,False,633,round4_maxpapers
639,万立骏,A5107901792,exact,I4210155088,True,777,round4_semtie
640,佟金,A5100661551,exact,I194450716,False,188,round4_maxpapers
641,田建国,A5008993657,exact,I205237279,False,384,round4_maxpapers
642,滕斌,A5101712982,exact,I27357992,False,288,round4_maxpapers
643,唐宏,A5102769018,exact,I4210134982,True,80,round4_semtie
646,孙润仓,A5100770955,exact,I89652312,False,966,round4_maxpapers
647,苏宏业,A5078403818,exact,I76130692,False,867,round4_maxpapers
648,苏都莫日根,A5027561910,exact,,False,684,round4_maxpapers
649,施敏,A5108590320,exact,I4210112946,True,2276,round4_semtie
650,邵志敏,A5091402754,exact,I24943067,True,153,round4_semtie
651,邵荣光,A5002650576,exact,I200296433,False,163,round4_maxpapers
652,邵明安,A5101026809,exact,I89652312,True,626,round4_semtie
653,任东,A5038716985,exact,I96852419,True,901,round4_semtie
654,饶云江,A5087570147,exact,I158842170,False,647,round4_maxpapers
655,饶光辉,A5043743458,exact,I4210159876,False,470,round4_maxpapers
656,曲选辉,A5073931088,exact,I92403157,False,1090,round4_maxpapers
658,彭苏萍,A5003535786,exact,I4399598474,False,274,round4_maxpapers
659,庞代文,A5002745006,exact,I37461747,True,472,round4_semtie
660,牛立文,A5044083934,exact,I126520041,True,171,round4_semtie
661,聂品,A5109286533,exact,I4210089584,False,368,round4_maxpapers
662,聂建国,A5103619419,exact,I99065089,True,143,round4_semtie
663,孟洛明,A5100746917,exact,I139759216,False,171,round4_maxpapers
664,孟杰,A5100645804,exact,I20231570,True,824,round4_semtie
665,孟安明,A5090080418,exact,I99065089,True,170,round4_semtie
666,毛军发,A5036116982,exact,I183067930,False,868,round4_maxpapers
669,马丁,A5108239903,exact,I47720641,True,492,round4_semtie
670,马伯强,A5012114599,exact,I20231570,False,338,round4_maxpapers
671,吕西林,A5019604473,exact,I116953780,False,185,round4_maxpapers
672,雒建斌,A5100608965,exact,I99065089,False,884,round4_maxpapers
673,骆仲泱,A5035118503,exact,I76130692,False,515,round4_maxpapers
675,罗宏杰,A5014758944,exact,I51622183,False,281,round4_maxpapers
676,柳卫平,A5101867341,exact,I4210096139,True,154,round4_semtie
677,刘鸣华,A5058453644,exact,I4210155088,False,906,round4_maxpapers
678,刘凯欣,A5100398741,exact,I20231570,False,2004,round4_maxpapers
679,刘建宁,A5101616271,exact,I881766915,True,112,round4_semtie
680,刘洪来,A5040301471,exact,I143593769,False,950,round4_maxpapers
681,刘海燕,A5115589767,exact,I126520041,True,433,round4_semtie
682,凌文华,A5100771835,exact,I157773358,False,388,round4_maxpapers
683,凌昌全,A5052970883,exact,I177933477,False,206,round4_maxpapers
684,林杨挺,A5083927668,exact,I3018690959,False,281,round4_maxpapers
685,梁曦东,A5007335090,exact,I99065089,False,149,round4_maxpapers
686,栗占国,A5039342892,exact,I20231570,True,602,round4_semtie
687,李亚栋,A5018710523,exact,I99065089,True,4,round4_semtie
688,李星国,A5111119392,exact,I20231570,True,21,round4_semtie
689,李小凡,A5100637080,exact,I4210126061,False,300,round4_maxpapers
690,李向东,A5100416435,exact,I881766915,True,353,round4_semtie
691,李淼,A5100339716,exact,I4210125404,False,182,round4_maxpapers
692,李宏男,A5000593612,exact,I83714178,True,647,round4_semtie
693,金庆原,A5023858622,exact,I24943067,False,117,round4_maxpapers
694,蒋向前,A5052852912,exact,I47720641,False,812,round4_maxpapers
695,蒋青,A5020445890,exact,I194450716,False,1279,round4_maxpapers
696,姜培学,A5025099904,exact,I99065089,False,370,round4_maxpapers
697,黄震,A5100778507,exact,I183067930,False,557,round4_maxpapers
700,胡跃飞,A5014367473,exact,I99065089,True,214,round4_semtie
701,贺鹤勇,A5104384413,exact,I24943067,True,269,round4_semtie
702,何振立,A5033025672,exact,I76130692,False,480,round4_maxpapers
703,韩金林,A5002756705,exact,I4210164580,True,580,round4_semtie
704,顾朝林,A5090508135,exact,I881766915,False,114,round4_maxpapers
705,葛颂,A5100624774,exact,I4210158097,False,217,round4_maxpapers
706,冯兆东,A5103470014,exact,I76214153,True,46,round4_semtie
707,冯登国,A5101790997,exact,I4210128818,True,551,round4_semtie
708,封松林,A5101096237,exact,I4210149211,True,28,round4_semtie
711,丁泽军,A5086923958,exact,I126520041,False,331,round4_maxpapers
714,邓红文,A5024194480,exact,I173759888,False,848,round4_maxpapers
715,崔鹏,A5100774804,exact,I4210124748,False,796,round4_maxpapers
716,程和平,A5076736316,exact,I20231570,True,291,round4_semtie
718,程兵,A5007204343,exact,,False,171,round4_maxpapers
721,陈志明,A5100325698,exact,I4210120485,False,340,round4_maxpapers
722,陈应华,A5101581895,exact,I99065089,True,290,round4_semtie
723,陈湘明,A5077910059,exact,I76130692,False,377,round4_maxpapers
724,陈军,A5033686682,exact,,True,4,round4_semtie
725,陈化,A5100752965,exact,I37461747,False,379,round4_maxpapers
726,陈戈,A5100359784,exact,I59028903,True,389,round4_semtie
727,陈尔强,A5086554450,exact,I20231570,False,207,round4_maxpapers
728,曹晋滨,A5048586965,exact,I4210115570,True,419,round4_semtie
729,蔡莉,A5100767097,exact,I194450716,False,231,round4_maxpapers
731,邹亚明,A5103692527,exact,I24943067,False,129,round4_maxpapers
732,邹德春,A5003764136,exact,I20231570,False,217,round4_maxpapers
733,朱晓晴,A5084030628,exact,I205237279,True,140,round4_semtie
735,周雪平,A5089986454,exact,I76130692,False,462,round4_maxpapers
738,周金秋,A5045550226,exact,I4210106477,True,67,round4_semtie
739,周常河,A5053598280,exact,I4210135349,False,444,round4_maxpapers
740,仲政,A5022438637,exact,I116953780,False,293,round4_maxpapers
741,郑强,A5100695325,exact,I76130692,True,624,round4_semtie
742,赵修建,A5100665560,exact,I196699116,False,830,round4_maxpapers
743,赵兴中,A5048613747,exact,I37461747,True,435,round4_semtie
744,赵康,A5048425535,exact,I162868743,False,352,round4_maxpapers
746,张学,A5100445868,exact,I91656880,True,173,round4_semtie
747,张天爵,A5088711274,exact,I4210096139,False,160,round4_maxpapers
748,张俊颖,A5089545728,exact,I126520041,False,973,round4_maxpapers
749,张健,A5100409994,exact,I4210128818,True,851,round4_semtie
750,张广铭,A5035053309,exact,I99065089,False,1267,round4_maxpapers
751,张广军,A5108166978,exact,I82880672,False,1586,round4_maxpapers
752,张改平,A5007641506,exact,I4210096196,False,400,round4_maxpapers
753,张大勇,A5100701213,exact,I25254941,True,228,round4_semtie
754,张承才,A5087244801,exact,I204823248,False,130,round4_maxpapers
755,于吉红,A5100726102,exact,I194450716,True,798,round4_semtie
756,尹景学,A5101431598,exact,I194450716,True,208,round4_semtie
757,殷克东,A5100625565,exact,I4210103685,False,150,round4_maxpapers
759,杨放春,A5011978021,exact,I139759216,False,412,round4_maxpapers
760,阎小培,A5100912809,exact,I157773358,False,88,round4_maxpapers
761,薛澜,A5100640923,exact,I99065089,False,176,round4_maxpapers
762,徐永平,A5057590021,exact,I27357992,False,234,round4_maxpapers
763,徐星,A5101679416,exact,I4210086287,False,829,round4_maxpapers
764,徐夕生,A5005598847,exact,I881766915,False,136,round4_maxpapers
765,徐天乐,A5108120882,exact,I126520041,True,37,round4_semtie
766,徐南平,A5100918146,exact,I134687103,True,272,round4_semtie
767,徐精彩,A5078102102,exact,I110440473,False,121,round4_maxpapers
768,徐济超,A5100550529,exact,I192868223,False,43,round4_maxpapers
769,徐国良,A5022863165,exact,I4210106477,True,214,round4_semtie
770,徐柏庆,A5100711146,exact,I99065089,False,184,round4_maxpapers
772,夏兴华,A5004925266,exact,I881766915,False,514,round4_maxpapers
773,夏斌,A5100751855,exact,I20231570,True,237,round4_semtie
774,吴宗敏,A5102084780,exact,I24943067,False,75,round4_maxpapers
775,吴自玉,A5101412365,exact,I4210137180,False,2295,round4_maxpapers
776,吴颖,A5058435416,exact,I47720641,True,257,round4_semtie
777,吴晓光,A5100374743,exact,I4210149211,True,147,round4_semtie
778,吴骊珠,A5071014155,exact,I4210140689,True,867,round4_semtie
779,吴凯,A5038287652,exact,I20231570,False,743,round4_maxpapers
781,王志光,A5100637055,exact,I4210131271,False,549,round4_maxpapers
782,王跃飞,A5101990317,exact,I4210120485,True,72,round4_semtie
783,王维华,A5100462310,exact,I4210167311,False,170,round4_maxpapers
784,王铁军,A5100438109,exact,I87445476,False,512,round4_maxpapers
785,王松灵,A5060243305,exact,I183519381,True,67,round4_semtie
786,王明荣,A5081726859,exact,I200296433,True,259,round4_semtie
787,王磊,A5100436159,exact,I205237279,True,395,round4_semtie
789,王惠文,A5115602103,exact,I82880672,False,1416,round4_maxpapers
790,王会军,A5100416404,exact,I4210152758,True,407,round4_semtie
792,王飞跃,A5113600509,exact,I4210112150,False,1723,round4_maxpapers
793,王长平,A5100687842,exact,I20231570,False,1518,round4_maxpapers
794,汪寿阳,A5078558986,exact,I4210120485,False,1274,round4_maxpapers
795,田志刚,A5083130438,exact,I126520041,True,634,round4_semtie
796,唐仕波,A5031243964,exact,I157773358,False,283,round4_maxpapers
799,沈永明,A5110193011,exact,I27357992,False,124,round4_maxpapers
800,沈文忠,A5100611222,exact,I183067930,False,379,round4_maxpapers
801,沈超,A5034908043,exact,I4210115570,True,173,round4_semtie
802,任中洲,A5110239568,exact,I881766915,True,554,round4_semtie
803,任南琪,A5109502967,exact,I204983213,True,164,round4_semtie
804,邱建荣,A5019618023,exact,I4210135349,False,1175,round4_maxpapers
805,孟庆翔,A5017255322,exact,I52158045,True,170,round4_semtie
806,梅宏,A5100633784,exact,I20231570,True,428,round4_semtie
807,马於光,A5111923863,exact,I194450716,True,36,round4_semtie
808,马润林,A5102208246,exact,I4210124606,True,26,round4_semtie
809,马光辉,A5019359121,exact,I4210133325,False,585,round4_maxpapers
810,骆永明,A5036508020,exact,I4210165559,True,411,round4_semtie
811,罗小平,A5078004388,exact,I47720641,False,602,round4_maxpapers
812,罗懋康,A5101752471,exact,I24185976,True,150,round4_semtie
813,陆夕云,A5017366829,exact,I126520041,False,311,round4_maxpapers
814,卢宝荣,A5032464037,exact,I24943067,False,184,round4_maxpapers
816,刘强,A5100409483,exact,I99065089,True,111,round4_semtie
819,刘建亚,A5033916746,exact,I154099455,True,118,round4_semtie
820,刘加平,A5103418409,exact,I148099405,True,155,round4_semtie
821,林圣彩,A5030886588,exact,I191208505,False,129,round4_maxpapers
822,林金明,A5100738881,exact,I4210144289,False,699,round4_maxpapers
823,廖世俊,A5086739878,exact,I183067930,False,453,round4_maxpapers
824,李毅,A5100421454,exact,I20231570,False,2001,round4_maxpapers
825,李涛,A5100455275,exact,I24185976,True,322,round4_semtie
826,李立峰,A5052819678,exact,I99065089,False,2363,round4_maxpapers
827,李景虹,A5030859519,exact,I99065089,True,9,round4_semtie
828,李建国,A5100402504,exact,I183067930,False,1744,round4_maxpapers
829,李根生,A5101578117,exact,I4210162190,False,402,round4_maxpapers
830,李伯耿,A5031497815,exact,I76130692,True,11,round4_semtie
831,孔祥银,A5102756200,exact,I4210106477,True,180,round4_semtie
833,康振生,A5071482693,exact,I89652312,False,560,round4_maxpapers
834,康跃虎,A5054435494,exact,I4210160793,False,36,round4_maxpapers
836,景益鹏,A5087064635,exact,I2799714274,True,269,round4_semtie
839,姜卫红,A5101448104,exact,I4210106477,False,214,round4_maxpapers
840,江雷,A5052571310,exact,I4210155088,True,169,round4_semtie
842,黄跃生,A5100512593,exact,I151075929,False,191,round4_maxpapers
843,黄卡玛,A5058007603,exact,I24185976,False,325,round4_maxpapers
844,胡盛寿,A5091127604,exact,I200296433,True,403,round4_semtie
845,胡平,A5045468770,exact,I194450716,False,560,round4_maxpapers
846,何祖华,A5100702375,exact,I4210106477,False,141,round4_maxpapers
847,郝芳,A5115604707,exact,I4210162190,False,109,round4_maxpapers
848,韩艳春,A5000024258,exact,I4210092888,False,232,round4_maxpapers
849,郭跃伟,A5084888054,exact,I4210112820,False,514,round4_maxpapers
850,高天明,A5002883252,exact,I58200834,True,286,round4_semtie
851,高松,A5100680630,exact,I20231570,True,1946,round4_semtie
852,高鸿钧,A5073760760,exact,I4210159876,False,495,round4_maxpapers
853,高峰,A5100729278,exact,I183067930,False,869,round4_maxpapers
854,高琛,A5112672110,exact,I126520041,False,227,round4_maxpapers
855,冯世平,A5057021628,exact,I25254941,False,329,round4_maxpapers
856,方竞,A5113723301,exact,I20231570,False,407,round4_maxpapers
857,樊军辉,A5041283221,exact,I37987034,False,223,round4_maxpapers
860,崔一平,A5055907427,exact,I76569877,False,935,round4_maxpapers
861,程建春,A5043126665,exact,I881766915,True,296,round4_semtie
863,陈政,A5100370649,exact,I37461747,True,128,round4_semtie
864,陈永顺,A5027263841,exact,I20231570,False,34,round4_maxpapers
865,陈晔光,A5031295186,exact,I99065089,True,229,round4_semtie
866,陈晓红,A5100373745,exact,I139660479,False,18172,round4_maxpapers
867,陈乾旺,A5014087781,exact,I126520041,True,516,round4_semtie
868,陈发虎,A5021278698,exact,I76214153,True,719,round4_semtie
869,曹佳,A5100661099,exact,I151075929,False,527,round4_maxpapers
870,曹济民,A5074740786,exact,I200296433,False,100,round4_maxpapers
871,蔡祖聪,A5103098564,exact,I4210165559,True,269,round4_semtie
872,边少锋,A5046853018,exact,I2800710378,False,168,round4_maxpapers
873,包亦望,A5056814336,exact,,False,211,round4_maxpapers
874,邹恒甫,A5004483876,exact,I20231570,False,278,round4_maxpapers
875,邹冰松,A5101528812,exact,I4210137180,False,1225,round4_maxpapers
876,宗传明,A5101658433,exact,I20231570,False,91,round4_maxpapers
877,朱永官,A5100434325,exact,I4210144289,True,1397,round4_semtie
879,朱江,A5100707559,exact,I4210152758,True,266,round4_semtie
881,周启星,A5089824454,exact,I4210110024,True,390,round4_semtie
883,周成虎,A5023919188,exact,I4210160793,False,510,round4_maxpapers
884,钟建江,A5071447212,exact,I143593769,True,403,round4_semtie
885,郑耀,A5061628897,exact,I76130692,False,350,round4_maxpapers
886,郑仕标,A5028004464,exact,I80947539,True,194,round4_semtie
887,赵亚溥,A5059180248,exact,I4210157653,False,294,round4_maxpapers
888,赵晓航,A5023772199,exact,I200296433,True,123,round4_semtie
889,赵红卫,A5100759638,exact,I4210131271,False,216,round4_maxpapers
890,张政军,A5114375150,exact,I99065089,False,2059,round4_maxpapers
891,张涛,A5100375792,exact,I82880672,False,1435,round4_maxpapers
892,张人禾,A5064713558,exact,I4210133131,True,570,round4_semtie
893,张平文,A5112856088,exact,I20231570,False,215,round4_maxpapers
895,张剑锋,A5029002447,exact,I4210126061,False,466,round4_maxpapers
896,张洪武,A5056837253,exact,I27357992,False,548,round4_maxpapers
897,张宏福,A5079795759,exact,I4210126061,True,268,round4_semtie
898,张德清,A5110365165,exact,I4210155088,True,989,round4_semtie
899,张传茂,A5039023101,exact,I20231570,True,99,round4_semtie
900,张辰宇,A5100377476,exact,I881766915,True,25,round4_semtie
901,詹启敏,A5100664083,exact,I200296433,True,428,round4_semtie
902,曾苏,A5058483819,exact,I76130692,False,450,round4_maxpapers
903,曾长青,A5009545090,exact,I2801577699,False,140,round4_maxpapers
906,杨卫军,A5017024184,exact,I76130692,False,127,round4_maxpapers
907,杨宁,A5074516400,exact,I52158045,False,779,round4_maxpapers
908,杨合,A5101717144,exact,I17145004,False,1777,round4_maxpapers
909,杨定,A5100730988,exact,I52158045,True,739,round4_semtie
910,杨德仁,A5108149977,exact,I76130692,True,34,round4_semtie
911,颜毅华,A5068724865,exact,I4210164580,False,589,round4_maxpapers
912,许祝安,A5012778666,exact,I76130692,False,360,round4_maxpapers
913,徐寄遥,A5062198457,exact,I4210115570,True,330,round4_semtie
914,熊仁根,A5057572113,exact,I881766915,True,1099,round4_semtie
915,谢平,A5016786612,exact,I4210089584,True,638,round4_semtie
916,肖瑞平,A5042676208,exact,I20231570,True,147,round4_semtie
917,肖立业,A5102853055,exact,I4210128819,False,129,round4_maxpapers
918,吴云东,A5108337108,exact,I20231570,True,2515,round4_semtie
919,吴兴龙,A5108167595,exact,I881766915,False,3476,round4_maxpapers
920,吴玮,A5005841986,exact,I191208505,True,277,round4_semtie
921,吴李君,A5063685824,exact,I2802624667,False,235,round4_maxpapers
922,吴开春,A5078303906,exact,,True,918,round4_semtie
923,吴骏,A5101751235,exact,,True,197,round4_semtie
924,吴晨旭,A5064647434,exact,I191208505,False,216,round4_maxpapers
925,魏志义,A5005908287,exact,I4210159876,False,575,round4_maxpapers
926,韦大明,A5047278885,exact,I2802340896,True,226,round4_semtie
927,王悦,A5100371961,exact,I194450716,False,1225,round4_maxpapers
928,王以政,A5057204508,exact,I4210106477,False,97,round4_maxpapers
929,王贻芳,A5063830804,exact,I4210137180,False,800,round4_maxpapers
930,王献红,A5047357194,exact,I4210092888,True,383,round4_semtie
931,王如竹,A5002876556,exact,I183067930,False,1695,round4_maxpapers
932,王沥,A5107889976,exact,I4210124606,True,3029,round4_semtie
933,王剑波,A5100337993,exact,I20231570,True,739,round4_semtie
934,王春儒,A5039338730,exact,I4210155088,False,330,round4_maxpapers
936,王琛,A5100337569,exact,I4210106477,True,136,round4_semtie
937,汪永进,A5100633513,exact,I152031979,False,154,round4_maxpapers
938,汪小帆,A5086620464,exact,I183067930,True,5,round4_semtie
940,田永君,A5006630806,exact,I39333907,False,511,round4_maxpapers
941,田世平,A5083393341,exact,I4210158097,False,271,round4_maxpapers
942,田捷,A5100429270,exact,I4210112150,False,1638,round4_maxpapers
944,唐明,A5085813997,exact,I89652312,False,282,round4_maxpapers
945,孙颖浩,A5078068622,exact,I177933477,True,204,round4_semtie
946,孙青原,A5036569823,exact,I4210167311,False,555,round4_maxpapers
947,孙蒙祥,A5065058710,exact,I37461747,False,151,round4_maxpapers
948,孙继荣,A5004954390,exact,I4210159876,False,427,round4_maxpapers
949,时钟,A5111542274,exact,I183067930,False,30,round4_maxpapers
950,石高全,A5101644939,exact,I99065089,False,337,round4_maxpapers
951,施毅,A5025243022,exact,I881766915,False,990,round4_maxpapers
952,施斌,A5100628793,exact,I881766915,True,423,round4_semtie
953,沈树忠,A5075284964,exact,I4210103797,False,389,round4_maxpapers
954,申长雨,A5101938357,exact,I38877650,False,704,round4_maxpapers
955,佘振苏,A5039451500,exact,I20231570,False,209,round4_maxpapers
956,邵久书,A5112408215,exact,I25254941,False,66,round4_maxpapers
958,任忠鸣,A5014320291,exact,I113940042,False,621,round4_maxpapers
959,曲晓刚,A5090202020,exact,I4210092888,True,661,round4_semtie
960,曲久辉,A5073836005,exact,I4210144289,False,853,round4_maxpapers
962,潘卫庆,A5005421775,exact,I177933477,False,106,round4_maxpapers
963,宁琴,A5100705133,exact,I47720641,True,342,round4_semtie
964,缪协兴,A5108430684,exact,I25757504,True,59,round4_semtie
965,罗永章,A5101864926,exact,I99065089,True,72,round4_semtie
967,刘祖国,A5100413276,exact,I157773358,False,921,round4_maxpapers
968,刘维屏,A5100358868,exact,I55712492,True,1081,round4_semtie
969,刘庆昌,A5101934974,exact,I52158045,False,147,round4_maxpapers
970,刘吉开,A5027553598,exact,I13850615,False,764,round4_maxpapers
972,刘宝,A5100646291,exact,I184983240,False,1010,round4_maxpapers
973,凌宏清,A5036915726,exact,I4210124606,False,119,round4_maxpapers
974,林忠钦,A5100517618,exact,I183067930,True,276,round4_semtie
975,林君,A5100694718,exact,I4210092888,False,1121,round4_maxpapers
976,林金星,A5004317300,exact,I4210158097,False,317,round4_maxpapers
977,李有泉,A5100391235,exact,I76130692,False,1001,round4_maxpapers
978,李勇,A5100355489,exact,I194450716,True,221,round4_semtie
979,李庆军,A5100682217,exact,I2801454379,True,170,round4_semtie
980,李庆斌,A5100430015,exact,I99065089,False,2277,round4_maxpapers
981,李建奇,A5100692108,exact,I4210159876,False,287,round4_maxpapers
982,李贺军,A5100725627,exact,I17145004,True,560,round4_semtie
983,李和,A5086952694,exact,I47720641,True,124,round4_semtie
984,李国强,A5100354154,exact,I116953780,True,745,round4_semtie
985,李葆明,A5036157514,exact,I24943067,False,316,round4_maxpapers
988,黄永箴,A5086866868,exact,I4210149211,False,407,round4_maxpapers
989,黄士昂,A5103250883,exact,I47720641,False,156,round4_maxpapers
991,胡事民,A5034373978,exact,I99065089,False,1418,round4_maxpapers
992,胡德文,A5071074935,exact,I170215575,False,514,round4_maxpapers
993,侯金林,A5056241757,exact,I58200834,True,525,round4_semtie
996,郭占成,A5100514194,exact,I4210133325,False,265,round4_maxpapers
999,龚瑶琴,A5019765145,exact,I154099455,True,202,round4_semtie
1000,龚为民,A5084167506,exact,I4210112540,True,149,round4_semtie
1001,葛世荣,A5110091391,exact,I25757504,False,189,round4_maxpapers
1002,高自友,A5049135480,exact,I21193070,False,537,round4_maxpapers
1003,高原宁,A5040326068,exact,I99065089,False,691,round4_maxpapers
1004,高明远,A5034584865,exact,I4210155088,False,339,round4_maxpapers
1007,冯小明,A5077217676,exact,I24185976,True,1383,round4_semtie
1008,封东来,A5017162087,exact,I24943067,False,220,round4_maxpapers
1009,方晓红,A5064414111,exact,I4210155088,False,253,round4_maxpapers
1010,段振豪,A5113962757,exact,I4210126061,False,77,round4_maxpapers
1011,段远源,A5108067566,exact,I99065089,False,478,round4_maxpapers
1012,董治宝,A5109123176,exact,,True,299,round4_semtie
1013,丁奎岭,A5057500089,exact,I4210112946,True,581,round4_semtie
1017,戴宁,A5027058494,exact,I4210135723,False,508,round4_maxpapers
1018,崔铁军,A5009237669,exact,I76569877,False,1462,round4_maxpapers
1019,陈延峰,A5101966111,exact,I881766915,False,383,round4_maxpapers
1021,陈劲,A5101786025,exact,I76130692,True,334,round4_semtie
1022,陈剑平,A5100437542,exact,I4210126939,False,710,round4_maxpapers
1023,陈红征,A5050718596,exact,I76130692,False,663,round4_maxpapers
1024,陈豪,A5089790773,exact,I24943067,True,139,round4_semtie
1026,陈发来,A5032285268,exact,I126520041,False,197,round4_maxpapers
1027,陈初升,A5101847617,exact,I126520041,False,2382,round4_maxpapers
1028,车庆明,A5068951119,exact,I20231570,False,33,round4_maxpapers
1030,曹一家,A5043383546,exact,I76130692,False,559,round4_maxpapers
1032,薄志山,A5078505199,exact,,True,6,round4_semtie
1034,左良,A5022540704,exact,I9224756,False,648,round4_maxpapers
1035,朱祥坤,A5112400719,exact,I4210126061,False,100,round4_maxpapers
1036,朱俊杰,A5059078547,exact,I881766915,False,977,round4_maxpapers
1037,朱军,A5014197591,exact,I119454577,True,127,round4_semtie
1038,周志华,A5100621138,exact,I881766915,True,682,round4_semtie
1039,周春生,A5108048509,exact,I20231570,False,601,round4_maxpapers
1041,郑波,A5050479679,exact,I76130692,False,1038,round4_maxpapers
1042,赵晓波,A5103894757,exact,I99065089,False,82,round4_maxpapers
1043,赵景柱,A5108767960,exact,I4210144289,True,174,round4_semtie
1045,张跃,A5100333738,exact,I92403157,False,846,round4_maxpapers
1046,张涛,A5100375748,exact,I180585399,True,868,round4_semtie
1047,张立群,A5100457313,exact,I4210120485,False,2013,round4_maxpapers
1048,张立飞,A5115603052,exact,I20231570,False,1354,round4_maxpapers
1049,张化光,A5100625792,exact,I9224756,False,967,round4_maxpapers
1050,张海林,A5101556307,exact,I111381250,False,268,round4_maxpapers
1051,喻景权,A5084581807,exact,I76130692,False,270,round4_maxpapers
1052,俞书宏,A5074891139,exact,I126520041,False,1027,round4_maxpapers
1053,杨震,A5106498549,exact,I20231570,False,1659,round4_maxpapers
1056,杨大平,A5073019303,exact,I156144747,False,68,round4_maxpapers
1057,许唯临,A5066293086,exact,I24185976,False,481,round4_maxpapers
1058,徐湘民,A5007354180,exact,I58200834,False,317,round4_maxpapers
1059,徐伟彪,A5058309652,exact,I2802340896,False,4,round4_maxpapers
1060,徐明厚,A5078157881,exact,I47720641,False,324,round4_maxpapers
1061,徐飞,A5100746416,exact,I4210120485,False,364,round4_maxpapers
1062,谢维,A5100617970,exact,I76569877,False,985,round4_maxpapers
1063,谢胜利,A5043262479,exact,I90610280,False,548,round4_maxpapers
1064,谢旗,A5102012954,exact,I4210124606,False,197,round4_maxpapers
1065,夏佳文,A5104030079,exact,I4210131271,False,51,round4_maxpapers
1067,吴玉章,A5067915781,exact,I151075929,True,532,round4_semtie
1068,吴文彬,A5074840856,exact,I126520041,False,286,round4_maxpapers
1069,吴仁彪,A5059177878,exact,I28813325,False,211,round4_maxpapers
1070,吴林志,A5100897747,exact,I204983213,False,290,round4_maxpapers
1071,吴福元,A5111601158,exact,I4210126061,False,561,round4_maxpapers
1072,吴爱祥,A5027100218,exact,I92403157,False,267,round4_maxpapers
1073,王智彪,A5112312880,exact,I87780372,True,6,round4_semtie
1074,王晓茹,A5090691485,exact,I4210158097,False,864,round4_maxpapers
1075,王文,A5100396372,exact,I18489884,True,549,round4_semtie
1076,王强华,A5047206967,exact,I881766915,False,220,round4_maxpapers
1077,王晋辉,A5100394107,exact,I4210112540,False,348,round4_maxpapers
1078,王建民,A5105517574,exact,I4210137180,False,544,round4_maxpapers
1079,王建龙,A5104075501,exact,I99065089,True,135,round4_semtie
1080,王慧田,A5067735672,exact,I881766915,False,502,round4_maxpapers
1081,王海,A5100382773,exact,I181877577,False,534,round4_maxpapers
1082,王赤,A5100342203,exact,I4210115570,True,775,round4_semtie
1084,童金南,A5055970975,exact,I3124059619,False,155,round4_maxpapers
1085,陶绪堂,A5062909003,exact,I154099455,False,1032,round4_maxpapers
1087,唐红,A5014268039,exact,I24185976,True,238,round4_semtie
1088,汤善健,A5012568499,exact,I24943067,False,180,round4_maxpapers
1089,谭天伟,A5008110636,exact,I75390827,True,839,round4_semtie
1091,谈哲敏,A5005829707,exact,I881766915,False,193,round4_maxpapers
1092,孙立军,A5058941074,exact,I116953780,True,168,round4_semtie
1093,孙兵,A5113967897,exact,I4210106477,True,331,round4_semtie
1094,苏晓东,A5067041483,exact,I20231570,False,210,round4_maxpapers
1095,石碧,A5091674157,exact,I24185976,False,521,round4_maxpapers
1098,沈波,A5101807811,exact,I20231570,False,736,round4_maxpapers
1099,邵学广,A5101639531,exact,I205237279,False,459,round4_maxpapers
1100,任劲松,A5113239893,exact,I4210092888,True,4,round4_semtie
1102,邱勇,A5079077979,exact,I99065089,False,366,round4_maxpapers
1103,卿凤翎,A5001451215,exact,I181326427,True,697,round4_semtie
1104,钦伦秀,A5063254439,exact,I24943067,False,342,round4_maxpapers
1105,齐利民,A5100627050,exact,I20231570,False,254,round4_maxpapers
1106,彭联刚,A5088752336,exact,I24185976,False,36,round4_maxpapers
1108,潘峰,A5032385053,exact,I99065089,False,905,round4_maxpapers
1109,孟光,A5100675872,exact,I183067930,False,628,round4_maxpapers
1111,马东阁,A5087951236,exact,I4210092888,False,452,round4_maxpapers
1112,麻彤辉,A5065407027,exact,I184983240,False,220,round4_maxpapers
1114,罗跃嘉,A5108879937,exact,I4210131870,True,425,round4_semtie
1116,鹿化煜,A5101919746,exact,I881766915,False,666,round4_maxpapers
1117,龙桂鲁,A5108056437,exact,I99065089,False,689,round4_maxpapers
1118,柳彬,A5100395468,exact,I20231570,False,1511,round4_maxpapers
1119,刘晓为,A5100390770,exact,I20231570,True,98,round4_semtie
1120,刘日平,A5012745711,exact,I39333907,False,256,round4_maxpapers
1122,刘建新,A5103657252,exact,I76130692,True,113,round4_semtie
1123,刘嘉,A5100409741,exact,I4210165038,False,1115,round4_maxpapers
1124,李元元,A5111296078,exact,I90610280,False,418,round4_maxpapers
1125,李显春,A5055846361,exact,I119454577,False,147,round4_maxpapers
1126,李树深,A5103211925,exact,I4210149211,False,333,round4_maxpapers
1127,李萍,A5100435469,exact,I161716053,False,984,round4_maxpapers
1128,李明,A5100351349,exact,I4210159876,False,779,round4_maxpapers
1129,李林,A5100412926,exact,I4210155088,False,2838,round4_maxpapers
1130,李敬锋,A5100677450,exact,I99065089,False,1234,round4_maxpapers
1131,李建平,A5075507724,exact,I4210152758,True,1093,round4_semtie
1132,李华军,A5101977776,exact,I59028903,False,2417,round4_maxpapers
1134,李超忠,A5015968256,exact,I4210112946,True,179,round4_semtie
1135,李昂生,A5041305250,exact,I4210128818,False,131,round4_maxpapers
1136,匡乐满,A5001945271,exact,I173759888,False,223,round4_maxpapers
1137,鞠煥先,A5112817315,exact,I881766915,False,7,round4_maxpapers
1138,金长文,A5088167923,exact,I20231570,False,140,round4_maxpapers
1140,蒋建新,A5101677274,exact,I151075929,False,254,round4_maxpapers
1141,姜胜耀,A5113831716,exact,I99065089,False,275,round4_maxpapers
1142,姜明,A5056308697,exact,I20231570,False,433,round4_maxpapers
1144,贾金锋,A5059437555,exact,I4210159876,False,330,round4_maxpapers
1145,纪越峰,A5073088180,exact,I139759216,False,993,round4_maxpapers
1146,黄熙,A5100741261,exact,I24185976,False,1866,round4_maxpapers
1147,黄维,A5100352881,exact,I41198531,False,5804,round4_maxpapers
1148,黄庆安,A5038334345,exact,I76569877,False,531,round4_maxpapers
1150,黄继武,A5047964483,exact,I157773358,False,376,round4_maxpapers
1153,胡更开,A5060104045,exact,I125839683,False,240,round4_maxpapers
1154,何建国,A5031636736,exact,I157773358,False,375,round4_maxpapers
1155,何国威,A5047378068,exact,I4210157653,False,235,round4_maxpapers
1156,何成,A5100330324,exact,I177933477,False,404,round4_maxpapers
1157,韩秀峰,A5100846213,exact,I4210159876,True,49,round4_semtie
1158,韩斌,A5068382223,exact,I4210106477,True,182,round4_semtie
1159,郭顺星,A5112467709,exact,I200296433,False,218,round4_maxpapers
1160,郭东明,A5048793108,exact,I27357992,False,398,round4_maxpapers
1161,郭宝珠,A5048424631,exact,I4210120485,False,435,round4_maxpapers
1162,古洁若,A5100681703,exact,I157773358,True,246,round4_semtie
1163,龚流柱,A5080902320,exact,I126520041,False,408,round4_maxpapers
1164,冯夏庭,A5100638120,exact,I4210140379,False,511,round4_maxpapers
1165,冯吉才,A5109297052,exact,I204983213,False,544,round4_maxpapers
1166,方盛国,A5048180745,exact,I76130692,True,114,round4_semtie
1167,方红卫,A5109267431,exact,I99065089,False,77,round4_maxpapers
1168,范青华,A5100777639,exact,I4210155088,False,301,round4_maxpapers
1169,段文晖,A5033079136,exact,I99065089,False,619,round4_maxpapers
1170,杜修力,A5100748455,exact,I37796252,False,316,round4_maxpapers
1171,邓晓华,A5075294904,exact,I37461747,True,401,round4_semtie
1172,崔翔,A5055905208,exact,I153473198,False,505,round4_maxpapers
1173,崔胜,A5011274098,exact,I52158045,False,114,round4_maxpapers
1174,储富祥,A5022979862,exact,I4210128615,False,292,round4_maxpapers
1175,程祝宽,A5015012179,exact,I4210124606,True,201,round4_semtie
1176,陈增敬,A5071779760,exact,I154099455,True,67,round4_semtie
1177,陈新文,A5083954692,exact,I4210106882,True,279,round4_semtie
1178,陈晓松,A5008609549,exact,I4210125404,False,122,round4_maxpapers
1179,陈同斌,A5088246823,exact,I4210160793,False,301,round4_maxpapers
1180,陈如山,A5000951860,exact,I36399199,False,543,round4_maxpapers
1181,陈佺,A5017281141,exact,I4210167311,True,339,round4_semtie
1182,陈立东,A5100718544,exact,I4210163874,False,1071,round4_maxpapers
1183,陈军,A5022978174,exact,,False,1257,round4_maxpapers
1184,陈军,A5100450146,exact,I205237279,True,1095,round4_semtie
1185,陈建峰,A5100330950,exact,I75390827,False,888,round4_maxpapers
1186,曹新伍,A5010175299,exact,I2799714274,False,165,round4_maxpapers
1188,曹荣,A5027181760,exact,I4210119098,False,1807,round4_maxpapers
1189,蔡荣根,A5109217221,exact,I4210125404,True,225,round4_semtie
1190,毕锋,A5067643729,exact,I24185976,True,182,round4_semtie
1192,朱小华,A5101859661,exact,I20231570,True,91,round4_semtie
1193,朱卫国,A5072175419,exact,I20231570,False,341,round4_maxpapers
1194,周翔,A5060105726,exact,I37461747,True,412,round4_semtie
1195,周坚,A5057226383,exact,I99065089,False,533,round4_maxpapers
1196,周济,A5102789447,exact,I99065089,False,258,round4_maxpapers
1197,周爱辉,A5113202217,exact,I4210120485,False,165,round4_maxpapers
1200,郑建平,A5050899124,exact,I3124059619,False,799,round4_maxpapers
1201,赵勇,A5085383685,exact,I4210167311,True,293,round4_semtie
1202,赵永刚,A5107853636,exact,I99065089,False,472,round4_maxpapers
1203,赵国群,A5043967595,exact,I154099455,False,606,round4_maxpapers
1204,张玉秋,A5108166978,exact,I24943067,False,1586,round4_maxpapers
1205,张伟,A5100441715,exact,I37796252,False,2756,round4_maxpapers
1206,张力,A5115603052,exact,I189210763,True,1354,round4_semtie
1207,张建,A5100409987,exact,I4210124606,True,1411,round4_semtie
1208,张怀武,A5102983106,exact,I150229711,False,859,round4_maxpapers
1209,曾嵘,A5112741624,exact,I4210106477,True,282,round4_semtie
1210,曾光明,A5001724045,exact,I16609230,False,1672,round4_maxpapers
1211,袁正宏,A5090384031,exact,I24943067,True,268,round4_semtie
1212,元英进,A5026886431,exact,I162868743,True,471,round4_semtie
1213,于晓方,A5067954758,exact,I76130692,True,201,round4_semtie
1214,姚祝军,A5055425927,exact,I4210112946,True,209,round4_semtie
1215,杨修群,A5079386716,exact,I881766915,True,242,round4_semtie
1216,杨晓光,A5100671717,exact,I4210120485,False,397,round4_maxpapers
1219,杨华勇,A5017718826,exact,I76130692,False,582,round4_maxpapers
1220,杨大春,A5107832205,exact,I25254941,False,756,round4_maxpapers
1223,许继峰,A5042209114,exact,I3018690959,True,181,round4_semtie
1224,许国旺,A5031458824,exact,I180585399,False,627,round4_maxpapers
1225,徐骏,A5071775300,exact,I881766915,True,529,round4_semtie
1226,徐军,A5100632673,exact,I4210163874,False,737,round4_maxpapers
1227,徐玖平,A5100691507,exact,I24185976,False,525,round4_maxpapers
1228,徐建明,A5068464260,exact,I76130692,True,734,round4_semtie
1229,徐坚,A5100335022,exact,I4210155088,True,444,round4_semtie
1230,徐宝文,A5100331400,exact,I76569877,False,578,round4_maxpapers
1231,邢志忠,A5111622224,exact,I4210137180,False,400,round4_maxpapers
1232,向东,A5100748284,exact,I99065089,False,235,round4_maxpapers
1233,武培怡,A5027324209,exact,I24943067,False,441,round4_maxpapers
1234,吴乔,A5101739664,exact,I191208505,True,93,round4_semtie
1236,吴嘉炜,A5053674466,exact,I99065089,True,182,round4_semtie
1237,吴德金,A5110068809,exact,I2802340896,False,137,round4_maxpapers
1238,翁旭初,A5010312370,exact,I4210131870,True,129,round4_semtie
1239,文富强,A5100682303,exact,I24185976,True,505,round4_semtie
1240,魏一鸣,A5100617168,exact,,False,585,round4_maxpapers
1241,王振林,A5068381230,exact,I881766915,False,201,round4_maxpapers
1242,王焰新,A5101969515,exact,I3124059619,False,604,round4_maxpapers
1243,王孝群,A5101625376,exact,I4210125404,False,201,round4_maxpapers
1244,王习东,A5108459272,exact,I20231570,False,206,round4_maxpapers
1245,王世强,A5105516911,exact,I20231570,False,351,round4_maxpapers
1246,王少杰,A5100750462,exact,I2802624667,False,284,round4_maxpapers
1247,王晋军,A5100746482,exact,I82880672,False,299,round4_maxpapers
1248,王鸿飞,A5115602103,exact,I4210155088,False,1416,round4_maxpapers
1249,汪小全,A5069098292,exact,I4210158097,False,250,round4_maxpapers
1250,汪联辉,A5018432603,exact,I24943067,False,608,round4_maxpapers
1251,童利民,A5035352693,exact,I76130692,False,429,round4_maxpapers
1252,田玉平,A5080461415,exact,I76569877,True,206,round4_semtie
1254,唐功利,A5001271492,exact,I4210112946,False,229,round4_maxpapers
1255,孙智伟,A5103182312,exact,I881766915,False,462,round4_maxpapers
1256,孙旭东,A5012869559,exact,I9224756,False,448,round4_maxpapers
1257,孙为银,A5036287984,exact,I881766915,True,1407,round4_semtie
1260,史培军,A5053353190,exact,I25254941,False,668,round4_maxpapers
1262,沈志成,A5109084190,exact,I76130692,False,82,round4_maxpapers
1263,沈洪兵,A5104029287,exact,I83519826,True,1,round4_semtie
1264,沙家豪,A5101801773,exact,I83519826,False,273,round4_maxpapers
1265,曲福田,A5108679825,exact,I119454577,True,98,round4_semtie
1266,邱志平,A5034006012,exact,I82880672,False,208,round4_maxpapers
1267,钱前,A5100728465,exact,I4210160522,False,652,round4_maxpapers
1268,裴坚,A5062247330,exact,I20231570,False,753,round4_maxpapers
1269,倪四道,A5046741917,exact,I126520041,True,276,round4_semtie
1273,罗民兴,A5103100478,exact,I76130692,False,542,round4_maxpapers
1275,卢灿忠,A5101452984,exact,I4210119098,False,1132,round4_maxpapers
1276,刘志勇,A5100358893,exact,I52158045,False,241,round4_maxpapers
1277,刘芝华,A5100413276,exact,I200296433,True,921,round4_semtie
1278,刘正猷,A5100413276,exact,I37461747,False,921,round4_maxpapers
1279,刘玉鑫,A5100687684,exact,I20231570,False,1915,round4_maxpapers
1280,刘兴军,A5080674975,exact,I191208505,True,22,round4_semtie
1281,刘世勇,A5101966283,exact,I126520041,False,400,round4_maxpapers
1282,刘林华,A5100349504,exact,I204983213,False,830,round4_maxpapers
1283,刘林,A5100383342,exact,I205237279,False,834,round4_maxpapers
1284,刘炯天,A5007234655,exact,I25757504,False,284,round4_maxpapers
1285,刘景根,A5052653569,exact,I4210112820,False,144,round4_maxpapers
1286,刘昌胜,A5100766757,exact,I143593769,True,132,round4_semtie
1287,刘宝碇,A5114378471,exact,I99065089,False,1789,round4_maxpapers
1289,李忠献,A5052123587,exact,I162868743,True,410,round4_semtie
1290,李召良,A5058040417,exact,I4210160793,True,436,round4_semtie
1292,李言荣,A5100391222,exact,I150229711,False,988,round4_maxpapers
1293,李宣东,A5090810072,exact,I881766915,False,275,round4_maxpapers
1294,李新奇,A5101479014,exact,I4210149211,False,166,round4_maxpapers
1295,李凌,A5100435319,exact,I163340411,False,834,round4_maxpapers
1296,李传友,A5084915949,exact,I4210124606,False,278,round4_maxpapers
1298,金山,A5107934500,exact,I4210137180,False,661,round4_maxpapers
1299,焦新安,A5050837761,exact,I78978612,False,495,round4_maxpapers
1300,蒋最敏,A5068087500,exact,I24943067,False,161,round4_maxpapers
1301,蒋跃明,A5062040281,exact,I4210120696,False,619,round4_maxpapers
1302,蒋亚东,A5103066537,exact,I150229711,False,576,round4_maxpapers
1303,蒋田仔,A5030433990,exact,I4210112150,False,594,round4_maxpapers
1304,蒋建中,A5090651808,exact,I76130692,True,496,round4_semtie
1305,江云宝,A5112872879,exact,I191208505,False,1064,round4_maxpapers
1306,姬扬,A5070014170,exact,I4210149211,False,320,round4_maxpapers
1307,黄路生,A5067796804,exact,I74837319,True,260,round4_semtie
1308,黄建滨,A5049444908,exact,I20231570,False,218,round4_maxpapers
1309,黄承志,A5100678432,exact,I142108993,False,869,round4_maxpapers
1310,华子春,A5101649826,exact,I881766915,True,42,round4_semtie
1312,侯增谦,A5109614435,exact,I4210126061,False,115,round4_maxpapers
1313,洪奕光,A5100359415,exact,I4210120485,False,525,round4_maxpapers
1314,贺泓,A5107832659,exact,I4210144289,True,983,round4_semtie
1315,何雅玲,A5111694201,exact,I87445476,False,484,round4_maxpapers
1316,何金良,A5031358356,exact,I99065089,False,827,round4_maxpapers
1317,韩泽广,A5100699155,exact,,True,378,round4_semtie
1320,郭国聪,A5079572832,exact,I4210119098,True,1307,round4_semtie
1321,呙于明,A5062093014,exact,I52158045,True,211,round4_semtie
1322,高煜,A5100614908,exact,I2802340896,False,532,round4_maxpapers
1323,高长有,A5060813841,exact,I76130692,False,676,round4_maxpapers
1324,傅绥燕,A5053237628,exact,I20231570,False,303,round4_maxpapers
1325,方忠,A5074496981,exact,I4210159876,False,411,round4_maxpapers
1326,樊菁,A5112237171,exact,I4210157653,False,231,round4_maxpapers
1328,杜军保,A5100772820,exact,I20231570,False,373,round4_maxpapers
1329,杜江峰,A5100636978,exact,I126520041,False,519,round4_maxpapers
1330,邓风,A5112561183,exact,I4210099135,False,608,round4_maxpapers
1331,戴玉成,A5076623491,exact,I4210110024,False,293,round4_maxpapers
1332,褚福磊,A5113748730,exact,I99065089,True,38,round4_semtie
1333,程鹏,A5100346440,exact,I205237279,False,1835,round4_maxpapers
1334,成来飞,A5072912162,exact,I17145004,True,1174,round4_semtie
1335,陈云敏,A5041350459,exact,I76130692,False,899,round4_maxpapers
1336,陈义汉,A5100332217,exact,I116953780,False,699,round4_maxpapers
1338,陈学思,A5045930233,exact,I4210092888,False,1162,round4_maxpapers
1339,陈林,A5100443808,exact,I151075929,False,428,round4_maxpapers
1340,陈杰,A5100333005,exact,I4210119392,False,1223,round4_maxpapers
1342,陈常青,A5111894422,exact,I87445476,False,9,round4_maxpapers
1343,车顺爱,A5027310250,exact,I183067930,True,277,round4_semtie
1344,曹俊诚,A5002558197,exact,I4210147322,False,227,round4_maxpapers
1345,曹道民,A5087540885,exact,I4210120485,False,199,round4_maxpapers
1346,蔡少青,A5111967755,exact,I20231570,False,181,round4_maxpapers
1348,庄越挺,A5008666077,exact,I76130692,True,619,round4_semtie
1349,朱向阳,A5078125284,exact,I183067930,False,460,round4_maxpapers
1351,朱传界,A5102323517,exact,I4210125404,False,52,round4_maxpapers
1352,周益春,A5100454509,exact,I4610292,False,310,round4_maxpapers
1353,周兴江,A5032010185,exact,I4210159876,False,360,round4_maxpapers
1354,周琪,A5100617023,exact,I4210167311,False,624,round4_maxpapers
1355,周俊虎,A5100691679,exact,I76130692,False,1004,round4_maxpapers
1356,周嘉伟,A5100746635,exact,I4210106477,False,205,round4_maxpapers
1357,种康,A5101714694,exact,I4210158097,False,160,round4_maxpapers
1358,钟登华,A5101535078,exact,I162868743,False,55,round4_maxpapers
1359,郑伟涛,A5108050913,exact,I194450716,False,1171,round4_maxpapers
1360,赵宇亮,A5100710172,exact,I4210137180,False,699,round4_maxpapers
1361,赵勇,A5069069316,exact,I4800084,True,662,round4_semtie
1362,赵刚,A5101615572,exact,I4210112946,True,224,round4_semtie
1363,赵春杰,A5111440138,exact,I76569877,True,32,round4_semtie
1364,章晓波,A5009264008,exact,,True,2,round4_semtie
1365,张宗益,A5101706402,exact,I158842170,False,119,round4_maxpapers
1366,张毓,A5100433501,exact,I20231570,True,269,round4_semtie
1368,张学敏,A5063001658,exact,,True,71,round4_semtie
1369,张旭,A5100437302,exact,I24185976,False,612,round4_maxpapers
1370,张新宇,A5100390681,exact,I4210157653,False,509,round4_maxpapers
1371,张湘义,A5035361887,exact,I39333907,True,505,round4_semtie
1372,张卫平,A5100657957,exact,I66867065,True,491,round4_semtie
1373,张卫华,A5100370309,exact,I4800084,True,272,round4_semtie
1374,张淑芬,A5069207720,exact,I27357992,False,801,round4_maxpapers
1376,张平,A5100405781,exact,I4210120485,False,5766,round4_maxpapers
1378,曾和平,A5079510097,exact,I66867065,False,537,round4_maxpapers
1379,岳澄波,A5112819677,exact,,False,27,round4_maxpapers
1380,苑世剑,A5101988118,exact,I204983213,False,277,round4_maxpapers
1381,俞立,A5101988106,exact,I55712492,True,38,round4_semtie
1382,于荣海,A5100659094,exact,I99065089,True,181,round4_semtie
1383,叶旭东,A5102946392,exact,I76130692,False,63,round4_maxpapers
1384,叶新山,A5033959946,exact,I20231570,True,213,round4_semtie
1385,尧德中,A5018644308,exact,I150229711,False,548,round4_maxpapers
1386,杨祝良,A5073213480,exact,I13850615,False,99,round4_maxpapers
1387,杨学明,A5041173223,exact,I180585399,False,588,round4_maxpapers
1388,杨瑞馥,A5100693489,exact,,False,613,round4_maxpapers
1389,杨荣华,A5089742133,exact,I16609230,False,313,round4_maxpapers
1391,杨国伟,A5041169422,exact,I157773358,False,485,round4_maxpapers
1392,杨桂朋,A5033543761,exact,I59028903,True,575,round4_semtie
1393,许宜铭,A5100622619,exact,I76130692,True,91,round4_semtie
1394,许甫荣,A5076909902,exact,I20231570,False,675,round4_maxpapers
1395,徐寅峰,A5113747124,exact,I87445476,True,336,round4_semtie
1396,徐信忠,A5014335948,exact,I20231570,False,348,round4_maxpapers
1397,徐昕,A5036163052,exact,I191208505,True,454,round4_semtie
1398,徐明良,A5081346568,exact,I78978612,False,432,round4_maxpapers
1401,谢素原,A5089090581,exact,I191208505,False,291,round4_maxpapers
1402,谢树成,A5107829160,exact,I3124059619,False,291,round4_maxpapers
1404,谢道新,A5066011142,exact,I99065089,True,110,round4_semtie
1405,肖奕,A5065160001,exact,I47720641,True,151,round4_semtie
1406,吴钟凯,A5026646519,exact,I157773358,True,171,round4_semtie
1407,吴学兵,A5108167595,exact,I20231570,False,3476,round4_maxpapers
1408,吴立新,A5100394375,exact,I9224756,False,215,round4_maxpapers
1409,吴丰昌,A5082434401,exact,I4210135735,True,456,round4_semtie
1410,吴朝晖,A5101973484,exact,I76130692,True,572,round4_semtie
1411,邬堂春,A5039558767,exact,I47720641,False,450,round4_maxpapers
1412,魏春景,A5065671304,exact,I20231570,False,171,round4_maxpapers
1413,王跃思,A5086052804,exact,I4210152758,True,606,round4_semtie
1414,王玉忠,A5100711346,exact,I24185976,True,913,round4_semtie
1415,王学军,A5100633773,exact,I20231570,False,607,round4_maxpapers
1416,王小云,A5100447919,exact,I154099455,True,221,round4_semtie
1417,王向东,A5100402346,exact,I4210103797,False,337,round4_maxpapers
1418,王田苗,A5057674506,exact,I82880672,False,370,round4_maxpapers
1419,王锐,A5100431408,exact,I76214153,False,1880,round4_maxpapers
1420,王宁练,A5084436653,exact,,True,275,round4_semtie
1421,王建祥,A5100388771,exact,I20231570,False,470,round4_maxpapers
1422,王福生,A5100704639,exact,,False,496,round4_maxpapers
1423,王斌,A5100372343,exact,I24943067,False,810,round4_maxpapers
1424,汪毓明,A5115621100,exact,I126520041,True,514,round4_semtie
1425,汪长春,A5052103537,exact,I24943067,False,512,round4_maxpapers
1426,屠鹏飞,A5004244911,exact,I20231570,False,682,round4_maxpapers
1428,唐涛,A5078397883,exact,I4210092888,False,490,round4_maxpapers
1430,孙卫东,A5060844794,exact,I3018690959,True,347,round4_semtie
1431,孙庆丰,A5044736875,exact,I4210159876,False,404,round4_maxpapers
1432,孙江华,A5005396386,exact,I4210167311,False,273,round4_maxpapers
1433,孙洪波,A5000681755,exact,I194450716,False,928,round4_maxpapers
1434,宿兵,A5024756660,exact,I18489884,True,234,round4_semtie
1435,苏成勇,A5002170896,exact,I157773358,False,1716,round4_maxpapers
1436,宋尔卫,A5021387235,exact,I157773358,False,420,round4_maxpapers
1438,邵正中,A5063988555,exact,I24943067,False,332,round4_maxpapers
1439,荣命哲,A5083369178,exact,I87445476,False,521,round4_maxpapers
1441,全燮,A5100679975,exact,I27357992,True,893,round4_semtie
1443,邱建荣,A5019618023,exact,I47720641,False,1175,round4_maxpapers
1444,谯仕彦,A5101462332,exact,I52158045,True,130,round4_semtie
1445,聂祚仁,A5015167913,exact,I37796252,False,317,round4_maxpapers
1446,缪朝玉,A5042034585,exact,I177933477,False,152,round4_maxpapers
1447,苗俊刚,A5040577230,exact,I82880672,False,289,round4_maxpapers
1448,孟永钢,A5100770783,exact,I99065089,False,408,round4_maxpapers
1450,梅生伟,A5000459401,exact,I99065089,False,628,round4_maxpapers
1453,马会民,A5109169507,exact,I4210155088,False,239,round4_maxpapers
1454,骆广生,A5000506504,exact,I99065089,True,395,round4_semtie
1455,罗笑南,A5100426931,exact,I157773358,False,470,round4_maxpapers
1457,陆建华,A5053012932,exact,I99065089,False,438,round4_maxpapers
1458,卢建新,A5105297760,exact,I126520041,False,269,round4_maxpapers
1460,刘伍明,A5101644286,exact,I4210159876,False,278,round4_maxpapers
1462,刘廷析,A5059286480,exact,I183067930,False,289,round4_maxpapers
1463,刘峰奇,A5100716116,exact,I4210149211,False,213,round4_maxpapers
1464,林鹏智,A5049307798,exact,I24185976,False,269,round4_maxpapers
1465,廖建新,A5055685073,exact,I139759216,False,408,round4_maxpapers
1467,梁樑,A5100426926,exact,I126520041,False,538,round4_maxpapers
1468,梁好均,A5100784667,exact,I126520041,False,928,round4_maxpapers
1469,李志远,A5100337954,exact,I4210159876,False,289,round4_maxpapers
1470,李增沪,A5059605500,exact,I25254941,False,172,round4_maxpapers
1471,李悦生,A5101914943,exact,I4210092888,True,123,round4_semtie
1472,李伟固,A5019891058,exact,I20231570,False,552,round4_maxpapers
1473,李巍,A5100318024,exact,I4210124606,True,475,round4_semtie
1474,李隽,A5100361956,exact,I99065089,True,1427,round4_semtie
1475,李建新,A5100402504,exact,I881766915,False,1744,round4_maxpapers
1476,李惠,A5065859286,exact,I204983213,False,2772,round4_maxpapers
1477,李华伟,A5101977776,exact,I24943067,False,2417,round4_maxpapers
1478,李存标,A5015488141,exact,I20231570,False,218,round4_maxpapers
1479,李春阳,A5109935595,exact,I4210152908,False,211,round4_maxpapers
1480,黎夏,A5100402504,exact,I157773358,False,1744,round4_maxpapers
1481,郎建平,A5027568668,exact,I3923682,False,1703,round4_maxpapers
1482,孔向阳,A5003335302,exact,I183067930,False,94,round4_maxpapers
1483,孔令义,A5020415816,exact,I161716053,False,464,round4_maxpapers
1484,孔继烈,A5012535610,exact,I24943067,False,289,round4_maxpapers
1485,黄荣峰,A5055814979,exact,I4210167153,False,123,round4_maxpapers
1491,郭坤宇,A5100561195,exact,I24943067,False,113,round4_maxpapers
1493,关新平,A5100690710,exact,I39333907,False,1226,round4_maxpapers
1494,顾辉,A5101083662,exact,I4210163874,False,217,round4_maxpapers
1495,耿延候,A5011728561,exact,I4210092888,False,380,round4_maxpapers
1496,戈宝学,A5067986549,exact,I4210106477,True,97,round4_semtie
1497,高杰,A5011442848,exact,I4210137180,False,701,round4_maxpapers
1498,高福,A5085463102,exact,I4210134982,False,29,round4_maxpapers
1499,傅向东,A5069625727,exact,I4210124606,False,154,round4_maxpapers
1500,扶磊,A5107171705,exact,I205237279,False,44,round4_maxpapers
1502,方秦,A5028782831,exact,I4210163363,False,409,round4_maxpapers
1503,范祖森,A5090352464,exact,I4210112540,False,151,round4_maxpapers
1504,樊治平,A5100403495,exact,I9224756,False,372,round4_maxpapers
1506,董汉松,A5070044389,exact,I119454577,False,124,round4_maxpapers
1507,戴琼海,A5080722708,exact,I99065089,False,975,round4_maxpapers
1510,陈雁,A5100378101,exact,I4210106477,True,693,round4_semtie
1511,陈学雷,A5067687146,exact,I4210164580,False,388,round4_maxpapers
1512,陈福坤,A5071632243,exact,I4210126061,False,169,round4_maxpapers
1514,白中治,A5113970855,exact,I4210120485,False,180,round4_maxpapers
1515,邹国华,A5049307263,exact,I4210120485,False,121,round4_maxpapers
1516,朱世琳,A5026144834,exact,I20231570,False,486,round4_maxpapers
1518,朱长江,A5087305235,exact,I40963666,False,247,round4_maxpapers
1519,周彤,A5102010677,exact,I99065089,False,169,round4_maxpapers
1520,周仕明,A5102955082,exact,I116953780,True,47,round4_semtie
1521,周继勇,A5042562510,exact,I76130692,False,220,round4_maxpapers
1522,周广胜,A5110800237,exact,I4210158097,False,401,round4_maxpapers
1524,钟凡,A5019128313,exact,I157773358,False,143,round4_maxpapers
1525,郑玉新,A5015728065,exact,I4210164727,False,254,round4_maxpapers
1526,郑绍建,A5089053812,exact,I76130692,False,178,round4_maxpapers
1527,郑坚,A5089352448,exact,I126520041,False,383,round4_maxpapers
1528,章文华,A5100443670,exact,I119454577,False,166,round4_maxpapers
1529,张哲峰,A5024323710,exact,I4210126304,False,293,round4_maxpapers
1530,张永兴,A5100637816,exact,I158842170,False,112,round4_maxpapers
1531,张学工,A5115591398,exact,I99065089,False,808,round4_maxpapers
1532,张文军,A5100447801,exact,I183067930,False,1126,round4_maxpapers
1533,张锁江,A5009340564,exact,I4210133325,False,1074,round4_maxpapers
1534,张军,A5100400217,exact,I82880672,False,4099,round4_maxpapers
1535,张甘霖,A5100320387,exact,I4210165559,True,520,round4_semtie
1536,张东晓,A5100783852,exact,I20231570,False,528,round4_maxpapers
1537,张东辉,A5100344040,exact,I180585399,False,136,round4_maxpapers
1538,翟宏斌,A5028946941,exact,I4210112946,False,200,round4_maxpapers
1539,袁运斌,A5101531305,exact,I4210105990,False,170,round4_maxpapers
1540,袁训来,A5102846919,exact,I4210103797,False,152,round4_maxpapers
1542,庾石山,A5006324894,exact,I200296433,False,135,round4_maxpapers
1543,庾建设,A5056600609,exact,I37987034,False,208,round4_maxpapers
1544,宇如聪,A5063827879,exact,I4210133131,True,142,round4_semtie
1545,俞汉青,A5103674815,exact,I126520041,True,9,round4_semtie
1548,游建强,A5049030739,exact,I24943067,False,146,round4_maxpapers
1549,雍俊海,A5080894318,exact,I99065089,False,198,round4_maxpapers
1550,应光国,A5057897261,exact,I3018690959,True,534,round4_semtie
1551,尹周平,A5053892414,exact,I47720641,False,385,round4_maxpapers
1552,叶文才,A5038830876,exact,I159948400,False,1302,round4_maxpapers
1553,叶棋浓,A5066440914,exact,,True,199,round4_semtie
1554,杨志峰,A5100303355,exact,I25254941,True,134,round4_semtie
1555,杨涛,A5021995750,exact,I126520041,False,1117,round4_maxpapers
1556,杨绍普,A5032883749,exact,I90090648,False,223,round4_maxpapers
1557,徐志康,A5101107445,exact,I76130692,True,17,round4_semtie
1558,徐泽水,A5100437308,exact,I4210163363,False,1150,round4_maxpapers
1559,徐胜元,A5100363679,exact,I36399199,False,790,round4_maxpapers
1560,徐鉴,A5100743369,exact,I116953780,False,544,round4_maxpapers
1561,徐红星,A5067357180,exact,I4210159876,False,451,round4_maxpapers
1562,谢惠民,A5100643523,exact,I99065089,False,1002,round4_maxpapers
1563,肖小河,A5018256092,exact,,False,452,round4_maxpapers
1564,肖湘,A5100706659,exact,I183067930,False,172,round4_maxpapers
1565,肖贤明,A5065505673,exact,I3018690959,False,127,round4_maxpapers
1566,夏春谷,A5111507977,exact,I4210089297,False,810,round4_maxpapers
1567,吴青柏,A5101452527,exact,,True,7,round4_semtie
1568,吴孔明,A5044031959,exact,I4210097978,False,316,round4_maxpapers
1569,翁征宇,A5083852847,exact,I99065089,False,239,round4_maxpapers
1570,韦岗,A5100367486,exact,I90610280,False,268,round4_maxpapers
1571,王佐仁,A5100687842,exact,I4210106477,False,1518,round4_maxpapers
1572,王拥军,A5100424222,exact,I4210098460,False,1325,round4_maxpapers
1573,王野,A5108047874,exact,I191208505,False,1034,round4_maxpapers
1574,王晓慧,A5100410733,exact,I99065089,False,596,round4_maxpapers
1575,王升启,A5083038684,exact,,True,4,round4_semtie
1576,王怀民,A5101522100,exact,I170215575,True,370,round4_semtie
1577,王华明,A5115602103,exact,I82880672,False,1416,round4_maxpapers
1578,王东晓,A5100609440,exact,I4210103685,True,468,round4_semtie
1579,王德华,A5100746451,exact,I4210167311,False,323,round4_maxpapers
1580,王传宽,A5114254178,exact,I47689461,True,208,round4_semtie
1581,王成山,A5071526858,exact,I162868743,True,40,round4_semtie
1583,唐莉,A5065125027,exact,I27357992,False,237,round4_maxpapers
1585,汤其群,A5062442674,exact,I24943067,True,75,round4_semtie
1586,孙航,A5102965401,exact,I13850615,False,473,round4_maxpapers
1587,孙富春,A5104669924,exact,I99065089,True,42,round4_semtie
1588,孙方霖,A5059241628,exact,I99065089,True,40,round4_semtie
1589,孙东怀,A5102194552,exact,I76214153,False,36,round4_maxpapers
1590,苏刚,A5014952252,exact,I4210165038,False,325,round4_maxpapers
1591,宋延林,A5109553608,exact,I4210155088,False,757,round4_maxpapers
1592,宋纯鹏,A5101421862,exact,I173899330,False,219,round4_maxpapers
1593,史林启,A5021502751,exact,I205237279,False,375,round4_maxpapers
1594,盛光遥,A5105886804,exact,I55712492,True,83,round4_semtie
1595,沈志强,A5017157541,exact,I2799714274,False,401,round4_maxpapers
1596,沈肖雁,A5107941372,exact,I4210137180,False,659,round4_maxpapers
1597,沈吉,A5080359609,exact,I4210134482,True,213,round4_semtie
1598,邱瑞锋,A5003891969,exact,I27357992,False,54,round4_maxpapers
1600,乔建永,A5115603885,exact,,False,38,round4_maxpapers
1601,钱跃竑,A5100828316,exact,I113940042,False,71,round4_maxpapers
1602,钱林茂,A5075000201,exact,I4800084,False,345,round4_maxpapers
1603,钱国栋,A5007649916,exact,I76130692,False,628,round4_maxpapers
1604,钱锋,A5100603023,exact,I143593769,False,804,round4_maxpapers
1605,彭茹雯,A5060194083,exact,I881766915,False,341,round4_maxpapers
1606,牛智川,A5110148738,exact,I4210149211,False,533,round4_maxpapers
1607,宁建国,A5102780666,exact,I125839683,False,281,round4_maxpapers
1609,马建国,A5100743738,exact,I150229711,True,412,round4_semtie
1611,吕才典,A5080900579,exact,I4210137180,False,300,round4_maxpapers
1612,罗二仓,A5010516372,exact,I4210140689,False,302,round4_maxpapers
1614,鲁统部,A5054438192,exact,I157773358,False,755,round4_maxpapers
1615,卢革宇,A5107900327,exact,I194450716,False,385,round4_maxpapers
1616,刘杏忠,A5100455498,exact,I4210134982,False,443,round4_maxpapers
1617,刘相法,A5100781966,exact,I154099455,False,1062,round4_maxpapers
1618,刘文剑,A5107807658,exact,I20231570,False,493,round4_maxpapers
1619,刘梦赤,A5100358128,exact,I37461747,False,1908,round4_maxpapers
1620,刘良明,A5100349504,exact,I151075929,False,830,round4_maxpapers
1621,刘力,A5100434336,exact,I4210112540,False,1829,round4_maxpapers
1622,刘春明,A5109962571,exact,I4210158097,True,312,round4_semtie
1623,刘斌,A5055978300,exact,I99065089,True,168,round4_semtie
1624,李永旺,A5000251609,exact,I4210159903,False,813,round4_maxpapers
1625,李亚利,A5100391222,exact,I162868743,False,988,round4_maxpapers
1627,李术才,A5101436495,exact,I154099455,False,2433,round4_maxpapers
1628,李盛涛,A5034929846,exact,I87445476,False,887,round4_maxpapers
1629,李光耀,A5100338858,exact,I16609230,False,216,round4_maxpapers
1630,李凤民,A5053607334,exact,I76214153,False,517,round4_maxpapers
1631,李宝军,A5036975470,exact,I157773358,False,529,round4_maxpapers
1632,黎书华,A5101436495,exact,I881766915,True,2433,round4_semtie
1634,瞿礼嘉,A5072495806,exact,I20231570,False,153,round4_maxpapers
1636,金力,A5100364769,exact,I24943067,True,4149,round4_semtie
1638,蒋澄宇,A5065179368,exact,I200296433,True,233,round4_semtie
1639,姜保国,A5039231852,exact,I20231570,False,348,round4_maxpapers
1640,江莞,A5101467641,exact,I181326427,False,249,round4_maxpapers
1641,江焕峰,A5034933969,exact,I90610280,True,1155,round4_semtie
1642,季峻峰,A5064196251,exact,I881766915,False,346,round4_maxpapers
1643,黄志力,A5042514704,exact,I24943067,False,245,round4_maxpapers
1644,黄云清,A5114049559,exact,I4610292,False,329,round4_maxpapers
1645,黄永锋,A5114643284,exact,I881766915,True,669,round4_semtie
1646,黄薇,A5100352881,exact,,False,5804,round4_maxpapers
1647,黄如,A5062886480,exact,I20231570,False,796,round4_maxpapers
1648,黄明东,A5025110808,exact,I4210119098,False,208,round4_maxpapers
1649,黄丰,A5011775041,exact,I4210119098,False,414,round4_maxpapers
1650,黄传真,A5062564835,exact,I154099455,False,362,round4_maxpapers
1651,胡刚,A5061043888,exact,I83519826,False,436,round4_maxpapers
1652,贺克斌,A5013221837,exact,I99065089,True,668,round4_semtie
1653,何赛灵,A5049549826,exact,I76130692,False,1715,round4_maxpapers
1654,何陵辉,A5009261446,exact,I126520041,False,178,round4_maxpapers
1655,何红建,A5019550093,exact,I99065089,False,164,round4_maxpapers
1657,郭红卫,A5075729175,exact,I20231570,False,105,round4_maxpapers
1658,龚启勇,A5058853115,exact,I24185976,False,1256,round4_maxpapers
1660,高峰,A5101965030,exact,,True,123,round4_semtie
1661,冯钰锜,A5040331037,exact,I37461747,False,747,round4_maxpapers
1662,房静远,A5005496208,exact,I183067930,True,569,round4_semtie
1663,范宏瑞,A5004284446,exact,I4210126061,False,213,round4_maxpapers
1664,董金堂,A5066140107,exact,I205237279,True,279,round4_semtie
1665,丁林,A5073480923,exact,I4210141476,False,516,round4_maxpapers
1666,戴建武,A5034242409,exact,I4210124606,False,284,round4_maxpapers
1667,崔华,A5068084215,exact,I126520041,False,435,round4_maxpapers
1668,陈忠宁,A5100420371,exact,I4210119098,False,860,round4_maxpapers
1669,陈涌海,A5078209262,exact,I4210149211,False,182,round4_maxpapers
1671,陈学新,A5027004707,exact,I76130692,True,400,round4_semtie
1672,陈启军,A5073789459,exact,I194450716,False,431,round4_maxpapers
1673,陈猛,A5100357847,exact,I24943067,False,719,round4_maxpapers
1674,陈良标,A5032598180,exact,I4210124606,False,207,round4_maxpapers
1675,陈坚,A5062900160,exact,I111599522,True,616,round4_semtie
1676,陈国权,A5057491110,exact,I99065089,False,280,round4_maxpapers
1677,陈大岳,A5068022320,exact,I20231570,False,139,round4_maxpapers
1678,陈传峰,A5054073596,exact,I4210155088,False,827,round4_maxpapers
1679,陈斌,A5100427280,exact,I20231570,False,505,round4_maxpapers
1681,白重恩,A5111502834,exact,I99065089,False,127,round4_maxpapers
1682,安黎哲,A5101568715,exact,I76214153,False,209,round4_maxpapers
1683,左景林,A5057154243,exact,I881766915,False,1237,round4_maxpapers
1684,朱茂炎,A5044191362,exact,I4210103797,False,233,round4_maxpapers
1685,周磊,A5100674991,exact,I24943067,False,574,round4_maxpapers
1686,周国逸,A5027234207,exact,I4210120696,False,300,round4_maxpapers
1687,周创兵,A5100659604,exact,I37461747,False,228,round4_maxpapers
1688,仲崇立,A5009527477,exact,I75390827,False,374,round4_maxpapers
1689,郑世军,A5110244092,exact,I52158045,False,32,round4_maxpapers
1690,郑鹏生,A5101783459,exact,I87445476,False,106,round4_maxpapers
1693,章璞,A5100425978,exact,I183067930,False,217,round4_maxpapers
1694,张寅平,A5035053309,exact,I99065089,False,1267,round4_maxpapers
1696,张晓,A5100320831,exact,I4210120485,False,352,round4_maxpapers
1697,张文浩,A5100417592,exact,I4210158097,False,373,round4_maxpapers
1698,张卫东,A5100428737,exact,I177933477,False,1508,round4_maxpapers
1699,张双南,A5024665846,exact,I4210137180,True,909,round4_semtie
1700,张清炯,A5049984586,exact,I157773358,False,356,round4_maxpapers
1701,张立新,A5100427821,exact,I4210158097,False,1131,round4_maxpapers
1702,张立群,A5100457313,exact,I75390827,False,2013,round4_maxpapers
1703,张靖,A5100345524,exact,I181877577,True,300,round4_semtie
1704,张锦,A5100406016,exact,I20231570,False,907,round4_maxpapers
1705,张宏冰,A5100656977,exact,,True,272,round4_semtie
1706,张广照,A5091201988,exact,I90610280,False,382,round4_maxpapers
1707,张大兵,A5101447281,exact,I183067930,False,261,round4_maxpapers
1708,袁小平,A5018005349,exact,I24943067,False,130,round4_maxpapers
1709,余孝其,A5043050875,exact,I24185976,False,699,round4_maxpapers
1711,于扬,A5100342259,exact,I881766915,False,361,round4_maxpapers
1714,杨银堂,A5100402361,exact,I149594827,False,904,round4_maxpapers
1717,杨金民,A5072670647,exact,I4210125404,False,428,round4_maxpapers
1719,杨顶辉,A5046236371,exact,I99065089,True,161,round4_semtie
1720,杨春和,A5102907941,exact,I158842170,False,534,round4_maxpapers
1721,杨百寅,A5063725736,exact,I99065089,False,121,round4_maxpapers
1724,徐学敏,A5013977026,exact,I183067930,False,107,round4_maxpapers
1725,徐富强,A5115076486,exact,I4210099135,False,222,round4_maxpapers
1726,徐福留,A5030631856,exact,I20231570,False,202,round4_maxpapers
1728,熊利泽,A5056774831,exact,,False,399,round4_maxpapers
1729,熊立仲,A5054764202,exact,I204823248,False,177,round4_maxpapers
1732,谢东,A5100636144,exact,I4210106477,False,418,round4_maxpapers
1733,谢代前,A5066544142,exact,I881766915,False,375,round4_maxpapers
1734,肖文交,A5102476738,exact,I4210126061,True,22,round4_semtie
1735,席光,A5053425115,exact,I87445476,False,249,round4_maxpapers
1736,吴一戎,A5100560808,exact,I4210110458,False,231,round4_maxpapers
1737,吴明卫,A5103205046,exact,I126520041,False,135,round4_maxpapers
1738,吴立新,A5091180311,exact,I59028903,True,391,round4_semtie
1739,吴吉春,A5036442264,exact,I881766915,False,447,round4_maxpapers
1740,韦世强,A5022378112,exact,I126520041,False,445,round4_maxpapers
1741,王沿东,A5100696370,exact,I9224756,False,840,round4_maxpapers
1742,王训,A5100333868,exact,I99065089,True,748,round4_semtie
1743,王雪华,A5082358939,exact,I157773358,False,388,round4_maxpapers
1744,王秀杰,A5014027635,exact,I4210124606,True,268,round4_semtie
1745,王向斌,A5016438781,exact,I99065089,False,331,round4_maxpapers
1746,王伟,A5047630839,exact,I59028903,True,64,round4_semtie
1747,王伟,A5100391700,exact,I47720641,True,1451,round4_semtie
1749,王启华,A5100603439,exact,I4210120485,False,159,round4_maxpapers
1750,王平,A5005208943,exact,I76130692,False,2520,round4_maxpapers
1751,王俊,A5100384671,exact,,True,1434,round4_semtie
1752,王建华,A5100420053,exact,I9224756,False,1158,round4_maxpapers
1753,王戟,A5100386450,exact,I170215575,False,1427,round4_maxpapers
1754,王高峰,A5114929531,exact,I37461747,False,591,round4_maxpapers
1755,汪昌云,A5085664371,exact,I78988378,False,472,round4_maxpapers
1756,万宝年,A5073586088,exact,I2802624667,False,433,round4_maxpapers
1757,唐波,A5100679233,exact,I28006308,False,1542,round4_maxpapers
1758,谭宁华,A5059256419,exact,I13850615,False,282,round4_maxpapers
1759,谭民,A5024708104,exact,I4210112150,False,939,round4_maxpapers
1760,孙立宁,A5103061771,exact,I204983213,False,509,round4_maxpapers
1761,孙传清,A5048364707,exact,I52158045,False,117,round4_maxpapers
1763,宋卫国,A5069714161,exact,I4210155088,False,566,round4_maxpapers
1765,史庆华,A5005929167,exact,I126520041,True,294,round4_semtie
1766,邱介山,A5052910310,exact,I27357992,False,831,round4_maxpapers
1767,秦庆,A5100760357,exact,I4210137180,False,116,round4_maxpapers
1768,秦启伟,A5003176186,exact,I4210103685,False,188,round4_maxpapers
1769,乔红,A5026688050,exact,I4210112150,False,466,round4_maxpapers
1770,钱列加,A5086127037,exact,I24943067,False,231,round4_maxpapers
1771,彭孝军,A5048804551,exact,I27357992,False,765,round4_maxpapers
1772,裴端卿,A5030110992,exact,I2802148028,False,387,round4_maxpapers
1773,潘复生,A5035811517,exact,I158842170,False,1699,round4_maxpapers
1774,牛荻涛,A5102909891,exact,I148099405,True,51,round4_semtie
1775,宁光,A5069611208,exact,I183067930,True,809,round4_semtie
1776,南发俊,A5057836445,exact,I4210112820,False,176,round4_maxpapers
1777,苗长兴,A5111431605,exact,I4210145278,False,209,round4_maxpapers
1780,吕昭平,A5078657592,exact,I92403157,True,255,round4_semtie
1781,罗胜联,A5110529687,exact,I16609230,False,688,round4_maxpapers
1782,陆日宇,A5101912692,exact,I4210152758,True,243,round4_semtie
1783,陆全明,A5062755273,exact,I126520041,True,439,round4_semtie
1784,陆林,A5072086960,exact,I20231570,True,479,round4_semtie
1785,卢仲毅,A5082102844,exact,I78988378,False,243,round4_maxpapers
1786,卢磊,A5109837755,exact,I4210126304,True,161,round4_semtie
1787,卢从明,A5052560084,exact,I4210158097,False,136,round4_maxpapers
1788,隆克平,A5029384171,exact,I150229711,False,535,round4_maxpapers
1789,刘玉乐,A5100687684,exact,I99065089,False,1915,round4_maxpapers
1790,刘益春,A5100687684,exact,I184983240,False,1915,round4_maxpapers
1791,刘双江,A5009810201,exact,I4210134982,True,322,round4_semtie
1792,刘少军,A5109980027,exact,I173759888,False,380,round4_maxpapers
1793,刘立波,A5032269255,exact,I4210126061,False,878,round4_maxpapers
1794,刘俊秋,A5023324019,exact,I194450716,True,6,round4_semtie
1795,刘杰,A5100454174,exact,I4210145278,False,2174,round4_maxpapers
1796,刘建全,A5031851632,exact,I76214153,False,503,round4_maxpapers
1797,刘福来,A5082303554,exact,I4210126061,False,482,round4_maxpapers
1799,练继建,A5084478032,exact,I162868743,False,286,round4_maxpapers
1800,厉力华,A5100440657,exact,I50760025,False,440,round4_maxpapers
1801,李彦,A5100380419,exact,I4210103115,False,1036,round4_maxpapers
1802,李昕欣,A5100342841,exact,I4210147322,False,818,round4_maxpapers
1803,李来庚,A5050460348,exact,I4210106477,False,113,round4_maxpapers
1804,李建东,A5100677450,exact,I149594827,False,1234,round4_maxpapers
1805,李长久,A5100357435,exact,I87445476,False,910,round4_maxpapers
1806,李爱群,A5100747455,exact,I76569877,False,168,round4_maxpapers
1807,雷明凯,A5039068613,exact,I27357992,False,179,round4_maxpapers
1808,孔德领,A5024268530,exact,I205237279,False,312,round4_maxpapers
1809,鞠平,A5056099862,exact,I163340411,True,330,round4_semtie
1810,金岩,A5041891687,exact,,True,451,round4_semtie
1811,姜伟,A5009452553,exact,I4210092888,False,774,round4_maxpapers
1812,姜涛,A5100678341,exact,I139660479,False,738,round4_maxpapers
1813,霍启升,A5113665470,exact,I194450716,False,383,round4_maxpapers
1814,黄晓军,A5037029781,exact,I20231570,False,1910,round4_maxpapers
1816,黄建平,A5059939272,exact,I76214153,True,791,round4_semtie
1817,黄河清,A5019953532,exact,I4210160793,True,119,round4_semtie
1819,华林,A5100393800,exact,I196699116,False,494,round4_maxpapers
1820,胡祥培,A5048603159,exact,I27357992,False,141,round4_maxpapers
1821,胡文平,A5059710195,exact,I4210155088,False,1313,round4_maxpapers
1822,胡红波,A5106294205,exact,I4210137180,False,294,round4_maxpapers
1823,胡春宏,A5100624575,exact,I4210092032,False,258,round4_maxpapers
1824,何建军,A5083359166,exact,I76130692,False,533,round4_maxpapers
1825,何宏平,A5100382853,exact,I3018690959,False,654,round4_maxpapers
1826,郝郑平,A5108059995,exact,I4210144289,True,372,round4_semtie
1827,韩旭,A5100729784,exact,I16609230,False,768,round4_maxpapers
1828,韩杰才,A5077039310,exact,I204983213,False,395,round4_maxpapers
1829,过敏意,A5039318240,exact,I183067930,True,728,round4_semtie
1830,郭林,A5100629809,exact,I82880672,False,810,round4_maxpapers
1831,管又飞,A5010558103,exact,I20231570,False,265,round4_maxpapers
1832,顾宁,A5012421463,exact,I76569877,False,960,round4_maxpapers
1833,龚六堂,A5112116095,exact,I20231570,False,111,round4_maxpapers
1835,葛均波,A5100758728,exact,I24943067,True,1233,round4_semtie
1836,高友鹤,A5040326068,exact,,False,691,round4_maxpapers
1840,冯珑珑,A5110177837,exact,I2802340896,False,81,round4_maxpapers
1841,樊春海,A5006228310,exact,I4210123885,False,1079,round4_maxpapers
1842,丁维新,A5019427263,exact,I4210165559,True,170,round4_semtie
1843,邓少芝,A5084727263,exact,I157773358,False,764,round4_maxpapers
1844,戴兰宏,A5100630046,exact,I4210157653,False,229,round4_maxpapers
1846,崔春明,A5079798449,exact,I205237279,True,488,round4_semtie
1847,陈忠,A5100430399,exact,I76130692,False,1168,round4_maxpapers
1848,陈哲宇,A5032686473,exact,I154099455,True,89,round4_semtie
1849,陈阳,A5100350432,exact,I881766915,True,308,round4_semtie
1850,陈效双,A5109496466,exact,I4210135723,False,81,round4_maxpapers
1851,陈伟球,A5070983714,exact,I76130692,False,826,round4_maxpapers
1853,陈立群,A5100658217,exact,I113940042,False,1012,round4_maxpapers
1856,车小燕,A5108579386,exact,I58200834,True,23,round4_semtie
1857,曹务春,A5101507950,exact,,True,7,round4_semtie
1858,蔡洪滨,A5101889455,exact,I20231570,False,91,round4_maxpapers
1860,卞修武,A5015235892,exact,I151075929,True,459,round4_semtie
1862,白雪冬,A5077235314,exact,I4210159876,False,424,round4_maxpapers
1863,郑学军,A5100701855,exact,I4610292,False,174,round4_maxpapers
1865,谭文长,A5051278705,exact,I20231570,False,144,round4_maxpapers
1866,朱宗宏,A5081090682,exact,I25254941,False,373,round4_maxpapers
1867,王俊贤,A5059976286,exact,I126520041,False,2416,round4_maxpapers
1868,袁峰,A5077582232,exact,I2799714274,False,428,round4_maxpapers
1869,韩晓东,A5100611798,exact,I37796252,False,377,round4_maxpapers
1870,吴飙,A5005679679,exact,I20231570,False,669,round4_maxpapers
1871,王兵,A5100382568,exact,I126520041,False,1018,round4_maxpapers
1872,毛基业,A5102766437,exact,I78988378,False,96,round4_maxpapers
1874,苏育才,A5020134873,exact,I126520041,False,293,round4_maxpapers
1875,刘兆理,A5101535777,exact,I96852419,False,76,round4_maxpapers
1876,张伟年,A5019414664,exact,I24185976,False,259,round4_maxpapers
1878,胡建勋,A5023613961,exact,I157773358,False,43,round4_maxpapers
1879,葛根年,A5029449317,exact,I76130692,False,329,round4_maxpapers
1880,王在华,A5049923295,exact,I9842412,False,171,round4_maxpapers
1881,卢天健,A5032822422,exact,I87445476,False,487,round4_maxpapers
1882,张向东,A5100680599,exact,I25254941,False,546,round4_maxpapers
1883,金奎娟,A5015243205,exact,I4210159876,False,376,round4_maxpapers
1884,方海平,A5025624326,exact,I4210123885,False,191,round4_maxpapers
1885,苑长征,A5005449631,exact,I4210137180,True,1852,round4_semtie
1886,周小红,A5002460182,exact,I4210131271,False,100,round4_maxpapers
1887,王恩科,A5038626921,exact,I40963666,False,184,round4_maxpapers
1888,王占山,A5101505542,exact,I116953780,False,671,round4_maxpapers
1889,李新荣,A5100362303,exact,,False,831,round4_maxpapers
1891,岳天祥,A5108129167,exact,I4210160793,False,27,round4_maxpapers
1892,秦伯强,A5058855467,exact,I4210134482,False,386,round4_maxpapers
1893,汪筱林,A5100395130,exact,I4210086287,False,326,round4_maxpapers
1895,宋述光,A5100439348,exact,I20231570,False,217,round4_maxpapers
1896,刘晓东,A5070830535,exact,I4210159790,False,765,round4_maxpapers
1897,王岳军,A5018293422,exact,I3018690959,False,296,round4_maxpapers
1899,冯新斌,A5100679905,exact,I4210135735,False,587,round4_maxpapers
1900,汪汉胜,A5048394694,exact,I4210105990,False,364,round4_maxpapers
1901,张绍东,A5069045234,exact,I37461747,False,232,round4_maxpapers
1902,陈耀,A5100359081,exact,I154099455,False,494,round4_maxpapers
1903,马耀明,A5110375487,exact,I4210141476,False,564,round4_maxpapers
1904,廖宏,A5034727881,exact,I4210152758,False,431,round4_maxpapers
1905,侯书贵,A5088763677,exact,,False,1214,round4_maxpapers
1906,袁东亮,A5012583757,exact,I4210101167,False,147,round4_maxpapers
1907,李丹,A5100380810,exact,I32574673,False,1077,round4_maxpapers
1908,龙腊生,A5100348281,exact,I191208505,False,894,round4_maxpapers
1909,李富友,A5035172100,exact,I24943067,False,450,round4_maxpapers
1910,毛江高,A5067464005,exact,I4210119098,False,1079,round4_maxpapers
1911,秦勇,A5005556747,exact,I24185976,False,213,round4_maxpapers
1912,胡金波,A5047649448,exact,I4210112946,False,450,round4_maxpapers
1913,余志祥,A5091670837,exact,I20231570,True,357,round4_semtie
1914,李艳梅,A5100642931,exact,I99065089,False,846,round4_maxpapers
1915,于贵,A5100782388,exact,I4210155088,False,533,round4_maxpapers
1916,夏安东,A5039288632,exact,I4210155088,False,191,round4_maxpapers
1917,刘智攀,A5100413276,exact,I24943067,False,921,round4_maxpapers
1918,马晶,A5020347295,exact,I881766915,False,571,round4_maxpapers
1919,刘海超,A5100782473,exact,I20231570,False,304,round4_maxpapers
1920,任斌,A5100632277,exact,I191208505,False,635,round4_maxpapers
1921,陈贵海,A5100428808,exact,I881766915,False,1049,round4_maxpapers
1922,高会军,A5036684787,exact,I204983213,False,784,round4_maxpapers
1923,张焕水,A5114377900,exact,I154099455,False,554,round4_maxpapers
1924,李少远,A5101436495,exact,I183067930,False,2433,round4_maxpapers
1925,房建成,A5058230907,exact,I82880672,False,456,round4_maxpapers
1926,刘成林,A5100714202,exact,I4210112150,False,573,round4_maxpapers
1927,李远清,A5100672536,exact,I90610280,False,282,round4_maxpapers
1928,陆海,A5101919746,exact,I881766915,False,666,round4_maxpapers
1929,刘明,A5011410423,exact,I4210119392,False,1128,round4_maxpapers
1930,王伯根,A5058724658,exact,I881766915,False,905,round4_maxpapers
1932,王永生,A5052447620,exact,I21193070,False,343,round4_maxpapers
1933,程亚,A5100741775,exact,I4210135349,False,701,round4_maxpapers
1934,罗先刚,A5111579735,exact,,False,667,round4_maxpapers
1935,李越中,A5101977776,exact,I154099455,False,2417,round4_maxpapers
1936,白逢彦,A5111760838,exact,I4210134982,False,133,round4_maxpapers
1937,母得志,A5056073315,exact,I24185976,False,450,round4_maxpapers
1938,张志珺,A5100388909,exact,I76569877,False,468,round4_maxpapers
1939,胡静,A5100778832,exact,I24185976,False,288,round4_maxpapers
1940,方向明,A5083873215,exact,I76130692,False,346,round4_maxpapers
1941,刘强,A5100325209,exact,I157773358,False,1207,round4_maxpapers
1942,谢渭芬,A5101628436,exact,I177933477,False,165,round4_maxpapers
1943,翟琦巍,A5013862966,exact,I4210106477,False,107,round4_maxpapers
1944,周军,A5022169204,exact,I205237279,True,197,round4_semtie
1945,彭小忠,A5043568664,exact,,False,517,round4_maxpapers
1946,高翔,A5100658122,exact,I881766915,False,1020,round4_maxpapers
1947,安华章,A5005605092,exact,I177933477,False,64,round4_maxpapers
1948,孙坚原,A5101467649,exact,I4210112540,False,49,round4_maxpapers
1950,王海滨,A5100408836,exact,I4210167311,False,258,round4_maxpapers
1951,吕爱平,A5076594495,exact,I4210141683,False,677,round4_maxpapers
1952,常俊标,A5020603394,exact,I38877650,False,492,round4_maxpapers
1954,徐宇虹,A5006058880,exact,I183067930,False,205,round4_maxpapers
1956,朱依谆,A5088412895,exact,I24943067,False,515,round4_maxpapers
1957,姜远英,A5043734685,exact,I177933477,False,251,round4_maxpapers
1958,范英,A5035336655,exact,,True,8,round4_semtie
1959,马超群,A5019929472,exact,I16609230,False,214,round4_maxpapers
1960,周勇,A5051246430,exact,I4210120485,False,930,round4_maxpapers
1961,李仲飞,A5100634225,exact,I157773358,False,1142,round4_maxpapers
1962,张卫国,A5004425403,exact,I90610280,True,33,round4_semtie
1963,刘明远,A5100358128,exact,I194450716,False,1908,round4_maxpapers
1964,杨汉春,A5049445988,exact,I52158045,False,199,round4_maxpapers
1965,陈化兰,A5077067683,exact,I72212903,False,367,round4_maxpapers
1966,沈华浩,A5010838342,exact,I76130692,False,200,round4_maxpapers
1967,朱依纯,A5076130185,exact,I24943067,False,132,round4_maxpapers
1968,杜杰,A5100412675,exact,I183519381,False,599,round4_maxpapers
1969,乔杰,A5003517853,exact,I20231570,False,979,round4_maxpapers
1970,张宏,A5100430306,exact,I20231570,True,1450,round4_semtie
1971,程涛,A5060867127,exact,I200296433,True,774,round4_semtie
1972,胡豫,A5074069807,exact,I47720641,False,687,round4_maxpapers
1974,陈大华,A5010918490,exact,I4210167311,False,142,round4_maxpapers
1975,应义斌,A5100451640,exact,I76130692,False,662,round4_maxpapers
1976,李召虎,A5048003366,exact,I52158045,False,352,round4_maxpapers
1977,储成才,A5057264701,exact,I4210124606,False,289,round4_maxpapers
1978,刘永胜,A5100687684,exact,I24185976,False,1915,round4_maxpapers
1979,吕建雄,A5109119250,exact,I4210128615,False,80,round4_maxpapers
1980,梁萍,A5006460108,exact,I2802939634,False,679,round4_maxpapers
1981,张林琦,A5003336327,exact,I99065089,True,328,round4_semtie
1983,陈家旭,A5036550978,exact,I17747738,False,443,round4_maxpapers
1984,孙宝德,A5100962143,exact,I183067930,False,458,round4_maxpapers
1985,张海峰,A5100399691,exact,I4210126304,False,538,round4_maxpapers
1986,张宪民,A5101469051,exact,I90610280,False,594,round4_maxpapers
1987,焦宗夏,A5100317589,exact,I82880672,False,493,round4_maxpapers
1988,路新春,A5010026629,exact,I99065089,False,187,round4_maxpapers
1989,徐西鹏,A5112824446,exact,I119045251,False,191,round4_maxpapers
1990,邵新宇,A5001189952,exact,I47720641,False,299,round4_maxpapers
1991,邱利民,A5054214875,exact,I76130692,False,224,round4_maxpapers
1992,徐进良,A5075921871,exact,I153473198,False,476,round4_maxpapers
1993,廖强,A5100409446,exact,I158842170,False,957,round4_maxpapers
1994,李亮,A5052819678,exact,I47720641,False,2363,round4_maxpapers
1995,夏长亮,A5040518217,exact,I162868743,False,258,round4_maxpapers
1996,胡洪营,A5073238983,exact,I99065089,False,606,round4_maxpapers
1997,李爱民,A5100382839,exact,I881766915,False,461,round4_maxpapers
1998,黄茂松,A5100972119,exact,I116953780,False,220,round4_maxpapers
1999,袁寿其,A5070288761,exact,I115592961,False,293,round4_maxpapers
2000,刘汉龙,A5075413962,exact,I163340411,False,435,round4_maxpapers
2001,廖桂生,A5052210425,exact,I149594827,False,664,round4_maxpapers
2002,胡卫生,A5015039354,exact,I183067930,False,1283,round4_maxpapers
2003,夏明耀,A5007314189,exact,I20231570,False,230,round4_maxpapers
2004,王均宏,A5100741004,exact,I21193070,False,447,round4_maxpapers
2005,尹宝才,A5020527092,exact,I37796252,False,614,round4_maxpapers
2006,周昆,A5027671723,exact,I76130692,True,385,round4_semtie
2007,胡卫明,A5114549594,exact,I4210112150,True,468,round4_semtie
2008,郑庆华,A5041083459,exact,I87445476,False,635,round4_maxpapers
2009,贺跃辉,A5100774148,exact,I139660479,False,187,round4_maxpapers
2010,彭栋梁,A5069483701,exact,I191208505,False,348,round4_maxpapers
2011,曹学强,A5101024940,exact,I4210092888,False,126,round4_maxpapers
2012,杨文胜,A5010203778,exact,I194450716,False,377,round4_maxpapers
2013,姜开利,A5050705379,exact,I99065089,False,325,round4_maxpapers
2014,顾长志,A5100763288,exact,I4210159876,False,401,round4_maxpapers
2015,张文清,A5100340230,exact,I4210163874,False,511,round4_maxpapers
2016,黄云辉,A5021864650,exact,I47720641,False,798,round4_maxpapers
2017,解孝林,A5009065869,exact,I47720641,True,290,round4_semtie
2018,陈道勇,A5057030431,exact,I24943067,False,173,round4_maxpapers
2019,张晓宏,A5100330119,exact,I4210140689,False,1954,round4_maxpapers
2020,申有青,A5029767971,exact,I76130692,False,718,round4_maxpapers
2021,张所波,A5048850628,exact,I4210092888,False,203,round4_maxpapers
2022,王明洋,A5101694733,exact,,False,1672,round4_maxpapers
2023,胡文兵,A5062074869,exact,I881766915,False,263,round4_maxpapers
2024,孙平川,A5033542063,exact,I205237279,False,235,round4_maxpapers
2025,梁鑫淼,A5111777557,exact,I180585399,False,267,round4_maxpapers
2026,方群,A5051941824,exact,I76130692,False,182,round4_maxpapers
2028,唐惠儒,A5069413008,exact,I4210099135,False,308,round4_maxpapers
2029,褚良银,A5038707330,exact,I24185976,False,289,round4_maxpapers
2030,董晋湘,A5066064803,exact,I9086337,False,649,round4_maxpapers
2031,鲍晓军,A5052807800,exact,,False,214,round4_maxpapers
2032,李和兴,A5052465367,exact,I21945476,False,618,round4_maxpapers
2033,沈宝龙,A5042226686,exact,I4210165339,False,326,round4_maxpapers
2034,徐旭东,A5101449185,exact,I4210089584,False,188,round4_maxpapers
2035,朱瑞良,A5002643911,exact,I66867065,False,259,round4_maxpapers
2036,黄双全,A5082333059,exact,I37461747,False,152,round4_maxpapers
2037,白永飞,A5071203879,exact,I4210158097,False,254,round4_maxpapers
2039,黄勇平,A5112117529,exact,I4210106477,False,209,round4_maxpapers
2040,施一公,A5100610126,exact,I99065089,False,353,round4_maxpapers
2041,常进,A5067343043,exact,I2802340896,False,304,round4_maxpapers
2042,殷战,A5100710230,exact,I4210089584,False,108,round4_maxpapers
2044,陈云飞,A5089727554,exact,I76569877,False,839,round4_maxpapers
2045,李京波,A5100690872,exact,I4210149211,False,625,round4_maxpapers
2046,宋宏伟,A5043503667,exact,I194450716,False,461,round4_maxpapers
2047,张志学,A5114375150,exact,I20231570,False,2059,round4_maxpapers
2049,张卫红,A5008201920,exact,I17145004,True,31,round4_semtie
2050,王清远,A5100450678,exact,I24185976,False,1302,round4_maxpapers
2051,许春晓,A5100418663,exact,I99065089,False,496,round4_maxpapers
2052,樊瑜波,A5066943052,exact,I82880672,False,1356,round4_maxpapers
2053,杨小虎,A5026311099,exact,I2799714274,False,334,round4_maxpapers
2054,周济林,A5005856762,exact,I881766915,False,149,round4_maxpapers
2055,吴义政,A5108337108,exact,I24943067,False,2515,round4_maxpapers
2056,王亚愚,A5115621100,exact,I99065089,False,514,round4_maxpapers
2057,王金霞,A5100724854,exact,I4210160793,False,212,round4_maxpapers
2058,颜立新,A5059859011,exact,I157773358,False,157,round4_maxpapers
2059,肖冬梅,A5041509169,exact,I183067930,False,191,round4_maxpapers
2061,屈长征,A5102752385,exact,I37802460,True,247,round4_semtie
2062,郭先平,A5101505539,exact,I157773358,True,177,round4_semtie
2063,李洪波,A5100402176,exact,I4210120485,False,363,round4_maxpapers
2064,汤华中,A5101423419,exact,I20231570,False,91,round4_maxpapers
2065,柳晓军,A5100412713,exact,I4210099135,False,815,round4_maxpapers
2066,李玉同,A5100349721,exact,I4210159876,False,418,round4_maxpapers
2067,潘建伟,A5042449260,exact,I126520041,False,863,round4_maxpapers
2068,颜永红,A5100425112,exact,I4210099069,True,582,round4_semtie
2070,郑汉青,A5101930221,exact,I20231570,False,77,round4_maxpapers
2071,徐瑚珊,A5107917843,exact,I4210131271,False,120,round4_maxpapers
2072,陈峰,A5100352726,exact,I154099455,False,1263,round4_maxpapers
2073,唐传祥,A5073474951,exact,I99065089,False,901,round4_maxpapers
2074,潘保田,A5066458555,exact,I76214153,True,218,round4_semtie
2075,陈利顶,A5040634924,exact,I4210144289,False,449,round4_maxpapers
2076,李新,A5100354056,exact,,False,1582,round4_maxpapers
2077,张兴亮,A5054078288,exact,I37802460,True,209,round4_semtie
2078,张招崇,A5044298413,exact,I3125743391,False,297,round4_maxpapers
2079,杨进辉,A5067142424,exact,I4210126061,False,449,round4_maxpapers
2080,刘志飞,A5100413276,exact,I116953780,False,921,round4_maxpapers
2081,曹军骥,A5000320455,exact,I4210159790,False,1173,round4_maxpapers
2083,贾永锋,A5057911061,exact,I4210110024,False,168,round4_maxpapers
2084,邓成龙,A5079370041,exact,I4210126061,False,325,round4_maxpapers
2086,肖伏良,A5059196329,exact,I56934997,False,163,round4_maxpapers
2087,刘屹岷,A5100728989,exact,I4210152758,False,289,round4_maxpapers
2088,葛茂发,A5113695262,exact,I4210155088,False,552,round4_maxpapers
2089,刘素美,A5100689850,exact,I59028903,True,183,round4_semtie
2090,黄邦钦,A5100432861,exact,I191208505,False,257,round4_maxpapers
2091,张献明,A5108046748,exact,,False,1015,round4_maxpapers
2092,郑南峰,A5069825601,exact,I191208505,False,613,round4_maxpapers
2093,苏伟平,A5051636973,exact,I4210119098,False,427,round4_maxpapers
2094,燕红,A5067314708,exact,I881766915,True,398,round4_semtie
2095,施章杰,A5088063385,exact,I20231570,True,404,round4_semtie
2096,张洪彬,A5100442145,exact,I189210763,False,439,round4_maxpapers
2099,翁羽翔,A5024753658,exact,I4210159876,False,217,round4_maxpapers
2101,罗毅,A5057282533,exact,I126520041,False,1350,round4_maxpapers
2102,吴鹏,A5018681961,exact,I66867065,False,514,round4_maxpapers
2103,夏永姚,A5038861319,exact,I24943067,False,551,round4_maxpapers
2105,孙振东,A5083273237,exact,I90610280,False,124,round4_maxpapers
2106,郭雷,A5100344279,exact,I82880672,False,651,round4_maxpapers
2107,陈杰,A5100333005,exact,I125839683,False,1223,round4_maxpapers
2108,黄强,A5100617912,exact,I125839683,False,987,round4_maxpapers
2109,赵德刚,A5082192847,exact,I4210149211,False,278,round4_maxpapers
2110,张兴,A5100399159,exact,I20231570,False,601,round4_maxpapers
2111,刘永,A5075881249,exact,I150229711,False,2190,round4_maxpapers
2112,林强,A5023719223,exact,I76130692,False,496,round4_maxpapers
2113,陆培祥,A5100762715,exact,I47720641,False,896,round4_maxpapers
2114,汪国平,A5100366298,exact,I37461747,False,456,round4_maxpapers
2115,姚永刚,A5108051449,exact,I18489884,False,355,round4_maxpapers
2116,梁廷波,A5115590360,exact,I76130692,False,443,round4_maxpapers
2117,熊志奇,A5076737424,exact,I4210106477,False,120,round4_maxpapers
2118,施焕中,A5103144440,exact,I47720641,False,132,round4_maxpapers
2119,殷善开,A5022710308,exact,I183067930,False,227,round4_maxpapers
2120,李青峰,A5100402504,exact,I183067930,False,1744,round4_maxpapers
2121,钱其军,A5090394529,exact,I177933477,False,219,round4_maxpapers
2123,王学路,A5108050002,exact,I24943067,False,142,round4_maxpapers
2124,潘俊敏,A5019122793,exact,I99065089,False,68,round4_maxpapers
2126,王韵,A5100377604,exact,I20231570,False,1086,round4_maxpapers
2127,方方,A5100386859,exact,I20231570,False,1440,round4_maxpapers
2128,李蓬,A5100432747,exact,I99065089,False,815,round4_maxpapers
2129,罗凌飞,A5110295326,exact,I142108993,False,110,round4_maxpapers
2130,陈道峰,A5067462572,exact,I24943067,False,237,round4_maxpapers
2131,叶阳,A5032161199,exact,I4210112820,False,289,round4_maxpapers
2132,李川,A5100404421,exact,I4210112820,False,325,round4_maxpapers
2134,娄红祥,A5020872682,exact,I154099455,False,695,round4_maxpapers
2136,胡立宏,A5001424435,exact,I4210112820,False,479,round4_maxpapers
2137,李亚平,A5100462104,exact,I4210112820,False,1012,round4_maxpapers
2138,王应明,A5100763509,exact,I80947539,False,239,round4_maxpapers
2139,赖明勇,A5100870030,exact,I16609230,False,191,round4_maxpapers
2140,李敏强,A5100643214,exact,I162868743,False,877,round4_maxpapers
2141,王小群,A5101625376,exact,I99065089,False,201,round4_maxpapers
2142,宋林生,A5028930141,exact,I4210101167,False,328,round4_maxpapers
2143,曾春雨,A5100672326,exact,I151075929,True,9,round4_semtie
2144,曾科,A5061545139,exact,I881766915,False,78,round4_maxpapers
2145,余学清,A5014377000,exact,I157773358,False,475,round4_maxpapers
2146,刘勇,A5115602420,exact,I4210106477,False,678,round4_maxpapers
2147,倪中福,A5064079305,exact,I52158045,False,337,round4_maxpapers
2148,林福呈,A5073657704,exact,I76130692,False,268,round4_maxpapers
2149,王琛柱,A5102925423,exact,I4210167311,False,143,round4_maxpapers
2150,申建波,A5016972291,exact,I52158045,False,213,round4_maxpapers
2152,曾绍群,A5058615051,exact,I47720641,False,397,round4_maxpapers
2153,夏宁邵,A5078732636,exact,I191208505,False,863,round4_maxpapers
2154,陈雯,A5065697263,exact,I157773358,False,772,round4_maxpapers
2155,范景莲,A5039035768,exact,I139660479,False,114,round4_maxpapers
2156,柴立元,A5079893090,exact,I139660479,False,492,round4_maxpapers
2157,王树新,A5100644556,exact,I162868743,False,403,round4_maxpapers
2158,张福成,A5035192026,exact,I39333907,False,448,round4_maxpapers
2159,梁迎春,A5045549747,exact,I204983213,False,190,round4_maxpapers
2161,于达仁,A5100519691,exact,I204983213,False,529,round4_maxpapers
2162,吴慧英,A5035034196,exact,I183067930,False,198,round4_maxpapers
2164,何怡刚,A5020019416,exact,I16609230,False,360,round4_maxpapers
2165,王秋良,A5075720732,exact,I4210128819,False,638,round4_maxpapers
2166,邢锋,A5100432911,exact,I180726961,False,845,round4_maxpapers
2167,何川,A5101783766,exact,I4800084,False,158,round4_maxpapers
2168,朱宏平,A5100616351,exact,I47720641,False,163,round4_maxpapers
2169,戴会超,A5112128078,exact,I161350542,False,141,round4_maxpapers
2170,郑宏,A5110405039,exact,I4210140379,False,317,round4_maxpapers
2171,杨强,A5100636286,exact,I99065089,False,1306,round4_maxpapers
2172,牛志升,A5079749340,exact,I99065089,True,512,round4_semtie
2173,高西奇,A5050692023,exact,I76569877,False,710,round4_maxpapers
2174,王永良,A5115621100,exact,,False,514,round4_maxpapers
2175,陈军,A5100450146,exact,I157773358,False,1095,round4_maxpapers
2176,陈清,A5100371368,exact,I20231570,False,1066,round4_maxpapers
2178,孙凝晖,A5101738013,exact,I4210090176,False,185,round4_maxpapers
2179,舒继武,A5101740783,exact,I99065089,False,205,round4_maxpapers
2180,汪国平,A5100366298,exact,I20231570,False,456,round4_maxpapers
2181,薛德胜,A5102088464,exact,I76214153,False,344,round4_maxpapers
2182,蒋成保,A5090764787,exact,I82880672,False,222,round4_maxpapers
2183,孙大林,A5100519066,exact,I24943067,False,239,round4_maxpapers
2184,单智伟,A5033809816,exact,I87445476,False,247,round4_maxpapers
2185,刘宏,A5100410352,exact,I154099455,False,2627,round4_maxpapers
2186,张弛,A5100458183,exact,I115592961,False,1372,round4_maxpapers
2187,王育华,A5115614314,exact,I76214153,False,1046,round4_maxpapers
2188,朱美芳,A5100643927,exact,I181326427,True,678,round4_semtie
2189,顾忠泽,A5034561583,exact,I76569877,False,393,round4_maxpapers
2190,林嘉平,A5085254274,exact,I143593769,False,328,round4_maxpapers
2191,王笃金,A5078950986,exact,I4210155088,False,477,round4_maxpapers
2193,李忠明,A5100728380,exact,I24185976,False,734,round4_maxpapers
2194,蒋官澄,A5000390227,exact,I4210162190,False,134,round4_maxpapers
2195,朱苗勇,A5074972061,exact,I9224756,False,257,round4_maxpapers
2196,李宝会,A5049773491,exact,I205237279,False,195,round4_maxpapers
2197,赵江,A5062935892,exact,I4210155088,False,352,round4_maxpapers
2198,杨小牛,A5047444184,exact,I4210092888,False,206,round4_maxpapers
2199,刘宝红,A5100646291,exact,I24943067,False,1010,round4_maxpapers
2200,张忠平,A5033959506,exact,I2802624667,False,357,round4_maxpapers
2201,李正平,A5027676254,exact,I43337087,False,240,round4_maxpapers
2202,李根喜,A5047139347,exact,I113940042,False,445,round4_maxpapers
2203,陈光进,A5007154958,exact,I4210162190,False,88,round4_maxpapers
2204,邱学青,A5071160405,exact,I90610280,False,636,round4_maxpapers
2205,李春忠,A5009144836,exact,I143593769,True,959,round4_semtie
2206,朱永法,A5004893546,exact,I99065089,False,734,round4_maxpapers
2207,朱本占,A5111501739,exact,I4210144289,True,179,round4_semtie
2209,林敏,A5101664238,exact,I4210167153,False,195,round4_maxpapers
2210,郭德银,A5023916267,exact,I37461747,False,242,round4_maxpapers
2211,钟扬,A5007870731,exact,I24943067,False,290,round4_maxpapers
2212,黄继荣,A5102807362,exact,I4210106477,False,53,round4_maxpapers
2214,杨仲南,A5059030289,exact,I21945476,False,159,round4_maxpapers
2216,傅声雷,A5029318548,exact,I4210120696,True,290,round4_semtie
2217,雷富民,A5055678184,exact,I4210167311,False,332,round4_maxpapers
2218,刘迎芳,A5100687684,exact,I4210112540,False,1915,round4_maxpapers
2219,许瑞明,A5054158659,exact,I4210112540,False,91,round4_maxpapers
2220,甘少波,A5112108116,exact,I20231570,False,58,round4_maxpapers
2221,郭建华,A5005999266,exact,I184983240,False,509,round4_maxpapers
2224,尹会成,A5103240268,exact,I881766915,False,133,round4_maxpapers
2225,邹文明,A5101705659,exact,I99065089,False,228,round4_maxpapers
2228,申胜平,A5024764911,exact,I87445476,False,260,round4_maxpapers
2230,黄志龙,A5100612628,exact,I76130692,False,95,round4_maxpapers
2231,张泰华,A5069756245,exact,I55712492,False,112,round4_maxpapers
2232,梁恩维,A5020226724,exact,I150807315,False,543,round4_maxpapers
2233,陈鹏飞,A5017830297,exact,I881766915,False,226,round4_maxpapers
2234,张军,A5100400217,exact,I4210164580,False,4099,round4_maxpapers
2235,张鹏杰,A5088159502,exact,I2799714274,False,249,round4_maxpapers
2236,王建国,A5100336346,exact,I4210145278,False,585,round4_maxpapers
2237,马琰铭,A5088817033,exact,I194450716,False,673,round4_maxpapers
2238,陈曦,A5100329996,exact,I99065089,False,2064,round4_maxpapers
2239,何力新,A5036793185,exact,I126520041,False,149,round4_maxpapers
2240,易俗,A5004835193,exact,I4210125404,False,611,round4_maxpapers
2241,雒建林,A5102970064,exact,I4210159876,False,145,round4_maxpapers
2242,颜学庆,A5086235306,exact,I20231570,False,299,round4_maxpapers
2243,张丰收,A5101588437,exact,I25254941,True,279,round4_semtie
2244,廖益,A5083605388,exact,I205237279,False,108,round4_maxpapers
2245,吴明红,A5037998311,exact,I113940042,False,624,round4_maxpapers
2246,王晓光,A5100379569,exact,I76130692,False,336,round4_maxpapers
2247,韩良,A5107940769,exact,I126520041,False,576,round4_maxpapers
2248,张亚文,A5100692580,exact,I20231570,True,432,round4_semtie
2249,段春迎,A5058753442,exact,I27357992,False,1345,round4_maxpapers
2250,崔勇,A5007046740,exact,I183067930,False,494,round4_maxpapers
2252,游劲松,A5013525906,exact,I24185976,False,577,round4_maxpapers
2254,潘远江,A5100717344,exact,I76130692,True,503,round4_semtie
2256,游书力,A5113826869,exact,I4210112946,False,1088,round4_maxpapers
2257,唐智勇,A5067430528,exact,I4210141483,False,672,round4_maxpapers
2258,李广涛,A5115589396,exact,I99065089,False,441,round4_maxpapers
2259,申文杰,A5019146446,exact,I180585399,False,320,round4_maxpapers
2260,王毅琳,A5100449855,exact,I4210155088,False,633,round4_maxpapers
2261,马旭村,A5047969879,exact,I4210159876,False,249,round4_maxpapers
2262,吴水珠,A5066444907,exact,I90610280,False,249,round4_maxpapers
2263,吕中元,A5086545796,exact,I194450716,True,367,round4_semtie
2264,朱新远,A5014616952,exact,I183067930,False,509,round4_maxpapers
2266,陆豪杰,A5101919746,exact,I24943067,False,666,round4_maxpapers
2267,蒋兴宇,A5075755018,exact,I4210141483,False,702,round4_maxpapers
2268,蒋健晖,A5028552398,exact,I16609230,False,594,round4_maxpapers
2269,徐静娟,A5050812850,exact,I881766915,False,660,round4_maxpapers
2270,张书圣,A5100610309,exact,I15823474,False,738,round4_maxpapers
2271,何静,A5081879366,exact,I75390827,False,425,round4_maxpapers
2272,应汉杰,A5100689402,exact,I134687103,False,454,round4_maxpapers
2273,徐铜文,A5100623147,exact,I126520041,False,836,round4_maxpapers
2274,杨超,A5115602202,exact,I4210133325,False,952,round4_maxpapers
2275,胡敏,A5045617018,exact,I20231570,True,1074,round4_semtie
2276,刘景富,A5070736699,exact,I4210144289,True,3,round4_semtie
2277,张玉忠,A5108166978,exact,I154099455,False,1586,round4_maxpapers
2278,何正国,A5102851317,exact,I204823248,False,52,round4_maxpapers
2279,郭岩,A5041543923,exact,I52158045,False,252,round4_maxpapers
2280,王永红,A5100643753,exact,I4210124606,True,250,round4_semtie
2281,贺金生,A5061053379,exact,I20231570,False,99,round4_maxpapers
2282,戴家银,A5066213995,exact,I4210167311,False,242,round4_maxpapers
2283,朱教君,A5052481191,exact,I4210110024,False,299,round4_maxpapers
2285,江涛,A5101911266,exact,I4210112540,False,695,round4_maxpapers
2286,蒋争凡,A5018827487,exact,I20231570,False,114,round4_maxpapers
2287,陆巍,A5100673138,exact,I76569877,True,171,round4_semtie
2289,章卫平,A5100657957,exact,I177933477,False,491,round4_maxpapers
2290,魏丽萍,A5022243401,exact,I20231570,False,120,round4_maxpapers
2292,肖磊,A5100723974,exact,I76130692,False,193,round4_maxpapers
2293,李仕贵,A5045489434,exact,I37574244,False,210,round4_maxpapers
2294,金危危,A5082856725,exact,I52158045,True,147,round4_semtie
2295,张和平,A5100775543,exact,I120379545,False,872,round4_maxpapers
2296,张友军,A5065618924,exact,I4210119469,False,543,round4_maxpapers
2297,叶恭银,A5040962519,exact,I76130692,False,295,round4_maxpapers
2298,廖红,A5100410307,exact,I101479585,False,239,round4_maxpapers
2299,李枢强,A5072688213,exact,I4210167311,True,710,round4_semtie
2300,乔格侠,A5057652671,exact,I4210167311,True,239,round4_semtie
2301,赖仞,A5010238428,exact,I18489884,False,320,round4_maxpapers
2302,赵书红,A5065223172,exact,I204823248,False,357,round4_maxpapers
2303,汪以真,A5057722089,exact,I76130692,True,2,round4_semtie
2304,刘爵,A5100702263,exact,I4210146959,False,472,round4_maxpapers
2305,刘金华,A5100721117,exact,I52158045,False,284,round4_maxpapers
2306,孙黎,A5064084743,exact,I4210101167,False,392,round4_maxpapers
2307,李小雁,A5100459416,exact,I25254941,False,1071,round4_maxpapers
2308,田立德,A5051335560,exact,I4210141476,False,148,round4_maxpapers
2309,李芳柏,A5042908199,exact,,True,416,round4_semtie
2310,贺纪正,A5068325756,exact,I4210144289,False,476,round4_maxpapers
2311,沈仁芳,A5039804380,exact,I4210165559,False,231,round4_maxpapers
2312,王强,A5085403239,exact,I3018690959,False,2650,round4_maxpapers
2313,余克服,A5025772761,exact,I4210103685,False,402,round4_maxpapers
2314,高俊,A5100776553,exact,I4210126061,False,364,round4_maxpapers
2315,李海龙,A5100440678,exact,I3125743391,False,179,round4_maxpapers
2316,王非,A5115695181,exact,I4210126061,False,328,round4_maxpapers
2319,刘青松,A5112066295,exact,I4210126061,False,350,round4_maxpapers
2320,黄清华,A5019243973,exact,I20231570,False,345,round4_maxpapers
2321,庹先国,A5003683328,exact,I31595395,False,153,round4_maxpapers
2322,窦贤康,A5048979922,exact,I126520041,False,316,round4_maxpapers
2323,陈文,A5065697263,exact,I4210152758,False,772,round4_maxpapers
2324,胡永云,A5030157670,exact,I20231570,False,1235,round4_maxpapers
2325,蔡树群,A5012377508,exact,I4210103685,True,152,round4_semtie
2326,谢周清,A5027809510,exact,I126520041,False,245,round4_maxpapers
2327,许小红,A5100319787,exact,,True,571,round4_semtie
2328,潘洪革,A5053786338,exact,I76130692,False,536,round4_maxpapers
2329,柳忠元,A5045926855,exact,I39333907,True,521,round4_semtie
2330,王俭秋,A5101941742,exact,I4210126304,False,170,round4_maxpapers
2331,林元华,A5101549431,exact,I99065089,False,360,round4_maxpapers
2332,刘冰冰,A5100650370,exact,I194450716,False,533,round4_maxpapers
2333,黄少铭,A5058642281,exact,I146620803,False,703,round4_maxpapers
2334,邓龙江,A5109173538,exact,I150229711,False,266,round4_maxpapers
2335,邵宗平,A5034744923,exact,I134687103,False,1058,round4_maxpapers
2336,张怀金,A5013073284,exact,I154099455,False,596,round4_maxpapers
2337,尹龙卫,A5072199383,exact,I154099455,False,318,round4_maxpapers
2338,计剑,A5100613666,exact,I76130692,False,921,round4_maxpapers
2339,杨槐,A5072776089,exact,I92403157,False,605,round4_maxpapers
2340,甘志华,A5101464738,exact,I75390827,False,155,round4_maxpapers
2341,沈军,A5031318875,exact,I204983213,False,666,round4_maxpapers
2342,李梅,A5100331901,exact,I31637741,False,531,round4_maxpapers
2343,王齐华,A5100603433,exact,I4210089297,False,427,round4_maxpapers
2344,熊蔡华,A5100770696,exact,I47720641,False,212,round4_maxpapers
2345,朱旻昊,A5023616934,exact,I4800084,False,435,round4_maxpapers
2346,刘黎明,A5100429628,exact,I27357992,False,291,round4_maxpapers
2347,姜澜,A5090166634,exact,I125839683,False,652,round4_maxpapers
2348,周怀春,A5077044973,exact,I47720641,False,353,round4_maxpapers
2349,王秋旺,A5068224707,exact,I87445476,False,932,round4_maxpapers
2350,杨勇平,A5000920700,exact,I153473198,False,376,round4_maxpapers
2351,孙宏斌,A5100762412,exact,I99065089,False,856,round4_maxpapers
2352,马衍伟,A5101442729,exact,I4210128819,False,573,round4_maxpapers
2353,蔡袁强,A5100760622,exact,I146620803,False,287,round4_maxpapers
2354,罗尧治,A5033520789,exact,I76130692,False,173,round4_maxpapers
2355,吴波,A5067299728,exact,I90610280,False,281,round4_maxpapers
2356,王东升,A5100450582,exact,I4210144289,False,397,round4_maxpapers
2357,杨大文,A5044116309,exact,I99065089,False,368,round4_maxpapers
2358,蒋明镜,A5046449623,exact,I116953780,False,298,round4_maxpapers
2359,沈珍瑶,A5062775203,exact,I25254941,False,443,round4_maxpapers
2361,李海波,A5042888075,exact,I4210140379,False,452,round4_maxpapers
2362,白敏冬,A5025066544,exact,I43313876,False,39,round4_maxpapers
2363,汪宏,A5100370931,exact,I87445476,False,1740,round4_maxpapers
2364,师文生,A5110345944,exact,I4210140689,False,134,round4_maxpapers
2365,郑小平,A5101926670,exact,I99065089,False,707,round4_maxpapers
2366,杨小康,A5019708391,exact,I183067930,False,770,round4_maxpapers
2367,黎湘,A5100331094,exact,I170215575,False,701,round4_maxpapers
2368,王国仁,A5054991337,exact,I9224756,False,698,round4_maxpapers
2369,冯丹,A5057421680,exact,I47720641,False,785,round4_maxpapers
2371,陈熙霖,A5083420537,exact,I4210090176,True,746,round4_semtie
2372,黄庆明,A5028597017,exact,I4210165038,False,848,round4_maxpapers
2374,赵耀,A5100362745,exact,I21193070,False,1106,round4_maxpapers
2375,胡昌华,A5057912398,exact,,False,221,round4_maxpapers
2376,阳春华,A5108047088,exact,I139660479,False,1055,round4_maxpapers
2377,张卫东,A5100414775,exact,I183067930,True,1318,round4_semtie
2378,吕金虎,A5027725400,exact,I4210120485,False,713,round4_maxpapers
2380,李小俚,A5100418692,exact,I39333907,False,1385,round4_maxpapers
2381,顾书林,A5050461236,exact,I881766915,False,350,round4_maxpapers
2382,任天令,A5024756322,exact,I99065089,False,820,round4_maxpapers
2383,刘玉玺,A5100687684,exact,I99065089,False,1915,round4_maxpapers
2384,张首刚,A5020219727,exact,I4210093645,False,420,round4_maxpapers
2385,文双春,A5101576538,exact,I16609230,False,540,round4_maxpapers
2386,郑婉华,A5100609489,exact,I4210149211,False,283,round4_maxpapers
2388,朱庆华,A5085181118,exact,I27357992,False,193,round4_maxpapers
2390,李宏彬,A5101977776,exact,I99065089,False,2417,round4_maxpapers
2391,余乐安,A5058109866,exact,I4210120485,False,264,round4_maxpapers
2392,曾赛星,A5020618879,exact,I183067930,False,180,round4_maxpapers
2393,李汇华,A5101977776,exact,I183519381,False,2417,round4_maxpapers
2394,袁祖贻,A5100603166,exact,I87445476,False,352,round4_maxpapers
2395,王红艳,A5058755543,exact,I24943067,False,252,round4_maxpapers
2396,王雁玲,A5100393661,exact,I4210167311,False,200,round4_maxpapers
2397,翁建平,A5012775407,exact,I157773358,False,506,round4_maxpapers
2398,杨正林,A5080583583,exact,I150229711,False,482,round4_maxpapers
2399,张罗,A5115603052,exact,I183519381,False,1354,round4_maxpapers
2400,章晓联,A5035361887,exact,I37461747,False,505,round4_maxpapers
2401,何玉先,A5025375416,exact,I200296433,True,157,round4_semtie
2403,周剑峰,A5028465455,exact,I47720641,False,540,round4_maxpapers
2404,王洁,A5100440013,exact,,True,1603,round4_semtie
2405,毛颖,A5107985523,exact,I24943067,False,1003,round4_maxpapers
2406,曾木圣,A5100447234,exact,I157773358,False,939,round4_maxpapers
2407,曹广文,A5072964389,exact,I177933477,False,696,round4_maxpapers
2408,沈南,A5012478380,exact,I183067930,False,402,round4_maxpapers
2410,陈薇,A5100344298,exact,I2802541053,False,1861,round4_maxpapers
2411,张峻峰,A5028199089,exact,I881766915,False,680,round4_maxpapers
2412,缪泽鸿,A5013917173,exact,I4210112820,False,286,round4_maxpapers
2413,潘景轩,A5071900138,exact,I157773358,False,197,round4_maxpapers
2414,房敏,A5100740906,exact,,False,324,round4_maxpapers
2415,陈纪军,A5102010364,exact,I13850615,False,287,round4_maxpapers
2416,孔令东,A5060424374,exact,I881766915,False,184,round4_maxpapers
2418,李得天,A5002509297,exact,,False,1183,round4_maxpapers
2419,温江涛,A5103560215,exact,I99065089,False,142,round4_maxpapers
2420,宫玉彬,A5025099170,exact,I150229711,False,873,round4_maxpapers
2421,杨仕文,A5038497484,exact,I150229711,False,1647,round4_maxpapers
2422,蔡新霞,A5111695012,exact,I4210110458,False,234,round4_maxpapers
2423,李学龙,A5100740143,exact,I4210144662,False,921,round4_maxpapers
2424,窦勇,A5051680867,exact,I170215575,False,418,round4_maxpapers
2425,刘云浩,A5100687684,exact,I99065089,False,1915,round4_maxpapers
2426,何晓飞,A5102013345,exact,I76130692,False,344,round4_maxpapers
2427,高新波,A5101785348,exact,I149594827,False,850,round4_maxpapers
2428,张军,A5100400217,exact,I157773358,False,4099,round4_maxpapers
2429,李波,A5065955866,exact,I82880672,False,1510,round4_maxpapers
2430,何勇,A5100342968,exact,I3124059619,False,1599,round4_maxpapers
2431,曾志刚,A5081245089,exact,I47720641,False,753,round4_maxpapers
2432,陈华富,A5100786255,exact,I150229711,False,396,round4_maxpapers
2433,杨健,A5087117028,exact,I36399199,False,1221,round4_maxpapers
2434,孙长银,A5019248683,exact,I76569877,False,755,round4_maxpapers
2435,曾璇,A5064213921,exact,I24943067,False,416,round4_maxpapers
2436,戴伦,A5114374989,exact,I20231570,False,350,round4_maxpapers
2438,张新亮,A5100458144,exact,I47720641,False,1397,round4_maxpapers
2439,陈增兵,A5101847617,exact,I126520041,False,2382,round4_maxpapers
2440,陈险峰,A5100674464,exact,I183067930,False,642,round4_maxpapers
2441,苏翼凯,A5026515323,exact,I183067930,False,698,round4_maxpapers
2442,滕枫,A5100678142,exact,I21193070,False,397,round4_maxpapers
2443,王红卫,A5115602103,exact,I47720641,False,1416,round4_maxpapers
2444,马铁驹,A5080278309,exact,I143593769,False,109,round4_maxpapers
2446,张小宁,A5100423537,exact,I116953780,False,125,round4_maxpapers
2447,杨翠红,A5101654968,exact,I4210120485,False,81,round4_maxpapers
2449,周长辉,A5108048509,exact,I20231570,False,601,round4_maxpapers
2450,宋长春,A5101878814,exact,I4210101301,False,197,round4_maxpapers
2451,赵文智,A5087654589,exact,,False,321,round4_maxpapers
2452,徐柏青,A5103748196,exact,I4210141476,False,191,round4_maxpapers
2453,朴世龙,A5000033522,exact,I20231570,False,736,round4_maxpapers
2455,赵艳,A5037416067,exact,I76214153,False,212,round4_maxpapers
2457,张福成,A5035192026,exact,I4210086287,False,448,round4_maxpapers
2458,蔡春芳,A5082986317,exact,I4210126061,False,173,round4_maxpapers
2459,邱楠生,A5029335511,exact,,False,179,round4_maxpapers
2462,刘勇胜,A5100687684,exact,I3124059619,False,1915,round4_maxpapers
2463,张干,A5100761993,exact,I3018690959,True,868,round4_semtie
2464,艾印双,A5114142238,exact,I4210126061,True,93,round4_semtie
2465,秦刚,A5103013000,exact,,False,346,round4_maxpapers
2467,邵敏,A5101833601,exact,I20231570,True,376,round4_semtie
2468,王桂华,A5100641106,exact,I4210109544,False,186,round4_maxpapers
2469,陈敏,A5100337209,exact,I191208505,False,1408,round4_maxpapers
2470,侯仰龙,A5087247583,exact,I20231570,False,419,round4_maxpapers
2471,刘峰,A5100415288,exact,I17145004,False,1432,round4_maxpapers
2472,王平,A5062058196,exact,I90610280,False,457,round4_maxpapers
2473,颜世申,A5100736123,exact,I154099455,False,380,round4_maxpapers
2474,张勤远,A5049130509,exact,I90610280,False,343,round4_maxpapers
2475,黄富强,A5021679611,exact,I4210163874,False,704,round4_maxpapers
2476,王峰,A5038772372,exact,I75390827,False,1993,round4_maxpapers
2477,王成新,A5052733062,exact,I157773358,True,16,round4_semtie
2479,于中振,A5100782916,exact,I75390827,True,404,round4_semtie
2480,刘天西,A5018950796,exact,I24943067,True,794,round4_semtie
2481,王均,A5084169778,exact,I126520041,False,4570,round4_maxpapers
2482,杨楚罗,A5089900071,exact,I37461747,False,694,round4_maxpapers
2483,张先正,A5069099639,exact,I37461747,False,790,round4_maxpapers
2484,王鹏,A5100396117,exact,I4210092888,False,1080,round4_maxpapers
2485,胡文彬,A5069789783,exact,I183067930,False,441,round4_maxpapers
2487,齐涛,A5111661897,exact,I4210133325,False,250,round4_maxpapers
2488,张烈辉,A5112559001,exact,I165745306,False,377,round4_maxpapers
2489,丁希仑,A5059209683,exact,I82880672,False,347,round4_maxpapers
2490,周华民,A5069003516,exact,I47720641,False,198,round4_maxpapers
2491,林京,A5024736552,exact,I87445476,False,407,round4_maxpapers
2492,王海斗,A5115602103,exact,,False,1416,round4_maxpapers
2493,郭照立,A5004033194,exact,I47720641,False,338,round4_maxpapers
2494,高翔,A5100658122,exact,I76130692,False,1020,round4_maxpapers
2496,严俊杰,A5052855665,exact,I87445476,False,741,round4_maxpapers
2497,李路明,A5052819678,exact,I99065089,False,2363,round4_maxpapers
2498,张冠军,A5088543620,exact,I87445476,False,742,round4_maxpapers
2499,李先庭,A5100362303,exact,I99065089,False,831,round4_maxpapers
2500,叶继红,A5103142408,exact,I76569877,False,134,round4_maxpapers
2501,汪华林,A5100637951,exact,I143593769,False,235,round4_maxpapers
2503,唐洪武,A5088548783,exact,I163340411,False,212,round4_maxpapers
2504,崔保山,A5048384771,exact,I25254941,False,311,round4_maxpapers
2505,黄冠华,A5057727664,exact,I52158045,False,237,round4_maxpapers
2506,卢文波,A5017433232,exact,I37461747,False,299,round4_maxpapers
2507,彭双阶,A5058808389,exact,I40963666,False,152,round4_maxpapers
2508,吴臻,A5002328317,exact,I154099455,False,322,round4_maxpapers
2509,曹永罗,A5111733287,exact,I3923682,False,87,round4_maxpapers
2510,林华珍,A5002260956,exact,I204831749,False,99,round4_maxpapers
2513,戴彧虹,A5109187979,exact,I4210120485,False,208,round4_maxpapers
2514,陈文,A5065697263,exact,I163340411,False,772,round4_maxpapers
2515,彭志科,A5073030532,exact,I183067930,False,522,round4_maxpapers
2516,龚兴龙,A5078908602,exact,I126520041,False,454,round4_maxpapers
2517,陈少华,A5100335691,exact,I4210157653,False,169,round4_maxpapers
2518,倪明玖,A5114040258,exact,I4210165038,False,164,round4_maxpapers
2519,徐海光,A5007522827,exact,I183067930,False,152,round4_maxpapers
2520,张枚,A5064687667,exact,I4210164580,False,261,round4_maxpapers
2521,赵长印,A5101521551,exact,I2802340896,False,90,round4_maxpapers
2522,刘运全,A5100687684,exact,I20231570,False,1915,round4_maxpapers
2523,朱诗亮,A5006580225,exact,I187400657,False,265,round4_maxpapers
2524,张天才,A5007757589,exact,I181877577,False,234,round4_maxpapers
2525,帅建伟,A5069370586,exact,I191208505,False,230,round4_maxpapers
2526,李风华,A5100325261,exact,I4210099069,False,415,round4_maxpapers
2527,戴希,A5069152800,exact,I4210159876,False,486,round4_maxpapers
2528,苏光辉,A5031866048,exact,I87445476,False,859,round4_maxpapers
2529,冯波,A5064082086,exact,I76130692,False,313,round4_maxpapers
2530,王群,A5100337782,exact,I126520041,False,916,round4_maxpapers
2531,李海波,A5101977776,exact,I4210137180,True,2417,round4_semtie
2532,沈百飞,A5013385111,exact,I4210135349,False,315,round4_maxpapers
2533,孙晓明,A5100382892,exact,I75390827,True,588,round4_semtie
2534,王泉明,A5084707324,exact,I191208505,False,437,round4_maxpapers
2536,易涛,A5100681723,exact,I24943067,False,395,round4_maxpapers
2538,陈应春,A5100767573,exact,I24185976,False,750,round4_maxpapers
2539,库学功,A5034355294,exact,,False,1,round4_maxpapers
2540,周永贵,A5100749221,exact,I180585399,False,540,round4_maxpapers
2541,胡文浩,A5074406685,exact,I66867065,False,948,round4_maxpapers
2543,高毅勤,A5051732177,exact,I20231570,False,419,round4_maxpapers
2544,庄林,A5025466061,exact,I37461747,False,279,round4_maxpapers
2545,侯中怀,A5060411923,exact,I126520041,False,210,round4_maxpapers
2546,刘志敏,A5100739124,exact,I4210155088,False,604,round4_maxpapers
2547,赵永生,A5113851131,exact,I4210155088,False,457,round4_maxpapers
2548,周峰,A5026805997,exact,I4210089297,False,1457,round4_maxpapers
2549,黄飞鹤,A5074785478,exact,I76130692,False,839,round4_maxpapers
2550,陈红,A5100420388,exact,I3923682,False,1103,round4_maxpapers
2551,黄飞,A5100620486,exact,I90610280,False,1259,round4_maxpapers
2552,魏志祥,A5023937902,exact,I4210141483,False,474,round4_maxpapers
2553,逯乐慧,A5034003453,exact,I4210092888,False,181,round4_maxpapers
2554,龙亿涛,A5034885015,exact,I143593769,False,564,round4_maxpapers
2556,杨黄浩,A5034175275,exact,I80947539,False,495,round4_maxpapers
2557,张四纯,A5089545728,exact,I99065089,False,973,round4_maxpapers
2558,罗英武,A5059109137,exact,I76130692,False,169,round4_maxpapers
2559,姜忠义,A5069350254,exact,I162868743,False,491,round4_maxpapers
2560,贺高红,A5100776781,exact,I27357992,False,657,round4_maxpapers
2561,邢卫红,A5008053838,exact,I134687103,True,478,round4_semtie
2562,林璋,A5100628318,exact,I90610280,True,886,round4_semtie
2563,胡春,A5108063826,exact,I4210144289,True,472,round4_semtie
2564,张长生,A5100687487,exact,I4210103685,False,388,round4_maxpapers
2565,张立新,A5100427821,exact,I4210134982,False,1131,round4_maxpapers
2566,王华林,A5100637950,exact,I4210106882,False,155,round4_maxpapers
2568,孔宏智,A5017182113,exact,I4210158097,True,82,round4_semtie
2569,任东涛,A5039220474,exact,I52158045,False,59,round4_maxpapers
2570,韦革宏,A5054691355,exact,I89652312,False,103,round4_maxpapers
2571,尹佟明,A5100674903,exact,I167027274,False,168,round4_maxpapers
2573,张令强,A5007903303,exact,I2802541053,False,3,round4_maxpapers
2574,金勇丰,A5015584080,exact,I76130692,False,331,round4_maxpapers
2575,杨洁,A5100404947,exact,I5740404,False,1495,round4_maxpapers
2576,王常勇,A5011166808,exact,I2802541053,False,175,round4_maxpapers
2577,李武,A5081053588,exact,I25254941,False,157,round4_maxpapers
2578,于翔,A5100685654,exact,I4210106477,True,187,round4_semtie
2579,蒋太交,A5062116814,exact,I4210112540,False,109,round4_maxpapers
2581,俞立,A5100345721,exact,I99065089,True,118,round4_semtie
2583,李付广,A5066713704,exact,I4210106793,False,220,round4_maxpapers
2584,陈卫,A5100344298,exact,I111599522,False,1861,round4_maxpapers
2585,单卫星,A5055247536,exact,I89652312,False,88,round4_maxpapers
2586,姜道宏,A5041405688,exact,I204823248,False,242,round4_maxpapers
2587,郭文武,A5033362731,exact,I204823248,False,156,round4_maxpapers
2588,李胜,A5100404186,exact,I4210106477,False,928,round4_maxpapers
2589,刘雅红,A5100687684,exact,I101479585,False,1915,round4_maxpapers
2590,陈新华,A5100650716,exact,,False,340,round4_maxpapers
2591,刘杰,A5100454174,exact,I24943067,False,2174,round4_maxpapers
2592,彭军,A5013532908,exact,I154099455,False,204,round4_maxpapers
2593,曾凡一,A5091855652,exact,I183067930,False,79,round4_maxpapers
2594,林羿,A5090694142,exact,I183067930,False,833,round4_maxpapers
2595,孙斐,A5100400820,exact,I126520041,False,307,round4_maxpapers
2596,罗湘杭,A5100647869,exact,I139660479,True,151,round4_semtie
2597,何明光,A5015914756,exact,I157773358,False,891,round4_maxpapers
2598,袁慧军,A5015342715,exact,I2802939634,False,139,round4_maxpapers
2599,吴志英,A5065162774,exact,I24943067,True,258,round4_semtie
2600,袁增强,A5081491205,exact,I4210112540,False,162,round4_maxpapers
2601,王凡,A5100380496,exact,I20231570,True,437,round4_semtie
2602,王恒樑,A5018309024,exact,I2802541053,False,124,round4_maxpapers
2603,蒋青,A5020445890,exact,I881766915,False,1279,round4_maxpapers
2604,欧阳宏伟,A5100782437,exact,I76130692,False,219,round4_maxpapers
2605,康铁邦,A5082321957,exact,I157773358,False,300,round4_maxpapers
2607,周钢桥,A5072106006,exact,I2802541053,False,140,round4_maxpapers
2608,程树群,A5019804488,exact,I177933477,False,271,round4_maxpapers
2609,张宁,A5100404874,exact,I5740404,False,807,round4_maxpapers
2610,王慧,A5100460802,exact,I4210106477,False,2190,round4_maxpapers
2611,张翱,A5100437582,exact,I4210112820,False,290,round4_maxpapers
2612,吴军,A5054078700,exact,I159948400,False,353,round4_maxpapers
2613,李佳,A5108050435,exact,I4210112820,False,930,round4_maxpapers
2614,高秀梅,A5078126271,exact,I12411659,False,510,round4_maxpapers
2615,丁侃,A5042363295,exact,I4210112820,False,231,round4_maxpapers
2616,邹建文,A5091512453,exact,I119454577,False,196,round4_maxpapers
2617,邾继贵,A5002823524,exact,I162868743,False,137,round4_maxpapers
2619,朱弟成,A5090951888,exact,I3125743391,False,237,round4_maxpapers
2620,周永丰,A5012041302,exact,I183067930,False,882,round4_maxpapers
2621,周杰,A5100620306,exact,I99065089,True,1236,round4_semtie
2622,周俭,A5070334439,exact,I24943067,False,917,round4_maxpapers
2623,周海军,A5008074295,exact,I4210125404,False,245,round4_maxpapers
2625,郑玉峰,A5100343282,exact,I20231570,False,1244,round4_maxpapers
2626,郑小平,A5101926670,exact,I99065089,False,707,round4_maxpapers
2627,赵玉民,A5107853636,exact,I183067930,True,472,round4_semtie
2628,赵永好,A5100637219,exact,I36399199,False,294,round4_maxpapers
2629,赵长生,A5069133334,exact,I24185976,False,401,round4_maxpapers
2630,张忠,A5100350971,exact,I4210141483,False,608,round4_maxpapers
2631,张云武,A5043869758,exact,I191208505,False,188,round4_maxpapers
2632,张闻,A5100444365,exact,I76569877,False,694,round4_maxpapers
2633,张路,A5100388576,exact,I20231570,True,210,round4_semtie
2634,张立新,A5100427821,exact,I76130692,False,1131,round4_maxpapers
2635,张杰鹏,A5062699441,exact,I157773358,False,684,round4_maxpapers
2636,张宏,A5100430306,exact,I4210112540,False,1450,round4_maxpapers
2637,袁慎芳,A5050331528,exact,I9842412,False,215,round4_maxpapers
2638,俞燕蕾,A5085548526,exact,I24943067,False,217,round4_maxpapers
2639,余玉刚,A5100713413,exact,I126520041,False,433,round4_maxpapers
2640,于志强,A5055896416,exact,I3018690959,True,308,round4_semtie
2641,于伟泳,A5061502729,exact,,False,91,round4_maxpapers
2642,叶强,A5032487108,exact,I204983213,False,279,round4_maxpapers
2643,姚裕贵,A5065260634,exact,I125839683,False,476,round4_maxpapers
2644,姚斌,A5008371533,exact,I4210149219,False,485,round4_maxpapers
2645,杨弋,A5022054064,exact,I143593769,False,269,round4_maxpapers
2646,杨亚东,A5100743975,exact,I40963666,True,2388,round4_semtie
2647,杨淑华,A5011499963,exact,I52158045,False,142,round4_maxpapers
2648,杨守业,A5084215803,exact,I116953780,False,340,round4_maxpapers
2649,杨华明,A5075384905,exact,I139660479,False,409,round4_maxpapers
2650,颜晓梅,A5013469956,exact,I191208505,False,369,round4_maxpapers
2652,许强,A5003244142,exact,I31595395,False,223,round4_maxpapers
2653,许凤,A5066089549,exact,I31683504,False,674,round4_maxpapers
2654,徐心,A5053112608,exact,I99065089,False,697,round4_maxpapers
2655,徐仁新,A5020891793,exact,I20231570,False,499,round4_maxpapers
2656,徐立军,A5100342425,exact,I82880672,False,2473,round4_maxpapers
2657,徐常胜,A5022636178,exact,I4210112150,False,848,round4_maxpapers
2659,肖少波,A5066099820,exact,I204823248,False,354,round4_maxpapers
2660,向文胜,A5060857562,exact,I169572211,False,465,round4_maxpapers
2662,夏元清,A5064231378,exact,I125839683,False,1209,round4_maxpapers
2663,夏群科,A5063054537,exact,I126520041,False,214,round4_maxpapers
2664,吴晓磊,A5108167595,exact,I20231570,False,3476,round4_maxpapers
2665,吴庆龙,A5032642338,exact,I4210134482,False,89,round4_maxpapers
2666,吴军,A5101435021,exact,I47720641,False,384,round4_maxpapers
2667,吴宏滨,A5033053753,exact,I90610280,False,403,round4_maxpapers
2668,吴宏,A5101852322,exact,I4210164580,False,229,round4_maxpapers
2670,文桂林,A5021240025,exact,I16609230,False,156,round4_maxpapers
2672,魏进家,A5079595728,exact,I87445476,False,213,round4_maxpapers
2673,卫敏,A5084055697,exact,I75390827,False,540,round4_maxpapers
2674,王自发,A5086855227,exact,I4210152758,True,749,round4_semtie
2675,王源超,A5028607835,exact,I119454577,False,490,round4_maxpapers
2676,王训明,A5053385409,exact,I4210160793,False,157,round4_maxpapers
2677,王兴伟,A5100326915,exact,I9224756,False,785,round4_maxpapers
2678,王新强,A5018896619,exact,I20231570,False,628,round4_maxpapers
2679,王祥科,A5103513153,exact,I153473198,True,39,round4_semtie
2680,王硕,A5100400174,exact,I132369690,True,96,round4_semtie
2681,王琼华,A5071803030,exact,I24185976,False,279,round4_maxpapers
2682,王沛芳,A5049129847,exact,I163340411,False,691,round4_maxpapers
2683,王立平,A5112315758,exact,I99065089,False,1329,round4_maxpapers
2684,王开友,A5100367742,exact,I4210149211,False,153,round4_maxpapers
2685,王金淑,A5069598758,exact,I37796252,False,462,round4_maxpapers
2686,王健伟,A5100424784,exact,,True,974,round4_semtie
2687,王红梅,A5100373325,exact,I4210167311,False,388,round4_maxpapers
2688,王海辉,A5100628512,exact,I90610280,False,585,round4_maxpapers
2689,王福俠,A5065663097,exact,I76130692,False,488,round4_maxpapers
2690,王帆,A5100380531,exact,I157773358,False,468,round4_maxpapers
2692,王成树,A5071518021,exact,I4210106477,False,231,round4_maxpapers
2693,王朝晖,A5100358029,exact,I4210155088,True,879,round4_semtie
2694,王爱杰,A5042318951,exact,I204983213,False,679,round4_maxpapers
2695,田文寿,A5069814001,exact,I76214153,False,196,round4_maxpapers
2696,陶凌,A5100707255,exact,,False,201,round4_maxpapers
2697,陶建军,A5114377714,exact,I20231570,False,1884,round4_maxpapers
2698,唐年胜,A5029728794,exact,I189210763,False,203,round4_maxpapers
2699,唐淳,A5025546327,exact,I4210099135,False,143,round4_maxpapers
2700,谭忆秋,A5083790875,exact,I204983213,False,389,round4_maxpapers
2702,邰仁忠,A5008020941,exact,I4210123885,False,231,round4_maxpapers
2703,孙志梅,A5059875221,exact,I82880672,False,364,round4_maxpapers
2704,孙俊奇,A5032829548,exact,I194450716,True,210,round4_semtie
2705,孙红文,A5100688663,exact,I205237279,True,264,round4_semtie
2706,孙倍成,A5014017713,exact,I83519826,False,224,round4_maxpapers
2708,时杰,A5005240419,exact,I20231570,False,321,round4_maxpapers
2709,盛利,A5010634879,exact,I881766915,True,354,round4_semtie
2711,邵峰,A5013385995,exact,I4210086405,False,205,round4_maxpapers
2712,任丰原,A5100641969,exact,I99065089,False,1956,round4_maxpapers
2713,乔俊飞,A5055432844,exact,I37796252,False,530,round4_maxpapers
2714,戚益军,A5061966375,exact,I99065089,False,115,round4_maxpapers
2715,彭慧胜,A5023035506,exact,I24943067,False,488,round4_maxpapers
2717,牛利,A5111709519,exact,I4210092888,False,653,round4_maxpapers
2718,聂勇战,A5100762839,exact,,False,448,round4_maxpapers
2719,聂静,A5035503326,exact,I58200834,False,307,round4_maxpapers
2720,马军安,A5040829256,exact,I162868743,False,393,round4_maxpapers
2721,吕笑梅,A5100723792,exact,I881766915,False,291,round4_maxpapers
2722,罗晓东,A5046133135,exact,I13850615,False,357,round4_maxpapers
2723,陆延青,A5020666400,exact,I881766915,False,718,round4_maxpapers
2725,鲁雄刚,A5056452720,exact,I113940042,False,300,round4_maxpapers
2726,龙腾,A5100416717,exact,I125839683,False,377,round4_maxpapers
2727,刘耘,A5091026570,exact,I4210135735,False,411,round4_maxpapers
2728,刘义,A5100330449,exact,I37461747,True,1371,round4_semtie
2729,刘磊,A5100349601,exact,I99065089,True,1412,round4_semtie
2730,刘俊,A5055439924,exact,I135714990,False,1095,round4_maxpapers
2731,刘静,A5100374993,exact,,False,4244,round4_maxpapers
2736,林伟,A5100364628,exact,I4210126061,False,376,round4_maxpapers
2737,林厚文,A5045258292,exact,I177933477,False,420,round4_maxpapers
2738,梁兴杰,A5055629026,exact,I4210141483,False,582,round4_maxpapers
2739,梁卫国,A5044397946,exact,I9086337,False,95,round4_maxpapers
2740,李子臣,A5003267672,exact,I20231570,True,419,round4_semtie
2741,李志波,A5100629999,exact,I143413998,False,649,round4_maxpapers
2742,李永平,A5100391222,exact,I153473198,False,988,round4_maxpapers
2743,李晓明,A5100452129,exact,I76130692,False,1121,round4_maxpapers
2745,李微雪,A5019891058,exact,I126520041,False,552,round4_maxpapers
2746,李陶,A5115589396,exact,I126520041,True,441,round4_semtie
2747,李梢,A5100375254,exact,I99065089,False,884,round4_maxpapers
2748,李强,A5100429915,exact,I36399199,True,492,round4_semtie
2749,李立毅,A5052469404,exact,I204983213,False,339,round4_maxpapers
2750,李克秋,A5111982109,exact,I27357992,True,345,round4_semtie
2751,李劲松,A5110712434,exact,I4210106477,False,118,round4_maxpapers
2752,李海梁,A5114042356,exact,I96852419,False,116,round4_maxpapers
2753,李典庆,A5011895543,exact,I37461747,False,629,round4_maxpapers
2754,冷劲松,A5017651506,exact,I204983213,False,2,round4_maxpapers
2757,孔旭,A5035399113,exact,I126520041,False,318,round4_maxpapers
2758,孔炜,A5032109161,exact,I20231570,False,307,round4_maxpapers
2760,金章东,A5109536847,exact,I4210159790,False,293,round4_maxpapers
2762,江安全,A5102850722,exact,I24943067,False,178,round4_maxpapers
2763,贾德昌,A5012128516,exact,I204983213,False,752,round4_maxpapers
2765,黄运锋,A5087036174,exact,I126520041,True,370,round4_semtie
2766,黄文,A5053024731,exact,I126520041,False,178,round4_maxpapers
2768,黄和,A5110265280,exact,I134687103,True,232,round4_semtie
2769,黄灿华,A5056106013,exact,I24185976,False,301,round4_maxpapers
2770,黄波,A5100667605,exact,,True,198,round4_semtie
2771,胡志斌,A5084213516,exact,I83519826,False,748,round4_maxpapers
2773,胡小永,A5045232016,exact,I20231570,False,295,round4_maxpapers
2774,胡水明,A5012398044,exact,I126520041,False,304,round4_maxpapers
2775,胡俊杰,A5016681175,exact,I205237279,False,132,round4_maxpapers
2776,胡海岚,A5036771177,exact,I76130692,False,99,round4_maxpapers
2777,侯增广,A5109333020,exact,I4210112150,False,581,round4_maxpapers
2778,贺永,A5100342981,exact,I25254941,False,596,round4_maxpapers
2779,贺雄雷,A5064887073,exact,I157773358,False,94,round4_maxpapers
2780,何桢,A5100427769,exact,I162868743,False,300,round4_maxpapers
2781,郭玉国,A5070372567,exact,I4210155088,False,577,round4_maxpapers
2782,郭雪峰,A5089136882,exact,I20231570,False,354,round4_maxpapers
2783,郭立新,A5009314993,exact,I149594827,False,1070,round4_maxpapers
2784,郭建东,A5084523078,exact,I4210159876,False,186,round4_maxpapers
2785,郭弘,A5100717689,exact,I20231570,False,690,round4_maxpapers
2787,葛蔚,A5109433861,exact,I4210133325,False,266,round4_maxpapers
2789,段志生,A5030430394,exact,I20231570,False,413,round4_maxpapers
2792,董毅,A5100692740,exact,I183067930,False,296,round4_maxpapers
2793,邓祥征,A5073957579,exact,I4210160793,False,246,round4_maxpapers
2794,戴志飞,A5036688480,exact,I20231570,False,139,round4_maxpapers
2795,崔大祥,A5068585060,exact,I183067930,False,664,round4_maxpapers
2797,陈张海,A5079196131,exact,I24943067,False,144,round4_maxpapers
2798,陈雪峰,A5100779843,exact,I87445476,False,1266,round4_maxpapers
2799,陈小伟,A5064289460,exact,,False,335,round4_maxpapers
2800,陈翔,A5100441917,exact,I139660479,False,689,round4_maxpapers
2801,陈卫忠,A5101568693,exact,I154099455,False,209,round4_maxpapers
2802,陈仁朋,A5018930545,exact,I76130692,False,277,round4_maxpapers
2803,陈萍,A5061915249,exact,I180585399,False,854,round4_maxpapers
2804,陈鹏,A5071092401,exact,I20231570,False,436,round4_maxpapers
2805,陈凌,A5100411088,exact,I4210126061,True,393,round4_semtie
2806,陈玲,A5100411110,exact,I25254941,False,452,round4_maxpapers
2807,陈军武,A5085620585,exact,I90610280,False,325,round4_maxpapers
2808,陈焕文,A5101786363,exact,I4210119674,False,275,round4_maxpapers
2809,陈航榕,A5013084576,exact,I4210163874,False,335,round4_maxpapers
2810,陈光文,A5080771406,exact,I180585399,False,181,round4_maxpapers
2811,陈凡,A5100322110,exact,I4210124606,False,245,round4_maxpapers
2812,陈畅,A5100449495,exact,I4210112540,False,310,round4_maxpapers
2813,车文荃,A5071149976,exact,I36399199,False,974,round4_maxpapers
2814,曹俊,A5006963606,exact,I4210137180,False,497,round4_maxpapers
2815,姜勇,A5037649253,exact,I92403157,True,635,round4_semtie
2816,汪的华,A5001972742,exact,I37461747,False,365,round4_maxpapers
2817,吕广宏,A5100752638,exact,I82880672,False,509,round4_maxpapers
2818,杨春晖,A5034306085,exact,I204983213,False,375,round4_maxpapers
2819,曹安源,A5108734696,exact,I20231570,False,165,round4_maxpapers
2820,高彦峰,A5101854828,exact,I113940042,False,473,round4_maxpapers
2821,杜世萱,A5018032683,exact,I4210159876,False,475,round4_maxpapers
2823,李泓,A5108103361,exact,I4210159876,True,524,round4_semtie
2824,李良彬,A5052819678,exact,I126520041,False,2363,round4_maxpapers
2825,孙涛垒,A5082534213,exact,I196699116,False,163,round4_maxpapers
2826,谢志元,A5048052409,exact,I4210092888,False,460,round4_maxpapers
2827,徐福建,A5108487107,exact,I75390827,True,4,round4_semtie
2828,刘文广,A5100662798,exact,I162868743,False,411,round4_maxpapers
2829,徐卫林,A5114377905,exact,,False,916,round4_maxpapers
2830,刘永长,A5100687684,exact,I162868743,False,1915,round4_maxpapers
2831,金衍,A5007118645,exact,I4210162190,False,353,round4_maxpapers
2832,周福宝,A5100742160,exact,I25757504,False,157,round4_maxpapers
2834,朱利民,A5103205239,exact,I183067930,False,243,round4_maxpapers
2835,赵玉龙,A5056618863,exact,I87445476,False,183,round4_maxpapers
2836,轩福贞,A5024222812,exact,I143593769,False,632,round4_maxpapers
2837,钟文琪,A5036816514,exact,I76569877,False,303,round4_maxpapers
2838,朱恂,A5100714863,exact,I158842170,False,862,round4_maxpapers
2839,宇波,A5031506278,exact,I130541836,False,486,round4_maxpapers
2840,郑萍,A5070494156,exact,I204983213,False,321,round4_maxpapers
2842,曾嵘,A5017455501,exact,I99065089,False,422,round4_maxpapers
2843,吴广宁,A5041737286,exact,I4800084,False,440,round4_maxpapers
2844,贾申利,A5051230716,exact,I87445476,False,426,round4_maxpapers
2845,肖建庄,A5006764304,exact,I116953780,True,469,round4_semtie
2846,杨柳,A5100355692,exact,I148099405,False,3267,round4_maxpapers
2848,王立忠,A5003166126,exact,I76130692,False,363,round4_maxpapers
2850,周小平,A5043684819,exact,I158842170,False,455,round4_maxpapers
2851,胡少伟,A5009000845,exact,I4210111986,False,117,round4_maxpapers
2852,程建功,A5102501534,exact,I4210147322,False,145,round4_maxpapers
2853,余建军,A5089977649,exact,I24943067,False,1000,round4_maxpapers
2854,季向阳,A5024401174,exact,I99065089,False,435,round4_maxpapers
2855,江涛,A5100678341,exact,I47720641,False,738,round4_maxpapers
2856,唐小虎,A5029840191,exact,I4800084,False,445,round4_maxpapers
2857,陶小峰,A5100624765,exact,I139759216,False,672,round4_maxpapers
2858,李树涛,A5101436495,exact,I16609230,False,2433,round4_maxpapers
2859,王建民,A5100373517,exact,I99065089,False,866,round4_maxpapers
2860,李厚强,A5101977776,exact,I126520041,False,2417,round4_maxpapers
2861,陈恩红,A5048237545,exact,I126520041,False,1072,round4_maxpapers
2862,陈小武,A5101579465,exact,I82880672,True,162,round4_semtie
2863,王新兵,A5034483183,exact,I183067930,False,706,round4_maxpapers
2864,赵季中,A5070851446,exact,I87445476,False,1221,round4_maxpapers
2865,孙希明,A5008939878,exact,I27357992,False,346,round4_maxpapers
2866,张颖伟,A5108166978,exact,I9224756,False,1586,round4_maxpapers
2867,刘允刚,A5100687684,exact,I154099455,False,1915,round4_maxpapers
2868,方勇纯,A5058644546,exact,I205237279,False,507,round4_maxpapers
2869,宋爱国,A5048327458,exact,I76569877,False,584,round4_maxpapers
2871,王欣然,A5100458479,exact,I881766915,False,517,round4_maxpapers
2872,张广宇,A5100446003,exact,I4210159876,False,261,round4_maxpapers
2873,徐科,A5019283275,exact,I4210092495,False,532,round4_maxpapers
2874,闫连山,A5100768480,exact,I4800084,False,737,round4_maxpapers
2875,杨中民,A5042249141,exact,I90610280,False,373,round4_maxpapers
2877,彭怡,A5076073719,exact,I150229711,False,260,round4_maxpapers
2878,黄敏,A5100655503,exact,I9224756,False,822,round4_maxpapers
2879,蒋炜,A5059828821,exact,I183067930,False,338,round4_maxpapers
2881,陈煜波,A5079010450,exact,I99065089,False,168,round4_maxpapers
2882,耿涌,A5079063327,exact,I4210110024,False,558,round4_maxpapers
2883,汤珂,A5101543008,exact,I99065089,True,116,round4_semtie
2884,区景松,A5004304356,exact,I157773358,False,151,round4_maxpapers
2885,马雄,A5064191581,exact,I183067930,False,354,round4_maxpapers
2886,赵维莅,A5058775869,exact,I183067930,False,211,round4_maxpapers
2887,张爱华,A5100661691,exact,I83519826,False,469,round4_maxpapers
2888,郭非凡,A5103237067,exact,I4210106477,False,59,round4_maxpapers
2889,刘争,A5100423704,exact,I47720641,False,928,round4_maxpapers
2890,吉训明,A5041731322,exact,I183519381,False,821,round4_maxpapers
2891,朱心红,A5112120767,exact,I58200834,False,185,round4_maxpapers
2892,曹丰,A5100705984,exact,I2802939634,False,393,round4_maxpapers
2894,王雪梅,A5100390604,exact,I76569877,False,662,round4_maxpapers
2896,李隽,A5100402504,exact,I157773358,False,1744,round4_maxpapers
2897,李慧艳,A5071104207,exact,I2802541053,False,2,round4_maxpapers
2899,陈策实,A5047917101,exact,I18489884,True,284,round4_semtie
2901,贾卫华,A5015480452,exact,I157773358,True,38,round4_semtie
2902,张烜,A5100342886,exact,I200296433,False,1306,round4_maxpapers
2903,龙亚秋,A5031830601,exact,I4210112820,False,60,round4_maxpapers
2904,杨胜勇,A5069425796,exact,I24185976,False,311,round4_maxpapers
2905,招明高,A5008934975,exact,,False,934,round4_maxpapers
2906,黄璐琦,A5101979386,exact,I4210141683,False,728,round4_maxpapers
2907,陈万生,A5033846884,exact,I177933477,False,464,round4_maxpapers
2908,郝海平,A5018454768,exact,I161716053,False,405,round4_maxpapers
2910,李若,A5054195099,exact,I20231570,False,186,round4_maxpapers
2911,严军,A5023898826,exact,I24943067,False,311,round4_maxpapers
2912,张高飞,A5115597741,exact,I881766915,False,117,round4_maxpapers
2913,张希承,A5033698712,exact,I37461747,False,706,round4_maxpapers
2914,田野,A5088657051,exact,I4210120485,False,119,round4_maxpapers
2915,张志涛,A5100662180,exact,I4210120485,False,285,round4_maxpapers
2916,王青云,A5100760911,exact,I82880672,False,191,round4_maxpapers
2917,王成,A5100416961,exact,I125839683,False,675,round4_maxpapers
2918,梁军,A5004183536,exact,I204983213,False,1321,round4_maxpapers
2919,刘应华,A5100687684,exact,I99065089,False,1915,round4_maxpapers
2920,李志辉,A5100461809,exact,I2802505932,False,303,round4_maxpapers
2921,王晓锋,A5100333247,exact,I99065089,False,530,round4_maxpapers
2922,李成,A5100354274,exact,I2799714274,False,225,round4_maxpapers
2923,钱声帮,A5064380988,exact,I2801168720,False,218,round4_maxpapers
2924,施均仁,A5051603893,exact,I20231570,False,133,round4_maxpapers
2925,罗洪刚,A5001615685,exact,I76214153,False,342,round4_maxpapers
2926,翟荟,A5087437123,exact,I99065089,True,259,round4_semtie
2927,李传锋,A5100634225,exact,I126520041,False,1142,round4_maxpapers
2929,何珂,A5085258464,exact,I99065089,False,344,round4_maxpapers
2930,陈斌,A5100427280,exact,I20231570,False,505,round4_maxpapers
2932,高喆,A5066018924,exact,I99065089,False,201,round4_maxpapers
2933,司宗国,A5073826935,exact,I154099455,False,155,round4_maxpapers
2934,黄彦平,A5114643284,exact,,False,669,round4_maxpapers
2935,彭卿,A5101750776,exact,I99065089,False,420,round4_maxpapers
2937,陶军,A5038750002,exact,I191208505,False,505,round4_maxpapers
2938,陈学元,A5108049724,exact,I4210119098,False,529,round4_maxpapers
2940,焦宁,A5108053242,exact,I20231570,False,906,round4_maxpapers
2941,谢建华,A5100458710,exact,I205237279,False,438,round4_maxpapers
2942,傅尧,A5100719200,exact,I126520041,True,655,round4_semtie
2943,徐明华,A5055998115,exact,I4210112820,False,345,round4_maxpapers
2945,王江云,A5109164557,exact,I4210112540,False,184,round4_maxpapers
2946,刘亚军,A5100687684,exact,I25254941,False,1915,round4_maxpapers
2947,杨启华,A5004719521,exact,I180585399,False,315,round4_maxpapers
2949,曲良体,A5013181595,exact,I125839683,False,439,round4_maxpapers
2950,李振,A5100332581,exact,I37461747,True,896,round4_semtie
2951,高超,A5100748612,exact,I76130692,False,468,round4_maxpapers
2952,徐宁,A5040134560,exact,I126520041,False,1407,round4_maxpapers
2953,侯剑辉,A5041395656,exact,I4210155088,False,610,round4_maxpapers
2954,张晓兵,A5100381502,exact,I16609230,False,887,round4_maxpapers
2955,田阳,A5065295188,exact,I66867065,False,434,round4_maxpapers
2957,张春阳,A5100602553,exact,I28006308,False,722,round4_maxpapers
2958,李峰,A5100448879,exact,I75390827,False,621,round4_maxpapers
2960,马新宾,A5100689682,exact,I162868743,False,547,round4_maxpapers
2962,朱庆山,A5013030137,exact,I4210133325,False,362,round4_maxpapers
2963,陈景文,A5100599624,exact,I27357992,True,932,round4_semtie
2964,祝凌燕,A5058696568,exact,I205237279,True,382,round4_semtie
2965,李俊华,A5100677450,exact,I99065089,False,1234,round4_maxpapers
2966,傅缨,A5087133232,exact,I52158045,True,100,round4_semtie
2969,孙书存,A5052957554,exact,I881766915,False,580,round4_maxpapers
2973,刘默芳,A5108217618,exact,I4210106477,False,102,round4_maxpapers
2976,杜久林,A5068400813,exact,I4210106477,False,111,round4_maxpapers
2977,李英贤,A5102746118,exact,I4210163738,False,75,round4_maxpapers
2979,师咏勇,A5004254273,exact,I183067930,False,533,round4_maxpapers
2980,王晓晨,A5100401920,exact,I4210086405,True,138,round4_semtie
2981,黄俊,A5058364517,exact,I76130692,True,120,round4_semtie
2982,刘佳佳,A5108050379,exact,I4210124606,True,299,round4_semtie
2984,高绍荣,A5058603003,exact,I116953780,False,283,round4_maxpapers
2985,姜东,A5045260243,exact,I119454577,False,341,round4_maxpapers
2986,江正强,A5102941223,exact,I52158045,True,237,round4_semtie
2987,张正光,A5100682356,exact,I119454577,False,184,round4_maxpapers
2988,魏太云,A5086417626,exact,I61057504,False,149,round4_maxpapers
2989,郝玉金,A5087865154,exact,I74485261,False,206,round4_maxpapers
2990,杨光,A5100436460,exact,I152031979,False,811,round4_maxpapers
2991,胡炜,A5024869814,exact,I4210089584,False,228,round4_maxpapers
2992,张运林,A5081716971,exact,I4210134482,False,437,round4_maxpapers
2994,吴龙华,A5064283565,exact,I4210165559,False,246,round4_maxpapers
2995,张兵,A5100389704,exact,,False,1576,round4_maxpapers
2996,童小华,A5039348214,exact,I116953780,False,473,round4_maxpapers
2997,王焰,A5100322883,exact,I3018690959,False,342,round4_maxpapers
2998,李建威,A5100410885,exact,I3124059619,False,332,round4_maxpapers
2999,杨保,A5050231898,exact,,True,170,round4_semtie
3002,黄方,A5033305156,exact,I126520041,False,379,round4_maxpapers
3003,韦刚健,A5078026479,exact,I3018690959,False,324,round4_maxpapers
3004,王震宇,A5053248433,exact,I59028903,True,5,round4_semtie
3005,王格慧,A5003542265,exact,I4210159790,False,313,round4_maxpapers
3006,施闯,A5100709710,exact,I37461747,False,305,round4_maxpapers
3007,王彦飞,A5100359580,exact,I4210126061,False,501,round4_maxpapers
3009,范可,A5058183511,exact,I4210152758,True,118,round4_semtie
3011,郑君瑜,A5029588771,exact,I90610280,False,214,round4_maxpapers
3012,曾志刚,A5102389701,exact,I4210101167,False,140,round4_maxpapers
3013,朱平,A5100628270,exact,I4210112540,False,321,round4_maxpapers
3015,朱进,A5100625267,exact,I881766915,False,296,round4_maxpapers
3016,朱冰,A5009314344,exact,I4210112540,False,185,round4_maxpapers
3017,周建庭,A5018472593,exact,I63371133,False,330,round4_maxpapers
3018,周光飚,A5034852521,exact,I4210167311,False,176,round4_maxpapers
3019,仲盛,A5100616103,exact,I881766915,False,511,round4_maxpapers
3020,钟茂华,A5101790641,exact,I99065089,False,100,round4_maxpapers
3021,钟宏,A5016260066,exact,I4210135735,False,477,round4_maxpapers
3022,智林杰,A5086661934,exact,I4210141483,False,296,round4_maxpapers
3023,郑元义,A5006996556,exact,I87780372,False,166,round4_maxpapers
3024,郑阳恒,A5103885548,exact,I4210165038,True,1044,round4_semtie
3025,郑金海,A5100526641,exact,I163340411,False,256,round4_maxpapers
3026,赵勇,A5100692194,exact,I9224756,False,588,round4_maxpapers
3027,赵强,A5035734785,exact,I4210137180,False,1663,round4_maxpapers
3028,赵千川,A5014109600,exact,I99065089,False,451,round4_maxpapers
3029,章志飞,A5114375150,exact,I20231570,False,2059,round4_maxpapers
3030,章军锋,A5100427790,exact,I3124059619,False,322,round4_maxpapers
3031,张志飞,A5114375150,exact,I37802460,False,2059,round4_maxpapers
3032,张远波,A5101593866,exact,I24943067,True,200,round4_semtie
3033,张研,A5100456117,exact,I20231570,True,385,round4_semtie
3034,张新刚,A5023573232,exact,I4210112946,True,358,round4_semtie
3035,张香平,A5045790623,exact,I4210133325,False,518,round4_maxpapers
3037,张强,A5100381999,exact,I4210092944,False,4816,round4_maxpapers
3038,张强,A5100381999,exact,I25254941,False,4816,round4_maxpapers
3039,张美佳,A5101547944,exact,I52158045,False,84,round4_maxpapers
3040,张立志,A5100663896,exact,I90610280,False,803,round4_maxpapers
3041,张礼知,A5100663896,exact,I40963666,True,803,round4_semtie
3042,张俊良,A5048609660,exact,I66867065,False,685,round4_maxpapers
3043,张军,A5100433232,exact,I4210155088,False,737,round4_maxpapers
3046,张皓,A5100323541,exact,I194450716,True,900,round4_semtie
3047,张澄,A5100439596,exact,I154099455,False,398,round4_maxpapers
3048,张爱兵,A5101721408,exact,I96852419,False,69,round4_maxpapers
3049,曾祥君,A5114348381,exact,I56934997,False,301,round4_maxpapers
3051,曾令森,A5012180479,exact,,False,232,round4_maxpapers
3054,叶宁,A5100718486,exact,I4210119098,False,505,round4_maxpapers
3055,杨振纲,A5036867426,exact,I24943067,False,91,round4_maxpapers
3056,杨勇,A5100743975,exact,I20231570,False,2388,round4_maxpapers
3057,杨文力,A5048234772,exact,I37802460,False,367,round4_maxpapers
3058,杨青,A5100417913,exact,I27357992,False,865,round4_maxpapers
3059,杨俊,A5100381075,exact,I4210099135,False,723,round4_maxpapers
3060,颜晓元,A5059825075,exact,I4210165559,False,209,round4_maxpapers
3061,严锋,A5010044441,exact,I3923682,False,1170,round4_maxpapers
3062,许华平,A5015036736,exact,I99065089,False,230,round4_maxpapers
3063,许晨阳,A5102008315,exact,I20231570,False,116,round4_maxpapers
3064,许琛琦,A5019439005,exact,I4210106477,False,97,round4_maxpapers
3065,徐彦辉,A5006716123,exact,I24943067,False,138,round4_maxpapers
3066,徐健,A5007939424,exact,I4210158139,False,307,round4_maxpapers
3067,熊继军,A5054341902,exact,I135714990,False,341,round4_maxpapers
3069,忻向军,A5048649590,exact,I139759216,False,725,round4_maxpapers
3070,谢欣,A5075580925,exact,I4210112820,False,275,round4_maxpapers
3071,谢庆国,A5100748744,exact,I47720641,False,279,round4_maxpapers
3072,效存德,A5019691016,exact,,False,267,round4_maxpapers
3075,项鹏,A5034476487,exact,I157773358,False,366,round4_maxpapers
3076,吴宇平,A5100368786,exact,I134687103,False,740,round4_maxpapers
3077,吴敬,A5100778242,exact,I111599522,True,233,round4_semtie
3078,吴健,A5100599435,exact,I66867065,False,10584,round4_maxpapers
3079,吴枫,A5100625579,exact,I126520041,False,586,round4_maxpapers
3081,魏宇杰,A5050164927,exact,I4210157653,False,328,round4_maxpapers
3083,王赟,A5100377604,exact,I4210135735,False,1086,round4_maxpapers
3084,王义平,A5100317707,exact,I180726961,False,709,round4_maxpapers
3085,王怡,A5003035201,exact,I148099405,False,1586,round4_maxpapers
3086,王延轶,A5077483225,exact,I4210106882,False,81,round4_maxpapers
3087,王雪梅,A5115594186,exact,I159948400,False,357,round4_maxpapers
3088,王心晨,A5115602721,exact,I80947539,False,568,round4_maxpapers
3089,王为,A5069763141,exact,I76214153,False,3868,round4_maxpapers
3090,王树涛,A5100441327,exact,I4210140689,False,561,round4_maxpapers
3091,王强斌,A5010959199,exact,I4210092495,False,230,round4_maxpapers
3092,王强,A5085403239,exact,I9224756,False,2650,round4_maxpapers
3093,王前飞,A5080950028,exact,I2801577699,False,97,round4_maxpapers
3094,王平,A5100382568,exact,I4800084,False,1018,round4_maxpapers
3095,王立平,A5112315758,exact,I4210145761,False,1329,round4_maxpapers
3096,王家军,A5100388771,exact,I20231570,False,470,round4_maxpapers
3097,王宏斌,A5115602103,exact,I157773358,False,1416,round4_maxpapers
3098,王大志,A5100740244,exact,I191208505,False,213,round4_maxpapers
3099,万青,A5100690206,exact,I881766915,False,343,round4_maxpapers
3100,田煜,A5041176778,exact,I99065089,False,407,round4_maxpapers
3101,陶建华,A5112613657,exact,I4210112150,False,587,round4_maxpapers
3103,谭文峰,A5089431390,exact,I204823248,False,393,round4_maxpapers
3104,谭鸿,A5045140323,exact,I24185976,False,195,round4_maxpapers
3105,孙晓东,A5072706801,exact,I183067930,False,647,round4_maxpapers
3106,孙聆东,A5055336949,exact,I20231570,False,208,round4_maxpapers
3107,苏彦庆,A5102787805,exact,I204983213,False,337,round4_maxpapers
3109,宋晓艳,A5007640720,exact,I37796252,False,388,round4_maxpapers
3111,施俊琦,A5056707658,exact,I157773358,False,141,round4_maxpapers
3112,申卫军,A5101785117,exact,I4210120696,True,171,round4_semtie
3113,裘晓辉,A5101410797,exact,I4210141483,False,188,round4_maxpapers
3115,彭新华,A5014292422,exact,I126520041,True,295,round4_semtie
3117,潘世烈,A5085159603,exact,I4210106108,False,1391,round4_maxpapers
3118,明平兵,A5111939462,exact,I4210120485,False,79,round4_maxpapers
3119,苗龙,A5086648164,exact,I4210112540,False,62,round4_maxpapers
3120,孟智勇,A5065074993,exact,I20231570,False,90,round4_maxpapers
3121,麦立强,A5022270398,exact,I196699116,False,952,round4_maxpapers
3122,麦海强,A5037467201,exact,I157773358,True,132,round4_semtie
3123,马春红,A5100410921,exact,I154099455,False,232,round4_maxpapers
3124,吕兴才,A5053538585,exact,I183067930,False,181,round4_maxpapers
3125,陆现彩,A5012673624,exact,I881766915,True,301,round4_semtie
3126,鲁巍,A5100335597,exact,I99065089,False,965,round4_maxpapers
3127,鲁仁全,A5069617479,exact,I50760025,False,249,round4_maxpapers
3128,刘植昌,A5079330957,exact,I4210162190,False,27,round4_maxpapers
3129,刘震,A5100412044,exact,I881766915,False,468,round4_maxpapers
3130,刘战强,A5100413276,exact,I154099455,False,921,round4_maxpapers
3131,刘勇勤,A5112112219,exact,I4210141476,False,313,round4_maxpapers
3132,刘学军,A5100781966,exact,I52158045,False,1062,round4_maxpapers
3133,刘辛军,A5100781966,exact,I99065089,False,1062,round4_maxpapers
3134,刘思金,A5037210665,exact,I4210144289,False,319,round4_maxpapers
3135,刘善荣,A5061964536,exact,I177933477,False,75,round4_maxpapers
3136,刘军,A5100361707,exact,I78988378,False,849,round4_maxpapers
3137,刘江,A5100325209,exact,I2801577699,False,1207,round4_maxpapers
3138,刘建胜,A5100739104,exact,I4210135349,False,157,round4_maxpapers
3139,刘继峰,A5100631836,exact,I4210164580,False,283,round4_maxpapers
3140,刘辉,A5100387656,exact,I881766915,False,1060,round4_maxpapers
3142,刘兵,A5114378471,exact,,False,1789,round4_maxpapers
3143,刘彬,A5114378471,exact,I99065089,False,1789,round4_maxpapers
3144,林双君,A5010548726,exact,I183067930,False,145,round4_maxpapers
3145,李云海,A5035568306,exact,I4210124606,False,193,round4_maxpapers
3146,李永庆,A5008729728,exact,I4210159876,False,217,round4_maxpapers
3147,李翔,A5100331028,exact,I24943067,False,921,round4_maxpapers
3148,李剑,A5089966233,exact,I158842170,True,391,round4_semtie
3149,李建平,A5075507724,exact,I4210116191,False,1093,round4_maxpapers
3150,李红良,A5101977776,exact,I37461747,False,2417,round4_maxpapers
3151,李春,A5100373900,exact,I125839683,False,734,round4_maxpapers
3152,蓝柯,A5058907248,exact,I37461747,False,286,round4_maxpapers
3154,鞠建华,A5028227890,exact,I4210103685,False,311,round4_maxpapers
3155,居冰峰,A5061646634,exact,I76130692,False,165,round4_maxpapers
3158,蒋晨,A5100612951,exact,I24943067,False,233,round4_maxpapers
3159,纪红兵,A5015887120,exact,I157773358,False,609,round4_maxpapers
3160,黄铁军,A5058066577,exact,I20231570,True,566,round4_semtie
3161,黄华,A5022334521,exact,I125839683,False,440,round4_maxpapers
3162,黄刚,A5048075670,exact,I4210152758,False,538,round4_maxpapers
3163,胡锡俊,A5073044913,exact,I154099455,False,300,round4_maxpapers
3164,胡俊,A5028500115,exact,I150229711,False,669,round4_maxpapers
3165,贺怀宇,A5035874915,exact,I4210126061,False,132,round4_maxpapers
3166,贺灿飞,A5069013809,exact,I20231570,True,274,round4_semtie
3167,何彦,A5058196030,exact,I99065089,False,455,round4_maxpapers
3168,郭洪波,A5066268927,exact,I82880672,False,326,round4_maxpapers
3169,高学云,A5058299454,exact,I37796252,False,172,round4_maxpapers
3170,高亮,A5017886286,exact,I4210164580,False,1142,round4_maxpapers
3173,封伟,A5017307148,exact,I162868743,True,647,round4_semtie
3174,范同祥,A5070670554,exact,I183067930,False,161,round4_maxpapers
3175,段留生,A5109614728,exact,I52158045,False,139,round4_maxpapers
3176,段海滨,A5008460589,exact,I82880672,False,404,round4_maxpapers
3178,丁航,A5051491371,exact,I126520041,False,167,round4_maxpapers
3179,邓兆祥,A5025377093,exact,I126520041,False,181,round4_maxpapers
3180,邓旭亮,A5083899273,exact,I20231570,False,327,round4_maxpapers
3181,邓春晖,A5042928549,exact,I24943067,False,398,round4_maxpapers
3182,党智敏,A5086561596,exact,I99065089,False,482,round4_maxpapers
3183,单崇新,A5078499081,exact,I4210088164,False,310,round4_maxpapers
3184,戴彩丽,A5067396837,exact,I4210162190,False,501,round4_maxpapers
3185,仇旻,A5077916544,exact,I76130692,False,686,round4_maxpapers
3186,程学旗,A5029998682,exact,I4210090176,True,901,round4_semtie
3187,陈玉宇,A5101644131,exact,I20231570,False,117,round4_maxpapers
3188,陈宇翱,A5100359081,exact,I126520041,False,494,round4_maxpapers
3189,陈银广,A5028931040,exact,I116953780,False,308,round4_maxpapers
3192,陈威,A5100344384,exact,I205237279,True,1487,round4_semtie
3193,陈澍,A5004372064,exact,I4210159876,False,344,round4_maxpapers
3194,陈山枝,A5106526083,exact,,False,1436,round4_maxpapers
3195,陈求稳,A5101748547,exact,I4210111986,True,282,round4_semtie
3196,陈旻,A5100337209,exact,I20231570,False,1408,round4_maxpapers
3197,陈靖,A5100394852,exact,I99065089,False,895,round4_maxpapers
3198,陈景东,A5056129529,exact,I17145004,False,533,round4_maxpapers
3199,陈京,A5100659051,exact,I4210145278,True,101,round4_semtie
3200,陈发棣,A5058538956,exact,I119454577,False,386,round4_maxpapers
3201,陈春英,A5073108451,exact,I4210141483,False,902,round4_maxpapers
3203,曹先彬,A5038809760,exact,I82880672,False,337,round4_maxpapers
3205,曹彬,A5100613209,exact,I183519381,False,489,round4_maxpapers
3206,暴宁钟,A5083301603,exact,I134687103,False,219,round4_maxpapers
3207,白承铭,A5014897749,exact,I205237279,False,160,round4_maxpapers
3208,白博峰,A5041981127,exact,I87445476,False,418,round4_maxpapers
3210,朱万成,A5005956525,exact,I9224756,False,298,round4_maxpapers
3211,朱锦涛,A5077072862,exact,I47720641,True,423,round4_semtie
3212,朱波峰,A5016021980,exact,I87445476,False,249,round4_maxpapers
3215,周家国,A5111898075,exact,I157773358,False,66,round4_maxpapers
3216,赵强,A5001192960,exact,I4210112820,False,297,round4_maxpapers
3217,赵晨,A5100352002,exact,I83519826,False,348,round4_maxpapers
3219,张志军,A5114375150,exact,I99065089,False,2059,round4_maxpapers
3220,张勇东,A5046305086,exact,I4210090176,False,923,round4_maxpapers
3221,张幸红,A5044548260,exact,I204983213,False,334,round4_maxpapers
3222,张新鹏,A5071724015,exact,I113940042,False,547,round4_maxpapers
3223,张文科,A5100385209,exact,I194450716,False,408,round4_maxpapers
3224,张望清,A5051353332,exact,I205237279,False,195,round4_maxpapers
3225,张钦宇,A5071725895,exact,I204983213,False,989,round4_maxpapers
3226,张民,A5100402911,exact,I3923682,True,432,round4_semtie
3227,张建玲,A5088758006,exact,I4210155088,False,347,round4_maxpapers
3228,张华凤,A5100603592,exact,I126520041,True,272,round4_semtie
3229,张浩力,A5087703044,exact,I76214153,True,705,round4_semtie
3230,张浩,A5100396841,exact,I4210161896,True,612,round4_semtie
3231,曾晓洋,A5100656792,exact,I24943067,False,425,round4_maxpapers
3232,曾明华,A5089654035,exact,I29739308,False,737,round4_maxpapers
3233,余鹰,A5110273945,exact,I4210106477,False,262,round4_maxpapers
3235,于荣,A5051498051,exact,I99065089,False,380,round4_maxpapers
3236,应浩,A5100756127,exact,I4210106477,False,251,round4_maxpapers
3237,易凡,A5013676597,exact,I154099455,False,314,round4_maxpapers
3238,叶升,A5100698459,exact,I76130692,True,291,round4_semtie
3239,叶明亮,A5008218058,exact,I180585399,False,416,round4_maxpapers
3240,姚槐应,A5071067099,exact,I4210119653,False,225,round4_maxpapers
3241,杨岳衡,A5011660475,exact,I4210126061,False,268,round4_maxpapers
3242,杨全红,A5019017598,exact,I162868743,False,506,round4_maxpapers
3244,杨清武,A5045653330,exact,I151075929,False,252,round4_maxpapers
3245,杨立军,A5013430827,exact,I82880672,False,573,round4_maxpapers
3246,严建兵,A5013355549,exact,I204823248,False,305,round4_maxpapers
3247,薛晨阳,A5100408559,exact,I135714990,False,476,round4_maxpapers
3248,徐永镇,A5090063319,exact,I4210106477,False,26,round4_maxpapers
3249,徐文东,A5114377905,exact,I24943067,False,916,round4_maxpapers
3250,徐书华,A5032774298,exact,I4210106477,False,319,round4_maxpapers
3251,徐莉梅,A5100342425,exact,I20231570,False,2473,round4_maxpapers
3252,徐波,A5100711151,exact,I39333907,False,379,round4_maxpapers
3253,熊立华,A5087452404,exact,I37461747,False,247,round4_maxpapers
3254,谢冰,A5045836144,exact,I20231570,False,555,round4_maxpapers
3255,肖睿,A5011907451,exact,I76569877,False,441,round4_maxpapers
3256,夏昆,A5049361243,exact,I139660479,False,527,round4_maxpapers
3257,夏帆,A5078265090,exact,I47720641,False,663,round4_maxpapers
3258,武海军,A5100341986,exact,I881766915,False,344,round4_maxpapers
3259,吴立刚,A5108047839,exact,I204983213,False,565,round4_maxpapers
3260,吴建军,A5100674372,exact,I21193070,False,247,round4_maxpapers
3261,吴恒安,A5056611324,exact,I126520041,False,382,round4_maxpapers
3262,吴刚,A5100717613,exact,I76569877,True,702,round4_semtie
3263,吴传德,A5006622165,exact,I76130692,False,451,round4_maxpapers
3264,魏勇,A5081379262,exact,I4210126061,False,469,round4_maxpapers
3265,王新平,A5100707897,exact,I881766915,False,453,round4_maxpapers
3266,王晓东,A5100382667,exact,I153473198,False,2058,round4_maxpapers
3267,王喜龙,A5100632470,exact,I20231570,True,175,round4_semtie
3268,王同敏,A5070075178,exact,I27357992,False,362,round4_maxpapers
3269,王天友,A5100704946,exact,I162868743,False,236,round4_maxpapers
3270,王凌,A5100398661,exact,I99065089,False,1310,round4_maxpapers
3271,王亮,A5115602506,exact,I4210112150,True,1052,round4_semtie
3274,王金兰,A5020585562,exact,I76569877,False,668,round4_maxpapers
3276,王厚杰,A5058097701,exact,I59028903,False,181,round4_maxpapers
3278,王汉生,A5115602103,exact,I20231570,False,1416,round4_maxpapers
3279,王刚锋,A5108063908,exact,I87445476,False,180,round4_maxpapers
3280,王风平,A5003284623,exact,I183067930,False,250,round4_maxpapers
3281,王大轶,A5059976286,exact,,False,2416,round4_maxpapers
3282,王春江,A5039704650,exact,I37461747,False,503,round4_maxpapers
3283,王灿,A5065484071,exact,I99065089,False,1375,round4_maxpapers
3284,万贤纲,A5070178395,exact,I881766915,False,277,round4_maxpapers
3285,田志喜,A5042250003,exact,I4210124606,False,147,round4_maxpapers
3286,田明,A5108736231,exact,I75390827,False,273,round4_maxpapers
3287,田军,A5019315614,exact,I116953780,False,298,round4_maxpapers
3290,他得安,A5012696256,exact,I24943067,False,286,round4_maxpapers
3291,孙玉文,A5040950727,exact,I27357992,False,294,round4_maxpapers
3292,孙有斌,A5100649786,exact,I4210159790,False,212,round4_maxpapers
3293,孙文昌,A5100735395,exact,I205237279,False,153,round4_maxpapers
3294,孙立涛,A5009847938,exact,I76569877,False,559,round4_maxpapers
3295,孙斌勇,A5100838219,exact,I4210120485,False,86,round4_maxpapers
3296,苏海佳,A5023232769,exact,I75390827,True,164,round4_semtie
3297,宋云涛,A5091427492,exact,I2802624667,False,390,round4_maxpapers
3298,舒跃龙,A5102018493,exact,I157773358,False,327,round4_maxpapers
3299,舒嘉,A5044027537,exact,I76569877,False,36,round4_maxpapers
3300,史志华,A5066117382,exact,I4210103541,False,291,round4_maxpapers
3301,史保森,A5113802665,exact,I126520041,False,233,round4_maxpapers
3302,阮新波,A5004084740,exact,I9842412,True,552,round4_semtie
3303,任军,A5007706452,exact,I74837319,False,1148,round4_maxpapers
3304,屈军乐,A5101903412,exact,,False,21,round4_maxpapers
3305,曲绍兴,A5069947965,exact,I76130692,False,261,round4_maxpapers
3306,秦高梧,A5079960421,exact,I9224756,False,493,round4_maxpapers
3309,钱志勇,A5025816379,exact,I24185976,False,507,round4_maxpapers
3310,彭海琳,A5054639451,exact,I20231570,False,365,round4_maxpapers
3311,裴韬,A5042431974,exact,I4210160793,False,307,round4_maxpapers
3312,裴丽,A5100439854,exact,I21193070,False,347,round4_maxpapers
3313,潘安练,A5085131248,exact,I16609230,False,520,round4_maxpapers
3314,欧光朔,A5084028363,exact,I99065089,False,115,round4_maxpapers
3315,缪炜,A5110397668,exact,I4210089584,False,194,round4_maxpapers
3316,门永锋,A5082802653,exact,I4210092888,False,262,round4_maxpapers
3317,马忠华,A5090306776,exact,I76130692,False,202,round4_maxpapers
3318,吕雪峰,A5056918405,exact,I4210158139,False,274,round4_maxpapers
3319,罗义,A5046464610,exact,I205237279,False,163,round4_maxpapers
3320,罗均,A5100749903,exact,I113940042,False,675,round4_maxpapers
3321,罗军华,A5036041081,exact,I4210119098,False,712,round4_maxpapers
3322,路江涌,A5113550623,exact,I20231570,False,100,round4_maxpapers
3323,陆朝阳,A5032099658,exact,I126520041,False,281,round4_maxpapers
3324,刘庄,A5100452094,exact,I3923682,False,1067,round4_maxpapers
3325,刘雪明,A5100659705,exact,I4210144662,False,136,round4_maxpapers
3326,刘宣勇,A5083718211,exact,I4210163874,False,423,round4_maxpapers
3327,刘世元,A5100327227,exact,I47720641,False,640,round4_maxpapers
3328,刘雷,A5100349601,exact,I4210088164,False,1412,round4_maxpapers
3329,刘俊岭,A5100414707,exact,I183067930,False,681,round4_maxpapers
3330,刘江来,A5100414707,exact,I183067930,True,681,round4_semtie
3331,刘华锋,A5100659980,exact,I76130692,False,663,round4_maxpapers
3332,刘鸿,A5103875073,exact,I4210123021,True,27,round4_semtie
3333,刘宏伟,A5100411968,exact,I149594827,False,820,round4_maxpapers
3335,梁尔源,A5074753005,exact,I4210141476,False,228,round4_maxpapers
3336,李志纯,A5091296600,exact,I47720641,False,312,round4_maxpapers
3337,李永乐,A5084350058,exact,I4800084,False,617,round4_maxpapers
3338,李兴伟,A5061667297,exact,I180585399,False,746,round4_maxpapers
3339,李文辉,A5100339867,exact,I4210086405,False,302,round4_maxpapers
3340,李伟华,A5100400683,exact,I4210101167,False,615,round4_maxpapers
3341,李润伟,A5074049102,exact,I4210165339,False,332,round4_maxpapers
3342,李秦川,A5062103852,exact,I1328775524,False,127,round4_maxpapers
3344,李建明,A5100402504,exact,I3923682,False,1744,round4_maxpapers
3345,李建春,A5101891714,exact,I4210140379,False,200,round4_maxpapers
3346,李宏亮,A5101977776,exact,I150229711,False,2417,round4_maxpapers
3347,李国红,A5100770039,exact,I4210112540,False,183,round4_maxpapers
3348,李峰,A5100448879,exact,I4210126304,False,621,round4_maxpapers
3349,李澄宇,A5023442511,exact,I4210106477,True,81,round4_semtie
3350,李朝晖,A5100634225,exact,I159948400,False,1142,round4_maxpapers
3351,李斌,A5100365127,exact,I183067930,True,993,round4_semtie
3352,李昂,A5115602243,exact,I4210112946,False,587,round4_maxpapers
3353,黎胜红,A5100673371,exact,I13850615,False,226,round4_maxpapers
3354,雷鸣,A5107094272,exact,I183067930,False,308,round4_maxpapers
3357,居胜红,A5004012046,exact,I76569877,False,238,round4_maxpapers
3358,金仲和,A5041236599,exact,I76130692,False,274,round4_maxpapers
3359,蒋毅,A5054949861,exact,I4210131870,False,350,round4_maxpapers
3360,姜卫平,A5019208828,exact,I37461747,False,257,round4_maxpapers
3362,黄岩谊,A5079605407,exact,I20231570,False,340,round4_maxpapers
3363,黄伟新,A5100639761,exact,I126520041,False,384,round4_maxpapers
3364,胡修棉,A5038111698,exact,I881766915,False,282,round4_maxpapers
3366,胡峻,A5028500115,exact,I125839683,False,669,round4_maxpapers
3367,洪春雁,A5044297886,exact,I126520041,False,176,round4_maxpapers
3369,何正友,A5073150284,exact,I4800084,False,333,round4_maxpapers
3370,何源,A5046789475,exact,I4210131271,False,345,round4_maxpapers
3371,何茂刚,A5102872302,exact,I87445476,False,127,round4_maxpapers
3373,韩庆华,A5109878397,exact,I162868743,False,123,round4_maxpapers
3374,郭建春,A5100667727,exact,I165745306,False,327,round4_maxpapers
3375,郭锋,A5077031590,exact,I3018690959,False,192,round4_maxpapers
3376,管海兵,A5049487451,exact,I183067930,False,362,round4_maxpapers
3377,古英,A5036877963,exact,I20231570,False,217,round4_maxpapers
3378,巩金龙,A5047030779,exact,I162868743,False,609,round4_maxpapers
3379,高飞,A5100318655,exact,I4210167311,False,1004,round4_maxpapers
3381,傅旭东,A5090663581,exact,I99065089,False,258,round4_maxpapers
3382,冯志勇,A5001714538,exact,I139759216,False,831,round4_maxpapers
3383,方陶陶,A5063077307,exact,I191208505,False,169,round4_maxpapers
3384,范一中,A5009424001,exact,I2802340896,True,415,round4_semtie
3385,范峰,A5100663875,exact,I204983213,False,335,round4_maxpapers
3386,段晚锁,A5023933852,exact,I4210152758,False,215,round4_maxpapers
3387,段炼,A5070210507,exact,I99065089,False,705,round4_maxpapers
3388,杜岩,A5077266446,exact,I4210103685,True,290,round4_semtie
3389,杜卫国,A5081348119,exact,I4210167311,False,183,round4_maxpapers
3390,董晓臣,A5001928806,exact,I134687103,False,970,round4_maxpapers
3392,邓伟侨,A5107902056,exact,,False,59,round4_maxpapers
3393,单忠德,A5081933701,exact,,False,68,round4_maxpapers
3394,崔峻,A5025408228,exact,I4210164580,False,449,round4_maxpapers
3396,程永现,A5046931825,exact,I180726961,False,274,round4_maxpapers
3397,程翔,A5068110218,exact,I47720641,False,462,round4_maxpapers
3398,陈志强,A5100434656,exact,I99065089,False,377,round4_maxpapers
3399,陈心春,A5105517643,exact,I180726961,False,288,round4_maxpapers
3400,陈文光,A5103141832,exact,I99065089,False,284,round4_maxpapers
3401,陈诗一,A5100631623,exact,I24943067,False,939,round4_maxpapers
3402,陈剑峰,A5100330941,exact,I4210106477,False,220,round4_maxpapers
3403,陈春城,A5064308160,exact,I4210155088,False,351,round4_maxpapers
3404,巢晖,A5010214831,exact,I157773358,True,473,round4_semtie
3405,蔡阳健,A5047336918,exact,I3923682,False,688,round4_maxpapers
3406,宝音贺西,A5111598104,exact,,False,43,round4_maxpapers
3407,艾庆辉,A5075161740,exact,I59028903,False,425,round4_maxpapers
3408,朱樟明,A5039575274,exact,I149594827,False,634,round4_maxpapers
3411,朱嘉琦,A5004202325,exact,I204983213,False,523,round4_maxpapers
3412,朱楚洪,A5041743408,exact,I151075929,False,80,round4_maxpapers
3414,周远扬,A5108167590,exact,I40963666,False,1083,round4_maxpapers
3415,周欣,A5084414888,exact,I4210099135,False,697,round4_maxpapers
3418,周斌,A5100673837,exact,I4210106477,False,615,round4_maxpapers
3419,郑思齐,A5014586639,exact,I99065089,False,272,round4_maxpapers
3420,赵亮,A5089729317,exact,I4210126061,True,313,round4_semtie
3421,赵斌,A5061315629,exact,I205237279,False,852,round4_maxpapers
3422,张智红,A5100751775,exact,I47720641,False,1310,round4_maxpapers
3423,张占军,A5088766936,exact,I25254941,False,155,round4_maxpapers
3424,张拥军,A5108166978,exact,I205237279,False,1586,round4_maxpapers
3425,张颖,A5108046754,exact,I169572211,False,809,round4_maxpapers
3426,张彦,A5100456396,exact,I74485261,True,140,round4_semtie
3427,张亚雷,A5084961529,exact,I116953780,False,621,round4_maxpapers
3429,张文明,A5073386986,exact,I183067930,False,308,round4_maxpapers
3430,张强,A5100381999,exact,I99065089,False,4816,round4_maxpapers
3431,张平,A5100405781,exact,I4210145278,False,5766,round4_maxpapers
3432,张雷,A5100434031,exact,I4210106477,True,156,round4_semtie
3433,张建民,A5100444663,exact,I24185976,False,510,round4_maxpapers
3434,张纪岩,A5115587832,exact,,False,320,round4_maxpapers
3435,张锋,A5100401333,exact,I24943067,False,1006,round4_maxpapers
3437,詹梅,A5036139739,exact,I17145004,False,303,round4_maxpapers
3438,詹良通,A5089267318,exact,I76130692,True,26,round4_semtie
3440,曾涛,A5100684228,exact,I125839683,False,364,round4_maxpapers
3441,袁林旺,A5100633048,exact,I152031979,False,121,round4_maxpapers
3442,虞先濬,A5100374639,exact,I24943067,False,788,round4_maxpapers
3443,俞炜,A5100377274,exact,I183067930,False,769,round4_maxpapers
3444,余学斌,A5010772578,exact,I24943067,False,442,round4_maxpapers
3445,余淼杰,A5101720389,exact,I20231570,True,242,round4_semtie
3446,尤业字,A5004626137,exact,I126520041,False,170,round4_maxpapers
3447,伊廷华,A5080786013,exact,I27357992,False,274,round4_maxpapers
3449,杨茂君,A5059023058,exact,I99065089,False,112,round4_maxpapers
3450,杨莉,A5100421591,exact,I20231570,False,1243,round4_maxpapers
3451,杨海波,A5037909012,exact,I66867065,True,477,round4_semtie
3452,杨波,A5041317124,exact,I76130692,False,393,round4_maxpapers
3453,薛强,A5067814627,exact,I4210140379,False,306,round4_maxpapers
3454,许琪,A5063102349,exact,,False,2047,round4_maxpapers
3455,徐赵东,A5100729867,exact,I76569877,False,360,round4_maxpapers
3456,徐骁,A5009926141,exact,I76130692,False,473,round4_maxpapers
3457,徐明伟,A5100771111,exact,I99065089,False,355,round4_maxpapers
3458,徐明,A5100413863,exact,I20231570,False,618,round4_maxpapers
3459,徐坤,A5038382239,exact,I139759216,False,727,round4_maxpapers
3460,徐淮良,A5043348100,exact,I194450716,False,233,round4_maxpapers
3461,谢涛,A5055015997,exact,I76130692,False,321,round4_maxpapers
3462,谢少荣,A5086702173,exact,I113940042,False,364,round4_maxpapers
3463,武振龙,A5007877359,exact,I52158045,False,165,round4_maxpapers
3464,吴元保,A5108337108,exact,I3124059619,False,2515,round4_maxpapers
3465,吴兴刚,A5008332697,exact,I158842170,True,316,round4_semtie
3466,吴淮宁,A5000266144,exact,I82880672,False,343,round4_maxpapers
3468,吴成印,A5033524459,exact,I20231570,False,179,round4_maxpapers
3469,闻利平,A5100763673,exact,I4210140689,False,331,round4_maxpapers
3470,魏振忠,A5075939703,exact,I82880672,False,139,round4_maxpapers
3471,王兆华,A5101730371,exact,I125839683,False,348,round4_maxpapers
3472,王亦洲,A5100602395,exact,I20231570,True,362,round4_semtie
3473,王一国,A5115621100,exact,I99065089,False,514,round4_maxpapers
3474,王延江,A5047480995,exact,I151075929,True,402,round4_semtie
3476,王雪松,A5108064895,exact,I170215575,False,772,round4_maxpapers
3478,王祥玉,A5055949631,exact,I881766915,False,200,round4_maxpapers
3479,王维,A5100392005,exact,I4210133325,False,581,round4_maxpapers
3480,王树青,A5043424443,exact,I59028903,False,470,round4_maxpapers
3481,王书肖,A5054880085,exact,I99065089,True,6,round4_semtie
3482,王守国,A5002343733,exact,I92403157,False,270,round4_maxpapers
3483,王平,A5005208943,exact,I116953780,False,2520,round4_maxpapers
3484,王建强,A5100436366,exact,I99065089,False,945,round4_maxpapers
3486,王建国,A5039984779,exact,I55712492,False,791,round4_maxpapers
3487,王慧远,A5100663524,exact,I194450716,False,295,round4_maxpapers
3488,王辉,A5026861437,exact,I20231570,True,421,round4_semtie
3489,王博,A5080515342,exact,I125839683,False,2670,round4_maxpapers
3490,汪亚平,A5115621100,exact,I881766915,False,514,round4_maxpapers
3491,汪夏燕,A5017550339,exact,I37796252,False,242,round4_maxpapers
3492,田善喜,A5048768588,exact,I126520041,False,117,round4_maxpapers
3493,唐睿康,A5049073234,exact,I76130692,False,304,round4_maxpapers
3494,汤亚杰,A5021957184,exact,I74525822,False,233,round4_maxpapers
3495,汤富酬,A5003323474,exact,I20231570,False,280,round4_maxpapers
3497,宋宇飞,A5067200024,exact,I75390827,False,496,round4_maxpapers
3498,宋令阳,A5102012574,exact,I20231570,False,752,round4_maxpapers
3501,沈颖,A5074799043,exact,I76130692,False,290,round4_maxpapers
3502,沈洋,A5091319997,exact,I99065089,False,278,round4_maxpapers
3505,秦礼萍,A5009568919,exact,I126520041,False,121,round4_maxpapers
3506,秦峰,A5028781688,exact,I52158045,False,194,round4_maxpapers
3507,齐颖新,A5110449573,exact,I183067930,False,60,round4_maxpapers
3508,彭海平,A5107927140,exact,I126520041,True,618,round4_semtie
3509,彭芳瑜,A5029146465,exact,I47720641,False,165,round4_maxpapers
3510,彭承志,A5006863742,exact,I126520041,False,246,round4_maxpapers
3514,倪喜军,A5085414774,exact,I4210086287,False,159,round4_maxpapers
3515,缪峰,A5045298175,exact,I881766915,False,242,round4_maxpapers
3518,马坚伟,A5078652354,exact,I204983213,False,187,round4_maxpapers
3519,吕建成,A5073535763,exact,I24185976,False,319,round4_maxpapers
3520,吕海东,A5101919746,exact,I25254941,False,666,round4_maxpapers
3521,罗正鸿,A5004797785,exact,I183067930,False,368,round4_maxpapers
3522,罗小兵,A5078004388,exact,I47720641,False,602,round4_maxpapers
3524,罗杰,A5100779418,exact,I204823248,False,258,round4_maxpapers
3525,罗成,A5024637740,exact,I4210112820,False,556,round4_maxpapers
3527,卢义玉,A5062130118,exact,I158842170,False,178,round4_maxpapers
3528,卢新培,A5085241766,exact,I47720641,False,370,round4_maxpapers
3529,卢明辉,A5080638645,exact,I881766915,False,526,round4_maxpapers
3530,刘志洪,A5100394554,exact,I37461747,False,2090,round4_maxpapers
3531,刘瑜,A5100345666,exact,I20231570,False,2692,round4_maxpapers
3532,刘咏,A5075881249,exact,I139660479,False,2190,round4_maxpapers
3533,刘小华,A5100370781,exact,I24185976,False,1521,round4_maxpapers
3534,刘全有,A5085670380,exact,I106994412,False,204,round4_maxpapers
3535,刘乃安,A5048335688,exact,I126520041,False,225,round4_maxpapers
3536,刘俊国,A5011224227,exact,I3045169105,False,390,round4_maxpapers
3537,刘俊,A5100361915,exact,I4210092888,False,864,round4_maxpapers
3538,刘健华,A5101678206,exact,I101479585,False,180,round4_maxpapers
3539,刘建祥,A5007234655,exact,I76130692,False,284,round4_maxpapers
3540,刘建国,A5100780350,exact,I4210149211,False,1047,round4_maxpapers
3541,刘红忠,A5075706781,exact,I87445476,False,195,round4_maxpapers
3542,刘光慧,A5100654857,exact,I4210112540,False,409,round4_maxpapers
3543,刘刚,A5100412458,exact,I87445476,False,785,round4_maxpapers
3544,刘畅,A5100353357,exact,I4210126304,False,498,round4_maxpapers
3545,林宙辰,A5016399094,exact,I20231570,False,488,round4_maxpapers
3546,李智军,A5100450024,exact,I90610280,False,957,round4_maxpapers
3547,李岩,A5100380336,exact,I116953780,False,1336,round4_maxpapers
3548,李向阳,A5026973450,exact,I126520041,False,1074,round4_maxpapers
3549,李肯立,A5106555154,exact,I16609230,True,63,round4_semtie
3550,李金恒,A5051672452,exact,I927504317,True,814,round4_semtie
3552,李寒莹,A5101977776,exact,I76130692,False,2417,round4_maxpapers
3553,李国辉,A5100337869,exact,I180585399,False,468,round4_maxpapers
3554,李春英,A5066360354,exact,,True,4,round4_semtie
3556,雷晓光,A5020188195,exact,I20231570,False,281,round4_maxpapers
3558,靳健,A5101464839,exact,I4210092495,False,248,round4_maxpapers
3559,金石,A5013079905,exact,I76569877,False,1486,round4_maxpapers
3561,贾立军,A5055165608,exact,I24943067,True,111,round4_semtie
3562,贾宏杰,A5053616362,exact,I162868743,False,592,round4_maxpapers
3564,黄志群,A5040979861,exact,I111753288,False,142,round4_maxpapers
3565,黄志明,A5012504104,exact,I4210135723,False,221,round4_maxpapers
3566,黄园,A5087036174,exact,I24185976,False,370,round4_maxpapers
3567,黄雨,A5108067820,exact,I116953780,False,841,round4_maxpapers
3568,黄勇,A5063411310,exact,I16609230,False,567,round4_maxpapers
3572,胡忠坤,A5018554987,exact,I47720641,False,135,round4_maxpapers
3573,胡俊,A5028500115,exact,I20231570,False,669,round4_maxpapers
3574,胡建生,A5024591386,exact,I2802624667,False,285,round4_maxpapers
3575,侯健,A5053256176,exact,I4210162190,False,407,round4_maxpapers
3576,何伟,A5100725418,exact,I99065089,True,265,round4_semtie
3577,何军,A5084113038,exact,I4210141483,False,477,round4_maxpapers
3578,郝青振,A5113156471,exact,I4210126061,False,157,round4_maxpapers
3579,韩永明,A5087563094,exact,I4210159790,False,253,round4_maxpapers
3580,韩鸿宾,A5101856799,exact,I20231570,False,208,round4_maxpapers
3581,韩德仁,A5054048290,exact,I152031979,False,133,round4_maxpapers
3582,郭庆军,A5055136032,exact,I4210160793,False,135,round4_maxpapers
3583,郭国平,A5090060101,exact,I126520041,True,588,round4_semtie
3584,公茂琼,A5102416707,exact,I4210140689,False,253,round4_maxpapers
3585,傅平青,A5100657548,exact,I4210152758,False,692,round4_maxpapers
3586,冯雪,A5036168675,exact,I99065089,False,403,round4_maxpapers
3587,方颖,A5082949789,exact,I191208505,False,303,round4_maxpapers
3590,邓友金,A5047149764,exact,I126520041,False,322,round4_maxpapers
3591,戴志晖,A5000162290,exact,I152031979,False,297,round4_maxpapers
3592,崔光磊,A5079176132,exact,I4210158139,False,558,round4_maxpapers
3594,陈悦,A5100454819,exact,I205237279,False,356,round4_maxpapers
3595,陈玉琴,A5041556252,exact,I4210164580,False,185,round4_maxpapers
3596,陈焱,A5100378023,exact,I24943067,False,845,round4_maxpapers
3597,陈列文,A5100428810,exact,I183067930,True,291,round4_semtie
3598,陈立桅,A5108832513,exact,I4210092495,False,687,round4_maxpapers
3599,陈玖斌,A5050672420,exact,I4210135735,False,163,round4_maxpapers
3600,陈红胜,A5100705712,exact,I76130692,False,722,round4_maxpapers
3601,陈海山,A5029299892,exact,I200845125,False,429,round4_maxpapers
3602,柴利,A5100704809,exact,I43922553,False,330,round4_maxpapers
3603,曹达鹏,A5056166029,exact,I75390827,False,438,round4_maxpapers
3604,卜军,A5060875522,exact,,False,64,round4_maxpapers
3605,白晓春,A5100636559,exact,I58200834,False,274,round4_maxpapers
3608,朱艳,A5100434309,exact,I119454577,False,869,round4_maxpapers
3609,朱铁军,A5086146868,exact,I76130692,False,389,round4_maxpapers
3610,朱健,A5105889592,exact,I20231570,False,163,round4_maxpapers
3612,周树云,A5006283995,exact,I99065089,False,185,round4_maxpapers
3613,周绍兵,A5071539566,exact,I4800084,False,326,round4_maxpapers
3614,周剑,A5088502431,exact,I66867065,False,427,round4_maxpapers
3615,郑伟英,A5103214233,exact,I4210120485,False,84,round4_maxpapers
3616,赵曜,A5100362745,exact,I24943067,False,1106,round4_maxpapers
3617,赵新,A5100445703,exact,I4210112946,False,982,round4_maxpapers
3618,章秀银,A5031038951,exact,I90610280,False,431,round4_maxpapers
3619,张勇慧,A5108166978,exact,I47720641,False,1586,round4_maxpapers
3620,张永安,A5075140744,exact,I4210089584,False,382,round4_maxpapers
3621,张扬建,A5108166978,exact,I4210160793,False,1586,round4_maxpapers
3622,张新波,A5087936668,exact,I4210092888,True,637,round4_semtie
3623,张显程,A5100632687,exact,I143593769,False,161,round4_maxpapers
3624,张文雄,A5029642484,exact,I20231570,True,770,round4_semtie
3625,张拴宏,A5089545728,exact,,False,973,round4_maxpapers
3626,张全国,A5101993477,exact,I25254941,True,99,round4_semtie
3627,张丽华,A5100414909,exact,I180585399,False,1354,round4_maxpapers
3628,张立峰,A5100426688,exact,I92403157,False,502,round4_maxpapers
3629,张建华,A5068121401,exact,I113940042,False,1290,round4_maxpapers
3630,张吉雄,A5083143371,exact,I25757504,False,227,round4_maxpapers
3631,张怀,A5068811764,exact,I4210165038,False,305,round4_maxpapers
3632,张凡,A5100403400,exact,I24943067,False,965,round4_maxpapers
3633,张朝阳,A5100751311,exact,I76130692,False,1384,round4_maxpapers
3634,曾海波,A5089334983,exact,I36399199,False,657,round4_maxpapers
3635,岳骞,A5016586562,exact,I99065089,False,191,round4_maxpapers
3636,袁业飞,A5111382617,exact,I126520041,False,659,round4_maxpapers
3637,喻俊志,A5073958329,exact,I4210112150,False,544,round4_maxpapers
3638,禹永春,A5053675071,exact,I24943067,False,52,round4_maxpapers
3639,於志文,A5100701166,exact,I17145004,False,791,round4_maxpapers
3640,余佳,A5107832339,exact,,False,618,round4_maxpapers
3641,尤涵,A5013308419,exact,I191208505,True,43,round4_semtie
3642,尹双凤,A5086761727,exact,I16609230,False,494,round4_maxpapers
3643,殷小玮,A5101518787,exact,I17145004,False,296,round4_maxpapers
3644,叶敏,A5100725242,exact,I20231570,False,518,round4_maxpapers
3645,要茂盛,A5037026129,exact,I20231570,False,149,round4_maxpapers
3648,杨化桂,A5101717144,exact,I143593769,False,1777,round4_maxpapers
3649,杨海军,A5100378741,exact,I20231570,False,2272,round4_maxpapers
3650,杨财广,A5005023253,exact,I4210112820,False,138,round4_maxpapers
3651,杨必胜,A5100772177,exact,I37461747,False,268,round4_maxpapers
3652,严登华,A5101486698,exact,I4210092032,False,323,round4_maxpapers
3653,鄢社锋,A5082998836,exact,I4210099069,False,165,round4_maxpapers
3654,许金时,A5021341955,exact,I126520041,False,193,round4_maxpapers
3655,徐涌,A5100359961,exact,I83519826,False,853,round4_maxpapers
3656,徐平龙,A5028904861,exact,I76130692,False,95,round4_maxpapers
3657,徐辉雄,A5037882275,exact,I116953780,False,259,round4_maxpapers
3658,徐长节,A5100740624,exact,I13985625,False,231,round4_maxpapers
3659,熊宇杰,A5087717847,exact,I126520041,False,610,round4_maxpapers
3661,谢永芳,A5107829607,exact,I139660479,False,1287,round4_maxpapers
3663,谢高岗,A5030689390,exact,I4210090176,False,490,round4_maxpapers
3664,肖仕,A5002115485,exact,I157773358,False,211,round4_maxpapers
3665,夏军强,A5025193330,exact,I37461747,False,223,round4_maxpapers
3666,吴雪峰,A5108167595,exact,I2802340896,False,3476,round4_maxpapers
3667,吴文传,A5009457440,exact,I99065089,False,393,round4_maxpapers
3668,吴俊杰,A5030746978,exact,I82880672,False,468,round4_maxpapers
3669,吴俊,A5051453633,exact,I119454577,False,278,round4_maxpapers
3670,吴迪,A5008227987,exact,I881766915,False,1062,round4_maxpapers
3672,吴晨,A5031750008,exact,,True,309,round4_semtie
3673,邬光剑,A5108375451,exact,I4210141476,False,98,round4_maxpapers
3674,翁文国,A5001369119,exact,I99065089,False,159,round4_maxpapers
3675,王永华,A5100700948,exact,I90610280,False,389,round4_maxpapers
3677,王业亮,A5044801484,exact,I4210159876,False,283,round4_maxpapers
3678,王艳丽,A5100413375,exact,I4210112540,False,296,round4_maxpapers
3679,王新云,A5100783176,exact,I47720641,False,390,round4_maxpapers
3680,王树荣,A5082812505,exact,I76130692,False,657,round4_maxpapers
3681,王任小,A5016374232,exact,I4210112946,False,268,round4_maxpapers
3682,王磊,A5058772567,exact,I24943067,False,5789,round4_maxpapers
3683,王军平,A5100670730,exact,I151075929,False,284,round4_maxpapers
3684,王进廷,A5074256336,exact,I99065089,False,261,round4_maxpapers
3685,王建浦,A5043971938,exact,I134687103,False,246,round4_maxpapers
3686,王宏涛,A5115602103,exact,I76130692,False,1416,round4_maxpapers
3687,王宏林,A5115602103,exact,I183067930,False,1416,round4_maxpapers
3688,王浩华,A5115602103,exact,I76130692,False,1416,round4_maxpapers
3689,王浩,A5080102032,exact,I4210141483,False,3439,round4_maxpapers
3690,王桂荣,A5100783081,exact,I4210097978,False,428,round4_maxpapers
3691,王菲,A5100455750,exact,I91656880,False,1177,round4_maxpapers
3692,王栋,A5100391508,exact,I4210155088,False,1125,round4_maxpapers
3693,汪萌,A5100377137,exact,I16365422,True,150,round4_semtie
3694,汪乐余,A5054153670,exact,I75390827,False,284,round4_maxpapers
3695,田梅,A5035410232,exact,I76130692,False,279,round4_maxpapers
3696,唐江,A5015759567,exact,I47720641,False,557,round4_maxpapers
3698,汤文军,A5028023634,exact,I4210112946,False,295,round4_maxpapers
3699,孙阳,A5048358778,exact,I4210159876,False,207,round4_maxpapers
3700,孙爱军,A5101456506,exact,I24943067,False,156,round4_maxpapers
3701,盛敏,A5029337392,exact,I149594827,False,484,round4_maxpapers
3702,盛春泉,A5057853505,exact,I177933477,False,324,round4_maxpapers
3703,沈志豪,A5056112689,exact,I20231570,False,414,round4_maxpapers
3704,沈锡辉,A5080777603,exact,I89652312,False,165,round4_maxpapers
3705,沈红斌,A5076024045,exact,I183067930,True,356,round4_semtie
3706,商洪才,A5011762184,exact,I17747738,True,389,round4_semtie
3708,秦跟基,A5059319622,exact,I20231570,False,59,round4_maxpapers
3709,彭新华,A5014292422,exact,I4210165559,True,295,round4_semtie
3710,彭良友,A5038991319,exact,I20231570,False,155,round4_maxpapers
3711,潘波,A5083603443,exact,I10660446,True,380,round4_semtie
3713,马丁,A5055822249,exact,I20231570,False,529,round4_maxpapers
3714,吕海宝,A5084346828,exact,I204983213,False,206,round4_maxpapers
3715,罗俊航,A5103263329,exact,I157773358,False,164,round4_maxpapers
3716,卢湖川,A5006986293,exact,I27357992,True,651,round4_semtie
3717,刘勇,A5075881249,exact,I59028903,False,2190,round4_maxpapers
3718,刘永进,A5100687684,exact,I99065089,False,1915,round4_maxpapers
3719,刘应征,A5100687684,exact,I183067930,False,1915,round4_maxpapers
3720,刘思齐,A5115594099,exact,I99065089,False,254,round4_maxpapers
3721,刘若川,A5108054603,exact,I20231570,False,74,round4_maxpapers
3722,刘明杰,A5112385275,exact,I82880672,True,449,round4_semtie
3723,梁高林,A5029765615,exact,I126520041,False,236,round4_maxpapers
3725,李勇建,A5100391222,exact,I205237279,False,988,round4_maxpapers
3726,李水清,A5024465450,exact,I99065089,False,481,round4_maxpapers
3727,李晴,A5100404176,exact,I20231570,False,2449,round4_maxpapers
3728,李泠,A5100435361,exact,I4210119392,False,827,round4_maxpapers
3729,李华斌,A5101977776,exact,I24943067,False,2417,round4_maxpapers
3730,李海涛,A5101977776,exact,I99065089,False,2417,round4_maxpapers
3731,李药,A5100411270,exact,I4210164580,False,169,round4_maxpapers
3732,黎大兵,A5016499715,exact,I4210088164,False,231,round4_maxpapers
3733,雷震,A5109299788,exact,I24943067,False,522,round4_maxpapers
3734,寇纲,A5073973267,exact,I204831749,False,432,round4_maxpapers
3735,孔凡江,A5081419044,exact,I4210101301,False,175,round4_maxpapers
3736,柯燎亮,A5087877048,exact,I21193070,False,204,round4_maxpapers
3737,康振辉,A5082297994,exact,I3923682,False,759,round4_maxpapers
3738,康宇,A5025987638,exact,I126520041,False,535,round4_maxpapers
3739,金盛烨,A5037362177,exact,I180585399,False,207,round4_maxpapers
3740,颉伟,A5100626075,exact,I99065089,False,332,round4_maxpapers
3741,焦树强,A5020025331,exact,I92403157,False,425,round4_maxpapers
3742,姜潮,A5089216253,exact,I16609230,False,414,round4_maxpapers
3743,江颖,A5007730121,exact,I20231570,False,329,round4_maxpapers
3744,江洁,A5061877876,exact,I82880672,False,528,round4_maxpapers
3745,江海龙,A5038041764,exact,I126520041,False,423,round4_maxpapers
3746,黄中伟,A5016570639,exact,I4210162190,True,288,round4_semtie
3747,黄卫华,A5086554867,exact,I37461747,False,195,round4_maxpapers
3748,黄伟,A5100352881,exact,I126520041,False,5804,round4_maxpapers
3749,黄攀峰,A5091127758,exact,I17145004,False,322,round4_maxpapers
3750,黄梅,A5101703520,exact,I4210137180,False,255,round4_maxpapers
3751,黄吉平,A5029288246,exact,I24943067,False,493,round4_maxpapers
3752,黄罡,A5100726056,exact,I20231570,False,631,round4_maxpapers
3753,胡兆初,A5084263315,exact,I3124059619,True,362,round4_semtie
3754,胡勇胜,A5074018534,exact,I4210159876,False,343,round4_maxpapers
3755,胡小玉,A5030379501,exact,I99065089,False,204,round4_maxpapers
3756,胡伟达,A5031365355,exact,I4210135723,False,521,round4_maxpapers
3759,侯立军,A5011681774,exact,I66867065,False,223,round4_maxpapers
3760,侯军利,A5068221925,exact,I24943067,True,138,round4_semtie
3761,郭安薪,A5031620690,exact,I204983213,False,119,round4_maxpapers
3762,葛咏,A5027113543,exact,I4210160793,False,236,round4_maxpapers
3763,高宁,A5013434529,exact,I20231570,False,244,round4_maxpapers
3764,傅立斌,A5016473401,exact,,False,359,round4_maxpapers
3765,付琨,A5112365916,exact,I4210110458,False,333,round4_maxpapers
3766,冯世进,A5087563808,exact,I116953780,True,239,round4_semtie
3767,冯济,A5040535359,exact,I20231570,False,244,round4_maxpapers
3769,樊隽轩,A5016367316,exact,I4210103797,False,140,round4_maxpapers
3770,樊健生,A5013540603,exact,I99065089,False,402,round4_maxpapers
3771,段胜仲,A5048890095,exact,I183067930,False,84,round4_maxpapers
3772,段安民,A5007100017,exact,I4210152758,False,169,round4_maxpapers
3773,杜文莉,A5048267931,exact,I143593769,False,345,round4_maxpapers
3774,杜太生,A5015458435,exact,I52158045,False,210,round4_maxpapers
3775,董忠军,A5102916143,exact,I99065089,False,65,round4_maxpapers
3777,丁龙云,A5101792363,exact,I205237279,False,43,round4_maxpapers
3780,单革,A5061702878,exact,I126520041,False,135,round4_maxpapers
3782,戴道锌,A5041370047,exact,I76130692,False,664,round4_maxpapers
3783,初广文,A5058166096,exact,I75390827,False,307,round4_maxpapers
3784,程义云,A5020228335,exact,I66867065,False,259,round4_maxpapers
3786,陈永平,A5100359081,exact,,False,494,round4_maxpapers
3787,陈雪波,A5101689974,exact,I25254941,True,186,round4_semtie
3789,陈小前,A5100712765,exact,,False,433,round4_maxpapers
3790,陈玲玲,A5100745206,exact,I4210106477,False,294,round4_maxpapers
3792,陈建兵,A5048814627,exact,I116953780,False,341,round4_maxpapers
3793,陈华勇,A5101529064,exact,I3018690959,False,145,round4_maxpapers
3794,陈华伟,A5100704491,exact,I82880672,False,198,round4_maxpapers
3795,陈弓,A5100389829,exact,I205237279,False,517,round4_maxpapers
3796,陈彬,A5100427280,exact,I25254941,True,505,round4_semtie
3797,车仁超,A5071995516,exact,I24943067,True,378,round4_semtie
3798,曹庆宏,A5005955121,exact,I20231570,True,107,round4_semtie
3799,蔡庆宇,A5112124555,exact,I4210099135,False,107,round4_maxpapers
3800,蔡磊,A5029316679,exact,I4210134982,False,323,round4_maxpapers
3801,步文博,A5060453218,exact,I66867065,False,225,round4_maxpapers
3802,毕天姝,A5077234408,exact,I153473198,False,349,round4_maxpapers
3803,艾渤,A5100620739,exact,I21193070,False,1233,round4_maxpapers
3804,刘卫东,A5100687149,exact,I183067930,False,695,round4_maxpapers
3806,乔宾,A5043245924,exact,I20231570,False,201,round4_maxpapers
3807,肖云峰,A5034397421,exact,I20231570,False,372,round4_maxpapers
3811,田晖,A5026608908,exact,I20231570,False,557,round4_maxpapers
3812,刘翔,A5010339880,exact,I76214153,True,1198,round4_semtie
3813,张景瑞,A5075392699,exact,I125839683,False,190,round4_maxpapers
3814,何建军,A5100736239,exact,I4210164580,True,146,round4_semtie
3815,施勇,A5047464767,exact,I881766915,False,221,round4_maxpapers
3816,刘雄军,A5100781966,exact,I20231570,False,1062,round4_maxpapers
3817,王毅,A5003035201,exact,I126520041,False,1586,round4_maxpapers
3818,姚宏,A5008810579,exact,I99065089,False,303,round4_maxpapers
3819,徐志平,A5040134560,exact,I99065089,False,1407,round4_maxpapers
3820,于品,A5028121261,exact,I99065089,False,30,round4_maxpapers
3821,周全,A5100356471,exact,I113940042,False,560,round4_maxpapers
3823,吴克辉,A5055899561,exact,I4210159876,False,311,round4_maxpapers
3824,王博,A5080515342,exact,I27357992,False,2670,round4_maxpapers
3825,杨建成,A5100381068,exact,I4210131271,False,170,round4_maxpapers
3826,康熙,A5108511550,exact,I2802340896,False,223,round4_maxpapers
3827,周宇峰,A5108124629,exact,I4210125404,True,159,round4_semtie
3828,高福平,A5084798688,exact,I4210157653,False,150,round4_maxpapers
3829,杨晟,A5100329753,exact,I4210106477,False,293,round4_maxpapers
3830,何耀,A5054439790,exact,I3923682,False,348,round4_maxpapers
3831,王殳凹,A5002614185,exact,I3923682,False,826,round4_maxpapers
3832,王双印,A5042902756,exact,I16609230,False,529,round4_maxpapers
3833,李震宇,A5101436495,exact,I126520041,False,2433,round4_maxpapers
3834,尹航,A5107885044,exact,I99065089,False,719,round4_maxpapers
3837,张强,A5100381911,exact,I99065089,True,2398,round4_semtie
3839,王亚培,A5080478968,exact,I78988378,False,244,round4_maxpapers
3840,伊成器,A5014470638,exact,I20231570,False,152,round4_maxpapers
3841,陈骏,A5100450146,exact,I92403157,False,1095,round4_maxpapers
3842,李映伟,A5100643109,exact,I90610280,False,372,round4_maxpapers
3843,龚学庆,A5085852346,exact,I143593769,False,386,round4_maxpapers
3845,孙志刚,A5074694254,exact,I180585399,False,183,round4_maxpapers
3846,覃勇,A5088716214,exact,I4210159903,False,811,round4_maxpapers
3847,田长麟,A5006239480,exact,I126520041,False,189,round4_maxpapers
3848,傅强,A5035531924,exact,I180585399,False,1190,round4_maxpapers
3849,汪勇,A5100424506,exact,I134687103,False,804,round4_maxpapers
3850,黄湧,A5063411310,exact,,True,567,round4_semtie
3851,江莉龙,A5053219554,exact,I80947539,False,374,round4_maxpapers
3853,黄正,A5033486450,exact,I4210112946,False,299,round4_maxpapers
3856,谭斌,A5053584037,exact,I3045169105,False,271,round4_maxpapers
3857,孙育杰,A5061570552,exact,I20231570,False,249,round4_maxpapers
3858,彭强,A5053836350,exact,I24185976,False,277,round4_maxpapers
3859,焦雨铃,A5079032909,exact,I4210124606,False,122,round4_maxpapers
3861,史岸冰,A5054912186,exact,I47720641,False,39,round4_maxpapers
3862,孙衍刚,A5024081826,exact,I4210106477,False,58,round4_maxpapers
3864,王宏伟,A5115602103,exact,I99065089,False,1416,round4_maxpapers
3866,孙强,A5108583281,exact,I4210106477,False,193,round4_maxpapers
3868,曹胜波,A5009149702,exact,I204823248,False,153,round4_maxpapers
3869,程功,A5080476856,exact,I99065089,False,204,round4_maxpapers
3870,陈柱成,A5107884446,exact,I99065089,False,136,round4_maxpapers
3871,钱韦,A5109297239,exact,I4210134982,False,171,round4_maxpapers
3872,叶清,A5100347568,exact,I4210120696,False,626,round4_maxpapers
3873,唐朝荣,A5003127560,exact,I20942203,False,81,round4_maxpapers
3874,周艳虹,A5012041302,exact,I76130692,False,882,round4_maxpapers
3875,刘宏涛,A5100693380,exact,I4210106477,False,326,round4_maxpapers
3876,聂少平,A5051610166,exact,I141649914,False,1017,round4_maxpapers
3877,叶丽林,A5064212776,exact,I151075929,True,116,round4_semtie
3878,杨元合,A5014814366,exact,I4210158097,False,260,round4_maxpapers
3879,黄志伟,A5087309766,exact,I204983213,False,295,round4_maxpapers
3880,李孟华,A5100643214,exact,I4210167311,False,877,round4_maxpapers
3882,刘巧泉,A5010955633,exact,I78978612,False,251,round4_maxpapers
3883,陈学伟,A5009791505,exact,I37574244,False,129,round4_maxpapers
3884,董广辉,A5031606363,exact,I76214153,False,183,round4_maxpapers
3886,闫俊华,A5064396174,exact,I4210120696,False,160,round4_maxpapers
3887,杨云锋,A5100743975,exact,I99065089,False,2388,round4_maxpapers
3889,郭华明,A5107596923,exact,I3125743391,False,407,round4_maxpapers
3890,袁洪林,A5101463909,exact,I37802460,False,202,round4_maxpapers
3891,王勤,A5100341261,exact,I881766915,False,979,round4_maxpapers
3892,张小红,A5100330119,exact,I37461747,False,1954,round4_maxpapers
3894,张明义,A5100671757,exact,,False,900,round4_maxpapers
3895,林强,A5108635429,exact,I4210103685,False,324,round4_maxpapers
3896,陈显尧,A5024291314,exact,I59028903,False,97,round4_maxpapers
3898,孙建奇,A5101516034,exact,I4210152758,False,171,round4_maxpapers
3900,吴永红,A5046289405,exact,I4210165559,False,317,round4_maxpapers
3902,车慧正,A5024019310,exact,I4210133131,False,416,round4_maxpapers
3903,刘良云,A5100349600,exact,,True,540,round4_semtie
3905,曾小勤,A5017093588,exact,I183067930,False,562,round4_maxpapers
3907,周昊,A5003662541,exact,I76130692,False,649,round4_maxpapers
3908,田富强,A5068525466,exact,I99065089,False,311,round4_maxpapers
3909,卫海桥,A5023261675,exact,I162868743,False,291,round4_maxpapers
3911,李越,A5100387764,exact,I2802624667,False,945,round4_maxpapers
3912,刘润,A5100341950,exact,I162868743,False,217,round4_maxpapers
3913,曹炳阳,A5102879630,exact,I99065089,False,16,round4_maxpapers
3914,王立平,A5112315758,exact,I4210165339,False,1329,round4_maxpapers
3915,花为,A5100403937,exact,I76569877,False,778,round4_maxpapers
3916,林波荣,A5008020574,exact,I99065089,False,255,round4_maxpapers
3917,翟长海,A5072444192,exact,I204983213,False,183,round4_maxpapers
3918,杨仲轩,A5054315925,exact,I76130692,False,318,round4_maxpapers
3919,郭宝春,A5087615704,exact,I90610280,False,245,round4_maxpapers
3920,柳延辉,A5108114518,exact,I4210159876,False,415,round4_maxpapers
3921,付世晓,A5037130051,exact,I183067930,False,242,round4_maxpapers
3922,高亮,A5017886286,exact,I47720641,False,1142,round4_maxpapers
3924,周伟,A5100636968,exact,I37461747,False,824,round4_maxpapers
3925,付强,A5065153972,exact,I169572211,False,955,round4_maxpapers
3926,刘绍琴,A5001741146,exact,I204983213,False,207,round4_maxpapers
3927,唐桂华,A5061140074,exact,I87445476,False,335,round4_maxpapers
3928,陈瑞润,A5033084673,exact,I204983213,False,414,round4_maxpapers
3930,王东,A5100391508,exact,I2800710378,False,1125,round4_maxpapers
3931,王丽伟,A5100406718,exact,I183067930,False,345,round4_maxpapers
3932,孙艳明,A5076839744,exact,I82880672,False,242,round4_maxpapers
3933,闵小波,A5101527415,exact,I139660479,False,196,round4_maxpapers
3934,张铁锐,A5042712935,exact,I4210140689,False,448,round4_maxpapers
3935,蔡开勇,A5023252191,exact,I158842170,False,514,round4_maxpapers
3936,刘岗,A5100412458,exact,I4210126304,False,785,round4_maxpapers
3937,陈焱,A5100378075,exact,I162868743,False,713,round4_maxpapers
3938,丁轶,A5016874353,exact,I136765683,False,560,round4_maxpapers
3939,李兴文,A5041607266,exact,I87445476,False,560,round4_maxpapers
3940,黄晓宇,A5063205289,exact,I4210112946,False,305,round4_maxpapers
3941,秦波涛,A5040108310,exact,I25757504,False,97,round4_maxpapers
3942,王开云,A5079076715,exact,I4800084,False,256,round4_maxpapers
3943,徐昕,A5053112608,exact,I170215575,False,697,round4_maxpapers
3945,尹建伟,A5069353502,exact,I76130692,False,450,round4_maxpapers
3946,唐杰,A5100708602,exact,I99065089,False,686,round4_maxpapers
3947,徐恪,A5100665814,exact,I99065089,False,709,round4_maxpapers
3948,廖小飞,A5022398389,exact,I47720641,True,412,round4_semtie
3950,陈岐岱,A5058110234,exact,I194450716,False,387,round4_maxpapers
3951,冯晶,A5101964445,exact,I194450716,False,670,round4_maxpapers
3952,赵强,A5072566242,exact,I41198531,True,610,round4_semtie
3953,邢孟道,A5021408538,exact,I149594827,False,822,round4_maxpapers
3954,王密,A5100742710,exact,I37461747,False,206,round4_maxpapers
3955,朱涛,A5027445238,exact,I158842170,False,1117,round4_maxpapers
3957,何斌,A5100671882,exact,I116953780,False,1197,round4_maxpapers
3958,李赞,A5100697315,exact,I149594827,False,468,round4_maxpapers
3960,杨林,A5025931500,exact,I4210149211,False,295,round4_maxpapers
3961,林媛,A5077040105,exact,I150229711,False,466,round4_maxpapers
3962,翁健,A5082041657,exact,I159948400,False,562,round4_maxpapers
3963,刘青山,A5100404959,exact,I200845125,True,358,round4_semtie
3965,陈谋,A5024678101,exact,I9842412,False,418,round4_maxpapers
3967,付俊,A5042145194,exact,I9224756,False,369,round4_maxpapers
3968,袁媛,A5100334733,exact,I4210144662,False,1170,round4_maxpapers
3969,刘琦,A5100453264,exact,I4210119392,False,742,round4_maxpapers
3970,王宇,A5100740712,exact,I4210110458,False,714,round4_maxpapers
3971,王军波,A5109218676,exact,I4210110458,False,358,round4_maxpapers
3972,田轩,A5004735664,exact,I99065089,False,133,round4_maxpapers
3973,何斯迈,A5039806740,exact,I181679659,False,71,round4_maxpapers
3975,温宗国,A5072721152,exact,I99065089,True,169,round4_semtie
3976,杨立兴,A5040786132,exact,I21193070,False,272,round4_maxpapers
3977,梁哲,A5027961947,exact,I116953780,False,57,round4_maxpapers
3978,吴德胜,A5100694948,exact,I4210165038,False,489,round4_maxpapers
3979,郑俊克,A5076932676,exact,I183067930,False,120,round4_maxpapers
3980,刘万里,A5100358128,exact,I99065089,False,1908,round4_maxpapers
3981,刘翠华,A5052306453,exact,I4210134982,False,800,round4_maxpapers
3982,高召兵,A5063492662,exact,I4210112820,False,115,round4_maxpapers
3983,孙金鹏,A5100663030,exact,I154099455,False,199,round4_maxpapers
3984,常永生,A5078302445,exact,I5740404,False,113,round4_maxpapers
3985,刘喆,A5100462336,exact,I5740404,False,636,round4_maxpapers
3986,齐炼文,A5025530383,exact,I161716053,False,252,round4_maxpapers
3987,陈明周,A5100714017,exact,I37461747,False,68,round4_maxpapers
3988,林天歆,A5003905939,exact,I157773358,False,342,round4_maxpapers
3989,娄昕,A5009565631,exact,I2802939634,False,296,round4_maxpapers
3991,岳伟华,A5013230389,exact,I20231570,False,269,round4_maxpapers
3992,王红艳,A5100359682,exact,I4210106477,False,177,round4_maxpapers
3993,李洪林,A5101977776,exact,I143593769,False,2417,round4_maxpapers
3994,焦建伟,A5065888156,exact,I4210167311,False,127,round4_maxpapers
3995,王伊龙,A5101729009,exact,I183519381,True,70,round4_semtie
3996,匡铭,A5035163484,exact,I157773358,False,505,round4_maxpapers
3997,刘存志,A5016706609,exact,I17747738,False,295,round4_maxpapers
3998,刘玮,A5026848585,exact,,False,3577,round4_maxpapers
3999,蔡军,A5100618263,exact,I4210161896,False,225,round4_maxpapers
4000,叶玲,A5100646450,exact,I24185976,False,578,round4_maxpapers
4001,唐熠达,A5009171180,exact,I4210161896,True,189,round4_semtie
4003,陆帅,A5086816369,exact,I24943067,False,198,round4_maxpapers
4004,袁军华,A5017819900,exact,I126520041,False,79,round4_maxpapers
4005,林伟,A5100364628,exact,I24943067,False,376,round4_maxpapers
4006,方德清,A5059794393,exact,I24943067,True,174,round4_semtie
4007,王记增,A5108047878,exact,I76214153,False,198,round4_maxpapers
4008,顾为民,A5091206255,exact,I191208505,False,251,round4_maxpapers
4010,李婧,A5100337026,exact,I2802340896,False,823,round4_maxpapers
4011,邵成刚,A5041521211,exact,I47720641,False,225,round4_maxpapers
4013,刘毅,A5100687684,exact,I20231570,False,1915,round4_maxpapers
4014,杨振伟,A5106498549,exact,I99065089,False,1659,round4_maxpapers
4015,杨越,A5100743975,exact,I20231570,False,2388,round4_maxpapers
4017,邹长亮,A5007454142,exact,I205237279,False,175,round4_maxpapers
4018,孙明波,A5033616786,exact,I170215575,False,332,round4_maxpapers
4019,吕朝锋,A5017120677,exact,I76130692,False,479,round4_maxpapers
4020,何峰,A5036721634,exact,I183067930,False,314,round4_maxpapers
4021,王春朋,A5101867398,exact,I194450716,False,255,round4_maxpapers
4022,刘睿,A5100448557,exact,I126520041,False,430,round4_maxpapers
4023,孙麓岩,A5064232134,exact,I99065089,True,700,round4_semtie
4024,陈树琪,A5055783994,exact,I205237279,False,264,round4_maxpapers
4025,姚小虎,A5101765310,exact,I90610280,False,180,round4_maxpapers
4027,王正汹,A5100687842,exact,I27357992,False,1518,round4_maxpapers
4028,王立峰,A5100399614,exact,I9842412,False,301,round4_maxpapers
4029,潘兵,A5070819847,exact,I82880672,False,307,round4_maxpapers
4030,骆军委,A5039172269,exact,I4210149211,True,194,round4_semtie
4031,贾宇,A5109946126,exact,I4210137180,False,111,round4_maxpapers
4033,武海斌,A5004870006,exact,I66867065,False,113,round4_maxpapers
4034,闫振亚,A5072375928,exact,I4210120485,False,283,round4_maxpapers
4035,李整林,A5101747052,exact,I4210099069,False,186,round4_maxpapers
4036,刘劲松,A5100414707,exact,,False,681,round4_maxpapers
4037,柳振鑫,A5005051690,exact,I27357992,False,183,round4_maxpapers
4038,张本威,A5101577028,exact,I40963666,True,545,round4_semtie
4039,赵公博,A5051811265,exact,I4210164580,False,355,round4_maxpapers
4042,李卫华,A5100400668,exact,I24943067,False,1217,round4_maxpapers
4043,张文彬,A5100710811,exact,I20231570,False,501,round4_maxpapers
4044,王初,A5038498865,exact,I20231570,True,1,round4_semtie
4045,陈晨,A5101847617,exact,I99065089,False,2382,round4_maxpapers
4046,朱听,A5100434324,exact,I99065089,False,183,round4_maxpapers
4047,张正彪,A5036802842,exact,I3923682,False,335,round4_maxpapers
4048,汤平平,A5027832521,exact,,True,9,round4_semtie
4051,赵华章,A5100569115,exact,I20231570,True,10,round4_semtie
4053,叶树集,A5107997514,exact,I126520041,False,1457,round4_maxpapers
4054,王伟,A5069763141,exact,I881766915,False,3868,round4_maxpapers
4055,贾彦兴,A5013587375,exact,I20231570,False,194,round4_maxpapers
4057,卢兴,A5078853797,exact,I47720641,False,574,round4_maxpapers
4058,李先锋,A5100672492,exact,I180585399,False,592,round4_maxpapers
4061,曾杰,A5075571728,exact,I126520041,False,568,round4_maxpapers
4062,黄汉民,A5063833862,exact,I126520041,False,305,round4_maxpapers
4064,李剑锋,A5100402504,exact,I191208505,False,1744,round4_maxpapers
4067,匡华,A5089085593,exact,I111599522,False,641,round4_maxpapers
4068,葛子义,A5016131764,exact,I4210165339,False,341,round4_maxpapers
4069,江智勇,A5017357026,exact,I75955062,False,327,round4_maxpapers
4070,徐维林,A5085026059,exact,I4210092888,False,331,round4_maxpapers
4071,袁荃,A5001940565,exact,I16609230,False,380,round4_maxpapers
4072,杜建忠,A5011217965,exact,I116953780,False,199,round4_maxpapers
4073,刘波,A5114377956,exact,I24185976,False,3948,round4_maxpapers
4076,黄延强,A5054330732,exact,I180585399,False,212,round4_maxpapers
4077,石峰,A5100775020,exact,I4210089297,False,560,round4_maxpapers
4078,石伟群,A5080865424,exact,I4210137180,False,953,round4_maxpapers
4080,杨宁,A5108053325,exact,I4210133325,False,240,round4_maxpapers
4081,樊江莉,A5073547897,exact,I27357992,False,449,round4_maxpapers
4082,刘培念,A5059828101,exact,I143593769,False,229,round4_maxpapers
4083,李从刚,A5069253299,exact,I4210099135,False,196,round4_maxpapers
4084,杨恒权,A5003504831,exact,I181877577,False,164,round4_maxpapers
4085,蓝斐,A5101882183,exact,I24943067,False,119,round4_maxpapers
4087,于黎,A5100345712,exact,I189210763,False,1091,round4_maxpapers
4088,向烨,A5100713722,exact,I99065089,False,150,round4_maxpapers
4089,秦国政,A5031850952,exact,I4210158097,False,156,round4_maxpapers
4091,毕彦超,A5061428842,exact,I25254941,True,167,round4_semtie
4092,王晓伟,A5008496267,exact,I76130692,False,315,round4_maxpapers
4093,晏向华,A5060337576,exact,I204823248,False,75,round4_maxpapers
4094,王应祥,A5088959897,exact,I24943067,True,208,round4_semtie
4095,张龙,A5100363498,exact,I76130692,False,749,round4_maxpapers
4096,巫永睿,A5108337108,exact,I4210106477,False,2515,round4_maxpapers
4097,姜长涛,A5004463159,exact,I20231570,False,148,round4_maxpapers
4098,储诚进,A5010287013,exact,I157773358,False,187,round4_maxpapers
4099,杨力,A5112905610,exact,I4210106477,True,418,round4_semtie
4100,杨辉,A5100334957,exact,I4210106477,True,182,round4_semtie
4101,潘巍峻,A5101667503,exact,I4210106477,False,78,round4_maxpapers
4102,谌小维,A5100457823,exact,I151075929,False,238,round4_maxpapers
4103,徐强,A5088556682,exact,I204823248,False,593,round4_maxpapers
4104,于海鹏,A5081082423,exact,I47689461,False,136,round4_maxpapers
4105,谭安江,A5103155114,exact,I4210106477,True,45,round4_semtie
4106,谭明乾,A5021734365,exact,I88372448,False,342,round4_maxpapers
4107,曹鹏,A5051067303,exact,I4210086405,False,617,round4_maxpapers
4108,陶小荣,A5008707616,exact,I119454577,False,93,round4_maxpapers
4111,孙飞,A5100400820,exact,I4210112540,False,307,round4_maxpapers
4112,朱作峰,A5006331785,exact,I52158045,False,62,round4_maxpapers
4113,程红,A5103412171,exact,I4210106477,False,149,round4_maxpapers
4114,杨琛,A5100350397,exact,I4210106477,False,549,round4_maxpapers
4115,赵建国,A5057825204,exact,I4210167311,False,159,round4_maxpapers
4116,崔宗强,A5113994534,exact,I4210106882,False,111,round4_maxpapers
4118,陈实,A5059228473,exact,I37461747,False,277,round4_maxpapers
4119,刘颖,A5100414285,exact,I20231570,False,2250,round4_maxpapers
4120,李毓龙,A5100428710,exact,I20231570,True,466,round4_semtie
4121,孔照胜,A5109439550,exact,I4210134982,False,83,round4_maxpapers
4122,周志刚,A5101507833,exact,I4210149219,False,187,round4_maxpapers
4123,程昊,A5075087804,exact,I116953780,False,83,round4_maxpapers
4124,袁文平,A5069058569,exact,I157773358,False,381,round4_maxpapers
4125,吴忠庆,A5101412365,exact,I126520041,False,2295,round4_maxpapers
4126,赵鹏军,A5041696562,exact,I20231570,False,666,round4_maxpapers
4127,袁志刚,A5036043864,exact,I37461747,False,267,round4_maxpapers
4128,吴怀春,A5067661736,exact,I3125743391,False,225,round4_maxpapers
4129,赵传峰,A5042468246,exact,I25254941,False,297,round4_maxpapers
4130,周顺桂,A5055432128,exact,I61057504,True,438,round4_semtie
4131,张立强,A5100459445,exact,I25254941,False,420,round4_maxpapers
4132,李思亮,A5113750488,exact,I162868743,False,768,round4_maxpapers
4133,袁增伟,A5013353346,exact,I881766915,False,162,round4_maxpapers
4134,王爱慧,A5090248616,exact,I4210152758,False,78,round4_maxpapers
4135,程晓,A5068881246,exact,I25254941,True,361,round4_semtie
4136,唐朝生,A5100735667,exact,I881766915,False,266,round4_maxpapers
4137,汪名怀,A5043031359,exact,I881766915,False,231,round4_maxpapers
4139,高彦征,A5054216825,exact,I119454577,True,236,round4_semtie
4140,王鑫,A5100327835,exact,I4210103685,False,1612,round4_maxpapers
4141,黄迪颖,A5009793860,exact,I4210103797,False,613,round4_maxpapers
4142,王林,A5008829405,exact,I4210152758,False,360,round4_maxpapers
4143,田辉,A5101908003,exact,I3018690959,True,113,round4_semtie
4145,王小萍,A5100459905,exact,I4210141476,False,336,round4_maxpapers
4146,林霄沛,A5060962288,exact,I59028903,False,194,round4_maxpapers
4147,付巧妹,A5036993680,exact,I4210086287,False,109,round4_maxpapers
4148,李正强,A5100634225,exact,,False,1142,round4_maxpapers
4149,郑华,A5067812749,exact,I4210144289,False,415,round4_maxpapers
4150,赵晓丽,A5072070662,exact,I4210156332,False,490,round4_maxpapers
4151,李志伟,A5029039359,exact,I139660479,False,545,round4_maxpapers
4152,陈晓清,A5109484136,exact,I4210124748,False,216,round4_maxpapers
4153,谢桂青,A5104470390,exact,,False,122,round4_maxpapers
4155,李峰,A5100448879,exact,I194450716,False,621,round4_maxpapers
4156,张广清,A5015671752,exact,I4210162190,True,9,round4_semtie
4157,龚政,A5062999041,exact,I163340411,False,141,round4_maxpapers
4158,吴丁财,A5101412365,exact,I157773358,False,2295,round4_maxpapers
4159,赵宏伟,A5047878036,exact,I194450716,False,352,round4_maxpapers
4160,谢小荣,A5037508477,exact,I99065089,False,300,round4_maxpapers
4161,李武华,A5101505887,exact,I76130692,False,393,round4_maxpapers
4162,李建树,A5100402504,exact,I24185976,False,1744,round4_maxpapers
4163,罗坤,A5040307220,exact,I76130692,False,650,round4_maxpapers
4164,张弛,A5100458183,exact,I27357992,False,1372,round4_maxpapers
4165,张艳锋,A5108166978,exact,I20231570,False,1586,round4_maxpapers
4166,王健君,A5100410419,exact,I4210155088,False,441,round4_maxpapers
4167,孙卫玲,A5030873303,exact,I20231570,False,290,round4_maxpapers
4168,王刚,A5100367305,exact,I113940042,False,963,round4_maxpapers
4169,吴水林,A5102804002,exact,I162868743,False,467,round4_maxpapers
4170,汪怀远,A5115602103,exact,I162868743,False,1416,round4_maxpapers
4171,余彦,A5100695418,exact,I126520041,False,749,round4_maxpapers
4172,王发洲,A5013692403,exact,I196699116,False,311,round4_maxpapers
4173,张晨辉,A5114377242,exact,I99065089,False,274,round4_maxpapers
4174,鄢俊敏,A5002436361,exact,I194450716,False,204,round4_maxpapers
4175,崔宏志,A5000291571,exact,I180726961,False,387,round4_maxpapers
4176,朱嘉,A5100769994,exact,I881766915,False,255,round4_maxpapers
4178,傅继阳,A5016666274,exact,I37987034,True,185,round4_semtie
4179,杨上峰,A5038497484,exact,I126520041,False,1647,round4_maxpapers
4180,陈蓉,A5100419031,exact,I158842170,False,928,round4_maxpapers
4181,黄永安,A5075307304,exact,I47720641,False,258,round4_maxpapers
4182,刘广义,A5100737333,exact,I139660479,False,185,round4_maxpapers
4183,陈益峰,A5100400351,exact,I37461747,False,224,round4_maxpapers
4184,丁彬,A5018799615,exact,I181326427,False,794,round4_maxpapers
4185,刘新华,A5071054959,exact,I92403157,False,323,round4_maxpapers
4186,赵立东,A5008598564,exact,I82880672,False,528,round4_maxpapers
4188,王志伟,A5100449940,exact,I116953780,False,901,round4_maxpapers
4189,温斌,A5064332635,exact,I39333907,False,306,round4_maxpapers
4190,吕友军,A5064307398,exact,I87445476,False,163,round4_maxpapers
4191,董必钦,A5101658700,exact,I180726961,False,266,round4_maxpapers
4192,韩邦成,A5017471039,exact,I82880672,False,241,round4_maxpapers
4193,訾斌,A5101886321,exact,I16365422,False,99,round4_maxpapers
4194,张瑜,A5108166978,exact,I82880672,False,1586,round4_maxpapers
4195,刘攀,A5100713390,exact,I76569877,False,565,round4_maxpapers
4196,邵涛,A5075478312,exact,I4210128819,False,445,round4_maxpapers
4197,李迎光,A5044046297,exact,I9842412,False,336,round4_maxpapers
4198,田华雨,A5100689825,exact,I4210092888,False,253,round4_maxpapers
4199,戴庆,A5084024507,exact,I4210141483,False,416,round4_maxpapers
4200,刘锐平,A5115603277,exact,I4210144289,False,241,round4_maxpapers
4201,沈俊,A5031318875,exact,I4210140689,False,666,round4_maxpapers
4202,石峰,A5000306365,exact,I75390827,False,199,round4_maxpapers
4203,张阿漫,A5062751298,exact,I151727225,False,299,round4_maxpapers
4204,蒋金洋,A5077960403,exact,I76569877,False,256,round4_maxpapers
4205,翟成,A5052077864,exact,I25757504,False,214,round4_maxpapers
4206,鲁军勇,A5100761521,exact,I2800710378,False,127,round4_maxpapers
4207,陈海生,A5050410033,exact,I4210120320,False,613,round4_maxpapers
4208,何旭辉,A5063500113,exact,I139660479,False,280,round4_maxpapers
4209,狄增峰,A5021348954,exact,I4210147322,False,253,round4_maxpapers
4210,黄辉,A5086764844,exact,I4210165038,True,600,round4_semtie
4211,冯国瑞,A5029894687,exact,I9086337,False,63,round4_maxpapers
4212,徐飞,A5024353201,exact,I881766915,False,521,round4_maxpapers
4213,刘胜利,A5100781966,exact,I183067930,False,1062,round4_maxpapers
4214,杨军,A5064324343,exact,I139024713,False,905,round4_maxpapers
4216,李刚,A5018012012,exact,I99065089,False,3382,round4_maxpapers
4217,徐文渊,A5060351020,exact,I76130692,False,183,round4_maxpapers
4218,李国良,A5100404163,exact,I99065089,False,471,round4_maxpapers
4219,刘云淮,A5100687684,exact,I20231570,False,1915,round4_maxpapers
4220,潘纲,A5084291326,exact,I76130692,False,542,round4_maxpapers
4221,刘洋,A5100355692,exact,I99065089,True,3267,round4_semtie
4222,迟楠,A5081905634,exact,I24943067,False,797,round4_maxpapers
4223,杨玉超,A5100743975,exact,I20231570,False,2388,round4_maxpapers
4224,张建华,A5068121401,exact,I139759216,False,1290,round4_maxpapers
4225,胡清华,A5056686459,exact,I162868743,True,620,round4_semtie
4226,陶晓明,A5087298250,exact,I99065089,False,909,round4_maxpapers
4227,丁贵广,A5057732142,exact,I99065089,False,280,round4_maxpapers
4228,周鹏,A5100438327,exact,I24943067,False,460,round4_maxpapers
4229,彭宇新,A5047811387,exact,I20231570,False,306,round4_maxpapers
4230,彭木根,A5060203564,exact,I139759216,False,855,round4_maxpapers
4231,龙世兵,A5010546200,exact,I126520041,False,262,round4_maxpapers
4232,黄磊,A5108051851,exact,I180726961,False,337,round4_maxpapers
4233,李明,A5100351349,exact,I4210149211,False,779,round4_maxpapers
4235,谢晖,A5100692141,exact,I204983213,False,279,round4_maxpapers
4236,程鑫彬,A5079275442,exact,I116953780,False,276,round4_maxpapers
4237,廖蕾,A5036022527,exact,I16609230,False,669,round4_maxpapers
4238,陆卫兵,A5035974480,exact,I76569877,False,190,round4_maxpapers
4239,王光臣,A5003684805,exact,I154099455,False,114,round4_maxpapers
4240,全伟,A5109324703,exact,I82880672,False,299,round4_maxpapers
4242,贾晓军,A5080998443,exact,I181877577,False,126,round4_maxpapers
4244,张进成,A5100638045,exact,I149594827,False,1222,round4_maxpapers
4245,陈海波,A5016870454,exact,I183067930,False,1762,round4_maxpapers
4246,卢孝强,A5018824735,exact,I4210144662,False,248,round4_maxpapers
4247,游经碧,A5058772219,exact,I4210149211,False,139,round4_maxpapers
4248,苏良碧,A5070087254,exact,I4210163874,False,499,round4_maxpapers
4249,刘连庆,A5040326170,exact,I142078773,False,613,round4_maxpapers
4250,董海荣,A5046146732,exact,I21193070,False,344,round4_maxpapers
4251,孙健,A5100428994,exact,I125839683,False,496,round4_maxpapers
4252,冷雨欣,A5053668185,exact,I4210135349,False,502,round4_maxpapers
4253,张龙,A5100363497,exact,I4210135349,False,594,round4_maxpapers
4254,林晓,A5068446678,exact,I4210165038,False,235,round4_maxpapers
4255,周文慧,A5020050758,exact,I90610280,False,373,round4_maxpapers
4256,周欣悦,A5033677056,exact,I76130692,False,170,round4_maxpapers
4257,刘承芳,A5100413276,exact,I20231570,False,921,round4_maxpapers
4261,张影,A5108166978,exact,I20231570,False,1586,round4_maxpapers
4262,张新雨,A5100390697,exact,I4210120485,False,563,round4_maxpapers
4263,方正,A5053463678,exact,I24185976,False,168,round4_maxpapers
4265,张健,A5100410082,exact,I183067930,False,2613,round4_maxpapers
4266,周宏伟,A5074481031,exact,I58200834,False,683,round4_maxpapers
4267,鲁伯埙,A5108051083,exact,I24943067,False,795,round4_maxpapers
4269,丁福森,A5014741949,exact,,False,68,round4_maxpapers
4270,李蓉,A5100385080,exact,I20231570,False,719,round4_maxpapers
4271,薛天,A5089287626,exact,I126520041,False,232,round4_maxpapers
4272,吕继成,A5074414128,exact,I20231570,False,286,round4_maxpapers
4273,朱永群,A5033058955,exact,I76130692,False,55,round4_maxpapers
4274,陈良怡,A5031603333,exact,I20231570,False,300,round4_maxpapers
4275,陈兰芬,A5068976750,exact,I191208505,False,69,round4_maxpapers
4276,王金勇,A5100690703,exact,I2802148028,False,145,round4_maxpapers
4277,李斌,A5100365204,exact,I3923682,False,1086,round4_maxpapers
4278,李于,A5100318325,exact,I4210106477,False,2168,round4_maxpapers
4280,刘刚,A5100412482,exact,I191208505,False,1250,round4_maxpapers
4281,李卫,A5100318325,exact,I4210167311,False,2168,round4_maxpapers
4282,缪小平,A5005035346,exact,I47720641,False,418,round4_maxpapers
4283,郑宏庭,A5047304167,exact,I151075929,False,124,round4_maxpapers
4284,赵强,A5035734785,exact,I205237279,False,1663,round4_maxpapers
4285,徐金富,A5017604391,exact,I116953780,False,325,round4_maxpapers
4286,李磊,A5100440257,exact,I87445476,False,578,round4_maxpapers
4288,刘再毅,A5112227828,exact,I4210153930,False,437,round4_maxpapers
4289,孙逊,A5014226106,exact,I24185976,False,335,round4_maxpapers
4291,王强,A5085403239,exact,I83519826,False,2650,round4_maxpapers
4292,戈惠明,A5024633873,exact,I881766915,False,398,round4_maxpapers
4293,张杰,A5100436731,exact,I191208505,False,1043,round4_maxpapers
4294,李涛,A5011047964,exact,,False,2431,round4_maxpapers
4295,唐亚梅,A5107242308,exact,I157773358,False,186,round4_maxpapers
4296,明东,A5011769657,exact,I162868743,False,745,round4_maxpapers
4297,秦成峰,A5062907814,exact,,False,488,round4_maxpapers
4298,周洁,A5100755298,exact,I5740404,False,156,round4_maxpapers
4299,林灼锋,A5101721378,exact,I27781120,False,44,round4_maxpapers
4300,高昊,A5091107099,exact,I159948400,False,333,round4_maxpapers
4301,朱波,A5010422757,exact,I151075929,False,303,round4_maxpapers
4302,张晨,A5100374169,exact,I183519381,True,192,round4_semtie
4303,喻良,A5101814743,exact,I881766915,False,2407,round4_maxpapers
4304,薛永泉,A5033353788,exact,I126520041,False,218,round4_maxpapers
4305,陈帅,A5106526083,exact,I126520041,False,1436,round4_maxpapers
4306,孙良亭,A5087291287,exact,I4210131271,False,187,round4_maxpapers
4307,丁虎,A5028970899,exact,I113940042,False,358,round4_maxpapers
4308,张会春,A5005023011,exact,I157773358,False,54,round4_maxpapers
4310,冯骅,A5091534675,exact,I99065089,False,271,round4_maxpapers
4311,黄性涛,A5051635806,exact,I154099455,True,397,round4_semtie
4312,宋凤麒,A5055941645,exact,I881766915,False,306,round4_maxpapers
4313,刘树彬,A5062471687,exact,I126520041,False,422,round4_maxpapers
4314,谭慧俊,A5101649854,exact,I9842412,False,102,round4_maxpapers
4315,黄忠亿,A5065270536,exact,I99065089,False,120,round4_maxpapers
4317,陈金辉,A5100627377,exact,I24943067,False,55,round4_maxpapers
4318,吕琦,A5100625029,exact,I24185976,False,953,round4_maxpapers
4319,徐勇,A5014876751,exact,I99065089,True,210,round4_semtie
4320,王嵬,A5059229969,exact,I20231570,True,766,round4_semtie
4322,李群仰,A5100430015,exact,I99065089,False,2277,round4_maxpapers
4323,李朝红,A5100634225,exact,I157773358,False,1142,round4_maxpapers
4324,裴永茂,A5039463358,exact,I20231570,False,202,round4_maxpapers
4325,周渊,A5045927034,exact,I25254941,True,171,round4_semtie
4326,王勇,A5100697116,exact,I4210120485,False,756,round4_maxpapers
4327,宋清海,A5032173897,exact,I204983213,False,389,round4_maxpapers
4328,肖湘衡,A5014658419,exact,I37461747,False,269,round4_maxpapers
4329,倪勇,A5021074473,exact,I126520041,False,343,round4_maxpapers
4330,姚涛,A5100749138,exact,I126520041,False,373,round4_maxpapers
4331,程金光,A5051573571,exact,I4210159876,False,406,round4_maxpapers
4332,陆凌,A5112039916,exact,I4210159876,False,198,round4_maxpapers
4333,索涛,A5022704617,exact,I17145004,False,198,round4_maxpapers
4334,孟胜,A5100650302,exact,I4210159876,False,542,round4_maxpapers
4335,项延训,A5076883312,exact,I143593769,False,168,round4_maxpapers
4336,沈俊太,A5101449074,exact,I183067930,False,155,round4_maxpapers
4339,张文禄,A5103078852,exact,I4210159876,False,116,round4_maxpapers
4340,万颖,A5077959613,exact,I21945476,False,228,round4_maxpapers
4341,江俊,A5100619997,exact,I126520041,False,822,round4_maxpapers
4342,路军岭,A5105297760,exact,I126520041,False,269,round4_maxpapers
4343,赵峰,A5100401202,exact,I4210119653,False,656,round4_maxpapers
4344,左小磊,A5047923935,exact,I183067930,False,248,round4_maxpapers
4346,曾小庆,A5066923468,exact,I24943067,False,343,round4_maxpapers
4347,李兰冬,A5010289866,exact,I205237279,False,316,round4_maxpapers
4348,刘心元,A5100781966,exact,I3045169105,False,1062,round4_maxpapers
4349,董安钢,A5067217210,exact,I24943067,False,147,round4_maxpapers
4350,郑耿锋,A5100727026,exact,I24943067,False,352,round4_maxpapers
4351,方千荣,A5017682896,exact,I194450716,False,356,round4_maxpapers
4352,赵一新,A5107853636,exact,I183067930,False,472,round4_maxpapers
4353,江德臣,A5062506108,exact,I881766915,False,196,round4_maxpapers
4354,赵劲,A5037794174,exact,I881766915,True,331,round4_semtie
4355,黄光明,A5044493695,exact,I126520041,False,103,round4_maxpapers
4356,燕立唐,A5031901355,exact,I99065089,False,133,round4_maxpapers
4357,赵亮,A5061568038,exact,I99065089,False,436,round4_maxpapers
4358,徐建鸿,A5017604391,exact,I99065089,False,325,round4_maxpapers
4359,黄小青,A5073869073,exact,I191208505,False,462,round4_maxpapers
4360,邓贤明,A5013649577,exact,I191208505,False,207,round4_maxpapers
4361,敖冰云,A5051803074,exact,,False,100,round4_maxpapers
4362,付磊,A5100608558,exact,I37461747,False,428,round4_maxpapers
4363,李朝升,A5100634225,exact,I881766915,False,1142,round4_maxpapers
4364,王峰,A5038772372,exact,I180585399,False,1993,round4_maxpapers
4365,刘涛,A5100338073,exact,I27357992,False,3175,round4_maxpapers
4366,宋术岩,A5013100135,exact,I4210092888,False,635,round4_maxpapers
4369,胡劲松,A5084064031,exact,,False,63,round4_maxpapers
4371,曹安民,A5114242756,exact,,False,60,round4_maxpapers
4375,万谦,A5045578484,exact,I47720641,False,255,round4_maxpapers
4376,王从洋,A5008499728,exact,I4210155088,False,188,round4_maxpapers
4377,刘国柱,A5018069202,exact,I162868743,False,252,round4_maxpapers
4378,曲大辉,A5046170466,exact,I143593769,False,255,round4_maxpapers
4379,闫学海,A5112210807,exact,I4210133325,False,272,round4_maxpapers
4381,张长斌,A5108812091,exact,I4210144289,False,211,round4_maxpapers
4382,杨勇,A5100402375,exact,I4210159903,False,1170,round4_maxpapers
4383,谢海燕,A5011241805,exact,I125839683,False,130,round4_maxpapers
4384,李春山,A5110544118,exact,I4210133325,False,163,round4_maxpapers
4385,张鹏,A5100364154,exact,I4210106477,False,621,round4_maxpapers
4386,张智,A5114375150,exact,I126520041,False,2059,round4_maxpapers
4387,吴建国,A5029606359,exact,I61057504,False,472,round4_maxpapers
4388,孙启明,A5066143389,exact,I76130692,False,75,round4_maxpapers
4389,王强,A5085403239,exact,I4210167311,False,2650,round4_maxpapers
4390,杨巍维,A5074219510,exact,I4210106477,False,106,round4_maxpapers
4391,艾连中,A5051702984,exact,I148128674,False,290,round4_maxpapers
4392,刘兴国,A5039608025,exact,I2802148028,False,189,round4_maxpapers
4393,李盛英,A5109592528,exact,I154099455,True,214,round4_semtie
4394,陈帅,A5106526083,exact,I881766915,False,1436,round4_maxpapers
4395,汪阳明,A5115621100,exact,I20231570,False,514,round4_maxpapers
4396,薛愿超,A5086086716,exact,I4210112540,False,87,round4_maxpapers
4397,程磊,A5100625462,exact,I76130692,False,162,round4_maxpapers
4398,张宜辉,A5100683230,exact,I191208505,False,67,round4_maxpapers
4400,田丰,A5061736056,exact,I52158045,False,111,round4_maxpapers
4401,唐志尧,A5061129805,exact,I20231570,True,265,round4_semtie
4402,李程,A5100354225,exact,I20231570,False,1797,round4_maxpapers
4403,汪方炜,A5065663097,exact,I76130692,False,488,round4_maxpapers
4404,武爱波,A5011532820,exact,I4210106477,False,131,round4_maxpapers
4405,刘琴,A5100432490,exact,I143593769,False,912,round4_maxpapers
4406,梁振昌,A5109421324,exact,I4210158097,False,108,round4_maxpapers
4408,常兴,A5100569696,exact,I3133055985,False,86,round4_maxpapers
4409,王毅,A5003035201,exact,I52158045,False,1586,round4_maxpapers
4411,周红波,A5073430356,exact,I204823248,False,115,round4_maxpapers
4412,张小兰,A5100759722,exact,I52158045,False,474,round4_maxpapers
4413,李大力,A5083283915,exact,I66867065,False,229,round4_maxpapers
4414,韩军,A5062678607,exact,I52158045,False,164,round4_maxpapers
4415,吴爱国,A5021213624,exact,I4210165339,False,462,round4_maxpapers
4417,陈义华,A5112400806,exact,I4210134982,False,145,round4_maxpapers
4419,王克剑,A5052769365,exact,I4210160522,False,153,round4_maxpapers
4421,王彦芳,A5100372538,exact,I4210149494,False,175,round4_maxpapers
4422,孙永华,A5100411563,exact,I4210089584,False,221,round4_maxpapers
4423,张爱铖,A5076870068,exact,I881766915,False,82,round4_maxpapers
4424,冯晓娟,A5091768480,exact,I4210158097,False,132,round4_maxpapers
4425,饶莹,A5048628358,exact,,False,94,round4_maxpapers
4426,王鑫,A5100327835,exact,I76214153,False,1612,round4_maxpapers
4427,丁巍伟,A5103324589,exact,,False,323,round4_maxpapers
4428,刘传周,A5022675204,exact,I4210126061,False,145,round4_maxpapers
4429,赵坤,A5077633829,exact,I881766915,True,215,round4_semtie
4430,王孝磊,A5100367734,exact,I881766915,False,509,round4_maxpapers
4432,石振清,A5073747745,exact,I90610280,False,81,round4_maxpapers
4433,倪彬彬,A5025436380,exact,I37461747,True,392,round4_semtie
4436,周波涛,A5067830456,exact,I200845125,False,220,round4_maxpapers
4438,孙颖,A5090118631,exact,I4210137309,False,520,round4_maxpapers
4439,刘忠方,A5100413276,exact,I116953780,False,921,round4_maxpapers
4441,李晓明,A5100452106,exact,I4210137199,False,202,round4_maxpapers
4442,王栋,A5100391508,exact,I59028903,False,1125,round4_maxpapers
4443,侯居峙,A5038380310,exact,I4210141476,False,152,round4_maxpapers
4444,袁松虎,A5024129667,exact,I3124059619,False,172,round4_maxpapers
4445,胡斯勒图,A5018791152,exact,,False,153,round4_maxpapers
4448,沙忠利,A5007013392,exact,I4210101167,False,129,round4_maxpapers
4449,赵军红,A5101970121,exact,I3124059619,False,114,round4_maxpapers
4450,史建波,A5081456949,exact,I4210144289,True,359,round4_semtie
4451,高剑峰,A5114910293,exact,I4210135735,False,556,round4_maxpapers
4453,晏宏,A5027838533,exact,I4210159790,False,251,round4_maxpapers
4454,孙福宝,A5100680054,exact,I4210103115,False,160,round4_maxpapers
4455,陈昶乐,A5101847617,exact,I126520041,False,2382,round4_maxpapers
4456,穆杨,A5039103443,exact,I126520041,False,230,round4_maxpapers
4457,陈皓生,A5003564173,exact,I99065089,False,114,round4_maxpapers
4458,姜学松,A5033142809,exact,I183067930,False,216,round4_maxpapers
4459,于浩海,A5081405135,exact,I154099455,False,505,round4_maxpapers
4460,崔元靖,A5048943963,exact,I76130692,False,370,round4_maxpapers
4461,王勇,A5100424542,exact,I76130692,False,1070,round4_maxpapers
4462,吴镝,A5008227987,exact,I881766915,False,1062,round4_maxpapers
4463,刘开辉,A5062665819,exact,I20231570,True,6,round4_semtie
4464,徐连勇,A5075233046,exact,I162868743,False,182,round4_maxpapers
4465,万相见,A5031168704,exact,I205237279,False,324,round4_maxpapers
4466,于浦,A5045612744,exact,I99065089,False,294,round4_maxpapers
4467,敬登伟,A5066493240,exact,I87445476,False,316,round4_maxpapers
4469,任祝寅,A5030970553,exact,I99065089,False,781,round4_maxpapers
4470,李斌,A5082213051,exact,I162868743,False,3511,round4_maxpapers
4471,李利平,A5052819678,exact,I154099455,False,2363,round4_maxpapers
4472,刘铁军,A5082373262,exact,I204983213,False,257,round4_maxpapers
4473,侯旭,A5040962521,exact,I191208505,False,180,round4_maxpapers
4474,易雨君,A5101919140,exact,I25254941,False,176,round4_maxpapers
4475,郭少军,A5037493153,exact,I20231570,False,364,round4_maxpapers
4476,张徐祥,A5056000711,exact,I881766915,True,23,round4_semtie
4477,张志辉,A5100451624,exact,I194450716,False,838,round4_maxpapers
4478,殷国栋,A5064394634,exact,I76569877,False,428,round4_maxpapers
4479,华旭刚,A5059162931,exact,I16609230,False,167,round4_maxpapers
4480,朱延河,A5054543629,exact,I204983213,False,270,round4_maxpapers
4481,周颖,A5108167590,exact,I116953780,False,1083,round4_maxpapers
4482,侯新梅,A5068369655,exact,I92403157,False,333,round4_maxpapers
4483,赵海波,A5040961284,exact,I47720641,False,480,round4_maxpapers
4484,秦洪德,A5076687329,exact,I151727225,False,169,round4_maxpapers
4485,嵇春艳,A5103201145,exact,I4210096899,False,159,round4_maxpapers
4486,谷林,A5016680184,exact,I4210159876,False,1707,round4_maxpapers
4488,周军,A5100781212,exact,I47720641,False,1066,round4_maxpapers
4489,孔杰,A5033568110,exact,I17145004,False,517,round4_maxpapers
4490,吴云,A5070604762,exact,I4210104252,False,103,round4_maxpapers
4491,席晓丽,A5101833795,exact,I37796252,False,177,round4_maxpapers
4492,杨强,A5100636286,exact,I143593769,False,1306,round4_maxpapers
4493,孟进,A5014595844,exact,I2800710378,False,234,round4_maxpapers
4494,屈治国,A5082505917,exact,I87445476,False,423,round4_maxpapers
4495,邵金友,A5089597244,exact,I87445476,False,210,round4_maxpapers
4496,赵佳飞,A5070851446,exact,I27357992,False,1221,round4_maxpapers
4497,汤朝晖,A5108053575,exact,I4210092888,False,265,round4_maxpapers
4498,李亮,A5100420703,exact,I3923682,False,1154,round4_maxpapers
4499,赵文祥,A5056209932,exact,I115592961,False,471,round4_maxpapers
4500,雷亚国,A5008554873,exact,I87445476,False,228,round4_maxpapers
4501,路德春,A5072277985,exact,I37796252,False,159,round4_maxpapers
4502,吴翊,A5108337108,exact,I87445476,False,2515,round4_maxpapers
4503,赵勇,A5100754732,exact,I4210092032,False,307,round4_maxpapers
4504,汪爱英,A5115595326,exact,I4210165339,False,279,round4_maxpapers
4505,何春年,A5000026480,exact,I162868743,False,366,round4_maxpapers
4506,张军辉,A5100353416,exact,I56934997,False,254,round4_maxpapers
4507,王育才,A5100687842,exact,I126520041,False,1518,round4_maxpapers
4508,谷国迎,A5070063268,exact,I183067930,False,187,round4_maxpapers
4509,徐海阳,A5078053186,exact,I184983240,False,176,round4_maxpapers
4510,李永兵,A5100391235,exact,I183067930,False,1001,round4_maxpapers
4511,张璐璐,A5107993185,exact,I183067930,False,281,round4_maxpapers
4512,义理林,A5011327265,exact,I183067930,False,368,round4_maxpapers
4513,刘利刚,A5100635702,exact,I126520041,True,408,round4_semtie
4514,余学功,A5021404727,exact,I76130692,False,217,round4_maxpapers
4515,付松年,A5084395490,exact,I139024713,False,841,round4_maxpapers
4516,高云君,A5006238145,exact,I76130692,False,367,round4_maxpapers
4517,马晓星,A5041674680,exact,I881766915,False,203,round4_maxpapers
4518,席鹏,A5101993817,exact,I20231570,False,244,round4_maxpapers
4519,蔡一茂,A5060554231,exact,I20231570,False,118,round4_maxpapers
4520,崔庆华,A5027886490,exact,I20231570,False,268,round4_maxpapers
4521,韩根全,A5055388927,exact,I149594827,False,412,round4_maxpapers
4522,马思伟,A5039832462,exact,I20231570,False,685,round4_maxpapers
4524,刘华平,A5041101317,exact,I99065089,True,671,round4_semtie
4525,吴华强,A5040105498,exact,I99065089,False,349,round4_maxpapers
4526,张广艳,A5102854878,exact,I99065089,True,91,round4_semtie
4527,张蕾,A5100434028,exact,I24185976,False,2159,round4_maxpapers
4529,纪荣嵘,A5016080094,exact,I191208505,True,836,round4_semtie
4531,程龙,A5108401200,exact,I4210112150,True,339,round4_semtie
4532,谷延锋,A5034748006,exact,I204983213,False,233,round4_maxpapers
4533,李东升,A5100440919,exact,I170215575,False,1156,round4_maxpapers
4534,吴帆,A5059190563,exact,I183067930,False,432,round4_maxpapers
4535,丁大志,A5048726602,exact,I36399199,False,249,round4_maxpapers
4536,韩家广,A5021301048,exact,I162868743,False,485,round4_maxpapers
4537,赵延龙,A5069244384,exact,I4210120485,False,171,round4_maxpapers
4539,郭斌,A5078005520,exact,I17145004,False,588,round4_maxpapers
4540,李世华,A5101436495,exact,I76569877,False,2433,round4_maxpapers
4542,崔嵬,A5100653960,exact,I125839683,False,814,round4_maxpapers
4543,谢鲲,A5051933409,exact,I16609230,False,202,round4_maxpapers
4545,吕杭炳,A5111976023,exact,I4210119392,False,215,round4_maxpapers
4546,郭磊,A5100344279,exact,I10535382,False,651,round4_maxpapers
4547,王建禄,A5059276141,exact,I4210135723,False,136,round4_maxpapers
4548,王震,A5100422286,exact,I17145004,False,850,round4_maxpapers
4549,刘艳军,A5100687684,exact,I2898894,False,1915,round4_maxpapers
4550,韩银和,A5016864694,exact,I4210090176,False,223,round4_maxpapers
4551,杨健,A5087117028,exact,I125839683,False,1221,round4_maxpapers
4552,康凯,A5029718819,exact,I150229711,False,301,round4_maxpapers
4553,陈彩莲,A5038267080,exact,I183067930,False,562,round4_maxpapers
4554,邓方,A5108050766,exact,I125839683,False,320,round4_maxpapers
4555,吴肖乐,A5108167595,exact,I24943067,False,3476,round4_maxpapers
4556,荣鹰,A5018560755,exact,I183067930,False,121,round4_maxpapers
4557,镇璐,A5059572294,exact,I113940042,False,279,round4_maxpapers
4558,闫相斌,A5058377213,exact,I92403157,False,125,round4_maxpapers
4559,肖峰,A5052019991,exact,I204831749,False,175,round4_maxpapers
4560,魏玖长,A5048332133,exact,I126520041,False,146,round4_maxpapers
4561,鲁玺,A5005558847,exact,I99065089,False,180,round4_maxpapers
4562,陈凯华,A5101570371,exact,I4210116191,False,66,round4_maxpapers
4563,吕欣,A5032415518,exact,I170215575,False,274,round4_maxpapers
4565,刘胡丹,A5053322275,exact,I37461747,False,77,round4_maxpapers
4566,王迪,A5100401397,exact,I76130692,True,121,round4_semtie
4567,陈万金,A5028151175,exact,I129708740,False,158,round4_maxpapers
4568,甘勇,A5101591422,exact,I4210112820,False,317,round4_maxpapers
4569,章小清,A5100434636,exact,I116953780,False,366,round4_maxpapers
4570,周翔天,A5016372231,exact,I27781120,False,268,round4_maxpapers
4571,李聪,A5100331549,exact,I24943067,False,320,round4_maxpapers
4572,郑磊,A5100415060,exact,I58200834,False,694,round4_maxpapers
4573,苏佳灿,A5108054104,exact,I177933477,False,352,round4_maxpapers
4574,毕惠嫦,A5020183416,exact,I157773358,False,199,round4_maxpapers
4575,王鹏,A5100396117,exact,I24943067,False,1080,round4_maxpapers
4576,张政,A5100459168,exact,I3045169105,False,1076,round4_maxpapers
4577,杨吉春,A5005296486,exact,I20231570,False,133,round4_maxpapers
4579,王成硕,A5021264165,exact,I183519381,False,241,round4_maxpapers
4580,胡洪波,A5065541374,exact,I24185976,False,291,round4_maxpapers
4581,赵勇,A5071440898,exact,I157773358,False,282,round4_maxpapers
4582,姚红红,A5011257788,exact,I76569877,False,161,round4_maxpapers
4583,陈瑞,A5100403693,exact,I183519381,False,748,round4_maxpapers
4584,杨旗,A5063409605,exact,I183519381,False,478,round4_maxpapers
4585,张力,A5100425554,exact,I183067930,False,3582,round4_maxpapers
4586,胡海,A5101592769,exact,I157773358,True,326,round4_semtie
4587,杨磊,A5011903902,exact,I184843921,False,574,round4_maxpapers
4588,胡颖,A5100668236,exact,I204983213,False,574,round4_maxpapers
4589,吕奔,A5079333777,exact,I139660479,False,88,round4_maxpapers
4590,徐蔚海,A5101672052,exact,I200296433,False,151,round4_maxpapers
4591,于政权,A5072961920,exact,I52158045,False,117,round4_maxpapers
4592,赵金存,A5070851446,exact,I92039509,False,1221,round4_maxpapers
4593,王利,A5107889976,exact,I4210161896,False,3029,round4_maxpapers
4594,江陆斌,A5063410384,exact,I4210096219,False,72,round4_maxpapers
4595,张玉峰,A5108166978,exact,I37461747,False,1586,round4_maxpapers
4596,何金汗,A5036939586,exact,I24185976,False,106,round4_maxpapers
4598,潘欣,A5101468880,exact,,False,385,round4_maxpapers
4599,高山,A5085187269,exact,I4210092817,False,459,round4_maxpapers
4600,马鑫,A5100324445,exact,I111599522,False,418,round4_maxpapers
4601,施小明,A5043178518,exact,,True,41,round4_semtie
4602,陈建新,A5100379148,exact,I17747738,False,438,round4_maxpapers
