rid,eu_name,authorid,match_type,host_id,source,n_papers,cn_name,field_text,inst_text,year,gold_authorid
212,邹汉法,A5106276897,original,I180585399,original_gold,493.0,邹汉法,色谱分析,中国科学院大连化学物理研究所,1997,A5106276897
213,祝之明,A5087745821,original,I151075929,original_gold,403.0,祝之明,心血管系统内科学,中国人民解放军第三军医大学,1997,A5087745821
214,朱玉贤,A5025930783,original,I20231570,original_gold,161.0,朱玉贤,植物激素、生长发育及生殖生理,北京大学,1997,A5025930783
215,朱力行,A5108053866,annotation,I4210120485,annotation_llm,301.0,朱力行,数理统计,中国科学院数学与系统科学研究院,1997,
216,周仲荣,A5071586711,original,I4800084,original_gold,248.0,周仲荣,摩擦学,西南交通大学,1997,A5071586711
217,周玉,A5012041302,original,I204983213,original_gold,886.0,周玉,结构陶瓷,哈尔滨工业大学,1997,A5012041302
218,周卫建,A5110357957,original,I4210159790,original_gold,17.0,周卫建,地球化学,中国科学院地球环境研究所,1997,A5110357957
219,周其林,A5075038156,original,I205237279,original_gold,542.0,周其林,有机化学,南开大学,1997,A5075038156
220,钟志华,A5101987780,original,I16609230,original_gold,196.0,钟志华,机械学科,湖南大学,1997,A5101987780
221,郑晓静,A5072716527,original,I76214153,original_gold,284.0,郑晓静,固体力学,兰州大学,1997,A5072716527
222,赵宪庚,A5110332885,original,I4210145278,original_gold,158.0,赵宪庚,物理学(I),北京应用物理与计算数学研究所,1997,A5110332885
224,赵进才,A5032690227,original,I4210140689,original_gold,571.0,赵进才,环境化学,中国科学院理化技术研究所,1997,A5032690227
225,赵刚,A5046444692,original,I4210164580,original_gold,972.0,赵刚,恒星物理与星际物质,中国科学院国家天文台,1997,A5046444692
226,章明秋,A5109596492,original,I157773358,original_gold,157.0,章明秋,高分子材料学科,中山大学,1997,A5109596492
227,张志东,A5100672482,original,I4210126304,original_gold,651.0,张志东,超导材料,中国科学院金属研究所,1997,A5100672482
228,张玉卓,A5102002176,original,,original_gold,49.0,张玉卓,岩土力学及地基基础,煤炭科学技术研究院有限公司,1997,A5102002176
229,张毅刚,A5057527760,original,I4210126061,original_gold,53.0,张毅刚,岩石学,中国科学院地质与地球物理研究所,1997,A5057527760
230,张希,A5100430842,original,I194450716,original_gold,924.0,张希,高分子科学,吉林大学,1997,A5100430842
231,张文栋,A5100739058,original,I135714990,original_gold,1355.0,张文栋,传感器技术与测试仪器,中北大学,1997,A5100739058
232,张纪峰,A5100784043,original,I4210120485,original_gold,352.0,张纪峰,自动化科学,中国科学院数学与系统科学研究院,1997,A5100784043
233,张洪杰,A5100784043,original,I4210092888,original_gold,352.0,张洪杰,固体无机化学,中国科学院长春应用化学研究所,1997,A5100784043
234,尤肖虎,A5072916702,original,I76569877,original_gold,1433.0,尤肖虎,信息理论与信息系统,东南大学,1997,A5072916702
235,雍炯敏,A5101508592,original,I24943067,original_gold,276.0,雍炯敏,控制论,复旦大学,1997,A5101508592
236,应明生,A5023088481,original,I9842412,original_gold,410.0,应明生,计算机科学技术的基础理论,南京航空航天大学,1997,A5023088481
237,叶其壮,A5006122122,original,I4210112820,original_gold,28.0,叶其壮,生物化学和分子生物学,中国科学院上海药物研究所,1997,A5006122122
238,杨群,A5062645340,original,I4210103797,original_gold,174.0,杨群,古生物学,中国科学院南京地质古生物研究所,1997,A5062645340
239,许庚,A5101820164,original,I157773358,original_gold,117.0,许庚,耳鼻喉科学,中山大学,1997,A5101820164
240,徐安龙,A5003738856,original,I157773358,original_gold,383.0,徐安龙,生物化学和分子生物学,中山大学,1997,A5003738856
241,邢达,A5111489285,original,I187400657,original_gold,183.0,邢达,激光,华南师范大学,1997,A5111489285
242,夏照帆,A5046548706,original,I177933477,original_gold,273.0,夏照帆,创伤外科与烧伤外科学,中国人民解放军第二军医大学,1997,A5046548706
243,武向平,A5108918695,original,I4210164580,original_gold,25.0,武向平,宇宙学,中国科学院国家天文台,1997,A5108918695
244,吴忠良,A5101123158,original,I4405272254,original_gold,178.0,吴忠良,地球物理学与空间物理,中国地震局地球物理研究所,1997,A5101123158
245,吴平,A5080399206,original,I76130692,original_gold,215.0,吴平,作物遗传育种新方法,浙江大学,1997,A5080399206
246,吴建平,A5001949272,original,I99065089,original_gold,551.0,吴建平,计算机网络与分布式计算系统,清华大学,1997,A5001949272
247,吴长勤,A5110499325,original,I24943067,original_gold,43.0,吴长勤,凝聚态物性II:电子结构、电学、磁学和光学性质,复旦大学,1997,A5110499325
248,魏于全,A5090403310,original,I24185976,original_gold,1161.0,魏于全,肿瘤学,四川大学,1997,A5090403310
249,魏飞,A5111728714,original,I99065089,original_gold,375.0,魏飞,化学工程及工业化学,清华大学,1997,A5111728714
250,王永学,A5084584657,original,I27357992,original_gold,149.0,王永学,工程水力学,大连理工大学,1997,A5084584657
252,王梅祥,A5057938108,original,I4210155088,original_gold,1.0,王梅祥,有机化学,中国科学院化学研究所,1997,A5057938108
253,王利祥,A5100732436,original,I4210092888,original_gold,790.0,王利祥,高分子合成,中国科学院长春应用化学研究所,1997,A5100732436
254,王道文,A5115602062,original,I4210124606,original_gold,237.0,王道文,分子遗传学,中国科学院遗传与发育生物学研究所,1997,A5115602062
255,王彪,A5100439502,original,I204983213,original_gold,1935.0,王彪,固体力学,哈尔滨工业大学,1997,A5100439502
256,童真,A5020641370,original,I90610280,original_gold,433.0,童真,高分子科学,华南理工大学,1997,A5020641370
257,唐小我,A5029409118,original,I150229711,original_gold,214.0,唐小我,预测技术,电子科技大学,1997,A5029409118
258,唐承薇,A5073301461,original,I87780372,original_gold,232.0,唐承薇,消化系统内科学,重庆医科大学,1997,A5073301461
259,谭仁祥,A5109192011,original,I881766915,original_gold,246.0,谭仁祥,药物学,南京大学,1997,A5109192011
260,谈和平,A5090805534,original,I204983213,original_gold,346.0,谈和平,工程热物理与能源利用学科,哈尔滨工业大学,1997,A5090805534
261,孙茂,A5059023717,original,I82880672,original_gold,131.0,孙茂,气动力学,北京航空航天大学,1997,A5059023717
262,孙昌璞,A5101094455,original,I4210125404,original_gold,92.0,孙昌璞,经典物理学和量子理论,中国科学院理论物理研究所,1997,A5101094455
263,丘小庆,A5112845249,original,I24185976,original_gold,31.0,丘小庆,分子神经生物学,四川大学,1997,A5112845249
264,乔利杰,A5100393692,original,I92403157,original_gold,459.0,乔利杰,金属材料学科,北京科技大学,1997,A5100393692
265,欧阳颀,A5056459691,original,I20231570,original_gold,286.0,欧阳颀,热力学与统计物理学(含混沌),北京大学,1997,A5056459691
266,牛焱,A5005790113,original,I4210126304,original_gold,83.0,牛焱,金属腐蚀与防护,中国科学院金属研究所,1997,A5005790113
267,毛希安,A5111704368,original,I4210099135,original_gold,87.0,毛希安,谱学,中国科学院武汉物理与数学研究所,1997,A5111704368
268,马余刚,A5038434172,original,I4210123885,original_gold,86.0,马余刚,核物理,中国科学院上海应用物理研究所,1997,A5038434172
269,马大为,A5005585096,original,I4210112946,original_gold,580.0,马大为,有机化学,中国科学院上海有机化学研究所,1997,A5005585096
270,吕应堂,A5006630427,annotation,I37461747,annotation_llm,95.0,吕应堂,细胞生物学及发育生物学,武汉大学,1997,
271,吕力,A5034973415,original,I4210159876,original_gold,160.0,吕力,物理学(I),中国科学院物理研究所,1997,A5034973415
272,罗泽伟,A5088831118,original,I24943067,original_gold,79.0,罗泽伟,遗传学,复旦大学,1997,A5088831118
273,刘振宇,A5111822524,original,I4210159903,original_gold,533.0,刘振宇,能源化工,中国科学院山西煤炭化学研究所,1997,A5111822524
274,刘迎龙,A5057155515,original,I200296433,original_gold,154.0,刘迎龙,心、胸外科学,中国医学科学院,1997,A5057155515
275,刘耀光,A5051375687,original,I101479585,original_gold,219.0,刘耀光,基因工程,华南农业大学,1997,A5051375687
276,刘俊明,A5025127998,original,I881766915,original_gold,1022.0,刘俊明,金属材料学科,南京大学,1997,A5025127998
277,刘宝元,A5101534676,original,I25254941,original_gold,178.0,刘宝元,土壤侵蚀与水土保持,北京师范大学,1997,A5101534676
278,梁惊涛,A5101429744,original,I4210140689,original_gold,94.0,梁惊涛,工程热力学,中国科学院理化技术研究所,1997,A5101429744
279,李晓红,A5100451525,original,I158842170,original_gold,673.0,李晓红,采矿,重庆大学,1997,A5100451525
280,李晓峰,A5100347688,original,I4210159876,original_gold,659.0,李晓峰,激光,中国科学院物理研究所,1997,A5100347688
281,李献华,A5109663516,original,I3018690959,original_gold,573.0,李献华,同位素地球化学,中国科学院广州地球化学研究所,1997,A5109663516
282,李宁,A5012173547,original,I52158045,original_gold,2169.0,李宁,遗传育种学,中国农业大学,1997,A5012173547
283,李德铢,A5132608446,original,I13850615,original_gold,,李德铢,植物系统学与分类学,中国科学院昆明植物研究所,1997,A5132608446
284,康绍忠,A5024977096,original,I89652312,original_gold,306.0,康绍忠,土壤物理学,西北农林科技大学,1997,A5024977096
285,康乐,A5049091907,original,I4210167311,original_gold,704.0,康乐,生态学,中国科学院动物研究所,1997,A5049091907
286,靳常青,A5100457148,original,I4210159876,original_gold,564.0,靳常青,超导材料,中国科学院物理研究所,1997,A5100457148
287,蒋志刚,A5078559315,original,I4210167311,original_gold,364.0,蒋志刚,动物生态学,中国科学院动物研究所,1997,A5078559315
288,蒋华良,A5001392142,original,I4210112820,original_gold,1014.0,蒋华良,有机化学,中国科学院上海药物研究所,1997,A5001392142
289,贾朝华,A5018050420,original,I4210120485,original_gold,8.0,贾朝华,解析数论,中国科学院数学与系统科学研究院,1997,A5018050420
290,吉敏,A5051507304,original,I4210120485,original_gold,363.0,吉敏,偏微分方程,中国科学院数学与系统科学研究院,1997,A5051507304
291,黄季昆,A5103340878,original,I4210104598,original_gold,675.0,黄季昆,农业管理,中国农业科学院农业经济与发展研究所,1997,A5103340878
292,黄海,A5018239054,original,I4210106477,original_gold,779.0,黄海,分子遗传学,中国科学院上海生命科学研究院,1997,A5018239054
293,胡钧,A5100405533,original,I4210123885,original_gold,484.0,胡钧,物理学(I),中国科学院上海应用物理研究所,1997,A5100405533
294,贺林,A5102798483,original,I4210106477,original_gold,677.0,贺林,分子遗传学,中国科学院上海生命科学研究院,1997,A5102798483
295,韩忠朝,A5050637827,original,I200296433,original_gold,481.0,韩忠朝,血液与淋巴系统内科学,中国医学科学院,1997,A5050637827
296,韩东一,A5103695801,original,I2802939634,original_gold,196.0,韩东一,耳鼻喉科学,中国人民解放军总医院,1997,A5103695801
297,韩布兴,A5111928301,original,I4210155088,original_gold,1176.0,韩布兴,热化学,中国科学院化学研究所,1997,A5111928301
298,郭正堂,A5077155742,original,I4210126061,original_gold,408.0,郭正堂,第四纪地质学,中国科学院地质与地球物理研究所,1997,A5077155742
299,郭亚军,A5103196935,original,I177933477,original_gold,154.0,郭亚军,肿瘤免疫学,中国人民解放军第二军医大学,1997,A5103196935
300,郭烈锦,A5100609247,original,I87445476,original_gold,762.0,郭烈锦,两相与多相热物理学,西安交通大学,1997,A5100609247
301,管晓宏,A5075845093,original,I87445476,original_gold,689.0,管晓宏,系统科学与系统工程,西安交通大学,1997,A5075845093
302,顾明,A5112114826,original,I116953780,original_gold,369.0,顾明,交通工程学,同济大学,1997,A5112114826
303,龚建平,A5075676648,original,I47720641,original_gold,398.0,龚建平,外科学,华中科技大学,1997,A5075676648
304,高晓明,A5100768863,original,I20231570,original_gold,271.0,高晓明,免疫学,北京大学,1997,A5100768863
305,高小山,A5017479931,original,I4210120485,original_gold,279.0,高小山,模式识别、人工智能,中国科学院数学与系统科学研究院,1997,A5017479931
306,高抒,A5100761250,original,I881766915,original_gold,383.0,高抒,海洋地质学,南京大学,1997,A5100761250
307,高琼,A5101936604,original,I25254941,original_gold,238.0,高琼,植物生态学,北京师范大学,1997,A5101936604
308,傅伯杰,A5112597858,original,I4210144289,original_gold,799.0,傅伯杰,综合自然地理学,中国科学院生态环境研究中心,1997,A5112597858
309,符松,A5085721305,original,I99065089,original_gold,398.0,符松,流体力学,清华大学,1997,A5085721305
310,董双林,A5063652194,original,I59028903,original_gold,242.0,董双林,水产养殖学,中国海洋大学,1997,A5063652194
311,董奇,A5100676468,original,I25254941,original_gold,284.0,董奇,发展与教育心理学,北京师范大学,1997,A5100676468
312,丁汉,A5057513904,original,I47720641,original_gold,468.0,丁汉,机械制造自动化,华中科技大学,1997,A5057513904
313,褚健,A5001657537,original,I76130692,original_gold,547.0,褚健,工程系统与控制,浙江大学,1997,A5001657537
314,池汝安,A5101674439,original,I99065089,original_gold,155.0,池汝安,冶金学科,清华大学,1997,A5101674439
315,程艺,A5057638808,original,I126520041,original_gold,376.0,程艺,孤立子理论,中国科学技术大学,1997,A5057638808
316,陈骏,A5100450146,original,I881766915,original_gold,1107.0,陈骏,地球化学,南京大学,1997,A5100450146
317,陈接胜,A5053710394,original,I194450716,original_gold,557.0,陈接胜,无机化学,吉林大学,1997,A5053710394
318,陈鸿,A5100420388,original,I116953780,original_gold,1114.0,陈鸿,表面、界面、薄膜和低维系统的电子结构及电学性,同济大学,1997,A5100420388
319,陈国强,A5108139046,original,I183067930,original_gold,646.0,陈国强,分子遗传学,上海交通大学,1997,A5108139046
320,昌增益,A5081867201,original,I99065089,original_gold,293.0,昌增益,生物化学和分子生物学,清华大学,1997,A5081867201
321,曹卫星,A5017022122,original,I119454577,original_gold,830.0,曹卫星,作物栽培学,南京农业大学,1997,A5017022122
322,邹恒甫,A5004483876,original,I37461747,original_gold,278.0,邹恒甫,宏观国民经济管理,武汉大学,1998,A5004483876
323,祝宁华,A5111685962,original,I4210149211,original_gold,305.0,祝宁华,有源器件,中国科学院半导体研究所,1998,A5111685962
324,朱熹平,A5109274109,original,I157773358,original_gold,74.0,朱熹平,基础数学,中山大学,1998,A5109274109
325,周秀芬,A5109300442,original,I204823248,original_gold,78.0,周秀芬,微生物学,华中农业大学,1998,A5109300442
326,周向宇,A5112055428,original,I4210120485,original_gold,112.0,周向宇,多复变函数论,中国科学院数学与系统科学研究院,1998,A5112055428
327,周午纵,A5061639340,original,I4210159876,original_gold,435.0,周午纵,结构化学,中国科学院物理研究所,1998,A5061639340
328,周青,A5089732639,original,I66867065,original_gold,476.0,周青,低维流形,华东师范大学,1998,A5089732639
329,钟毅,A5049412020,original,I99065089,original_gold,211.0,钟毅,神经生物学,清华大学,1998,A5049412020
330,郑诣,A5020584779,original,I4210112540,original_gold,509.0,郑诣,生物化学和分子生物学,中国科学院生物物理研究所,1998,A5020584779
331,赵政国,A5120391597,original,I4210137180,original_gold,,赵政国,粒子基本特性及粒子物理一般问题,中国科学院高能物理研究所,1998,A5120391597
332,张中杰,A5049893504,original,I4210126061,original_gold,336.0,张中杰,地震学,中国科学院地质与地球物理研究所,1998,A5049893504
333,张知彬,A5100370021,original,I4210167311,original_gold,816.0,张知彬,生态学,中国科学院动物研究所,1998,A5100370021
334,张晓坤,A5100701280,original,I191208505,original_gold,135.0,张晓坤,生物化学和分子生物学,厦门大学,1998,A5100701280
335,张小曳,A5101647571,original,I4210159790,original_gold,515.0,张小曳,地球化学,中国科学院地球环境研究所,1998,A5101647571
336,张培震,A5060677972,original,I4391768021,original_gold,3.0,张培震,大地构造学,中国地震局地质研究所,1998,A5060677972
337,张杰,A5023023644,original,I4210159876,original_gold,3964.0,张杰,激光系统和激光与物质相互作用,中国科学院物理研究所,1998,A5023023644
338,詹文龙,A5018259504,original,I4210131271,original_gold,298.0,詹文龙,核物理,中国科学院近代物理研究所,1998,A5018259504
339,曾益新,A5084861824,original,I157773358,original_gold,477.0,曾益新,实验肿瘤学,中山大学,1998,A5084861824
340,曾攀,A5100406365,original,I99065089,original_gold,259.0,曾攀,塑性加工工艺及设备,清华大学,1998,A5100406365
341,喻明,A5101477552,annotation,I4210125404,annotation_llm,49.0,喻明,经典物理学和量子理论,中国科学院理论物理研究所,1998,
342,药立波,A5084357635,original,,original_gold,330.0,药立波,细胞生物学及发育生物学,中国人民解放军第四军医大学,1998,A5084357635
343,杨增明,A5086614299,original,I169572211,original_gold,151.0,杨增明,繁殖学,东北农业大学,1998,A5086614299
344,杨元喜,A5048717808,original,,original_gold,244.0,杨元喜,"大地测量学(物理大地测量,动力大地测量)",西安测绘研究所,1998,A5048717808
345,杨学军,A5061870286,original,I170215575,original_gold,558.0,杨学军,计算机科学,中国人民解放军国防科技大学,1998,A5061870286
346,杨辉,A5100334956,original,I4210149211,original_gold,552.0,杨辉,半导体材料物理,中国科学院半导体研究所,1998,A5100334956
347,严以京,A5053436721,original,I126520041,original_gold,329.0,严以京,物理化学,中国科学技术大学,1998,A5053436721
348,薛勇彪,A5035259297,original,I4210124606,original_gold,204.0,薛勇彪,植物学,中国科学院遗传与发育生物学研究所,1998,A5035259297
349,许京军,A5100671656,original,I205237279,original_gold,943.0,许京军,光学和光电子学材料,南开大学,1998,A5100671656
350,谢毅,A5068891302,original,I126520041,original_gold,1155.0,谢毅,无机合成,中国科学技术大学,1998,A5068891302
351,肖杰,A5090210582,original,I99065089,original_gold,501.0,肖杰,代数(可除代数),清华大学,1998,A5090210582
352,肖丰收,A5043953177,original,I194450716,original_gold,679.0,肖丰收,多相催化,吉林大学,1998,A5043953177
353,席振峰,A5100652045,original,I20231570,original_gold,697.0,席振峰,有机磷化学,北京大学,1998,A5100652045
354,吴瑛,A5101780958,original,I24943067,original_gold,519.0,吴瑛,病毒学,复旦大学,1998,A5101780958
355,吴家睿,A5064735710,original,I4210106477,original_gold,322.0,吴家睿,细胞生物学及发育生物学,中国科学院上海生命科学研究院,1998,A5064735710
356,闻海虎,A5100771560,original,I4210159876,original_gold,516.0,闻海虎,超导电性,中国科学院物理研究所,1998,A5100771560
358,王中林,a5100376569,original,I4210159876,original_gold,,王中林,无机非金属智能材料,中国科学院物理研究所,1998,a5100376569
359,王志功,A5009631608,original,I76569877,original_gold,544.0,王志功,信息理论与信息系统,东南大学,1998,A5009631608
360,王峥涛,A5100601073,original,I161716053,original_gold,1163.0,王峥涛,中药鉴定学,中国药科大学,1998,A5100601073
361,王镇,A5100401133,original,I881766915,original_gold,890.0,王镇,超导电子学,南京大学,1998,A5100401133
362,王玉鹏,A5100379839,original,I4210159876,original_gold,240.0,王玉鹏,凝聚态物性II:电子结构、电学、磁学和光学性质,中国科学院物理研究所,1998,A5100379839
363,王伟,A5100391883,original,I9224756,original_gold,2375.0,王伟,工程系统与控制,东北大学,1998,A5100391883
364,王擎,A5100434915,original,I5740404,original_gold,1745.0,王擎,分子遗传学,天津医科大学,1998,A5100434915
365,王柯敏,A5038335298,original,I16609230,original_gold,687.0,王柯敏,分析化学,湖南大学,1998,A5038335298
366,王健农,A5106762839,original,I183067930,original_gold,577.0,王健农,金属结构材料,上海交通大学,1998,A5106762839
367,王红阳,A5100764445,original,I177933477,original_gold,857.0,王红阳,细胞生物学及发育生物学,中国人民解放军第二军医大学,1998,A5100764445
368,王琛,A5100337500,original,I4210155088,original_gold,811.0,王琛,物理化学,中国科学院化学研究所,1998,A5100337500
369,王斌,A5100372378,original,I4210152758,original_gold,1095.0,王斌,大气动力学,中国科学院大气物理研究所,1998,A5100372378
370,田刚,A5018414096,original,I20231570,original_gold,343.0,田刚,数学,北京大学,1998,A5018414096
371,谭铁牛,A5111885963,original,I4210112150,original_gold,623.0,谭铁牛,图象处理与机器视觉,中国科学院自动化研究所,1998,A5111885963
372,孙元章,A5100308358,original,I99065089,original_gold,219.0,孙元章,电力系统,清华大学,1998,A5100308358
373,孙玉山,A5100690146,original,I4210147510,original_gold,49.0,孙玉山,高分子材料学科,中国纺织科学研究院,1998,A5100690146
374,孙庆平,A5102282769,original,I99065089,original_gold,21.0,孙庆平,固体力学,清华大学,1998,A5102282769
375,孙凤艳,A5102768836,original,I24943067,original_gold,83.0,孙凤艳,神经生物学,复旦大学,1998,A5102768836
376,宋晓东,A5048756153,original,I4405255691,original_gold,300.0,宋晓东,深部地球物理,中国地震局地震预测研究所,1998,A5048756153
377,史晓颖,A5043482154,original,I3125743391,original_gold,226.0,史晓颖,古生物学,中国地质大学(北京),1998,A5043482154
378,史生才,A5110262043,original,I2802340896,original_gold,233.0,史生才,射电天文,中国科学院紫金山天文台,1998,A5110262043
379,施苏华,A5022174896,original,I157773358,original_gold,243.0,施苏华,植物系统与演化,中山大学,1998,A5022174896
381,邵元华,A5071153582,original,I4210092888,original_gold,150.0,邵元华,电化学分析,中国科学院长春应用化学研究所,1998,A5071153582
382,阮勇斌,A5103172200,original,I24185976,original_gold,124.0,阮勇斌,基础数学,四川大学,1998,A5103172200
383,饶毅,A5026528566,original,I4210106477,original_gold,210.0,饶毅,发育神经生物学,中国科学院上海生命科学研究院,1998,A5026528566
384,区自清,A5012210426,annotation,I4210110024,annotation_llm,1.0,区自清,土壤物理学,中国科学院沈阳应用生态研究所,1998,
385,戚中田,A5103100246,original,I177933477,original_gold,177.0,戚中田,微生物遗传学,中国人民解放军第二军医大学,1998,A5103100246
386,裴雪涛,A5077724687,original,,original_gold,290.0,裴雪涛,病理生理学,中国人民解放军军事科学院军事医学研究院,1998,A5077724687
387,牛谦,A5104388013,original,I4210125404,original_gold,522.0,牛谦,基础物理学,中国科学院理论物理研究所,1998,A5104388013
388,南策文,A5060345214,original,I99065089,original_gold,570.0,南策文,无机非金属材料学科,清华大学,1998,A5060345214
389,马兰,A5057311061,original,I24943067,original_gold,373.0,马兰,神经生物学,复旦大学,1998,A5057311061
390,马军,A5100357282,original,I204983213,original_gold,978.0,马军,环境工程学,哈尔滨工业大学,1998,A5100357282
391,马红孺,A5087807199,original,I183067930,original_gold,252.0,马红孺,凝聚态物性I:结构、力学和热学性质,上海交通大学,1998,A5087807199
392,吕龙,A5109719005,annotation,I4210112946,annotation_llm,222.0,吕龙,金属有机及元素有机化学,中国科学院上海有机化学研究所,1998,
393,罗云波,A5100438253,original,I52158045,original_gold,373.0,罗云波,果蔬保鲜学,中国农业大学,1998,A5100438253
394,罗向前,A5102425147,original,I157773358,original_gold,91.0,罗向前,粒子物理学和场论,中山大学,1998,A5102425147
395,罗达,A5111636829,original,I4210106477,original_gold,168.0,罗达,植物学,中国科学院上海生命科学研究院,1998,A5111636829
396,刘友华,A5017815011,original,I200296433,original_gold,328.0,刘友华,细胞增长、分裂与分化,中国医学科学院,1998,A5017815011
397,刘维民,A5100367597,original,I4210089297,original_gold,877.0,刘维民,摩擦学,中国科学院兰州化学物理研究所,1998,A5100367597
398,刘庆,A5100345153,original,I99065089,original_gold,3098.0,刘庆,金属材料学科,清华大学,1998,A5100345153
399,刘平,A5100442376,original,I4210098460,original_gold,1019.0,刘平,中医内科学,上海中医药大学,1998,A5100442376
400,林芳华,A5100876783,original,I76130692,original_gold,199.0,林芳华,数学,浙江大学,1998,A5100876783
401,林东昕,A5100674237,original,I200296433,original_gold,599.0,林东昕,毒理学,中国医学科学院,1998,A5100674237
402,廖侃,A5103516604,original,I4210106477,original_gold,41.0,廖侃,生物化学和分子生物学,中国科学院上海生命科学研究院,1998,A5103516604
403,李晓原,A5100603564,original,I157773358,original_gold,130.0,李晓原,生物无机化学,中山大学,1998,A5100603564
404,李熙,A5100407754,original,I194450716,original_gold,681.0,李熙,无机非金属材料学科,吉林大学,1998,A5100407754
405,李松,A5100448226,original,,original_gold,815.0,李松,药物设计学,中国人民解放军军事科学院军事医学研究院,1998,A5100448226
406,李杰,A5100428322,original,I116953780,original_gold,1028.0,李杰,防灾工程学,同济大学,1998,A5100428322
407,金宁一,A5037439609,original,,original_gold,169.0,金宁一,兽医传染病学,中国人民解放军军需大学,1998,A5037439609
408,金力,A5100364769,original,I24943067,original_gold,4309.0,金力,遗传学,复旦大学,1998,A5100364769
409,介万奇,A5110373352,original,I17145004,original_gold,496.0,介万奇,微重力凝固与结晶,西北工业大学,1998,A5110373352
410,江义,A5054949861,original,I180585399,original_gold,363.0,江义,燃料电池,中国科学院大连化学物理研究所,1998,A5054949861
411,江桂斌,A5113563512,original,I4210144289,original_gold,1298.0,江桂斌,环境分析化学,中国科学院生态环境研究中心,1998,A5113563512
412,黄卫东,A5051947760,original,I17145004,original_gold,496.0,黄卫东,金属凝固与结晶,西北工业大学,1998,A5051947760
413,黄海军,A5053853169,original,I82880672,original_gold,93.0,黄海军,产业与行业管理,北京航空航天大学,1998,A5053853169
414,胡四一,A5072422674,original,I4210111986,original_gold,112.0,胡四一,水文、水资源利用及水利经济,水利部交通运输部国家能源局南京水利科学研究院,1998,A5072422674
415,洪茂椿,A5100653751,original,I4210119098,original_gold,1575.0,洪茂椿,无机化学,中国科学院福建物质结构研究所,1998,A5100653751
416,何满潮,A5036798987,original,I4399598474,original_gold,335.0,何满潮,矿山岩体力学与其它采矿,中国矿业大学(北京),1998,A5036798987
417,韩克利,A5087197441,original,I180585399,original_gold,618.0,韩克利,宏观反应动力学,中国科学院大连化学物理研究所,1998,A5087197441
418,郭希明,A5033709433,original,I4210101167,original_gold,198.0,郭希明,水生经济生物遗传育种学,中国科学院海洋研究所,1998,A5033709433
419,关新元,A5045797751,original,I157773358,original_gold,1123.0,关新元,肿瘤病因学,中山大学,1998,A5045797751
420,宫鹏,A5059264917,original,,original_gold,862.0,宫鹏,遥感应用模型与方法,中国科学院遥感与数字地球研究所,1998,A5059264917
421,耿直,A5036930901,original,I20231570,original_gold,135.0,耿直,多元分析及其算法研究,北京大学,1998,A5036930901
422,高德利,A5112589731,original,I4210162190,original_gold,327.0,高德利,油气开采,中国石油大学(北京),1998,A5112589731
423,甘良兵,A5053142185,original,I20231570,original_gold,292.0,甘良兵,无机化学,北京大学,1998,A5053142185
424,范平志,A5101880047,original,I4800084,original_gold,703.0,范平志,信息论,西南交通大学,1998,A5101880047
425,范更华,A5101569538,original,I4210120485,original_gold,70.0,范更华,图论,中国科学院数学与系统科学研究院,1998,A5101569538
426,段振豪,A5113962757,original,I3124059619,original_gold,77.0,段振豪,地球化学,中国地质大学(武汉),1998,A5113962757
427,董鸣,A5025219585,original,I4210158097,original_gold,313.0,董鸣,植物生态学,中国科学院植物研究所,1998,A5025219585
428,丁平兴,A5055082130,original,I66867065,original_gold,69.0,丁平兴,物理海洋学,华东师范大学,1998,A5055082130
430,丁建东,A5027059075,original,I24943067,original_gold,364.0,丁建东,高分子物理及高分子物理化学,复旦大学,1998,A5027059075
431,戴子高,A5078204583,original,I881766915,original_gold,608.0,戴子高,恒星物理与星际物质,南京大学,1998,A5078204583
432,戴民汉,A5000330733,original,I191208505,original_gold,453.0,戴民汉,海洋环境科学(含与海洋有关的全球变化研究等),厦门大学,1998,A5000330733
433,戴宏杰,A5102781933,original,I99065089,original_gold,553.0,戴宏杰,无机非金属材料学科,清华大学,1998,A5102781933
434,崔宗杰,A5060540390,original,I25254941,original_gold,73.0,崔宗杰,细胞信息,北京师范大学,1998,A5060540390
435,崔承彬,A5102084181,original,,original_gold,115.0,崔承彬,药物学,天津生物医药研究所,1998,A5102084181
436,程京,A5001378971,original,I99065089,original_gold,189.0,程京,分子生物物理,清华大学,1998,A5001378971
437,程和平,A5076736316,original,I20231570,original_gold,311.0,程和平,生理学,北京大学,1998,A5076736316
438,陈义,A5100419246,original,I4210155088,original_gold,667.0,陈义,毛细管电泳,中国科学院化学研究所,1998,A5100419246
439,陈仙辉,A5057281057,original,I126520041,original_gold,502.0,陈仙辉,无机非金属材料学科,中国科学技术大学,1998,A5057281057
440,陈鸣,A5100423221,original,I3018690959,original_gold,1280.0,陈鸣,天体化学与比较行星学,中国科学院广州地球化学研究所,1998,A5100423221
441,陈剑,A5100326500,original,I99065089,original_gold,586.0,陈剑,管理系统工程,清华大学,1998,A5100326500
442,陈宝元,A5045492083,original,I204823248,original_gold,197.0,陈宝元,油料作物遗传育种学,华中农业大学,1998,A5045492083
443,曹谊林,A5101879961,original,I183067930,original_gold,317.0,曹谊林,整形外科学,上海交通大学,1998,A5101879961
444,曹雪涛,A5034957547,original,I177933477,original_gold,963.0,曹雪涛,免疫学,中国人民解放军第二军医大学,1998,A5034957547
445,蔡开元,A5103991023,original,I82880672,original_gold,370.0,蔡开元,计算机系统性能评价,北京航空航天大学,1998,A5103991023
446,安立佳,A5078865427,original,I4210092888,original_gold,366.0,安立佳,多组分多相高分子材料,中国科学院长春应用化学研究所,1998,A5078865427
447,庄鹏飞,A5015842184,original,I99065089,original_gold,322.0,庄鹏飞,中高能核物理,清华大学,1999,A5015842184
448,朱自强,A5103520558,original,I66867065,original_gold,150.0,朱自强,半导体材料,华东师范大学,1999,A5103520558
449,朱彤,A5100445951,original,I20231570,original_gold,1468.0,朱彤,大气化学,北京大学,1999,A5100445951
450,朱敏,A5005245760,original,I90610280,original_gold,539.0,朱敏,金属材料学科,华南理工大学,1999,A5005245760
451,朱敏,A5042355735,annotation,I4210086287,annotation_llm,306.0,朱敏,古生物学(含古人类学),中国科学院古脊椎动物与古人类研究所,1999,
452,周总光,A5026049732,original,I24185976,original_gold,491.0,周总光,普通外科学,四川大学,1999,A5026049732
453,周延春,A5019614740,original,I4210126304,original_gold,579.0,周延春,先进结构陶瓷,中国科学院金属研究所,1999,A5019614740
454,周力平,A5084957381,original,I20231570,original_gold,419.0,周力平,地球化学,北京大学,1999,A5084957381
455,周建平,A5040267940,original,I170215575,original_gold,367.0,周建平,固体力学,中国人民解放军国防科技大学,1999,A5040267940
456,周建军,A5091076746,original,I99065089,original_gold,236.0,周建军,河流、海岸动力学及泥沙研究,清华大学,1999,A5091076746
457,赵东元,A5100623221,original,I24943067,original_gold,1034.0,赵东元,物理化学,复旦大学,1999,A5100623221
458,张志荣,A5100602197,original,I24185976,original_gold,619.0,张志荣,药剂学,四川大学,1999,A5100602197
459,张学军,A5100336499,original,I4210088164,original_gold,424.0,张学军,技术光学,中国科学院长春光学精密机械与物理研究所,1999,A5100336499
460,张新民,A5040808837,original,I4210137180,original_gold,275.0,张新民,粒子物理学和场论,中国科学院高能物理研究所,1999,A5040808837
461,张绍祥,A5101767507,original,I151075929,original_gold,99.0,张绍祥,人体解剖学,中国人民解放军第三军医大学,1999,A5101767507
462,张建国,A5077035984,original,I4210135723,original_gold,1637.0,张建国,生物医学图象,中国科学院上海技术物理研究所,1999,A5077035984
463,张汉勤,A5102976329,original,I4210120485,original_gold,151.0,张汉勤,工业工程,中国科学院数学与系统科学研究院,1999,A5102976329
464,曾理江,A5102033869,original,I99065089,original_gold,161.0,曾理江,仿生机械,清华大学,1999,A5102033869
465,俞飚,A5039955201,original,I4210112946,original_gold,714.0,俞飚,有机化学,中国科学院上海有机化学研究所,1999,A5039955201
466,尤建功,A5018342949,original,I881766915,original_gold,97.0,尤建功,动力系统,南京大学,1999,A5018342949
467,姚雪彪,A5040923571,original,I126520041,original_gold,351.0,姚雪彪,细胞生物学及发育生物学,中国科学技术大学,1999,A5040923571
468,杨振宇,A5100785449,original,,original_gold,36.0,杨振宇,地磁学(含古地磁学),中国地质科学院地质力学研究所,1999,A5100785449
469,杨勇,A5100402375,original,I191208505,original_gold,1186.0,杨勇,物理化学,厦门大学,1999,A5100402375
470,杨肖娥,A5000512450,original,I76130692,original_gold,407.0,杨肖娥,农业化学,浙江大学,1999,A5000512450
471,杨士勇,A5067244693,original,I4210155088,original_gold,126.0,杨士勇,耐高温、耐腐蚀、耐烧蚀高分子材料,中国科学院化学研究所,1999,A5067244693
472,杨锐,A5063554075,original,I4210126304,original_gold,609.0,杨锐,金属结构材料及制备基础,中国科学院金属研究所,1999,A5063554075
473,杨培增,A5000508996,original,I157773358,original_gold,620.0,杨培增,眼科学,中山大学,1999,A5000508996
474,杨柏,A5100599283,original,I194450716,original_gold,485.0,杨柏,高分子化学,吉林大学,1999,A5100599283
475,杨安钢,A5100741624,original,,original_gold,362.0,杨安钢,肿瘤学,中国人民解放军第四军医大学,1999,A5100741624
476,严小龙,A5070916237,original,I101479585,original_gold,196.0,严小龙,作物营养学,华南农业大学,1999,A5070916237
477,薛松涛,A5083502731,original,I116953780,original_gold,83.0,薛松涛,防灾工程学,同济大学,1999,A5083502731
478,徐志伟,A5020907360,original,I4210090176,original_gold,583.0,徐志伟,计算机系统结构,中国科学院计算技术研究所,1999,A5020907360
479,徐义刚,A5085843802,original,I3018690959,original_gold,531.0,徐义刚,岩石地球化学,中国科学院广州地球化学研究所,1999,A5085843802
480,徐强,A5064109029,original,I881766915,original_gold,822.0,徐强,中药药理学,南京大学,1999,A5064109029
481,徐宁志,A5101687899,original,I200296433,original_gold,183.0,徐宁志,细胞增长、分裂与分化,中国医学科学院,1999,A5101687899
482,徐林,A5029617420,original,I18489884,original_gold,1068.0,徐林,神经生物学,中国科学院昆明动物研究所,1999,A5029617420
483,熊思东,A5101445508,original,I24943067,original_gold,302.0,熊思东,传染病学,复旦大学,1999,A5101445508
484,熊传胜,A5103253950,original,I20231570,original_gold,42.0,熊传胜,粒子物理学和场论,北京大学,1999,A5103253950
485,肖举乐,A5108579489,original,I4210126061,original_gold,84.0,肖举乐,第四纪地质学,中国科学院地质与地球物理研究所,1999,A5108579489
486,肖建伟,A5035927599,original,I4210149211,original_gold,49.0,肖建伟,光电子器件,中国科学院半导体研究所,1999,A5035927599
487,肖传国,A5102114087,original,I47720641,original_gold,30.0,肖传国,泌尿外科学,华中科技大学,1999,A5102114087
488,向涛,A5014436524,original,I4210125404,original_gold,542.0,向涛,电子态,中国科学院理论物理研究所,1999,A5014436524
489,吴振斌,A5111544974,original,I4210089584,original_gold,271.0,吴振斌,其它生态学及环境问题,中国科学院水生生物研究所,1999,A5111544974
490,吴金水,A5103718711,original,I4210107235,original_gold,512.0,吴金水,土壤生物学,中国科学院亚热带农业生态研究所,1999,A5103718711
491,魏悦广,A5114116150,original,I4210157653,original_gold,119.0,魏悦广,固体力学,中国科学院力学研究所,1999,A5114116150
492,王铸钢,A5101476581,original,I183067930,original_gold,160.0,王铸钢,分子遗传学,上海交通大学,1999,A5101476581
493,王远,A5100344858,original,I20231570,original_gold,873.0,王远,物理化学,北京大学,1999,A5100344858
494,王忆平,A5100317707,original,I20231570,original_gold,744.0,王忆平,细胞生物学及发育生物学,北京大学,1999,A5100317707
495,王新龙,A5100653844,original,I881766915,original_gold,590.0,王新龙,非线性声学和强声学,南京大学,1999,A5100653844
496,王晓工,A5023305472,original,I99065089,original_gold,367.0,王晓工,有机高分子材料学科,清华大学,1999,A5023305472
497,王曦,A5100442292,original,I4210147322,original_gold,928.0,王曦,无机非金属材料学科,中国科学院上海微系统与信息技术研究所,1999,A5100442292
498,王炜,A5100391883,original,I76569877,original_gold,2375.0,王炜,交通工程学,东南大学,1999,A5100391883
499,王挺贵,A5069720767,original,I126520041,original_gold,248.0,王挺贵,星系和类星体,中国科学技术大学,1999,A5069720767
500,王太宏,A5019049625,original,I4210159876,original_gold,386.0,王太宏,微电子学,中国科学院物理研究所,1999,A5019049625
501,王龙,A5100447536,original,I20231570,original_gold,2273.0,王龙,控制理论,北京大学,1999,A5100447536
502,王健平,A5100356291,original,I20231570,original_gold,879.0,王健平,流体力学,北京大学,1999,A5100356291
503,王建枝,A5100733753,original,I47720641,original_gold,332.0,王建枝,神经病学,华中科技大学,1999,A5100733753
504,汪卫华,A5100462313,original,I4210159876,original_gold,437.0,汪卫华,金属材料学科,中国科学院物理研究所,1999,A5100462313
505,万明习,A5079498254,original,I87445476,original_gold,330.0,万明习,生物电子学,西安交通大学,1999,A5079498254
506,涂永强,A5067879579,original,I76214153,original_gold,395.0,涂永强,有机化学,兰州大学,1999,A5067879579
507,唐梓洲,A5110942850,original,I99065089,original_gold,87.0,唐梓洲,基础数学,清华大学,1999,A5110942850
508,谭铮,A5033975424,original,I37461747,original_gold,122.0,谭铮,生物化学和分子生物学,武汉大学,1999,A5033975424
509,谭华荣,A5109314544,original,I4210134982,original_gold,160.0,谭华荣,微生物学,中国科学院微生物研究所,1999,A5109314544
510,孙晓峰,A5033083323,original,I82880672,original_gold,348.0,孙晓峰,叶轮机械的内部流动,北京航空航天大学,1999,A5033083323
511,孙其信,A5088912755,original,I52158045,original_gold,343.0,孙其信,作物遗传育种学,中国农业大学,1999,A5088912755
512,孙军,A5100429004,original,I87445476,original_gold,922.0,孙军,金属材料的形变与损伤,西安交通大学,1999,A5100429004
513,孙和平,A5026248762,original,I4210105990,original_gold,139.0,孙和平,重力学,中国科学院测量与地球物理研究所,1999,A5026248762
514,宋金明,A5000919987,original,I4210101167,original_gold,290.0,宋金明,海洋化学,中国科学院海洋研究所,1999,A5000919987
515,舒红兵,A5079030954,annotation,I20231570,annotation_llm,196.0,舒红兵,细胞生物学及发育生物学,北京大学,1999,
516,史忠科,A5101593578,original,I17145004,original_gold,84.0,史忠科,控制理论,西北工业大学,1999,A5101593578
517,时玉舫,A5062682623,original,I177933477,original_gold,480.0,时玉舫,细胞信息,中国人民解放军第二军医大学,1999,A5062682623
518,邵一鸣,A5071931643,original,,original_gold,552.0,邵一鸣,流行病学,中国疾病预防控制中心性病艾滋病预防控制中心,1999,A5071931643
519,秦厚荣,A5034209487,original,I881766915,original_gold,945.0,秦厚荣,代数数论,南京大学,1999,A5034209487
520,麦康森,A5077865056,original,I59028903,original_gold,760.0,麦康森,水产养殖学,中国海洋大学,1999,A5077865056
521,马余强,A5008759277,original,I881766915,original_gold,340.0,马余强,凝聚态物性II:电子结构、电学、磁学和光学性质,南京大学,1999,A5008759277
522,马新亮,A5066067489,original,,original_gold,273.0,马新亮,循环生理学,中国人民解放军第四军医大学,1999,A5066067489
523,马建平,A5045475034,original,I4210125404,original_gold,75.0,马建平,量子色动力学、强相互作用和强子物理,中国科学院理论物理研究所,1999,A5045475034
524,罗绪刚,A5109912085,original,I4210149494,original_gold,151.0,罗绪刚,畜禽营养学,中国农业科学院北京畜牧兽医研究所,1999,A5109912085
525,陆小华,A5085684569,original,I134687103,original_gold,44.0,陆小华,化学工程及工业化学,南京工业大学,1999,A5085684569
526,楼森岳,A5078081085,original,I183067930,original_gold,350.0,楼森岳,经典物理学和量子理论,上海交通大学,1999,A5078081085
527,刘张炬,A5068145437,original,I20231570,original_gold,61.0,刘张炬,数学物理,北京大学,1999,A5068145437
528,刘买利,A5016279721,original,I4210099135,original_gold,445.0,刘买利,分析化学,中国科学院武汉物理与数学研究所,1999,A5016279721
529,刘会洲,A5057214099,original,I4210133325,original_gold,541.0,刘会洲,萃取,中国科学院过程工程研究所,1999,A5057214099
530,林作铨,A5044330558,annotation,I20231570,annotation_llm,110.0,林作铨,模式识别、人工智能,北京大学,1999,
531,林建忠,A5075033104,original,I76130692,original_gold,484.0,林建忠,流体力学,浙江大学,1999,A5075033104
532,梁爱萍,A5019009917,original,I4210167311,original_gold,221.0,梁爱萍,动物学,中国科学院动物研究所,1999,A5019009917
533,李卫东,A5100369270,original,I76214153,original_gold,602.0,李卫东,有机化学,兰州大学,1999,A5100369270
534,李儒新,A5068759652,original,I4210135349,original_gold,692.0,李儒新,激光与物质相互作用,中国科学院上海光学精密机械研究所,1999,A5068759652
535,李奎,A5100396632,original,I204823248,original_gold,351.0,李奎,遗传育种学,华中农业大学,1999,A5100396632
536,李峻柏,A5030866854,original,I4210155088,original_gold,417.0,李峻柏,胶体与界面化学,中国科学院化学研究所,1999,A5030866854
537,李嘉禹,A5100435406,original,I4210120485,original_gold,238.0,李嘉禹,流形上的分析,中国科学院数学与系统科学研究院,1999,A5100435406
538,黎燕,A5100380336,original,,original_gold,1355.0,黎燕,细胞生物学及发育生物学,中国人民解放军军事科学院军事医学研究院,1999,A5100380336
539,孔维佳,A5054225585,original,I47720641,original_gold,570.0,孔维佳,耳鼻喉科学,华中科技大学,1999,A5054225585
540,金奇,A5100637146,original,I4210164727,original_gold,479.0,金奇,病毒,中国疾病预防控制中心病毒病预防控制所,1999,A5100637146
541,金红光,A5104324106,original,I4210120320,original_gold,385.0,金红光,工程热物理与能源利用学科,中国科学院工程热物理研究所,1999,A5104324106
542,金国新,A5081370621,original,I24943067,original_gold,1181.0,金国新,金属有机化学,复旦大学,1999,A5081370621
543,蒋少涌,A5082919794,original,I881766915,original_gold,601.0,蒋少涌,地球化学,南京大学,1999,A5082919794
544,蒋建东,A5040166779,original,I200296433,original_gold,284.0,蒋建东,医学与药学,中国医学科学院,1999,A5040166779
545,姜勇,A5037649253,original,I58200834,original_gold,643.0,姜勇,病理生理学,南方医科大学,1999,A5037649253
546,黄佐华,A5050011498,original,I87445476,original_gold,806.0,黄佐华,火花点火式发动机中的燃烧,西安交通大学,1999,A5050011498
547,黄勇,A5101949193,original,I4210117026,original_gold,609.0,黄勇,高分子物理及高分子物理化学,中科院广州化学有限公司,1999,A5101949193
548,黄力,A5100744863,original,I4210134982,original_gold,646.0,黄力,微生物学,中国科学院微生物研究所,1999,A5100744863
549,胡岳华,A5051130707,original,I139660479,original_gold,540.0,胡岳华,矿物资源工程,中南大学,1999,A5051130707
550,胡瑞忠,A5101454149,original,I4210135735,original_gold,318.0,胡瑞忠,矿床地球化学(含有机地球化学),中国科学院地球化学研究所,1999,A5101454149
551,胡建英,A5010492003,original,I20231570,original_gold,302.0,胡建英,污染物表生行为及环境效应,北京大学,1999,A5010492003
552,侯雪龙,A5110091122,original,I4210112946,original_gold,420.0,侯雪龙,有机化学,中国科学院上海有机化学研究所,1999,A5110091122
553,何学秋,A5009517272,original,I25757504,original_gold,270.0,何学秋,采矿安全与环境,中国矿业大学,1999,A5009517272
554,何士刚,A5100851005,original,I4210106477,original_gold,47.0,何士刚,神经生物学,中国科学院上海生命科学研究院,1999,A5100851005
555,郝模,A5101673005,original,I24943067,original_gold,50.0,郝模,医疗卫生管理,复旦大学,1999,A5101673005
556,韩占文,A5088362654,original,I2801168720,original_gold,519.0,韩占文,天文学,中国科学院云南天文台,1999,A5088362654
557,果德安,A5037644295,original,I20231570,original_gold,533.0,果德安,中药生物工程,北京大学,1999,A5037644295
558,郭子建,A5049331166,original,I881766915,original_gold,751.0,郭子建,生物无机化学,南京大学,1999,A5049331166
559,关亚风,A5044564390,original,I180585399,original_gold,216.0,关亚风,分析化学,中国科学院大连化学物理研究所,1999,A5044564390
560,龚新高,A5101826210,original,I2802624667,original_gold,249.0,龚新高,凝聚态物性II:电子结构、电学、磁学和光学性质,中国科学院合肥物质科学研究院,1999,A5101826210
561,耿建国,A5102260610,original,I4210106477,original_gold,23.0,耿建国,细胞生物学及发育生物学,中国科学院上海生命科学研究院,1999,A5102260610
562,傅正义,A5019325306,original,I196699116,original_gold,500.0,傅正义,无机非金属材料学科,武汉理工大学,1999,A5019325306
563,傅强,A5100612034,original,I24185976,original_gold,1198.0,傅强,高分子多相体系,四川大学,1999,A5100612034
564,冯学尚,A5030040472,original,I4210115570,original_gold,508.0,冯学尚,空间物理,中国科学院国家空间科学中心,1999,A5030040472
565,冯琦,A5100675875,original,I4210120485,original_gold,461.0,冯琦,公理集合证,中国科学院数学与系统科学研究院,1999,A5100675875
566,方小敏,A5083268016,original,I76214153,original_gold,445.0,方小敏,综合自然地理学,兰州大学,1999,A5083268016
567,方复全,A5014747471,original,I205237279,original_gold,66.0,方复全,微分拓扑,南开大学,1999,A5014747471
568,段广仁,A5043623971,original,I204983213,original_gold,900.0,段广仁,控制理论,哈尔滨工业大学,1999,A5043623971
569,丁大军,A5084564242,original,I194450716,original_gold,290.0,丁大军,原子和分子物理,吉林大学,1999,A5084564242
570,戴先中,A5112121024,original,I76569877,original_gold,132.0,戴先中,电工学科,东南大学,1999,A5112121024
571,陈肇雄,A5005568642,original,,original_gold,54.0,陈肇雄,信号理论与信号处理,华建电子有限责任公司,1999,A5005568642
572,陈新生,A5085071002,original,I177933477,original_gold,168.0,陈新生,药理学,中国人民解放军第二军医大学,1999,A5085071002
573,陈晓亚,A5101828935,original,I4210106477,original_gold,107.0,陈晓亚,植物生理学,中国科学院上海生命科学研究院,1999,A5101828935
574,陈小龙,A5004517379,original,I4210159876,original_gold,239.0,陈小龙,无机非金属材料学科,中国科学院物理研究所,1999,A5004517379
575,陈建敏,A5100665512,original,I4210089297,original_gold,2183.0,陈建敏,摩擦学,中国科学院兰州化学物理研究所,1999,A5100665512
576,陈国青,A5100342996,original,I99065089,original_gold,308.0,陈国青,管理信息系统、决策支持系统、专家系统,清华大学,1999,A5100342996
577,陈保善,A5101544921,original,I150807315,original_gold,105.0,陈保善,微生物学,广西大学,1999,A5101544921
578,鲍虎军,A5059021869,original,I76130692,original_gold,567.0,鲍虎军,显示技术与图形学,浙江大学,1999,A5059021869
579,庄钊文,A5102200307,original,I170215575,original_gold,232.0,庄钊文,信号理论与信号处理,中国人民解放军国防科技大学,2000,A5102200307
580,朱学良,A5091688695,original,I4210106477,original_gold,238.0,朱学良,细胞生物学及发育生物学,中国科学院上海生命科学研究院,2000,A5091688695
581,朱伟云,A5045572371,original,I119454577,original_gold,510.0,朱伟云,畜禽营养学,南京农业大学,2000,A5045572371
582,朱大海,A5084131914,original,I204983213,original_gold,65.0,朱大海,分子遗传学,哈尔滨工业大学,2000,A5084131914
583,周忠和,A5103366337,original,I4210086287,original_gold,296.0,周忠和,古生物学(含古人类学),中国科学院古脊椎动物与古人类研究所,2000,A5103366337
584,周又和,A5045537605,original,I76214153,original_gold,499.0,周又和,固体力学,兰州大学,2000,A5045537605
585,周东华,A5001517167,original,I99065089,original_gold,401.0,周东华,控制系统可靠性理论,清华大学,2000,A5001517167
586,郑晓瑛,A5074141798,original,I20231570,original_gold,287.0,郑晓瑛,临床医学基础研究,北京大学,2000,A5074141798
587,郑洪波,A5031730962,original,I4210159790,original_gold,187.0,郑洪波,第四纪地质学,中国科学院地球环境研究所,2000,A5031730962
588,赵跃民,A5100540204,original,I25757504,original_gold,240.0,赵跃民,矿物资源工程,中国矿业大学,2000,A5100540204
589,赵晓鹏,A5029265845,original,I17145004,original_gold,390.0,赵晓鹏,无机非金属智能材料,西北工业大学,2000,A5029265845
590,赵景泰,A5100651308,original,I4210163874,original_gold,376.0,赵景泰,无机化学,中国科学院上海硅酸盐研究所,2000,A5100651308
591,章维益,A5083651645,original,I881766915,original_gold,245.0,章维益,凝聚态物性II:电子结构、电学、磁学和光学性质,南京大学,2000,A5083651645
592,张玉虎,A5084498174,original,I4210131271,original_gold,340.0,张玉虎,原子核特性,中国科学院近代物理研究所,2000,A5084498174
593,张友金,A5076963789,original,I99065089,original_gold,156.0,张友金,数学物理,清华大学,2000,A5076963789
594,张维迎,A5101559179,original,I20231570,original_gold,222.0,张维迎,管理科学基础理论研究,北京大学,2000,A5101559179
595,张天真,A5060498425,original,I119454577,original_gold,393.0,张天真,作物遗传育种学,南京农业大学,2000,A5060498425
596,张树义,A5100602365,original,I4210167311,original_gold,498.0,张树义,动物学,中国科学院动物研究所,2000,A5100602365
597,张荣,A5100451797,original,I881766915,original_gold,798.0,张荣,化合物半导体材料,南京大学,2000,A5100451797
598,张勤,A5100418240,original,I52158045,original_gold,610.0,张勤,遗传育种学,中国农业大学,2000,A5100418240
599,张其锦,A5063604580,original,I126520041,original_gold,345.0,张其锦,功能高分子材料,中国科学技术大学,2000,A5063604580
600,张健,A5100410082,original,I173759888,original_gold,2649.0,张健,生物化学和分子生物学,湖南师范大学,2000,A5100410082
601,张德兴,A5086102217,original,I4210167311,original_gold,125.0,张德兴,生态学,中国科学院动物研究所,2000,A5086102217
602,张爱民,A5100656435,original,I4210124606,original_gold,507.0,张爱民,作物遗传育种学,中国科学院遗传与发育生物学研究所,2000,A5100656435
603,岳建民,A5040928944,original,I4210112820,original_gold,628.0,岳建民,药物化学(含天然药物化学),中国科学院上海药物研究所,2000,A5040928944
604,袁建民,A5081606775,original,I170215575,original_gold,931.0,袁建民,原子和分子物理,中国人民解放军国防科技大学,2000,A5081606775
605,虞跃,A5100397981,original,I4210125404,original_gold,428.0,虞跃,电子态,中国科学院理论物理研究所,2000,A5100397981
606,俞志明,A5066652497,original,I4210101167,original_gold,358.0,俞志明,海洋环境科学(含与海洋有关的全球变化研究等),中国科学院海洋研究所,2000,A5066652497
607,俞大鹏,A5101581129,original,I20231570,original_gold,575.0,俞大鹏,无机非金属材料学科,北京大学,2000,A5101581129
608,余锡平,A5011184571,original,I99065089,original_gold,179.0,余锡平,河流、海岸动力学及泥沙研究,清华大学,2000,A5011184571
609,印林生,A5100810058,original,I99065089,original_gold,25.0,印林生,代数数论,清华大学,2000,A5100810058
610,阴正勤,A5112697713,original,I151075929,original_gold,63.0,阴正勤,感觉系统神经生物学,中国人民解放军第三军医大学,2000,A5112697713
611,叶凯,A5032548139,original,I4210126061,original_gold,446.0,叶凯,岩石学,中国科学院地质与地球物理研究所,2000,A5032548139
612,姚一建,A5033360891,original,I4210134982,original_gold,93.0,姚一建,微生物学,中国科学院微生物研究所,2000,A5033360891
613,杨晓明,A5075371771,original,,original_gold,198.0,杨晓明,病理生理学,中国人民解放军军事科学院军事医学研究院,2000,A5075371771
614,杨晓,A5101972163,original,,original_gold,420.0,杨晓,分子遗传学,中国人民解放军军事科学院军事医学研究院,2000,A5101972163
615,杨万泰,A5067543084,original,I75390827,original_gold,736.0,杨万泰,高分子化学,北京化工大学,2000,A5067543084
616,杨金龙,A5100458442,original,I126520041,original_gold,1115.0,杨金龙,分子动态学,中国科学技术大学,2000,A5100458442
617,杨华中,A5023755254,original,I99065089,original_gold,807.0,杨华中,电路与系统,清华大学,2000,A5023755254
618,杨凤堂,A5008181388,original,I18489884,original_gold,421.0,杨凤堂,细胞遗传学,中国科学院昆明动物研究所,2000,A5008181388
619,严秀平,A5090486781,original,I205237279,original_gold,680.0,严秀平,分析化学,南开大学,2000,A5090486781
620,闫东航,A5100642672,original,I4210092888,original_gold,212.0,闫东航,高分子化学,中国科学院长春应用化学研究所,2000,A5100642672
621,许并社,A5061618421,original,I9086337,original_gold,545.0,许并社,金属功能材料(不包括信息、光电子、光学和半导体材料),太原理工大学,2000,A5061618421
622,徐现刚,A5032482570,original,I154099455,original_gold,347.0,徐现刚,半导体异质结构(包括SOI、SOS材料),山东大学,2000,A5032482570
623,徐涛,A5100385891,original,I47720641,original_gold,558.0,徐涛,细胞生物学及发育生物学,华中科技大学,2000,A5100385891
624,夏延致,A5043027428,original,I108688024,original_gold,360.0,夏延致,塑料、橡胶、纤维,青岛大学,2000,A5043027428
625,夏国良,A5025006462,original,I52158045,original_gold,275.0,夏国良,畜牧、兽医学,中国农业大学,2000,A5025006462
626,伍贻康,A5030057165,original,I4210112946,original_gold,315.0,伍贻康,有机化学,中国科学院上海有机化学研究所,2000,A5030057165
627,吴子牛,A5002733135,original,I99065089,original_gold,137.0,吴子牛,计算流体力学,清华大学,2000,A5002733135
628,吴冲锋,A5008379630,original,I183067930,original_gold,181.0,吴冲锋,金融工程,上海交通大学,2000,A5008379630
629,王友德,A5046980306,original,I4210120485,original_gold,135.0,王友德,流形上的分析,中国科学院数学与系统科学研究院,2000,A5046980306
630,王涌天,A5026250850,original,I125839683,original_gold,866.0,王涌天,技术光学,北京理工大学,2000,A5026250850
631,王汝成,A5007623581,original,I881766915,original_gold,325.0,王汝成,矿物学,南京大学,2000,A5007623581
632,王荣福,A5070717343,original,I177933477,original_gold,324.0,王荣福,免疫学,中国人民解放军第二军医大学,2000,A5070717343
633,王鹏业,A5062978902,original,I4210159876,original_gold,268.0,王鹏业,光学和光电子学,中国科学院物理研究所,2000,A5062978902
634,王楠林,A5005186943,original,I4210159876,original_gold,200.0,王楠林,凝聚态物性II:电子结构、电学、磁学和光学性质,中国科学院物理研究所,2000,A5005186943
635,王立东,A5100424660,original,I38877650,original_gold,343.0,王立东,肿瘤病理学,郑州大学,2000,A5100424660
636,王建祥,A5086214965,original,I200296433,original_gold,768.0,王建祥,血液与淋巴系统内科学,中国医学科学院,2000,A5086214965
637,王凤雨,A5043138062,original,I25254941,original_gold,528.0,王凤雨,概率论,北京师范大学,2000,A5043138062
638,汪越胜,A5101476801,original,I21193070,original_gold,638.0,汪越胜,固体力学,北京交通大学,2000,A5101476801
639,万立骏,A5107901792,original,I4210155088,original_gold,784.0,万立骏,物理化学,中国科学院化学研究所,2000,A5107901792
640,佟金,A5100661551,original,I194450716,original_gold,188.0,佟金,仿生机械,吉林大学,2000,A5100661551
641,田建国,A5008993657,original,I205237279,original_gold,385.0,田建国,非线性光学,南开大学,2000,A5008993657
642,滕斌,A5101712982,original,I27357992,original_gold,287.0,滕斌,水力学,大连理工大学,2000,A5101712982
643,唐宏,A5102769018,annotation,I4210134982,annotation_llm,83.0,唐宏,生物化学和分子生物学,中国科学院微生物研究所,2000,
644,孙彦,A5063605100,original,I162868743,original_gold,951.0,孙彦,化学工程及工业化学,天津大学,2000,A5063605100
645,孙笑涛,A5101659829,original,I4210120485,original_gold,62.0,孙笑涛,代数几何,中国科学院数学与系统科学研究院,2000,A5101659829
646,孙润仓,A5100770955,original,I89652312,original_gold,972.0,孙润仓,森林化学,西北农林科技大学,2000,A5100770955
647,苏宏业,A5078403818,original,I76130692,original_gold,866.0,苏宏业,工程系统与控制,浙江大学,2000,A5078403818
649,施敏,A5108590320,original,I4210112946,original_gold,2280.0,施敏,有机化学,中国科学院上海有机化学研究所,2000,A5108590320
650,邵志敏,A5091402754,original,I24943067,original_gold,154.0,邵志敏,肿瘤病理学,复旦大学,2000,A5091402754
651,邵荣光,A5002650576,original,I200296433,original_gold,163.0,邵荣光,药理学,中国医学科学院,2000,A5002650576
652,邵明安,A5101026809,original,I89652312,original_gold,626.0,邵明安,土壤物理学,西北农林科技大学,2000,A5101026809
653,任东,A5038716985,original,I96852419,original_gold,939.0,任东,动物学,首都师范大学,2000,A5038716985
654,饶云江,A5087570147,original,I158842170,original_gold,647.0,饶云江,光学和光电子学,重庆大学,2000,A5087570147
655,饶光辉,A5109290129,original,I4210159876,original_gold,175.0,饶光辉,金属材料的合金相图、相变及合金设计,中国科学院物理研究所,2000,A5109290129
656,曲选辉,A5073931088,original,I92403157,original_gold,1098.0,曲选辉,粉体工程与粉末冶金,北京科技大学,2000,A5073931088
657,钱旭红,A5042315072,original,I27357992,original_gold,1.0,钱旭红,精细有机化工(染料、涂料、感光剂、粘合剂与日用化工等),大连理工大学,2000,A5042315072
658,彭苏萍,A5003535786,original,I4399598474,original_gold,275.0,彭苏萍,软岩与煤炭开采,中国矿业大学(北京),2000,A5003535786
659,庞代文,A5002745006,original,I37461747,original_gold,479.0,庞代文,生物电化学,武汉大学,2000,A5002745006
660,牛立文,A5044083934,original,I126520041,original_gold,188.0,牛立文,生物化学和分子生物学,中国科学技术大学,2000,A5044083934
661,聂品,A5109286533,original,I4210089584,original_gold,370.0,聂品,水产学,中国科学院水生生物研究所,2000,A5109286533
662,聂建国,A5103619419,original,I99065089,original_gold,143.0,聂建国,结构工程学,清华大学,2000,A5103619419
663,孟洛明,A5100746917,original,I139759216,original_gold,171.0,孟洛明,通信网,北京邮电大学,2000,A5100746917
664,孟杰,A5100645804,original,I20231570,original_gold,834.0,孟杰,核物理,北京大学,2000,A5100645804
665,孟安明,A5090080418,original,I99065089,original_gold,189.0,孟安明,细胞生物学及发育生物学,清华大学,2000,A5090080418
666,毛军发,A5036116982,original,I183067930,original_gold,869.0,毛军发,电磁场与微波技术,上海交通大学,2000,A5036116982
667,马正强,A5001716676,original,I119454577,original_gold,137.0,马正强,作物遗传育种学,南京农业大学,2000,A5001716676
668,马力耕,A5019494632,original,I94611258,original_gold,123.0,马力耕,细胞信息,河北师范大学,2000,A5019494632
669,马丁,A5055822249,original,I47720641,original_gold,531.0,马丁,肿瘤病理学,华中科技大学,2000,A5055822249
670,马伯强,A5012114599,original,I20231570,original_gold,341.0,马伯强,量子色动力学、强相互作用和强子物理,北京大学,2000,A5012114599
671,吕西林,A5019604473,original,I116953780,original_gold,196.0,吕西林,防灾工程学,同济大学,2000,A5019604473
672,雒建斌,A5100608965,original,I99065089,original_gold,894.0,雒建斌,摩擦学,清华大学,2000,A5100608965
673,骆仲泱,A5035118503,original,I76130692,original_gold,512.0,骆仲泱,工程热物理与能源利用学科,浙江大学,2000,A5035118503
674,骆清铭,A5056033605,original,I47720641,original_gold,908.0,骆清铭,生物、医学光学,华中科技大学,2000,A5056033605
675,罗宏杰,A5014758944,original,I51622183,original_gold,287.0,罗宏杰,无机非金属材料学科,陕西科技大学,2000,A5014758944
676,柳卫平,A5100358868,original,I4210096139,original_gold,1092.0,柳卫平,核物理,中国原子能科学研究院,2000,A5100358868
677,刘鸣华,A5058453644,original,I4210155088,original_gold,918.0,刘鸣华,胶体与界面化学,中国科学院化学研究所,2000,A5058453644
678,刘凯欣,A5100674710,original,I20231570,original_gold,72.0,刘凯欣,冲击动力学,北京大学,2000,A5100674710
679,刘建宁,A5101616271,original,I881766915,original_gold,114.0,刘建宁,生物化学和分子生物学,南京大学,2000,A5101616271
680,刘洪来,A5040301471,original,I143593769,original_gold,758.0,刘洪来,热力学理论模型和分子系统的计算机模拟,华东理工大学,2000,A5040301471
681,刘海燕,A5049584421,original,I126520041,original_gold,1154.0,刘海燕,分子生物物理,中国科学技术大学,2000,A5049584421
682,凌文华,A5100771835,original,I157773358,original_gold,391.0,凌文华,预防医学与卫生学,中山大学,2000,A5100771835
683,凌昌全,A5052970883,original,I177933477,original_gold,267.0,凌昌全,中西医结合基础与应用基础,中国人民解放军第二军医大学,2000,A5052970883
684,林杨挺,A5083927668,original,I3018690959,original_gold,283.0,林杨挺,天体化学与比较行星学,中国科学院广州地球化学研究所,2000,A5083927668
685,梁曦东,A5007335090,original,I99065089,original_gold,149.0,梁曦东,绝缘与高电压,清华大学,2000,A5007335090
686,栗占国,A5039342892,original,I20231570,original_gold,620.0,栗占国,免疫学,北京大学,2000,A5039342892
687,李亚栋,A5100348455,original,I99065089,original_gold,1042.0,李亚栋,无机合成和制备化学,清华大学,2000,A5100348455
688,李星国,A5101550434,original,I20231570,original_gold,411.0,李星国,无机合成和制备化学,北京大学,2000,A5101550434
689,李小凡,A5100637080,original,I4210126061,original_gold,299.0,李小凡,地震学,中国科学院地质与地球物理研究所,2000,A5100637080
690,李向东,A5100416438,original,I881766915,original_gold,666.0,李向东,恒星物理与星际物质,南京大学,2000,A5100416438
691,李淼,A5100339707,original,I4210125404,original_gold,440.0,李淼,经典物理学和量子理论,中国科学院理论物理研究所,2000,A5100339707
692,李宏男,A5000593612,original,I83714178,original_gold,651.0,李宏男,建筑环境与结构工程学科,沈阳建筑大学,2000,A5000593612
693,金庆原,A5023858622,original,I24943067,original_gold,116.0,金庆原,凝聚态物性II:电子结构、电学、磁学和光学性质,复旦大学,2000,A5023858622
694,蒋向前,A5052852912,original,I47720641,original_gold,814.0,蒋向前,机械制造自动化,华中科技大学,2000,A5052852912
695,蒋青,A5020445890,original,I194450716,original_gold,1281.0,蒋青,金属材料学科,吉林大学,2000,A5020445890
696,姜培学,A5025099904,original,I99065089,original_gold,370.0,姜培学,传热传质学,清华大学,2000,A5025099904
697,黄震,A5033486450,original,I183067930,original_gold,300.0,黄震,燃烧污染与排气净化,上海交通大学,2000,A5033486450
698,黄烽,A5011775041,original,I2802939634,original_gold,420.0,黄烽,免疫学,中国人民解放军总医院,2000,A5011775041
699,胡志红,A5100716088,original,I4210106882,original_gold,323.0,胡志红,微生物学,中国科学院武汉病毒研究所,2000,A5100716088
700,胡跃飞,A5014367473,original,I99065089,original_gold,216.0,胡跃飞,有机化学,清华大学,2000,A5014367473
701,贺鹤勇,A5039706816,original,I24943067,original_gold,387.0,贺鹤勇,物理化学,复旦大学,2000,A5039706816
702,何振立,A5033025672,original,I76130692,original_gold,480.0,何振立,地理学、土壤学和遥感,浙江大学,2000,A5033025672
703,韩金林,A5002756705,original,I4210164580,original_gold,580.0,韩金林,恒星物理与星际物质,中国科学院国家天文台,2000,A5002756705
704,顾朝林,A5090508135,original,I881766915,original_gold,117.0,顾朝林,城市地理学,南京大学,2000,A5090508135
705,葛颂,A5110239684,original,I4210158097,original_gold,171.0,葛颂,植物系统学与分类学,中国科学院植物研究所,2000,A5110239684
706,冯兆东,A5103470014,original,I76214153,original_gold,46.0,冯兆东,综合自然地理学,兰州大学,2000,A5103470014
707,冯登国,A5101790997,original,I4210128818,original_gold,553.0,冯登国,计算机保密与编码理论,中国科学院软件研究所,2000,A5101790997
708,封松林,A5100657377,original,I4210149211,original_gold,337.0,封松林,半导体材料物理,中国科学院半导体研究所,2000,A5100657377
709,方岱宁,A5068283604,original,I99065089,original_gold,1083.0,方岱宁,固体力学,清华大学,2000,A5068283604
710,东秀珠,A5020638539,original,I4210134982,original_gold,172.0,东秀珠,微生物学,中国科学院微生物研究所,2000,A5020638539
711,丁泽军,A5086923958,original,I126520041,original_gold,332.0,丁泽军,凝聚态物性II:电子结构、电学、磁学和光学性质,中国科学技术大学,2000,A5086923958
712,丁明德,A5040109851,original,I881766915,original_gold,412.0,丁明德,太阳和太阳系,南京大学,2000,A5040109851
713,邓金根,A5102781740,annotation,I4210106541,annotation_llm,212.0,邓金根,有机化学,中国科学院成都有机化学有限公司,2000,
714,邓红文,A5024194480,original,I173759888,original_gold,954.0,邓红文,医学遗传学及遗传病,湖南师范大学,2000,A5024194480
715,崔鹏,A5100774804,original,I4210124748,original_gold,810.0,崔鹏,综合自然地理学,中国科学院、水利部成都山地灾害与环境研究所,2000,A5100774804
716,程和平,A5076736316,original,I20231570,original_gold,311.0,程和平,细胞生物学及发育生物学,北京大学,2000,A5076736316
717,程国强,A5102825407,original,I169479621,original_gold,151.0,程国强,农业经济管理,国务院发展研究中心,2000,A5102825407
718,程兵,A5032974852,original,I4210120485,original_gold,433.0,程兵,金融工程,中国科学院数学与系统科学研究院,2000,A5032974852
719,成会明,A5100406789,original,I4210126304,original_gold,1273.0,成会明,高性能碳素材料,中国科学院金属研究所,2000,A5100406789
720,陈左宁,A5051366939,original,,original_gold,73.0,陈左宁,计算机科学,中国人民解放军战略支援部队第五十六研究所,2000,A5051366939
721,陈志明,A5100325698,original,I4210120485,original_gold,341.0,陈志明,计算数学与科学工程计算,中国科学院数学与系统科学研究院,2000,A5100325698
722,陈应华,A5101581895,original,I99065089,original_gold,293.0,陈应华,免疫学,清华大学,2000,A5101581895
723,陈湘明,A5005993323,original,I76130692,original_gold,220.0,陈湘明,无机非金属类信息与功能材料,浙江大学,2000,A5005993323
724,陈军,A5100450146,original,,original_gold,1107.0,陈军,资源环境信息系统,国家基础地理信息中心,2000,A5100450146
725,陈化,A5024058852,original,I37461747,original_gold,233.0,陈化,偏微分方程,武汉大学,2000,A5024058852
726,陈戈,A5100359784,original,I59028903,original_gold,393.0,陈戈,海洋遥感,中国海洋大学,2000,A5100359784
727,陈尔强,A5086554450,original,I20231570,original_gold,207.0,陈尔强,高分子物理及高分子物理化学,北京大学,2000,A5086554450
728,曹晋滨,A5048586965,original,I4210115570,original_gold,419.0,曹晋滨,空间物理,中国科学院国家空间科学中心,2000,A5048586965
729,蔡莉,A5046839995,original,I194450716,original_gold,221.0,蔡莉,技术经济与技术管理,吉林大学,2000,A5046839995
730,左建儒,A5101440324,original,I4210124606,original_gold,117.0,左建儒,分子遗传学,中国科学院遗传与发育生物学研究所,2001,A5101440324
731,邹亚明,A5112747268,original,I24943067,original_gold,94.0,邹亚明,核科学和其他学科的交叉,复旦大学,2001,A5112747268
732,邹德春,A5003764136,original,I20231570,original_gold,217.0,邹德春,功能高分子材料,北京大学,2001,A5003764136
733,朱晓晴,A5084030628,annotation,I205237279,annotation_llm,141.0,朱晓晴,物理有机化学,南开大学,2001,
734,朱利中,A5103159974,original,I76130692,original_gold,176.0,朱利中,环境化学,浙江大学,2001,A5103159974
735,周雪平,A5089986454,original,I76130692,original_gold,471.0,周雪平,作物病毒病害,浙江大学,2001,A5089986454
736,周桥,A5006502427,original,I24185976,original_gold,155.0,周桥,细胞生物学及发育生物学,四川大学,2001,A5006502427
737,周鸣飞,A5100694750,original,I24943067,original_gold,423.0,周鸣飞,物理化学,复旦大学,2001,A5100694750
738,周金秋,A5022633117,original,I4210106477,original_gold,97.0,周金秋,生物化学和分子生物学,中国科学院上海生命科学研究院,2001,A5022633117
739,周常河,A5053598280,original,I4210135349,original_gold,446.0,周常河,光学存贮及材料,中国科学院上海光学精密机械研究所,2001,A5053598280
740,仲政,A5022438637,original,I116953780,original_gold,293.0,仲政,固体力学,同济大学,2001,A5022438637
741,郑强,A5100695325,original,I76130692,original_gold,628.0,郑强,多组分多相高分子材料,浙江大学,2001,A5100695325
742,赵修建,A5100665560,original,I196699116,original_gold,833.0,赵修建,玻璃材料,武汉理工大学,2001,A5100665560
743,赵兴中,A5048613747,original,I37461747,original_gold,439.0,赵兴中,换能材料,武汉大学,2001,A5048613747
744,赵康,A5039040895,original,I162868743,original_gold,324.0,赵康,药物合成学,天津大学,2001,A5039040895
745,赵春华,A5057401097,original,I200296433,original_gold,186.0,赵春华,病理生理学,中国医学科学院,2001,A5057401097
746,张学,A5100445886,original,I91656880,original_gold,434.0,张学,肿瘤病理学,中国医科大学,2001,A5100445886
747,张天爵,A5088711274,original,I4210096139,original_gold,160.0,张天爵,粒子物理与核物理实验设备,中国原子能科学研究院,2001,A5088711274
748,张俊颖,A5100618934,original,I126520041,original_gold,636.0,张俊颖,无机非金属类信息与功能材料,中国科学技术大学,2001,A5100618934
749,张健,A5100410082,original,I4210128818,original_gold,2649.0,张健,计算机软件,中国科学院软件研究所,2001,A5100410082
750,张广铭,A5100334981,original,I99065089,original_gold,501.0,张广铭,凝聚态物性II:电子结构、电学、磁学和光学性质,清华大学,2001,A5100334981
751,张广军,A5100602615,original,I82880672,original_gold,323.0,张广军,传感器技术与测试仪器,北京航空航天大学,2001,A5100602615
752,张改平,A5007641506,original,I4210096196,original_gold,406.0,张改平,兽医学,河南省农业科学院,2001,A5007641506
753,张大勇,A5050809806,original,I25254941,original_gold,245.0,张大勇,生态学一般理论和方法,北京师范大学,2001,A5050809806
754,张承才,A5050809806,original,I204823248,original_gold,245.0,张承才,微生物遗传育种,华中农业大学,2001,A5050809806
755,于吉红,A5100726102,original,I194450716,original_gold,816.0,于吉红,无机化学,吉林大学,2001,A5100726102
756,尹景学,A5101431598,original,I194450716,original_gold,208.0,尹景学,基础数学,吉林大学,2001,A5101431598
757,殷克东,A5100625565,original,I4210103685,original_gold,153.0,殷克东,生物海洋学(含生物海洋技术),中国科学院南海海洋研究所,2001,A5100625565
758,姚咏明,A5101815933,original,I2802939634,original_gold,416.0,姚咏明,病理生理学,中国人民解放军总医院,2001,A5101815933
759,杨放春,A5011978021,original,I139759216,original_gold,412.0,杨放春,通信网,北京邮电大学,2001,A5011978021
760,阎小培,A5024825559,original,I157773358,original_gold,11.0,阎小培,城市地理学,中山大学,2001,A5024825559
761,薛澜,A5100640923,original,I99065089,original_gold,180.0,薛澜,公共管理与公共政策,清华大学,2001,A5100640923
762,徐永平,A5057590021,original,I27357992,original_gold,238.0,徐永平,畜禽生理学,大连理工大学,2001,A5057590021
763,徐星,A5101679416,original,I4210086287,original_gold,871.0,徐星,古生物学(含古人类学),中国科学院古脊椎动物与古人类研究所,2001,A5101679416
764,徐夕生,A5005598847,original,I881766915,original_gold,136.0,徐夕生,岩石学,南京大学,2001,A5005598847
765,徐天乐,A5080465353,original,I126520041,original_gold,208.0,徐天乐,细胞神经生物学,中国科学技术大学,2001,A5080465353
766,徐南平,A5100918146,original,I134687103,original_gold,277.0,徐南平,化学工程及工业化学,南京工业大学,2001,A5100918146
767,徐精彩,A5078102102,original,I110440473,original_gold,119.0,徐精彩,采矿安全与环境,西安科技大学,2001,A5078102102
768,徐济超,A5100550529,original,I192868223,original_gold,44.0,徐济超,质量管理,郑州航空工业管理学院,2001,A5100550529
769,徐国良,A5022863165,original,I4210106477,original_gold,215.0,徐国良,分子遗传学,中国科学院上海生命科学研究院,2001,A5022863165
770,徐柏庆,A5100711146,original,I99065089,original_gold,185.0,徐柏庆,多相催化,清华大学,2001,A5100711146
771,谢建新,A5100337724,original,I92403157,original_gold,568.0,谢建新,特殊冶金与材料制备工程,北京科技大学,2001,A5100337724
772,夏兴华,A5004925266,original,I881766915,original_gold,527.0,夏兴华,分析化学,南京大学,2001,A5004925266
773,夏斌,A5085292302,original,I20231570,original_gold,209.0,夏斌,生物化学和分子生物学,北京大学,2001,A5085292302
774,吴宗敏,A5102084780,original,I24943067,original_gold,75.0,吴宗敏,曲面设计,复旦大学,2001,A5102084780
775,吴自玉,A5103606509,original,I4210137180,original_gold,120.0,吴自玉,核技术及其应用,中国科学院高能物理研究所,2001,A5103606509
776,吴颖,A5101780958,original,I47720641,original_gold,519.0,吴颖,量子光学,华中科技大学,2001,A5101780958
777,吴晓光,A5100374743,original,I4210149211,original_gold,152.0,吴晓光,半导体物理,中国科学院半导体研究所,2001,A5100374743
778,吴骊珠,A5071014155,original,I4210140689,original_gold,880.0,吴骊珠,有机光化学,中国科学院理化技术研究所,2001,A5071014155
779,吴凯,A5038287652,original,I20231570,original_gold,764.0,吴凯,物理化学,北京大学,2001,A5038287652
780,魏辅文,A5041045003,original,I4210167311,original_gold,261.0,魏辅文,动物学,中国科学院动物研究所,2001,A5041045003
781,王志光,A5100637055,original,I4210131271,original_gold,551.0,王志光,核科学和其他学科的交叉,中国科学院近代物理研究所,2001,A5100637055
782,王跃飞,A5086465035,original,I4210120485,original_gold,263.0,王跃飞,基础数学,中国科学院数学与系统科学研究院,2001,A5086465035
783,王维华,A5100462313,original,I4210167311,original_gold,437.0,王维华,动物学,中国科学院动物研究所,2001,A5100462313
784,王铁军,A5100438109,original,I87445476,original_gold,523.0,王铁军,固体力学,西安交通大学,2001,A5100438109
785,王松灵,A5110453447,original,I183519381,original_gold,210.0,王松灵,口腔医学,首都医科大学,2001,A5110453447
786,王明荣,A5081726859,original,I200296433,original_gold,265.0,王明荣,分子遗传学,中国医学科学院,2001,A5081726859
787,王磊,A5115695525,original,I205237279,original_gold,0.0,王磊,微生物学,南开大学,2001,A5115695525
788,王建国,A5100336346,original,I76569877,original_gold,591.0,王建国,建筑学,东南大学,2001,A5100336346
789,王惠文,A5057451811,original,I82880672,original_gold,165.0,王惠文,公共管理与公共政策,北京航空航天大学,2001,A5057451811
790,王会军,A5100416403,original,I4210152758,original_gold,469.0,王会军,气候学,中国科学院大气物理研究所,2001,A5100416403
791,王官武,A5058355495,original,I126520041,original_gold,17.0,王官武,有机化学,中国科学技术大学,2001,A5058355495
792,王飞跃,A5113600509,original,I4210112150,original_gold,1765.0,王飞跃,智能控制理论,中国科学院自动化研究所,2001,A5113600509
793,王长平,A5037696275,original,I20231570,original_gold,100.0,王长平,整体微分几何,北京大学,2001,A5037696275
794,汪寿阳,A5078558986,original,I4210120485,original_gold,1276.0,汪寿阳,决策理论,中国科学院数学与系统科学研究院,2001,A5078558986
795,田志刚,A5083130438,original,I126520041,original_gold,670.0,田志刚,免疫学,中国科学技术大学,2001,A5083130438
796,唐仕波,A5031243964,original,I157773358,original_gold,288.0,唐仕波,眼科学,中山大学,2001,A5031243964
797,孙继敏,A5013335971,original,I4210126061,original_gold,189.0,孙继敏,第四纪地质学,中国科学院地质与地球物理研究所,2001,A5013335971
798,隋曼龄,A5068617225,original,I4210126304,original_gold,235.0,隋曼龄,金属的晶体结构与缺陷及其表征方法,中国科学院金属研究所,2001,A5068617225
799,沈永明,A5110193011,original,I27357992,original_gold,124.0,沈永明,环境水利,大连理工大学,2001,A5110193011
800,沈文忠,A5100611222,original,I183067930,original_gold,388.0,沈文忠,凝聚态物性II:电子结构、电学、磁学和光学性质,上海交通大学,2001,A5100611222
801,沈超,A5101843177,original,I4210115570,original_gold,228.0,沈超,空间物理,中国科学院国家空间科学中心,2001,A5101843177
802,任中洲,A5110239568,original,I881766915,original_gold,553.0,任中洲,核物理,南京大学,2001,A5110239568
803,任南琪,A5100632966,original,I204983213,original_gold,679.0,任南琪,环境工程学,哈尔滨工业大学,2001,A5100632966
804,邱建荣,A5019618023,original,I4210135349,original_gold,1187.0,邱建荣,无机非金属类信息与功能材料,中国科学院上海光学精密机械研究所,2001,A5019618023
805,孟庆翔,A5017255322,original,I52158045,original_gold,172.0,孟庆翔,畜禽营养学,中国农业大学,2001,A5017255322
806,梅宏,A5100633784,original,I20231570,original_gold,430.0,梅宏,计算机软件,北京大学,2001,A5100633784
807,马於光,A5100443244,original,I194450716,original_gold,706.0,马於光,高分子物理及高分子物理化学,吉林大学,2001,A5100443244
808,马润林,A5102208246,original,I4210124606,original_gold,25.0,马润林,动物遗传学,中国科学院遗传与发育生物学研究所,2001,A5102208246
809,马光辉,A5019359121,original,I4210133325,original_gold,602.0,马光辉,聚合反应工程,中国科学院过程工程研究所,2001,A5019359121
810,骆永明,A5036508020,original,I4210165559,original_gold,413.0,骆永明,土壤化学,中国科学院南京土壤研究所,2001,A5036508020
811,罗小平,A5029085127,original,I47720641,original_gold,313.0,罗小平,病理生理学,华中科技大学,2001,A5029085127
812,罗懋康,A5101752471,original,I24185976,original_gold,150.0,罗懋康,数学,四川大学,2001,A5101752471
813,陆夕云,A5017366829,original,I126520041,original_gold,321.0,陆夕云,流体力学,中国科学技术大学,2001,A5017366829
814,卢宝荣,A5032464037,original,I24943067,original_gold,189.0,卢宝荣,农学,复旦大学,2001,A5032464037
815,刘世荣,A5100672359,original,I4210128615,original_gold,474.0,刘世荣,森林基础科学,中国林业科学研究院,2001,A5100672359
816,刘强,A5100409479,original,I99065089,original_gold,854.0,刘强,植物学,清华大学,2001,A5100409479
817,刘濮鲲,A5036044616,original,I4210110458,original_gold,484.0,刘濮鲲,真空电子学,中国科学院电子学研究所,2001,A5036044616
818,刘培东,A5085472864,original,I20231570,original_gold,152.0,刘培东,应用数学,北京大学,2001,A5085472864
819,刘建亚,A5033916746,original,I154099455,original_gold,123.0,刘建亚,解析数论,山东大学,2001,A5033916746
820,刘加平,A5107874405,original,I148099405,original_gold,627.0,刘加平,建筑物理学,西安建筑科技大学,2001,A5107874405
821,林圣彩,A5030886588,original,I191208505,original_gold,137.0,林圣彩,生物分子的相互作用,厦门大学,2001,A5030886588
822,林金明,A5100738881,original,I4210144289,original_gold,703.0,林金明,分析化学,中国科学院生态环境研究中心,2001,A5100738881
823,廖世俊,A5086739878,original,I183067930,original_gold,453.0,廖世俊,水力学,上海交通大学,2001,A5086739878
824,李毅,A5100421454,original,I20231570,original_gold,2041.0,李毅,植物病毒,北京大学,2001,A5100421454
825,李涛,A5100455395,original,I24185976,original_gold,1234.0,李涛,神经生物学,四川大学,2001,A5100455395
826,李立峰,A5100637034,original,I99065089,original_gold,371.0,李立峰,技术光学,清华大学,2001,A5100637034
827,李景虹,A5089448918,original,I99065089,original_gold,768.0,李景虹,分析化学,清华大学,2001,A5089448918
828,李建国,A5100368365,original,I183067930,original_gold,500.0,李建国,金属材料学科,上海交通大学,2001,A5100368365
829,李根生,A5101578117,original,I4210162190,original_gold,401.0,李根生,油气开采,中国石油大学(北京),2001,A5101578117
830,李伯耿,A5068854747,original,I76130692,original_gold,384.0,李伯耿,化学反应工程,浙江大学,2001,A5068854747
831,孔祥银,A5102756200,original,I4210106477,original_gold,181.0,孔祥银,分子遗传学,中国科学院上海生命科学研究院,2001,A5102756200
832,孔屏,A5008331894,original,I4210126061,original_gold,194.0,孔屏,地球化学,中国科学院地质与地球物理研究所,2001,A5008331894
833,康振生,A5071482693,original,I89652312,original_gold,573.0,康振生,作物真菌病害,西北农林科技大学,2001,A5071482693
834,康跃虎,A5054435494,original,I4210160793,original_gold,36.0,康跃虎,水资源与水文学,中国科学院地理科学与资源研究所,2001,A5054435494
835,琚诒光,A5081250081,original,I99065089,original_gold,591.0,琚诒光,燃烧学,清华大学,2001,A5081250081
836,景益鹏,A5087064635,original,I2799714274,original_gold,270.0,景益鹏,理论天体物理,中国科学院上海天文台,2001,A5087064635
837,金海,A5022262922,original,I47720641,original_gold,2205.0,金海,计算机科学,华中科技大学,2001,A5022262922
838,蒋昌俊,A5066099338,original,I116953780,original_gold,485.0,蒋昌俊,计算机系统模拟与建模,同济大学,2001,A5066099338
839,姜卫红,A5101448104,original,I4210106477,original_gold,218.0,姜卫红,微生物学,中国科学院上海生命科学研究院,2001,A5101448104
840,江雷,A5089379689,original,I4210155088,original_gold,2948.0,江雷,无机化学,中国科学院化学研究所,2001,A5089379689
842,黄跃生,A5100512593,original,I151075929,original_gold,194.0,黄跃生,创伤外科与烧伤外科学,中国人民解放军第三军医大学,2001,A5100512593
843,黄卡玛,A5058007603,original,I24185976,original_gold,326.0,黄卡玛,电磁场与微波技术,四川大学,2001,A5058007603
844,胡盛寿,A5091127604,original,I200296433,original_gold,424.0,胡盛寿,心、胸外科学,中国医学科学院,2001,A5091127604
845,胡平,A5100424738,annotation,I194450716,annotation_llm,387.0,胡平,计算固体力学,吉林大学,2001,
846,何祖华,A5100702375,original,I4210106477,original_gold,145.0,何祖华,植物保护学,中国科学院上海生命科学研究院,2001,A5100702375
847,郝芳,A5115604707,original,I4210162190,original_gold,107.0,郝芳,石油、天然气地质学,中国石油大学(北京),2001,A5115604707
848,韩艳春,A5000024258,original,I4210092888,original_gold,234.0,韩艳春,有机高分子材料学科,中国科学院长春应用化学研究所,2001,A5000024258
849,郭跃伟,A5084888054,original,I4210112820,original_gold,515.0,郭跃伟,药物化学(含天然药物化学),中国科学院上海药物研究所,2001,A5084888054
850,高天明,A5002883252,original,I58200834,original_gold,292.0,高天明,神经生物学,南方医科大学,2001,A5002883252
851,高松,A5100680630,original,I20231570,original_gold,1976.0,高松,无机化学,北京大学,2001,A5100680630
852,高鸿钧,A5073760760,original,I4210159876,original_gold,500.0,高鸿钧,电子离子物理、材料与器件,中国科学院物理研究所,2001,A5073760760
853,高峰,A5100729278,original,I183067930,original_gold,872.0,高峰,"新机型,新机构",上海交通大学,2001,A5100729278
854,高琛,A5112672110,original,I126520041,original_gold,231.0,高琛,无机非金属类信息与功能材料,中国科学技术大学,2001,A5112672110
855,冯世平,A5057021628,original,I25254941,original_gold,329.0,冯世平,超导电性,北京师范大学,2001,A5057021628
856,方竞,A5113723301,original,I20231570,original_gold,410.0,方竞,实验固体力学,北京大学,2001,A5113723301
857,樊军辉,A5101199402,original,I37987034,original_gold,99.0,樊军辉,星系和类星体,广州大学,2001,A5101199402
858,丁建平,A5034003119,original,I4210106477,original_gold,269.0,丁建平,生物化学和分子生物学,中国科学院上海生命科学研究院,2001,A5034003119
859,邓宏魁,A5088259187,original,I20231570,original_gold,245.0,邓宏魁,细胞生物学及发育生物学,北京大学,2001,A5088259187
860,崔一平,A5055907427,original,I76569877,original_gold,941.0,崔一平,非线性光学材料,东南大学,2001,A5055907427
861,程建春,A5043126665,original,I881766915,original_gold,301.0,程建春,声学,南京大学,2001,A5043126665
862,成昭华,A5100529028,original,I4210159876,original_gold,31.0,成昭华,金属磁性材料,中国科学院物理研究所,2001,A5100529028
863,陈政,A5100370673,original,I37461747,original_gold,487.0,陈政,电化学,武汉大学,2001,A5100370673
864,陈永顺,A5049634501,original,I20231570,original_gold,78.0,陈永顺,地球物理学和空间物理学,北京大学,2001,A5049634501
865,陈晔光,A5031295186,original,I99065089,original_gold,285.0,陈晔光,细胞生物学及发育生物学,清华大学,2001,A5031295186
866,陈晓红,A5066350606,original,I139660479,original_gold,397.0,陈晓红,管理科学与管理工程,中南大学,2001,A5066350606
867,陈乾旺,A5014087781,original,I126520041,original_gold,520.0,陈乾旺,无机化学,中国科学技术大学,2001,A5014087781
868,陈发虎,A5021278698,original,I76214153,original_gold,727.0,陈发虎,综合自然地理学,兰州大学,2001,A5021278698
869,曹佳,A5100661099,original,I151075929,original_gold,541.0,曹佳,毒理学,中国人民解放军第三军医大学,2001,A5100661099
870,曹济民,A5074740786,original,I200296433,original_gold,103.0,曹济民,病理学,中国医学科学院,2001,A5074740786
871,蔡祖聪,A5103098564,original,I4210165559,original_gold,268.0,蔡祖聪,土壤化学,中国科学院南京土壤研究所,2001,A5103098564
872,边少锋,A5046853018,original,I2800710378,original_gold,168.0,边少锋,大地测量学(物理大地测量、动力大地测量),中国人民解放军海军工程大学,2001,A5046853018
873,包亦望,A5056814336,original,,original_gold,210.0,包亦望,结构陶瓷,中国建筑材料科学研究总院有限公司,2001,A5056814336
874,邹恒甫,A5004483876,original,I20231570,original_gold,278.0,邹恒甫,管理信息系统、决策支持系统、专家系统,北京大学,2002,A5004483876
875,邹冰松,A5111471551,original,I4210137180,original_gold,11.0,邹冰松,中高能核物理,中国科学院高能物理研究所,2002,A5111471551
876,宗传明,A5101658433,original,I20231570,original_gold,92.0,宗传明,数论,北京大学,2002,A5101658433
877,朱永官,A5019443350,original,I4210144289,original_gold,1.0,朱永官,土壤化学,中国科学院生态环境研究中心,2002,A5019443350
878,朱兴全,A5001246506,original,I101479585,original_gold,676.0,朱兴全,兽医寄生虫病学,华南农业大学,2002,A5001246506
879,朱江,A5101892567,original,I4210152758,original_gold,360.0,朱江,物理海洋学,中国科学院大气物理研究所,2002,A5101892567
881,周启星,A5089824454,original,I4210110024,original_gold,390.0,周启星,污染生态化学,中国科学院沈阳应用生态研究所,2002,A5089824454
882,周飞朦,A5034655909,original,I139660479,original_gold,195.0,周飞朦,分析化学,中南大学,2002,A5034655909
883,周成虎,A5023919188,original,I4210160793,original_gold,516.0,周成虎,资源环境信息系统,中国科学院地理科学与资源研究所,2002,A5023919188
884,钟建江,A5071447212,original,I143593769,original_gold,424.0,钟建江,生物化工与食品化工,华东理工大学,2002,A5071447212
885,郑耀,A5061628897,original,I76130692,original_gold,345.0,郑耀,计算机在新应用领域中的基础研究,浙江大学,2002,A5061628897
886,郑仕标,A5028004464,original,I80947539,original_gold,194.0,郑仕标,量子光学,福州大学,2002,A5028004464
887,赵亚溥,A5059180248,original,I4210157653,original_gold,296.0,赵亚溥,固体力学,中国科学院力学研究所,2002,A5059180248
888,赵晓航,A5023772199,original,I200296433,original_gold,130.0,赵晓航,肿瘤学,中国医学科学院,2002,A5023772199
889,赵红卫,A5047878036,original,I4210131271,original_gold,355.0,赵红卫,加速器原理和关键技术,中国科学院近代物理研究所,2002,A5047878036
890,张政军,A5011707201,original,I99065089,original_gold,452.0,张政军,金属非晶态、准晶和纳米晶材料及制备基础,清华大学,2002,A5011707201
891,张涛,A5100375792,original,I82880672,original_gold,1436.0,张涛,金属材料学科,北京航空航天大学,2002,A5100375792
892,张人禾,A5064713558,original,I4210133131,original_gold,571.0,张人禾,气候学,中国气象科学研究院,2002,A5064713558
893,张平文,A5112856088,original,I20231570,original_gold,217.0,张平文,计算数学与科学工程计算,北京大学,2002,A5112856088
894,张林秀,A5023327040,original,I4210160793,original_gold,414.0,张林秀,农业经济管理,中国科学院地理科学与资源研究所,2002,A5023327040
895,张剑锋,A5100374713,original,I4210126061,original_gold,446.0,张剑锋,勘探地球物理,中国科学院地质与地球物理研究所,2002,A5100374713
896,张洪武,A5056837253,original,I27357992,original_gold,551.0,张洪武,计算固体力学,大连理工大学,2002,A5056837253
897,张宏福,A5079795759,original,I4210126061,original_gold,269.0,张宏福,地球化学,中国科学院地质与地球物理研究所,2002,A5079795759
898,张德清,A5110365165,original,I4210155088,original_gold,1055.0,张德清,有机化学,中国科学院化学研究所,2002,A5110365165
899,张传茂,A5039023101,original,I20231570,original_gold,102.0,张传茂,细胞生物学及发育生物学,北京大学,2002,A5039023101
900,张辰宇,A5112212826,original,I881766915,original_gold,682.0,张辰宇,内分泌学及代谢病,南京大学,2002,A5112212826
901,詹启敏,A5100664083,original,I200296433,original_gold,473.0,詹启敏,分子遗传学,中国医学科学院,2002,A5100664083
902,曾苏,A5058483819,original,I76130692,original_gold,456.0,曾苏,药物代谢动力学,浙江大学,2002,A5058483819
903,曾长青,A5009545090,original,I2801577699,original_gold,144.0,曾长青,细胞生物学及发育生物学,中国科学院北京基因组研究所,2002,A5009545090
904,于贵瑞,A5008834412,original,I4210160793,original_gold,1011.0,于贵瑞,生态学,中国科学院地理科学与资源研究所,2002,A5008834412
905,姚鹏飞,A5103134253,original,I4210120485,original_gold,159.0,姚鹏飞,控制系统的分析和综合,中国科学院数学与系统科学研究院,2002,A5103134253
906,杨卫军,A5078143379,original,I76130692,original_gold,179.0,杨卫军,水产学,浙江大学,2002,A5078143379
907,杨宁,A5074516400,original,I52158045,original_gold,781.0,杨宁,畜牧、兽医学,中国农业大学,2002,A5074516400
909,杨定,A5100730988,original,I52158045,original_gold,740.0,杨定,动物分类学,中国农业大学,2002,A5100730988
910,杨德仁,A5051102773,original,I76130692,original_gold,1233.0,杨德仁,半导体材料,浙江大学,2002,A5051102773
911,颜毅华,A5068724865,original,I4210164580,original_gold,606.0,颜毅华,太阳和太阳系,中国科学院国家天文台,2002,A5068724865
912,许祝安,A5012778666,original,I76130692,original_gold,359.0,许祝安,凝聚态物性II:电子结构、电学、磁学和光学性质,浙江大学,2002,A5012778666
913,徐寄遥,A5062198457,original,I4210115570,original_gold,339.0,徐寄遥,空间物理,中国科学院国家空间科学中心,2002,A5062198457
914,熊仁根,A5057572113,original,I881766915,original_gold,1107.0,熊仁根,无机化学,南京大学,2002,A5057572113
915,谢平,A5016786612,original,I4210089584,original_gold,647.0,谢平,生态学,中国科学院水生生物研究所,2002,A5016786612
916,肖瑞平,A5042676208,original,I20231570,original_gold,165.0,肖瑞平,循环生理学,北京大学,2002,A5042676208
917,肖立业,A5102853055,original,I4210128819,original_gold,129.0,肖立业,电力电磁兼容,中国科学院电工研究所,2002,A5102853055
918,吴云东,A5044562088,original,I20231570,original_gold,383.0,吴云东,物理化学,北京大学,2002,A5044562088
919,吴兴龙,A5054962566,original,I881766915,original_gold,528.0,吴兴龙,光学材料中物理问题及固体发光,南京大学,2002,A5054962566
920,吴玮,A5100704703,original,I191208505,original_gold,504.0,吴玮,物理化学,厦门大学,2002,A5100704703
921,吴李君,A5030824072,original,I2802624667,original_gold,330.0,吴李君,核技术及其应用,中国科学院合肥物质科学研究院,2002,A5030824072
922,吴开春,A5078303906,original,,original_gold,955.0,吴开春,肿瘤病理学,中国人民解放军第四军医大学,2002,A5078303906
923,吴骏,A5054078700,original,,original_gold,362.0,吴骏,免疫学,上海人类基因组研究中心,2002,A5054078700
924,吴晨旭,A5064647434,original,I191208505,original_gold,215.0,吴晨旭,凝聚态物性I:结构、力学和热学性质,厦门大学,2002,A5064647434
925,魏志义,A5005908287,original,I4210159876,original_gold,575.0,魏志义,超快光子学与超快过程,中国科学院物理研究所,2002,A5005908287
926,韦大明,A5047278885,original,I2802340896,original_gold,227.0,韦大明,理论天体物理,中国科学院紫金山天文台,2002,A5047278885
927,王悦,A5100633632,original,I194450716,original_gold,444.0,王悦,有机高分子材料学科,吉林大学,2002,A5100633632
928,王以政,A5057204508,original,I4210106477,original_gold,99.0,王以政,分子神经生物学,中国科学院上海生命科学研究院,2002,A5057204508
929,王贻芳,A5063830804,original,I4210137180,original_gold,797.0,王贻芳,粒子物理学和场论,中国科学院高能物理研究所,2002,A5063830804
930,王献红,A5047357194,original,I4210092888,original_gold,389.0,王献红,高分子化学,中国科学院长春应用化学研究所,2002,A5047357194
931,王如竹,A5067004420,original,I183067930,original_gold,1252.0,王如竹,工程热物理与能源利用学科,上海交通大学,2002,A5067004420
932,王沥,A5107889976,original,I4210124606,original_gold,3097.0,王沥,分子遗传学,中国科学院遗传与发育生物学研究所,2002,A5107889976
933,王剑波,A5100337993,original,I20231570,original_gold,777.0,王剑波,有机化学,北京大学,2002,A5100337993
934,王春儒,A5039338730,original,I4210155088,original_gold,336.0,王春儒,碳素材料与超硬材料,中国科学院化学研究所,2002,A5039338730
935,王春峰,A5100601920,original,I162868743,original_gold,357.0,王春峰,金融工程,天津大学,2002,A5100601920
936,王琛,A5100337500,original,I4210106477,original_gold,811.0,王琛,生物化学和分子生物学,中国科学院上海生命科学研究院,2002,A5100337500
937,汪永进,A5100633514,original,I152031979,original_gold,514.0,汪永进,第四纪地质学,南京师范大学,2002,A5100633514
938,汪小帆,A5100718391,original,I183067930,original_gold,422.0,汪小帆,控制理论,上海交通大学,2002,A5100718391
939,涂善东,A5112109355,original,I143593769,original_gold,88.0,涂善东,机械工程学科,华东理工大学,2002,A5112109355
940,田永君,A5006630806,original,I39333907,original_gold,515.0,田永君,无机非金属材料学科,燕山大学,2002,A5006630806
941,田世平,A5083393341,original,I4210158097,original_gold,271.0,田世平,果蔬保鲜加工中的生物学问题,中国科学院植物研究所,2002,A5083393341
942,田捷,A5100429270,original,I4210112150,original_gold,1682.0,田捷,生物电子学,中国科学院自动化研究所,2002,A5100429270
943,唐勇,A5120811349,original,I4210112946,original_gold,,唐勇,有机化学,中国科学院上海有机化学研究所,2002,A5120811349
944,唐明,A5100782002,original,I89652312,original_gold,943.0,唐明,森林保护学,西北农林科技大学,2002,A5100782002
945,孙颖浩,A5100622307,original,I177933477,original_gold,336.0,孙颖浩,泌尿外科学,中国人民解放军第二军医大学,2002,A5100622307
946,孙青原,A5036569823,original,I4210167311,original_gold,570.0,孙青原,动物胚胎学,中国科学院动物研究所,2002,A5036569823
947,孙蒙祥,A5065058710,original,I37461747,original_gold,156.0,孙蒙祥,植物胚胎学,武汉大学,2002,A5065058710
948,孙继荣,A5004954390,original,I4210159876,original_gold,431.0,孙继荣,无机非金属类磁性材料,中国科学院物理研究所,2002,A5004954390
949,时钟,A5055035965,original,I183067930,original_gold,180.0,时钟,河口海岸学,上海交通大学,2002,A5055035965
950,石高全,A5101644939,original,I99065089,original_gold,349.0,石高全,有机高分子材料学科,清华大学,2002,A5101644939
951,施毅,A5025243022,original,I881766915,original_gold,999.0,施毅,半导体科学,南京大学,2002,A5025243022
952,施斌,A5100628793,original,I881766915,original_gold,430.0,施斌,工程地质学,南京大学,2002,A5100628793
953,沈树忠,A5075284964,original,I4210103797,original_gold,391.0,沈树忠,古生物学(含古人类学),中国科学院南京地质古生物研究所,2002,A5075284964
954,申长雨,A5101938357,original,I38877650,original_gold,704.0,申长雨,计算固体力学,郑州大学,2002,A5101938357
955,佘振苏,A5039451500,original,I20231570,original_gold,209.0,佘振苏,流体力学,北京大学,2002,A5039451500
956,邵久书,A5103214285,original,I25254941,original_gold,4.0,邵久书,化学动力学,北京师范大学,2002,A5103214285
957,尚永丰,A5083074324,original,I20231570,original_gold,136.0,尚永丰,肿瘤学,北京大学,2002,A5083074324
958,任忠鸣,A5014320291,original,I113940042,original_gold,622.0,任忠鸣,冶金与矿业学科,上海大学,2002,A5014320291
959,曲晓刚,A5090202020,original,I4210092888,original_gold,677.0,曲晓刚,生物无机化学,中国科学院长春应用化学研究所,2002,A5090202020
960,曲久辉,A5073836005,original,I4210144289,original_gold,859.0,曲久辉,环境工程学,中国科学院生态环境研究中心,2002,A5073836005
961,钱宇,A5108723702,original,I90610280,original_gold,256.0,钱宇,化学工程及工业化学,华南理工大学,2002,A5108723702
962,潘卫庆,A5005421775,original,I177933477,original_gold,106.0,潘卫庆,寄生虫学(含寄生虫病学),中国人民解放军第二军医大学,2002,A5005421775
963,宁琴,A5100705133,original,I47720641,original_gold,353.0,宁琴,传染病学,华中科技大学,2002,A5100705133
964,缪协兴,A5108430684,annotation,I25757504,annotation_llm,59.0,缪协兴,矿物资源开采,中国矿业大学,2002,
965,罗永章,A5101864926,original,I99065089,original_gold,75.0,罗永章,生物化学和分子生物学,清华大学,2002,A5101864926
966,龙勉,A5073236451,original,I4210157653,original_gold,197.0,龙勉,生物力学和生物流变学,中国科学院力学研究所,2002,A5073236451
967,刘祖国,A5115588269,original,I157773358,original_gold,215.0,刘祖国,眼科学,中山大学,2002,A5115588269
968,刘维屏,A5100358868,original,I55712492,original_gold,1092.0,刘维屏,环境化学,浙江工业大学,2002,A5100358868
969,刘庆昌,A5101934974,original,I52158045,original_gold,148.0,刘庆昌,薯类作物遗传育种学,中国农业大学,2002,A5101934974
970,刘吉开,A5027553598,original,I13850615,original_gold,774.0,刘吉开,天然产物化学,中国科学院昆明植物研究所,2002,A5027553598
971,刘昌俊,A5063052790,original,I162868743,original_gold,662.0,刘昌俊,有机化工,天津大学,2002,A5063052790
972,刘宝,A5100672158,original,I184983240,original_gold,403.0,刘宝,植物系统发育与演化,东北师范大学,2002,A5100672158
973,凌宏清,A5036915726,original,I4210124606,original_gold,120.0,凌宏清,作物营养学,中国科学院遗传与发育生物学研究所,2002,A5036915726
974,林忠钦,A5103396237,original,I183067930,original_gold,18.0,林忠钦,机械制造,上海交通大学,2002,A5103396237
975,林君,A5100694718,original,I4210092888,original_gold,1126.0,林君,无机非金属材料学科,中国科学院长春应用化学研究所,2002,A5100694718
976,林金星,A5004317300,original,I4210158097,original_gold,330.0,林金星,植物结构学,中国科学院植物研究所,2002,A5004317300
977,李有泉,A5022885531,original,I76130692,original_gold,210.0,李有泉,凝聚态物性II:电子结构、电学、磁学和光学性质,浙江大学,2002,A5022885531
978,李勇,A5029768249,original,I194450716,original_gold,3619.0,李勇,基础数学,吉林大学,2002,A5029768249
979,李庆军,A5100682217,original,I2801454379,original_gold,176.0,李庆军,植物学,中国科学院西双版纳热带植物园,2002,A5100682217
980,李庆斌,A5028797021,original,I99065089,original_gold,395.0,李庆斌,水利学科,清华大学,2002,A5028797021
981,李建奇,A5100692108,original,I4210159876,original_gold,288.0,李建奇,凝聚态物性II:电子结构、电学、磁学和光学性质,中国科学院物理研究所,2002,A5100692108
982,李贺军,A5100725627,original,I17145004,original_gold,561.0,李贺军,无机非金属基复合材料,西北工业大学,2002,A5100725627
984,李国强,A5100354154,original,I116953780,original_gold,780.0,李国强,结构工程学,同济大学,2002,A5100354154
985,李葆明,A5036157514,original,I24943067,original_gold,317.0,李葆明,高级神经生物学,复旦大学,2002,A5036157514
986,赖远明,A5022300303,original,,original_gold,253.0,赖远明,冰雪、冻土学,中国科学院寒区旱区环境与工程研究所,2002,A5022300303
987,江松,A5100557052,original,I4210145278,original_gold,305.0,江松,应用数学,北京应用物理与计算数学研究所,2002,A5100557052
988,黄永箴,A5086866868,original,I4210149211,original_gold,420.0,黄永箴,光电子器件,中国科学院半导体研究所,2002,A5086866868
989,黄士昂,A5103250883,original,I47720641,original_gold,162.0,黄士昂,血液与淋巴系统内科学,华中科技大学,2002,A5103250883
990,黄国和,A5014716343,original,I16609230,original_gold,1652.0,黄国和,环境水利,湖南大学,2002,A5014716343
991,胡事民,A5037233582,original,I99065089,original_gold,380.0,胡事民,显示技术与图形学,清华大学,2002,A5037233582
992,胡德文,A5071074935,original,I170215575,original_gold,516.0,胡德文,模式识别与理解,中国人民解放军国防科技大学,2002,A5071074935
993,侯金林,A5056241757,original,I58200834,original_gold,552.0,侯金林,传染病学,南方医科大学,2002,A5056241757
994,何舜平,A5101923906,original,I4210089584,original_gold,261.0,何舜平,动物分类学,中国科学院水生生物研究所,2002,A5101923906
995,韩世辉,A5048496931,original,I20231570,original_gold,274.0,韩世辉,认知心理学,北京大学,2002,A5048496931
996,郭占成,A5100514194,original,I4210133325,original_gold,271.0,郭占成,钢铁冶金、金属精炼、现代冶金铸轧,中国科学院过程工程研究所,2002,A5100514194
997,巩志忠,A5111404769,original,I52158045,original_gold,158.0,巩志忠,植物生理学,中国农业大学,2002,A5111404769
998,巩馥洲,A5062134131,original,I4210120485,original_gold,64.0,巩馥洲,随机分析,中国科学院数学与系统科学研究院,2002,A5062134131
999,龚瑶琴,A5019765145,original,I154099455,original_gold,208.0,龚瑶琴,分子遗传学,山东大学,2002,A5019765145
1000,龚为民,A5084167506,original,I4210112540,original_gold,181.0,龚为民,生物化学和分子生物学,中国科学院生物物理研究所,2002,A5084167506
1001,葛世荣,A5110091391,original,I25757504,original_gold,188.0,葛世荣,摩擦学,中国矿业大学,2002,A5110091391
1002,高自友,A5049135480,original,I21193070,original_gold,538.0,高自友,管理科学与管理工程,北京交通大学,2002,A5049135480
1003,高原宁,A5112302958,original,I99065089,original_gold,101.0,高原宁,粒子物理学和场论,清华大学,2002,A5112302958
1004,高明远,A5034584865,original,I4210155088,original_gold,363.0,高明远,物理化学,中国科学院化学研究所,2002,A5034584865
1005,高光侠,A5080887613,original,I4210112540,original_gold,81.0,高光侠,微生物学,中国科学院生物物理研究所,2002,A5080887613
1006,傅育熙,A5034346547,original,I183067930,original_gold,125.0,傅育熙,计算机科学技术的基础理论,上海交通大学,2002,A5034346547
1007,冯小明,A5077217676,original,I24185976,original_gold,1404.0,冯小明,有机化学,四川大学,2002,A5077217676
1008,封东来,A5017162087,original,I24943067,original_gold,222.0,封东来,凝聚态物性II:电子结构、电学、磁学和光学性质,复旦大学,2002,A5017162087
1009,方晓红,A5064414111,original,I4210155088,original_gold,254.0,方晓红,生化分析及生物传感,中国科学院化学研究所,2002,A5064414111
1010,段振豪,A5113962757,original,I4210126061,original_gold,77.0,段振豪,矿床地球化学(含有机地球化学),中国科学院地质与地球物理研究所,2002,A5113962757
1011,段远源,A5108067566,original,I99065089,original_gold,480.0,段远源,工程热物理与能源利用学科,清华大学,2002,A5108067566
1012,董治宝,A5109123176,original,,original_gold,299.0,董治宝,地貌学,中国科学院寒区旱区环境与工程研究所,2002,A5109123176
1013,丁奎岭,A5057500089,original,I4210112946,original_gold,598.0,丁奎岭,有机化学,中国科学院上海有机化学研究所,2002,A5057500089
1014,邓友全,A5052420392,original,I4210089297,original_gold,289.0,邓友全,物理化学,中国科学院兰州化学物理研究所,2002,A5052420392
1015,邓小刚,A5080805825,original,I2802505932,original_gold,365.0,邓小刚,计算流体力学,中国空气动力研究与发展中心,2002,A5080805825
1016,戴永久,A5045193597,original,I25254941,original_gold,233.0,戴永久,大气动力学,北京师范大学,2002,A5045193597
1017,戴宁,A5027058494,original,I4210135723,original_gold,512.0,戴宁,半导体发光器件,中国科学院上海技术物理研究所,2002,A5027058494
1018,崔铁军,A5009237669,original,I76569877,original_gold,1476.0,崔铁军,电磁场与微波技术,东南大学,2002,A5009237669
1019,陈延峰,A5101966111,original,I881766915,original_gold,388.0,陈延峰,无机非金属类信息与功能材料,南京大学,2002,A5101966111
1020,陈明生,A5100680610,original,I4210124606,original_gold,185.0,陈明生,遗传学,中国科学院遗传与发育生物学研究所,2002,A5100680610
1021,陈劲,A5100394852,original,I76130692,original_gold,898.0,陈劲,技术创新与管理,浙江大学,2002,A5100394852
1022,陈剑平,A5100437532,original,I4210126939,original_gold,764.0,陈剑平,作物病毒病害,浙江省农业科学院,2002,A5100437532
1023,陈红征,A5050718596,original,I76130692,original_gold,665.0,陈红征,有机高分子材料学科,浙江大学,2002,A5050718596
1024,陈豪,A5100353673,original,I24943067,original_gold,5131.0,陈豪,数学,复旦大学,2002,A5100353673
1025,陈国强,A5108139046,original,I99065089,original_gold,646.0,陈国强,微生物学,清华大学,2002,A5108139046
1026,陈发来,A5032285268,original,I126520041,original_gold,197.0,陈发来,"计算机辅助技术(包括CAD,CAM,CAN,CAT和CIM等)",中国科学技术大学,2002,A5032285268
1027,陈初升,A5031853601,original,I126520041,original_gold,136.0,陈初升,无机非金属材料学科,中国科学技术大学,2002,A5031853601
1028,车庆明,A5068951119,original,I20231570,original_gold,33.0,车庆明,中药化学,北京大学,2002,A5068951119
1029,曹珍富,A5023159259,original,I183067930,original_gold,630.0,曹珍富,计算机通信,上海交通大学,2002,A5023159259
1030,曹一家,A5043383546,original,I76130692,original_gold,559.0,曹一家,智能控制理论,浙江大学,2002,A5043383546
1031,卜显和,A5063170848,original,I205237279,original_gold,1847.0,卜显和,无机化学,南开大学,2002,A5063170848
1032,薄志山,A5101956741,original,I4210155088,original_gold,386.0,薄志山,高分子化学,中国科学院化学研究所,2002,A5101956741
1033,白海洋,A5053984770,original,I4210159876,original_gold,270.0,白海洋,金属非晶态、准晶和纳米晶材料及制备基础,中国科学院物理研究所,2002,A5053984770
1034,左良,A5022540704,original,I9224756,original_gold,659.0,左良,金属结构材料(不包括原料和构件等),东北大学,2003,A5022540704
1035,朱祥坤,A5112400719,original,I4210126061,original_gold,102.0,朱祥坤,天体化学与比较行星学,中国地质科学院地质研究所,2003,A5112400719
1036,朱俊杰,A5059078547,original,I881766915,original_gold,990.0,朱俊杰,电化学分析,南京大学,2003,A5059078547
1037,朱军,A5100606995,original,I119454577,original_gold,493.0,朱军,微生物生理及生物化学,南京农业大学,2003,A5100606995
1038,周志华,A5100621138,original,I881766915,original_gold,690.0,周志华,模式识别、人工智能,南京大学,2003,A5100621138
1039,周春生,A5058252518,original,I20231570,original_gold,263.0,周春生,市场营销,北京大学,2003,A5058252518
1040,郑丽敏,A5022858760,original,I881766915,original_gold,1042.0,郑丽敏,无机化学,南京大学,2003,A5022858760
1041,郑波,A5090656265,original,I76130692,original_gold,431.0,郑波,热力学与统计物理学(含混沌),浙江大学,2003,A5090656265
1042,赵晓波,A5103894757,original,I99065089,original_gold,83.0,赵晓波,运筹与管理,清华大学,2003,A5103894757
1043,赵景柱,A5108767960,original,I4210144289,original_gold,176.0,赵景柱,信息资源管理,中国科学院生态环境研究中心,2003,A5108767960
1044,章梅荣,A5101496928,original,I99065089,original_gold,114.0,章梅荣,动力系统,清华大学,2003,A5101496928
1045,张跃,A5100333738,original,I92403157,original_gold,850.0,张跃,纳米结构陶瓷与性能,北京科技大学,2003,A5100333738
1046,张涛,A5100375792,original,I180585399,original_gold,1436.0,张涛,化学工程及工业化学,中国科学院大连化学物理研究所,2003,A5100375792
1047,张立群,A5100457313,original,I4210120485,original_gold,2047.0,张立群,几何与数学物理中的偏微分方程,中国科学院数学与系统科学研究院,2003,A5100457313
1048,张立飞,A5101445281,original,I20231570,original_gold,283.0,张立飞,岩石学,北京大学,2003,A5101445281
1049,张化光,A5100625792,original,I9224756,original_gold,970.0,张化光,模糊控制理论,东北大学,2003,A5100625792
1050,张海林,A5047025874,original,I111381250,original_gold,183.0,张海林,生理学,河北医科大学,2003,A5047025874
1051,喻景权,A5084581807,original,I76130692,original_gold,273.0,喻景权,蔬菜学,浙江大学,2003,A5084581807
1052,俞书宏,A5074891139,original,I126520041,original_gold,1062.0,俞书宏,无机合成和制备化学,中国科学技术大学,2003,A5074891139
1053,杨震,A5100459168,original,I20231570,original_gold,1085.0,杨震,新化合物和复杂化合物的设计与合成,北京大学,2003,A5100459168
1054,杨振忠,A5112559766,original,I4210155088,original_gold,268.0,杨振忠,多组分多相高分子材料,中国科学院化学研究所,2003,A5112559766
1055,杨洪全,A5022894524,original,I4210106477,original_gold,85.0,杨洪全,植物形态发生,中国科学院上海生命科学研究院,2003,A5022894524
1056,杨大平,A5073019303,original,I156144747,original_gold,73.0,杨大平,整形外科学,哈尔滨医科大学,2003,A5073019303
1057,许唯临,A5027211999,original,I24185976,original_gold,376.0,许唯临,水力学,四川大学,2003,A5027211999
1058,徐湘民,A5007354180,original,I58200834,original_gold,317.0,徐湘民,流行病学,南方医科大学,2003,A5007354180
1059,徐伟彪,A5070902091,original,I2802340896,original_gold,14.0,徐伟彪,天体化学与比较行星学,中国科学院紫金山天文台,2003,A5070902091
1060,徐明厚,A5078157881,original,I47720641,original_gold,324.0,徐明厚,燃烧污染与排气净化,华中科技大学,2003,A5078157881
1061,徐飞,A5024353201,original,I4210120485,original_gold,523.0,徐飞,代数数论,中国科学院数学与系统科学研究院,2003,A5024353201
1062,谢维,A5100694544,original,I76569877,original_gold,304.0,谢维,医学遗传学及遗传病,东南大学,2003,A5100694544
1063,谢胜利,A5043262479,original,I90610280,original_gold,550.0,谢胜利,自适应、自学习、自组织系统,华南理工大学,2003,A5043262479
1064,谢旗,A5022673825,original,I4210124606,original_gold,264.0,谢旗,作物病毒病害,中国科学院遗传与发育生物学研究所,2003,A5022673825
1065,夏佳文,A5104030079,original,I4210131271,original_gold,51.0,夏佳文,加速器原理和关键技术,中国科学院近代物理研究所,2003,A5104030079
1066,郄秀书,A5019974660,original,I4210152758,original_gold,341.0,郄秀书,大气物理学,中国科学院大气物理研究所,2003,A5019974660
1067,吴玉章,A5067915781,original,I151075929,original_gold,559.0,吴玉章,免疫学,中国人民解放军第三军医大学,2003,A5067915781
1068,吴文彬,A5102378365,original,I126520041,original_gold,265.0,吴文彬,无机非金属类信息与功能材料,中国科学技术大学,2003,A5102378365
1069,吴仁彪,A5059177878,original,I28813325,original_gold,212.0,吴仁彪,自适应信号处理,中国民航大学,2003,A5059177878
1070,吴林志,A5100897747,original,I204983213,original_gold,292.0,吴林志,新型材料的力学问题,哈尔滨工业大学,2003,A5100897747
1071,吴福元,A5111601158,original,I4210126061,original_gold,567.0,吴福元,岩石学,中国科学院地质与地球物理研究所,2003,A5111601158
1072,吴爱祥,A5027100218,original,I92403157,original_gold,265.0,吴爱祥,金属矿开采,北京科技大学,2003,A5027100218
1073,王智彪,A5101993226,original,I87780372,original_gold,236.0,王智彪,生物医学超声,重庆医科大学,2003,A5101993226
1074,王晓茹,A5090691485,original,I4210158097,original_gold,865.0,王晓茹,植物系统发育与演化,中国科学院植物研究所,2003,A5090691485
1076,王强华,A5047206967,original,I881766915,original_gold,222.0,王强华,超导电性,南京大学,2003,A5047206967
1077,王晋辉,A5100394107,original,I4210112540,original_gold,360.0,王晋辉,分子神经生物学,中国科学院生物物理研究所,2003,A5100394107
1078,王建民,A5100373517,original,I4210137180,original_gold,867.0,王建民,星系和类星体,中国科学院高能物理研究所,2003,A5100373517
1079,王建龙,A5100666569,original,I99065089,original_gold,816.0,王建龙,环境工程学,清华大学,2003,A5100666569
1080,王慧田,A5067735672,original,I881766915,original_gold,503.0,王慧田,非线性光学,南京大学,2003,A5067735672
1081,王海,A5009768180,original,I181877577,original_gold,1033.0,王海,非经典光场产生与应用,山西大学,2003,A5009768180
1082,王赤,A5100342203,original,I4210115570,original_gold,783.0,王赤,空间物理,中国科学院国家空间科学中心,2003,A5100342203
1083,宛新华,A5051784916,original,I20231570,original_gold,258.0,宛新华,高分子化学,北京大学,2003,A5051784916
1084,童金南,A5055970975,original,I3124059619,original_gold,156.0,童金南,地层学(含磁性地层学),中国地质大学(武汉),2003,A5055970975
1085,陶绪堂,A5062909003,original,I154099455,original_gold,1037.0,陶绪堂,功能高分子材料,山东大学,2003,A5062909003
1086,唐颐,A5051927490,original,I24943067,original_gold,495.0,唐颐,物理化学,复旦大学,2003,A5051927490
1088,汤善健,A5012568499,original,I24943067,original_gold,180.0,汤善健,随机系统的控制理论,复旦大学,2003,A5012568499
1089,谭天伟,A5008110636,original,I75390827,original_gold,848.0,谭天伟,生物化工与食品化工,北京化工大学,2003,A5008110636
1090,覃重军,A5101755852,original,I4210106477,original_gold,86.0,覃重军,微生物学,中国科学院上海生命科学研究院,2003,A5101755852
1091,谈哲敏,A5005829707,original,I881766915,original_gold,197.0,谈哲敏,大气动力学,南京大学,2003,A5005829707
1092,孙立军,A5101527795,original,I116953780,original_gold,302.0,孙立军,交通工程学,同济大学,2003,A5101527795
1093,孙兵,A5113967897,original,I4210106477,original_gold,342.0,孙兵,免疫学,中国科学院上海生命科学研究院,2003,A5113967897
1094,苏晓东,A5067041483,original,I20231570,original_gold,241.0,苏晓东,蛋白质与肽,北京大学,2003,A5067041483
1095,石碧,A5091674157,original,I24185976,original_gold,522.0,石碧,天然产物和农副产品的化学改性及深度加工,四川大学,2003,A5091674157
1096,沈月毛,A5005728746,original,I13850615,original_gold,495.0,沈月毛,药物化学(含天然药物化学),中国科学院昆明植物研究所,2003,A5005728746
1097,沈建忠,A5087755674,original,I52158045,original_gold,585.0,沈建忠,兽医药理学,中国农业大学,2003,A5087755674
1098,沈波,A5082459823,original,I20231570,original_gold,830.0,沈波,半导体异质结构(包括SOI、SOS材料),北京大学,2003,A5082459823
1099,邵学广,A5101639531,original,I205237279,original_gold,473.0,邵学广,分析化学,南开大学,2003,A5101639531
1100,任劲松,A5113239893,original,I4210092888,original_gold,4.0,任劲松,生物无机化学,中国科学院长春应用化学研究所,2003,A5113239893
1101,任海云,A5042171881,original,I25254941,original_gold,82.0,任海云,植物生理学,北京师范大学,2003,A5042171881
1102,邱勇,A5107857498,original,I99065089,original_gold,622.0,邱勇,有机高分子材料学科,清华大学,2003,A5107857498
1103,卿凤翎,A5001451215,original,I181326427,original_gold,711.0,卿凤翎,有机氟化学,东华大学,2003,A5001451215
1104,钦伦秀,A5063254439,original,I24943067,original_gold,353.0,钦伦秀,普通外科学,复旦大学,2003,A5063254439
1105,齐利民,A5100627050,original,I20231570,original_gold,255.0,齐利民,胶体与界面化学,北京大学,2003,A5100627050
1106,彭联刚,A5088752336,original,I24185976,original_gold,36.0,彭联刚,环论,四川大学,2003,A5088752336
1107,潘永信,A5063580982,original,I4210126061,original_gold,374.0,潘永信,地磁学(含古地磁学),中国科学院地质与地球物理研究所,2003,A5063580982
1108,潘峰,A5032385053,original,I99065089,original_gold,911.0,潘峰,金属功能材料(不包括信息、光电子、光学和半导体材料),清华大学,2003,A5032385053
1109,孟光,A5100675872,original,I183067930,original_gold,629.0,孟光,转子动力学,上海交通大学,2003,A5100675872
1110,马秀良,A5100630953,original,I4210126304,original_gold,238.0,马秀良,金属的晶体结构与缺陷及其表征方法,中国科学院金属研究所,2003,A5100630953
1111,马东阁,A5087951236,original,I4210092888,original_gold,457.0,马东阁,功能高分子材料,中国科学院长春应用化学研究所,2003,A5087951236
1112,麻彤辉,A5047730128,original,I184983240,original_gold,227.0,麻彤辉,生物膜的结构与功能,东北师范大学,2003,A5047730128
1113,吕厚远,A5102611669,original,I4210126061,original_gold,1.0,吕厚远,环境演变与对策,中国科学院地质与地球物理研究所,2003,A5102611669
1114,罗跃嘉,A5108879937,original,I4210131870,original_gold,428.0,罗跃嘉,认知心理学,中国科学院心理研究所,2003,A5108879937
1115,罗德海,A5055706387,original,I59028903,original_gold,190.0,罗德海,物理海洋学,中国海洋大学,2003,A5055706387
1116,鹿化煜,A5026996153,original,I881766915,original_gold,431.0,鹿化煜,第四纪地质学,南京大学,2003,A5026996153
1117,龙桂鲁,A5108056437,original,I99065089,original_gold,701.0,龙桂鲁,原子核结构模型的理论研究,清华大学,2003,A5108056437
1118,柳彬,A5100395468,original,I20231570,original_gold,1586.0,柳彬,定性理论,北京大学,2003,A5100395468
1119,刘晓为,A5100390774,original,I20231570,original_gold,428.0,刘晓为,天文学,北京大学,2003,A5100390774
1120,刘日平,A5012745711,original,I39333907,original_gold,257.0,刘日平,其它亚稳金属材料,燕山大学,2003,A5012745711
1121,刘静,A5050099873,original,I4210140689,original_gold,4008.0,刘静,生物热物理,中国科学院理化技术研究所,2003,A5050099873
1122,刘建新,A5100627020,original,I76130692,original_gold,583.0,刘建新,畜禽营养学,浙江大学,2003,A5100627020
1123,刘嘉,A5100409741,original,I4210165038,original_gold,1148.0,刘嘉,认知心理学,中国科学院大学,2003,A5100409741
1124,李元元,A5100384446,original,I90610280,original_gold,563.0,李元元,材料成型工艺与设备,华南理工大学,2003,A5100384446
1125,李显春,A5055846361,original,I119454577,original_gold,151.0,李显春,化学保护(抗药性),南京农业大学,2003,A5055846361
1126,李树深,A5103211925,original,I4210149211,original_gold,335.0,李树深,超晶格与量子阱物理,中国科学院半导体研究所,2003,A5103211925
1127,李萍,A5100435469,original,I161716053,original_gold,990.0,李萍,中药鉴定学,中国药科大学,2003,A5100435469
1129,李林,A5100412926,original,I4210155088,original_gold,2892.0,李林,高聚物聚集态结构,中国科学院化学研究所,2003,A5100412926
1130,李敬锋,A5100747643,original,I99065089,original_gold,998.0,李敬锋,无机非金属材料学科,清华大学,2003,A5100747643
1131,李建平,A5075507724,original,I4210152758,original_gold,1098.0,李建平,气候学,中国科学院大气物理研究所,2003,A5075507724
1132,李华军,A5100611500,original,I59028903,original_gold,302.0,李华军,各类水工建筑物的动力分析理论,中国海洋大学,2003,A5100611500
1133,李大伟,A5100324961,original,I52158045,original_gold,409.0,李大伟,病毒学,中国农业大学,2003,A5100324961
1134,李超忠,A5015968256,original,I4210112946,original_gold,185.0,李超忠,物理有机化学,中国科学院上海有机化学研究所,2003,A5015968256
1135,李昂生,A5041305250,original,I4210128818,original_gold,133.0,李昂生,计算机科学技术的基础理论,中国科学院软件研究所,2003,A5041305250
1136,匡乐满,A5001945271,original,I173759888,original_gold,222.0,匡乐满,经典物理学和量子理论,湖南师范大学,2003,A5001945271
1137,鞠煥先,A5028568745,original,I881766915,original_gold,1.0,鞠煥先,分析化学,南京大学,2003,A5028568745
1138,金长文,A5088167923,original,I20231570,original_gold,155.0,金长文,蛋白质与肽,北京大学,2003,A5088167923
1139,蒋新,A5085780627,original,I4210165559,original_gold,484.0,蒋新,土壤化学,中国科学院南京土壤研究所,2003,A5085780627
1140,蒋建新,A5101677274,original,I151075929,original_gold,258.0,蒋建新,创伤外科与烧伤外科学,中国人民解放军第三军医大学,2003,A5101677274
1141,姜胜耀,A5113831716,original,I99065089,original_gold,274.0,姜胜耀,热流体力学,清华大学,2003,A5113831716
1142,姜明,A5015725240,original,I20231570,original_gold,387.0,姜明,探测和成象技术,北京大学,2003,A5015725240
1143,姜建壮,A5088303205,original,I154099455,original_gold,1045.0,姜建壮,无机化学,山东大学,2003,A5088303205
1144,贾金锋,A5059437555,original,I4210159876,original_gold,333.0,贾金锋,半导体表面与界面物理,中国科学院物理研究所,2003,A5059437555
1145,纪越峰,A5073088180,original,I139759216,original_gold,996.0,纪越峰,光通信技术,北京邮电大学,2003,A5073088180
1146,黄熙,A5075542108,original,I24185976,original_gold,360.0,黄熙,中西医结合临床基础研究,四川大学,2003,A5075542108
1147,黄维,A5100352881,original,I41198531,original_gold,5909.0,黄维,光学和光电子学材料,南京邮电大学,2003,A5100352881
1148,黄庆安,A5038334345,original,I76569877,original_gold,534.0,黄庆安,计算机辅助制造(CAM),东南大学,2003,A5038334345
1149,黄倩,A5079178505,original,I183067930,original_gold,392.0,黄倩,肿瘤学,上海交通大学,2003,A5079178505
1150,黄继武,A5047964483,original,I157773358,original_gold,375.0,黄继武,计算机在新应用领域中的基础研究,中山大学,2003,A5047964483
1151,胡伟武,A5080211059,original,I4210090176,original_gold,161.0,胡伟武,计算机系统结构,中国科学院计算技术研究所,2003,A5080211059
1152,胡瑞法,A5101454150,original,I4210160793,original_gold,135.0,胡瑞法,农林经济管理,中国科学院地理科学与资源研究所,2003,A5101454150
1153,胡更开,A5060104045,original,I125839683,original_gold,242.0,胡更开,新型材料的力学问题,北京理工大学,2003,A5060104045
1154,何建国,A5031636736,original,I157773358,original_gold,378.0,何建国,水产保护学,中山大学,2003,A5031636736
1155,何国威,A5017713517,original,I4210157653,original_gold,448.0,何国威,流体力学,中国科学院力学研究所,2003,A5017713517
1156,何成,A5100330319,original,I177933477,original_gold,481.0,何成,分子神经生物学,中国人民解放军第二军医大学,2003,A5100330319
1157,韩秀峰,A5028170495,original,I4210159876,original_gold,387.0,韩秀峰,金属磁性材料,中国科学院物理研究所,2003,A5028170495
1158,韩斌,A5020795703,original,I4210106477,original_gold,283.0,韩斌,植物遗传学,中国科学院上海生命科学研究院,2003,A5020795703
1159,郭顺星,A5112467709,original,I200296433,original_gold,220.0,郭顺星,中药资源学,中国医学科学院,2003,A5112467709
1160,郭东明,A5048793108,original,I27357992,original_gold,396.0,郭东明,精密、超精密加工工艺及设备,大连理工大学,2003,A5048793108
1161,郭宝珠,A5048424631,original,I4210120485,original_gold,444.0,郭宝珠,分布参数系统理论,中国科学院数学与系统科学研究院,2003,A5048424631
1162,古洁若,A5100681703,original,I157773358,original_gold,250.0,古洁若,免疫学,中山大学,2003,A5100681703
1163,龚流柱,A5080902320,original,I126520041,original_gold,434.0,龚流柱,不对称合成,中国科学技术大学,2003,A5080902320
1164,冯夏庭,A5100638120,original,I4210140379,original_gold,512.0,冯夏庭,矿山岩体力学,中国科学院武汉岩土力学研究所,2003,A5100638120
1165,冯吉才,A5109297052,original,I204983213,original_gold,544.0,冯吉才,焊接工艺及设备,哈尔滨工业大学,2003,A5109297052
1166,方盛国,A5048180745,original,I76130692,original_gold,114.0,方盛国,动物资源与保护生物学,浙江大学,2003,A5048180745
1167,方红卫,A5061983567,original,I99065089,original_gold,82.0,方红卫,河流、海岸动力学及泥沙研究,清华大学,2003,A5061983567
1168,范青华,A5100777639,original,I4210155088,original_gold,308.0,范青华,不对称合成,中国科学院化学研究所,2003,A5100777639
1169,段文晖,A5033079136,original,I99065089,original_gold,623.0,段文晖,电子态,清华大学,2003,A5033079136
1170,杜修力,A5100748455,original,I37796252,original_gold,313.0,杜修力,防灾工程学,北京工业大学,2003,A5100748455
1171,邓晓华,A5075294904,original,I37461747,original_gold,406.0,邓晓华,空间物理,武汉大学,2003,A5075294904
1172,崔翔,A5055905208,original,I153473198,original_gold,500.0,崔翔,电磁干扰的耦合机理,华北电力大学(保定),2003,A5055905208
1173,崔胜,/A5066491633,original,I52158045,original_gold,,崔胜,兽医学基础理论,中国农业大学,2003,/A5066491633
1174,储富祥,A5022979862,original,I4210128615,original_gold,300.0,储富祥,森林化学,中国林业科学研究院,2003,A5022979862
1175,程祝宽,A5015012179,original,I4210124606,original_gold,213.0,程祝宽,植物学,中国科学院遗传与发育生物学研究所,2003,A5015012179
1176,陈增敬,A5071779760,original,I154099455,original_gold,67.0,陈增敬,经济数学,山东大学,2003,A5071779760
1177,陈新文,A5083954692,original,I4210106882,original_gold,291.0,陈新文,病毒学,中国科学院武汉病毒研究所,2003,A5083954692
1178,陈晓松,A5101801539,original,I4210125404,original_gold,248.0,陈晓松,物理学I,中国科学院理论物理研究所,2003,A5101801539
1179,陈同斌,A5088246823,original,I4210160793,original_gold,301.0,陈同斌,污染物表生行为及环境效应,中国科学院地理科学与资源研究所,2003,A5088246823
1180,陈如山,A5000951860,original,I36399199,original_gold,546.0,陈如山,电磁场与微波技术,南京理工大学,2003,A5000951860
1181,陈佺,A5017281141,annotation,I4210167311,annotation_llm,362.0,陈佺,生物化学和分子生物学,中国科学院动物研究所,2003,
1182,陈立东,A5100718544,original,I4210163874,original_gold,1086.0,陈立东,无机非金属类信息与功能材料,中国科学院上海硅酸盐研究所,2003,A5100718544
1183,陈军,A5100450180,original,,original_gold,912.0,陈军,感觉系统神经生物学,中国人民解放军第四军医大学,2003,A5100450180
1184,陈军,A5100450146,original,I205237279,original_gold,1107.0,陈军,固体无机化学,南开大学,2003,A5100450146
1185,陈建峰,A5100330950,original,I75390827,original_gold,889.0,陈建峰,流态化技术和多相流反应工程,北京化工大学,2003,A5100330950
1186,曹新伍,A5010175299,original,I2799714274,original_gold,164.0,曹新伍,星系和类星体,中国科学院上海天文台,2003,A5010175299
1187,曹晓风,A5088706496,original,I4210124606,original_gold,268.0,曹晓风,遗传学,中国科学院遗传与发育生物学研究所,2003,A5088706496
1188,曹荣,A5027181760,original,I4210119098,original_gold,1841.0,曹荣,无机化合物结构与性质,中国科学院福建物质结构研究所,2003,A5027181760
1189,蔡荣根,A5064984266,original,I4210125404,original_gold,229.0,蔡荣根,相对论与引力,中国科学院理论物理研究所,2003,A5064984266
1190,毕锋,A5067643729,annotation,I24185976,annotation_llm,185.0,毕锋,消化系统内科学,四川大学,2003,
1191,鲍岚,A5100672154,original,I4210106477,original_gold,121.0,鲍岚,细胞神经生物学,中国科学院上海生命科学研究院,2003,A5100672154
1192,朱小华,A5046939199,original,I20231570,original_gold,261.0,朱小华,数学,北京大学,2004,A5046939199
1193,朱卫国,A5028466574,original,I20231570,original_gold,468.0,朱卫国,肿瘤治疗学基础,北京大学,2004,A5028466574
1194,周翔,A5101809652,original,I37461747,original_gold,585.0,周翔,生物有机化学,武汉大学,2004,A5101809652
1195,周坚,A5070334439,original,I99065089,original_gold,928.0,周坚,整体微分几何,清华大学,2004,A5070334439
1196,周济,A5102789447,original,I99065089,original_gold,261.0,周济,精细功能陶瓷,清华大学,2004,A5102789447
1197,周爱辉,A5113202217,original,I4210120485,original_gold,167.0,周爱辉,新型算法,中国科学院数学与系统科学研究院,2004,A5113202217
1198,郑循华,A5100333608,original,I4210152758,original_gold,326.0,郑循华,大气环境,中国科学院大气物理研究所,2004,A5100333608
1199,郑利民,A5022858760,original,I157773358,original_gold,1042.0,郑利民,细胞免疫学,中山大学,2004,A5022858760
1200,郑建平,A5050899124,original,I3124059619,original_gold,802.0,郑建平,岩石学,中国地质大学(武汉),2004,A5050899124
1201,赵勇,A5100692194,original,I4210167311,original_gold,588.0,赵勇,移植免疫学,中国科学院动物研究所,2004,A5100692194
1202,赵永刚,A5087787216,original,I99065089,original_gold,213.0,赵永刚,磁性材料及巨磁阻材料,清华大学,2004,A5087787216
1203,赵国群,A5103065957,original,I154099455,original_gold,540.0,赵国群,塑性加工工艺与装备,山东大学,2004,A5103065957
1204,张玉秋,A5088189767,original,I24943067,original_gold,234.0,张玉秋,感觉系统神经生物学,复旦大学,2004,A5088189767
1205,张伟,A5008881437,original,I37796252,original_gold,2527.0,张伟,动力系统的分岔、混沌,北京工业大学,2004,A5008881437
1206,张力,A5100425554,original,I189210763,original_gold,3796.0,张力,理论天体物理,云南大学,2004,A5100425554
1207,张建,A5100410082,original,I4210124606,original_gold,2649.0,张建,生物化学和分子生物学,中国科学院遗传与发育生物学研究所,2004,A5100410082
1208,张怀武,A5102983106,original,I150229711,original_gold,862.0,张怀武,新型电磁材料和器件的基础研究,电子科技大学,2004,A5102983106
1209,曾嵘,A5017455501,original,I4210106477,original_gold,433.0,曾嵘,生物化学和分子生物学,中国科学院上海生命科学研究院,2004,A5017455501
1210,曾光明,A5001724045,original,I16609230,original_gold,1671.0,曾光明,水资源开发利用与管理的系统分析理论和方法,湖南大学,2004,A5001724045
1211,袁正宏,A5090384031,original,I24943067,original_gold,278.0,袁正宏,病毒,复旦大学,2004,A5090384031
1212,元英进,A5026886431,original,I162868743,original_gold,473.0,元英进,生物化工与食品化工,天津大学,2004,A5026886431
1213,于晓方,A5067954758,original,I76130692,original_gold,205.0,于晓方,传染病学,浙江大学,2004,A5067954758
1214,姚祝军,A5055425927,original,I4210112946,original_gold,219.0,姚祝军,有机化学,中国科学院上海有机化学研究所,2004,A5055425927
1215,杨修群,A5079386716,original,I881766915,original_gold,277.0,杨修群,气候学,南京大学,2004,A5079386716
1216,杨晓光,A5100671717,original,I4210120485,original_gold,397.0,杨晓光,决策理论与技术,中国科学院数学与系统科学研究院,2004,A5100671717
1217,杨小平,A5034964028,original,I4210126061,original_gold,981.0,杨小平,环境地质,中国科学院地质与地球物理研究所,2004,A5034964028
1218,杨维才,A5068046498,original,I4210124606,original_gold,123.0,杨维才,植物学,中国科学院遗传与发育生物学研究所,2004,A5068046498
1219,杨华勇,A5017718826,annotation,I76130692,annotation_llm,582.0,杨华勇,液体传动,浙江大学,2004,
1220,杨大春,A5107832205,original,I25254941,original_gold,686.0,杨大春,Rn中的调和分析的实方法,北京师范大学,2004,A5107832205
1221,闫寿科,A5042226215,original,I4210155088,original_gold,490.0,闫寿科,高分子物理及高分子物理化学,中国科学院化学研究所,2004,A5042226215
1222,薛红卫,A5100736762,original,I4210106477,original_gold,197.0,薛红卫,植物学,中国科学院上海生命科学研究院,2004,A5100736762
1223,许继峰,A5042209114,original,I3018690959,original_gold,185.0,许继峰,岩石地球化学,中国科学院广州地球化学研究所,2004,A5042209114
1224,许国旺,A5031458824,original,I180585399,original_gold,633.0,许国旺,色谱分析,中国科学院大连化学物理研究所,2004,A5031458824
1225,徐骏,A5062913047,original,I881766915,original_gold,1944.0,徐骏,半导体材料物理,南京大学,2004,A5062913047
1226,徐军,A5100632673,original,I4210163874,original_gold,748.0,徐军,光学和光电子学材料,中国科学院上海硅酸盐研究所,2004,A5100632673
1227,徐玖平,A5100691507,original,I24185976,original_gold,550.0,徐玖平,决策与对策理论,四川大学,2004,A5100691507
1228,徐建明,A5068464260,original,I76130692,original_gold,745.0,徐建明,土壤化学,浙江大学,2004,A5068464260
1229,徐坚,A5100743369,original,I4210155088,original_gold,547.0,徐坚,仿生材料,中国科学院化学研究所,2004,A5100743369
1230,徐宝文,A5100331400,original,I76569877,original_gold,578.0,徐宝文,软件工程学,东南大学,2004,A5100331400
1231,邢志忠,A5111622224,original,I4210137180,original_gold,402.0,邢志忠,粒子基本特性及粒子物理一般问题,中国科学院高能物理研究所,2004,A5111622224
1232,向东,A5040927296,original,I99065089,original_gold,230.0,向东,容错计算,清华大学,2004,A5040927296
1233,武培怡,A5027324209,original,I24943067,original_gold,444.0,武培怡,高聚物测试及表征方法,复旦大学,2004,A5027324209
1234,吴乔,A5042477637,annotation,I191208505,annotation_llm,93.0,吴乔,生物化学和分子生物学,厦门大学,2004,
1235,吴敏,A5074710425,original,I139660479,original_gold,1063.0,吴敏,工程系统与控制,中南大学,2004,A5074710425
1236,吴嘉炜,A5053674466,original,I99065089,original_gold,188.0,吴嘉炜,生物化学和分子生物学,清华大学,2004,A5053674466
1237,吴德金,A5110068809,original,I2802340896,original_gold,138.0,吴德金,太阳和太阳系,中国科学院紫金山天文台,2004,A5110068809
1238,翁旭初,A5010312370,annotation,I4210131870,annotation_llm,129.0,翁旭初,认知心理学,中国科学院心理研究所,2004,
1239,文富强,A5100682303,original,I24185976,original_gold,533.0,文富强,呼吸系统内科学,四川大学,2004,A5100682303
1240,魏一鸣,A5038531414,original,I4210116191,original_gold,562.0,魏一鸣,复杂性研究,中国科学院科技战略咨询研究院,2004,A5038531414
1241,王振林,A5068381230,original,I881766915,original_gold,202.0,王振林,光在非均匀介质中的传播,南京大学,2004,A5068381230
1242,王焰新,A5101969515,original,I3124059619,original_gold,605.0,王焰新,水文地质学,中国地质大学(武汉),2004,A5101969515
1243,王孝群,A5101625376,original,I4210125404,original_gold,210.0,王孝群,电子态,中国科学院理论物理研究所,2004,A5101625376
1244,王习东,A5108459272,original,I20231570,original_gold,207.0,王习东,冶金物理化学与冶金原理,北京大学,2004,A5108459272
1245,王世强,A5066990063,original,I20231570,original_gold,266.0,王世强,动物生理学,北京大学,2004,A5066990063
1246,王少杰,A5100750462,original,I2802624667,original_gold,290.0,王少杰,等离子体的加热、约束和辐射,中国科学院合肥物质科学研究院,2004,A5100750462
1247,王晋军,A5100746486,original,I82880672,original_gold,524.0,王晋军,空气动力学,北京航空航天大学,2004,A5100746486
1248,王鸿飞,A5100449116,original,I4210155088,original_gold,398.0,王鸿飞,化学动力学,中国科学院化学研究所,2004,A5100449116
1249,汪小全,A5069098292,original,I4210158097,original_gold,254.0,汪小全,植物系统发育与演化,中国科学院植物研究所,2004,A5069098292
1250,汪联辉,A5018432603,original,I24943067,original_gold,610.0,汪联辉,生物医学传感技术,复旦大学,2004,A5018432603
1251,童利民,A5035352693,original,I76130692,original_gold,433.0,童利民,光学和光电子学,浙江大学,2004,A5035352693
1252,田玉平,A5080461415,original,I76569877,original_gold,214.0,田玉平,控制系统的分析和综合,东南大学,2004,A5080461415
1253,唐立新,A5080304378,original,I9224756,original_gold,554.0,唐立新,优化理论与技术,东北大学,2004,A5080304378
1254,唐功利,A5001271492,original,I4210112946,original_gold,235.0,唐功利,药物化学(含天然药物化学),中国科学院上海有机化学研究所,2004,A5001271492
1255,孙智伟,A5103182312,original,I881766915,original_gold,463.0,孙智伟,数论,南京大学,2004,A5103182312
1256,孙旭东,A5012869559,original,I9224756,original_gold,450.0,孙旭东,粉体工程与粉末冶金,东北大学,2004,A5012869559
1257,孙为银,A5100858129,original,I881766915,original_gold,58.0,孙为银,无机化学,南京大学,2004,A5100858129
1258,宋金宝,A5061297475,original,I4210101167,original_gold,178.0,宋金宝,物理海洋学,中国科学院海洋研究所,2004,A5061297475
1259,帅志刚,A5030799762,original,I4210155088,original_gold,652.0,帅志刚,凝聚态物性II:电子结构、电学、磁学和光学性质,中国科学院化学研究所,2004,A5030799762
1260,史培军,A5053353190,original,I25254941,original_gold,674.0,史培军,综合自然地理学,北京师范大学,2004,A5053353190
1261,盛政明,A5046847210,original,I4210159876,original_gold,814.0,盛政明,激光系统和激光与物质相互作用,中国科学院物理研究所,2004,A5046847210
1262,沈志成,A5109084190,original,I76130692,original_gold,82.0,沈志成,害虫生防,浙江大学,2004,A5109084190
1263,沈洪兵,A5001453048,original,I83519826,original_gold,1019.0,沈洪兵,流行病学,南京医科大学,2004,A5001453048
1264,沙家豪,A5101801773,original,I83519826,original_gold,292.0,沙家豪,生殖生理学,南京医科大学,2004,A5101801773
1265,曲福田,A5108679825,original,I119454577,original_gold,98.0,曲福田,农林经济管理,南京农业大学,2004,A5108679825
1266,邱志平,A5034006012,original,I82880672,original_gold,209.0,邱志平,计算固体力学,北京航空航天大学,2004,A5034006012
1267,钱前,A5100728465,annotation,I4210160522,annotation_llm,666.0,钱前,稻类遗传育种学,中国水稻研究所,2004,
1268,裴坚,A5062247330,original,I20231570,original_gold,755.0,裴坚,具有光、电、磁特性的化合物研究,北京大学,2004,A5062247330
1269,倪四道,A5046741917,original,I126520041,original_gold,279.0,倪四道,地震学,中国科学技术大学,2004,A5046741917
1270,莫则尧,A5054583215,original,I4210145278,original_gold,111.0,莫则尧,并行处理,北京应用物理与计算数学研究所,2004,A5054583215
1271,毛炳宇,A5018670313,original,I18489884,original_gold,116.0,毛炳宇,细胞生物学及发育生物学,中国科学院昆明动物研究所,2004,A5018670313
1272,吕鑫,A5109944664,original,I191208505,original_gold,385.0,吕鑫,应用量子化学,厦门大学,2004,A5109944664
1274,卢欣,A5037352804,original,I37461747,original_gold,91.0,卢欣,动物行为学,武汉大学,2004,A5037352804
1275,卢灿忠,A5101452984,original,I4210119098,original_gold,1136.0,卢灿忠,结构化学,中国科学院福建物质结构研究所,2004,A5101452984
1276,刘志勇,A5100434502,original,I52158045,original_gold,285.0,刘志勇,麦类遗传育种学,中国农业大学,2004,A5100434502
1277,刘芝华,A5100406779,original,I200296433,original_gold,494.0,刘芝华,细胞遗传学,中国医学科学院,2004,A5100406779
1278,刘正猷,A5038063943,original,I37461747,original_gold,356.0,刘正猷,人工晶体,武汉大学,2004,A5038063943
1279,刘玉鑫,A5100385820,original,I20231570,original_gold,312.0,刘玉鑫,原子核结构模型的理论研究,北京大学,2004,A5100385820
1280,刘兴军,A5078220443,original,I191208505,original_gold,599.0,刘兴军,金属材料的合金设计原理,厦门大学,2004,A5078220443
1281,刘世勇,A5082932410,original,I126520041,original_gold,389.0,刘世勇,有机高分子功能材料,中国科学技术大学,2004,A5082932410
1282,刘林华,A5004692258,original,I204983213,original_gold,279.0,刘林华,辐射换热,哈尔滨工业大学,2004,A5004692258
1284,刘炯天,A5038753360,original,I25757504,original_gold,188.0,刘炯天,矿物工程与物质分离科学,中国矿业大学,2004,A5038753360
1285,刘景根,A5045445172,original,I4210112820,original_gold,94.0,刘景根,神经精神药物药理学,中国科学院上海药物研究所,2004,A5045445172
1286,刘昌胜,A5110029520,original,I143593769,original_gold,563.0,刘昌胜,生物医药工程,华东理工大学,2004,A5110029520
1287,刘宝碇,A5022730182,original,I99065089,original_gold,408.0,刘宝碇,系统科学与系统工程,清华大学,2004,A5022730182
1288,廖瑞金,A5027242917,original,I158842170,original_gold,595.0,廖瑞金,电气绝缘技术,重庆大学,2004,A5027242917
1289,李忠献,A5052123587,original,I162868743,original_gold,408.0,李忠献,结构工程,天津大学,2004,A5052123587
1290,李召良,A5058040417,original,I4210160793,original_gold,438.0,李召良,遥感信息模型与方法,中国科学院地理科学与资源研究所,2004,A5058040417
1291,李永丹,A5073326809,original,I162868743,original_gold,674.0,李永丹,化学反应工程,天津大学,2004,A5073326809
1292,李言荣,A5108053777,original,I150229711,original_gold,499.0,李言荣,压电与铁电陶瓷材料,电子科技大学,2004,A5108053777
1293,李宣东,A5090810072,original,I881766915,original_gold,276.0,李宣东,软件工程学,南京大学,2004,A5090810072
1294,李新奇,A5101479014,original,I4210149211,original_gold,166.0,李新奇,半导体中其他物理问题,中国科学院半导体研究所,2004,A5101479014
1295,李凌,A5100435361,original,I163340411,original_gold,855.0,李凌,河流、海岸动力学及泥沙研究,河海大学,2004,A5100435361
1296,李传友,A5084915949,original,I4210124606,original_gold,287.0,李传友,抗病、抗虫作物选育,中国科学院遗传与发育生物学研究所,2004,A5084915949
1297,黎占亭,A5023798621,original,I4210112946,original_gold,656.0,黎占亭,物理有机化学,中国科学院上海有机化学研究所,2004,A5023798621
1298,金山,A5108018780,original,I4210137180,original_gold,360.0,金山,量子色动力学、强相互作用和强子物理,中国科学院高能物理研究所,2004,A5108018780
1299,焦新安,A5050837761,original,I78978612,original_gold,512.0,焦新安,兽医传染病学,扬州大学,2004,A5050837761
1300,蒋最敏,A5068087500,original,I24943067,original_gold,162.0,蒋最敏,半导体异质结构(包括SOI、SOS材料),复旦大学,2004,A5068087500
1301,蒋跃明,A5062040281,original,I4210120696,original_gold,627.0,蒋跃明,果蔬保鲜加工中的生物学问题,中国科学院华南植物园,2004,A5062040281
1302,蒋亚东,A5103066537,original,I150229711,original_gold,578.0,蒋亚东,传感技术及其系统,电子科技大学,2004,A5103066537
1303,蒋田仔,A5075518017,original,I4210112150,original_gold,3.0,蒋田仔,生物医学图象,中国科学院自动化研究所,2004,A5075518017
1304,蒋建中,A5090651808,original,I76130692,original_gold,495.0,蒋建中,金属非晶态、准晶和纳米晶材料,浙江大学,2004,A5090651808
1305,江云宝,A5059201544,original,I191208505,original_gold,266.0,江云宝,分子发射光谱(包括荧光光谱、磷光光谱和化学发光),厦门大学,2004,A5059201544
1306,姬扬,A5070014170,original,I4210149211,original_gold,320.0,姬扬,凝聚态物性II:电子结构、电学、磁学和光学性质,中国科学院半导体研究所,2004,A5070014170
1307,黄路生,A5067796804,original,I74837319,original_gold,263.0,黄路生,遗传育种学,江西农业大学,2004,A5067796804
1308,黄建滨,A5049444908,original,I20231570,original_gold,222.0,黄建滨,表面活性剂,北京大学,2004,A5049444908
1309,黄承志,A5112535147,original,I142108993,original_gold,43.0,黄承志,光谱分析,西南大学,2004,A5112535147
1310,华子春,A5039358700,original,I881766915,original_gold,354.0,华子春,分子免疫学,南京大学,2004,A5039358700
1311,华跃进,A5080326120,original,I76130692,original_gold,85.0,华跃进,微生物生理及生物化学,浙江大学,2004,A5080326120
1312,侯增谦,A5112722669,original,I4210126061,original_gold,247.0,侯增谦,矿床学,中国地质科学院地质研究所,2004,A5112722669
1313,洪奕光,A5100359415,original,I4210120485,original_gold,527.0,洪奕光,非线性系统理论,中国科学院数学与系统科学研究院,2004,A5100359415
1314,贺泓,A5107832659,original,I4210144289,original_gold,946.0,贺泓,污染控制化学,中国科学院生态环境研究中心,2004,A5107832659
1315,何雅玲,A5111694201,original,I87445476,original_gold,487.0,何雅玲,热力系统动态特性,西安交通大学,2004,A5111694201
1316,何金良,A5031358356,original,I99065089,original_gold,852.0,何金良,高电压与绝缘,清华大学,2004,A5031358356
1318,韩林海,A5100717043,original,I99065089,original_gold,442.0,韩林海,结构工程,清华大学,2004,A5100717043
1319,韩骅,A5045151197,original,,original_gold,164.0,韩骅,细胞生物学及发育生物学,中国人民解放军第四军医大学,2004,A5045151197
1320,郭国聪,A5079572832,original,I4210119098,original_gold,1319.0,郭国聪,无机化学,中国科学院福建物质结构研究所,2004,A5079572832
1321,呙于明,A5100604759,original,I52158045,original_gold,1165.0,呙于明,畜禽营养学,中国农业大学,2004,A5100604759
1322,高煜,A5100614908,original,I2802340896,original_gold,535.0,高煜,星系和类星体,中国科学院紫金山天文台,2004,A5100614908
1323,高长有,A5060813841,original,I76130692,original_gold,686.0,高长有,生物医用高分子材料,浙江大学,2004,A5060813841
1324,傅绥燕,A5101084963,original,I20231570,original_gold,21.0,傅绥燕,磁层物理学,北京大学,2004,A5101084963
1325,方忠,A5103800588,original,I4210159876,original_gold,242.0,方忠,凝聚态物性II:电子结构、电学、磁学和光学性质,中国科学院物理研究所,2004,A5103800588
1326,樊菁,A5112237171,original,I4210157653,original_gold,237.0,樊菁,稀薄气体力学,中国科学院力学研究所,2004,A5112237171
1327,杜勇,A5100715727,original,I139660479,original_gold,1609.0,杜勇,金属材料的合金相、相变及合金设计,中南大学,2004,A5100715727
1328,杜军保,A5100772820,original,I20231570,original_gold,380.0,杜军保,儿科学,北京大学,2004,A5100772820
1329,杜江峰,A5100636978,original,I126520041,original_gold,525.0,杜江峰,经典物理学和量子理论,中国科学技术大学,2004,A5100636978
1330,邓风,A5112561183,original,I4210099135,original_gold,618.0,邓风,谱学,中国科学院武汉物理与数学研究所,2004,A5112561183
1331,戴玉成,A5076623491,original,I4210110024,original_gold,295.0,戴玉成,真菌分类,中国科学院沈阳应用生态研究所,2004,A5076623491
1332,褚福磊,A5013302911,original,I99065089,original_gold,561.0,褚福磊,机械动力学,清华大学,2004,A5013302911
1333,程鹏,A5100346440,original,I205237279,original_gold,1844.0,程鹏,配位化学,南开大学,2004,A5100346440
1334,成来飞,A5072912162,original,I17145004,original_gold,1206.0,成来飞,无机非金属基复合材料,西北工业大学,2004,A5072912162
1335,陈云敏,A5041350459,original,I76130692,original_gold,900.0,陈云敏,地基与基础工程,浙江大学,2004,A5041350459
1336,陈义汉,A5101705925,original,I116953780,original_gold,265.0,陈义汉,病理生理学,同济大学,2004,A5101705925
1337,陈衍景,A5048842584,original,I4210135735,original_gold,498.0,陈衍景,矿床学,中国科学院地球化学研究所,2004,A5048842584
1338,陈学思,A5045930233,original,I4210092888,original_gold,1186.0,陈学思,生物医用高分子材料,中国科学院长春应用化学研究所,2004,A5045930233
1340,陈杰,A5100333005,original,I4210119392,original_gold,1224.0,陈杰,集成电路设计(包括CAD),中国科学院微电子研究所,2004,A5100333005
1341,陈建国,A5008842987,original,I47720641,original_gold,4.0,陈建国,细胞神经生物学,华中科技大学,2004,A5008842987
1342,陈常青,A5100449494,original,I87445476,original_gold,190.0,陈常青,固体力学,西安交通大学,2004,A5100449494
1343,车顺爱,A5027310250,original,I183067930,original_gold,279.0,车顺爱,无机化学,上海交通大学,2004,A5027310250
1344,曹俊诚,A5002558197,original,I4210147322,original_gold,228.0,曹俊诚,半导体输运过程与半导体能谱,中国科学院上海微系统与信息技术研究所,2004,A5002558197
1345,曹道民,A5087540885,original,I4210120485,original_gold,198.0,曹道民,"非线性椭圆(和抛物)方程研究中的新方法和新概念,及调和分析复分析中的方程问题",中国科学院数学与系统科学研究院,2004,A5087540885
1346,蔡少青,A5111967755,original,I20231570,original_gold,183.0,蔡少青,中药资源学,北京大学,2004,A5111967755
1347,邹云增,A5053743858,original,I24943067,original_gold,406.0,邹云增,心血管系统内科学,复旦大学,2005,A5053743858
1348,庄越挺,A5008666077,original,I76130692,original_gold,614.0,庄越挺,智能信息处理,浙江大学,2005,A5008666077
1349,朱向阳,A5078125284,original,I183067930,original_gold,464.0,朱向阳,机器人机械学,上海交通大学,2005,A5078125284
1350,朱军,A5100606995,original,I183067930,original_gold,493.0,朱军,生物化学和分子生物学,上海交通大学,2005,A5100606995
1351,朱传界,A5037484186,original,I4210125404,original_gold,88.0,朱传界,场论中的基本问题和新方法,中国科学院理论物理研究所,2005,A5037484186
1352,周益春,A5100454509,original,I4610292,original_gold,311.0,周益春,新型材料的力学问题,湘潭大学,2005,A5100454509
1353,周兴江,A5032010185,original,I4210159876,original_gold,364.0,周兴江,电子态,中国科学院物理研究所,2005,A5032010185
1354,周琪,A5100617023,original,I4210167311,original_gold,673.0,周琪,动物生理学,中国科学院动物研究所,2005,A5100617023
1355,周俊虎,A5100691679,original,I76130692,original_gold,1011.0,周俊虎,燃烧污染物生成和防治,浙江大学,2005,A5100691679
1356,周嘉伟,A5059576483,original,I4210106477,original_gold,222.0,周嘉伟,分子神经生物学,中国科学院上海生命科学研究院,2005,A5059576483
1357,种康,A5101714694,annotation,I4210158097,annotation_llm,163.0,种康,植物激素、生长发育及生殖生理,中国科学院植物研究所,2005,
1358,钟登华,A5101535078,original,I162868743,original_gold,55.0,钟登华,各类水工建筑物(包括水利水电、港工和海工建筑物)的静力分析理论及可靠度分析方法,天津大学,2005,A5101535078
1359,郑伟涛,A5108050913,original,I194450716,original_gold,1177.0,郑伟涛,碳素材料与超硬材料,吉林大学,2005,A5108050913
1360,赵宇亮,A5100710172,original,I4210137180,original_gold,732.0,赵宇亮,核科学和其他学科的交叉,中国科学院高能物理研究所,2005,A5100710172
1361,赵勇,A5100692194,original,I4800084,original_gold,588.0,赵勇,高温超导材料,西南交通大学,2005,A5100692194
1362,赵刚,A5046444692,original,I4210112946,original_gold,972.0,赵刚,有机化学,中国科学院上海有机化学研究所,2005,A5046444692
1363,赵春杰,A5101953348,original,I76569877,original_gold,162.0,赵春杰,细胞生物学及发育生物学,东南大学,2005,A5101953348
1364,章晓波,A5115592812,original,,original_gold,328.0,章晓波,水产基础科学,国家海洋局第三海洋研究所,2005,A5115592812
1365,张宗益,A5101706402,original,I158842170,original_gold,120.0,张宗益,企业理论,重庆大学,2005,A5101706402
1366,张毓,A5035053309,original,I20231570,original_gold,1329.0,张毓,分子免疫学,北京大学,2005,A5035053309
1367,张永清,A5100741915,original,I4210124606,original_gold,435.0,张永清,分子神经生物学,中国科学院遗传与发育生物学研究所,2005,A5100741915
1368,张学敏,A5100635327,original,,original_gold,215.0,张学敏,实验肿瘤学,中国人民解放军军事科学院军事医学研究院,2005,A5100635327
1369,张旭,A5100437302,original,I24185976,original_gold,621.0,张旭,分布参数系统的控制理论,四川大学,2005,A5100437302
1370,张新宇,A5100390697,original,I4210157653,original_gold,560.0,张新宇,空气动力学,中国科学院力学研究所,2005,A5100390697
1371,张湘义,A5101936633,original,I39333907,original_gold,138.0,张湘义,纳米金属材料,燕山大学,2005,A5101936633
1372,张卫平,A5100657957,original,I66867065,original_gold,498.0,张卫平,原子和分子物理,华东师范大学,2005,A5100657957
1373,张卫华,A5100370317,original,I4800084,original_gold,382.0,张卫华,结构与系统动力学,西南交通大学,2005,A5100370317
1374,张淑芬,A5069207720,original,I27357992,original_gold,811.0,张淑芬,精细有机化工(染料、涂料、感光剂、粘合剂与日用化工等),大连理工大学,2005,A5069207720
1375,张润志,A5077825023,original,I4210167311,original_gold,213.0,张润志,动物行为学,中国科学院动物研究所,2005,A5077825023
1376,张平,A5100405781,original,I4210120485,original_gold,5855.0,张平,偏微分方程,中国科学院数学与系统科学研究院,2005,A5100405781
1377,曾永平,A5063432643,original,I3018690959,original_gold,55.0,曾永平,环境地球化学与生物地球化学,中国科学院广州地球化学研究所,2005,A5063432643
1378,曾和平,A5079510097,original,I66867065,original_gold,536.0,曾和平,非线性光学,华东师范大学,2005,A5079510097
1379,岳澄波,A5006620625,original,I4210120485,original_gold,12.0,岳澄波,低维流形,中国科学院数学与系统科学研究院,2005,A5006620625
1380,苑世剑,A5101988118,original,I204983213,original_gold,284.0,苑世剑,塑性加工工艺与装备,哈尔滨工业大学,2005,A5101988118
1381,俞立,A5100345712,original,I55712492,original_gold,1097.0,俞立,控制系统的分析和综合,浙江工业大学,2005,A5100345712
1382,于荣海,A5100659094,original,I99065089,original_gold,181.0,于荣海,金属磁性材料,清华大学,2005,A5100659094
1383,叶旭东,A5038201687,original,I76130692,original_gold,73.0,叶旭东,自适应、自学习、自组织系统,浙江大学,2005,A5038201687
1384,叶新山,A5033959946,original,I20231570,original_gold,224.0,叶新山,生物有机化学,北京大学,2005,A5033959946
1385,尧德中,A5018644308,original,I150229711,original_gold,553.0,尧德中,生物医学信号处理,电子科技大学,2005,A5018644308
1386,杨祝良,A5073213480,original,I13850615,original_gold,100.0,杨祝良,真菌分类,中国科学院昆明植物研究所,2005,A5073213480
1387,杨学明,A5041173223,original,I180585399,original_gold,598.0,杨学明,分子动态学,中国科学院大连化学物理研究所,2005,A5041173223
1389,杨荣华,A5089742133,original,I16609230,original_gold,322.0,杨荣华,生化分析及生物传感,湖南大学,2005,A5089742133
1390,杨敏,A5100694840,original,I4210144289,original_gold,3395.0,杨敏,环境工程,中国科学院生态环境研究中心,2005,A5100694840
1391,杨国伟,A5041169422,original,I157773358,original_gold,486.0,杨国伟,界面物理与界面化学,中山大学,2005,A5041169422
1392,杨桂朋,A5033543761,original,I59028903,original_gold,580.0,杨桂朋,海洋化学,中国海洋大学,2005,A5033543761
1393,许宜铭,A5100622619,original,I76130692,original_gold,91.0,许宜铭,污染控制化学,浙江大学,2005,A5100622619
1394,许甫荣,A5076909902,original,I20231570,original_gold,686.0,许甫荣,原子核特性,北京大学,2005,A5076909902
1395,徐寅峰,A5113747124,original,I87445476,original_gold,336.0,徐寅峰,优化理论与技术,西安交通大学,2005,A5113747124
1396,徐信忠,A5101210470,original,I20231570,original_gold,40.0,徐信忠,工商管理,北京大学,2005,A5101210470
1397,徐昕,A5053112608,original,I191208505,original_gold,703.0,徐昕,量子化学,厦门大学,2005,A5053112608
1398,徐明良,A5081346568,original,I78978612,original_gold,428.0,徐明良,作物遗传育种学,扬州大学,2005,A5081346568
1399,徐东升,A5032855719,original,I20231570,original_gold,290.0,徐东升,结构化学,北京大学,2005,A5032855719
1400,徐春明,A5100385667,original,I4210162190,original_gold,712.0,徐春明,石油化工,中国石油大学(北京),2005,A5100385667
1401,谢素原,A5089090581,original,I191208505,original_gold,293.0,谢素原,原子簇化学,厦门大学,2005,A5089090581
1402,谢树成,A5067766423,original,I3124059619,original_gold,285.0,谢树成,沉积学(含现代沉积、沉积地球化学、有机地球化学),中国地质大学(武汉),2005,A5067766423
1403,谢康,A5090412965,original,I150229711,original_gold,369.0,谢康,光电子器件,电子科技大学,2005,A5090412965
1404,谢道新,A5066011142,original,I99065089,original_gold,123.0,谢道新,植物遗传学,清华大学,2005,A5066011142
1405,肖奕,A5046595961,original,I47720641,original_gold,237.0,肖奕,量子生物学,华中科技大学,2005,A5046595961
1406,吴钟凯,A5026646519,original,I157773358,original_gold,174.0,吴钟凯,心、胸外科学,中山大学,2005,A5026646519
1407,吴学兵,A5013653082,original,I20231570,original_gold,35.0,吴学兵,星系和类星体,北京大学,2005,A5013653082
1408,吴立新,A5037725720,original,I9224756,original_gold,495.0,吴立新,资源开采科学与工程,东北大学,2005,A5037725720
1409,吴丰昌,A5082434401,original,I4210135735,original_gold,460.0,吴丰昌,环境地球化学与生物地球化学,中国科学院地球化学研究所,2005,A5082434401
1410,吴朝晖,A5101973484,original,I76130692,original_gold,575.0,吴朝晖,模式识别、人工智能,浙江大学,2005,A5101973484
1411,邬堂春,A5039558767,original,I47720641,original_gold,474.0,邬堂春,劳动卫生学与职业病学,华中科技大学,2005,A5039558767
1412,魏春景,A5065671304,original,I20231570,original_gold,171.0,魏春景,岩石学,北京大学,2005,A5065671304
1413,王跃思,A5086052804,original,I4210152758,original_gold,610.0,王跃思,大气化学,中国科学院大气物理研究所,2005,A5086052804
1414,王玉忠,A5100711346,original,I24185976,original_gold,919.0,王玉忠,环境友好高分子材料,四川大学,2005,A5100711346
1415,王学军,A5100633773,original,I20231570,original_gold,616.0,王学军,区域环境质量演变,北京大学,2005,A5100633773
1416,王小云,A5100447909,original,I154099455,original_gold,343.0,王小云,计算机保密与编码理论,山东大学,2005,A5100447909
1417,王向东,A5100402348,original,I4210103797,original_gold,472.0,王向东,古生物学(含古人类学),中国科学院南京地质古生物研究所,2005,A5100402348
1418,王田苗,A5057674506,original,I82880672,original_gold,370.0,王田苗,特种机器人,北京航空航天大学,2005,A5057674506
1419,王锐,A5100431408,original,I76214153,original_gold,1939.0,王锐,不对称合成,兰州大学,2005,A5100431408
1420,王宁练,A5084436653,original,,original_gold,281.0,王宁练,冰雪、冻土学,中国科学院寒区旱区环境与工程研究所,2005,A5084436653
1421,王建祥,A5086214965,original,I20231570,original_gold,768.0,王建祥,复合材料力学,北京大学,2005,A5086214965
1422,王福生,A5100704638,original,,original_gold,502.0,王福生,传染病的发病机理研究,中国人民解放军第三0二医院,2005,A5100704638
1423,王斌,A5100372378,original,I24943067,original_gold,1095.0,王斌,相对论与引力,复旦大学,2005,A5100372378
1424,汪毓明,A5100389609,original,I126520041,original_gold,988.0,汪毓明,空间物理,中国科学技术大学,2005,A5100389609
1425,汪长春,A5052103537,original,I24943067,original_gold,516.0,汪长春,有机高分子功能材料,复旦大学,2005,A5052103537
1426,屠鹏飞,A5004244911,original,I20231570,original_gold,694.0,屠鹏飞,中药学基础,北京大学,2005,A5004244911
1427,童明良,A5062973942,original,I157773358,original_gold,1539.0,童明良,功能配合物化学,中山大学,2005,A5062973942
1428,唐涛,A5067908158,original,I4210092888,original_gold,605.0,唐涛,纳米复合,中国科学院长春应用化学研究所,2005,A5067908158
1429,唐世明,A5011189540,original,I4210112540,original_gold,129.0,唐世明,高级神经生物学,中国科学院生物物理研究所,2005,A5011189540
1430,孙卫东,A5060844794,original,I3018690959,original_gold,347.0,孙卫东,微量元素地球化学,中国科学院广州地球化学研究所,2005,A5060844794
1431,孙庆丰,A5044736875,original,I4210159876,original_gold,401.0,孙庆丰,凝聚态物质中的电子输运,中国科学院物理研究所,2005,A5044736875
1432,孙江华,A5005396386,original,I4210167311,original_gold,280.0,孙江华,林学,中国科学院动物研究所,2005,A5005396386
1433,孙洪波,A5000681755,original,I194450716,original_gold,932.0,孙洪波,光学和光电子学,吉林大学,2005,A5000681755
1434,宿兵,A5024756660,original,I18489884,original_gold,254.0,宿兵,遗传学,中国科学院昆明动物研究所,2005,A5024756660
1435,苏成勇,A5002170896,original,I157773358,original_gold,1733.0,苏成勇,结构化学,中山大学,2005,A5002170896
1436,宋尔卫,A5021387235,original,I157773358,original_gold,443.0,宋尔卫,肿瘤治疗学基础,中山大学,2005,A5021387235
1437,沈旭,A5055540928,original,I4210112820,original_gold,187.0,沈旭,药物设计学,中国科学院上海药物研究所,2005,A5055540928
1438,邵正中,A5063988555,original,I24943067,original_gold,334.0,邵正中,天然高分子,复旦大学,2005,A5063988555
1439,荣命哲,A5083369178,original,I87445476,original_gold,520.0,荣命哲,电接触,西安交通大学,2005,A5083369178
1440,任秋实,A5018389659,original,I183067930,original_gold,279.0,任秋实,生物电子学,上海交通大学,2005,A5018389659
1441,全燮,A5100679975,original,I27357992,original_gold,895.0,全燮,污染控制化学,大连理工大学,2005,A5100679975
1442,邱小波,A5074378183,original,I25254941,original_gold,68.0,邱小波,生物化学和分子生物学,北京师范大学,2005,A5074378183
1443,邱建荣,A5019618023,original,I47720641,original_gold,1187.0,邱建荣,煤燃烧,华中科技大学,2005,A5019618023
1444,谯仕彦,A5101462332,original,I52158045,original_gold,130.0,谯仕彦,畜禽营养学,中国农业大学,2005,A5101462332
1445,聂祚仁,A5015167913,original,I37796252,original_gold,319.0,聂祚仁,材料制备加工科学与工程,北京工业大学,2005,A5015167913
1446,缪朝玉,A5042034585,annotation,I177933477,annotation_llm,158.0,缪朝玉,心血管系统药物药理学,中国人民解放军第二军医大学,2005,
1447,苗俊刚,A5040577230,original,I82880672,original_gold,290.0,苗俊刚,大气遥感和大气探测,北京航空航天大学,2005,A5040577230
1448,孟永钢,A5100770783,original,I99065089,original_gold,414.0,孟永钢,微/纳摩擦学,清华大学,2005,A5100770783
1449,孟国文,A5002743238,original,I2802624667,original_gold,240.0,孟国文,无机非金属类光电信息与功能材料,中国科学院合肥物质科学研究院,2005,A5002743238
1450,梅生伟,A5000459401,original,I99065089,original_gold,627.0,梅生伟,电力系统暂态分析,清华大学,2005,A5000459401
1451,麦碧娴,A5042553738,original,I3018690959,original_gold,524.0,麦碧娴,环境地球化学与生物地球化学,中国科学院广州地球化学研究所,2005,A5042553738
1452,马宗义,A5100356312,original,I4210126304,original_gold,17.0,马宗义,金属结构材料(不包括原料和构件等),中国科学院金属研究所,2005,A5100356312
1453,马会民,A5109169507,original,I4210155088,original_gold,250.0,马会民,分析化学,中国科学院化学研究所,2005,A5109169507
1454,骆广生,A5000506504,original,I99065089,original_gold,394.0,骆广生,化学工程及工业化学,清华大学,2005,A5000506504
1455,罗笑南,A5100426931,original,I157773358,original_gold,471.0,罗笑南,计算机在新应用领域中的基础研究,中山大学,2005,A5100426931
1456,罗敏敏,A5034182088,original,I4210086405,original_gold,137.0,罗敏敏,感觉系统神经生物学,北京生命科学研究所,2005,A5034182088
1457,陆建华,A5053012932,annotation,I99065089,annotation_llm,439.0,陆建华,信息理论与信息系统,清华大学,2005,
1458,卢建新,A5024986601,original,I126520041,original_gold,168.0,卢建新,场论中的基本问题和新方法,中国科学技术大学,2005,A5024986601
1459,刘禹,A5100345666,original,I4210159790,original_gold,2723.0,刘禹,环境演变与对策,中国科学院地球环境研究所,2005,A5100345666
1460,刘伍明,A5101644286,original,I4210159876,original_gold,280.0,刘伍明,激光与物质相互作用,中国科学院物理研究所,2005,A5101644286
1461,刘文,A5100320239,original,I4210112946,original_gold,731.0,刘文,微生物学,中国科学院上海有机化学研究所,2005,A5100320239
1462,刘廷析,A5059286480,original,I183067930,original_gold,289.0,刘廷析,血液与淋巴系统内科学,上海交通大学,2005,A5059286480
1463,刘峰奇,A5100716116,original,I4210149211,original_gold,213.0,刘峰奇,新型红外技术,中国科学院半导体研究所,2005,A5100716116
1464,林鹏智,A5049307798,original,I24185976,original_gold,271.0,林鹏智,水力学,四川大学,2005,A5049307798
1465,廖建新,A5055685073,original,I139759216,original_gold,409.0,廖建新,通信网,北京邮电大学,2005,A5055685073
1466,梁作堂,A5009468201,original,I154099455,original_gold,166.0,梁作堂,量子色动力学、强相互作用和强子物理,山东大学,2005,A5009468201
1467,梁樑,A5100426926,annotation,I126520041,annotation_llm,542.0,梁樑,评价理论与技术,中国科学技术大学,2005,
1468,梁好均,A5072777093,original,I126520041,original_gold,279.0,梁好均,数学、计算机方法在高分子凝聚态、分子动态学方面的应用,中国科学技术大学,2005,A5072777093
1469,李志远,A5100337954,original,I4210159876,original_gold,289.0,李志远,光在非均匀介质中的传播,中国科学院物理研究所,2005,A5100337954
1470,李增沪,A5059605500,original,I25254941,original_gold,173.0,李增沪,马氏过程,北京师范大学,2005,A5059605500
1471,李悦生,A5075403529,original,I4210092888,original_gold,614.0,李悦生,其他高分子材料,中国科学院长春应用化学研究所,2005,A5075403529
1472,李伟固,A5032776480,original,I20231570,original_gold,74.0,李伟固,常微分方程,北京大学,2005,A5032776480
1473,李巍,A5079956770,original,I4210124606,original_gold,3719.0,李巍,细胞生物学及发育生物学,中国科学院遗传与发育生物学研究所,2005,A5079956770
1474,李隽,A5100361956,original,I99065089,original_gold,1447.0,李隽,理论无机化学,清华大学,2005,A5100361956
1475,李建新,A5100380474,original,I881766915,original_gold,625.0,李建新,凝聚态物性II:电子结构、电学、磁学和光学性质,南京大学,2005,A5100380474
1476,李惠,A5065859286,original,I204983213,original_gold,2771.0,李惠,结构健康监测,哈尔滨工业大学,2005,A5065859286
1477,李华伟,A5100768288,original,I24943067,original_gold,547.0,李华伟,耳鼻喉科学,复旦大学,2005,A5100768288
1478,李存标,A5068851764,original,I20231570,original_gold,11.0,李存标,流动的稳定性,北京大学,2005,A5068851764
1479,李春阳,A5100360572,original,I4210152908,original_gold,365.0,李春阳,树木生理学,中国科学院成都生物研究所,2005,A5100360572
1480,黎夏,A5100445622,original,I157773358,original_gold,1209.0,黎夏,资源环境信息系统,中山大学,2005,A5100445622
1481,郎建平,A5027568668,original,I3923682,original_gold,1711.0,郎建平,原子簇化学,苏州大学,2005,A5027568668
1482,孔向阳,A5003335302,original,I183067930,original_gold,93.0,孔向阳,无机非金属类光电信息与功能材料,上海交通大学,2005,A5003335302
1483,孔令义,A5020415816,original,I161716053,original_gold,467.0,孔令义,中药化学,中国药科大学,2005,A5020415816
1484,孔继烈,A5012535610,original,I24943067,original_gold,291.0,孔继烈,电化学分析,复旦大学,2005,A5012535610
1485,黄荣峰,A5055814979,original,I4210167153,original_gold,126.0,黄荣峰,作物生理学,中国农业科学院生物技术研究所,2005,A5055814979
1486,黄宝春,A5052728953,original,I4210126061,original_gold,159.0,黄宝春,地磁学(含古地磁学),中国科学院地质与地球物理研究所,2005,A5052728953
1487,怀进鹏,A5110207665,original,I82880672,original_gold,213.0,怀进鹏,计算机科学技术的基础理论,北京航空航天大学,2005,A5110207665
1488,胡征,A5007904284,original,I881766915,original_gold,474.0,胡征,物理化学,南京大学,2005,A5007904284
1489,韩敬东,A5103171811,original,I4210124606,original_gold,291.0,韩敬东,细胞信息,中国科学院遗传与发育生物学研究所,2005,A5103171811
1490,哈木拉提·吾甫尔,A5008448535,original,I154093214,original_gold,12.0,哈木拉提·吾甫尔,民族医学,新疆医科大学,2005,A5008448535
1491,郭坤宇,A5100561195,original,I24943067,original_gold,113.0,郭坤宇,算子理论,复旦大学,2005,A5100561195
1492,郭惠珊,A5060049168,original,I4210134982,original_gold,122.0,郭惠珊,植物学,中国科学院微生物研究所,2005,A5060049168
1493,关新平,A5100690710,original,I39333907,original_gold,1226.0,关新平,控制系统的分析和综合,燕山大学,2005,A5100690710
1494,顾辉,A5101083662,original,I4210163874,original_gold,222.0,顾辉,结构陶瓷,中国科学院上海硅酸盐研究所,2005,A5101083662
1495,耿延候,A5011728561,original,I4210092888,original_gold,381.0,耿延候,功能高分子,中国科学院长春应用化学研究所,2005,A5011728561
1496,戈宝学,A5067986549,original,I4210106477,original_gold,101.0,戈宝学,分子免疫学,中国科学院上海生命科学研究院,2005,A5067986549
1497,高杰,A5011442848,original,I4210137180,original_gold,708.0,高杰,加速器原理和关键技术,中国科学院高能物理研究所,2005,A5011442848
1498,高福,A5004615765,original,I4210134982,original_gold,163.0,高福,兽医学,中国科学院微生物研究所,2005,A5004615765
1499,傅向东,A5103144746,original,I4210124606,original_gold,303.0,傅向东,植物激素、生长发育及生殖生理,中国科学院遗传与发育生物学研究所,2005,A5103144746
1500,扶磊,A5100608558,original,I205237279,original_gold,439.0,扶磊,代数几何,南开大学,2005,A5100608558
1501,冯西桥,A5100599549,original,I99065089,original_gold,663.0,冯西桥,交叉与边缘领域的力学,清华大学,2005,A5100599549
1502,方秦,A5101406652,original,I4210163363,original_gold,223.0,方秦,防灾工程,中国人民解放军陆军工程大学,2005,A5101406652
1503,范祖森,A5090352464,original,I4210112540,original_gold,174.0,范祖森,蛋白质与肽,中国科学院生物物理研究所,2005,A5090352464
1504,樊治平,A5100403495,original,I9224756,original_gold,373.0,樊治平,决策理论与技术,东北大学,2005,A5100403495
1505,樊胜根,A5069990247,original,I4210104598,original_gold,396.0,樊胜根,农林经济管理,中国农业科学院农业经济与发展研究所,2005,A5069990247
1506,董汉松,A5070044389,original,I119454577,original_gold,124.0,董汉松,植物保护学,南京农业大学,2005,A5070044389
1507,戴琼海,A5080722708,original,I99065089,original_gold,985.0,戴琼海,信源编码与信道编码,清华大学,2005,A5080722708
1508,成莹,A5057704753,original,I25254941,original_gold,899.0,成莹,有机合成反应,北京师范大学,2005,A5057704753
1509,成秋明,A5100630777,original,I3124059619,original_gold,366.0,成秋明,数学地质学,中国地质大学(武汉),2005,A5100630777
1510,陈雁,A5100378023,original,I4210106477,original_gold,856.0,陈雁,生物化学和分子生物学,中国科学院上海生命科学研究院,2005,A5100378023
1511,陈学雷,A5067687146,original,I4210164580,original_gold,389.0,陈学雷,宇宙学,中国科学院国家天文台,2005,A5067687146
1512,陈福坤,A5071632243,original,I4210126061,original_gold,169.0,陈福坤,岩石学,中国科学院地质与地球物理研究所,2005,A5071632243
1513,常凯,A5082451305,original,I4210149211,original_gold,716.0,常凯,半导体物理,中国科学院半导体研究所,2005,A5082451305
1514,白中治,A5113970855,original,I4210120485,original_gold,185.0,白中治,数值代数,中国科学院数学与系统科学研究院,2005,A5113970855
1515,邹国华,A5049307263,original,I4210120485,original_gold,122.0,邹国华,预测理论与技术,中国科学院数学与系统科学研究院,2006,A5049307263
1516,朱世琳,A5026144834,original,I20231570,original_gold,488.0,朱世琳,中高能核物理,北京大学,2006,A5026144834
1517,朱广山,A5010014663,original,I194450716,original_gold,859.0,朱广山,无机化学,吉林大学,2006,A5010014663
1518,朱长江,A5087305235,original,I40963666,original_gold,250.0,朱长江,偏微分方程,华中师范大学,2006,A5087305235
1519,周彤,A5055436613,original,I99065089,original_gold,452.0,周彤,最优控制,清华大学,2006,A5055436613
1520,周仕明,A5039567536,original,I116953780,original_gold,398.0,周仕明,金属磁性材料,同济大学,2006,A5039567536
1521,周继勇,A5042562510,original,I76130692,original_gold,224.0,周继勇,兽医传染病学,浙江大学,2006,A5042562510
1522,周广胜,A5110800237,original,I4210158097,original_gold,407.0,周广胜,大气边界层物理和大气湍流,中国科学院植物研究所,2006,A5110800237
1523,周兵,A5070154658,original,I99065089,original_gold,210.0,周兵,分子遗传学,清华大学,2006,A5070154658
1524,钟凡,A5019128313,annotation,I157773358,annotation_llm,145.0,钟凡,状态方程、相平衡和相变,中山大学,2006,
1525,郑玉新,A5015728065,original,I4210164727,original_gold,255.0,郑玉新,劳动卫生学与职业病学,中国疾病预防控制中心职业卫生与中毒控制所,2006,A5015728065
1526,郑绍建,A5089053812,original,I76130692,original_gold,178.0,郑绍建,作物营养学,浙江大学,2006,A5089053812
1527,郑坚,A5036905517,original,I126520041,original_gold,365.0,郑坚,激光束、粒子束、微波与等离子体,中国科学技术大学,2006,A5036905517
1528,章文华,A5100443656,original,I119454577,original_gold,782.0,章文华,作物生理学,南京农业大学,2006,A5100443656
1529,张哲峰,A5024323710,original,I4210126304,original_gold,295.0,张哲峰,金属材料的疲劳与断裂,中国科学院金属研究所,2006,A5024323710
1530,张永兴,A5100637821,original,I158842170,original_gold,153.0,张永兴,岩土工程减灾,重庆大学,2006,A5100637821
1531,张学工,A5081242795,original,I99065089,original_gold,345.0,张学工,生物信息论和生物控制论,清华大学,2006,A5081242795
1532,张文军,A5100447820,original,I183067930,original_gold,1010.0,张文军,信息理论与信息系统,上海交通大学,2006,A5100447820
1533,张锁江,A5009340564,original,I4210133325,original_gold,1082.0,张锁江,化工热力学和基础数据,中国科学院过程工程研究所,2006,A5009340564
1534,张军,A5100400217,original,I82880672,original_gold,4129.0,张军,通信网,北京航空航天大学,2006,A5100400217
1535,张甘霖,A5100320387,original,I4210165559,original_gold,532.0,张甘霖,土壤地理学,中国科学院南京土壤研究所,2006,A5100320387
1536,张东晓,A5100783852,original,I20231570,original_gold,533.0,张东晓,水文、水资源,北京大学,2006,A5100783852
1537,张东辉,A5039069280,original,I180585399,original_gold,314.0,张东辉,分子动态学,中国科学院大连化学物理研究所,2006,A5039069280
1538,翟宏斌,A5028946941,original,I4210112946,original_gold,204.0,翟宏斌,新化合物和复杂化合物的设计与合成,中国科学院上海有机化学研究所,2006,A5028946941
1539,袁运斌,A5101531305,original,I4210105990,original_gold,171.0,袁运斌,大地测量学(物理大地测量、动力大地测量),中国科学院测量与地球物理研究所,2006,A5101531305
1540,袁训来,A5102846919,original,I4210103797,original_gold,154.0,袁训来,古生物学(含古人类学),中国科学院南京地质古生物研究所,2006,A5102846919
1541,袁小兵,A5041793664,original,I4210106477,original_gold,102.0,袁小兵,发育神经生物学,中国科学院上海生命科学研究院,2006,A5041793664
1542,庾石山,A5006324894,original,I200296433,original_gold,135.0,庾石山,药物化学(含天然药物化学),中国医学科学院,2006,A5006324894
1543,庾建设,A5056600609,original,I37987034,original_gold,208.0,庾建设,泛函微分方程,广州大学,2006,A5056600609
1544,宇如聪,A5063827879,original,I4210133131,original_gold,141.0,宇如聪,大气科学,中国气象科学研究院,2006,A5063827879
1545,俞汉青,A5100337957,original,I126520041,original_gold,850.0,俞汉青,环境工程,中国科学技术大学,2006,A5100337957
1546,余家国,A5100423139,original,I196699116,original_gold,1005.0,余家国,半导体材料,武汉理工大学,2006,A5100423139
1547,余刚,A5109008573,original,I99065089,original_gold,533.0,余刚,环境工程,清华大学,2006,A5109008573
1548,游建强,A5005269198,original,I24943067,original_gold,11.0,游建强,凝聚态物性II:电子结构、电学、磁学和光学性质,复旦大学,2006,A5005269198
1549,雍俊海,A5080894318,original,I99065089,original_gold,197.0,雍俊海,"计算机辅助技术(包括CAD,CAM,CAN,CAT和CIM等)",清华大学,2006,A5080894318
1550,应光国,A5057897261,original,I3018690959,original_gold,530.0,应光国,环境地球化学与生物地球化学,中国科学院广州地球化学研究所,2006,A5057897261
1551,尹周平,A5023849046,original,I47720641,original_gold,7.0,尹周平,数控技术与数字制造,华中科技大学,2006,A5023849046
1552,叶文才,A5038830876,original,I159948400,original_gold,1318.0,叶文才,药物化学(含天然药物化学),暨南大学,2006,A5038830876
1553,叶棋浓,A5066440914,original,,original_gold,204.0,叶棋浓,肿瘤病理学,中国人民解放军军事科学院军事医学研究院,2006,A5066440914
1554,杨志峰,A5111566439,original,I25254941,original_gold,716.0,杨志峰,环境水利,北京师范大学,2006,A5111566439
1556,杨绍普,A5032883749,original,I90090648,original_gold,223.0,杨绍普,机械动力学,石家庄铁道大学,2006,A5032883749
1557,徐志康,A5046655494,original,I76130692,original_gold,497.0,徐志康,分离与吸附材料,浙江大学,2006,A5046655494
1558,徐泽水,A5100437308,original,I4210163363,original_gold,1158.0,徐泽水,决策理论与技术,中国人民解放军陆军工程大学,2006,A5100437308
1559,徐胜元,A5100363679,original,I36399199,original_gold,793.0,徐胜元,控制理论,南京理工大学,2006,A5100363679
1560,徐鉴,A5100743369,original,I116953780,original_gold,547.0,徐鉴,动力系统的分岔、混沌,同济大学,2006,A5100743369
1561,徐红星,A5067357180,original,I4210159876,original_gold,458.0,徐红星,分子光谱及分子与光子相互作用,中国科学院物理研究所,2006,A5067357180
1562,谢惠民,A5100643523,original,I99065089,original_gold,1011.0,谢惠民,实验固体力学,清华大学,2006,A5100643523
1563,肖小河,A5018256092,original,,original_gold,458.0,肖小河,中药鉴定学,中国人民解放军第三0二医院,2006,A5018256092
1564,肖湘,A5115598414,original,I183067930,original_gold,213.0,肖湘,生物海洋学(含生物海洋技术),上海交通大学,2006,A5115598414
1565,肖贤明,A5065505673,original,I3018690959,original_gold,127.0,肖贤明,矿床地球化学(含有机地球化学),中国科学院广州地球化学研究所,2006,A5065505673
1566,夏春谷,A5111507977,original,I4210089297,original_gold,822.0,夏春谷,均相催化,中国科学院兰州化学物理研究所,2006,A5111507977
1567,吴青柏,A5075737786,original,,original_gold,339.0,吴青柏,冰雪、冻土学,中国科学院寒区旱区环境与工程研究所,2006,A5075737786
1568,吴孔明,A5044031959,original,I4210097978,original_gold,326.0,吴孔明,病虫测报学,中国农业科学院植物保护研究所,2006,A5044031959
1569,翁征宇,A5083852847,original,I99065089,original_gold,240.0,翁征宇,凝聚态物性II:电子结构、电学、磁学和光学性质,清华大学,2006,A5083852847
1570,韦岗,A5027511863,original,I90610280,original_gold,325.0,韦岗,信息系统及其仿真评估,华南理工大学,2006,A5027511863
1571,王佐仁,A5046292058,original,I4210106477,original_gold,84.0,王佐仁,感觉系统神经生物学,中国科学院上海生命科学研究院,2006,A5046292058
1572,王拥军,A5100424222,original,I4210098460,original_gold,1389.0,王拥军,中医骨伤科学,上海中医药大学,2006,A5100424222
1573,王野,A5108047874,original,I191208505,original_gold,865.0,王野,催化,厦门大学,2006,A5108047874
1574,王晓慧,A5100410733,original,I99065089,original_gold,605.0,王晓慧,功能陶瓷,清华大学,2006,A5100410733
1575,王升启,A5101645609,original,,original_gold,348.0,王升启,药物设计学,中国人民解放军军事科学院军事医学研究院,2006,A5101645609
1576,王怀民,A5101522100,original,I170215575,original_gold,369.0,王怀民,计算机软件,中国人民解放军国防科技大学,2006,A5101522100
1577,王华明,A5019074126,original,I82880672,original_gold,289.0,王华明,材料制备加工科学与工程,北京航空航天大学,2006,A5019074126
1578,王东晓,A5100609440,original,I4210103685,original_gold,472.0,王东晓,物理海洋学,中国科学院南海海洋研究所,2006,A5100609440
1579,王德华,A5100746451,original,I4210167311,original_gold,338.0,王德华,个体生态学及生理生态学,中国科学院动物研究所,2006,A5100746451
1580,王传宽,A5114254178,original,I47689461,original_gold,210.0,王传宽,森林基础科学,东北林业大学,2006,A5114254178
1581,王成山,A5001810569,original,I162868743,original_gold,628.0,王成山,电力系统分析,天津大学,2006,A5001810569
1582,陶然,A5067803447,original,I125839683,original_gold,749.0,陶然,检测与估计,北京理工大学,2006,A5067803447
1583,唐莉,A5065125027,original,I27357992,original_gold,239.0,唐莉,药物学,大连理工大学,2006,A5065125027
1584,唐加福,A5060664084,original,I9224756,original_gold,395.0,唐加福,优化理论与技术,东北大学,2006,A5060664084
1585,汤其群,A5062442674,original,I24943067,original_gold,77.0,汤其群,细胞生物学及发育生物学,复旦大学,2006,A5062442674
1586,孙航,A5102965401,original,I13850615,original_gold,479.0,孙航,植物区系与地理学,中国科学院昆明植物研究所,2006,A5102965401
1587,孙富春,A5055546056,original,I99065089,original_gold,1012.0,孙富春,智能控制理论,清华大学,2006,A5055546056
1588,孙方霖,A5100680050,original,I99065089,original_gold,44.0,孙方霖,遗传学,清华大学,2006,A5100680050
1589,孙东怀,A5102194552,original,I76214153,original_gold,36.0,孙东怀,第四纪地质学,兰州大学,2006,A5102194552
1590,苏刚,A5014952252,original,I4210165038,original_gold,325.0,苏刚,凝聚态物性II:电子结构、电学、磁学和光学性质,中国科学院大学,2006,A5014952252
1591,宋延林,A5109553608,original,I4210155088,original_gold,772.0,宋延林,光电磁信息功能材料,中国科学院化学研究所,2006,A5109553608
1592,宋纯鹏,A5101421862,original,I173899330,original_gold,228.0,宋纯鹏,水分生理及抗性生理,河南大学,2006,A5101421862
1593,史林启,A5021502751,original,I205237279,original_gold,382.0,史林启,自组装有机材料与图形化,南开大学,2006,A5021502751
1594,盛光遥,A5105886804,original,I55712492,original_gold,83.0,盛光遥,环境化学,浙江工业大学,2006,A5105886804
1595,沈志强,A5017157541,original,I2799714274,original_gold,407.0,沈志强,射电天文,中国科学院上海天文台,2006,A5017157541
1596,沈肖雁,A5047998996,original,I4210137180,original_gold,254.0,沈肖雁,量子色动力学、强相互作用和强子物理,中国科学院高能物理研究所,2006,A5047998996
1597,沈吉,A5080359609,original,I4210134482,original_gold,213.0,沈吉,环境地质,中国科学院南京地理与湖泊研究所,2006,A5080359609
1598,邱瑞锋,A5003891969,original,I27357992,original_gold,55.0,邱瑞锋,低维流形,大连理工大学,2006,A5003891969
1599,邱枫,A5012986583,original,I24943067,original_gold,486.0,邱枫,高分子物理及高分子物理化学,复旦大学,2006,A5012986583
1600,乔建永,A5115603885,original,I4399598474,original_gold,38.0,乔建永,复动力系统,中国矿业大学(北京),2006,A5115603885
1601,钱跃竑,A5100828316,original,I113940042,original_gold,71.0,钱跃竑,计算流体力学,上海大学,2006,A5100828316
1602,钱林茂,A5075000201,original,I4800084,original_gold,345.0,钱林茂,微/纳摩擦学,西南交通大学,2006,A5075000201
1603,钱国栋,A5007649916,original,I76130692,original_gold,632.0,钱国栋,无机非金属类光电信息与功能材料,浙江大学,2006,A5007649916
1604,钱锋,A5100603023,original,I143593769,original_gold,807.0,钱锋,工程系统与控制,华东理工大学,2006,A5100603023
1605,彭茹雯,A5060194083,original,I881766915,original_gold,341.0,彭茹雯,表面和界面;薄膜和晶须;人工微结构(结构和非电子性质),南京大学,2006,A5060194083
1606,牛智川,A5110148738,original,I4210149211,original_gold,532.0,牛智川,超晶格与量子阱半导体材料,中国科学院半导体研究所,2006,A5110148738
1607,宁建国,A5102780666,original,I125839683,original_gold,282.0,宁建国,爆炸力学,北京理工大学,2006,A5102780666
1608,毛兰群,A5019599015,original,I4210155088,original_gold,456.0,毛兰群,电化学分析,中国科学院化学研究所,2006,A5019599015
1609,马建国,A5100743738,original,I150229711,original_gold,415.0,马建国,电路与系统,电子科技大学,2006,A5100743738
1610,吕小兵,A5037176858,original,I27357992,original_gold,434.0,吕小兵,高分子化学,大连理工大学,2006,A5037176858
1611,吕才典,A5080900579,original,I4210137180,original_gold,304.0,吕才典,电一弱相互作用及其唯象学,中国科学院高能物理研究所,2006,A5080900579
1612,罗二仓,A5010516372,original,I4210140689,original_gold,301.0,罗二仓,工程热力学,中国科学院理化技术研究所,2006,A5010516372
1613,陆雅海,A5030671298,original,I52158045,original_gold,131.0,陆雅海,土壤生物学,中国农业大学,2006,A5030671298
1614,鲁统部,A5054438192,original,I157773358,original_gold,759.0,鲁统部,配位化学,中山大学,2006,A5054438192
1615,卢革宇,A5107900327,original,I194450716,original_gold,383.0,卢革宇,先进传感技术,吉林大学,2006,A5107900327
1616,刘杏忠,A5044384373,original,I4210134982,original_gold,410.0,刘杏忠,真菌分类,中国科学院微生物研究所,2006,A5044384373
1617,刘相法,A5014119066,original,I154099455,original_gold,355.0,刘相法,其它金属凝固与结晶理论,山东大学,2006,A5014119066
1618,刘文剑,A5019399075,original,I20231570,original_gold,350.0,刘文剑,基础量子化学,北京大学,2006,A5019399075
1619,刘梦赤,A5085983836,original,I37461747,original_gold,162.0,刘梦赤,数据库(包括分布式数据库),武汉大学,2006,A5085983836
1620,刘良明,A5101514261,original,I151075929,original_gold,219.0,刘良明,创伤外科与烧伤外科学,中国人民解放军第三军医大学,2006,A5101514261
1621,刘力,A5100418910,original,I4210112540,original_gold,1514.0,刘力,分子神经生物学,中国科学院生物物理研究所,2006,A5100418910
1622,刘春明,A5110557896,original,I4210158097,original_gold,65.0,刘春明,植物遗传学,中国科学院植物研究所,2006,A5110557896
1623,刘斌,A5100395468,original,I99065089,original_gold,1586.0,刘斌,计算机网络与分布式计算系统,清华大学,2006,A5100395468
1624,李永旺,A5000251609,original,I4210159903,original_gold,821.0,李永旺,化学(催化)反应动力学,中国科学院山西煤炭化学研究所,2006,A5000251609
1625,李亚利,A5100625932,original,I162868743,original_gold,364.0,李亚利,高性能碳素材料,天津大学,2006,A5100625932
1626,李铁军,A5100703332,original,I20231570,original_gold,326.0,李铁军,口腔医学,北京大学,2006,A5100703332
1627,李术才,A5042107634,original,I154099455,original_gold,480.0,李术才,岩石及裂隙岩体的本构关系及计算技术,山东大学,2006,A5042107634
1628,李盛涛,A5034929846,original,I87445476,original_gold,888.0,李盛涛,工程电介质材料应用基础,西安交通大学,2006,A5034929846
1629,李光耀,A5100338860,original,I16609230,original_gold,212.0,李光耀,塑性加工工艺与装备,湖南大学,2006,A5100338860
1630,李凤民,A5053607334,original,I76214153,original_gold,538.0,李凤民,作物栽培学,兰州大学,2006,A5053607334
1631,李宝军,A5036975470,original,I157773358,original_gold,529.0,李宝军,无源器件,中山大学,2006,A5036975470
1632,黎书华,A5100629308,original,I881766915,original_gold,717.0,黎书华,量子化学,南京大学,2006,A5100629308
1633,康九红,A5088327696,original,I116953780,original_gold,163.0,康九红,细胞生物学及发育生物学,同济大学,2006,A5088327696
1634,瞿礼嘉,A5072495806,original,I20231570,original_gold,167.0,瞿礼嘉,植物激素、生长发育及生殖生理,北京大学,2006,A5072495806
1635,金芝,A5049100391,original,I4210120485,original_gold,531.0,金芝,软件方法学,中国科学院数学与系统科学研究院,2006,A5049100391
1636,金力,A5100364769,original,I24943067,original_gold,4309.0,金力,遗传学,复旦大学,2006,A5100364769
1637,蒋锡群,A5071573941,original,I881766915,original_gold,261.0,蒋锡群,生物医用高分子材料,南京大学,2006,A5071573941
1638,蒋澄宇,A5065179368,original,I200296433,original_gold,253.0,蒋澄宇,生物化学和分子生物学,中国医学科学院,2006,A5065179368
1639,姜保国,A5039231852,original,I20231570,original_gold,357.0,姜保国,骨外科学,北京大学,2006,A5039231852
1640,江莞,A5101467641,original,I181326427,original_gold,251.0,江莞,粉末成形与烧结技术,东华大学,2006,A5101467641
1641,江焕峰,A5034933969,original,I90610280,original_gold,1165.0,江焕峰,有机合成,华南理工大学,2006,A5034933969
1642,季峻峰,A5064196251,original,I881766915,original_gold,347.0,季峻峰,环境地球化学与生物地球化学,南京大学,2006,A5064196251
1643,黄志力,A5042514704,original,I24943067,original_gold,257.0,黄志力,系统神经生物学,复旦大学,2006,A5042514704
1644,黄云清,A5114049559,original,I4610292,original_gold,329.0,黄云清,偏微分方程数值计算,湘潭大学,2006,A5114049559
1645,黄永锋,A5100768896,original,I881766915,original_gold,505.0,黄永锋,恒星物理与星际物质,南京大学,2006,A5100768896
1646,黄薇,A5100352881,original,,original_gold,5909.0,黄薇,医学遗传学及遗传病,上海人类基因组研究中心,2006,A5100352881
1647,黄如,A5062886480,original,I20231570,original_gold,796.0,黄如,集成电路工艺研究(包括C A M),北京大学,2006,A5062886480
1648,黄明东,A5025110808,original,I4210119098,original_gold,224.0,黄明东,分子生物物理,中国科学院福建物质结构研究所,2006,A5025110808
1649,黄丰,A5011775041,original,I4210119098,original_gold,420.0,黄丰,无机非金属类光电信息与功能材料,中国科学院福建物质结构研究所,2006,A5011775041
1650,黄传真,A5062564835,original,I154099455,original_gold,362.0,黄传真,切削、磨削加工工艺与装备,山东大学,2006,A5062564835
1651,胡刚,A5061043888,original,I83519826,original_gold,457.0,胡刚,神经精神药物药理学,南京医科大学,2006,A5061043888
1652,贺克斌,A5013221837,original,I99065089,original_gold,686.0,贺克斌,环境化学,清华大学,2006,A5013221837
1653,何赛灵,A5049549826,original,I76130692,original_gold,1718.0,何赛灵,光电子器件,浙江大学,2006,A5049549826
1654,何陵辉,A5009261446,original,I126520041,original_gold,178.0,何陵辉,新型材料的力学问题,中国科学技术大学,2006,A5009261446
1655,何红建,A5019550093,original,I99065089,original_gold,163.0,何红建,对称性及对称破缺,清华大学,2006,A5019550093
1656,郝京诚,A5081628033,original,I154099455,original_gold,685.0,郝京诚,胶体与界面化学,山东大学,2006,A5081628033
1657,郭红卫,A5086536116,original,I20231570,original_gold,168.0,郭红卫,植物激素、生长发育及生殖生理,北京大学,2006,A5086536116
1658,龚启勇,A5058853115,original,I24185976,original_gold,1285.0,龚启勇,放射诊断学,四川大学,2006,A5058853115
1659,葛全胜,A5090171702,original,I4210160793,original_gold,514.0,葛全胜,综合自然地理学,中国科学院地理科学与资源研究所,2006,A5090171702
1660,高峰,A5100729278,original,,original_gold,872.0,高峰,病理生理学,中国人民解放军第四军医大学,2006,A5100729278
1661,冯钰锜,A5040331037,original,I37461747,original_gold,753.0,冯钰锜,液相色谱,武汉大学,2006,A5040331037
1662,房静远,A5005496208,original,I183067930,original_gold,652.0,房静远,消化系统内科学,上海交通大学,2006,A5005496208
1663,范宏瑞,A5004284446,original,I4210126061,original_gold,211.0,范宏瑞,矿床学,中国科学院地质与地球物理研究所,2006,A5004284446
1664,董金堂,A5066140107,original,I205237279,original_gold,433.0,董金堂,肿瘤病理学,南开大学,2006,A5066140107
1665,丁林,A5100449520,original,I4210141476,original_gold,1072.0,丁林,构造地质学,中国科学院青藏高原研究所,2006,A5100449520
1666,戴建武,A5034242409,original,I4210124606,original_gold,287.0,戴建武,生物材料,中国科学院遗传与发育生物学研究所,2006,A5034242409
1667,崔华,A5068084215,original,I126520041,original_gold,448.0,崔华,分子发射光谱(包括荧光光谱、磷光光谱和化学发光),中国科学技术大学,2006,A5068084215
1668,陈忠宁,A5100420371,original,I4210119098,original_gold,859.0,陈忠宁,配位化学,中国科学院福建物质结构研究所,2006,A5100420371
1669,陈涌海,A5078209262,original,I4210149211,original_gold,183.0,陈涌海,半导体异质结构(包括SOI、SOS材料),中国科学院半导体研究所,2006,A5078209262
1670,陈永明,A5100428820,original,I4210155088,original_gold,552.0,陈永明,高分子合成,中国科学院化学研究所,2006,A5100428820
1671,陈学新,A5027004707,original,I76130692,original_gold,404.0,陈学新,动物分类学,浙江大学,2006,A5027004707
1672,陈启军,A5073789459,original,I194450716,original_gold,427.0,陈启军,畜牧、兽医学,吉林大学,2006,A5073789459
1673,陈猛,A5100357847,original,I24943067,original_gold,723.0,陈猛,代数几何,复旦大学,2006,A5100357847
1674,陈良标,A5032598180,original,I4210124606,original_gold,209.0,陈良标,动物进化和动物遗传学,中国科学院遗传与发育生物学研究所,2006,A5032598180
1675,陈坚,A5100326500,original,I111599522,original_gold,586.0,陈坚,生物化工与食品化工,江南大学,2006,A5100326500
1676,陈国权,A5102938740,original,I99065089,original_gold,126.0,陈国权,企业人力资源管理,清华大学,2006,A5102938740
1677,陈大岳,A5068022320,original,I20231570,original_gold,142.0,陈大岳,马氏过程,北京大学,2006,A5068022320
1678,陈传峰,A5054073596,original,I4210155088,original_gold,833.0,陈传峰,新化合物和复杂化合物的设计与合成,中国科学院化学研究所,2006,A5054073596
1679,陈斌,A5100427314,original,I20231570,original_gold,606.0,陈斌,岩石学,北京大学,2006,A5100427314
1680,陈标华,A5059808079,original,I75390827,original_gold,519.0,陈标华,化学工程及工业化学,北京化工大学,2006,A5059808079
1681,白重恩,A5111502834,original,I99065089,original_gold,132.0,白重恩,财税管理与政策,清华大学,2006,A5111502834
1682,安黎哲,A5101568715,original,I76214153,original_gold,211.0,安黎哲,个体生态学及生理生态学,兰州大学,2006,A5101568715
1683,左景林,A5057154243,original,I881766915,original_gold,1237.0,左景林,配位化学,南京大学,2007,A5057154243
1684,朱茂炎,A5044191362,original,I4210103797,original_gold,236.0,朱茂炎,古生物学(含古人类学),中国科学院南京地质古生物研究所,2007,A5044191362
1685,周磊,A5100674991,original,I24943067,original_gold,585.0,周磊,功能光学材料,复旦大学,2007,A5100674991
1686,周国逸,A5053733957,original,I4210120696,original_gold,20.0,周国逸,群落与系统生态学,中国科学院华南植物园,2007,A5053733957
1687,周创兵,A5100659604,original,I37461747,original_gold,228.0,周创兵,岩土力学及地基基础,武汉大学,2007,A5100659604
1688,仲崇立,A5009527477,original,I75390827,original_gold,377.0,仲崇立,热力学理论模型和分子系统的计算机模拟,北京化工大学,2007,A5009527477
1689,郑世军,A5110036523,original,I52158045,original_gold,98.0,郑世军,兽医传染病学,中国农业大学,2007,A5110036523
1690,郑鹏生,A5101783459,original,I87445476,original_gold,116.0,郑鹏生,妇科学,西安交通大学,2007,A5101783459
1691,赵要风,A5101953702,original,I52158045,original_gold,455.0,赵要风,遗传育种学,中国农业大学,2007,A5101953702
1692,赵明辉,A5008236609,original,I20231570,original_gold,741.0,赵明辉,泌尿系统内科学,北京大学,2007,A5008236609
1693,章璞,A5100425978,original,I183067930,original_gold,220.0,章璞,代数学,上海交通大学,2007,A5100425978
1694,张寅平,A5074537805,original,I99065089,original_gold,76.0,张寅平,工程热物理与其它领域交叉,清华大学,2007,A5074537805
1695,张旭,A5100437302,original,I2802939634,original_gold,621.0,张旭,泌尿外科学,中国人民解放军总医院,2007,A5100437302
1696,张晓,A5100320883,original,I4210120485,original_gold,766.0,张晓,引力场论的经典理论与量子理论,中国科学院数学与系统科学研究院,2007,A5100320883
1697,张文浩,A5100417592,original,I4210158097,original_gold,386.0,张文浩,作物营养学,中国科学院植物研究所,2007,A5100417592
1698,张卫东,A5100428737,original,I177933477,original_gold,1544.0,张卫东,中药化学,中国人民解放军第二军医大学,2007,A5100428737
1699,张双南,A5024665846,original,I4210137180,original_gold,915.0,张双南,空间天文,中国科学院高能物理研究所,2007,A5024665846
1700,张清炯,A5049984586,original,I157773358,original_gold,367.0,张清炯,眼科学,中山大学,2007,A5049984586
1701,张立新,A5100427821,original,I4210158097,original_gold,1156.0,张立新,光合作用及固氮,中国科学院植物研究所,2007,A5100427821
1702,张立群,A5100457313,original,I75390827,original_gold,2047.0,张立群,橡胶(弹性体),北京化工大学,2007,A5100457313
1703,张靖,A5115589370,original,I181877577,original_gold,1085.0,张靖,量子光学,山西大学,2007,A5115589370
1704,张锦,A5115589370,original,I20231570,original_gold,1085.0,张锦,表面结构,北京大学,2007,A5115589370
1705,张宏冰,A5100656977,original,I4405261629,original_gold,284.0,张宏冰,实验肿瘤学,中国医学科学院基础医学研究所,2007,A5100656977
1706,张广照,A5091201988,original,I90610280,original_gold,382.0,张广照,高分子物理及高分子物理化学,华南理工大学,2007,A5091201988
1707,张大兵,A5101447281,original,I183067930,original_gold,263.0,张大兵,作物遗传育种学,上海交通大学,2007,A5101447281
1708,袁小平,A5018005349,original,I24943067,original_gold,133.0,袁小平,动力系统,复旦大学,2007,A5018005349
1709,余孝其,A5043050875,original,I24185976,original_gold,699.0,余孝其,仿生及模拟酶,四川大学,2007,A5043050875
1710,余聪,A5043275971,original,I25254941,original_gold,250.0,余聪,认知心理学,北京师范大学,2007,A5043275971
1711,于扬,A5100703659,original,I881766915,original_gold,473.0,于扬,与凝聚态物理有关的交叉学科,南京大学,2007,A5100703659
1712,于海斌,A5100383565,original,I142078773,original_gold,490.0,于海斌,工程系统与控制,中国科学院沈阳自动化研究所,2007,A5100383565
1713,尹芝南,A5077290418,original,I205237279,original_gold,309.0,尹芝南,免疫学,南开大学,2007,A5077290418
1714,杨银堂,A5100402361,original,I149594827,original_gold,905.0,杨银堂,集成电路设计(包括CAD),西安电子科技大学,2007,A5100402361
1715,杨维慎,A5001301417,original,I180585399,original_gold,895.0,杨维慎,催化,中国科学院大连化学物理研究所,2007,A5001301417
1716,杨庆山,A5046950855,original,I21193070,original_gold,592.0,杨庆山,钢结构与空间结构,北京交通大学,2007,A5046950855
1717,杨金民,A5072670647,original,I4210125404,original_gold,430.0,杨金民,非标准模型及其唯象学,中国科学院理论物理研究所,2007,A5072670647
1718,杨国昱,A5052567771,original,I4210119098,original_gold,1706.0,杨国昱,无机合成和制备化学,中国科学院福建物质结构研究所,2007,A5052567771
1719,杨顶辉,A5046236371,original,I99065089,original_gold,160.0,杨顶辉,地震学,清华大学,2007,A5046236371
1720,杨春和,A5102907941,original,I158842170,original_gold,536.0,杨春和,化石能源储存与输送,重庆大学,2007,A5102907941
1721,杨百寅,A5063725736,original,I99065089,original_gold,121.0,杨百寅,企业文化,清华大学,2007,A5063725736
1722,许执恒,A5021223600,original,I4210124606,original_gold,225.0,许执恒,生物化学和分子生物学,中国科学院遗传与发育生物学研究所,2007,A5021223600
1723,徐璎,A5020171946,original,I881766915,original_gold,429.0,徐璎,细胞生物学及发育生物学,南京大学,2007,A5020171946
1724,徐学敏,A5013977026,original,I183067930,original_gold,111.0,徐学敏,传热传质学,上海交通大学,2007,A5013977026
1725,徐富强,A5115076486,original,I4210099135,original_gold,231.0,徐富强,感觉系统神经生物学,中国科学院武汉物理与数学研究所,2007,A5115076486
1726,徐福留,A5030631856,original,I20231570,original_gold,202.0,徐福留,污染物表生行为及环境效应,北京大学,2007,A5030631856
1727,徐春祥,A5062308190,original,I76569877,original_gold,391.0,徐春祥,半导体材料物理,东南大学,2007,A5062308190
1728,熊利泽,A5056774831,original,,original_gold,410.0,熊利泽,麻醉学,中国人民解放军第四军医大学,2007,A5056774831
1729,熊立仲,A5054764202,original,I204823248,original_gold,182.0,熊立仲,作物遗传育种学,华中农业大学,2007,A5054764202
1730,邢献然,A5101516804,original,I92403157,original_gold,596.0,邢献然,冶金物理化学与冶金原理,北京科技大学,2007,A5101516804
1731,谢兆雄,A5100783934,original,I191208505,original_gold,413.0,谢兆雄,结构化学,厦门大学,2007,A5100783934
1732,谢东,A5100636144,original,I4210106477,original_gold,437.0,谢东,生物化学和分子生物学,中国科学院上海生命科学研究院,2007,A5100636144
1733,谢代前,A5066544142,original,I881766915,original_gold,380.0,谢代前,分子动态学,南京大学,2007,A5066544142
1734,肖文交,A5064936522,original,I4210126061,original_gold,652.0,肖文交,大地构造学,中国科学院地质与地球物理研究所,2007,A5064936522
1735,席光,A5053425115,original,I87445476,original_gold,250.0,席光,流体机械,西安交通大学,2007,A5053425115
1736,吴一戎,A5100560808,original,I4210110458,original_gold,231.0,吴一戎,探测和成象技术,中国科学院电子学研究所,2007,A5100560808
1737,吴明卫,A5038273574,original,I126520041,original_gold,90.0,吴明卫,凝聚态物质中的电子输运,中国科学技术大学,2007,A5038273574
1738,吴立新,A5037725720,original,I59028903,original_gold,495.0,吴立新,物理海洋学,中国海洋大学,2007,A5037725720
1739,吴吉春,A5036442264,original,I881766915,original_gold,446.0,吴吉春,水文地质学,南京大学,2007,A5036442264
1740,韦世强,A5022378112,original,I126520041,original_gold,450.0,韦世强,核技术及其应用,中国科学技术大学,2007,A5022378112
1741,王沿东,A5100696370,original,I9224756,original_gold,848.0,王沿东,金属材料的力学行为,东北大学,2007,A5100696370
1742,王训,A5100333868,original,I99065089,original_gold,754.0,王训,无机化学,清华大学,2007,A5100333868
1743,王雪华,A5082358939,original,I157773358,original_gold,387.0,王雪华,光在非均匀介质中的传播,中山大学,2007,A5082358939
1744,王秀杰,A5014027635,original,I4210124606,original_gold,277.0,王秀杰,遗传学,中国科学院遗传与发育生物学研究所,2007,A5014027635
1745,王向斌,A5016438781,original,I99065089,original_gold,336.0,王向斌,光学和光电子学,清华大学,2007,A5016438781
1747,王伟,A5100391883,original,I47720641,original_gold,2375.0,王伟,神经病学,华中科技大学,2007,A5100391883
1748,王树,A5100335449,original,I4210155088,original_gold,922.0,王树,光化学,中国科学院化学研究所,2007,A5100335449
1749,王启华,A5100603433,original,I4210120485,original_gold,429.0,王启华,应用统计中的基础性工作,中国科学院数学与系统科学研究院,2007,A5100603433
1750,王平,A5100338632,original,I76130692,original_gold,1968.0,王平,传感技术及其系统,浙江大学,2007,A5100338632
1751,王俊,A5084169778,original,,original_gold,4150.0,王俊,生物化学和分子生物学,深圳华大生命科学研究院,2007,A5084169778
1752,王建华,A5040532558,original,I9224756,original_gold,1896.0,王建华,光谱分析,东北大学,2007,A5040532558
1753,王戟,A5100386450,original,I170215575,original_gold,1456.0,王戟,软件工程学,中国人民解放军国防科技大学,2007,A5100386450
1754,王高峰,A5114929531,original,I37461747,original_gold,593.0,王高峰,集成电路设计(包括CAD),武汉大学,2007,A5114929531
1755,汪昌云,A5085664371,original,I78988378,original_gold,473.0,汪昌云,资本市场管理,中国人民大学,2007,A5085664371
1756,万宝年,A5073586088,original,I2802624667,original_gold,435.0,万宝年,等离子体的加热、约束和辐射,中国科学院合肥物质科学研究院,2007,A5073586088
1757,唐波,A5100679233,original,I28006308,original_gold,1555.0,唐波,分子发射光谱(包括荧光光谱、磷光光谱和化学发光),山东师范大学,2007,A5100679233
1758,谭宁华,A5059256419,original,I13850615,original_gold,288.0,谭宁华,药物化学(含天然药物化学),中国科学院昆明植物研究所,2007,A5059256419
1759,谭民,A5024708104,original,I4210112150,original_gold,944.0,谭民,机器人学及机器人技术,中国科学院自动化研究所,2007,A5024708104
1760,孙立宁,A5103061771,original,I204983213,original_gold,510.0,孙立宁,微系统装配与集成,哈尔滨工业大学,2007,A5103061771
1761,孙传清,A5048364707,original,I52158045,original_gold,117.0,孙传清,作物品种资源学,中国农业大学,2007,A5048364707
1762,苏开乐,A5037325282,original,I20231570,original_gold,226.0,苏开乐,计算机科学技术的基础理论,北京大学,2007,A5037325282
1763,宋卫国,A5069714161,original,I4210155088,original_gold,568.0,宋卫国,其他,中国科学院化学研究所,2007,A5069714161
1764,史宇光,A5017441842,original,I20231570,original_gold,104.0,史宇光,流形上的分析,北京大学,2007,A5017441842
1765,史庆华,A5024812824,original,I126520041,original_gold,354.0,史庆华,细胞遗传学,中国科学技术大学,2007,A5024812824
1766,邱介山,A5052910310,original,I27357992,original_gold,833.0,邱介山,煤化工,大连理工大学,2007,A5052910310
1767,秦庆,A5100760357,annotation,I4210137180,annotation_llm,119.0,秦庆,加速器原理和关键技术,中国科学院高能物理研究所,2007,
1768,秦启伟,A5003176186,original,I4210103685,original_gold,190.0,秦启伟,水产保护学,中国科学院南海海洋研究所,2007,A5003176186
1769,乔红,A5026688050,original,I4210112150,original_gold,476.0,乔红,机器人学及机器人技术,中国科学院自动化研究所,2007,A5026688050
1770,钱列加,A5086127037,original,I24943067,original_gold,230.0,钱列加,激光,复旦大学,2007,A5086127037
1771,彭孝军,A5048804551,original,I27357992,original_gold,770.0,彭孝军,精细有机化工(染料、涂料、感光剂、粘合剂与日用化工等),大连理工大学,2007,A5048804551
1772,裴端卿,A5030110992,original,I2802148028,original_gold,421.0,裴端卿,细胞增长、分裂与分化,中国科学院广州生物医药与健康研究院,2007,A5030110992
1773,潘复生,A5035811517,original,I158842170,original_gold,1700.0,潘复生,材料制备加工科学与工程,重庆大学,2007,A5035811517
1774,牛荻涛,A5049428318,original,I148099405,original_gold,257.0,牛荻涛,结构工程,西安建筑科技大学,2007,A5049428318
1775,宁光,A5069611208,original,I183067930,original_gold,873.0,宁光,内分泌学及代谢病,上海交通大学,2007,A5069611208
1776,南发俊,A5057836445,original,I4210112820,original_gold,177.0,南发俊,药物化学(含天然药物化学),中国科学院上海药物研究所,2007,A5057836445
1777,苗长兴,A5111431605,original,I4210145278,original_gold,209.0,苗长兴,偏微分方程,北京应用物理与计算数学研究所,2007,A5111431605
1778,孟庆波,A5078300149,original,I4210159876,original_gold,355.0,孟庆波,电化学,中国科学院物理研究所,2007,A5078300149
1779,毛宗万,A5046955595,original,I157773358,original_gold,534.0,毛宗万,生物无机化学,中山大学,2007,A5046955595
1780,吕昭平,A5078657592,original,I92403157,original_gold,255.0,吕昭平,非晶态金属材料,北京科技大学,2007,A5078657592
1781,罗胜联,A5042504185,original,I16609230,original_gold,509.0,罗胜联,环境工程,湖南大学,2007,A5042504185
1782,陆日宇,A5101912692,original,I4210152758,original_gold,243.0,陆日宇,气候学,中国科学院大气物理研究所,2007,A5101912692
1783,陆全明,A5062755273,original,I126520041,original_gold,436.0,陆全明,空间物理,中国科学技术大学,2007,A5062755273
1785,卢仲毅,A5082102844,original,I78988378,original_gold,245.0,卢仲毅,电子态,中国人民大学,2007,A5082102844
1786,卢磊,A5109837755,original,I4210126304,original_gold,160.0,卢磊,纳米金属材料,中国科学院金属研究所,2007,A5109837755
1787,卢从明,A5052560084,original,I4210158097,original_gold,139.0,卢从明,作物生理学,中国科学院植物研究所,2007,A5052560084
1788,隆克平,A5029384171,original,I150229711,original_gold,537.0,隆克平,通信网,电子科技大学,2007,A5029384171
1789,刘玉乐,A5086770052,original,I99065089,original_gold,221.0,刘玉乐,植物病毒,清华大学,2007,A5086770052
1790,刘益春,A5100658559,original,I184983240,original_gold,1158.0,刘益春,发光及显示材料,东北师范大学,2007,A5100658559
1791,刘双江,A5009810201,original,I4210134982,original_gold,334.0,刘双江,微生物学,中国科学院微生物研究所,2007,A5009810201
1792,刘少军,A5109980027,original,I173759888,original_gold,390.0,刘少军,水产基础科学,湖南师范大学,2007,A5109980027
1793,刘立波,A5032269255,original,I4210126061,original_gold,886.0,刘立波,电离层物理学,中国科学院地质与地球物理研究所,2007,A5032269255
1794,刘俊秋,A5100655246,original,I194450716,original_gold,343.0,刘俊秋,高分子化学,吉林大学,2007,A5100655246
1795,刘杰,A5100454174,original,I4210145278,original_gold,2226.0,刘杰,经典物理学和量子理论,北京应用物理与计算数学研究所,2007,A5100454174
1796,刘建全,A5031851632,original,I76214153,original_gold,513.0,刘建全,植物系统发育与演化,兰州大学,2007,A5031851632
1797,刘福来,A5082303554,original,I4210126061,original_gold,487.0,刘福来,岩石学,中国地质科学院地质研究所,2007,A5082303554
1798,刘冬生,A5100440910,original,I99065089,original_gold,321.0,刘冬生,物理化学,清华大学,2007,A5100440910
1799,练继建,A5084478032,original,I162868743,original_gold,287.0,练继建,工程水力学的理论、试验及原型观测技术,天津大学,2007,A5084478032
1800,厉力华,A5100440657,original,I50760025,original_gold,443.0,厉力华,生物信息检测与诊断系统,杭州电子科技大学,2007,A5100440657
1801,李彦,A5100380336,original,I4210103115,original_gold,1355.0,李彦,生物地理学,中国科学院新疆生态与地理研究所,2007,A5100380336
1802,李昕欣,A5100342841,original,I4210147322,original_gold,827.0,李昕欣,半导体敏感器件和半导体传感器,中国科学院上海微系统与信息技术研究所,2007,A5100342841
1803,李来庚,A5050460348,original,I4210106477,original_gold,115.0,李来庚,林学,中国科学院上海生命科学研究院,2007,A5050460348
1804,李建东,A5004181029,original,I149594827,original_gold,779.0,李建东,通信网,西安电子科技大学,2007,A5004181029
1805,李长久,A5100357435,original,I87445476,original_gold,927.0,李长久,金属材料表面的材料科学问题,西安交通大学,2007,A5100357435
1806,李爱群,A5100747455,original,I76569877,original_gold,168.0,李爱群,结构健康监测,东南大学,2007,A5100747455
1807,雷明凯,A5103898046,original,I27357992,original_gold,12.0,雷明凯,机械表面效应与表面技术,大连理工大学,2007,A5103898046
1808,孔德领,A5024268530,original,I205237279,original_gold,319.0,孔德领,生物材料,南开大学,2007,A5024268530
1809,鞠平,A5056099862,annotation,I163340411,annotation_llm,330.0,鞠平,电力系统,河海大学,2007,
1810,金岩,A5023969203,original,,original_gold,484.0,金岩,口腔医学,中国人民解放军第四军医大学,2007,A5023969203
1811,姜伟,A5009452553,original,I4210092888,original_gold,771.0,姜伟,高分子材料结构与性能,中国科学院长春应用化学研究所,2007,A5009452553
1812,姜涛,A5100678341,original,I139660479,original_gold,741.0,姜涛,矿物工程与物质分离科学,中南大学,2007,A5100678341
1813,霍启升,A5113665470,original,I194450716,original_gold,395.0,霍启升,无机合成和制备化学,吉林大学,2007,A5113665470
1814,黄晓军,A5037029781,original,I20231570,original_gold,2119.0,黄晓军,血液与淋巴系统内科学,北京大学,2007,A5037029781
1815,黄霞,A5006623989,original,I99065089,original_gold,789.0,黄霞,环境工程,清华大学,2007,A5006623989
1816,黄建平,A5059939272,original,I76214153,original_gold,801.0,黄建平,大气科学,兰州大学,2007,A5059939272
1817,黄河清,A5101722174,original,I4210160793,original_gold,150.0,黄河清,地貌学,中国科学院地理科学与资源研究所,2007,A5101722174
1818,华中生,A5030749617,original,I126520041,original_gold,222.0,华中生,运筹与管理,中国科学技术大学,2007,A5030749617
1819,华林,A5100393800,original,I196699116,original_gold,495.0,华林,塑性加工工艺与装备,武汉理工大学,2007,A5100393800
1820,胡祥培,A5048603159,original,I27357992,original_gold,141.0,胡祥培,管理信息系统与决策支持系统,大连理工大学,2007,A5048603159
1821,胡文平,A5059710195,original,I4210155088,original_gold,1330.0,胡文平,有机高分子功能材料,中国科学院化学研究所,2007,A5059710195
1822,胡红波,A5065541374,original,I4210137180,original_gold,299.0,胡红波,宇宙射线和超高能现象,中国科学院高能物理研究所,2007,A5065541374
1823,胡春宏,A5100624575,original,I4210092032,original_gold,269.0,胡春宏,河流、海岸动力学及泥沙研究,中国水利水电科学研究院,2007,A5100624575
1824,何建军,A5083359166,original,I76130692,original_gold,534.0,何建军,光电子器件,浙江大学,2007,A5083359166
1825,何宏平,A5100382853,original,I3018690959,original_gold,655.0,何宏平,矿物学,中国科学院广州地球化学研究所,2007,A5100382853
1826,郝郑平,A5108059995,original,I4210144289,original_gold,374.0,郝郑平,污染控制化学,中国科学院生态环境研究中心,2007,A5108059995
1827,韩旭,A5100729784,original,I16609230,original_gold,785.0,韩旭,计算固体力学,湖南大学,2007,A5100729784
1828,韩杰才,A5077039310,original,I204983213,original_gold,398.0,韩杰才,复合材料力学,哈尔滨工业大学,2007,A5077039310
1829,过敏意,A5039318240,original,I183067930,original_gold,732.0,过敏意,计算机网络与分布式计算系统,上海交通大学,2007,A5039318240
1830,郭林,A5100629809,original,I82880672,original_gold,826.0,郭林,无机非金属类光电信息与功能材料,北京航空航天大学,2007,A5100629809
1831,管又飞,A5010558103,original,I20231570,original_gold,301.0,管又飞,病理生理学,北京大学,2007,A5010558103
1832,顾宁,A5012421463,original,I76569877,original_gold,983.0,顾宁,分子电子学,东南大学,2007,A5012421463
1833,龚六堂,A5112116095,original,I20231570,original_gold,111.0,龚六堂,宏观管理与政策,北京大学,2007,A5112116095
1834,耿美玉,A5061074781,original,I59028903,original_gold,537.0,耿美玉,药理学,中国海洋大学,2007,A5061074781
1835,葛均波,A5100758728,original,I24943067,original_gold,1290.0,葛均波,心血管系统内科学,复旦大学,2007,A5100758728
1836,高友鹤,A5109270296,original,I4405261629,original_gold,355.0,高友鹤,生物分子的结构与功能、合成机理及调节过程,中国医学科学院基础医学研究所,2007,A5109270296
1837,高金森,A5027686503,original,I4210162190,original_gold,471.0,高金森,石油化工,中国石油大学(北京),2007,A5027686503
1838,冯起,A5100675875,original,,original_gold,461.0,冯起,综合自然地理学,中国科学院寒区旱区环境与工程研究所,2007,A5100675875
1839,冯露,A5100678075,original,I205237279,original_gold,203.0,冯露,微生物学,南开大学,2007,A5100678075
1840,冯珑珑,A5110177837,original,I2802340896,original_gold,81.0,冯珑珑,星系和类星体,中国科学院紫金山天文台,2007,A5110177837
1841,樊春海,A5006228310,original,I4210123885,original_gold,1130.0,樊春海,电化学分析,中国科学院上海应用物理研究所,2007,A5006228310
1842,丁维新,A5019427263,original,I4210165559,original_gold,172.0,丁维新,土壤化学,中国科学院南京土壤研究所,2007,A5019427263
1843,邓少芝,A5084727263,original,I157773358,original_gold,769.0,邓少芝,无机非金属类光电信息与功能材料,中山大学,2007,A5084727263
1844,戴兰宏,A5112911813,original,I4210157653,original_gold,19.0,戴兰宏,交叉与边缘领域的力学,中国科学院力学研究所,2007,A5112911813
1845,代世峰,A5010913993,original,I4399598474,original_gold,284.0,代世峰,煤田地质学,中国矿业大学(北京),2007,A5010913993
1846,崔春明,A5079798449,original,I205237279,original_gold,488.0,崔春明,金属有机及元素有机化学,南开大学,2007,A5079798449
1847,陈忠,A5100430408,original,I76130692,original_gold,1144.0,陈忠,神经精神药物药理学,浙江大学,2007,A5100430408
1848,陈哲宇,A5101621050,original,I154099455,original_gold,96.0,陈哲宇,细胞神经生物学,山东大学,2007,A5101621050
1850,陈效双,A5102712521,original,I4210135723,original_gold,37.0,陈效双,与光学有关的其他物理问题和交叉学科,中国科学院上海技术物理研究所,2007,A5102712521
1851,陈伟球,A5070983714,original,I76130692,original_gold,832.0,陈伟球,新型材料的力学问题,浙江大学,2007,A5070983714
1852,陈谦明,A5056257750,original,I24185976,original_gold,832.0,陈谦明,口腔内科学,四川大学,2007,A5056257750
1853,陈立群,A5100658217,original,I113940042,original_gold,1019.0,陈立群,动力系统的分岔、混沌,上海大学,2007,A5100658217
1854,陈虹,A5089411227,original,I194450716,original_gold,1559.0,陈虹,控制系统的分析和综合,吉林大学,2007,A5089411227
1855,陈多福,A5056461082,original,I3018690959,original_gold,238.0,陈多福,矿床地球化学(含有机地球化学),中国科学院广州地球化学研究所,2007,A5056461082
1856,车小燕,A5107412896,original,I58200834,original_gold,10.0,车小燕,传染病学,南方医科大学,2007,A5107412896
1857,曹务春,A5025337957,original,,original_gold,391.0,曹务春,流行病学,中国人民解放军军事科学院军事医学研究院,2007,A5025337957
1858,蔡洪滨,A5109485651,original,I20231570,original_gold,89.0,蔡洪滨,企业理论,北京大学,2007,A5109485651
1859,卜文俊,A5058220238,original,I205237279,original_gold,314.0,卜文俊,动物分类学,南开大学,2007,A5058220238
1860,卞修武,A5015235892,original,I151075929,original_gold,489.0,卞修武,肿瘤病理学,中国人民解放军第三军医大学,2007,A5015235892
1861,毕国强,A5037044309,original,I126520041,original_gold,173.0,毕国强,神经生物学,中国科学技术大学,2007,A5037044309
1862,白雪冬,A5077235314,original,I4210159876,original_gold,426.0,白雪冬,无机非金属类光电信息与功能材料,中国科学院物理研究所,2007,A5077235314
1863,郑学军,A5100701855,original,I4610292,original_gold,175.0,郑学军,低维铁电材料的制备、力学表征及其微器件应用,湘潭大学,2008,A5100701855
1864,刘青泉,A5100750212,original,I4210157653,original_gold,253.0,刘青泉,环境流体力学,中国科学院力学研究所,2008,A5100750212
1865,谭文长,A5051278705,original,I20231570,original_gold,143.0,谭文长,生物流体力学,北京大学,2008,A5051278705
1866,朱宗宏,A5081090682,original,I25254941,original_gold,376.0,朱宗宏,宇宙加速膨胀机制与暗能量的观测研究,北京师范大学,2008,A5081090682
1867,王俊贤,A5012764240,original,I126520041,original_gold,273.0,王俊贤,高红移星系、活动星系和X射线背景的观测研究,中国科学技术大学,2008,A5012764240
1868,袁峰,A5077582232,original,I2799714274,original_gold,443.0,袁峰,黑洞吸积理论及其天体物理应用,中国科学院上海天文台,2008,A5077582232
1869,韩晓东,A5100611798,original,I37796252,original_gold,380.0,韩晓东,应力/应变场作用下一维纳米单体材料显微结构与力学等物理性能相关性原位电子显微学研究,北京工业大学,2008,A5100611798
1870,吴飙,A5005679679,original,I20231570,original_gold,674.0,吴飙,超冷原子气体在光晶格中的超流性和输运性质,北京大学,2008,A5005679679
1871,王兵,A5100382568,original,I126520041,original_gold,1023.0,王兵,单分子、量子点等小尺度系统量子现象和量子效应,中国科学技术大学,2008,A5100382568
1872,毛基业,A5102766437,original,I78988378,original_gold,96.0,毛基业,管理信息系统实施过程中的用户行为研究,中国人民大学,2008,A5102766437
1873,张顺明,A5101575413,original,I78988378,original_gold,131.0,张顺明,金融决策理论与行为金融研究,中国人民大学,2008,A5101575413
1874,苏育才,A5005547731,original,I126520041,original_gold,243.0,苏育才,李代数,中国科学技术大学,2008,A5005547731
1875,刘兆理,A5020176677,original,I96852419,original_gold,114.0,刘兆理,临界点理论中若干前沿问题研究,首都师范大学,2008,A5020176677
1876,张伟年,A5019414664,original,I24185976,original_gold,260.0,张伟年,常微分方程与动力系统,四川大学,2008,A5019414664
1877,黄飞敏,A5101996813,original,I4210120485,original_gold,165.0,黄飞敏,非线性双曲守恒律,中国科学院数学与系统科学研究院,2008,A5101996813
1878,胡建勋,A5023613961,original,I157773358,original_gold,43.0,胡建勋,辛拓扑与数学物理,中山大学,2008,A5023613961
1879,葛根年,A5029449317,original,I76130692,original_gold,332.0,葛根年,组合设计理论及其应用,浙江大学,2008,A5029449317
1880,王在华,A5049923295,original,I9842412,original_gold,172.0,王在华,具有记忆特性的振动控制系统及其非线性动力学,南京航空航天大学,2008,A5049923295
1881,卢天健,A5112126661,original,I87445476,original_gold,187.0,卢天健,皮肤组织的生物热力学和疼痛力学,西安交通大学,2008,A5112126661
1882,张向东,A5100680599,original,I25254941,original_gold,547.0,张向东,波在光子晶体及负折射材料中传播的理论和实验研究,北京师范大学,2008,A5100680599
1883,金奎娟,A5015243205,original,I4210159876,original_gold,377.0,金奎娟,氧化物人工结构设计与光电物理研究,中国科学院物理研究所,2008,A5015243205
1884,方海平,A5025624326,original,I4210123885,original_gold,195.0,方海平,理论物理和生物交叉研究,中国科学院上海应用物理研究所,2008,A5025624326
1885,苑长征,A5037013675,original,I4210137180,original_gold,226.0,苑长征,粒子物理实验,中国科学院高能物理研究所,2008,A5037013675
1886,周小红,A5100424245,original,I4210131271,original_gold,206.0,周小红,超重核合成及质子滴线附近镧系核素的奇异衰变谱学研究,中国科学院近代物理研究所,2008,A5100424245
1887,王恩科,A5038626921,original,I40963666,original_gold,185.0,王恩科,高能核物理-RHIC 和 LHC 物理中高横动量现象理论研究,华中师范大学,2008,A5038626921
1888,王占山,A5101505542,original,I116953780,original_gold,672.0,王占山,等离子体诊断,同济大学,2008,A5101505542
1889,李新荣,A5100724565,original,,original_gold,249.0,李新荣,干旱沙区土壤-植被系统修复的生态水文学机理,中国科学院寒区旱区环境与工程研究所,2008,A5100724565
1890,黄巧云,A5072333827,original,I204823248,original_gold,450.0,黄巧云,土壤化学,华中农业大学,2008,A5072333827
1891,岳天祥,A5041058725,original,I4210160793,original_gold,22.0,岳天祥,资源环境模型与系统模拟,中国科学院地理科学与资源研究所,2008,A5041058725
1892,秦伯强,A5058855467,original,I4210134482,original_gold,393.0,秦伯强,浅水湖泊生态系统动力学,中国科学院南京地理与湖泊研究所,2008,A5058855467
1893,汪筱林,A5100395177,original,I4210086287,original_gold,993.0,汪筱林,翼龙和恐龙及其地层学与古环境,中国科学院古脊椎动物与古人类研究所,2008,A5100395177
1894,詹仁斌,A5054909214,original,I4210103797,original_gold,207.0,詹仁斌,奥陶纪生物大辐射的深入研究—以华南为例,中国科学院南京地质古生物研究所,2008,A5054909214
1895,宋述光,A5100439348,original,I20231570,original_gold,221.0,宋述光,岩石学,北京大学,2008,A5100439348
1896,刘晓东,A5100374791,original,I4210159790,original_gold,787.0,刘晓东,古气候模拟,中国科学院地球环境研究所,2008,A5100374791
1897,王岳军,A5018293422,original,I3018690959,original_gold,299.0,王岳军,构造地质学,中国科学院广州地球化学研究所,2008,A5018293422
1898,熊小林,A5040843536,original,I3018690959,original_gold,134.0,熊小林,实验地球化学,中国科学院广州地球化学研究所,2008,A5040843536
1899,冯新斌,A5100679905,original,I4210135735,original_gold,598.0,冯新斌,表生环境中汞的同位素地球化学研究,中国科学院地球化学研究所,2008,A5100679905
1900,汪汉胜,A5048394694,original,I4210105990,original_gold,383.0,汪汉胜,冰后回弹,中国科学院测量与地球物理研究所,2008,A5048394694
1901,张绍东,A5069045234,original,I37461747,original_gold,239.0,张绍东,中高层大气,武汉大学,2008,A5069045234
1902,陈耀,A5064173269,original,I154099455,original_gold,553.0,陈耀,日冕物质抛射的初发及行星际响应,山东大学,2008,A5064173269
1903,马耀明,A5110375487,original,I4210141476,original_gold,583.0,马耀明,青藏高原地气相互作用观测与卫星遥感应用,中国科学院青藏高原研究所,2008,A5110375487
1904,廖宏,A5034727881,original,I4210152758,original_gold,471.0,廖宏,植被、大气化学、气溶胶、气候变化间的相互影响及其环境气候效应,中国科学院大气物理研究所,2008,A5034727881
1905,侯书贵,A5087169565,original,,original_gold,284.0,侯书贵,极地冰川学,中国科学院寒区旱区环境与工程研究所,2008,A5087169565
1906,袁东亮,A5012583757,original,I4210101167,original_gold,152.0,袁东亮,物理海洋,中国科学院海洋研究所,2008,A5012583757
1907,李丹,A5100380810,original,I32574673,original_gold,1085.0,李丹,超分子配位化合物及其集聚体的控制合成,汕头大学,2008,A5100380810
1908,龙腊生,A5100348281,original,I191208505,original_gold,896.0,龙腊生,多金属团簇分子的合成、组装及性能研究,厦门大学,2008,A5100348281
1909,李富友,A5035172100,original,I24943067,original_gold,454.0,李富友,发光材料在生化检测和生物成像中的应用研究,复旦大学,2008,A5035172100
1910,毛江高,A5067464005,original,I4210119098,original_gold,1079.0,毛江高,新型无机二阶非线性光学晶体的设计与合成,中国科学院福建物质结构研究所,2008,A5067464005
1911,秦勇,A5088716214,original,I24185976,original_gold,812.0,秦勇,具有重要生理活性的天然产物全合成,四川大学,2008,A5088716214
1912,胡金波,A5047649448,original,I4210112946,original_gold,488.0,胡金波,导向选择性含氟物质合成的有机氟化学研究,中国科学院上海有机化学研究所,2008,A5047649448
1913,余志祥,A5091670837,original,I20231570,original_gold,361.0,余志祥,物理有机化学,北京大学,2008,A5091670837
1914,李艳梅,A5100642931,original,I99065089,original_gold,856.0,李艳梅,多肽化学与生物学,清华大学,2008,A5100642931
1915,于贵,A5100782388,original,I4210155088,original_gold,535.0,于贵,有机光电功能分子的设计、合成及其性能研究,中国科学院化学研究所,2008,A5100782388
1916,夏安东,A5039288632,original,I4210155088,original_gold,193.0,夏安东,凝聚相复杂分子的宏观及单分子水平上的化学反应动力学研究,中国科学院化学研究所,2008,A5039288632
1917,刘智攀,A5023502514,original,I24943067,original_gold,319.0,刘智攀,催化反应理论模拟与预测:从单晶表面反应到复相催化,复旦大学,2008,A5023502514
1918,马晶,A5020347295,original,I881766915,original_gold,574.0,马晶,功能材料的多尺度理论研究,南京大学,2008,A5020347295
1919,刘海超,A5100782473,original,I20231570,original_gold,306.0,刘海超,催化化学,北京大学,2008,A5100782473
1920,任斌,A5100632277,original,I191208505,original_gold,646.0,任斌,针尖增强拉曼光谱和表面增强拉曼光谱,厦门大学,2008,A5100632277
1921,陈贵海,A5100428808,original,I881766915,original_gold,1054.0,陈贵海,分布式网络新技术的研究,南京大学,2008,A5100428808
1922,高会军,A5036684787,original,I204983213,original_gold,800.0,高会军,复杂动态系统的分析与综合,哈尔滨工业大学,2008,A5036684787
1923,张焕水,A5114377900,original,I154099455,original_gold,554.0,张焕水,复杂结构系统鲁棒最优估计与控制的研究及应用,山东大学,2008,A5114377900
1924,李少远,A5041126305,original,I183067930,original_gold,581.0,李少远,混杂系统预测控制性能分析与设计,上海交通大学,2008,A5041126305
1925,房建成,A5058230907,original,I82880672,original_gold,461.0,房建成,导航、制导与传感技术,北京航空航天大学,2008,A5058230907
1926,刘成林,A5100714202,original,I4210112150,original_gold,586.0,刘成林,模式识别理论方法与应用研究,中国科学院自动化研究所,2008,A5100714202
1927,李远清,A5100672536,original,I90610280,original_gold,284.0,李远清,信号的稀疏编码、半监督机器学习及其在脑机接口与脑信号分析中的应用,华南理工大学,2008,A5100672536
1928,陆海,A5015993517,original,I881766915,original_gold,325.0,陆海,III族氮化物功率半导体器件与材料研究,南京大学,2008,A5015993517
1929,刘明,A5100347785,original,I4210119392,original_gold,799.0,刘明,纳米加工与新型半导体器件研究,中国科学院微电子研究所,2008,A5100347785
1930,王伯根,A5016701034,original,I881766915,original_gold,3.0,王伯根,半导体介观系统电子输运特性理论研究及新型量子器件设计,南京大学,2008,A5016701034
1931,夏轲,A5005099065,original,I25254941,original_gold,247.0,夏轲,半导体纳米结构中自旋极化电子输运的研究,北京师范大学,2008,A5005099065
1932,王永生,A5052447620,original,I21193070,original_gold,345.0,王永生,有机无机复合发光显示材料与器件的研究,北京交通大学,2008,A5052447620
1933,程亚,A5100741775,original,I4210135349,original_gold,703.0,程亚,飞秒激光物理及其应用研究,中国科学院上海光学精密机械研究所,2008,A5100741775
1934,罗先刚,A5111579735,original,I4210089040,original_gold,671.0,罗先刚,基于电磁波超衍射极限的远场成像光刻研究,中国科学院光电技术研究所,2008,A5111579735
1935,李越中,A5007100954,original,I154099455,original_gold,308.0,李越中,粘细菌及其细胞行为社会性的进化适应、分子机制及其利用,山东大学,2008,A5007100954
1936,白逢彦,A5111760838,original,I4210134982,original_gold,135.0,白逢彦,酵母菌资源与系统学,中国科学院微生物研究所,2008,A5111760838
1937,母得志,A5056073315,original,I24185976,original_gold,1267.0,母得志,整合素与发育期缺氧缺血脑损伤的修复重建,四川大学,2008,A5056073315
1938,张志珺,A5100388909,original,I76569877,original_gold,473.0,张志珺,临床精神病学和生物精神病学,东南大学,2008,A5100388909
1939,胡静,A5100778832,original,I24185976,original_gold,298.0,胡静,颌面牵张成骨过程中关键血管/骨生长因子的调控研究,四川大学,2008,A5100778832
1940,方向明,A5083873215,original,I76130692,original_gold,350.0,方向明,脓毒症的发病机制与防治,浙江大学,2008,A5083873215
1941,刘强,A5100409479,original,I157773358,original_gold,854.0,刘强,肿瘤学(肿瘤分子靶向治疗),中山大学,2008,A5100409479
1942,谢渭芬,A5101628436,original,I177933477,original_gold,182.0,谢渭芬,肝细胞癌的诱导分化治疗,中国人民解放军第二军医大学,2008,A5101628436
1943,翟琦巍,A5013862966,original,I4210106477,original_gold,109.0,翟琦巍,生物化学与代谢病理学,中国科学院上海生命科学研究院,2008,A5013862966
1944,周军,A5100781212,original,I205237279,original_gold,1096.0,周军,细胞生物学和药理学,南开大学,2008,A5100781212
1945,彭小忠,A5019309501,original,I4405261629,original_gold,377.0,彭小忠,神经发育与神经肿瘤发生的分子机制研究,中国医学科学院基础医学研究所,2008,A5019309501
1946,高翔,A5100658122,original,I881766915,original_gold,1042.0,高翔,运用基因组改造建立小鼠疾病模型及开展分子机理研究,南京大学,2008,A5100658122
1947,安华章,A5005605092,original,I177933477,original_gold,67.0,安华章,免疫调节,中国人民解放军第二军医大学,2008,A5005605092
1948,孙坚原,A5101467649,original,I4210112540,original_gold,50.0,孙坚原,突触活性带蛋白在钙通道-突触囊泡耦合中的作用机制,中国科学院生物物理研究所,2008,A5101467649
1949,罗振革,A5046170093,original,I4210106477,original_gold,97.0,罗振革,发育神经生物学,中国科学院上海生命科学研究院,2008,A5046170093
1950,王海滨,A5101832884,original,I4210167311,original_gold,290.0,王海滨,生殖生理学/早期胚胎发育与着床/Wnt信号通路在胚泡着床和子宫蜕膜反应中的生理作用,中国科学院动物研究所,2008,A5101832884
1951,吕爱平,A5010137467,original,I4210141683,original_gold,98.0,吕爱平,中西医结合基础-疾病证候分类研究,中国中医科学院,2008,A5010137467
1952,常俊标,A5020603394,original,I38877650,original_gold,504.0,常俊标,五味子丙素简化物、同系物的合成及抗病毒活性研究,郑州大学,2008,A5020603394
1953,石建功,A5056424801,original,I200296433,original_gold,281.0,石建功,天然药物化学,中国医学科学院,2008,A5056424801
1954,徐宇虹,A5006058880,original,I183067930,original_gold,206.0,徐宇虹,疫苗的新型靶向输送体系及其机制研究,上海交通大学,2008,A5006058880
1955,镇学初,A5064734707,original,I3923682,original_gold,199.0,镇学初,神经精神药理学研究,苏州大学,2008,A5064734707
1956,朱依谆,A5100721636,original,I24943067,original_gold,53.0,朱依谆,心肌缺血保护药物的分子作用机制,复旦大学,2008,A5100721636
1957,姜远英,A5043734685,original,I177933477,original_gold,259.0,姜远英,脂筏参与白念珠菌耐药性形成的机制研究,中国人民解放军第二军医大学,2008,A5043734685
1958,范英,A5047457262,original,,original_gold,400.0,范英,能源-环境-经济复杂系统中的预测理论方法与应用,中国科学院科技政策与管理科学研究所,2008,A5047457262
1959,马超群,A5019929472,original,I16609230,original_gold,212.0,马超群,管理系统工程,湖南大学,2008,A5019929472
1960,周勇,A5074136896,original,I4210120485,original_gold,613.0,周勇,风险计量经济模型的建模、预测及应用,中国科学院数学与系统科学研究院,2008,A5074136896
1961,李仲飞,A5027224656,original,I157773358,original_gold,201.0,李仲飞,金融资产配置、资产定价与风险管理,中山大学,2008,A5027224656
1962,张卫国,A5100381054,original,I90610280,original_gold,477.0,张卫国,金融工程,华南理工大学,2008,A5100381054
1963,刘明远,A5100635746,original,I194450716,original_gold,192.0,刘明远,旋毛虫与宿主间互作蛋白基因的分离、鉴定及其功能研究,吉林大学,2008,A5100635746
1964,杨汉春,A5049445988,original,I52158045,original_gold,205.0,杨汉春,动物分子病毒学与免疫学,中国农业大学,2008,A5049445988
1965,陈化兰,A5077067683,original,I72212903,original_gold,374.0,陈化兰,H5N1禽流感病毒的表型多样性的分子变异机制研究,中国农业科学院哈尔滨兽医研究所,2008,A5077067683
1966,沈华浩,A5010838342,original,I76130692,original_gold,210.0,沈华浩,呼吸系统疾病,浙江大学,2008,A5010838342
1967,朱依纯,A5100721636,original,I24943067,original_gold,53.0,朱依纯,心血管系统重构的机制及其干预新途径,复旦大学,2008,A5100721636
1968,杜杰,A5100412675,original,I183519381,original_gold,621.0,杜杰,心肌纤维化,首都医科大学,2008,A5100412675
1969,乔杰,A5003517853,original,I20231570,original_gold,1008.0,乔杰,妇科内分泌:应用代谢组学方法研究多囊卵巢综合征,北京大学,2008,A5003517853
1970,张宏,A5100430306,original,I20231570,original_gold,1483.0,张宏,泌尿疾病内科学,北京大学,2008,A5100430306
1971,程涛,A5060867127,original,I200296433,original_gold,834.0,程涛,造血干细胞生物学,中国医学科学院,2008,A5060867127
1972,胡豫,A5074069807,original,I47720641,original_gold,714.0,胡豫,血栓栓塞性疾病的临床与基础研究,华中科技大学,2008,A5074069807
1973,彭金荣,A5043387503,original,I76130692,original_gold,165.0,彭金荣,发育生物学,浙江大学,2008,A5043387503
1974,陈大华,A5010918490,original,I4210167311,original_gold,145.0,陈大华,生殖干细胞命运调控机制,中国科学院动物研究所,2008,A5010918490
1975,应义斌,A5100451640,original,I76130692,original_gold,663.0,应义斌,农产品品质与安全无损检测,浙江大学,2008,A5100451640
1976,李召虎,A5048003366,original,I52158045,original_gold,355.0,李召虎,作物栽培与耕作学,中国农业大学,2008,A5048003366
1977,储成才,A5057264701,original,I4210124606,original_gold,302.0,储成才,农学-稻类作物种质资源和遗传育种,中国科学院遗传与发育生物学研究所,2008,A5057264701
1978,刘永胜,A5100692106,original,I24185976,original_gold,631.0,刘永胜,番茄质体分裂和品质发育的分子调控网络研究,四川大学,2008,A5100692106
1979,吕建雄,A5111580726,original,I4210128615,original_gold,21.0,吕建雄,木材流体与干燥基础科学,中国林业科学研究院,2008,A5111580726
1980,梁萍,A5006460108,original,I2802939634,original_gold,446.0,梁萍,肝脏肿瘤消融治疗的三维医学图像可视化的研究,中国人民解放军总医院,2008,A5006460108
1981,张林琦,A5003336327,original,I99065089,original_gold,341.0,张林琦,医学病毒学,清华大学,2008,A5003336327
1982,周平坤,A5051676738,original,I2802541053,original_gold,403.0,周平坤,放射生物学,中国人民解放军军事医学科学院,2008,A5051676738
1983,陈家旭,A5036550978,original,I17747738,original_gold,452.0,陈家旭,中医诊断学,北京中医药大学,2008,A5036550978
1984,孙宝德,A5100962143,original,I183067930,original_gold,460.0,孙宝德,熔体结构及其加工原理,上海交通大学,2008,A5100962143
1985,张海峰,A5100399680,original,I4210126304,original_gold,688.0,张海峰,块状非晶合金及其复合材料制备的科学基础,中国科学院金属研究所,2008,A5100399680
1986,张宪民,A5101469051,original,I90610280,original_gold,594.0,张宪民,柔顺机构理论及其在精密制造装备中的应用研究,华南理工大学,2008,A5101469051
1987,焦宗夏,A5100317589,original,I82880672,original_gold,496.0,焦宗夏,流体动力控制新技术与理论及其应用研究,北京航空航天大学,2008,A5100317589
1988,路新春,A5010026629,original,I99065089,original_gold,186.0,路新春,极大规模集成电路铜互连平坦化新原理及其应用研究,清华大学,2008,A5010026629
1989,徐西鹏,A5113806816,original,I119045251,original_gold,189.0,徐西鹏,切削、磨削加工工艺与装备,华侨大学,2008,A5113806816
1990,邵新宇,A5001189952,original,I47720641,original_gold,301.0,邵新宇,复杂制造系统运行优化理论及其应用,华中科技大学,2008,A5001189952
1991,邱利民,A5054214875,original,I76130692,original_gold,224.0,邱利民,液氦温区脉管制冷机理研究,浙江大学,2008,A5054214875
1992,徐进良,A5075921871,original,I153473198,original_gold,480.0,徐进良,微纳米尺度流动与传热,华北电力大学,2008,A5075921871
1993,廖强,A5100409446,original,I158842170,original_gold,958.0,廖强,微生物能源转化过程中的多尺度热物理问题研究,重庆大学,2008,A5100409446
1994,李亮,A5100420703,original,I47720641,original_gold,1161.0,李亮,制作工艺和放电过程对磁体极限指标的作用机理,华中科技大学,2008,A5100420703
1995,夏长亮,A5040518217,original,I162868743,original_gold,259.0,夏长亮,大型风力发电机优化设计及运行控制,天津大学,2008,A5040518217
1996,胡洪营,A5073238983,original,I99065089,original_gold,612.0,胡洪营,再生水景观与生态利用的风险产生机制及其控制原理,清华大学,2008,A5073238983
1997,李爱民,A5100382839,original,I881766915,original_gold,463.0,李爱民,化工废水中难生物降解有机污染物的树脂吸附作用机制与技术研究,南京大学,2008,A5100382839
1998,黄茂松,A5100972119,original,I116953780,original_gold,226.0,黄茂松,岩土与基础工程,同济大学,2008,A5100972119
1999,袁寿其,A5070288761,original,I115592961,original_gold,293.0,袁寿其,离心泵基础理论和节能关键技术研究,江苏大学,2008,A5070288761
2000,刘汉龙,A5075413962,original,I163340411,original_gold,438.0,刘汉龙,高土石坝静、动力学特性与应力变形分析,河海大学,2008,A5075413962
2001,廖桂生,A5052210425,original,I149594827,original_gold,663.0,廖桂生,发射多孔径多波形雷达空时自适应处理方法研究,西安电子科技大学,2008,A5052210425
2002,胡卫生,A5015039354,original,I183067930,original_gold,1281.0,胡卫生,新一代光传送网基础研究,上海交通大学,2008,A5015039354
2003,夏明耀,A5036637225,original,I20231570,original_gold,179.0,夏明耀,运动目标的时频响应特征分析与识别方法研究,北京大学,2008,A5036637225
2004,王均宏,A5100741004,original,I21193070,original_gold,447.0,王均宏,基于漏波结构的高速无线链路基础理论与关键技术研究,北京交通大学,2008,A5100741004
2005,尹宝才,A5020527092,original,I37796252,original_gold,613.0,尹宝才,面向中国手语播报的数据压缩与视频编码方法研究,北京工业大学,2008,A5020527092
2006,周昆,A5100722039,original,I76130692,original_gold,961.0,周昆,计算机图形学,浙江大学,2008,A5100722039
2007,胡卫明,A5114549594,original,I4210112150,original_gold,469.0,胡卫明,计算机图像与视频处理,中国科学院自动化研究所,2008,A5114549594
2008,郑庆华,A5041083459,original,I87445476,original_gold,638.0,郑庆华,下一代e-Learning系统的关键理论与技术,西安交通大学,2008,A5041083459
2009,贺跃辉,A5100774148,original,I139660479,original_gold,187.0,贺跃辉,TiAl金属间化合物多孔材料及其应用基础研究,中南大学,2008,A5100774148
2010,彭栋梁,A5069483701,original,I191208505,original_gold,349.0,彭栋梁,纳米粒子组装复合低维功能材料的研究,厦门大学,2008,A5069483701
2011,曹学强,A5101024940,original,I4210092888,original_gold,126.0,曹学强,稀土新能源材料,中国科学院长春应用化学研究所,2008,A5101024940
2012,杨文胜,A5010203778,original,I194450716,original_gold,380.0,杨文胜,生物分离和标记用水溶性纳米粒子的基础与应用研究,吉林大学,2008,A5010203778
2013,姜开利,A5050705379,annotation,I99065089,annotation_llm,330.0,姜开利,碳纳米管和硅纳米线的生长机理、物理性质及应用研究,清华大学,2008,
2014,顾长志,A5100763288,original,I4210159876,original_gold,404.0,顾长志,低维纳电子材料的新奇物性及器件应用研究,中国科学院物理研究所,2008,A5100763288
2015,张文清,A5100340230,original,I4210163874,original_gold,521.0,张文清,计算材料科学与无机复合能量转换材料的微观设计,中国科学院上海硅酸盐研究所,2008,A5100340230
2016,黄云辉,A5021864650,original,I47720641,original_gold,797.0,黄云辉,新型能源材料,华中科技大学,2008,A5021864650
2017,解孝林,A5009065869,original,I47720641,original_gold,290.0,解孝林,聚合物/液晶复合材料,华中科技大学,2008,A5009065869
2018,陈道勇,A5057030431,original,I24943067,original_gold,173.0,陈道勇,聚合物及杂化纳米粒子的结构控制、高级组装及功能化,复旦大学,2008,A5057030431
2019,张晓宏,A5100330119,original,I4210140689,original_gold,1972.0,张晓宏,高效光电转换有机/纳米复合结构的研究,中国科学院理化技术研究所,2008,A5100330119
2020,申有青,A5029767971,original,I76130692,original_gold,731.0,申有青,载体和缓释材料,浙江大学,2008,A5029767971
2021,张所波,A5048850628,original,I4210092888,original_gold,205.0,张所波,芳杂环高分子分离膜材料,中国科学院长春应用化学研究所,2008,A5048850628
2022,王明洋,A5100348323,original,,original_gold,240.0,王明洋,深地下防护工程关键科学问题研究,中国人民解放军理工大学,2008,A5100348323
2023,胡文兵,A5062074869,original,I881766915,original_gold,272.0,胡文兵,高分子结晶的分子理论与模拟,南京大学,2008,A5062074869
2024,孙平川,A5033542063,original,I205237279,original_gold,235.0,孙平川,高分子物理与高分子物理化学,南开大学,2008,A5033542063
2025,梁鑫淼,A5111777557,original,I180585399,original_gold,270.0,梁鑫淼,分析化学,中国科学院大连化学物理研究所,2008,A5111777557
2026,方群,A5051941824,original,I76130692,original_gold,184.0,方群,微流控分析新方法的研究,浙江大学,2008,A5051941824
2027,郭良宏,A5001603792,original,I4210144289,original_gold,216.0,郭良宏,生物分析化学,中国科学院生态环境研究中心,2008,A5001603792
2028,唐惠儒,A5069413008,original,I4210099135,original_gold,315.0,唐惠儒,分析化学(核磁共振波谱技术及应用研究),中国科学院武汉物理与数学研究所,2008,A5069413008
2029,褚良银,A5038707330,original,I24185976,original_gold,312.0,褚良银,环境响应型智能膜材料创新与膜过程强化基础研究,四川大学,2008,A5038707330
2030,董晋湘,A5066064803,original,I9086337,original_gold,650.0,董晋湘,新型层状硅酸盐材料的合成与固体润滑特性研究,太原理工大学,2008,A5066064803
2031,鲍晓军,A5052807800,original,I4210162190,original_gold,213.0,鲍晓军,石油化工,中国石油大学(北京),2008,A5052807800
2032,李和兴,A5052465367,original,I21945476,original_gold,623.0,李和兴,环境净化和污染控制新型功能材料的研究,上海师范大学,2008,A5052465367
2033,沈宝龙,A5042226686,original,I4210165339,original_gold,325.0,沈宝龙,高性能块体非晶纳米晶软磁合金,中国科学院宁波材料技术与工程研究所,2008,A5042226686
2034,徐旭东,A5101449185,original,I4210089584,original_gold,192.0,徐旭东,蓝藻(蓝细菌)分子遗传学,中国科学院水生生物研究所,2008,A5101449185
2035,朱瑞良,A5002643911,original,I66867065,original_gold,260.0,朱瑞良,苔类植物分类和分子系统发育,华东师范大学,2008,A5002643911
2036,黄双全,A5082333059,original,I37461747,original_gold,156.0,黄双全,传粉生物学,武汉大学,2008,A5082333059
2037,白永飞,A5071203879,original,I4210158097,original_gold,262.0,白永飞,草原生态系统生物多样性与生态系统功能的维持机理,中国科学院植物研究所,2008,A5071203879
2038,彩万志,A5023086286,original,I52158045,original_gold,350.0,彩万志,昆虫系统与分类学,中国农业大学,2008,A5023086286
2039,黄勇平,A5112117529,original,I4210106477,original_gold,217.0,黄勇平,蛾类昆虫感受性信息素的分子机理研究,中国科学院上海生命科学研究院,2008,A5112117529
2040,施一公,A5100610126,original,I99065089,original_gold,425.0,施一公,结构生物学,清华大学,2008,A5100610126
2041,常进,A5067343043,original,I2802340896,original_gold,305.0,常进,空间观测暗物质粒子,中国科学院紫金山天文台,2009,A5067343043
2042,殷战,A5100710230,original,I4210089584,original_gold,109.0,殷战,鱼类生长调控的内分泌调控研究,中国科学院水生生物研究所,2009,A5100710230
2043,王根绪,A5007559009,original,I4210124748,original_gold,1912.0,王根绪,高寒草地生态水文学机理与冻土生态水文模拟研究,中国科学院水利部成都山地灾害与环境研究所,2009,A5007559009
2044,陈云飞,A5089727554,original,I76569877,original_gold,845.0,陈云飞,微纳机械传感与控制,东南大学,2009,A5089727554
2045,李京波,A5100690872,original,I4210149211,original_gold,642.0,李京波,半导体掺杂机制和纳米材料的研究,中国科学院半导体研究所,2009,A5100690872
2046,宋宏伟,A5043503667,original,I194450716,original_gold,462.0,宋宏伟,光学和光电子学,吉林大学,2009,A5043503667
2047,张志学,A5059955195,original,I20231570,original_gold,280.0,张志学,组织行为与组织文化,北京大学,2009,A5059955195
2048,郭旭,A5071909231,original,I27357992,original_gold,324.0,郭旭,结构优化,大连理工大学,2009,A5071909231
2049,张卫红,A5100633915,original,I17145004,original_gold,426.0,张卫红,计算固体力学与结构优化,西北工业大学,2009,A5100633915
2050,王清远,A5100450678,original,I24185976,original_gold,1321.0,王清远,实验力学,四川大学,2009,A5100450678
2051,许春晓,A5100418663,original,I99065089,original_gold,530.0,许春晓,湍流相干结构演化模型和减阻控制新方法的研究,清华大学,2009,A5100418663
2052,樊瑜波,A5066943052,original,I82880672,original_gold,1370.0,樊瑜波,生物力学及生物力学工程,北京航空航天大学,2009,A5066943052
2053,杨小虎,A5026311099,original,I2799714274,original_gold,336.0,杨小虎,宇宙大尺度结构和星系的形成及演化,中国科学院上海天文台,2009,A5026311099
2054,周济林,A5005856762,original,I881766915,original_gold,149.0,周济林,天体力学与行星系统动力学,南京大学,2009,A5005856762
2055,吴义政,A5016199365,original,I24943067,original_gold,280.0,吴义政,磁性纳米结构中的磁性调控和自旋输运,复旦大学,2009,A5016199365
2056,王亚愚,A5101426787,original,I99065089,original_gold,252.0,王亚愚,高温超导体的扫描隧道显微学研究,清华大学,2009,A5101426787
2057,王金霞,A5100724854,original,I4210160793,original_gold,212.0,王金霞,水资源管理、制度与政策,中国科学院地理科学与资源研究所,2009,A5100724854
2058,颜立新,A5059859011,original,I157773358,original_gold,156.0,颜立新,调和分析与小波分析,中山大学,2009,A5059859011
2059,肖冬梅,A5041509169,original,I183067930,original_gold,191.0,肖冬梅,微分方程分支理论及其应用,上海交通大学,2009,A5041509169
2060,赵会江,A5076636389,original,I37461747,original_gold,156.0,赵会江,Boltzmann 方程及相关的宏观模型,武汉大学,2009,A5076636389
2061,屈长征,A5102752385,original,I37802460,original_gold,246.0,屈长征,数学物理,西北大学,2009,A5102752385
2062,郭先平,A5101505539,original,I157773358,original_gold,178.0,郭先平,马氏过程与随机最优化,中山大学,2009,A5101505539
2063,李洪波,A5100402176,original,I4210120485,original_gold,372.0,李洪波,从共形几何代数到高级不变量理论,中国科学院数学与系统科学研究院,2009,A5100402176
2064,汤华中,A5101423419,original,I20231570,original_gold,145.0,汤华中,流体力学中的数值计算,北京大学,2009,A5101423419
2065,柳晓军,A5100412713,original,I4210099135,original_gold,827.0,柳晓军,外场原子分子动力学,中国科学院武汉物理与数学研究所,2009,A5100412713
2066,李玉同,A5100349721,original,I4210159876,original_gold,415.0,李玉同,相对论强激光作用下高能粒子束流的产生和传输,中国科学院物理研究所,2009,A5100349721
2067,潘建伟,A5042449260,original,I126520041,original_gold,869.0,潘建伟,量子信息科学,中国科学技术大学,2009,A5042449260
2068,颜永红,A5100425112,original,I4210099069,original_gold,580.0,颜永红,面向语音处理的言语声学数字化建模,中国科学院声学研究所,2009,A5100425112
2069,赵鸿,A5100675711,original,I191208505,original_gold,462.0,赵鸿,复杂系统的动力学与统计物理,厦门大学,2009,A5100675711
2070,郑汉青,A5101095117,original,I20231570,original_gold,75.0,郑汉青,手征动力学与强子物理,北京大学,2009,A5101095117
2071,徐瑚珊,A5102188308,original,I4210131271,original_gold,5.0,徐瑚珊,CSR 上放射性束物理相关研究,中国科学院近代物理研究所,2009,A5102188308
2072,陈峰,A5100352726,original,I154099455,original_gold,1290.0,陈峰,离子注入技术在光电功能材料改性中的应用,山东大学,2009,A5100352726
2073,唐传祥,A5029404686,original,I99065089,original_gold,306.0,唐传祥,低发射度光阴极微波电子枪物理及技术问题研究,清华大学,2009,A5029404686
2074,潘保田,A5066458555,original,I76214153,original_gold,219.0,潘保田,地貌学,兰州大学,2009,A5066458555
2075,陈利顶,A5040634924,original,I4210144289,original_gold,456.0,陈利顶,景观地理学,中国科学院生态环境研究中心,2009,A5040634924
2076,李新,A5100354056,original,,original_gold,1607.0,李新,流域尺度陆面数据同化系统研究,中国科学院寒区旱区环境与工程研究所,2009,A5100354056
2077,张兴亮,A5054078288,original,I37802460,original_gold,211.0,张兴亮,早期生命演化研究,西北大学,2009,A5054078288
2078,张招崇,A5044298413,original,I3125743391,original_gold,303.0,张招崇,基性-超基性岩和地球内部岩浆过程,中国地质大学(北京),2009,A5044298413
2079,杨进辉,A5067142424,original,I4210126061,original_gold,453.0,杨进辉,岩石学,中国科学院地质与地球物理研究所,2009,A5067142424
2080,刘志飞,A5060860214,original,I116953780,original_gold,289.0,刘志飞,南海陆源碎屑沉积物的源区、搬运和沉积,同济大学,2009,A5060860214
2081,曹军骥,A5000320455,original,I4210159790,original_gold,1204.0,曹军骥,黑碳地球化学研究,中国科学院地球环境研究所,2009,A5000320455
2082,姚俊,A5100382929,original,I3124059619,original_gold,1234.0,姚俊,污染物环境生物地球化学行为及地微生物学响应,中国地质大学(武汉),2009,A5100382929
2083,贾永锋,A5057911061,original,I4210110024,original_gold,170.0,贾永锋,典型地表环境砷污染的发生机制与调控方法,中国科学院沈阳应用生态研究所,2009,A5057911061
2084,邓成龙,A5079370041,original,I4210126061,original_gold,331.0,邓成龙,地磁学,中国科学院地质与地球物理研究所,2009,A5079370041
2085,符力耘,A5055711721,annotation,I4210126061,annotation_llm,390.0,符力耘,勘探地震学,中国科学院地质与地球物理研究所,2009,
2086,肖伏良,A5059196329,original,I56934997,original_gold,163.0,肖伏良,径向扩散与波-粒相互作用对辐射带高能粒子的共同加速效应,长沙理工大学,2009,A5059196329
2087,刘屹岷,A5100728987,original,I4210152758,original_gold,262.0,刘屹岷,副热带高压的季节和年际变化研究,中国科学院大气物理研究所,2009,A5100728987
2088,葛茂发,A5113695262,original,I4210155088,original_gold,565.0,葛茂发,大气气溶胶非均相过程研究,中国科学院化学研究所,2009,A5113695262
2089,刘素美,A5100689850,original,I59028903,original_gold,185.0,刘素美,海洋生物地球化学,中国海洋大学,2009,A5100689850
2090,黄邦钦,A5100432861,original,I191208505,original_gold,260.0,黄邦钦,典型海区基于功能群的浮游植物群落结构及其与颗粒有机碳输出的耦合,厦门大学,2009,A5100432861
2091,张献明,A5100741306,original,,original_gold,946.0,张献明,金属簇(链)基功能配位聚合物及配体反应,山西师范大学,2009,A5100741306
2092,郑南峰,A5069825601,original,I191208505,original_gold,622.0,郑南峰,纳米团簇、颗粒及其超结构的化学构建与应用,厦门大学,2009,A5069825601
2093,苏伟平,A5051636973,original,I4210119098,original_gold,433.0,苏伟平,C-H键官能团化反应中的金属催化剂性质研究,中国科学院福建物质结构研究所,2009,A5051636973
2094,燕红,A5100644375,original,I881766915,original_gold,1531.0,燕红,金属有机化学,南京大学,2009,A5100644375
2095,施章杰,A5088063385,original,I20231570,original_gold,413.0,施章杰,有机化学,北京大学,2009,A5088063385
2096,张洪彬,A5100442145,original,I189210763,original_gold,442.0,张洪彬,基于天然产物的生物活性分子设计与合成,云南大学,2009,A5100442145
2097,夏海平,A5049260725,original,I191208505,original_gold,673.0,夏海平,"金属杂芳香化合物的合成方法学,性能与应用研究",厦门大学,2009,A5049260725
2098,杨光富,A5102707897,original,I40963666,original_gold,618.0,杨光富,农药化学,华中师范大学,2009,A5102707897
2099,翁羽翔,A5024753658,original,I4210159876,original_gold,217.0,翁羽翔,光合及人工光合模拟系统超快光谱研究,中国科学院物理研究所,2009,A5024753658
2100,付红兵,A5084762445,original,I4210155088,original_gold,548.0,付红兵,有机低维结构的可控制备及其介观效应的超快光谱研究,中国科学院化学研究所,2009,A5084762445
2101,罗毅,A5057282533,original,I126520041,original_gold,1367.0,罗毅,分子量子结构和电光特性的第一性原理研究,中国科学技术大学,2009,A5057282533
2102,吴鹏,A5018681961,original,I66867065,original_gold,518.0,吴鹏,多相催化,华东师范大学,2009,A5018681961
2103,夏永姚,A5038861319,original,I24943067,original_gold,555.0,夏永姚,高效电化学储能体系的基础研究,复旦大学,2009,A5038861319
2104,马华东,A5121004282,original,I139759216,original_gold,,马华东,网络环境中多媒体计算,北京邮电大学,2009,A5121004282
2105,孙振东,A5083273237,original,I90610280,original_gold,128.0,孙振东,切换线性系统的控制和优化,华南理工大学,2009,A5083273237
2106,郭雷,A5100344279,original,I82880672,original_gold,655.0,郭雷,非高斯与多源干扰系统控制和估计理论及应用研究,北京航空航天大学,2009,A5100344279
2107,陈杰,A5100333005,original,I125839683,original_gold,1224.0,陈杰,复杂陆用武器一体化控制系统的理论、关键技术及应用,北京理工大学,2009,A5100333005
2108,黄强,A5100617912,original,I125839683,original_gold,1000.0,黄强,仿人机器人,北京理工大学,2009,A5100617912
2109,赵德刚,A5082192847,original,I4210149211,original_gold,276.0,赵德刚,GaN基光电子材料与器件的基础问题,中国科学院半导体研究所,2009,A5082192847
2110,张兴,A5100399159,original,I20231570,original_gold,603.0,张兴,硅基纳米尺度新结构器件,北京大学,2009,A5100399159
2111,刘永,A5100724297,original,I150229711,original_gold,1004.0,刘永,新一代光网络中的超高速光信号处理基础研究,电子科技大学,2009,A5100724297
2112,林强,A5108635429,original,I76130692,original_gold,329.0,林强,光学和光电子学,浙江大学,2009,A5108635429
2113,陆培祥,A5100762715,original,I47720641,original_gold,898.0,陆培祥,超快X射线光源及其应用研究,华中科技大学,2009,A5100762715
2114,汪国平,A5100366298,original,I37461747,original_gold,458.0,汪国平,微纳光子器件,武汉大学,2009,A5100366298
2115,姚永刚,A5108051449,original,I18489884,original_gold,390.0,姚永刚,线粒体突变和人类疾病,中国科学院昆明动物研究所,2009,A5108051449
2116,梁廷波,A5115590360,original,I76130692,original_gold,474.0,梁廷波,肝脏移植的临床应用与应用基础研究,浙江大学,2009,A5115590360
2117,熊志奇,A5076737424,original,I4210106477,original_gold,133.0,熊志奇,神经和精神系统疾病,中国科学院上海生命科学研究院,2009,A5076737424
2118,施焕中,A5103144440,original,I47720641,original_gold,142.0,施焕中,肺脏免疫相关性疾病的基础和临床研究,华中科技大学,2009,A5103144440
2119,殷善开,A5022710308,original,I183067930,original_gold,231.0,殷善开,XIAP耳蜗局部转染防治耳聋,上海交通大学,2009,A5022710308
2120,李青峰,A5100349229,original,I183067930,original_gold,573.0,李青峰,整复外科学,上海交通大学,2009,A5100349229
2121,钱其军,A5090394529,original,I177933477,original_gold,220.0,钱其军,肝癌特异性诱导多能干细胞的建立及肝癌发病新机制的研究,中国人民解放军第二军医大学,2009,A5090394529
2122,宋保亮,A5034582366,original,I4210106477,original_gold,163.0,宋保亮,生物化学,中国科学院上海生命科学研究院,2009,A5034582366
2123,王学路,A5067291591,original,I24943067,original_gold,86.0,王学路,油菜素甾醇与脱落酸信号转导途径互作的遗传和分子机制研究,复旦大学,2009,A5067291591
2124,潘俊敏,A5019122793,original,I99065089,original_gold,78.0,潘俊敏,真核细胞鞭毛或纤毛的分子细胞生物学,清华大学,2009,A5019122793
2125,刘小龙,A5100393815,original,I4210106477,original_gold,729.0,刘小龙,免疫学,中国科学院上海生命科学研究院,2009,A5100393815
2126,王韵,A5100377604,original,I20231570,original_gold,1100.0,王韵,感觉系统神经生物学,北京大学,2009,A5100377604
2127,方方,A5100386859,original,I20231570,original_gold,1525.0,方方,物体识别与表征的认知神经机制,北京大学,2009,A5100386859
2128,李蓬,A5100432747,original,I99065089,original_gold,835.0,李蓬,生理学与病理学,清华大学,2009,A5100432747
2129,罗凌飞,A5110295326,original,I142108993,original_gold,112.0,罗凌飞,发育生物学,西南大学,2009,A5110295326
2130,陈道峰,A5067462572,original,I24943067,original_gold,237.0,陈道峰,中药化学,复旦大学,2009,A5067462572
2131,叶阳,A5100402381,original,I4210112820,original_gold,288.0,叶阳,常用传统中药的主要化学物质基础与功效关系规律研究,中国科学院上海药物研究所,2009,A5100402381
2132,李川,A5100404427,original,I4210112820,original_gold,667.0,李川,中药药代动力学,中国科学院上海药物研究所,2009,A5100404427
2133,阿吉艾克拜尔·艾萨,A5016283874,original,I4210106108,original_gold,650.0,阿吉艾克拜尔·艾萨,民族药学,中国科学院新疆理化技术研究所,2009,A5016283874
2134,娄红祥,A5020872682,original,I154099455,original_gold,703.0,娄红祥,苔藓植物化学成分与生物学意义研究,山东大学,2009,A5020872682
2135,车永胜,A5091351560,original,I4210134982,original_gold,217.0,车永胜,特境真菌新结构药物候选化合物研究,中国科学院微生物研究所,2009,A5091351560
2136,胡立宏,A5001424435,original,I4210112820,original_gold,483.0,胡立宏,天然药物化学,中国科学院上海药物研究所,2009,A5001424435
2137,李亚平,A5100462104,original,I4210112820,original_gold,1033.0,李亚平,药物释放系统与分子药剂学,中国科学院上海药物研究所,2009,A5100462104
2138,王应明,A5100763509,original,I80947539,original_gold,238.0,王应明,决策理论与方法,福州大学,2009,A5100763509
2139,赖明勇,A5100870030,original,I16609230,original_gold,190.0,赖明勇,管理系统工程,湖南大学,2009,A5100870030
2140,李敏强,A5101423504,original,I162868743,original_gold,316.0,李敏强,信息系统与管理(研究领域),天津大学,2009,A5101423504
2141,王小群,A5101625376,original,I99065089,original_gold,210.0,王小群,金融资产定价、风险管理与创新算法,清华大学,2009,A5101625376
2142,宋林生,A5028930141,original,I4210101167,original_gold,331.0,宋林生,扇贝免疫防御的分子机制,中国科学院海洋研究所,2009,A5028930141
2143,曾春雨,A5100672327,original,I151075929,original_gold,226.0,曾春雨,心血管系统内科学,中国人民解放军第三军医大学,2009,A5100672327
2144,曾科,A5016915045,original,I881766915,original_gold,196.0,曾科,病理生理学(白细胞炎症反应机制的深入研究),南京大学,2009,A5016915045
2145,余学清,A5014377000,original,I157773358,original_gold,496.0,余学清,内科学(肾脏病学),中山大学,2009,A5014377000
2146,刘勇,A5100724297,original,I4210106477,original_gold,1004.0,刘勇,病理生理学,中国科学院上海生命科学研究院,2009,A5100724297
2147,倪中福,A5064079305,original,I52158045,original_gold,344.0,倪中福,农学-作物遗传育种的理论与方法,中国农业大学,2009,A5064079305
2148,林福呈,A5073657704,original,I76130692,original_gold,271.0,林福呈,植物病原真菌功能基因组学,浙江大学,2009,A5073657704
2149,王琛柱,A5102925423,original,I4210167311,original_gold,155.0,王琛柱,农业昆虫与害虫防治,中国科学院动物研究所,2009,A5102925423
2150,申建波,A5016972291,original,I52158045,original_gold,218.0,申建波,作物根际营养与养分高效利用,中国农业大学,2009,A5016972291
2151,庄诗美,A5035007445,original,I157773358,original_gold,128.0,庄诗美,肿瘤学(microRNA 在肿瘤血管生成中的作用及其调控机制),中山大学,2009,A5035007445
2152,曾绍群,A5058615051,original,I47720641,original_gold,407.0,曾绍群,飞秒激光生物医学显微成像,华中科技大学,2009,A5058615051
2153,夏宁邵,A5078732636,original,I191208505,original_gold,900.0,夏宁邵,病毒性传染病疫苗及血清学分子基础研究,厦门大学,2009,A5078732636
2154,陈雯,A5100673541,original,I157773358,original_gold,723.0,陈雯,卫生毒理学,中山大学,2009,A5100673541
2155,范景莲,A5039035768,original,I139660479,original_gold,117.0,范景莲,粉末冶金与粉体工程,中南大学,2009,A5039035768
2156,柴立元,A5079893090,original,I139660479,original_gold,496.0,柴立元,有色冶炼减排与重金属污染物资源循环的基础研究,中南大学,2009,A5079893090
2157,王树新,A5100644556,original,I162868743,original_gold,402.0,王树新,微创外科手术机器人动力学行为与系统设计方法研究,天津大学,2009,A5100644556
2158,张福成,A5035192026,original,I39333907,original_gold,450.0,张福成,高速铁路辙叉制造技术基础研究,燕山大学,2009,A5035192026
2159,梁迎春,A5045549747,original,I204983213,original_gold,193.0,梁迎春,超精密加工工艺与装备,哈尔滨工业大学,2009,A5045549747
2160,王时龙,A5100633954,original,I158842170,original_gold,249.0,王时龙,制造系统与自动化,重庆大学,2009,A5100633954
2161,于达仁,A5100519691,original,I204983213,original_gold,529.0,于达仁,航天推进器多场耦合流动控制及诊断,哈尔滨工业大学,2009,A5100519691
2162,吴慧英,A5035034196,original,I183067930,original_gold,200.0,吴慧英,基于无源和有源方式的集成微纳系统高效热质传递理论与技术,上海交通大学,2009,A5035034196
2163,齐飞,A5076375120,original,I126520041,original_gold,572.0,齐飞,燃烧反应动力学,中国科学技术大学,2009,A5076375120
2164,何怡刚,A5020019416,original,I16609230,original_gold,359.0,何怡刚,复杂电网络分析、综合与诊断,湖南大学,2009,A5020019416
2165,王秋良,A5075720732,original,I4210128819,original_gold,647.0,王秋良,复杂磁场分布的极高磁场超导磁体科学,中国科学院电工研究所,2009,A5075720732
2166,邢锋,A5100432911,original,I180726961,original_gold,847.0,邢锋,滨海混凝土基础设施劣化识别和基于可靠度的优化控制,深圳大学,2009,A5100432911
2167,何川,A5091114864,original,I4800084,original_gold,912.0,何川,长大交通隧道建设与营运关键科学问题,西南交通大学,2009,A5091114864
2168,朱宏平,A5100616351,original,I47720641,original_gold,163.0,朱宏平,结构健康监测与振动控制,华中科技大学,2009,A5100616351
2169,戴会超,A5112128078,original,I161350542,original_gold,141.0,戴会超,水力学与水信息学,三峡大学,2009,A5112128078
2170,郑宏,A5110405039,original,I4210140379,original_gold,316.0,郑宏,边坡稳定性分析的控制论方法,中国科学院武汉岩土力学研究所,2009,A5110405039
2171,杨强,A5100636286,original,I99065089,original_gold,1317.0,杨强,水工结构和材料及施工,清华大学,2009,A5100636286
2172,牛志升,A5079749340,original,I99065089,original_gold,526.0,牛志升,通信网络,清华大学,2009,A5079749340
2173,高西奇,A5050692023,original,I76569877,original_gold,711.0,高西奇,通信与信号处理,东南大学,2009,A5050692023
2174,王永良,A5100431048,original,,original_gold,297.0,王永良,机载雷达信号处理,中国人民解放军空军雷达学院,2009,A5100431048
2175,陈军,A5100450146,original,I157773358,original_gold,1107.0,陈军,真空微电子学,中山大学,2009,A5100450146
2176,陈清,A5100371368,original,I20231570,original_gold,1078.0,陈清,纳电子材料及相关器件基础研究,北京大学,2009,A5100371368
2177,周傲英,A5101511862,original,I66867065,original_gold,647.0,周傲英,支持数据密集型计算的数据管理,华东师范大学,2009,A5101511862
2178,孙凝晖,A5101738013,original,I4210090176,original_gold,186.0,孙凝晖,Exascale 计算的基础研究,中国科学院计算技术研究所,2009,A5101738013
2179,舒继武,A5101740783,original,I99065089,original_gold,205.0,舒继武,大规模网络存储系统的可靠性关键技术研究,清华大学,2009,A5101740783
2180,汪国平,A5100366298,original,I20231570,original_gold,458.0,汪国平,分布式虚拟现实技术,北京大学,2009,A5100366298
2181,薛德胜,A5102088464,original,I76214153,original_gold,344.0,薛德胜,磁性纳米材料,兰州大学,2009,A5102088464
2182,蒋成保,A5090764787,original,I82880672,original_gold,222.0,蒋成保,新型磁弹性材料取向生长、组织控制及多功能特性的研究,北京航空航天大学,2009,A5090764787
2183,孙大林,A5100519066,original,I24943067,original_gold,244.0,孙大林,轻质金属络合物储氢材料,复旦大学,2009,A5100519066
2184,单智伟,A5033809816,original,I87445476,original_gold,250.0,单智伟,微纳米尺度材料的结构和性能,西安交通大学,2009,A5033809816
2185,刘宏,A5100410352,original,I154099455,original_gold,2671.0,刘宏,无机非金属类光电信息功能材料,山东大学,2009,A5100410352
2186,张弛,A5100458183,original,I115592961,original_gold,1387.0,张弛,结构导向的功能簇合物非线性光学性能调制研究,江苏大学,2009,A5100458183
2187,王育华,A5115614314,original,I76214153,original_gold,1049.0,王育华,无机发光材料,兰州大学,2009,A5115614314
2188,朱美芳,A5100643927,original,I181326427,original_gold,682.0,朱美芳,聚合物纤维材料,东华大学,2009,A5100643927
2189,顾忠泽,A5034561583,original,I76569877,original_gold,395.0,顾忠泽,光功能材料的微结构设计和应用,东南大学,2009,A5034561583
2190,林嘉平,A5085254274,original,I143593769,original_gold,330.0,林嘉平,高分子材料结构与性能,华东理工大学,2009,A5085254274
2191,王笃金,A5078950986,original,I4210155088,original_gold,485.0,王笃金,聚烯烃及其合金化材料的结构/性能关系研究与应用,中国科学院化学研究所,2009,A5078950986
2192,路庆华,A5075900594,original,I183067930,original_gold,192.0,路庆华,聚合物表面分子工程,上海交通大学,2009,A5075900594
2193,李忠明,A5100728380,original,I24185976,original_gold,740.0,李忠明,纳米微纤化增强聚合物共混物及其功能化,四川大学,2009,A5100728380
2194,蒋官澄,A5000390227,original,I4210162190,original_gold,134.0,蒋官澄,洗井、固井、油层等损害与保护,中国石油大学(华东),2009,A5000390227
2195,朱苗勇,A5074972061,original,I9224756,original_gold,269.0,朱苗勇,高品质钢精炼与连铸过程基础理论与应用,东北大学,2009,A5074972061
2196,李宝会,A5049773491,original,I205237279,original_gold,194.0,李宝会,高分子物理与高分子物理化学,南开大学,2009,A5049773491
2197,赵江,A5008491220,annotation,I4210155088,annotation_llm,175.0,赵江,空间受限高分子的单分子动态过程的研究,中国科学院化学研究所,2009,
2198,杨小牛,A5047444184,original,I4210092888,original_gold,205.0,杨小牛,共轭高分子薄膜形态与性能调控,中国科学院长春应用化学研究所,2009,A5047444184
2199,刘宝红,A5060480074,original,I24943067,original_gold,347.0,刘宝红,电化学分析与微纳生物分析,复旦大学,2009,A5060480074
2200,张忠平,A5033959506,original,I2802624667,original_gold,363.0,张忠平,高比表面分子印记的荧光传感分析方法,中国科学院合肥物质科学研究院,2009,A5033959506
2201,李正平,A5027676254,original,I43337087,original_gold,244.0,李正平,高灵敏度分子诊断分析研究,河北大学,2009,A5027676254
2202,李根喜,A5047139347,original,I113940042,original_gold,449.0,李根喜,生化分析及生物传感,上海大学,2009,A5047139347
2203,陈光进,A5058073103,original,I4210162190,original_gold,462.0,陈光进,气体水合物,中国石油大学(北京),2009,A5058073103
2204,邱学青,A5071160405,original,I90610280,original_gold,633.0,邱学青,木质素两亲聚合物的化工理论和技术,华南理工大学,2009,A5071160405
2205,李春忠,A5009144836,original,I143593769,original_gold,956.0,李春忠,材料化学工程,华东理工大学,2009,A5009144836
2206,朱永法,A5004893546,original,I99065089,original_gold,735.0,朱永法,环境污染物的高能效及高活性光催化降解研究,清华大学,2009,A5004893546
2207,朱本占,A5111501739,original,I4210144289,original_gold,179.0,朱本占,环境化学,中国科学院生态环境研究中心,2009,A5111501739
2208,向华,A5062524393,original,I4210134982,original_gold,368.0,向华,极端嗜盐古菌遗传与生理代谢研究,中国科学院微生物研究所,2009,A5062524393
2209,林敏,A5100697981,original,I4210167153,original_gold,406.0,林敏,联合固氮施氏假单胞菌A1501功能基因组研究,中国农业科学院生物技术研究所,2009,A5100697981
2210,郭德银,A5023916267,original,I37461747,original_gold,260.0,郭德银,冠状病毒基因组复制的分子机制,武汉大学,2009,A5023916267
2211,钟扬,A5007870731,original,I24943067,original_gold,297.0,钟扬,植物分子进化与系统生物学研究,复旦大学,2009,A5007870731
2212,黄继荣,A5102807362,annotation,I4210106477,annotation_llm,55.0,黄继荣,植物G-蛋白信号转导及其调控叶绿体发育的机理研究,中国科学院上海生命科学研究院,2009,
2213,张劲松,A5031662134,annotation,I4210124606,annotation_llm,1.0,张劲松,植物学,中国科学院遗传与发育生物学研究所,2009,
2214,杨仲南,A5059030289,annotation,I21945476,annotation_llm,159.0,杨仲南,模式植物拟南芥花粉壁形成的分子机理,上海师范大学,2009,
2215,万师强,A5043368788,annotation,I173899330,annotation_llm,257.0,万师强,全球变化与陆地生态系统,河南大学,2009,
2216,傅声雷,A5029318548,annotation,I4210120696,annotation_llm,293.0,傅声雷,土壤生态学,中国科学院华南植物园,2009,
2217,雷富民,A5055678184,annotation,I4210167311,annotation_llm,347.0,雷富民,动物地理学/比较谱系生物地理学,中国科学院动物研究所,2009,
2218,刘迎芳,A5008846317,annotation,I4210112540,annotation_llm,84.0,刘迎芳,禽流感病毒RNA聚合酶结构与功能研究,中国科学院生物物理研究所,2009,
2219,许瑞明,A5054158659,annotation,I4210112540,annotation_llm,111.0,许瑞明,参与基因表达调控的蛋白质复合物的结构研究,中国科学院生物物理研究所,2009,
2220,甘少波,A5112108116,annotation,I20231570,annotation_llm,57.0,甘少波,微分动力系统,北京大学,2010,
2221,郭建华,A5101678844,annotation,I184983240,annotation_llm,82.0,郭建华,应用统计方法研究,东北师范大学,2010,
2222,傅吉祥,A5049544378,annotation,I24943067,annotation_llm,59.0,傅吉祥,复几何,复旦大学,2010,
2223,芮和兵,A5101056690,annotation,I66867065,annotation_llm,71.0,芮和兵,代数学,华东师范大学,2010,
2224,尹会成,A5103240268,annotation,I881766915,annotation_llm,133.0,尹会成,偏微分方程,南京大学,2010,
2225,邹文明,A5101705659,annotation,I99065089,annotation_llm,228.0,邹文明,非线性泛函分析及其应用中的前沿问题,清华大学,2010,
2226,陈兵龙,A5065298790,annotation,I157773358,annotation_llm,97.0,陈兵龙,几何分析,中山大学,2010,
2227,季葆华,A5021492848,annotation,I125839683,annotation_llm,183.0,季葆华,生物与仿生力学,北京理工大学,2010,
2228,申胜平,A5024764911,annotation,I87445476,annotation_llm,262.0,申胜平,固体力学,西安交通大学,2010,
2229,康国政,A5080733637,annotation,I4800084,annotation_llm,537.0,康国政,先进材料的循环本构关系,西南交通大学,2010,
2230,黄志龙,A5100612628,annotation,I76130692,annotation_llm,95.0,黄志龙,高维非线性随机动力学系统的响应与稳定性,浙江大学,2010,
2231,张泰华,A5069756245,annotation,I55712492,annotation_llm,112.0,张泰华,实验固体力学,浙江工业大学,2010,
2232,梁恩维,A5020226724,annotation,I150807315,annotation_llm,544.0,梁恩维,伽玛射线暴物理和宇宙学,广西大学,2010,
2235,张鹏杰,A5088159502,annotation,I2799714274,annotation_llm,251.0,张鹏杰,宇宙大尺度结构及其在基础物理中的应用,中国科学院上海天文台,2010,
2237,马琰铭,A5088817033,annotation,I194450716,annotation_llm,678.0,马琰铭,高压下凝聚态物质的新结构与新效应,吉林大学,2010,
2239,何力新,A5036793185,annotation,I126520041,annotation_llm,149.0,何力新,量子点物性及其在量子信息中的应用,中国科学技术大学,2010,
2240,易俗,A5111744482,annotation,I4210125404,annotation_llm,50.0,易俗,偶极量子气体的物性及其应用的研究,中国科学院理论物理研究所,2010,
2241,雒建林,A5102970064,annotation,I4210159876,annotation_llm,145.0,雒建林,强关联电子体系的热力学性质和磁性研究,中国科学院物理研究所,2010,
2242,颜学庆,A5086235306,annotation,I20231570,annotation_llm,295.0,颜学庆,激光加速器,北京大学,2010,
2244,廖益,A5083605388,annotation,I205237279,annotation_llm,106.0,廖益,粒子物理唯象学研究,南开大学,2010,
2245,吴明红,A5037998311,annotation,I113940042,annotation_llm,627.0,吴明红,核技术及其应用,上海大学,2010,
2249,段春迎,A5058753442,annotation,I27357992,annotation_llm,1351.0,段春迎,配位键导向的分子组装与荧光传感,大连理工大学,2010,
2250,崔勇,A5007046740,annotation,I183067930,annotation_llm,494.0,崔勇,手性分子组装及功能设计,上海交通大学,2010,
2251,李广社,A5111846994,annotation,I4210119098,annotation_llm,252.0,李广社,复合性能无机固体材料的合成和结构研究,中国科学院福建物质结构研究所,2010,
2252,游劲松,A5013525906,annotation,I24185976,annotation_llm,578.0,游劲松,基于芳杂环C-H键直接官能化反应的荧光功能材料的构筑,四川大学,2010,
2253,雷爱文,A5087742087,annotation,I37461747,annotation_llm,783.0,雷爱文,金属有机化学,武汉大学,2010,
2254,潘远江,A5100717344,annotation,I76130692,annotation_llm,530.0,潘远江,有机分析,浙江大学,2010,
2255,罗三中,A5019656810,annotation,I4210155088,annotation_llm,401.0,罗三中,仿生不对称小分子催化和不对称催化反应研究,中国科学院化学研究所,2010,
2256,游书力,A5113826869,annotation,I4210112946,annotation_llm,1100.0,游书力,碳氢键直接官能团化反应研究,中国科学院上海有机化学研究所,2010,
2257,唐智勇,A5067430528,annotation,I4210141483,annotation_llm,698.0,唐智勇,纳米及介观结构,国家纳米科学中心,2010,
2259,申文杰,A5019146446,annotation,I180585399,annotation_llm,324.0,申文杰,形貌和尺寸可控的纳米催化材料及其反应性能研究,中国科学院大连化学物理研究所,2010,
2260,王毅琳,A5100449855,annotation,I4210155088,annotation_llm,635.0,王毅琳,溶液中两亲分子聚集体的结构与功能调控,中国科学院化学研究所,2010,
2261,马旭村,A5047969879,annotation,I4210159876,annotation_llm,251.0,马旭村,单自旋水平上表面反应与催化的量子效应研究,中国科学院物理研究所,2010,
2262,吴水珠,A5066444907,annotation,I90610280,annotation_llm,248.0,吴水珠,含荧光生色团高分子体系的分子设计、聚集体结构中的相互作用及相关功能效应,华南理工大学,2010,
2263,吕中元,A5086545796,annotation,I194450716,annotation_llm,373.0,吕中元,聚合物结构与动力学模拟,吉林大学,2010,
2264,朱新远,A5014616952,annotation,I183067930,annotation_llm,515.0,朱新远,超支化聚合物的功能化及应用,上海交通大学,2010,
2265,占肖卫,A5044756341,annotation,I20231570,annotation_llm,543.0,占肖卫,稠环功能高分子的可控合成和光电性能研究,北京大学,2010,
2266,陆豪杰,A5100747603,annotation,I24943067,annotation_llm,319.0,陆豪杰,蛋白质质谱鉴定新方法及其在蛋白质组学中的应用,复旦大学,2010,
2267,蒋兴宇,A5075755018,annotation,I4210141483,annotation_llm,727.0,蒋兴宇,分析化学,国家纳米科学中心,2010,
2268,蒋健晖,A5028552398,annotation,I16609230,annotation_llm,605.0,蒋健晖,生化分析及生物传感,湖南大学,2010,
2269,徐静娟,A5050812850,annotation,I881766915,annotation_llm,676.0,徐静娟,智能界面的构建与生化分析系统研究,南京大学,2010,
2270,张书圣,A5100610307,annotation,I15823474,annotation_llm,161.0,张书圣,肿瘤标志物的光电化学传感分析方法,临沂大学,2010,
2271,何静,A5088450430,annotation,I75390827,annotation_llm,330.0,何静,介观结构催化和吸附材料,北京化工大学,2010,
2272,应汉杰,A5100689402,annotation,I134687103,annotation_llm,454.0,应汉杰,基于能量ATP调控的生物系统催化的研究及应用,南京工业大学,2010,
2273,徐铜文,A5100623147,annotation,I126520041,annotation_llm,853.0,徐铜文,膜分离,中国科学技术大学,2010,
2274,杨超,A5073171739,annotation,I4210133325,annotation_llm,472.0,杨超,多相搅拌反应器的机理模型和模拟及新反应器应用基础,中国科学院过程工程研究所,2010,
2275,胡敏,A5045617018,annotation,I20231570,annotation_llm,1130.0,胡敏,大气环境化学,北京大学,2010,
2276,刘景富,A5081388761,annotation,I4210144289,annotation_llm,565.0,刘景富,环境分析化学与环境污染化学,中国科学院生态环境研究中心,2010,
2278,何正国,A5102851317,annotation,I204823248,annotation_llm,53.0,何正国,微生物生物大分子相互作用,华中农业大学,2010,
2279,郭岩,A5041543923,annotation,I52158045,annotation_llm,257.0,郭岩,植物逆境生理,中国农业大学,2010,
2280,王永红,A5100643753,annotation,I4210124606,annotation_llm,263.0,王永红,植物学,中国科学院遗传与发育生物学研究所,2010,
2281,贺金生,A5107409181,annotation,I20231570,annotation_llm,3.0,贺金生,植物功能属性及化学计量生态学,北京大学,2010,
2282,戴家银,A5066213995,annotation,I4210167311,annotation_llm,251.0,戴家银,持久性污染物的生态毒理机制,中国科学院动物研究所,2010,
2283,朱教君,A5052481191,annotation,I4210110024,annotation_llm,305.0,朱教君,防护林学,中国科学院沈阳应用生态研究所,2010,
2284,柴继杰,A5029053030,annotation,I99065089,annotation_llm,207.0,柴继杰,结构生物学,清华大学,2010,
2285,江涛,A5067897411,annotation,I4210112540,annotation_llm,169.0,江涛,神经营养因子相关受体及其相互作用蛋白的结构与功能研究,中国科学院生物物理研究所,2010,
2286,蒋争凡,A5018827487,annotation,I20231570,annotation_llm,158.0,蒋争凡,固有免疫及其细胞信号转导,北京大学,2010,
2287,陆巍,A5100673138,annotation,I76569877,annotation_llm,183.0,陆巍,神经生物学,东南大学,2010,
2288,舒友生,A5112019019,annotation,I25254941,annotation_llm,116.0,舒友生,大脑皮层神经元的信号处理机制,北京师范大学,2010,
2290,魏丽萍,A5022243401,annotation,I20231570,annotation_llm,126.0,魏丽萍,天然反义核酸调控的生物信息平台建设及研究,北京大学,2010,
2291,杨崇林,A5065644123,annotation,I4210124606,annotation_llm,57.0,杨崇林,细胞生物学,中国科学院遗传与发育生物学研究所,2010,
2292,肖磊,A5100723974,annotation,I76130692,annotation_llm,199.0,肖磊,体细胞重编程,浙江大学,2010,
2293,李仕贵,A5045489434,annotation,I37574244,annotation_llm,216.0,李仕贵,重穗型杂交稻的遗传改良与分子育种研究,四川农业大学,2010,
2294,金危危,A5082856725,annotation,I52158045,annotation_llm,147.0,金危危,作物基因组学,中国农业大学,2010,
2296,张友军,A5065618924,annotation,I4210119469,annotation_llm,548.0,张友军,农业昆虫学,中国农业科学院蔬菜花卉研究所,2010,
2297,叶恭银,A5040962519,annotation,I76130692,annotation_llm,304.0,叶恭银,植物害虫生物防治,浙江大学,2010,
2298,廖红,A5063305769,annotation,I101479585,annotation_llm,206.0,廖红,植物营养学,华南农业大学,2010,
2299,李枢强,A5072688213,annotation,I4210167311,annotation_llm,762.0,李枢强,动物分类学,中国科学院动物研究所,2010,
2300,乔格侠,A5057652671,annotation,I4210167311,annotation_llm,245.0,乔格侠,昆虫系统学与分类,中国科学院动物研究所,2010,
2301,赖仞,A5010238428,annotation,I18489884,annotation_llm,327.0,赖仞,吸血节肢动物适应吸血生活的分子机制,中国科学院昆明动物研究所,2010,
2302,赵书红,A5065223172,annotation,I204823248,annotation_llm,362.0,赵书红,猪遗传育种学,华中农业大学,2010,
2304,刘爵,A5100702263,annotation,I4210146959,annotation_llm,485.0,刘爵,动物分子病毒学与传染病防制,北京市农林科学院,2010,
2305,刘金华,A5100721117,annotation,I52158045,annotation_llm,296.0,刘金华,动物传染病学,中国农业大学,2010,
2306,孙黎,A5049415248,annotation,I4210101167,annotation_llm,309.0,孙黎,海水鱼类细菌性病害交叉免疫防治研究,中国科学院海洋研究所,2010,
2308,田立德,A5051335560,annotation,I4210141476,annotation_llm,156.0,田立德,青藏高原稳定同位素水文学研究,中国科学院青藏高原研究所,2010,
2310,贺纪正,A5068325756,annotation,I4210144289,annotation_llm,479.0,贺纪正,土壤微生物生态学,中国科学院生态环境研究中心,2010,
2311,沈仁芳,A5039804380,annotation,I4210165559,annotation_llm,232.0,沈仁芳,酸性土壤铝毒害和养分胁迫交互作用与植物协调适应机制,中国科学院南京土壤研究所,2010,
2312,王强,A5085403239,annotation,I3018690959,annotation_llm,2651.0,王强,岩石学,中国科学院广州地球化学研究所,2010,
2313,余克服,A5025772761,annotation,I4210103685,annotation_llm,403.0,余克服,第四纪地质学,中国科学院南海海洋研究所,2010,
2314,高俊,A5059267802,annotation,I4210126061,annotation_llm,129.0,高俊,大地构造学,中国科学院地质与地球物理研究所,2010,
2315,李海龙,A5100440678,annotation,I3125743391,annotation_llm,185.0,李海龙,海岸带水文地质学,中国地质大学(北京),2010,
2316,王非,A5100455728,annotation,I4210126061,annotation_llm,77.0,王非,同位素地球化学,中国科学院地质与地球物理研究所,2010,
2317,沈延安,A5066691460,annotation,I126520041,annotation_llm,143.0,沈延安,地质历史中早期生命与环境的共同演化,中国科学技术大学,2010,
2318,王新明,A5100643640,annotation,I3018690959,annotation_llm,1488.0,王新明,环境地球化学,中国科学院广州地球化学研究所,2010,
2319,刘青松,A5100714472,annotation,I4210126061,annotation_llm,302.0,刘青松,地磁学,中国科学院地质与地球物理研究所,2010,
2320,黄清华,A5019243973,annotation,I20231570,annotation_llm,352.0,黄清华,地球电磁学,北京大学,2010,
2321,庹先国,A5003683328,annotation,I31595395,annotation_llm,153.0,庹先国,核地球物理勘探技术仪器开发及应用研究,成都理工大学,2010,
2322,窦贤康,A5048979922,annotation,I126520041,annotation_llm,330.0,窦贤康,利用测风激光雷达资料进行重力波向上传播过程中的耗散和破碎特性的研究,中国科学技术大学,2010,
2323,陈文,A5065697263,annotation,I4210152758,annotation_llm,777.0,陈文,东亚冬季风系统变异及其内动力学机理研究,中国科学院大气物理研究所,2010,
2324,胡永云,A5010249065,annotation,I20231570,annotation_llm,350.0,胡永云,全球气候变化背景下的平流层气候变化和臭氧恢复,北京大学,2010,
2325,蔡树群,A5012377508,annotation,I4210103685,annotation_llm,155.0,蔡树群,物理海洋学,中国科学院南海海洋研究所,2010,
2326,谢周清,A5027809510,annotation,I126520041,annotation_llm,247.0,谢周清,极地环境对全球变化的响应,中国科学技术大学,2010,
2328,潘洪革,A5053786338,annotation,I76130692,annotation_llm,536.0,潘洪革,轻金属基储能材料,浙江大学,2010,
2330,王俭秋,A5101941742,annotation,I4210126304,annotation_llm,168.0,王俭秋,材料的力学化学交互作用机制研究,中国科学院金属研究所,2010,
2331,林元华,A5101549431,annotation,I99065089,annotation_llm,365.0,林元华,铁性NiO/ZnO基异质薄膜的制备及其磁、电、光的调制,清华大学,2010,
2333,黄少铭,A5058642281,annotation,I146620803,annotation_llm,702.0,黄少铭,单壁碳纳米管控制生长和机理的基础研究,温州大学,2010,
2334,邓龙江,A5109173538,annotation,I150229711,annotation_llm,268.0,邓龙江,基于周期结构材料的多频谱隐身机理研究,电子科技大学,2010,
2335,邵宗平,A5034744923,annotation,I134687103,annotation_llm,1065.0,邵宗平,能源材料科学,南京工业大学,2010,
2337,尹龙卫,A5072199383,annotation,I154099455,annotation_llm,330.0,尹龙卫,轻元素化合物层状与有序介孔功能材料,山东大学,2010,
2338,计剑,A5100613666,annotation,I76130692,annotation_llm,937.0,计剑,生物医用高分子界面材料,浙江大学,2010,
2339,杨槐,A5072776089,annotation,I92403157,annotation_llm,611.0,杨槐,液晶性功能材料的分子设计、微结构调控、制备及性能,北京科技大学,2010,
2340,甘志华,A5101464738,annotation,I75390827,annotation_llm,154.0,甘志华,生物降解高分子材料的结构调控和生物功能化,北京化工大学,2010,
2341,沈军,A5100677960,annotation,I204983213,annotation_llm,628.0,沈军,大块非晶合金特种粉末冶金制备过程基础科学问题研究,哈尔滨工业大学,2010,
2342,李梅,A5064182078,annotation,I31637741,annotation_llm,191.0,李梅,稀土湿法冶金及轻稀土应用,内蒙古科技大学,2010,
2343,王齐华,A5100603433,annotation,I4210089297,annotation_llm,429.0,王齐华,空间摩擦学,中国科学院兰州化学物理研究所,2010,
2344,熊蔡华,A5100770696,annotation,I47720641,annotation_llm,214.0,熊蔡华,康复医疗机器人柔顺驱动与运动规划理论及其应用,华中科技大学,2010,
2345,朱旻昊,A5023616934,annotation,I4800084,annotation_llm,434.0,朱旻昊,机械摩擦、磨损与控制,西南交通大学,2010,
2347,姜澜,A5090166634,annotation,I125839683,annotation_llm,662.0,姜澜,激光微/纳制造,北京理工大学,2010,
2348,周怀春,A5077044973,annotation,I47720641,annotation_llm,353.0,周怀春,热辐射分析与燃烧监控,华中科技大学,2010,
2349,王秋旺,A5068224707,annotation,I87445476,annotation_llm,930.0,王秋旺,颗粒堆积多孔介质内热质传递及其湍流效应,西安交通大学,2010,
2350,杨勇平,A5000920700,annotation,I153473198,annotation_llm,376.0,杨勇平,"热力学,节能理论与技术,先进能量系统",华北电力大学,2010,
2351,孙宏斌,A5100762412,annotation,I99065089,annotation_llm,858.0,孙宏斌,电力系统调度自动化,清华大学,2010,
2352,马衍伟,A5101442729,annotation,I4210128819,annotation_llm,577.0,马衍伟,超导电工材料及强磁场应用研究,中国科学院电工研究所,2010,
2353,蔡袁强,A5100760622,annotation,I146620803,annotation_llm,288.0,蔡袁强,饱和土动力学及其工程应用,温州大学,2010,
2354,罗尧治,A5033520789,annotation,I76130692,annotation_llm,172.0,罗尧治,大跨度空间结构,浙江大学,2010,
2356,王东升,A5100450582,annotation,I4210144289,annotation_llm,399.0,王东升,多相凝聚的微界面过程与强化混凝工艺原理,中国科学院生态环境研究中心,2010,
2357,杨大文,A5044116309,annotation,I99065089,annotation_llm,370.0,杨大文,水文学及水资源,清华大学,2010,
2358,蒋明镜,A5046449623,annotation,I116953780,annotation_llm,299.0,蒋明镜,岩土力学与岩土工程,同济大学,2010,
2359,沈珍瑶,A5062775203,annotation,I25254941,annotation_llm,443.0,沈珍瑶,流域水污染控制,北京师范大学,2010,
2360,程春田,A5049303518,annotation,I27357992,annotation_llm,240.0,程春田,水资源分析和利用,大连理工大学,2010,
2362,白敏冬,A5111931315,annotation,I43313876,annotation_llm,33.0,白敏冬,等离子体电子学,大连海事大学,2010,
2364,师文生,A5110345944,annotation,I4210140689,annotation_llm,133.0,师文生,新型纳米传感器与一维纳米结构,中国科学院理化技术研究所,2010,
2365,郑小平,A5101926670,annotation,I99065089,annotation_llm,710.0,郑小平,网络通信理论与技术,清华大学,2010,
2366,杨小康,A5019708391,annotation,I183067930,annotation_llm,771.0,杨小康,大尺度海量视频分析与内容提取,上海交通大学,2010,
2368,王国仁,A5054991337,annotation,I9224756,annotation_llm,699.0,王国仁,不确定图数据管理与分析技术,东北大学,2010,
2369,冯丹,A5057421680,annotation,I47720641,annotation_llm,794.0,冯丹,面向服务的大规模网络存储系统理论与方法,华中科技大学,2010,
2370,肖侬,A5023506057,annotation,I170215575,annotation_llm,444.0,肖侬,网络环境中数据密集型计算的动态可扩展计算系统结构,中国人民解放军国防科学技术大学,2010,
2371,陈熙霖,A5083420537,annotation,I4210090176,annotation_llm,750.0,陈熙霖,图像与视频处理,中国科学院计算技术研究所,2010,
2372,黄庆明,A5028597017,annotation,I4210165038,annotation_llm,844.0,黄庆明,基于内容的视频处理与编码,中国科学院大学,2010,
2373,陈宝权,A5010714340,annotation,I4210145761,annotation_llm,387.0,陈宝权,计算机图形学,中国科学院深圳先进技术研究院,2010,
2374,赵耀,A5100362745,annotation,I21193070,annotation_llm,1108.0,赵耀,图像视频编码与数字水印,北京交通大学,2010,
2376,阳春华,A5108047088,annotation,I139660479,annotation_llm,1055.0,阳春华,复杂工业过程建模、控制与优化,中南大学,2010,
2378,吕金虎,A5027725400,annotation,I4210120485,annotation_llm,714.0,吕金虎,复杂多个体系统的建模、分析与应用,中国科学院数学与系统科学研究院,2010,
2380,李小俚,A5100418692,annotation,I39333907,annotation_llm,1400.0,李小俚,动态信号分析与系统监控,燕山大学,2010,
2381,顾书林,A5050461236,annotation,I881766915,annotation_llm,348.0,顾书林,宽禁带半导体异质结构的材料生长与物性研究,南京大学,2010,
2382,任天令,A5024756322,annotation,I99065089,annotation_llm,823.0,任天令,柔性微电子器件与系统基础研究,清华大学,2010,
2384,张首刚,A5020219727,annotation,I4210093645,annotation_llm,421.0,张首刚,新型原子钟及其应用,中国科学院国家授时中心,2010,
2385,文双春,A5101576538,annotation,I16609230,annotation_llm,544.0,文双春,超常材料非线性光学的基础理论及应用研究,湖南大学,2010,
2386,郑婉华,A5100609489,annotation,I4210149211,annotation_llm,283.0,郑婉华,基于人工微纳结构的高光束质量半导体激光器研究,中国科学院半导体研究所,2010,
2387,曾大军,A5113247142,annotation,I4210112150,annotation_llm,32.0,曾大军,协同式管理信息系统与电子商务,中国科学院自动化研究所,2010,
2388,朱庆华,A5085181118,annotation,I27357992,annotation_llm,194.0,朱庆华,物流与供应链管理,大连理工大学,2010,
2389,吴联生,A5101101855,annotation,I20231570,annotation_llm,48.0,吴联生,会计与审计,北京大学,2010,
2391,余乐安,A5058109866,annotation,I4210120485,annotation_llm,264.0,余乐安,基于商务智能的经济预测与金融管理研究,中国科学院数学与系统科学研究院,2010,
2392,曾赛星,A5020618879,annotation,I183067930,annotation_llm,183.0,曾赛星,面向可持续竞争力的企业环境创新管理理论与方法,上海交通大学,2010,
2394,袁祖贻,A5100603166,annotation,I87445476,annotation_llm,361.0,袁祖贻,免疫炎症调控调节巨噬细胞活性对动脉粥样硬化发生、发展的作用研究,西安交通大学,2010,
2396,王雁玲,A5100393661,annotation,I4210167311,annotation_llm,202.0,王雁玲,胎盘发育与子痫前期发病机制,中国科学院动物研究所,2010,
2397,翁建平,A5012775407,annotation,I157773358,annotation_llm,569.0,翁建平,糖尿病,中山大学,2010,
2398,杨正林,A5080583583,annotation,I150229711,annotation_llm,496.0,杨正林,人类视网膜疾病基因研究,电子科技大学,2010,
2401,何玉先,A5025375416,annotation,I200296433,annotation_llm,162.0,何玉先,医学病毒学,中国医学科学院,2010,
2402,李爱玲,A5101643559,annotation,I2802541053,annotation_llm,164.0,李爱玲,肿瘤免疫,中国人民解放军军事医学科学院,2010,
2403,周剑峰,A5028465455,annotation,I47720641,annotation_llm,575.0,周剑峰,肿瘤新型分子药靶的分离和靶向阻遏,华中科技大学,2010,
2405,毛颖,A5107985523,annotation,I24943067,annotation_llm,1047.0,毛颖,负性共刺激分子B7-H4”在脑胶质瘤干细胞免疫逃逸中的机理研究”,复旦大学,2010,
2406,曾木圣,A5072945901,annotation,I157773358,annotation_llm,456.0,曾木圣,肿瘤学(头颈肿瘤),中山大学,2010,
2407,曹广文,A5072964389,annotation,I177933477,annotation_llm,731.0,曹广文,乙肝和肝癌关系的分子流行病学,中国人民解放军第二军医大学,2010,
2408,沈南,A5012478380,annotation,I183067930,annotation_llm,414.0,沈南,系统性红斑狼疮的发病机理,上海交通大学,2010,
2409,柳红,A5100410369,annotation,I4210112820,annotation_llm,1058.0,柳红,药物化学,中国科学院上海药物研究所,2010,
2412,缪泽鸿,A5013917173,annotation,I4210112820,annotation_llm,293.0,缪泽鸿,抗肿瘤药物药理,中国科学院上海药物研究所,2010,
2413,潘景轩,A5071900138,annotation,I157773358,annotation_llm,230.0,潘景轩,抗肿瘤靶点药物药理学,中山大学,2010,
2415,陈纪军,A5102010364,annotation,I13850615,annotation_llm,292.0,陈纪军,中药药效物质,中国科学院昆明植物研究所,2010,
2416,孔令东,A5060424374,annotation,I881766915,annotation_llm,198.0,孔令东,中药药理,南京大学,2010,
2417,陈楚侨,A5094231748,annotation,I4210131870,annotation_llm,1.0,陈楚侨,精神分裂症的内表型研究,中国科学院心理研究所,2010,
2419,温江涛,A5103560215,annotation,I99065089,annotation_llm,144.0,温江涛,多媒体通信理论与技术,清华大学,2011,
2420,宫玉彬,A5025099170,annotation,I150229711,annotation_llm,870.0,宫玉彬,Ka波段带状束行波放大器的理论与实验研究,电子科技大学,2011,
2421,杨仕文,A5100616272,annotation,I150229711,annotation_llm,607.0,杨仕文,四维天线阵及强互耦宽带阵基础理论与关键技术研究,电子科技大学,2011,
2422,蔡新霞,A5111695012,annotation,I4210110458,annotation_llm,234.0,蔡新霞,敏感电子学,中国科学院电子学研究所,2011,
2423,李学龙,A5100740143,annotation,I4210144662,annotation_llm,926.0,李学龙,光学影像处理与模式识别,中国科学院西安光学精密机械研究所,2011,
2424,窦勇,A5051680867,annotation,I170215575,annotation_llm,418.0,窦勇,高性能可重构算法加速器体系结构研究,中国人民解放军国防科学技术大学,2011,
2426,何晓飞,A5102013345,annotation,I76130692,annotation_llm,345.0,何晓飞,多媒体计算,浙江大学,2011,
2427,高新波,A5101785348,annotation,I149594827,annotation_llm,848.0,高新波,多媒体信息处理与分析,西安电子科技大学,2011,
2430,何勇,A5100342968,annotation,I3124059619,annotation_llm,1610.0,何勇,时滞系统鲁棒控制的自由权矩阵方法及其应用,中国地质大学(武汉),2011,
2431,曾志刚,A5081245089,annotation,I47720641,annotation_llm,758.0,曾志刚,复杂系统渐近行为理论与应用,华中科技大学,2011,
2432,陈华富,A5100786255,annotation,I150229711,annotation_llm,398.0,陈华富,脑功能模式识别方法及应用研究,电子科技大学,2011,
2434,孙长银,A5019248683,annotation,I76569877,annotation_llm,766.0,孙长银,智能系统与飞行器控制,东南大学,2011,
2435,曾璇,A5064213921,annotation,I24943067,annotation_llm,416.0,曾璇,成品率驱动的纳米尺度集成电路设计方法学研究,复旦大学,2011,
2436,戴伦,A5000097979,annotation,I20231570,annotation_llm,230.0,戴伦,纳米半导体材料及相关电子/光电子器件基础研究,北京大学,2011,
2437,段纯刚,A5075848282,annotation,I66867065,annotation_llm,466.0,段纯刚,新型信息功能材料,华东师范大学,2011,
2441,苏翼凯,A5026515323,annotation,I183067930,annotation_llm,698.0,苏翼凯,传输与交换光子学,上海交通大学,2011,
2442,滕枫,A5100678142,annotation,I21193070,annotation_llm,398.0,滕枫,有机聚合物光电子器件,北京交通大学,2011,
2444,马铁驹,A5080278309,annotation,I143593769,annotation_llm,109.0,马铁驹,技术演化与能源系统分析,华东理工大学,2011,
2445,万国华,A5014113229,annotation,I183067930,annotation_llm,67.0,万国华,服务运作管理,上海交通大学,2011,
2446,张小宁,A5100423526,annotation,I116953780,annotation_llm,122.0,张小宁,交通系统优化与管理,同济大学,2011,
2447,杨翠红,A5101654968,annotation,I4210120485,annotation_llm,81.0,杨翠红,投入占用产出技术与经济、资源环境政策分析,中国科学院数学与系统科学研究院,2011,
2448,饶培伦,A5073959466,annotation,I99065089,annotation_llm,3.0,饶培伦,人因工程与决策行为分析,清华大学,2011,
2449,周长辉,A5111907068,annotation,I20231570,annotation_llm,77.0,周长辉,国际化与中国企业战略,北京大学,2011,
2450,宋长春,A5101878814,annotation,I4210101301,annotation_llm,198.0,宋长春,湿地碳、氮循环与全球变化,中国科学院东北地理与农业生态研究所,2011,
2452,徐柏青,A5103748196,annotation,I4210141476,annotation_llm,192.0,徐柏青,青藏高原雪冰-大气化学与环境变化,中国科学院青藏高原研究所,2011,
2453,朴世龙,A5000033522,annotation,I20231570,annotation_llm,758.0,朴世龙,全球变化与陆地生态系统,北京大学,2011,
2454,刘卫东,A5054071978,annotation,I4210160793,annotation_llm,1.0,刘卫东,区域发展研究,中国科学院地理科学与资源研究所,2011,
2455,赵艳,A5101475842,annotation,I76214153,annotation_llm,169.0,赵艳,古生态与古气候学,兰州大学,2011,
2456,周东美,A5010274886,annotation,I4210165559,annotation_llm,778.0,周东美,土壤污染与修复,中国科学院南京土壤研究所,2011,
2457,张福成,A5035192026,annotation,I4210086287,annotation_llm,450.0,张福成,古鸟类学,中国科学院古脊椎动物与古人类研究所,2011,
2458,蔡春芳,A5082986317,annotation,I4210126061,annotation_llm,172.0,蔡春芳,含油气盆地硫参与的有机-无机相互作用,中国科学院地质与地球物理研究所,2011,
2460,吴海斌,A5011276883,annotation,I4210126061,annotation_llm,161.0,吴海斌,第四纪地质学,中国科学院地质与地球物理研究所,2011,
2462,刘勇胜,A5100692106,annotation,I3124059619,annotation_llm,631.0,刘勇胜,碳酸盐熔体一橄榄岩作用及其对华北克拉通破坏的贡献,中国地质大学(武汉),2011,
2463,张干,A5100761993,annotation,I3018690959,annotation_llm,892.0,张干,环境地球化学,中国科学院广州地球化学研究所,2011,
2464,艾印双,A5114142238,annotation,I4210126061,annotation_llm,94.0,艾印双,地震学,中国科学院地质与地球物理研究所,2011,
2466,周天军,A5100325724,annotation,I4210152758,annotation_llm,779.0,周天军,海气相互作用和季风,中国科学院大气物理研究所,2011,
2467,邵敏,A5101833601,annotation,I20231570,annotation_llm,389.0,邵敏,大气化学,北京大学,2011,
2468,王桂华,A5100641106,annotation,I4210109544,annotation_llm,189.0,王桂华,物理海洋学:南海海盆尺度环流-中尺度涡相互作用研究,国家海洋局第二海洋研究所,2011,
2470,侯仰龙,A5087247583,annotation,I20231570,annotation_llm,433.0,侯仰龙,磁性功能材料,北京大学,2011,
2473,颜世申,A5100736123,annotation,I154099455,annotation_llm,384.0,颜世申,铁磁金属、铁磁半导体材料及其异质结的磁性和电输运,山东大学,2011,
2478,薛冬峰,A5052820004,annotation,I4210092888,annotation_llm,754.0,薛冬峰,功能无机材料物理化学,中国科学院长春应用化学研究所,2011,
2479,于中振,A5100782916,annotation,I75390827,annotation_llm,405.0,于中振,高分子复合材料,北京化工大学,2011,
2482,杨楚罗,A5089900071,annotation,I37461747,annotation_llm,699.0,杨楚罗,有机电致磷光关键材料的分子设计、合成及性能研究,武汉大学,2011,
2485,胡文彬,A5069789783,annotation,I183067930,annotation_llm,441.0,胡文彬,金属粉体的湿法冶金制备及其形态结构控制,上海交通大学,2011,
2486,鞠杨,A5113638064,annotation,I4399598474,annotation_llm,3.0,鞠杨,矿山岩体分形重构与能量灾变理论,中国矿业大学(北京),2011,
2487,齐涛,A5111661897,annotation,I4210133325,annotation_llm,249.0,齐涛,湿法冶金,中国科学院过程工程研究所,2011,
2488,张烈辉,A5112559001,annotation,I165745306,annotation_llm,379.0,张烈辉,油气藏渗流力学,西南石油大学,2011,
2489,丁希仑,A5059209683,annotation,I82880672,annotation_llm,349.0,丁希仑,机构学与机器人,北京航空航天大学,2011,
2490,周华民,A5069003516,annotation,I47720641,annotation_llm,198.0,周华民,塑性加工工艺、模具与装备,华中科技大学,2011,
2491,林京,A5100754192,annotation,I87445476,annotation_llm,338.0,林京,机械系统动态监测、诊断与维护,西安交通大学,2011,
2493,郭照立,A5004033194,annotation,I47720641,annotation_llm,340.0,郭照立,多相流体动力学多场耦合和尺度关联的介观理论和模型,华中科技大学,2011,
2495,尧命发,A5065939686,annotation,I162868743,annotation_llm,408.0,尧命发,内燃机燃烧学,天津大学,2011,
2496,严俊杰,A5052855665,annotation,I87445476,annotation_llm,738.0,严俊杰,热力过程与热力系统节能,西安交通大学,2011,
2500,叶继红,A5103142408,annotation,I76569877,annotation_llm,133.0,叶继红,大跨空间结构抗震、抗风研究,东南大学,2011,
2501,汪华林,A5100637952,annotation,I143593769,annotation_llm,223.0,汪华林,废水旋流分离过程中微粒排列与分离强化原理研究,华东理工大学,2011,
2502,冯玉杰,A5001523912,annotation,I204983213,annotation_llm,765.0,冯玉杰,环境工程,哈尔滨工业大学,2011,
2503,唐洪武,A5088548783,annotation,I163340411,annotation_llm,211.0,唐洪武,水沙运动过程及模拟,河海大学,2011,
2504,崔保山,A5048384771,annotation,I25254941,annotation_llm,311.0,崔保山,生态水利,北京师范大学,2011,
2505,黄冠华,A5057727664,annotation,I52158045,annotation_llm,237.0,黄冠华,土壤水、地下水与溶质运移理论,中国农业大学,2011,
2506,卢文波,A5017433232,annotation,I37461747,annotation_llm,302.0,卢文波,岩体开挖瞬态卸荷的作用机制及动力效应,武汉大学,2011,
2507,彭双阶,A5058808389,annotation,I40963666,annotation_llm,152.0,彭双阶,非线性泛函分析,华中师范大学,2011,
2508,吴臻,A5064963854,annotation,I154099455,annotation_llm,182.0,吴臻,随机最优控制和正倒向随机微分方程理论及其应用,山东大学,2011,
2509,曹永罗,A5111733287,annotation,I3923682,annotation_llm,87.0,曹永罗,动力系统,苏州大学,2011,
2510,林华珍,A5002260956,annotation,I204831749,annotation_llm,99.0,林华珍,非参数统计的理论及应用,西南财经大学,2011,
2511,麻希南,A5100630959,annotation,I126520041,annotation_llm,67.0,麻希南,非线性椭圆偏微分方程,中国科学技术大学,2011,
2512,崔贵珍,A5028780708,annotation,I4210120485,annotation_llm,34.0,崔贵珍,复动力系统,中国科学院数学与系统科学研究院,2011,
2513,戴彧虹,A5109187979,annotation,I4210120485,annotation_llm,209.0,戴彧虹,非线性优化计算方法与理论,中国科学院数学与系统科学研究院,2011,
2515,彭志科,A5073030532,annotation,I183067930,annotation_llm,528.0,彭志科,复杂机电系统非线性动力学频域辨识方法,上海交通大学,2011,
2516,龚兴龙,A5078908602,annotation,I126520041,annotation_llm,454.0,龚兴龙,实验固体力学,中国科学技术大学,2011,
2517,陈少华,A5100335691,annotation,I4210157653,annotation_llm,171.0,陈少华,微尺度塑性与表面/界面力学,中国科学院力学研究所,2011,
2518,倪明玖,A5114040258,annotation,I4210165038,annotation_llm,164.0,倪明玖,磁约束核聚变环境下液态金属磁流体力学效应的研究,中国科学院大学,2011,
2519,徐海光,A5007522827,annotation,I183067930,annotation_llm,151.0,徐海光,星系和星系团的X射线研究、宇宙低频射电辐射研究,上海交通大学,2011,
2520,张枚,A5064687667,annotation,I4210164580,annotation_llm,263.0,张枚,基于磁螺度积累的太阳日冕物质抛射模型,中国科学院国家天文台,2011,
2521,赵长印,A5051870262,annotation,I2802340896,annotation_llm,11.0,赵长印,人造天体动力学,中国科学院紫金山天文台,2011,
2523,朱诗亮,A5006580225,annotation,I187400657,annotation_llm,268.0,朱诗亮,超冷原子和量子信息研究,华南师范大学,2011,
2524,张天才,A5007757589,annotation,I181877577,annotation_llm,235.0,张天才,冷原子与腔量子电动力学,山西大学,2011,
2525,帅建伟,A5069370586,annotation,I191208505,annotation_llm,237.0,帅建伟,计算生物物理,厦门大学,2011,
2526,李风华,A5100325261,annotation,I4210099069,annotation_llm,420.0,李风华,深海与过渡海区声场相干特性及其应用研究,中国科学院声学研究所,2011,
2527,戴希,A5069152800,annotation,I4210159876,annotation_llm,491.0,戴希,强关联材料的第一性原理计算方法的发展和应用,中国科学院物理研究所,2011,
2528,苏光辉,A5031866048,annotation,I87445476,annotation_llm,856.0,苏光辉,先进核能系统热工、物理及其耦合,西安交通大学,2011,
2529,冯波,A5064082086,annotation,I76130692,annotation_llm,316.0,冯波,场的一般理论和超弦理论,浙江大学,2011,
2532,沈百飞,A5013385111,annotation,I4210135349,annotation_llm,319.0,沈百飞,强场激光等离子体物理,中国科学院上海光学精密机械研究所,2011,
2533,孙晓明,A5100382892,annotation,I75390827,annotation_llm,606.0,孙晓明,无机化学,北京化工大学,2011,
2534,王泉明,A5084707324,annotation,I191208505,annotation_llm,441.0,王泉明,簇合物的设计、结构与性能,厦门大学,2011,
2536,易涛,A5100681723,annotation,I24943067,annotation_llm,405.0,易涛,超分子功能材料,复旦大学,2011,
2537,江华,A5030183640,annotation,I25254941,annotation_llm,242.0,江华,超分子有机化学,北京师范大学,2011,
2540,周永贵,A5100749221,annotation,I180585399,annotation_llm,546.0,周永贵,不对称催化氢化,中国科学院大连化学物理研究所,2011,
2541,胡文浩,A5074406685,annotation,I66867065,annotation_llm,966.0,胡文浩,多组分反应,华东师范大学,2011,
2542,刘元红,A5000710102,annotation,I4210112946,annotation_llm,675.0,刘元红,前过渡金属参与的反应方法学及选择性调控,中国科学院上海有机化学研究所,2011,
2544,庄林,A5025466061,annotation,I37461747,annotation_llm,283.0,庄林,电化学催化,武汉大学,2011,
2545,侯中怀,A5060411923,annotation,I126520041,annotation_llm,213.0,侯中怀,介观化学体系非平衡统计问题,中国科学技术大学,2011,
2546,刘志敏,A5100739124,annotation,I4210155088,annotation_llm,609.0,刘志敏,纳米催化材料可控合成的新方法及其性能研究,中国科学院化学研究所,2011,
2547,赵永生,A5113851131,annotation,I4210155088,annotation_llm,468.0,赵永生,低维有机光子学,中国科学院化学研究所,2011,
2548,周峰,A5026805997,annotation,I4210089297,annotation_llm,1460.0,周峰,物理化学,中国科学院兰州化学物理研究所,2011,
2549,黄飞鹤,A5074785478,annotation,I76130692,annotation_llm,842.0,黄飞鹤,基于主客体分子识别构筑超分子聚合物,浙江大学,2011,
2551,黄飞,A5100620486,annotation,I90610280,annotation_llm,1276.0,黄飞,新型聚合物光电材料及器件,华南理工大学,2011,
2552,魏志祥,A5023937902,annotation,I4210141483,annotation_llm,482.0,魏志祥,光电功能聚合物,国家纳米科学中心,2011,
2553,逯乐慧,A5034003453,annotation,I4210092888,annotation_llm,183.0,逯乐慧,基于谱学技术的纳米传感体系,中国科学院长春应用化学研究所,2011,
2554,龙亿涛,A5034885015,annotation,I143593769,annotation_llm,583.0,龙亿涛,电分析化学,华东理工大学,2011,
2555,汪海林,A5100330276,annotation,I4210144289,annotation_llm,7.0,汪海林,分析化学,中国科学院生态环境研究中心,2011,
2556,杨黄浩,A5034175275,annotation,I80947539,annotation_llm,497.0,杨黄浩,仿生分子识别体系与生物传感研究,福州大学,2011,
2558,罗英武,A5059109137,annotation,I76130692,annotation_llm,169.0,罗英武,聚合反应工程,浙江大学,2011,
2559,姜忠义,A5069350254,annotation,I162868743,annotation_llm,494.0,姜忠义,仿生与生物启发下的膜和膜过程,天津大学,2011,
2560,贺高红,A5100776781,annotation,I27357992,annotation_llm,657.0,贺高红,有机非多孔膜,大连理工大学,2011,
2561,邢卫红,A5008053838,annotation,I134687103,annotation_llm,482.0,邢卫红,材料化学工程,南京工业大学,2011,
2562,林璋,A5107878449,annotation,I90610280,annotation_llm,23.0,林璋,环境化学,华南理工大学,2011,
2563,胡春,A5108063826,annotation,I4210144289,annotation_llm,478.0,胡春,水污染控制化学,中国科学院生态环境研究中心,2011,
2564,张长生,A5100687487,annotation,I4210103685,annotation_llm,398.0,张长生,微生物生理与生物化学,中国科学院南海海洋研究所,2011,
2565,张立新,A5100427821,annotation,I4210134982,annotation_llm,1156.0,张立新,微生物活性物质抗耐药真菌的机制研究,中国科学院微生物研究所,2011,
2566,王华林,A5100637950,annotation,I4210106882,annotation_llm,159.0,王华林,杆状病毒膜融合蛋白介导病毒入侵的分子机制,中国科学院武汉病毒研究所,2011,
2567,黄善金,A5025267062,annotation,I4210158097,annotation_llm,128.0,黄善金,植物细胞骨架结构与功能,中国科学院植物研究所,2011,
2568,孔宏智,A5017182113,annotation,I4210158097,annotation_llm,86.0,孔宏智,植物进化与发育,中国科学院植物研究所,2011,
2569,任东涛,A5039220474,annotation,I52158045,annotation_llm,61.0,任东涛,植物细胞信号转导研究,中国农业大学,2011,
2570,韦革宏,A5054691355,annotation,I89652312,annotation_llm,103.0,韦革宏,微生物多样性及生态,西北农林科技大学,2011,
2571,尹佟明,A5100674903,annotation,I167027274,annotation_llm,175.0,尹佟明,林木遗传育种学,南京林业大学,2011,
2573,张令强,A5007903303,annotation,I2802541053,annotation_llm,3.0,张令强,蛋白质泛素化修饰与功能调控,中国人民解放军军事医学科学院,2011,
2574,金勇丰,A5011297387,annotation,I76130692,annotation_llm,163.0,金勇丰,RNA可变剪接和编辑研究,浙江大学,2011,
2576,王常勇,A5009389420,annotation,I2802541053,annotation_llm,1.0,王常勇,组织工程学,中国人民解放军军事医学科学院,2011,
2577,李武,A5100326385,annotation,I25254941,annotation_llm,68.0,李武,视觉认知与学习的脑机制,北京师范大学,2011,
2578,于翔,A5009703635,annotation,I4210106477,annotation_llm,90.0,于翔,细胞神经生物学,中国科学院上海生命科学研究院,2011,
2579,蒋太交,A5062116814,annotation,I4210112540,annotation_llm,123.0,蒋太交,发展计算与系统生物学方法研究流感传播传染规律及其分子机理,中国科学院生物物理研究所,2011,
2580,周天华,A5082642322,annotation,I76130692,annotation_llm,313.0,周天华,细胞生物学,浙江大学,2011,
2582,周奕华,A5033408328,annotation,I4210124606,annotation_llm,212.0,周奕华,农学-稻类作物种质资源和遗传育种,中国科学院遗传与发育生物学研究所,2011,
2583,李付广,A5066713704,annotation,I4210106793,annotation_llm,221.0,李付广,棉花高频再生性状的遗传与应用研究,中国农业科学院棉花研究所,2011,
2585,单卫星,A5055247536,annotation,I89652312,annotation_llm,89.0,单卫星,作物卵菌病害,西北农林科技大学,2011,
2586,姜道宏,A5041405688,annotation,I204823248,annotation_llm,248.0,姜道宏,真菌病毒与生物防治,华中农业大学,2011,
2587,郭文武,A5033362731,annotation,I204823248,annotation_llm,158.0,郭文武,柑橘种质创新与遗传改良,华中农业大学,2011,
2589,刘雅红,A5101915753,annotation,I101479585,annotation_llm,242.0,刘雅红,兽医药理学与毒理学,华南农业大学,2011,
2592,彭军,A5013532908,annotation,I154099455,annotation_llm,215.0,彭军,原发免疫性血小板减少症免疫耐受研究,山东大学,2011,
2593,曾凡一,A5091855652,annotation,I183067930,annotation_llm,83.0,曾凡一,重编程技术在遗传病个体化基因治疗领域的应用研究,上海交通大学,2011,
2595,孙斐,A5091513274,annotation,I126520041,annotation_llm,223.0,孙斐,精子发生异常与男性不育,中国科学技术大学,2011,
2596,罗湘杭,A5100647869,annotation,I139660479,annotation_llm,156.0,罗湘杭,内分泌代谢病学,中南大学,2011,
2597,何明光,A5015914756,annotation,I157773358,annotation_llm,960.0,何明光,眼科学,中山大学,2011,
2598,袁慧军,A5015342715,annotation,I2802939634,annotation_llm,143.0,袁慧军,新致聋基因的发现、功能研究及临床应用转化,中国人民解放军总医院,2011,
2599,吴志英,A5065162774,annotation,I24943067,annotation_llm,292.0,吴志英,神经病学,复旦大学,2011,
2600,袁增强,A5081491205,annotation,I4210112540,annotation_llm,171.0,袁增强,神经病学,中国科学院生物物理研究所,2011,
2602,王恒樑,A5018309024,annotation,I2802541053,annotation_llm,123.0,王恒樑,病原细菌,中国人民解放军军事医学科学院,2011,
2604,欧阳宏伟,A5100782437,annotation,I76130692,annotation_llm,223.0,欧阳宏伟,运动医学,浙江大学,2011,
2605,康铁邦,A5082321957,annotation,I157773358,annotation_llm,353.0,康铁邦,肿瘤学(肿瘤病因),中山大学,2011,
2606,何祥火,A5027937699,annotation,I183067930,annotation_llm,306.0,何祥火,肿瘤分子生物学,上海交通大学,2011,
2607,周钢桥,A5072106006,annotation,I2802541053,annotation_llm,145.0,周钢桥,医学遗传学和基因组学,中国人民解放军军事医学科学院,2011,
2608,程树群,A5019804488,annotation,I177933477,annotation_llm,283.0,程树群,肝癌门静脉癌栓发生的分子机制,中国人民解放军第二军医大学,2011,
2611,张翱,A5100437582,annotation,I4210112820,annotation_llm,300.0,张翱,药物化学,中国科学院上海药物研究所,2011,
2612,吴军,A5100341514,annotation,I159948400,annotation_llm,358.0,吴军,天然药物化学,暨南大学,2011,
2614,高秀梅,A5078126271,annotation,I12411659,annotation_llm,530.0,高秀梅,中医方剂,天津中医药大学,2011,
2615,丁侃,A5042363295,annotation,I4210112820,annotation_llm,235.0,丁侃,中药学/糖生物学,中国科学院上海药物研究所,2011,
2616,邹建文,A5091512453,annotation,I119454577,annotation_llm,199.0,邹建文,土壤碳氮循环与全球变化,南京农业大学,2012,
2617,邾继贵,A5002823524,annotation,I162868743,annotation_llm,136.0,邾继贵,机械测试理论、方法与技术,天津大学,2012,
2618,朱东强,A5028139667,annotation,I20231570,annotation_llm,194.0,朱东强,水环境中有机污染物界面过程研究,北京大学,2012,
2619,朱弟成,A5090951888,annotation,I3125743391,annotation_llm,238.0,朱弟成,岩石学,中国地质大学(北京),2012,
2620,周永丰,A5058987912,annotation,I183067930,annotation_llm,279.0,周永丰,超支化聚合物的自组装及细胞模拟化学研究,上海交通大学,2012,
2623,周海军,A5008074295,annotation,I4210125404,annotation_llm,251.0,周海军,自旋玻璃统计物理学及其交叉学科应用,中国科学院理论物理研究所,2012,
2624,钟志远,A5039037778,annotation,I3923682,annotation_llm,425.0,钟志远,生物医用高分子,苏州大学,2012,
2625,郑玉峰,A5100732001,annotation,I20231570,annotation_llm,102.0,郑玉峰,新型生物医用金属材料,北京大学,2012,
2626,郑小平,A5101926670,annotation,I99065089,annotation_llm,710.0,郑小平,公共安全与应急管理,清华大学,2012,
2627,赵玉民,A5074719963,annotation,I183067930,annotation_llm,183.0,赵玉民,原子核结构理论,上海交通大学,2012,
2628,赵永好,A5100637219,annotation,I36399199,annotation_llm,295.0,赵永好,纳米金属材料的力学性能和变形机理,南京理工大学,2012,
2629,赵长生,A5069133334,annotation,I24185976,annotation_llm,407.0,赵长生,抗凝血功能高分子膜材料的研究,四川大学,2012,
2630,张忠,A5100350971,annotation,I4210141483,annotation_llm,606.0,张忠,纳米复合材料力学设计和实验研究,国家纳米科学中心,2012,
2636,张宏,A5100430372,annotation,I4210112540,annotation_llm,581.0,张宏,发育生物学,中国科学院生物物理研究所,2012,
2637,袁慎芳,A5050331528,annotation,I9842412,annotation_llm,215.0,袁慎芳,航空智能结构与健康监测,南京航空航天大学,2012,
2638,俞燕蕾,A5085548526,annotation,I24943067,annotation_llm,224.0,俞燕蕾,光响应液晶高分子材料,复旦大学,2012,
2639,余玉刚,A5020076931,annotation,I126520041,annotation_llm,253.0,余玉刚,工业工程管理,中国科学技术大学,2012,
2640,于志强,A5055896416,annotation,I3018690959,annotation_llm,313.0,于志强,环境地球化学,中国科学院广州地球化学研究所,2012,
2642,叶强,A5032487108,annotation,I204983213,annotation_llm,280.0,叶强,社会媒体背景下的电子商务研究,哈尔滨工业大学,2012,
2643,姚裕贵,A5065260634,annotation,I125839683,annotation_llm,480.0,姚裕贵,固体材料中贝里相位的第一性原理研究,北京理工大学,2012,
2644,姚斌,A5008371533,annotation,I4210149219,annotation_llm,497.0,姚斌,饲料用酶的分子生物学,中国农业科学院饲料研究所,2012,
2645,杨弋,A5022054064,annotation,I143593769,annotation_llm,276.0,杨弋,细胞分子过程成像及操纵的生物化学与生物物理新技术,华东理工大学,2012,
2647,杨淑华,A5011499963,annotation,I52158045,annotation_llm,145.0,杨淑华,植物抗性生理,中国农业大学,2012,
2648,杨守业,A5084215803,annotation,I116953780,annotation_llm,340.0,杨守业,河流与海洋沉积地球化学,同济大学,2012,
2649,杨华明,A5075384905,annotation,I139660479,annotation_llm,412.0,杨华明,矿物资源精细化加工的基础理论与应用实践,中南大学,2012,
2650,颜晓梅,A5013469956,annotation,I191208505,annotation_llm,375.0,颜晓梅,生化分析与生物传感,厦门大学,2012,
2651,许学军,A5100742189,annotation,I4210120485,annotation_llm,282.0,许学军,有限元方法及其应用,中国科学院数学与系统科学研究院,2012,
2654,徐心,A5020678311,annotation,I99065089,annotation_llm,238.0,徐心,企业信息管理——信息技术在企业管理中的应用与影响,清华大学,2012,
2655,徐仁新,A5020891793,annotation,I20231570,annotation_llm,498.0,徐仁新,脉冲星与夸克星,北京大学,2012,
2656,徐立军,A5043551995,annotation,I82880672,annotation_llm,538.0,徐立军,复杂流动体系的在线监测理论与关键技术研究,北京航空航天大学,2012,
2657,徐常胜,A5022636178,annotation,I4210112150,annotation_llm,849.0,徐常胜,多媒体内容分析与搜索,中国科学院自动化研究所,2012,
2658,谢丹,A5075846774,annotation,I157773358,annotation_llm,660.0,谢丹,肿瘤学(消化系统肿瘤),中山大学,2012,
2659,肖少波,A5066099820,annotation,I204823248,annotation_llm,366.0,肖少波,动物传染病学,华中农业大学,2012,
2660,向文胜,A5060857562,annotation,I169572211,annotation_llm,473.0,向文胜,微生物天然产物农药,东北农业大学,2012,
2661,相里斌,A5100979283,annotation,I4210151155,annotation_llm,12.0,相里斌,计算光谱成像技术研究,中国科学院光电研究院,2012,
2662,夏元清,A5064231378,annotation,I125839683,annotation_llm,1219.0,夏元清,多源信息复杂系统控制基础理论与方法,北京理工大学,2012,
2663,夏群科,A5063054537,annotation,I126520041,annotation_llm,214.0,夏群科,上地幔中的水,中国科学技术大学,2012,
2664,吴晓磊,A5071925119,annotation,I20231570,annotation_llm,224.0,吴晓磊,陆生环境微生物学,北京大学,2012,
2665,吴庆龙,A5100839355,annotation,I4210134482,annotation_llm,2.0,吴庆龙,水域微生物生态学,中国科学院南京地理与湖泊研究所,2012,
2667,吴宏滨,A5033053753,annotation,I90610280,annotation_llm,411.0,吴宏滨,有机/聚合物光电子器件,华南理工大学,2012,
2668,吴宏,A5101852322,annotation,I4210164580,annotation_llm,231.0,吴宏,近邻星系的光学红外性质,中国科学院国家天文台,2012,
2669,吴春明,A5009347661,annotation,I4210165038,annotation_llm,167.0,吴春明,变质地质学与前寒武纪地质学,中国科学院大学,2012,
2670,文桂林,A5021240025,annotation,I16609230,annotation_llm,156.0,文桂林,非光滑系统非线性理论、控制及其工程应用,湖南大学,2012,
2671,魏永革,A5035589049,annotation,I99065089,annotation_llm,582.0,魏永革,多酸及其有机衍生物化学,清华大学,2012,
2672,魏进家,A5079595728,annotation,I87445476,annotation_llm,213.0,魏进家,两相流动与传热,西安交通大学,2012,
2673,卫敏,A5084055697,annotation,I75390827,annotation_llm,542.0,卫敏,无机超分子插层组装化学,北京化工大学,2012,
2675,王源超,A5028607835,annotation,I119454577,annotation_llm,510.0,王源超,植物卵菌病害,南京农业大学,2012,
2676,王训明,A5053385409,annotation,I4210160793,annotation_llm,157.0,王训明,风沙地貌与沙漠化,中国科学院地理科学与资源研究所,2012,
2679,王祥科,A5085719140,annotation,I153473198,annotation_llm,798.0,王祥科,环境放射化学,华北电力大学,2012,
2682,王沛芳,A5049129847,annotation,I163340411,annotation_llm,693.0,王沛芳,水环境保护与生态修复,河海大学,2012,
2684,王开友,A5100367742,annotation,I4210149211,annotation_llm,157.0,王开友,铁磁半导体及碳基自旋电子学,中国科学院半导体研究所,2012,
2685,王金淑,A5069598758,annotation,I37796252,annotation_llm,469.0,王金淑,粉末冶金与粉体工程,北京工业大学,2012,
2688,王海辉,A5100628512,annotation,I90610280,annotation_llm,607.0,王海辉,无机膜分离与膜催化,华南理工大学,2012,
2692,王成树,A5071518021,annotation,I4210106477,annotation_llm,232.0,王成树,害虫生防真菌致病机理与遗传改造,中国科学院上海生命科学研究院,2012,
2693,王朝晖,A5100358029,annotation,I4210155088,annotation_llm,883.0,王朝晖,有机分子功能材料化学,中国科学院化学研究所,2012,
2694,王爱杰,A5042318951,annotation,I204983213,annotation_llm,693.0,王爱杰,污染物定向生物转化及资源化,哈尔滨工业大学,2012,
2695,田文寿,A5069814001,annotation,I76214153,annotation_llm,198.0,田文寿,大气化学与气候的相互作用以及平流层对流层物质交换,兰州大学,2012,
2697,陶建军,A5030859110,annotation,I20231570,annotation_llm,73.0,陶建军,流动稳定性,北京大学,2012,
2698,唐年胜,A5029728794,annotation,I189210763,annotation_llm,206.0,唐年胜,生物医学数据的统计推断,云南大学,2012,
2699,唐淳,A5025546327,annotation,I4210099135,annotation_llm,156.0,唐淳,生物大分子核磁共振,中国科学院武汉物理与数学研究所,2012,
2700,谭忆秋,A5083790875,annotation,I204983213,annotation_llm,389.0,谭忆秋,沥青路面结构与材料,哈尔滨工业大学,2012,
2701,谭平恒,A5020880808,annotation,I4210149211,annotation_llm,361.0,谭平恒,二维超薄层状晶体材料的光学性质研究,中国科学院半导体研究所,2012,
2702,邰仁忠,A5008020941,annotation,I4210123885,annotation_llm,234.0,邰仁忠,软X射线显微,中国科学院上海应用物理研究所,2012,
2703,孙志梅,A5059875221,annotation,I82880672,annotation_llm,366.0,孙志梅,半导体材料,北京航空航天大学,2012,
2704,孙俊奇,A5032829548,annotation,I194450716,annotation_llm,211.0,孙俊奇,聚合物层层组装膜,吉林大学,2012,
2705,孙红文,A5100688661,annotation,I205237279,annotation_llm,239.0,孙红文,环境地球化学,南开大学,2012,
2706,孙倍成,A5014017713,annotation,I83519826,annotation_llm,238.0,孙倍成,慢性炎症与肝癌,南京医科大学,2012,
2707,帅心涛,A5033843685,annotation,I157773358,annotation_llm,298.0,帅心涛,生物医用高分子材料,中山大学,2012,
2708,时杰,A5005240419,annotation,I20231570,annotation_llm,330.0,时杰,药物成瘾的神经机制与防治,北京大学,2012,
2709,盛利,A5105798207,annotation,I881766915,annotation_llm,1.0,盛利,凝聚态物理,南京大学,2012,
2710,盛况,A5062220386,annotation,I76130692,annotation_llm,426.0,盛况,碳化硅电力电子器件基础研究,浙江大学,2012,
2711,邵峰,A5013385995,annotation,I4210086405,annotation_llm,222.0,邵峰,病原菌感染和宿主天然免疫,北京生命科学研究所,2012,
2712,任丰原,A5080197427,annotation,I99065089,annotation_llm,216.0,任丰原,网络流量管理与控制,清华大学,2012,
2713,乔俊飞,A5055432844,annotation,I37796252,annotation_llm,530.0,乔俊飞,城市污水处理过程建模、控制与优化,北京工业大学,2012,
2714,戚益军,A5061966375,annotation,I99065089,annotation_llm,120.0,戚益军,基因表达调控与表观遗传学,清华大学,2012,
2715,彭慧胜,A5023035506,annotation,I24943067,annotation_llm,509.0,彭慧胜,取向碳纳米管/高分子新型复合材料在能源领域的应用基础研究,复旦大学,2012,
2716,欧阳钢锋,A5063486606,annotation,I157773358,annotation_llm,578.0,欧阳钢锋,环境分析化学,中山大学,2012,
2717,牛利,A5111709519,annotation,I4210092888,annotation_llm,658.0,牛利,电分析化学,中国科学院长春应用化学研究所,2012,
2719,聂静,A5035503326,annotation,I58200834,annotation_llm,318.0,聂静,肾脏纤维化的分子机制和防治策略,南方医科大学,2012,
2720,马军安,A5040829256,annotation,I162868743,annotation_llm,405.0,马军安,含氟有机化合物不对称控制合成,天津大学,2012,
2721,吕笑梅,A5100723791,annotation,I881766915,annotation_llm,248.0,吕笑梅,铁电低维材料的制备及相关效应研究,南京大学,2012,
2722,罗晓东,A5046133135,annotation,I13850615,annotation_llm,358.0,罗晓东,天然药物化学,中国科学院昆明植物研究所,2012,
2723,陆延青,A5020666400,annotation,I881766915,annotation_llm,719.0,陆延青,光与线性、非线性人工光学微结构的相互作用及功能集成,南京大学,2012,
2724,陆安慧,A5012152061,annotation,I27357992,annotation_llm,391.0,陆安慧,炭材料的物理化学基础,大连理工大学,2012,
2725,鲁雄刚,A5056452720,annotation,I113940042,annotation_llm,306.0,鲁雄刚,冶金过程可控氧流新技术的基础理论研究,上海大学,2012,
2727,刘耘,A5043983335,annotation,I4210135735,annotation_llm,251.0,刘耘,计算地球化学,中国科学院地球化学研究所,2012,
2733,刘加平,A5107874405,annotation,I4210086186,annotation_llm,627.0,刘加平,水泥基材料服役特性与提升的关键科学问题,江苏省建筑科学研究院有限公司,2012,
2734,刘会娟,A5100784678,annotation,I4210144289,annotation_llm,8.0,刘会娟,环境工程,中国科学院生态环境研究中心,2012,
2735,刘国生,A5055508803,annotation,I4210112946,annotation_llm,427.0,刘国生,金属有机化学,中国科学院上海有机化学研究所,2012,
2736,林伟,A5068218473,annotation,I4210126061,annotation_llm,146.0,林伟,构造地质学,中国科学院地质与地球物理研究所,2012,
2737,林厚文,A5045258292,annotation,I177933477,annotation_llm,428.0,林厚文,天然药物化学,中国人民解放军第二军医大学,2012,
2738,梁兴杰,A5055629026,annotation,I4210141483,annotation_llm,605.0,梁兴杰,纳米生物材料,国家纳米科学中心,2012,
2739,梁卫国,A5044397946,annotation,I9086337,annotation_llm,95.0,梁卫国,原位溶浸采矿理论与技术,太原理工大学,2012,
2741,李志波,A5100629999,annotation,I143413998,annotation_llm,654.0,李志波,智能高分子材料,青岛科技大学,2012,
2742,李永平,A5100720497,annotation,I153473198,annotation_llm,867.0,李永平,流域水资源管理,华北电力大学,2012,
2744,李小森,A5051852537,annotation,I4210128491,annotation_llm,470.0,李小森,天然气水合物物性和分解机理的研究,中国科学院广州能源研究所,2012,
2750,李克秋,A5111982109,annotation,I27357992,annotation_llm,347.0,李克秋,数据中心网络,大连理工大学,2012,
2751,李劲松,A5110712434,annotation,I4210106477,annotation_llm,119.0,李劲松,细胞重编程与胚胎发育,中国科学院上海生命科学研究院,2012,
2752,李海梁,A5114042356,annotation,I96852419,annotation_llm,116.0,李海梁,偏微分方程,首都师范大学,2012,
2754,冷劲松,A5017651506,annotation,I204983213,annotation_llm,2.0,冷劲松,大变形智能复合材料的力学行为,哈尔滨工业大学,2012,
2755,雷群英,A5086236254,annotation,I24943067,annotation_llm,169.0,雷群英,肿瘤分子生物学,复旦大学,2012,
2756,赖锦盛,A5005573660,annotation,I52158045,annotation_llm,190.0,赖锦盛,玉米基因组学和分子育种研究,中国农业大学,2012,
2757,孔旭,A5035399113,annotation,I126520041,annotation_llm,316.0,孔旭,星系形成演化及星族合成研究,中国科学技术大学,2012,
2758,孔炜,A5032109161,annotation,I20231570,annotation_llm,323.0,孔炜,血管功能稳态调节与心血管疾病,北京大学,2012,
2759,康世昌,A5042642226,annotation,I4210141476,annotation_llm,1193.0,康世昌,冰冻圈地理学,中国科学院青藏高原研究所,2012,
2760,金章东,A5109536847,annotation,I4210159790,annotation_llm,294.0,金章东,湖泊流域化学风化,中国科学院地球环境研究所,2012,
2761,蒋欣泉,A5102746281,annotation,I183067930,annotation_llm,166.0,蒋欣泉,口腔医学,上海交通大学,2012,
2762,江安全,A5102850722,annotation,I24943067,annotation_llm,179.0,江安全,高密度铁电二极管存储器及其先进测量技术研究,复旦大学,2012,
2763,贾德昌,A5012128516,annotation,I204983213,annotation_llm,758.0,贾德昌,先进陶瓷与陶瓷基复合材料,哈尔滨工业大学,2012,
2764,惠利健,A5049475098,annotation,I4210106477,annotation_llm,129.0,惠利健,细胞生物学,中国科学院上海生命科学研究院,2012,
2766,黄文,A5100663350,annotation,I126520041,annotation_llm,172.0,黄文,拓扑动力系统与遍历理论,中国科学技术大学,2012,
2767,黄三文,A5036428702,annotation,I4210119469,annotation_llm,276.0,黄三文,蔬菜种质资源与遗传育种学,中国农业科学院蔬菜花卉研究所,2012,
2769,黄灿华,A5056106013,annotation,I24185976,annotation_llm,331.0,黄灿华,肿瘤蛋白质组学,四川大学,2012,
2771,胡志斌,A5084213516,annotation,I83519826,annotation_llm,790.0,胡志斌,流行病学,南京医科大学,2012,
2772,胡有洪,A5036061746,annotation,I4210112820,annotation_llm,127.0,胡有洪,药物化学,中国科学院上海药物研究所,2012,
2773,胡小永,A5045232016,annotation,I20231570,annotation_llm,297.0,胡小永,光子晶体微纳光子器件的材料和物理研究,北京大学,2012,
2774,胡水明,A5012398044,annotation,I126520041,annotation_llm,305.0,胡水明,高精度原子分子光谱学,中国科学技术大学,2012,
2775,胡俊杰,A5016681175,annotation,I205237279,annotation_llm,141.0,胡俊杰,生物膜结构与功能,南开大学,2012,
2776,胡海岚,A5036771177,annotation,I76130692,annotation_llm,108.0,胡海岚,系统神经生物学,浙江大学,2012,
2777,侯增广,A5109333020,annotation,I4210112150,annotation_llm,582.0,侯增广,机器人系统的智能控制,中国科学院自动化研究所,2012,
2778,贺永,A5039562624,annotation,I25254941,annotation_llm,535.0,贺永,基于神经影像的人脑连接组学研究,北京师范大学,2012,
2779,贺雄雷,A5064887073,annotation,I157773358,annotation_llm,102.0,贺雄雷,比较基因组与进化,中山大学,2012,
2780,何桢,A5100427769,annotation,I162868743,annotation_llm,300.0,何桢,质量管理与质量工程,天津大学,2012,
2781,郭玉国,A5070372567,annotation,I4210155088,annotation_llm,578.0,郭玉国,能量转换与储存材料研究,中国科学院化学研究所,2012,
2782,郭雪峰,A5089136882,annotation,I20231570,annotation_llm,376.0,郭雪峰,物理化学,北京大学,2012,
2783,郭立新,A5009314993,annotation,I149594827,annotation_llm,1070.0,郭立新,目标和地海环境复合电磁散射理论建模与特征分析研究,西安电子科技大学,2012,
2784,郭建东,A5084523078,annotation,I4210159876,annotation_llm,185.0,郭建东,复杂过渡金属氧化物人工低维结构,中国科学院物理研究所,2012,
2785,郭弘,A5100717689,annotation,I20231570,annotation_llm,735.0,郭弘,空间量子通信的理论、方法及技术研究,北京大学,2012,
2786,关柏鸥,A5009862759,annotation,I159948400,annotation_llm,721.0,关柏鸥,光纤传感器,暨南大学,2012,
2787,葛蔚,A5109433861,annotation,I4210133325,annotation_llm,271.0,葛蔚,流态化技术和多相流反应工程,中国科学院过程工程研究所,2012,
2788,付保华,A5102341263,annotation,I4210120485,annotation_llm,79.0,付保华,代数几何,中国科学院数学与系统科学研究院,2012,
2789,段志生,A5030430394,annotation,I20231570,annotation_llm,413.0,段志生,复杂耦合系统控制与应用,北京大学,2012,
2790,段慧玲,A5073500692,annotation,I20231570,annotation_llm,340.0,段慧玲,非均质材料及结构力学,北京大学,2012,
2791,董云鹏,A5085707063,annotation,I37802460,annotation_llm,367.0,董云鹏,造山带构造演化与动力学,西北大学,2012,
2793,邓祥征,A5073957579,annotation,I4210160793,annotation_llm,247.0,邓祥征,土地利用管理与政策,中国科学院地理科学与资源研究所,2012,
2794,戴志飞,A5036688480,annotation,I20231570,annotation_llm,143.0,戴志飞,医学超声与声学造影剂,北京大学,2012,
2795,崔大祥,A5068585060,annotation,I183067930,annotation_llm,669.0,崔大祥,影像医学与生物医学工程,上海交通大学,2012,
2796,仇荣亮,A5006541287,annotation,I157773358,annotation_llm,619.0,仇荣亮,重金属污染土壤修复,中山大学,2012,
2801,陈卫忠,A5101568693,annotation,I154099455,annotation_llm,210.0,陈卫忠,岩土力学与岩土工程,山东大学,2012,
2802,陈仁朋,A5018930545,annotation,I76130692,annotation_llm,279.0,陈仁朋,高速交通路堤地基长期力学行为,浙江大学,2012,
2803,陈萍,A5061915249,annotation,I180585399,annotation_llm,862.0,陈萍,储氢材料研究,中国科学院大连化学物理研究所,2012,
2805,陈凌,A5100411088,annotation,I4210126061,annotation_llm,397.0,陈凌,地震学,中国科学院地质与地球物理研究所,2012,
2807,陈军武,A5085620585,annotation,I90610280,annotation_llm,329.0,陈军武,高分子光电器件界面修饰相关新型高分子材料结构设计与性能研究,华南理工大学,2012,
2808,陈焕文,A5101786363,annotation,I4210119674,annotation_llm,281.0,陈焕文,复杂基体样品直接质谱分析方法研究,东华理工大学,2012,
2809,陈航榕,A5013084576,annotation,I4210163874,annotation_llm,337.0,陈航榕,介孔结构纳米复合材料与性能研究,中国科学院上海硅酸盐研究所,2012,
2810,陈光文,A5080771406,annotation,I180585399,annotation_llm,180.0,陈光文,微化学工程与技术,中国科学院大连化学物理研究所,2012,
2811,陈凡,A5100322110,annotation,I4210124606,annotation_llm,251.0,陈凡,农学基础与作物学,中国科学院遗传与发育生物学研究所,2012,
2812,陈畅,A5100449495,annotation,I4210112540,annotation_llm,322.0,陈畅,生理学与整合生物学(细胞代谢与自由基),中国科学院生物物理研究所,2012,
2813,车文荃,A5071149976,annotation,I36399199,annotation_llm,979.0,车文荃,新型微波电路理论与技术,南京理工大学,2012,
2814,曹俊,A5006963606,annotation,I4210137180,annotation_llm,522.0,曹俊,反应堆中微子物理研究,中国科学院高能物理研究所,2012,
2815,姜勇,A5043015046,annotation,I92403157,annotation_llm,427.0,姜勇,金属磁性材料,北京科技大学,2013,
2816,汪的华,A5001972742,annotation,I37461747,annotation_llm,366.0,汪的华,高温熔盐中金属材料的制备及服役行为,武汉大学,2013,
2817,吕广宏,A5102930181,annotation,I82880672,annotation_llm,314.0,吕广宏,面向聚变堆应用的高性能金属材料模拟与设计,北京航空航天大学,2013,
2818,杨春晖,A5034306085,annotation,I204983213,annotation_llm,384.0,杨春晖,光电功能晶体生长与应用研究,哈尔滨工业大学,2013,
2819,曹安源,A5108734696,annotation,I20231570,annotation_llm,166.0,曹安源,功能碳纳米材料与应用,北京大学,2013,
2820,高彦峰,A5101854828,annotation,I113940042,annotation_llm,475.0,高彦峰,V02智能节能材料研究,上海大学,2013,
2821,杜世萱,A5018032683,annotation,I4210159876,annotation_llm,476.0,杜世萱,低维功能纳米材料结构与物性调控的研究,中国科学院物理研究所,2013,
2822,任文才,A5055784049,annotation,I4210126304,annotation_llm,262.0,任文才,二维碳基材料,中国科学院金属研究所,2013,
2825,孙涛垒,A5082534213,annotation,I196699116,annotation_llm,165.0,孙涛垒,手性高分子生物材料,武汉理工大学,2013,
2826,谢志元,A5048052409,annotation,I4210092888,annotation_llm,461.0,谢志元,有机高分子光电器件物理与界面工程,中国科学院长春应用化学研究所,2013,
2827,徐福建,A5082775265,annotation,I75390827,annotation_llm,337.0,徐福建,生物医用高分子材料,北京化工大学,2013,
2828,刘文广,A5100662798,annotation,I162868743,annotation_llm,416.0,刘文广,生物医用高分子材料,天津大学,2013,
2831,金衍,A5029057789,annotation,I4210162190,annotation_llm,17.0,金衍,石油工程岩石力学,中国石油大学(北京),2013,
2832,周福宝,A5100742160,annotation,I25757504,annotation_llm,157.0,周福宝,矿井瓦斯抽采与安全,中国矿业大学,2013,
2833,韩志武,A5100784570,annotation,I194450716,annotation_llm,295.0,韩志武,机械仿生学,吉林大学,2013,
2834,朱利民,A5103205239,annotation,I183067930,annotation_llm,243.0,朱利民,数字化制造与数控加工技术,上海交通大学,2013,
2835,赵玉龙,A5056618863,annotation,I87445476,annotation_llm,182.0,赵玉龙,微/纳机械传感与控制,西安交通大学,2013,
2836,轩福贞,A5024222812,annotation,I143593769,annotation_llm,631.0,轩福贞,机械结构完整性,华东理工大学,2013,
2837,钟文琪,A5036816514,annotation,I76569877,annotation_llm,304.0,钟文琪,气固两相流,东南大学,2013,
2838,朱恂,A5100714863,annotation,I158842170,annotation_llm,868.0,朱恂,微流器件内多相反应流传热传质,重庆大学,2013,
2840,郑萍,A5113582628,annotation,I204983213,annotation_llm,322.0,郑萍,新型特种电机的理论及工程应用技术,哈尔滨工业大学,2013,
2841,康重庆,A5100447205,annotation,I99065089,annotation_llm,536.0,康重庆,电力系统不确定性分析,清华大学,2013,
2843,吴广宁,A5041737286,annotation,I4800084,annotation_llm,441.0,吴广宁,高速铁路电气绝缘技术,西南交通大学,2013,
2844,贾申利,A5051230716,annotation,I87445476,annotation_llm,424.0,贾申利,开关电器电弧特性研究,西安交通大学,2013,
2845,肖建庄,A5006764304,annotation,I116953780,annotation_llm,475.0,肖建庄,结构工程,同济大学,2013,
2847,席北斗,A5047791303,annotation,I4210156332,annotation_llm,378.0,席北斗,城镇固体废弃物处置与资源化,中国环境科学研究院,2013,
2849,夏星辉,A5068004315,annotation,I25254941,annotation_llm,292.0,夏星辉,多泥沙河流的水环境过程和效应,北京师范大学,2013,
2850,周小平,A5085644079,annotation,I158842170,annotation_llm,426.0,周小平,岩土体本构关系与数值模拟,重庆大学,2013,
2851,胡少伟,A5101458565,annotation,I4210111986,annotation_llm,94.0,胡少伟,水工混凝土结构工程,水利部交通运输部国家能源局南京水利科学研究院,2013,
2852,程建功,A5102501534,annotation,I4210147322,annotation_llm,146.0,程建功,新型敏感材料特性与传感器,中国科学院上海微系统与信息技术研究所,2013,
2853,余建军,A5089977649,annotation,I24943067,annotation_llm,1003.0,余建军,超宽带光纤传输系统与网络,复旦大学,2013,
2854,季向阳,A5024401174,annotation,I99065089,annotation_llm,434.0,季向阳,视频编码,清华大学,2013,
2856,唐小虎,A5029840191,annotation,I4800084,annotation_llm,473.0,唐小虎,分布式存储、再生码,西南交通大学,2013,
2857,陶小峰,A5100624765,annotation,I139759216,annotation_llm,672.0,陶小峰,无线组网的理论、方法和技术,北京邮电大学,2013,
2858,李树涛,A5067097659,annotation,I16609230,annotation_llm,511.0,李树涛,图像信息获取与处理,湖南大学,2013,
2861,陈恩红,A5048237545,annotation,I126520041,annotation_llm,1071.0,陈恩红,情境数据挖掘及应用,中国科学技术大学,2013,
2862,陈小武,A5101579465,annotation,I82880672,annotation_llm,162.0,陈小武,虚拟现实与可视计算,北京航空航天大学,2013,
2864,赵季中,A5101471775,annotation,I87445476,annotation_llm,214.0,赵季中,物联网多维信息智能感知与计算关键技术研究,西安交通大学,2013,
2865,孙希明,A5008939878,annotation,I27357992,annotation_llm,346.0,孙希明,切换时滞系统的理论与应用,大连理工大学,2013,
2866,张颖伟,A5101808276,annotation,I9224756,annotation_llm,196.0,张颖伟,数据驱动的过程控制,东北大学,2013,
2868,方勇纯,A5058644546,annotation,I205237279,annotation_llm,506.0,方勇纯,智能与自主机器人,南开大学,2013,
2869,宋爱国,A5048327458,annotation,I76569877,annotation_llm,584.0,宋爱国,力触觉临场感遥操作机器人基础研究,东南大学,2013,
2870,陈胜勇,A5055627037,annotation,I136765683,annotation_llm,660.0,陈胜勇,机器视觉与图像理解,天津理工大学,2013,
2873,徐科,A5102362259,annotation,I4210092495,annotation_llm,2.0,徐科,大尺寸、高质量氮化镓单晶衬底材料的生长与物性研究,中国科学院苏州纳米技术与纳米仿生研究所,2013,
2874,闫连山,A5100768480,annotation,I4800084,annotation_llm,737.0,闫连山,信息光子与通信,西南交通大学,2013,
2875,杨中民,A5042249141,annotation,I90610280,annotation_llm,374.0,杨中民,有源多组分玻璃光纤与器件,华南理工大学,2013,
2876,郑庆东,A5069855897,annotation,I4210119098,annotation_llm,224.0,郑庆东,有机光电子功能材料与器件,中国科学院福建物质结构研究所,2013,
2877,彭怡,A5039086738,annotation,I150229711,annotation_llm,195.0,彭怡,数据挖掘与多目标决策(研究领域),电子科技大学,2013,
2882,耿涌,A5079063327,annotation,I4210110024,annotation_llm,570.0,耿涌,资源环境管理及政策分析,中国科学院沈阳应用生态研究所,2013,
2883,汤珂,A5058301604,annotation,I99065089,annotation_llm,18.0,汤珂,金融学,清华大学,2013,
2884,区景松,A5004304356,annotation,I157773358,annotation_llm,155.0,区景松,循环系统(心胸外科),中山大学,2013,
2885,马雄,A5064191581,annotation,I183067930,annotation_llm,376.0,马雄,非病毒性肝病免疫学研究,上海交通大学,2013,
2886,赵维莅,A5045752884,annotation,I183067930,annotation_llm,147.0,赵维莅,淋巴细胞疾病,上海交通大学,2013,
2887,张爱华,A5100661691,annotation,I83519826,annotation_llm,488.0,张爱华,慢性肾脏病,南京医科大学,2013,
2888,郭非凡,A5103237067,annotation,I4210106477,annotation_llm,59.0,郭非凡,内分泌系统/代谢和营养支持,中国科学院上海生命科学研究院,2013,
2890,吉训明,A5041731322,annotation,I183519381,annotation_llm,860.0,吉训明,缺血性卒中诊治研究,首都医科大学,2013,
2891,朱心红,A5039420309,annotation,I58200834,annotation_llm,80.0,朱心红,抑郁症发生机制与防治研究,南方医科大学,2013,
2892,曹丰,A5100705984,annotation,I2802939634,annotation_llm,398.0,曹丰,心肌再生的机制及干预的在体分子影像研究,中国人民解放军总医院,2013,
2893,席建忠,A5043772285,annotation,I20231570,annotation_llm,152.0,席建忠,生物芯片,北京大学,2013,
2895,邓红雨,A5014014461,annotation,I4210112540,annotation_llm,137.0,邓红雨,肿瘤病毒学,中国科学院生物物理研究所,2013,
2897,李慧艳,A5015087579,annotation,I2802541053,annotation_llm,2.0,李慧艳,肿瘤免疫,中国人民解放军军事医学科学院,2013,
2898,季红斌,A5109574600,annotation,I4210106477,annotation_llm,399.0,季红斌,呼吸系统肿瘤,中国科学院上海生命科学研究院,2013,
2899,陈策实,A5047917101,annotation,I18489884,annotation_llm,329.0,陈策实,肿瘤生物学,中国科学院昆明动物研究所,2013,
2900,屈卫东,A5001856880,annotation,I24943067,annotation_llm,180.0,屈卫东,饮用水与健康,复旦大学,2013,
2903,龙亚秋,A5031830601,annotation,I4210112820,annotation_llm,60.0,龙亚秋,药物化学,中国科学院上海药物研究所,2013,
2904,杨胜勇,A5069425796,annotation,I24185976,annotation_llm,326.0,杨胜勇,药物设计方法与抗肿瘤靶向药物研究,四川大学,2013,
2906,黄璐琦,A5101979386,annotation,I4210141683,annotation_llm,749.0,黄璐琦,中药资源,中国中医科学院,2013,
2908,郝海平,A5018454768,annotation,I161716053,annotation_llm,411.0,郝海平,中药体内过程与机理,中国药科大学,2013,
2909,范辉军,A5012412179,annotation,I20231570,annotation_llm,46.0,范辉军,辛几何与数学物理,北京大学,2013,
2911,严军,A5080655174,annotation,I24943067,annotation_llm,187.0,严军,哈密尔顿动力系统,复旦大学,2013,
2912,张高飞,A5101689480,annotation,I881766915,annotation_llm,99.0,张高飞,复动力系统,南京大学,2013,
2914,田野,A5102005623,annotation,I4210120485,annotation_llm,28.0,田野,数论,中国科学院数学与系统科学研究院,2013,
2915,张志涛,A5100662177,annotation,I4210120485,annotation_llm,234.0,张志涛,非线性泛函分析,中国科学院数学与系统科学研究院,2013,
2918,梁军,A5004183536,annotation,I204983213,annotation_llm,1196.0,梁军,先进复合材料力学,哈尔滨工业大学,2013,
2922,李成,A5100354274,annotation,I2799714274,annotation_llm,226.0,李成,星系形成,中国科学院上海天文台,2013,
2923,钱声帮,A5064380988,annotation,I2801168720,annotation_llm,218.0,钱声帮,密近双星及其伴星天体的观测与研究,中国科学院云南天文台,2013,
2924,施均仁,A5051603893,annotation,I20231570,annotation_llm,134.0,施均仁,量子输运及材料物性的理论研究,北京大学,2013,
2925,罗洪刚,A5001615685,annotation,I76214153,annotation_llm,346.0,罗洪刚,凝聚态理论与数值方法,兰州大学,2013,
2926,翟荟,A5087437123,annotation,I99065089,annotation_llm,266.0,翟荟,冷原子物理,清华大学,2013,
2928,郑海荣,A5024833275,annotation,I4210145761,annotation_llm,984.0,郑海荣,生物医学超声,中国科学院深圳先进技术研究院,2013,
2929,何珂,A5085258464,annotation,I99065089,annotation_llm,352.0,何珂,表面、界面和低维系统的电子结构及电学性质,清华大学,2013,
2931,涂良成,A5064697095,annotation,I47720641,annotation_llm,177.0,涂良成,精密扭秤实验技术及其应用,华中科技大学,2013,
2932,高喆,A5066018924,annotation,I99065089,annotation_llm,201.0,高喆,磁约束等离子体中波与不稳定性若干问题研究,清华大学,2013,
2933,司宗国,A5073826935,annotation,I154099455,annotation_llm,157.0,司宗国,Top夸克、QCD和标准模型之外的新物理,山东大学,2013,
2935,彭卿,A5091365456,annotation,I99065089,annotation_llm,178.0,彭卿,无机纳米合成化学,清华大学,2013,
2936,吴彪,A5005679679,annotation,I37802460,annotation_llm,674.0,吴彪,无机化学,西北大学,2013,
2937,陶军,A5038750002,annotation,I191208505,annotation_llm,507.0,陶军,分子磁性调控,厦门大学,2013,
2938,陈学元,A5108049724,annotation,I4210119098,annotation_llm,534.0,陈学元,无机发光材料电子结构与光学性能,中国科学院福建物质结构研究所,2013,
2940,焦宁,A5047717116,annotation,I20231570,annotation_llm,525.0,焦宁,C-H/C-C 键氧气氧化反应及氮化反应研究,北京大学,2013,
2941,谢建华,A5081876255,annotation,I205237279,annotation_llm,235.0,谢建华,不对称催化合成研究,南开大学,2013,
2943,徐明华,A5055998115,annotation,I4210112820,annotation_llm,354.0,徐明华,不对称合成与手性药物,中国科学院上海药物研究所,2013,
2944,陈耀峰,A5111200148,annotation,I4210112946,annotation_llm,520.0,陈耀峰,稀土金属有机配合物化学,中国科学院上海有机化学研究所,2013,
2945,王江云,A5109164557,annotation,I4210112540,annotation_llm,192.0,王江云,化学生物学,中国科学院生物物理研究所,2013,
2947,杨启华,A5004719521,annotation,I180585399,annotation_llm,319.0,杨启华,多相手性催化,中国科学院大连化学物理研究所,2013,
2948,何圣贵,A5023754207,annotation,I4210155088,annotation_llm,351.0,何圣贵,团簇科学,中国科学院化学研究所,2013,
2949,曲良体,A5013181595,annotation,I125839683,annotation_llm,447.0,曲良体,低维共轭碳纳米结构及其功能化,北京理工大学,2013,
2951,高超,A5100748612,annotation,I76130692,annotation_llm,477.0,高超,石墨烯化学及宏观组装,浙江大学,2013,
2952,徐宁,A5048426638,annotation,I126520041,annotation_llm,208.0,徐宁,高分子非晶液-固转变及非晶固体本质,中国科学技术大学,2013,
2953,侯剑辉,A5041395656,annotation,I4210155088,annotation_llm,613.0,侯剑辉,聚合物太阳能电池,中国科学院化学研究所,2013,
2954,张晓兵,A5100381502,annotation,I16609230,annotation_llm,902.0,张晓兵,生化分析及生物传感,湖南大学,2013,
2955,田阳,A5065295188,annotation,I66867065,annotation_llm,443.0,田阳,氧化应激过程的分析化学研究,华东师范大学,2013,
2956,杨朝勇,A5073050892,annotation,I191208505,annotation_llm,651.0,杨朝勇,生物分析化学,厦门大学,2013,
2957,张春阳,A5100602553,annotation,I28006308,annotation_llm,728.0,张春阳,生化分析,山东师范大学,2013,
2959,朱为宏,A5086257695,annotation,I143593769,annotation_llm,542.0,朱为宏,精细有机化工,华东理工大学,2013,
2960,马新宾,A5100689682,annotation,I162868743,annotation_llm,552.0,马新宾,一碳化工,天津大学,2013,
2961,赵宗保,A5102205062,annotation,I180585399,annotation_llm,7.0,赵宗保,高还原度化合物生物制造的基础研究,中国科学院大连化学物理研究所,2013,
2962,朱庆山,A5013030137,annotation,I4210133325,annotation_llm,368.0,朱庆山,低品位复杂铁矿高效利用基础,中国科学院过程工程研究所,2013,
2963,陈景文,A5100599624,annotation,I27357992,annotation_llm,933.0,陈景文,有机污染物计算毒理学,大连理工大学,2013,
2964,祝凌燕,A5058696568,annotation,I205237279,annotation_llm,383.0,祝凌燕,环境污染化学,南开大学,2013,
2966,傅缨,A5087133232,annotation,I52158045,annotation_llm,103.0,傅缨,植物细胞生物学,中国农业大学,2013,
2967,林荣呈,A5017103336,annotation,I4210158097,annotation_llm,121.0,林荣呈,植物光信号调控,中国科学院植物研究所,2013,
2968,龚继明,A5029926544,annotation,I4210106477,annotation_llm,42.0,龚继明,离子长途转运及再分配,中国科学院上海生命科学研究院,2013,
2969,孙书存,A5056394996,annotation,I881766915,annotation_llm,174.0,孙书存,动植物关系及其生态功能,南京大学,2013,
2970,王瑞武,A5101468980,annotation,I17145004,annotation_llm,33.0,王瑞武,进化生态学与进化博弈论,西北工业大学,2013,
2971,郭大立,A5108200846,annotation,I4210160793,annotation_llm,90.0,郭大立,树木根系生物学,中国科学院地理科学与资源研究所,2013,
2972,叶克穷,A5067603927,annotation,I4210112540,annotation_llm,87.0,叶克穷,核酸蛋白质复合物的结构,中国科学院生物物理研究所,2013,
2973,刘默芳,A5108217618,annotation,I4210106477,annotation_llm,138.0,刘默芳,小分子非编码RNA功能机制,中国科学院上海生命科学研究院,2013,
2974,鲁林荣,A5068485625,annotation,I76130692,annotation_llm,112.0,鲁林荣,分子免疫学,浙江大学,2013,
2975,聂广军,A5051214456,annotation,I4210141483,annotation_llm,395.0,聂广军,生物材料(抗肿瘤纳米药物),国家纳米科学中心,2013,
2976,杜久林,A5068400813,annotation,I4210106477,annotation_llm,126.0,杜久林,系统神经生物学,中国科学院上海生命科学研究院,2013,
2977,李英贤,A5102746118,annotation,I4210163738,annotation_llm,77.0,李英贤,航天失重生理学,中国航天员科研训练中心,2013,
2978,施鹏,A5068026656,annotation,I18489884,annotation_llm,115.0,施鹏,哺乳动物适应性进化的遗传学机制,中国科学院昆明动物研究所,2013,
2979,师咏勇,A5004254273,annotation,I183067930,annotation_llm,573.0,师咏勇,人类复杂性状的遗传学研究,上海交通大学,2013,
2980,王晓晨,A5100401920,annotation,I4210086405,annotation_llm,142.0,王晓晨,细胞生物学,北京生命科学研究所,2013,
2982,刘佳佳,A5100454294,annotation,I4210124606,annotation_llm,47.0,刘佳佳,细胞生物学,中国科学院遗传与发育生物学研究所,2013,
2983,黄勋,A5091105051,annotation,I4210124606,annotation_llm,165.0,黄勋,发育生物学,中国科学院遗传与发育生物学研究所,2013,
2984,高绍荣,A5058603003,annotation,I116953780,annotation_llm,306.0,高绍荣,体细胞重编程,同济大学,2013,
2985,姜东,A5045260243,annotation,I119454577,annotation_llm,342.0,姜东,作物栽培学,南京农业大学,2013,
2986,江正强,A5102941223,annotation,I52158045,annotation_llm,239.0,江正强,食品酶学,中国农业大学,2013,
2987,张正光,A5100682356,annotation,I119454577,annotation_llm,193.0,张正光,植物病理学,南京农业大学,2013,
2988,魏太云,A5086417626,annotation,I61057504,annotation_llm,152.0,魏太云,植物病毒与介体昆虫的互作关系,福建农林大学,2013,
2989,郝玉金,A5087865154,annotation,I74485261,annotation_llm,210.0,郝玉金,果树学,山东农业大学,2013,
2991,胡炜,A5024869814,annotation,I4210089584,annotation_llm,230.0,胡炜,鱼类基因工程育种,中国科学院水生生物研究所,2013,
2992,张运林,A5081716971,annotation,I4210134482,annotation_llm,454.0,张运林,湖泊光学与水色遥感,中国科学院南京地理与湖泊研究所,2013,
2994,吴龙华,A5064283565,annotation,I4210165559,annotation_llm,250.0,吴龙华,土壤重金属污染与植物修复,中国科学院南京土壤研究所,2013,
2996,童小华,A5039348214,annotation,I116953780,annotation_llm,478.0,童小华,空间数据可信度基础理论,同济大学,2013,
2997,王焰,A5100322883,annotation,I3018690959,annotation_llm,343.0,王焰,矿床学,中国科学院广州地球化学研究所,2013,
3000,李三忠,A5041468811,annotation,I59028903,annotation_llm,582.0,李三忠,构造地质学,中国海洋大学,2013,
3001,韩贵琳,A5024347249,annotation,I3125743391,annotation_llm,266.0,韩贵琳,环境地质,中国地质大学(北京),2013,
3003,韦刚健,A5078026479,annotation,I3018690959,annotation_llm,324.0,韦刚健,同位素地球化学,中国科学院广州地球化学研究所,2013,
3004,王震宇,A5100348308,annotation,I59028903,annotation_llm,781.0,王震宇,污染物的环境地球化学研究,中国海洋大学,2013,
3005,王格慧,A5003542265,annotation,I4210159790,annotation_llm,337.0,王格慧,气溶胶地球化学,中国科学院地球环境研究所,2013,
3006,施闯,A5100709710,annotation,I37461747,annotation_llm,303.0,施闯,高精度卫星导航定位及其应用,武汉大学,2013,
3007,王彦飞,A5100359580,annotation,I4210126061,annotation_llm,509.0,王彦飞,计算地球物理、勘探地球物理,中国科学院地质与地球物理研究所,2013,
3008,雷久侯,A5111839579,annotation,I126520041,annotation_llm,377.0,雷久侯,空间物理,中国科学技术大学,2013,
3009,范可,A5058183511,annotation,I4210152758,annotation_llm,118.0,范可,气候变异及气候预测,中国科学院大气物理研究所,2013,
3010,阳坤,A5058780924,annotation,I4210141476,annotation_llm,706.0,阳坤,青藏高原地表-大气能水循环过程及其区域影响,中国科学院青藏高原研究所,2013,
3011,郑君瑜,A5029588771,annotation,I90610280,annotation_llm,223.0,郑君瑜,大气污染源与模型的定量不确定性分析,华南理工大学,2013,
3012,曾志刚,A5102389701,annotation,I4210101167,annotation_llm,141.0,曾志刚,海底热液活动研究,中国科学院海洋研究所,2013,
3013,朱平,A5108239310,annotation,I4210112540,annotation_llm,136.0,朱平,冷冻电子显微学,中国科学院生物物理研究所,2014,
3014,朱麟勇,A5006050211,annotation,I143593769,annotation_llm,142.0,朱麟勇,光化学手段构建生物医药材料,华东理工大学,2014,
3015,朱进,A5100625267,annotation,I881766915,annotation_llm,307.0,朱进,生物大分子相关识别体系的构筑和应用,南京大学,2014,
3016,朱冰,A5009314344,annotation,I4210112540,annotation_llm,194.0,朱冰,表观遗传学,中国科学院生物物理研究所,2014,
3017,周建庭,A5018472593,annotation,I63371133,annotation_llm,328.0,周建庭,桥梁监测与加固,重庆交通大学,2014,
3018,周光飚,A5034852521,annotation,I4210167311,annotation_llm,190.0,周光飚,中药抗肿瘤药理,中国科学院动物研究所,2014,
3019,仲盛,A5060268538,annotation,I881766915,annotation_llm,353.0,仲盛,分布网络环境中的可信多方计算,南京大学,2014,
3020,钟茂华,A5101790643,annotation,I99065089,annotation_llm,10.0,钟茂华,地铁安全科学与工程,清华大学,2014,
3021,钟宏,A5101679069,annotation,I4210135735,annotation_llm,124.0,钟宏,矿床学,中国科学院地球化学研究所,2014,
3022,智林杰,A5086661934,annotation,I4210141483,annotation_llm,301.0,智林杰,富碳高分子材料,国家纳米科学中心,2014,
3023,郑元义,A5006996556,annotation,I87780372,annotation_llm,169.0,郑元义,超声分子影像与治疗,重庆医科大学,2014,
3025,郑金海,A5100526641,annotation,I163340411,annotation_llm,257.0,郑金海,河口治理与海岸保护,河海大学,2014,
3026,赵勇,A5100692194,annotation,I9224756,annotation_llm,588.0,赵勇,新型光电测量与传感器技术,东北大学,2014,
3028,赵千川,A5014109600,annotation,I99065089,annotation_llm,454.0,赵千川,网络化动态系统性能优化与安全控制,清华大学,2014,
3030,章军锋,A5073495677,annotation,I3124059619,annotation_llm,199.0,章军锋,构造物理与流变学,中国地质大学(武汉),2014,
3031,张志飞,A5100626851,annotation,I37802460,annotation_llm,413.0,张志飞,寒武纪大爆发与腕足动物,西北大学,2014,
3034,张新刚,A5023573232,annotation,I4210112946,annotation_llm,363.0,张新刚,有机氟化学,中国科学院上海有机化学研究所,2014,
3035,张香平,A5045790623,annotation,I4210133325,annotation_llm,522.0,张香平,面向绿色化工的分子热力学及系统集成,中国科学院过程工程研究所,2014,
3036,张田忠,A5049238041,annotation,I113940042,annotation_llm,1.0,张田忠,纳米力学,上海大学,2014,
3037,张强,A5066509091,annotation,I4210092944,annotation_llm,1.0,张强,生物计算理论及其应用,大连大学,2014,
3039,张美佳,A5101547944,annotation,I52158045,annotation_llm,84.0,张美佳,畜禽繁殖学/卵母细胞减数分裂,中国农业大学,2014,
3048,张爱兵,A5101721408,annotation,I96852419,annotation_llm,73.0,张爱兵,鳞翅目昆虫多样性及群落建成机制研究,首都师范大学,2014,
3049,曾祥君,A5114348381,annotation,I56934997,annotation_llm,301.0,曾祥君,主动配电系统故障自愈控制理论与技术,长沙理工大学,2014,
3050,曾庆银,A5040096220,annotation,I4210128615,annotation_llm,77.0,曾庆银,林木比较功能基因组学,中国林业科学研究院,2014,
3052,于春水,A5070980028,annotation,I5740404,annotation_llm,480.0,于春水,磁共振脑功能成像,天津医科大学,2014,
3053,叶松,A5100714062,annotation,I4210155088,annotation_llm,330.0,叶松,有机小分子催化,中国科学院化学研究所,2014,
3054,叶宁,A5100718486,annotation,I4210119098,annotation_llm,511.0,叶宁,无机非线性光学晶体材料,中国科学院福建物质结构研究所,2014,
3055,杨振纲,A5036867426,annotation,I24943067,annotation_llm,101.0,杨振纲,神经干细胞和神经发育,复旦大学,2014,
3057,杨文力,A5048234772,annotation,I37802460,annotation_llm,379.0,杨文力,量子可积系统的研究,西北大学,2014,
3059,杨俊,A5003388630,annotation,I4210099135,annotation_llm,122.0,杨俊,生物大分子固体磁共振波谱分析,中国科学院武汉物理与数学研究所,2014,
3060,颜晓元,A5059825075,annotation,I4210165559,annotation_llm,211.0,颜晓元,氮素循环,中国科学院南京土壤研究所,2014,
3061,严锋,A5010044441,annotation,I3923682,annotation_llm,1190.0,严锋,离子聚合物功能材料化学,苏州大学,2014,
3062,许华平,A5015036736,annotation,I99065089,annotation_llm,232.0,许华平,含硒高分子自组装,清华大学,2014,
3063,许晨阳,A5102008315,annotation,I20231570,annotation_llm,118.0,许晨阳,代数几何,北京大学,2014,
3064,许琛琦,A5019439005,annotation,I4210106477,annotation_llm,112.0,许琛琦,细胞跨膜信号转导,中国科学院上海生命科学研究院,2014,
3065,徐彦辉,A5006716123,annotation,I24943067,annotation_llm,160.0,徐彦辉,表观遗传调控关键蛋白的结构与功能研究,复旦大学,2014,
3066,徐健,A5081633974,annotation,I4210158139,annotation_llm,312.0,徐健,微生物功能基因组学,中国科学院青岛生物能源与过程研究所,2014,
3067,熊继军,A5054341902,annotation,I135714990,annotation_llm,339.0,熊继军,特殊环境下的测试技术及仪器,中北大学,2014,
3068,熊红凯,A5002494284,annotation,I183067930,annotation_llm,456.0,熊红凯,多媒体通信,上海交通大学,2014,
3069,忻向军,A5048649590,annotation,I139759216,annotation_llm,725.0,忻向军,融合光接入网,北京邮电大学,2014,
3070,谢欣,A5075580925,annotation,I4210112820,annotation_llm,279.0,谢欣,受体药理学,中国科学院上海药物研究所,2014,
3071,谢庆国,A5100748744,annotation,I47720641,annotation_llm,282.0,谢庆国,数字 PET 成像,华中科技大学,2014,
3073,肖条军,A5074554450,annotation,I881766915,annotation_llm,145.0,肖条军,供应链渠道管理博弈行为分析,南京大学,2014,
3074,肖化云,A5003936503,annotation,I4210135735,annotation_llm,246.0,肖化云,同位素地球化学,中国科学院地球化学研究所,2014,
3075,项鹏,A5005522695,annotation,I157773358,annotation_llm,198.0,项鹏,干细胞移植与组织再生,中山大学,2014,
3076,吴宇平,A5100368786,annotation,I134687103,annotation_llm,752.0,吴宇平,电化学储能复合材料,南京工业大学,2014,
3078,吴健,A5101634990,annotation,I66867065,annotation_llm,243.0,吴健,分子超快精密测控,华东师范大学,2014,
3080,吴昌银,A5045429163,annotation,I204823248,annotation_llm,66.0,吴昌银,水稻生殖发育生物学,华中农业大学,2014,
3081,魏宇杰,A5050164927,annotation,I4210157653,annotation_llm,331.0,魏宇杰,材料强度与韧性,中国科学院力学研究所,2014,
3082,魏勋斌,A5000356911,annotation,I183067930,annotation_llm,298.0,魏勋斌,肿瘤的生物医学光学研究,上海交通大学,2014,
3084,王义平,A5100317707,annotation,I180726961,annotation_llm,744.0,王义平,光纤传感技术,深圳大学,2014,
3086,王延轶,A5077483225,annotation,I4210106882,annotation_llm,91.0,王延轶,细胞抗病毒反应的分子机制,中国科学院武汉病毒研究所,2014,
3088,王心晨,A5115602721,annotation,I80947539,annotation_llm,572.0,王心晨,光催化,福州大学,2014,
3090,王树涛,A5100441327,annotation,I4210140689,annotation_llm,574.0,王树涛,生物界面化学,中国科学院理化技术研究所,2014,
3091,王强斌,A5010959199,annotation,I4210092495,annotation_llm,235.0,王强斌,无机半导体纳米晶合成与生物应用,中国科学院苏州纳米技术与纳米仿生研究所,2014,
3093,王前飞,A5080950028,annotation,I2801577699,annotation_llm,105.0,王前飞,急性白血病的基因组学和表观遗传机制研究,中国科学院北京基因组研究所,2014,
3095,王立平,A5100402240,annotation,I4210145761,annotation_llm,818.0,王立平,恐惧情绪神经环路功能解析,中国科学院深圳先进技术研究院,2014,
3098,王大志,A5100740248,annotation,I191208505,annotation_llm,195.0,王大志,海洋环境蛋白质组学,厦门大学,2014,
3099,万青,A5100690206,annotation,I881766915,annotation_llm,345.0,万青,氧化物半导体及其新概念器件应用,南京大学,2014,
3101,陶建华,A5112613657,annotation,I4210112150,annotation_llm,584.0,陶建华,多通道融合的言语分析与生成理论和方法研究,中国科学院自动化研究所,2014,
3102,汤秋鸿,A5028911353,annotation,I4210160793,annotation_llm,444.0,汤秋鸿,陆地水循环变化与全球变化的关系,中国科学院地理科学与资源研究所,2014,
3103,谭文峰,A5089431390,annotation,I204823248,annotation_llm,398.0,谭文峰,土壤胶体与界面化学,华中农业大学,2014,
3104,谭鸿,A5045140323,annotation,I24185976,annotation_llm,196.0,谭鸿,生物医用高分子材料,四川大学,2014,
3106,孙聆东,A5055336949,annotation,I20231570,annotation_llm,212.0,孙聆东,无机材料化学,北京大学,2014,
3107,苏彦庆,A5102787805,annotation,I204983213,annotation_llm,339.0,苏彦庆,高活性合金熔炼与铸造,哈尔滨工业大学,2014,
3108,苏红梅,A5014751069,annotation,I25254941,annotation_llm,139.0,苏红梅,自由基、激发态的分子反应动力学研究,北京师范大学,2014,
3109,宋晓艳,A5007640720,annotation,I37796252,annotation_llm,395.0,宋晓艳,金属纳米材料的稳定性,北京工业大学,2014,
3110,宋任涛,A5071241832,annotation,I113940042,annotation_llm,113.0,宋任涛,玉米分子遗传学,上海大学,2014,
3111,施俊琦,A5056707658,annotation,I157773358,annotation_llm,141.0,施俊琦,领导力与团队绩效研究,中山大学,2014,
3112,申卫军,A5101785117,annotation,I4210120696,annotation_llm,171.0,申卫军,土壤生态学,中国科学院华南植物园,2014,
3113,裘晓辉,A5112533381,annotation,I4210141483,annotation_llm,1.0,裘晓辉,纳米测量与表征技术,国家纳米科学中心,2014,
3114,祁海,A5076526923,annotation,I99065089,annotation_llm,125.0,祁海,细胞免疫学,清华大学,2014,
3115,彭新华,A5014292422,annotation,I126520041,annotation_llm,300.0,彭新华,量子计算与量子模拟,中国科学技术大学,2014,
3116,潘秀莲,A5075748581,annotation,I180585399,annotation_llm,144.0,潘秀莲,碳催化,中国科学院大连化学物理研究所,2014,
3117,潘世烈,A5085159603,annotation,I4210106108,annotation_llm,1403.0,潘世烈,光电功能晶体材料,中国科学院新疆理化技术研究所,2014,
3118,明平兵,A5111939462,annotation,I4210120485,annotation_llm,80.0,明平兵,固体多尺度建模与计算,中国科学院数学与系统科学研究院,2014,
3119,苗龙,A5055427714,annotation,I4210112540,annotation_llm,44.0,苗龙,细胞运动与细胞骨架,中国科学院生物物理研究所,2014,
3120,孟智勇,A5065074993,annotation,I20231570,annotation_llm,91.0,孟智勇,强对流灾害性天气的机理和可预报性,北京大学,2014,
3121,麦立强,A5022270398,annotation,I196699116,annotation_llm,967.0,麦立强,纳米线储能材料与器件,武汉理工大学,2014,
3122,麦海强,A5037467201,annotation,I157773358,annotation_llm,141.0,麦海强,肿瘤学(头颈部肿瘤),中山大学,2014,
3123,马春红,A5100410921,annotation,I154099455,annotation_llm,243.0,马春红,HBV感染、免疫与肝病,山东大学,2014,
3124,吕兴才,A5053538585,annotation,I183067930,annotation_llm,180.0,吕兴才,内燃机燃烧与排放,上海交通大学,2014,
3125,陆现彩,A5012673624,annotation,I881766915,annotation_llm,299.0,陆现彩,矿物学,南京大学,2014,
3127,鲁仁全,A5069617479,annotation,I50760025,annotation_llm,252.0,鲁仁全,网络量化系统的控制理论及应用,杭州电子科技大学,2014,
3131,刘勇勤,A5112112219,annotation,I4210141476,annotation_llm,322.0,刘勇勤,青藏高原冰川-湖泊微生物及其与气候环境关系,中国科学院青藏高原研究所,2014,
3134,刘思金,A5037210665,annotation,I4210144289,annotation_llm,329.0,刘思金,环境污染物的毒理与健康效应,中国科学院生态环境研究中心,2014,
3135,刘善荣,A5061964536,annotation,I177933477,annotation_llm,79.0,刘善荣,非编码RNA与肿瘤转移,中国人民解放军第二军医大学,2014,
3137,刘江,A5100325229,annotation,I2801577699,annotation_llm,97.0,刘江,发育生物学与生殖生物学,中国科学院北京基因组研究所,2014,
3138,刘建胜,A5100739104,annotation,I4210135349,annotation_llm,160.0,刘建胜,强场激光物质相互作用,中国科学院上海光学精密机械研究所,2014,
3139,刘继峰,A5100631836,annotation,I4210164580,annotation_llm,289.0,刘继峰,致密天体的多波段观测研究,中国科学院国家天文台,2014,
3141,刘峰,A5100415342,annotation,I4210167311,annotation_llm,504.0,刘峰,发育生物学,中国科学院动物研究所,2014,
3144,林双君,A5010548726,annotation,I183067930,annotation_llm,149.0,林双君,微生物生理与生物化学,上海交通大学,2014,
3145,李云海,A5035568306,annotation,I4210124606,annotation_llm,196.0,李云海,植物学,中国科学院遗传与发育生物学研究所,2014,
3149,李建平,A5100370632,annotation,I4210116191,annotation_llm,865.0,李建平,风险管理理论与方法,中国科学院科技战略咨询研究院,2014,
3151,李春,A5100373933,annotation,I125839683,annotation_llm,434.0,李春,抗逆高效生物转化系统的构建与应用,北京理工大学,2014,
3152,蓝柯,A5058907248,annotation,I37461747,annotation_llm,317.0,蓝柯,KSHV潜伏感染与致瘤机制,武汉大学,2014,
3153,亢战,A5086738347,annotation,I27357992,annotation_llm,221.0,亢战,不确定性结构分析与优化,大连理工大学,2014,
3154,鞠建华,A5028227890,annotation,I4210103685,annotation_llm,311.0,鞠建华,天然药物化学,中国科学院南海海洋研究所,2014,
3155,居冰峰,A5061646634,annotation,I76130692,annotation_llm,165.0,居冰峰,微/纳制造过程检测与控制,浙江大学,2014,
3156,景传勇,A5021379425,annotation,I4210144289,annotation_llm,218.0,景传勇,环境地球化学,中国科学院生态环境研究中心,2014,
3157,荆志成,A5032089787,annotation,I4210161896,annotation_llm,379.0,荆志成,肺循环及肺血管疾病,中国医学科学院阜外医院,2014,
3159,纪红兵,A5015887120,annotation,I157773358,annotation_llm,617.0,纪红兵,仿生催化反应与工程,中山大学,2014,
3160,黄铁军,A5058066577,annotation,I20231570,annotation_llm,572.0,黄铁军,图像视频分析、压缩与识别,北京大学,2014,
3161,黄华,A5022334521,annotation,I125839683,annotation_llm,439.0,黄华,图像/视频的结构表达与应用,北京理工大学,2014,
3162,黄刚,A5048075670,annotation,I4210152758,annotation_llm,547.0,黄刚,热带海气相互作用及东亚季风系统,中国科学院大气物理研究所,2014,
3163,胡锡俊,A5112737538,annotation,I154099455,annotation_llm,1.0,胡锡俊,哈密顿系统,山东大学,2014,
3164,胡俊,A5002720644,annotation,I150229711,annotation_llm,438.0,胡俊,复杂目标电磁特性建模与分析,电子科技大学,2014,
3165,贺怀宇,A5035874915,annotation,I4210126061,annotation_llm,131.0,贺怀宇,氩-氩年代学与稀有气体地球化学,中国科学院地质与地球物理研究所,2014,
3166,贺灿飞,A5069013809,annotation,I20231570,annotation_llm,276.0,贺灿飞,经济地理,北京大学,2014,
3168,郭洪波,A5066268927,annotation,I82880672,annotation_llm,325.0,郭洪波,高温防护涂层,北京航空航天大学,2014,
3169,高学云,A5058299454,annotation,I37796252,annotation_llm,177.0,高学云,基于纳米技术的活细胞原位分析方法,北京工业大学,2014,
3170,高亮,A5072583912,annotation,I4210164580,annotation_llm,165.0,高亮,宇宙结构形成数值模拟,中国科学院国家天文台,2014,
3171,冯耀宇,A5023272465,annotation,I143593769,annotation_llm,328.0,冯耀宇,兽医寄生虫学,华东理工大学,2014,
3172,冯帅章,A5083572635,annotation,I159948400,annotation_llm,120.0,冯帅章,劳动力市场与收入分配,暨南大学,2014,
3174,范同祥,A5070670554,annotation,I183067930,annotation_llm,165.0,范同祥,先进结构陶瓷,上海交通大学,2014,
3175,段留生,A5109614728,annotation,I52158045,annotation_llm,140.0,段留生,作物生长发育化学调控与抗逆栽培,中国农业大学,2014,
3176,段海滨,A5008460589,annotation,I82880672,annotation_llm,407.0,段海滨,基于群体智能的无人机自主控制,北京航空航天大学,2014,
3177,丁克,A5001466305,annotation,I159948400,annotation_llm,408.0,丁克,药物化学,暨南大学,2014,
3178,丁航,A5051491371,annotation,I126520041,annotation_llm,169.0,丁航,多相流与液滴动力学,中国科学技术大学,2014,
3179,邓兆祥,A5025377093,annotation,I126520041,annotation_llm,183.0,邓兆祥,DNA 纳米分析化学,中国科学技术大学,2014,
3180,邓旭亮,A5083899273,annotation,I20231570,annotation_llm,344.0,邓旭亮,口腔生物材料,北京大学,2014,
3181,邓春晖,A5042928549,annotation,I24943067,annotation_llm,403.0,邓春晖,微纳米材料蛋白质分离分析新技术新方法,复旦大学,2014,
3182,党智敏,A5086561596,annotation,I99065089,annotation_llm,485.0,党智敏,无机/有机介电功能复合材料设计与实现,清华大学,2014,
3183,单崇新,A5078499081,annotation,I4210088164,annotation_llm,313.0,单崇新,II 族氧化物宽禁带半导体,中国科学院长春光学精密机械与物理研究所,2014,
3184,戴彩丽,A5067396837,annotation,I4210162190,annotation_llm,499.0,戴彩丽,提高采收率与油田化学,中国石油大学(华东),2014,
3185,仇旻,A5077916544,annotation,I76130692,annotation_llm,688.0,仇旻,微纳光子学,浙江大学,2014,
3186,程学旗,A5029998682,annotation,I4210090176,annotation_llm,903.0,程学旗,Web 信息检索与数据挖掘,中国科学院计算技术研究所,2014,
3190,陈义旺,A5079785501,annotation,I141649914,annotation_llm,922.0,陈义旺,高分子纳米复合材料,南昌大学,2014,
3193,陈澍,A5004372064,annotation,I4210159876,annotation_llm,346.0,陈澍,低维冷原子系统中的若干前沿问题研究,中国科学院物理研究所,2014,
3195,陈求稳,A5101748547,annotation,I4210111986,annotation_llm,284.0,陈求稳,生态水力学,水利部交通运输部国家能源局南京水利科学研究院,2014,
3198,陈景东,A5056129529,annotation,I17145004,annotation_llm,544.0,陈景东,3D语音增强及降噪研究,西北工业大学,2014,
3200,陈发棣,A5058538956,annotation,I119454577,annotation_llm,390.0,陈发棣,观赏园艺学,南京农业大学,2014,
3201,陈春英,A5073108451,annotation,I4210141483,annotation_llm,932.0,陈春英,核技术及其应用,国家纳米科学中心,2014,
3202,陈宝梁,A5090741037,annotation,I76130692,annotation_llm,305.0,陈宝梁,环境界面化学与土壤污染控制,浙江大学,2014,
3203,曹先彬,A5038809760,annotation,I82880672,annotation_llm,339.0,曹先彬,民航交通运行监控,北京航空航天大学,2014,
3204,曹宏斌,A5112262870,annotation,I4210133325,annotation_llm,398.0,曹宏斌,冶金环境工程,中国科学院过程工程研究所,2014,
3205,曹彬,A5100613209,annotation,I183519381,annotation_llm,533.0,曹彬,急性呼吸道感染及新发呼吸道传染病,首都医科大学,2014,
3206,暴宁钟,A5083301603,annotation,I134687103,annotation_llm,221.0,暴宁钟,无机能量转换功能材料,南京工业大学,2014,
3207,白承铭,A5014897749,annotation,I205237279,annotation_llm,164.0,白承铭,代数学及其在数学物理中的应用,南开大学,2014,
3208,白博峰,A5041981127,annotation,I87445476,annotation_llm,416.0,白博峰,多相流动与传热,西安交通大学,2014,
3209,安太成,A5062231268,annotation,I139024713,annotation_llm,613.0,安太成,环境地球化学,广东工业大学,2014,
3210,朱万成,A5005956525,annotation,I9224756,annotation_llm,298.0,朱万成,深部岩体损伤与破裂及其致灾机理,东北大学,2015,
3211,朱锦涛,A5077072862,annotation,I47720641,annotation_llm,431.0,朱锦涛,聚合物有序结构材料,华中科技大学,2015,
3212,朱波峰,A5016021980,annotation,I87445476,annotation_llm,258.0,朱波峰,法医学,西安交通大学,2015,
3213,周善贵,A5064164181,annotation,I4210125404,annotation_llm,280.0,周善贵,核物理,中国科学院理论物理研究所,2015,
3214,周荣斌,A5068365477,annotation,I126520041,annotation_llm,144.0,周荣斌,固有免疫受体与疾病机制,中国科学技术大学,2015,
3215,周家国,A5111898075,annotation,I157773358,annotation_llm,66.0,周家国,心脑血管药物药理学,中山大学,2015,
3216,赵强,A5001192960,annotation,I4210112820,annotation_llm,305.0,赵强,受体药理学,中国科学院上海药物研究所,2015,
3217,赵晨,A5100750956,annotation,I83519826,annotation_llm,343.0,赵晨,视网膜变性疾病,南京医科大学,2015,
3218,赵斌,A5109918293,annotation,I4210144289,annotation_llm,179.0,赵斌,化学环境污染与健康,中国科学院生态环境研究中心,2015,
3220,张勇东,A5046305086,annotation,I4210090176,annotation_llm,921.0,张勇东,互联网环境下大规模视频内容分析与处理,中国科学院计算技术研究所,2015,
3222,张新鹏,A5071724015,annotation,I113940042,annotation_llm,545.0,张新鹏,多媒体信息隐藏,上海大学,2015,
3223,张文科,A5085108258,annotation,I194450716,annotation_llm,145.0,张文科,聚合物单分子力谱,吉林大学,2015,
3224,张望清,A5051353332,annotation,I205237279,annotation_llm,198.0,张望清,非均相自由基聚合,南开大学,2015,
3225,张钦宇,A5071725895,annotation,I204983213,annotation_llm,989.0,张钦宇,空天通信理论与技术,哈尔滨工业大学,2015,
3227,张建玲,A5088758006,annotation,I4210155088,annotation_llm,340.0,张建玲,胶体界面化学热力学,中国科学院化学研究所,2015,
3230,张浩,A5052871161,annotation,I4210161896,annotation_llm,7.0,张浩,心血管外科学,中国医学科学院阜外医院,2015,
3231,曾晓洋,A5100656792,annotation,I24943067,annotation_llm,424.0,曾晓洋,高能效片上系统(SoC),复旦大学,2015,
3232,曾明华,A5089654035,annotation,I29739308,annotation_llm,740.0,曾明华,溶液配位化学及功能配位化学,广西师范大学,2015,
3233,余鹰,A5110273945,annotation,I4210106477,annotation_llm,272.0,余鹰,前列腺素与心血管疾病,中国科学院上海生命科学研究院,2015,
3234,余宏杰,A5059077734,annotation,I24943067,annotation_llm,778.0,余宏杰,传染病流行病学,复旦大学,2015,
3235,于荣,A5051498051,annotation,I99065089,annotation_llm,378.0,于荣,材料的微观结构与性能,清华大学,2015,
3236,应浩,A5108333624,annotation,I4210106477,annotation_llm,158.0,应浩,甲状腺激素作用与代谢调控,中国科学院上海生命科学研究院,2015,
3237,易凡,A5013676597,annotation,I154099455,annotation_llm,321.0,易凡,肾脏病的发病机制,山东大学,2015,
3238,叶升,A5100698452,annotation,I76130692,annotation_llm,192.0,叶升,微生物生物化学,浙江大学,2015,
3239,叶明亮,A5008218058,annotation,I180585399,annotation_llm,422.0,叶明亮,蛋白质组分析新方法,中国科学院大连化学物理研究所,2015,
3240,姚槐应,A5071067099,annotation,I4210119653,annotation_llm,223.0,姚槐应,土壤微生物生态,中国科学院城市环境研究所,2015,
3241,杨岳衡,A5011660475,annotation,I4210126061,annotation_llm,269.0,杨岳衡,同位素地球化学,中国科学院地质与地球物理研究所,2015,
3242,杨全红,A5019017598,annotation,I162868743,annotation_llm,514.0,杨全红,碳功能材料的表界面调控和层次化构建,天津大学,2015,
3243,杨清正,A5062311669,annotation,I25254941,annotation_llm,180.0,杨清正,超分子光化学,北京师范大学,2015,
3244,杨清武,A5045653330,annotation,I151075929,annotation_llm,255.0,杨清武,神经病学,中国人民解放军第三军医大学,2015,
3245,杨立军,A5030997691,annotation,I82880672,annotation_llm,283.0,杨立军,非牛顿流体射流不稳定性,北京航空航天大学,2015,
3246,严建兵,A5013355549,annotation,I204823248,annotation_llm,316.0,严建兵,玉米基因组学与分子育种,华中农业大学,2015,
3247,薛晨阳,A5100408559,annotation,I135714990,annotation_llm,484.0,薛晨阳,微纳米传感器原理与集成,中北大学,2015,
3248,徐永镇,A5113567004,annotation,I4210106477,annotation_llm,14.0,徐永镇,RNA剪接与昆虫发育,中国科学院上海生命科学研究院,2015,
3249,徐文东,A5033687282,annotation,I24943067,annotation_llm,138.0,徐文东,周围神经损伤修复与中枢可塑性,复旦大学,2015,
3250,徐书华,A5032774298,annotation,I4210106477,annotation_llm,331.0,徐书华,群体基因组学,中国科学院上海生命科学研究院,2015,
3251,徐莉梅,A5034270072,annotation,I20231570,annotation_llm,107.0,徐莉梅,相变与临界现象理论研究及其在复杂液体中的应用,北京大学,2015,
3252,徐波,A5100711151,annotation,I39333907,annotation_llm,381.0,徐波,新型与高性能亚稳材料,燕山大学,2015,
3253,熊立华,A5087452404,annotation,I37461747,annotation_llm,253.0,熊立华,径流形成与预报,武汉大学,2015,
3254,谢冰,A5102928967,annotation,I20231570,annotation_llm,142.0,谢冰,软件复用,北京大学,2015,
3255,肖睿,A5011907451,annotation,I76569877,annotation_llm,440.0,肖睿,固体燃料热解气化,东南大学,2015,
3256,夏昆,A5049361243,annotation,I139660479,annotation_llm,549.0,夏昆,神经精神等重大疾病的遗传学基础,中南大学,2015,
3257,夏帆,A5078265090,annotation,I47720641,annotation_llm,682.0,夏帆,生命分析化学,华中科技大学,2015,
3258,武海军,A5034214957,annotation,I881766915,annotation_llm,90.0,武海军,偏微分方程数值解法,南京大学,2015,
3259,吴立刚,A5108047839,annotation,I204983213,annotation_llm,577.0,吴立刚,非连续控制系统的分析与设计,哈尔滨工业大学,2015,
3260,吴建军,A5100674372,annotation,I21193070,annotation_llm,246.0,吴建军,城市交通系统管理复杂性,北京交通大学,2015,
3261,吴恒安,A5056611324,annotation,I126520041,annotation_llm,388.0,吴恒安,材料纳尺度力学行为和机理,中国科学技术大学,2015,
3262,吴刚,A5100717613,annotation,I76569877,annotation_llm,724.0,吴刚,结构工程,东南大学,2015,
3263,吴传德,A5006622165,annotation,I76130692,annotation_llm,453.0,吴传德,仿生框架材料的结构设计与性质研究,浙江大学,2015,
3264,魏勇,A5081379262,annotation,I4210126061,annotation_llm,473.0,魏勇,行星空间物理学,中国科学院地质与地球物理研究所,2015,
3269,王天友,A5100704946,annotation,I162868743,annotation_llm,235.0,王天友,内燃机气流运动与喷雾,天津大学,2015,
3271,王亮,A5115602506,annotation,I4210112150,annotation_llm,981.0,王亮,视觉模式分析与理解,中国科学院自动化研究所,2015,
3272,王开存,A5087913492,annotation,I25254941,annotation_llm,311.0,王开存,地表能量平衡与气候变化,北京师范大学,2015,
3275,王佳伟,A5100388793,annotation,I4210106477,annotation_llm,192.0,王佳伟,植物小分子RNA与年龄途径,中国科学院上海生命科学研究院,2015,
3276,王厚杰,A5058097701,annotation,I59028903,annotation_llm,182.0,王厚杰,河口海岸学:现代黄河入海沉积物从源到汇的关键沉积动力过程,中国海洋大学,2015,
3277,王宏达,A5100721351,annotation,I4210092888,annotation_llm,260.0,王宏达,结构生物物理化学,中国科学院长春应用化学研究所,2015,
3279,王刚锋,A5108063908,annotation,I87445476,annotation_llm,180.0,王刚锋,微纳米力学,西安交通大学,2015,
3280,王风平,A5003284623,annotation,I183067930,annotation_llm,262.0,王风平,深部生物圈生物地球化学功能研究,上海交通大学,2015,
3282,王春江,A5039704650,annotation,I37461747,annotation_llm,506.0,王春江,"催化不对称1,3-偶极环加成",武汉大学,2015,
3284,万贤纲,A5070178395,annotation,I881766915,annotation_llm,279.0,万贤纲,计算凝聚态物理,南京大学,2015,
3285,田志喜,A5042250003,annotation,I4210124606,annotation_llm,156.0,田志喜,大豆功能基因组学,中国科学院遗传与发育生物学研究所,2015,
3286,田明,A5108736231,annotation,I75390827,annotation_llm,269.0,田明,特种及功能性弹性体材料,北京化工大学,2015,
3287,田军,A5017303956,annotation,I116953780,annotation_llm,225.0,田军,古海洋学,同济大学,2015,
3288,唐金魁,A5066366116,annotation,I4210092888,annotation_llm,973.0,唐金魁,功能配合物化学,中国科学院长春应用化学研究所,2015,
3289,唐定中,A5033247500,annotation,I61057504,annotation_llm,121.0,唐定中,植物抗病性,福建农林大学,2015,
3290,他得安,A5012696256,annotation,I24943067,annotation_llm,285.0,他得安,医学超声检测,复旦大学,2015,
3291,孙玉文,A5100779696,annotation,I27357992,annotation_llm,181.0,孙玉文,数字化制造与数控加工技术,大连理工大学,2015,
3292,孙有斌,A5100649786,annotation,I4210159790,annotation_llm,212.0,孙有斌,第四纪地质学与古气候变化,中国科学院地球环境研究所,2015,
3293,孙文昌,A5100735395,annotation,I205237279,annotation_llm,153.0,孙文昌,调和分析与小波分析,南开大学,2015,
3294,孙立涛,A5009847938,annotation,I76569877,annotation_llm,564.0,孙立涛,纳米材料的表面结构调控及其动态过程的显微学研究,东南大学,2015,
3295,孙斌勇,A5100838219,annotation,I4210120485,annotation_llm,85.0,孙斌勇,Langlands 纲领,中国科学院数学与系统科学研究院,2015,
3296,苏海佳,A5023232769,annotation,I75390827,annotation_llm,165.0,苏海佳,生物化工与食品化工,北京化工大学,2015,
3297,宋云涛,A5071038974,annotation,I2802624667,annotation_llm,257.0,宋云涛,超导托卡马克装置关键科学与技术研究,中国科学院合肥物质科学研究院,2015,
3298,舒跃龙,A5102018493,annotation,I157773358,annotation_llm,346.0,舒跃龙,流感病原生物学研究,中山大学,2015,
3299,舒嘉,A5044027537,annotation,I76569877,annotation_llm,36.0,舒嘉,物流与供应链管理,东南大学,2015,
3300,史志华,A5066117382,annotation,I4210103541,annotation_llm,293.0,史志华,土壤水蚀机理与过程模拟,中国科学院水利部水土保持研究所,2015,
3301,史保森,A5113802665,annotation,I126520041,annotation_llm,233.0,史保森,量子信息和量子光学,中国科学技术大学,2015,
3302,阮新波,A5004084740,annotation,I9842412,annotation_llm,564.0,阮新波,电力电子变换技术,南京航空航天大学,2015,
3303,任军,A5059673434,annotation,I74837319,annotation_llm,213.0,任军,种猪遗传改良,江西农业大学,2015,
3305,曲绍兴,A5069947965,annotation,I76130692,annotation_llm,265.0,曲绍兴,新型材料的力学问题,浙江大学,2015,
3306,秦高梧,A5079960421,annotation,I9224756,annotation_llm,490.0,秦高梧,计算材料学辅助的新材料设计与制备,东北大学,2015,
3307,秦安军,A5012745584,annotation,I90610280,annotation_llm,651.0,秦安军,基于三键的高分子合成化学,华南理工大学,2015,
3308,强志民,A5038637525,annotation,I4210144289,annotation_llm,270.0,强志民,环境工程,中国科学院生态环境研究中心,2015,
3309,钱志勇,A5025816379,annotation,I24185976,annotation_llm,517.0,钱志勇,纳米生物材料,四川大学,2015,
3310,彭海琳,A5054639451,annotation,I20231570,annotation_llm,375.0,彭海琳,纳米材料化学与纳米器件,北京大学,2015,
3311,裴韬,A5042431974,annotation,I4210160793,annotation_llm,311.0,裴韬,时空数据挖掘,中国科学院地理科学与资源研究所,2015,
3312,裴丽,A5100439854,annotation,I21193070,annotation_llm,349.0,裴丽,新型光电子器件,北京交通大学,2015,
3313,潘安练,A5085131248,annotation,I16609230,annotation_llm,521.0,潘安练,新型信息光子材料与器件,湖南大学,2015,
3314,欧光朔,A5084028363,annotation,I99065089,annotation_llm,127.0,欧光朔,细胞迁移与细胞骨架,清华大学,2015,
3315,缪炜,A5110397668,annotation,I4210089584,annotation_llm,210.0,缪炜,原生动物学,中国科学院水生生物研究所,2015,
3316,门永锋,A5082802653,annotation,I4210092888,annotation_llm,263.0,门永锋,高分子物理,中国科学院长春应用化学研究所,2015,
3317,马忠华,A5090306776,annotation,I76130692,annotation_llm,208.0,马忠华,植物病害化学防治,浙江大学,2015,
3318,吕雪峰,A5056918405,annotation,I4210158139,annotation_llm,279.0,吕雪峰,蓝细菌代谢工程,中国科学院青岛生物能源与过程研究所,2015,
3319,罗义,A5046464610,annotation,I205237279,annotation_llm,164.0,罗义,环境地球化学,南开大学,2015,
3321,罗军华,A5036041081,annotation,I4210119098,annotation_llm,712.0,罗军华,无机光电功能晶体材料,中国科学院福建物质结构研究所,2015,
3322,路江涌,A5113550623,annotation,I20231570,annotation_llm,102.0,路江涌,国际创业,北京大学,2015,
3323,陆朝阳,A5032099658,annotation,I126520041,annotation_llm,281.0,陆朝阳,量子光学和量子信息,中国科学技术大学,2015,
3326,刘宣勇,A5083718211,annotation,I4210163874,annotation_llm,432.0,刘宣勇,生物陶瓷涂层,中国科学院上海硅酸盐研究所,2015,
3328,刘雷,A5100349601,annotation,I4210088164,annotation_llm,1414.0,刘雷,宽禁带氧化物半导体的能带工程及缺陷杂质调控,中国科学院长春光学精密机械与物理研究所,2015,
3331,刘华锋,A5100725635,annotation,I76130692,annotation_llm,260.0,刘华锋,定量医学成像,浙江大学,2015,
3332,刘鸿,A5100410352,annotation,I4210123021,annotation_llm,2671.0,刘鸿,环境工程,中国科学院重庆绿色智能技术研究院,2015,
3334,林道辉,A5030174039,annotation,I76130692,annotation_llm,291.0,林道辉,纳米材料污染化学,浙江大学,2015,
3335,梁尔源,A5074753005,annotation,I4210141476,annotation_llm,235.0,梁尔源,树轮生态学与气候学,中国科学院青藏高原研究所,2015,
3337,李永乐,A5084350058,annotation,I4800084,annotation_llm,620.0,李永乐,桥梁风振与车振,西南交通大学,2015,
3338,李兴伟,A5061667297,annotation,I180585399,annotation_llm,755.0,李兴伟,芳烃选择性官能化,中国科学院大连化学物理研究所,2015,
3339,李文辉,A5100339867,annotation,I4210086405,annotation_llm,315.0,李文辉,乙肝病毒感染的分子机制,北京生命科学研究所,2015,
3340,李伟华,A5100400683,annotation,I4210101167,annotation_llm,619.0,李伟华,海工腐蚀与控制,中国科学院海洋研究所,2015,
3341,李润伟,A5074049102,annotation,I4210165339,annotation_llm,336.0,李润伟,磁性材料与器件,中国科学院宁波材料技术与工程研究所,2015,
3342,李秦川,A5062103852,annotation,I1328775524,annotation_llm,127.0,李秦川,机器人机构学,浙江理工大学,2015,
3343,李竞,A5100337069,annotation,I4210120485,annotation_llm,47.0,李竞,偏微分方程,中国科学院数学与系统科学研究院,2015,
3345,李建春,A5101891714,annotation,I4210140379,annotation_llm,200.0,李建春,岩体爆破振动分析和预测研究,中国科学院武汉岩土力学研究所,2015,
3347,李国红,A5100770039,annotation,I4210112540,annotation_llm,209.0,李国红,基因转录调控与表观遗传学,中国科学院生物物理研究所,2015,
3348,李峰,A5100448879,annotation,I4210126304,annotation_llm,632.0,李峰,碳纳米材料的电化学储能研究,中国科学院金属研究所,2015,
3349,李澄宇,A5102286557,annotation,I4210106477,annotation_llm,2.0,李澄宇,系统神经科学,中国科学院上海生命科学研究院,2015,
3353,黎胜红,A5100673371,annotation,I13850615,annotation_llm,226.0,黎胜红,植物特殊结构中的次生代谢产物与生物功能,中国科学院昆明植物研究所,2015,
3354,雷鸣,A5069405087,annotation,I183067930,annotation_llm,216.0,雷鸣,染色体的结构与功能研究,上海交通大学,2015,
3355,兰恒星,A5044568921,annotation,I4210160793,annotation_llm,202.0,兰恒星,工程地质动力学与地质灾害,中国科学院地理科学与资源研究所,2015,
3356,鞠振宇,A5065102601,annotation,I163151501,annotation_llm,217.0,鞠振宇,老年医学,杭州师范大学,2015,
3357,居胜红,A5004012046,annotation,I76569877,annotation_llm,242.0,居胜红,分子影像和功能影像,东南大学,2015,
3358,金仲和,A5041236599,annotation,I76130692,annotation_llm,276.0,金仲和,MEMS与皮卫星,浙江大学,2015,
3359,蒋毅,A5054949861,annotation,I4210131870,annotation_llm,363.0,蒋毅,人类视知觉研究,中国科学院心理研究所,2015,
3360,姜卫平,A5019208828,annotation,I37461747,annotation_llm,256.0,姜卫平,坐标时间序列非线性变化的物理机制,武汉大学,2015,
3361,霍宝锋,A5057798277,annotation,I76130692,annotation_llm,175.0,霍宝锋,供应链管理,浙江大学,2015,
3362,黄岩谊,A5079605407,annotation,I20231570,annotation_llm,351.0,黄岩谊,单细胞分析,北京大学,2015,
3363,黄伟新,A5100639761,annotation,I126520041,annotation_llm,390.0,黄伟新,催化表面化学,中国科学技术大学,2015,
3364,胡修棉,A5038111698,annotation,I881766915,annotation_llm,284.0,胡修棉,沉积学,南京大学,2015,
3365,胡荣贵,A5085578187,annotation,I4210106477,annotation_llm,119.0,胡荣贵,肿瘤与蛋白质稳态异常,中国科学院上海生命科学研究院,2015,
3366,胡峻,A5101711532,annotation,I125839683,annotation_llm,109.0,胡峻,"代数群,量子群,赫克代数",北京理工大学,2015,
3367,洪春雁,A5044297886,annotation,I126520041,annotation_llm,178.0,洪春雁,拓扑高分子的合成及应用,中国科学技术大学,2015,
3368,贺超英,A5034145118,annotation,I4210158097,annotation_llm,78.0,贺超英,植物果实进化发育遗传学,中国科学院植物研究所,2015,
3369,何正友,A5073150284,annotation,I4800084,annotation_llm,337.0,何正友,电力系统信号与信息处理,西南交通大学,2015,
3370,何源,A5112660222,annotation,I4210131271,annotation_llm,215.0,何源,高功率射频超导质子直线加速器,中国科学院近代物理研究所,2015,
3371,何茂刚,A5102872302,annotation,I87445476,annotation_llm,127.0,何茂刚,流体热物理性质,西安交通大学,2015,
3372,郝继辉,A5079537374,annotation,I5740404,annotation_llm,260.0,郝继辉,肿瘤学(消化系统肿瘤),天津医科大学,2015,
3373,韩庆华,A5109878397,annotation,I162868743,annotation_llm,123.0,韩庆华,大跨空间结构,天津大学,2015,
3374,郭建春,A5100667727,annotation,I165745306,annotation_llm,327.0,郭建春,低渗与致密油气藏压裂酸化,西南石油大学,2015,
3375,郭锋,A5077031590,annotation,I3018690959,annotation_llm,198.0,郭锋,岩石学,中国科学院广州地球化学研究所,2015,
3376,管海兵,A5049487451,annotation,I183067930,annotation_llm,362.0,管海兵,虚拟化方法与技术,上海交通大学,2015,
3377,古英,A5036877963,annotation,I20231570,annotation_llm,220.0,古英,表面等离激元光学的交叉和应用,北京大学,2015,
3378,巩金龙,A5047030779,annotation,I162868743,annotation_llm,626.0,巩金龙,能源催化,天津大学,2015,
3379,高飞,A5014283643,annotation,I4210167311,annotation_llm,172.0,高飞,配子发生及相关疾病,中国科学院动物研究所,2015,
3380,高成江,A5042563957,annotation,I154099455,annotation_llm,158.0,高成江,抗病毒天然免疫,山东大学,2015,
3381,傅旭东,A5090663581,annotation,I99065089,annotation_llm,257.0,傅旭东,山区河流与流域泥沙动力学,清华大学,2015,
3382,冯志勇,A5001714538,annotation,I139759216,annotation_llm,833.0,冯志勇,认知无线网络理论与技术研究,北京邮电大学,2015,
3383,方陶陶,A5063077307,annotation,I191208505,annotation_llm,167.0,方陶陶,宇宙结构形成演化的多波段观测,厦门大学,2015,
3384,范一中,A5009424001,annotation,I2802340896,annotation_llm,417.0,范一中,理论天体物理,中国科学院紫金山天文台,2015,
3385,范峰,A5100663875,annotation,I204983213,annotation_llm,336.0,范峰,大跨空间结构抗震研究,哈尔滨工业大学,2015,
3386,段晚锁,A5023933852,annotation,I4210152758,annotation_llm,228.0,段晚锁,厄尔尼诺-南方涛动可预报性的非线性误差增长理论及其应用研究,中国科学院大气物理研究所,2015,
3387,段炼,A5070210507,annotation,I99065089,annotation_llm,708.0,段炼,有机发光材料与器件,清华大学,2015,
3388,杜岩,A5077266446,annotation,I4210103685,annotation_llm,292.0,杜岩,物理海洋学,中国科学院南海海洋研究所,2015,
3389,杜卫国,A5081348119,annotation,I4210167311,annotation_llm,200.0,杜卫国,爬行动物胚胎生理生态学,中国科学院动物研究所,2015,
3390,董晓臣,A5102001093,annotation,I134687103,annotation_llm,371.0,董晓臣,半导体生物光电子,南京工业大学,2015,
3391,丁进良,A5022740106,annotation,I9224756,annotation_llm,215.0,丁进良,数据驱动的复杂工业系统运行优化控制及其应用,东北大学,2015,
3394,崔峻,A5025408228,annotation,I4210164580,annotation_llm,459.0,崔峻,火星电离层形成机制研究,中国科学院国家天文台,2015,
3395,楚霞,A5055366850,annotation,I16609230,annotation_llm,215.0,楚霞,生化分析与生物传感,湖南大学,2015,
3396,程永现,A5046931825,annotation,I180726961,annotation_llm,277.0,程永现,中药药效物质,深圳大学,2015,
3397,程翔,A5000529473,annotation,I47720641,annotation_llm,329.0,程翔,免疫炎症与冠心病,华中科技大学,2015,
3399,陈心春,A5101582935,annotation,I180726961,annotation_llm,264.0,陈心春,感染免疫,深圳大学,2015,
3400,陈文光,A5103141832,annotation,I99065089,annotation_llm,284.0,陈文光,高性能计算机的评测、性能优化与编程,清华大学,2015,
3402,陈剑峰,A5100330940,annotation,I4210106477,annotation_llm,176.0,陈剑峰,细胞黏附与迁移机理,中国科学院上海生命科学研究院,2015,
3403,陈春城,A5064308160,annotation,I4210155088,annotation_llm,362.0,陈春城,环境光催化,中国科学院化学研究所,2015,
3404,巢晖,A5010214831,annotation,I157773358,annotation_llm,480.0,巢晖,生物无机化学,中山大学,2015,
3405,蔡阳健,A5047336918,annotation,I3923682,annotation_llm,686.0,蔡阳健,光束调控及应用,苏州大学,2015,
3407,艾庆辉,A5075161740,annotation,I59028903,annotation_llm,428.0,艾庆辉,水生动物营养生理,中国海洋大学,2015,
3408,朱樟明,A5039575274,annotation,I149594827,annotation_llm,631.0,朱樟明,低功耗模拟前端集成电路,西安电子科技大学,2016,
3410,朱守非,A5055273759,annotation,I205237279,annotation_llm,323.0,朱守非,催化有机合成化学,南开大学,2016,
3411,朱嘉琦,A5004202325,annotation,I204983213,annotation_llm,520.0,朱嘉琦,红外增透保护薄膜及金刚石单晶,哈尔滨工业大学,2016,
3412,朱楚洪,A5041743408,annotation,I151075929,annotation_llm,87.0,朱楚洪,组织工程学,中国人民解放军第三军医大学,2016,
3413,朱朝东,A5036650078,annotation,I4210167311,annotation_llm,311.0,朱朝东,昆虫系统学,中国科学院动物研究所,2016,
3414,周远扬,A5100810167,annotation,I40963666,annotation_llm,51.0,周远扬,群及其表示,华中师范大学,2016,
3415,周欣,A5084414888,annotation,I4210099135,annotation_llm,434.0,周欣,超灵敏磁共振成像,中国科学院武汉物理与数学研究所,2016,
3416,周鹏,A5038636096,annotation,I9842412,annotation_llm,339.0,周鹏,能源经济与管理,南京航空航天大学,2016,
3417,周大旺,A5085034299,annotation,I191208505,annotation_llm,85.0,周大旺,分子免疫学,厦门大学,2016,
3418,周斌,A5100673837,annotation,I4210106477,annotation_llm,668.0,周斌,心血管发育与组织再生,中国科学院上海生命科学研究院,2016,
3419,郑思齐,A5014586639,annotation,I99065089,annotation_llm,279.0,郑思齐,城镇发展与管理,清华大学,2016,
3420,赵亮,A5089729317,annotation,I4210126061,annotation_llm,318.0,赵亮,地震学,中国科学院地质与地球物理研究所,2016,
3421,赵斌,A5061315629,annotation,I205237279,annotation_llm,855.0,赵斌,功能配位化学,南开大学,2016,
3424,张拥军,A5100320371,annotation,I205237279,annotation_llm,341.0,张拥军,生物医用高分子材料,南开大学,2016,
3436,詹乃军,A5026435847,annotation,I4210128818,annotation_llm,227.0,詹乃军,复杂安全攸关嵌入式系统形式设计,中国科学院软件研究所,2016,
3437,詹梅,A5036139739,annotation,I17145004,annotation_llm,302.0,詹梅,塑性加工工艺、模具与设备,西北工业大学,2016,
3438,詹良通,A5011007830,annotation,I76130692,annotation_llm,184.0,詹良通,环境岩土工程,浙江大学,2016,
3440,曾涛,A5100684228,annotation,I125839683,annotation_llm,373.0,曾涛,双/多基地雷达系统与信息处理方法研究,北京理工大学,2016,
3441,袁林旺,A5100633048,annotation,I152031979,annotation_llm,125.0,袁林旺,地理信息系统,南京师范大学,2016,
3442,虞先濬,A5100374639,annotation,I24943067,annotation_llm,840.0,虞先濬,胰腺癌外科综合治疗的基础和临床转化研究,复旦大学,2016,
3444,余学斌,A5010772578,annotation,I24943067,annotation_llm,445.0,余学斌,金属基储氢材料,复旦大学,2016,
3445,余淼杰,A5101720389,annotation,I20231570,annotation_llm,243.0,余淼杰,国际贸易与中国经济转型发展,北京大学,2016,
3446,尤业字,A5004626137,annotation,I126520041,annotation_llm,171.0,尤业字,生物医用高分子材料,中国科学技术大学,2016,
3447,伊廷华,A5080786013,annotation,I27357992,annotation_llm,275.0,伊廷华,结构健康监测,大连理工大学,2016,
3448,杨运桂,A5052037541,annotation,I2801577699,annotation_llm,167.0,杨运桂,基因表达调控与表观遗传学,中国科学院北京基因组研究所,2016,
3449,杨茂君,A5059023058,annotation,I99065089,annotation_llm,131.0,杨茂君,生物大分子的结构与功能,清华大学,2016,
3451,杨海波,A5037909012,annotation,I66867065,annotation_llm,485.0,杨海波,有机超分子与聚集体化学,华东师范大学,2016,
3453,薛强,A5067814627,annotation,I4210140379,annotation_llm,305.0,薛强,岩土力学与岩土工程,中国科学院武汉岩土力学研究所,2016,
3455,徐赵东,A5100729867,annotation,I76569877,annotation_llm,368.0,徐赵东,结构抗震,东南大学,2016,
3459,徐坤,A5038382239,annotation,I139759216,annotation_llm,730.0,徐坤,微波的光子调控,北京邮电大学,2016,
3460,徐淮良,A5043348100,annotation,I194450716,annotation_llm,233.0,徐淮良,超快强场激光非线性光谱学,吉林大学,2016,
3461,谢涛,A5055015997,annotation,I76130692,annotation_llm,338.0,谢涛,形状记忆高分子,浙江大学,2016,
3462,谢少荣,A5086702173,annotation,I113940042,annotation_llm,364.0,谢少荣,智能与自主机器人,上海大学,2016,
3463,武振龙,A5007877359,annotation,I52158045,annotation_llm,178.0,武振龙,单胃动物营养学,中国农业大学,2016,
3464,吴元保,A5007024896,annotation,I3124059619,annotation_llm,135.0,吴元保,岩石学,中国地质大学(武汉),2016,
3465,吴兴刚,A5008332697,annotation,I158842170,annotation_llm,322.0,吴兴刚,粒子物理理论,重庆大学,2016,
3466,吴淮宁,A5000266144,annotation,I82880672,annotation_llm,345.0,吴淮宁,复杂动态系统智能控制,北京航空航天大学,2016,
3468,吴成印,A5033524459,annotation,I20231570,annotation_llm,182.0,吴成印,飞秒强场原子分子动力学及超快成像,北京大学,2016,
3469,闻利平,A5100763673,annotation,I4210140689,annotation_llm,336.0,闻利平,材料物理化学,中国科学院理化技术研究所,2016,
3470,魏振忠,A5075939703,annotation,I82880672,annotation_llm,139.0,魏振忠,机械测试理论与技术,北京航空航天大学,2016,
3477,王晓雪,A5100663565,annotation,I4210103685,annotation_llm,251.0,王晓雪,微生物生理与代谢,中国科学院南海海洋研究所,2016,
3480,王树青,A5058291374,annotation,I59028903,annotation_llm,2.0,王树青,海洋结构健康监测基础理论及应用关键技术,中国海洋大学,2016,
3482,王守国,A5002343733,annotation,I92403157,annotation_llm,271.0,王守国,磁性功能材料,北京科技大学,2016,
3486,王建国,A5100336346,annotation,I55712492,annotation_llm,591.0,王建国,负载纳米金属催化剂的应用基础研究,浙江工业大学,2016,
3491,汪夏燕,A5017550339,annotation,I37796252,annotation_llm,242.0,汪夏燕,微纳尺度分离分析,北京工业大学,2016,
3492,田善喜,A5048768588,annotation,I126520041,annotation_llm,116.0,田善喜,电子诱导的分子反应动态学,中国科学技术大学,2016,
3493,唐睿康,A5049073234,annotation,I76130692,annotation_llm,316.0,唐睿康,生物矿化,浙江大学,2016,
3494,汤亚杰,A5021957184,annotation,I74525822,annotation_llm,239.0,汤亚杰,天然产物生物制造,湖北工业大学,2016,
3495,汤富酬,A5003323474,annotation,I20231570,annotation_llm,326.0,汤富酬,发育生物学,北京大学,2016,
3496,苏仕健,A5048997362,annotation,I90610280,annotation_llm,455.0,苏仕健,高效率有机电致发光材料与器件,华南理工大学,2016,
3497,宋宇飞,A5067200024,annotation,I75390827,annotation_llm,501.0,宋宇飞,多酸插层材料,北京化工大学,2016,
3498,宋令阳,A5102012574,annotation,I20231570,annotation_llm,760.0,宋令阳,无线协作通信,北京大学,2016,
3499,史迅,A5109520816,annotation,I4210163874,annotation_llm,523.0,史迅,无机热电能量转换材料,中国科学院上海硅酸盐研究所,2016,
3500,石明,A5073318338,annotation,I157773358,annotation_llm,499.0,石明,肿瘤学(消化系统肿瘤),中山大学,2016,
3501,沈颖,A5049953438,annotation,I76130692,annotation_llm,173.0,沈颖,运动和精神疾病的小脑调控机制,浙江大学,2016,
3503,沈其龙,A5109293087,annotation,I4210112946,annotation_llm,330.0,沈其龙,有机化学,中国科学院上海有机化学研究所,2016,
3504,沈国震,A5032187710,annotation,I4210149211,annotation_llm,598.0,沈国震,柔性电子学,中国科学院半导体研究所,2016,
3505,秦礼萍,A5009568919,annotation,I126520041,annotation_llm,121.0,秦礼萍,同位素宇宙化学,中国科学技术大学,2016,
3506,秦峰,A5028781688,annotation,I52158045,annotation_llm,194.0,秦峰,玉米抗旱性的分子遗传学,中国农业大学,2016,
3507,齐颖新,A5110449573,annotation,I183067930,annotation_llm,63.0,齐颖新,血管力学生物学,上海交通大学,2016,
3509,彭芳瑜,A5029146465,annotation,I47720641,annotation_llm,168.0,彭芳瑜,数控加工技术与装备,华中科技大学,2016,
3510,彭承志,A5006863742,annotation,I126520041,annotation_llm,244.0,彭承志,量子通信与量子信息,中国科学技术大学,2016,
3511,牛书丽,A5012019755,annotation,I4210160793,annotation_llm,426.0,牛书丽,陆地生态系统碳循环与全球变化,中国科学院地理科学与资源研究所,2016,
3512,牛军峰,A5061805453,annotation,I2799850029,annotation_llm,398.0,牛军峰,环境工程,东莞理工学院,2016,
3513,聂宗秀,A5027440639,annotation,I4210155088,annotation_llm,166.0,聂宗秀,颗粒质谱与成像,中国科学院化学研究所,2016,
3514,倪喜军,A5085414774,annotation,I4210086287,annotation_llm,164.0,倪喜军,古灵长类学与古人类学,中国科学院古脊椎动物与古人类研究所,2016,
3515,缪峰,A5045298175,annotation,I881766915,annotation_llm,249.0,缪峰,新型电子信息材料及器件研究,南京大学,2016,
3516,毛同林,A5028026877,annotation,I52158045,annotation_llm,41.0,毛同林,植物细胞生物学,中国农业大学,2016,
3517,马凯学,A5030141198,annotation,I150229711,annotation_llm,661.0,马凯学,微波毫米波电路及集成系统,电子科技大学,2016,
3518,马坚伟,A5078652354,annotation,I204983213,annotation_llm,187.0,马坚伟,勘探地球物理学,哈尔滨工业大学,2016,
3519,吕建成,A5073535763,annotation,I24185976,annotation_llm,314.0,吕建成,神经网络子空间学习,四川大学,2016,
3520,吕海东,A5004106529,annotation,I25254941,annotation_llm,87.0,吕海东,视觉认知神经科学,北京师范大学,2016,
3521,罗正鸿,A5004797785,annotation,I183067930,annotation_llm,374.0,罗正鸿,聚合反应器模拟及应用,上海交通大学,2016,
3522,罗小兵,A5078004388,annotation,I47720641,annotation_llm,625.0,罗小兵,器件封装中流动与传热,华中科技大学,2016,
3523,罗喜胜,A5080828809,annotation,I126520041,annotation_llm,224.0,罗喜胜,实验流体力学,中国科学技术大学,2016,
3524,罗杰,A5107637176,annotation,I204823248,annotation_llm,163.0,罗杰,作物代谢组学,华中农业大学,2016,
3525,罗成,A5024637740,annotation,I4210112820,annotation_llm,574.0,罗成,药物化学,中国科学院上海药物研究所,2016,
3526,栾天罡,A5056340272,annotation,I157773358,annotation_llm,231.0,栾天罡,环境分析与生态化学,中山大学,2016,
3527,卢义玉,A5062130118,annotation,I158842170,annotation_llm,181.0,卢义玉,水力化网格碎裂煤层增透理论与实践,重庆大学,2016,
3528,卢新培,A5085241766,annotation,I47720641,annotation_llm,374.0,卢新培,大气压非平衡等离子体及其生物医学应用,华中科技大学,2016,
3529,卢明辉,A5104218605,annotation,I881766915,annotation_llm,6.0,卢明辉,人工带隙材料,南京大学,2016,
3530,刘志洪,A5100328508,annotation,I37461747,annotation_llm,331.0,刘志洪,荧光分析,武汉大学,2016,
3534,刘全有,A5085670380,annotation,I106994412,annotation_llm,205.0,刘全有,成烃-成藏油气地球化学,中国石油化工股份有限公司石油勘探开发研究院,2016,
3536,刘俊国,A5011224227,annotation,I3045169105,annotation_llm,403.0,刘俊国,自然-经济系统水资源评价理论与方法,南方科技大学,2016,
3537,刘俊,A5100358902,annotation,I4210092888,annotation_llm,667.0,刘俊,光电功能高分子,中国科学院长春应用化学研究所,2016,
3538,刘健华,A5101678206,annotation,I101479585,annotation_llm,196.0,刘健华,兽医药理学,华南农业大学,2016,
3540,刘建国,A5100780350,annotation,I4210149211,annotation_llm,1052.0,刘建国,高速光电子器件,中国科学院半导体研究所,2016,
3542,刘光慧,A5100654857,annotation,I4210112540,annotation_llm,441.0,刘光慧,利用多能干细胞技术研究和治疗衰老相关疾病,中国科学院生物物理研究所,2016,
3544,刘畅,A5100353357,annotation,I4210126304,annotation_llm,505.0,刘畅,碳纳米管的可控制备与应用探索,中国科学院金属研究所,2016,
3545,林宙辰,A5016399094,annotation,I20231570,annotation_llm,485.0,林宙辰,图像处理与模式识别,北京大学,2016,
3546,李智军,A5100450024,annotation,I90610280,annotation_llm,965.0,李智军,面向人机协作的可穿戴康复机器人基础理论与关键技术,华南理工大学,2016,
3549,李肯立,A5078793726,annotation,I16609230,annotation_llm,810.0,李肯立,高效能计算,湖南大学,2016,
3550,李金恒,A5051672452,annotation,I927504317,annotation_llm,821.0,李金恒,有机合成方法学,南昌航空大学,2016,
3553,李国辉,A5100337869,annotation,I180585399,annotation_llm,478.0,李国辉,理论与计算生物物理化学,中国科学院大连化学物理研究所,2016,
3556,雷晓光,A5020188195,annotation,I20231570,annotation_llm,291.0,雷晓光,小分子探针导向的化学生物学,北京大学,2016,
3557,靳庆鲁,A5001910323,annotation,I181679659,annotation_llm,31.0,靳庆鲁,制度、体制改革与会计及财务问题研究,上海财经大学,2016,
3558,靳健,A5101464839,annotation,I4210092495,annotation_llm,250.0,靳健,高分子分离膜设计制备与应用研究,中国科学院苏州纳米技术与纳米仿生研究所,2016,
3559,金石,A5013079905,annotation,I76569877,annotation_llm,1492.0,金石,多天线无线传输理论与关键技术,东南大学,2016,
3561,贾立军,A5055165608,annotation,I24943067,annotation_llm,118.0,贾立军,肿瘤分子生物学,复旦大学,2016,
3562,贾宏杰,A5053616362,annotation,I162868743,annotation_llm,592.0,贾宏杰,综合能源系统的稳定性与运行优化,天津大学,2016,
3563,霍峰蔚,A5003241944,annotation,I134687103,annotation_llm,228.0,霍峰蔚,配位聚合物,南京工业大学,2016,
3564,黄志群,A5040979861,annotation,I111753288,annotation_llm,147.0,黄志群,森林土壤学,福建师范大学,2016,
3565,黄志明,A5012504104,annotation,I4210135723,annotation_llm,223.0,黄志明,红外与太赫兹,中国科学院上海技术物理研究所,2016,
3568,黄勇,A5063411310,annotation,I16609230,annotation_llm,565.0,黄勇,偏微分方程,湖南大学,2016,
3569,黄亿华,A5046290441,annotation,I4210112540,annotation_llm,55.0,黄亿华,膜蛋白结构与功能研究,中国科学院生物物理研究所,2016,
3570,黄小龙,A5100676789,annotation,I3018690959,annotation_llm,228.0,黄小龙,岩石学,中国科学院广州地球化学研究所,2016,
3571,黄广华,A5036376546,annotation,I4210134982,annotation_llm,152.0,黄广华,病原真菌生物学,中国科学院微生物研究所,2016,
3572,胡忠坤,A5018554987,annotation,I47720641,annotation_llm,135.0,胡忠坤,冷原子干涉引力精密测量,华中科技大学,2016,
3574,胡建生,A5024591386,annotation,I2802624667,annotation_llm,288.0,胡建生,磁约束等离子体物理实验,中国科学院合肥物质科学研究院,2016,
3575,侯健,A5101729089,annotation,I4210162190,annotation_llm,170.0,侯健,油气藏渗流力学与提高采收率方法,中国石油大学(华东),2016,
3577,何军,A5100602957,annotation,I4210141483,annotation_llm,343.0,何军,新型二维硫族半导体及电子、光电子器件,国家纳米科学中心,2016,
3578,郝青振,A5113156471,annotation,I4210126061,annotation_llm,158.0,郝青振,第四纪地质学,中国科学院地质与地球物理研究所,2016,
3579,韩永明,A5113463331,annotation,I4210159790,annotation_llm,241.0,韩永明,焦炭与烟炱地球化学,中国科学院地球环境研究所,2016,
3580,韩鸿宾,A5101856799,annotation,I20231570,annotation_llm,212.0,韩鸿宾,脑信息提取、处理分析与成像新方法研究,北京大学,2016,
3581,韩德仁,A5054048290,annotation,I152031979,annotation_llm,134.0,韩德仁,非线性规划理论与方法,南京师范大学,2016,
3582,郭庆军,A5055136032,annotation,I4210160793,annotation_llm,139.0,郭庆军,稳定同位素地球化学与地球环境,中国科学院地理科学与资源研究所,2016,
3583,郭国平,A5090060101,annotation,I126520041,annotation_llm,589.0,郭国平,半导体量子计算,中国科学技术大学,2016,
3584,公茂琼,A5102416707,annotation,I4210140689,annotation_llm,254.0,公茂琼,混合工质深度制冷的工程热物理问题,中国科学院理化技术研究所,2016,
3585,傅平青,A5100657548,annotation,I4210152758,annotation_llm,734.0,傅平青,气溶胶化学,中国科学院大气物理研究所,2016,
3586,冯雪,A5036168675,annotation,I99065089,annotation_llm,406.0,冯雪,实验固体力学,清华大学,2016,
3587,方颖,A5036311156,annotation,I191208505,annotation_llm,6.0,方颖,计量经济学方法及其在经济管理中的应用,厦门大学,2016,
3588,范志朋,A5100680746,annotation,I183519381,annotation_llm,187.0,范志朋,口腔医学,首都医科大学,2016,
3589,窦道龙,A5056206546,annotation,I119454577,annotation_llm,226.0,窦道龙,疫霉菌效应子,南京农业大学,2016,
3590,邓友金,A5047149764,annotation,I126520041,annotation_llm,333.0,邓友金,高效蒙特卡洛方法的发展和应用,中国科学技术大学,2016,
3591,戴志晖,A5000162290,annotation,I152031979,annotation_llm,309.0,戴志晖,生化分析及生物传感,南京师范大学,2016,
3592,崔光磊,A5079176132,annotation,I4210158139,annotation_llm,560.0,崔光磊,高能量密度固态锂电池关键材料的研究,中国科学院青岛生物能源与过程研究所,2016,
3593,仇子龙,A5029546120,annotation,I4210106477,annotation_llm,236.0,仇子龙,自闭症的神经生物学机制与非人灵长类动物模型,中国科学院上海生命科学研究院,2016,
3594,陈悦,A5100454812,annotation,I205237279,annotation_llm,267.0,陈悦,癌症干细胞的药物化学,南开大学,2016,
3595,陈玉琴,A5041556252,annotation,I4210164580,annotation_llm,185.0,陈玉琴,银河系化学与运动学演化,中国科学院国家天文台,2016,
3598,陈立桅,A5108832513,annotation,I4210092495,annotation_llm,686.0,陈立桅,物理化学,中国科学院苏州纳米技术与纳米仿生研究所,2016,
3599,陈玖斌,A5050672420,annotation,I4210135735,annotation_llm,164.0,陈玖斌,金属稳定同位素环境地球化学,中国科学院地球化学研究所,2016,
3601,陈海山,A5029299892,annotation,I200845125,annotation_llm,432.0,陈海山,陆气相互作用,南京信息工程大学,2016,
3602,柴利,A5100704809,annotation,I43922553,annotation_llm,333.0,柴利,滤波器组框架理论及应用,武汉科技大学,2016,
3603,曹达鹏,A5056166029,annotation,I75390827,annotation_llm,439.0,曹达鹏,纳微材料化工热力学基础及可控制备,北京化工大学,2016,
3605,白晓春,A5100636559,annotation,I58200834,annotation_llm,305.0,白晓春,骨与软骨退行性病变的机制,南方医科大学,2016,
3606,邹卫国,A5022404028,annotation,I4210106477,annotation_llm,134.0,邹卫国,骨发育与重建及相关疾病的机制,中国科学院上海生命科学研究院,2017,
3607,邹勃,A5049371974,annotation,I194450716,annotation_llm,764.0,邹勃,高压超分子物理化学,吉林大学,2017,
3609,朱铁军,A5086146868,annotation,I76130692,annotation_llm,392.0,朱铁军,热电能量转换材料,浙江大学,2017,
3610,朱健,A5031444445,annotation,I20231570,annotation_llm,71.0,朱健,发育生物学,北京大学,2017,
3611,周兆才,A5062540333,annotation,I4210106477,annotation_llm,131.0,周兆才,肿瘤发生及免疫应答的分子细胞信号机制,中国科学院上海生命科学研究院,2017,
3612,周树云,A5006283995,annotation,I99065089,annotation_llm,186.0,周树云,表面、界面和低维系统的电子结构,清华大学,2017,
3613,周绍兵,A5071539566,annotation,I4800084,annotation_llm,326.0,周绍兵,生物医用高分子材料,西南交通大学,2017,
3614,周剑,A5100666619,annotation,I66867065,annotation_llm,356.0,周剑,不对称催化,华东师范大学,2017,
3615,郑伟英,A5103214233,annotation,I4210120485,annotation_llm,84.0,郑伟英,偏微分方程数值解,中国科学院数学与系统科学研究院,2017,
3616,赵曜,A5088251627,annotation,I24943067,annotation_llm,133.0,赵曜,垂体瘤的临床综合治疗和转化医学研究,复旦大学,2017,
3617,赵新,A5051967182,annotation,I4210112946,annotation_llm,310.0,赵新,二维高分子,中国科学院上海有机化学研究所,2017,
3618,章秀银,A5031038951,annotation,I90610280,annotation_llm,428.0,章秀银,基于协同融合的微波器件与系统,华南理工大学,2017,
3620,张永安,A5075140744,annotation,I4210089584,annotation_llm,386.0,张永安,鱼类先天免疫,中国科学院水生生物研究所,2017,
3621,张扬建,A5056650910,annotation,I4210160793,annotation_llm,231.0,张扬建,高寒生态系统与全球变化,中国科学院地理科学与资源研究所,2017,
3622,张新波,A5103375207,annotation,I4210092888,annotation_llm,1.0,张新波,无机材料化学,中国科学院长春应用化学研究所,2017,
3626,张全国,A5101993477,annotation,I25254941,annotation_llm,107.0,张全国,进化生态学,北京师范大学,2017,
3627,张丽华,A5100414909,annotation,I180585399,annotation_llm,1371.0,张丽华,复杂生物样品分离分析,中国科学院大连化学物理研究所,2017,
3630,张吉雄,A5083143371,annotation,I25757504,annotation_llm,229.0,张吉雄,充填开采与岩层控制,中国矿业大学,2017,
3634,曾海波,A5089334983,annotation,I36399199,annotation_llm,665.0,曾海波,新型显示发光半导体与发光器件,南京理工大学,2017,
3635,岳骞,A5016586562,annotation,I99065089,annotation_llm,194.0,岳骞,高纯锗探测器稀有事例探测实验,清华大学,2017,
3636,袁业飞,A5108069602,annotation,I126520041,annotation_llm,164.0,袁业飞,黑洞相对论性吸积,中国科学技术大学,2017,
3637,喻俊志,A5073958329,annotation,I4210112150,annotation_llm,544.0,喻俊志,水下仿生智能机器人及应用,中国科学院自动化研究所,2017,
3638,禹永春,A5053675071,annotation,I24943067,annotation_llm,57.0,禹永春,发育神经生物学,复旦大学,2017,
3639,於志文,A5100701166,annotation,I17145004,annotation_llm,791.0,於志文,移动网络环境用户行为感知与分析,西北工业大学,2017,
3641,尤涵,A5013308419,annotation,I191208505,annotation_llm,45.0,尤涵,肿瘤生物学,厦门大学,2017,
3642,尹双凤,A5086761727,annotation,I16609230,annotation_llm,494.0,尹双凤,工业催化,湖南大学,2017,
3643,殷小玮,A5101518787,annotation,I17145004,annotation_llm,302.0,殷小玮,高温宽频吸波结构型陶瓷基复合材料,西北工业大学,2017,
3644,叶敏,A5100725242,annotation,I20231570,annotation_llm,528.0,叶敏,中药药效物质,北京大学,2017,
3645,要茂盛,A5037026129,annotation,I20231570,annotation_llm,151.0,要茂盛,生物气溶胶,北京大学,2017,
3646,杨晓志,A5036248595,annotation,I881766915,annotation_llm,108.0,杨晓志,高温高压实验地球科学,南京大学,2017,
3647,杨石岭,A5069579408,annotation,I4210126061,annotation_llm,109.0,杨石岭,风尘沉积与古环境,中国科学院地质与地球物理研究所,2017,
3648,杨化桂,A5100770981,annotation,I143593769,annotation_llm,442.0,杨化桂,光化学能转换功能材料,华东理工大学,2017,
3650,杨财广,A5005023253,annotation,I4210112820,annotation_llm,144.0,杨财广,蛋白质功能的化学干预,中国科学院上海药物研究所,2017,
3651,杨必胜,A5100772177,annotation,I37461747,annotation_llm,270.0,杨必胜,广义点云多细节层次三维建模理论与方法,武汉大学,2017,
3652,严登华,A5101486698,annotation,I4210092032,annotation_llm,324.0,严登华,变化环境下水资源演变机理与适应性调控,中国水利水电科学研究院,2017,
3653,鄢社锋,A5082998836,annotation,I4210099069,annotation_llm,166.0,鄢社锋,水声信号处理与通信,中国科学院声学研究所,2017,
3654,许金时,A5021341955,annotation,I126520041,annotation_llm,196.0,许金时,量子光学和量子信息,中国科学技术大学,2017,
3656,徐平龙,A5028904861,annotation,I76130692,annotation_llm,105.0,徐平龙,细胞质核酸识别和疾病机制,浙江大学,2017,
3657,徐辉雄,A5037882275,annotation,I116953780,annotation_llm,265.0,徐辉雄,超声医学,同济大学,2017,
3658,徐长节,A5100740624,annotation,I13985625,annotation_llm,231.0,徐长节,基础工程及土动力学,华东交通大学,2017,
3659,熊宇杰,A5087717847,annotation,I126520041,annotation_llm,618.0,熊宇杰,无机固体的精准制备化学,中国科学技术大学,2017,
3660,邢华斌,A5001967373,annotation,I76130692,annotation_llm,360.0,邢华斌,化工分离过程,浙江大学,2017,
3661,谢永芳,A5035923986,annotation,I139660479,annotation_llm,374.0,谢永芳,有色冶金过程控制理论及应用,中南大学,2017,
3662,谢开贵,A5017941662,annotation,I158842170,annotation_llm,287.0,谢开贵,电力系统可靠性,重庆大学,2017,
3663,谢高岗,A5030689390,annotation,I4210090176,annotation_llm,489.0,谢高岗,互联网性能研究,中国科学院计算技术研究所,2017,
3664,肖仕,A5002115485,annotation,I157773358,annotation_llm,216.0,肖仕,植物低氧感受与信号转导,中山大学,2017,
3665,夏军强,A5025193330,annotation,I37461747,annotation_llm,224.0,夏军强,河流动力学,武汉大学,2017,
3666,吴雪峰,A5087127970,annotation,I2802340896,annotation_llm,418.0,吴雪峰,高能时域天文,中国科学院紫金山天文台,2017,
3667,吴文传,A5009457440,annotation,I99065089,annotation_llm,396.0,吴文传,电力系统能量管理与运行控制,清华大学,2017,
3668,吴俊杰,A5030746978,annotation,I82880672,annotation_llm,468.0,吴俊杰,社会化媒体大数据挖掘与应用,北京航空航天大学,2017,
3669,吴俊,A5051453633,annotation,I119454577,annotation_llm,277.0,吴俊,果树种质资源与分子育种,南京农业大学,2017,
3671,吴德成,A5046676725,annotation,I4210155088,annotation_llm,170.0,吴德成,生物医用高分子,中国科学院化学研究所,2017,
3673,邬光剑,A5108375451,annotation,I4210141476,annotation_llm,100.0,邬光剑,亚洲粉尘与冰冻圈环境,中国科学院青藏高原研究所,2017,
3674,翁文国,A5001369119,annotation,I99065089,annotation_llm,156.0,翁文国,城市公共安全风险管理,清华大学,2017,
3676,王永贵,A5043086248,annotation,I146563203,annotation_llm,250.0,王永贵,服务营销与创新,对外经济贸易大学,2017,
3677,王业亮,A5044801484,annotation,I4210159876,annotation_llm,288.0,王业亮,新型二维原子晶体及在纳电子器件中的应用,中国科学院物理研究所,2017,
3678,王艳丽,A5100413375,annotation,I4210112540,annotation_llm,316.0,王艳丽,蛋白质-核酸复合物的结构与功能研究,中国科学院生物物理研究所,2017,
3681,王任小,A5016374232,annotation,I4210112946,annotation_llm,273.0,王任小,分子靶向药物设计理论方法的研究与应用,中国科学院上海有机化学研究所,2017,
3683,王军平,A5100670730,annotation,I151075929,annotation_llm,294.0,王军平,放射医学与防护学,中国人民解放军第三军医大学,2017,
3685,王建浦,A5043971938,annotation,I134687103,annotation_llm,248.0,王建浦,有机及钙钛矿光电器件,南京工业大学,2017,
3690,王桂荣,A5100783081,annotation,I4210097978,annotation_llm,439.0,王桂荣,昆虫化学生态学,中国农业科学院植物保护研究所,2017,
3694,汪乐余,A5054153670,annotation,I75390827,annotation_llm,286.0,汪乐余,纳米探针与成像分析,北京化工大学,2017,
3695,田梅,A5035410232,annotation,I76130692,annotation_llm,291.0,田梅,分子影像与核医学,浙江大学,2017,
3696,唐江,A5015759567,annotation,I47720641,annotation_llm,565.0,唐江,太阳能电池,华中科技大学,2017,
3697,汤艳杰,A5029490400,annotation,I4210126061,annotation_llm,141.0,汤艳杰,地幔地球化学,中国科学院地质与地球物理研究所,2017,
3698,汤文军,A5028023634,annotation,I4210112946,annotation_llm,305.0,汤文军,催化不对称合成,中国科学院上海有机化学研究所,2017,
3699,孙阳,A5007491746,annotation,I4210159876,annotation_llm,200.0,孙阳,磁性材料与器件,中国科学院物理研究所,2017,
3700,孙爱军,A5101456506,annotation,I24943067,annotation_llm,165.0,孙爱军,心力衰竭与能量代谢,复旦大学,2017,
3701,盛敏,A5029337392,annotation,I149594827,annotation_llm,484.0,盛敏,异构无线网络容量理论及组网方法,西安电子科技大学,2017,
3702,盛春泉,A5057853505,annotation,I177933477,annotation_llm,334.0,盛春泉,化学治疗药物,中国人民解放军第二军医大学,2017,
3703,沈志豪,A5063581480,annotation,I20231570,annotation_llm,233.0,沈志豪,基于液晶高分子的功能材料,北京大学,2017,
3704,沈锡辉,A5080777603,annotation,I89652312,annotation_llm,167.0,沈锡辉,微生物环境适应机制,西北农林科技大学,2017,
3705,沈红斌,A5076024045,annotation,I183067930,annotation_llm,361.0,沈红斌,生物信息分析与处理,上海交通大学,2017,
3706,商洪才,A5011762184,annotation,I17747738,annotation_llm,401.0,商洪才,中医内科学,北京中医药大学,2017,
3707,卿国良,A5086942958,annotation,I37461747,annotation_llm,119.0,卿国良,代谢与肿瘤,武汉大学,2017,
3708,秦跟基,A5059319622,annotation,I20231570,annotation_llm,61.0,秦跟基,植物叶片发育的保守转录调控机制,北京大学,2017,
3709,彭新华,A5014292422,annotation,I4210165559,annotation_llm,300.0,彭新华,土壤物理学,中国科学院南京土壤研究所,2017,
3710,彭良友,A5038991319,annotation,I20231570,annotation_llm,156.0,彭良友,强场现象与阿秒物理,北京大学,2017,
3711,潘波,A5083603443,annotation,I10660446,annotation_llm,386.0,潘波,环境地球化学,昆明理工大学,2017,
3712,聂舟,A5078126584,annotation,I16609230,annotation_llm,269.0,聂舟,生化分析与生物传感,湖南大学,2017,
3713,马丁,A5055822249,annotation,I20231570,annotation_llm,531.0,马丁,催化化学,北京大学,2017,
3714,吕海宝,A5084346828,annotation,I204983213,annotation_llm,205.0,吕海宝,智能材料与结构力学,哈尔滨工业大学,2017,
3715,罗俊航,A5103263329,annotation,I157773358,annotation_llm,170.0,罗俊航,肿瘤转移耐药的分子预测与精准治疗的转化研究,中山大学,2017,
3716,卢湖川,A5006986293,annotation,I27357992,annotation_llm,643.0,卢湖川,视频目标跟踪与显著性检测,大连理工大学,2017,
3721,刘若川,A5102958404,annotation,I20231570,annotation_llm,41.0,刘若川,算术几何与代数数论,北京大学,2017,
3722,刘明杰,A5112385275,annotation,I82880672,annotation_llm,454.0,刘明杰,高分子复合凝胶,北京航空航天大学,2017,
3723,梁高林,A5029765615,annotation,I126520041,annotation_llm,241.0,梁高林,生物成像分析,中国科学技术大学,2017,
3724,连增,A5101494713,annotation,I24185976,annotation_llm,26.0,连增,无穷维动力系统的遍历理论,四川大学,2017,
3725,李勇建,A5100779226,annotation,I205237279,annotation_llm,189.0,李勇建,物流与供应链管理,南开大学,2017,
3726,李水清,A5024465450,annotation,I99065089,annotation_llm,480.0,李水清,气固反应流,清华大学,2017,
3731,李药,A5103505203,annotation,I4210164580,annotation_llm,7.0,李药,大型射电望远镜巡天及星际介质演化,中国科学院国家天文台,2017,
3732,黎大兵,A5016499715,annotation,I4210088164,annotation_llm,237.0,黎大兵,GaN基紫外光电子器件与材料,中国科学院长春光学精密机械与物理研究所,2017,
3734,寇纲,A5073973267,annotation,I204831749,annotation_llm,442.0,寇纲,大数据化决策表征,西南财经大学,2017,
3735,孔凡江,A5081419044,annotation,I4210101301,annotation_llm,180.0,孔凡江,大豆分子遗传学与分子育种,中国科学院东北地理与农业生态研究所,2017,
3736,柯燎亮,A5087877048,annotation,I21193070,annotation_llm,203.0,柯燎亮,功能材料与结构力学,北京交通大学,2017,
3737,康振辉,A5082297994,annotation,I3923682,annotation_llm,765.0,康振辉,碳量子点的催化特性,苏州大学,2017,
3738,康宇,A5025987638,annotation,I126520041,annotation_llm,535.0,康宇,面向尾气监测的网络化系统分析、控制及应用,中国科学技术大学,2017,
3739,金盛烨,A5037362177,annotation,I180585399,annotation_llm,209.0,金盛烨,超快光谱与动力学,中国科学院大连化学物理研究所,2017,
3740,颉伟,A5102528708,annotation,I99065089,annotation_llm,4.0,颉伟,胚胎发育的表观遗传调控,清华大学,2017,
3741,焦树强,A5020025331,annotation,I92403157,annotation_llm,439.0,焦树强,电化学冶金,北京科技大学,2017,
3742,姜潮,A5089216253,annotation,I16609230,annotation_llm,416.0,姜潮,机械结构不确定性分析与设计,湖南大学,2017,
3744,江洁,A5079667048,annotation,I82880672,annotation_llm,326.0,江洁,星敏感器基础理论与关键技术,北京航空航天大学,2017,
3745,江海龙,A5038041764,annotation,I126520041,annotation_llm,430.0,江海龙,功能配合物化学,中国科学技术大学,2017,
3746,黄中伟,A5016570639,annotation,I4210162190,annotation_llm,286.0,黄中伟,油气井流体力学与工程,中国石油大学(北京),2017,
3747,黄卫华,A5035667799,annotation,I37461747,annotation_llm,186.0,黄卫华,单细胞分析,武汉大学,2017,
3749,黄攀峰,A5091127758,annotation,I17145004,annotation_llm,323.0,黄攀峰,空间机器人基础理论与关键技术研究,西北工业大学,2017,
3750,黄梅,A5005974219,annotation,I4210137180,annotation_llm,192.0,黄梅,强耦合夸克物质性质和量子色动力学相结构,中国科学院高能物理研究所,2017,
3751,黄吉平,A5029288246,annotation,I24943067,annotation_llm,500.0,黄吉平,复杂系统的结构设计与功能控制,复旦大学,2017,
3752,黄罡,A5101617703,annotation,I20231570,annotation_llm,367.0,黄罡,自适应软件,北京大学,2017,
3753,胡兆初,A5084263315,annotation,I3124059619,annotation_llm,366.0,胡兆初,地球化学,中国地质大学(武汉),2017,
3754,胡勇胜,A5074018534,annotation,I4210159876,annotation_llm,350.0,胡勇胜,钠离子电池材料研究,中国科学院物理研究所,2017,
3756,胡伟达,A5031365355,annotation,I4210135723,annotation_llm,520.0,胡伟达,红外探测器物理及应用,中国科学院上海技术物理研究所,2017,
3758,胡国宏,A5017022799,annotation,I4210106477,annotation_llm,208.0,胡国宏,乳腺癌转移与肿瘤微环境,中国科学院上海生命科学研究院,2017,
3759,侯立军,A5011681774,annotation,I66867065,annotation_llm,225.0,侯立军,河口环境过程与生态效应,华东师范大学,2017,
3760,侯军利,A5068221925,annotation,I24943067,annotation_llm,143.0,侯军利,功能有机超分子化学,复旦大学,2017,
3761,郭安薪,A5031620690,annotation,I204983213,annotation_llm,117.0,郭安薪,桥梁多灾害及控制,哈尔滨工业大学,2017,
3762,葛咏,A5027113543,annotation,I4210160793,annotation_llm,239.0,葛咏,地理空间统计学方法,中国科学院地理科学与资源研究所,2017,
3763,高宁,A5013434529,annotation,I20231570,annotation_llm,279.0,高宁,生物大分子复合物的高分辨冷冻电镜结构研究,北京大学,2017,
3765,付琨,A5112365916,annotation,I4210110458,annotation_llm,333.0,付琨,遥感图像分析与解译,中国科学院电子学研究所,2017,
3766,冯世进,A5087563808,annotation,I116953780,annotation_llm,239.0,冯世进,工程地质学,同济大学,2017,
3767,冯济,A5040535359,annotation,I20231570,annotation_llm,245.0,冯济,电子结构计算和材料物性,北京大学,2017,
3768,方德斌,A5007691529,annotation,I37461747,annotation_llm,87.0,方德斌,电力市场管理与政策建模,武汉大学,2017,
3769,樊隽轩,A5016367316,annotation,I4210103797,annotation_llm,140.0,樊隽轩,定量地层学、定量古生物学与定量古地理学,中国科学院南京地质古生物研究所,2017,
3771,段胜仲,A5048890095,annotation,I183067930,annotation_llm,85.0,段胜仲,核受体与代谢和心血管疾病,上海交通大学,2017,
3772,段安民,A5007100017,annotation,I4210152758,annotation_llm,169.0,段安民,海气自然变率影响青藏高原热源的过程和机理,中国科学院大气物理研究所,2017,
3773,杜文莉,A5048267931,annotation,I143593769,annotation_llm,348.0,杜文莉,化工过程控制与优化,华东理工大学,2017,
3774,杜太生,A5015458435,annotation,I52158045,annotation_llm,210.0,杜太生,节水优质高效灌溉机理与过程调控,中国农业大学,2017,
3775,董忠军,A5102916143,annotation,I99065089,annotation_llm,66.0,董忠军,NK细胞基础免疫学,清华大学,2017,
3776,董焕丽,A5085124551,annotation,I4210155088,annotation_llm,493.0,董焕丽,有机高分子光电功能材料与器件,中国科学院化学研究所,2017,
3777,丁龙云,A5101792363,annotation,I205237279,annotation_llm,43.0,丁龙云,描述集合论,南开大学,2017,
3778,丁爱军,A5089839220,annotation,I881766915,annotation_llm,541.0,丁爱军,大气复合污染中的物理与化学过程相互作用,南京大学,2017,
3779,邓亮,A5087789746,annotation,I4210112946,annotation_llm,556.0,邓亮,有机金属化学,中国科学院上海有机化学研究所,2017,
3780,单革,A5061702878,annotation,I126520041,annotation_llm,140.0,单革,非编码RNA在遗传信息表达中的调控功能,中国科学技术大学,2017,
3781,戴俊彪,A5072203343,annotation,I4210145761,annotation_llm,202.0,戴俊彪,微生物合成生物学,中国科学院深圳先进技术研究院,2017,
3782,戴道锌,A5041370047,annotation,I76130692,annotation_llm,662.0,戴道锌,硅基光子学,浙江大学,2017,
3783,初广文,A5058166096,annotation,I75390827,annotation_llm,307.0,初广文,超重力反应器工程,北京化工大学,2017,
3784,程义云,A5020228335,annotation,I66867065,annotation_llm,268.0,程义云,高分子载体,华东师范大学,2017,
3785,程和发,A5041899854,annotation,I20231570,annotation_llm,319.0,程和发,环境地球化学,北京大学,2017,
3787,陈雪波,A5101689974,annotation,I25254941,annotation_llm,189.0,陈雪波,理论和计算光化学,北京师范大学,2017,
3788,陈星秋,A5019723085,annotation,I4210126304,annotation_llm,599.0,陈星秋,合金计算设计,中国科学院金属研究所,2017,
3790,陈玲玲,A5100745206,annotation,I4210106477,annotation_llm,315.0,陈玲玲,长非编码RNA的代谢与功能,中国科学院上海生命科学研究院,2017,
3792,陈建兵,A5048814627,annotation,I116953780,annotation_llm,370.0,陈建兵,结构抗灾可靠性优化设计理论,同济大学,2017,
3793,陈华勇,A5101529064,annotation,I3018690959,annotation_llm,146.0,陈华勇,矿床学,中国科学院广州地球化学研究所,2017,
3794,陈华伟,A5100704491,annotation,I82880672,annotation_llm,199.0,陈华伟,仿生机械设计与制造,北京航空航天大学,2017,
3795,陈弓,A5100389829,annotation,I205237279,annotation_llm,530.0,陈弓,复杂糖肽化合物的有机合成和化学生物学研究,南开大学,2017,
3797,车仁超,A5071995516,annotation,I24943067,annotation_llm,380.0,车仁超,金属材料显微结构与吸波性能,复旦大学,2017,
3798,曹庆宏,A5005955121,annotation,I20231570,annotation_llm,106.0,曹庆宏,理论粒子物理,北京大学,2017,
3799,蔡庆宇,A5112124555,annotation,I4210099135,annotation_llm,110.0,蔡庆宇,量子信息与黑洞信息丢失问题,中国科学院武汉物理与数学研究所,2017,
3800,蔡磊,A5029316679,annotation,I4210134982,annotation_llm,333.0,蔡磊,真菌资源、分类与系统演化,中国科学院微生物研究所,2017,
3801,步文博,A5060453218,annotation,I66867065,annotation_llm,232.0,步文博,稀土功能材料,华东师范大学,2017,
3802,毕天姝,A5077234408,annotation,I153473198,annotation_llm,350.0,毕天姝,电力系统保护控制,华北电力大学,2017,
3803,艾渤,A5100620739,annotation,I21193070,annotation_llm,1240.0,艾渤,高速铁路宽带移动通信理论与技术,北京交通大学,2017,
3804,刘卫东,A5100687149,annotation,I183067930,annotation_llm,704.0,刘卫东,数理统计,上海交通大学,2018,
3805,向红军,A5088722533,annotation,I24943067,annotation_llm,413.0,向红军,多铁性的理论研究,复旦大学,2018,
3806,乔宾,A5043245924,annotation,I20231570,annotation_llm,201.0,乔宾,强激光物质相互作用,北京大学,2018,
3807,肖云峰,A5034397421,annotation,I20231570,annotation_llm,380.0,肖云峰,超高品质因子微腔光学,北京大学,2018,
3809,关启安,A5108812845,annotation,I20231570,annotation_llm,4.0,关启安,多复变函数论,北京大学,2018,
3810,全海涛,A5009360097,annotation,I20231570,annotation_llm,101.0,全海涛,小系统的非平衡统计物理研究,北京大学,2018,
3811,田晖,A5002757842,annotation,I20231570,annotation_llm,317.0,田晖,太阳物理,北京大学,2018,
3814,何建军,A5103820018,annotation,I4210164580,annotation_llm,2.0,何建军,核天体物理,中国科学院国家天文台,2018,
3815,施勇,A5047464767,annotation,I881766915,annotation_llm,222.0,施勇,星系中的恒星形成和超大质量黑洞增长,南京大学,2018,
3818,姚宏,A5008810579,annotation,I99065089,annotation_llm,305.0,姚宏,强关联体系的理论研究,清华大学,2018,
3819,徐志平,A5100547770,annotation,I99065089,annotation_llm,7.0,徐志平,固体力学,清华大学,2018,
3820,于品,A5028121261,annotation,I99065089,annotation_llm,30.0,于品,偏微分方程,清华大学,2018,
3821,周全,A5084083828,annotation,I113940042,annotation_llm,171.0,周全,浮力驱动湍流,上海大学,2018,
3822,张振雷,A5102008956,annotation,I96852419,annotation_llm,84.0,张振雷,几何分析,首都师范大学,2018,
3823,吴克辉,A5055899561,annotation,I4210159876,annotation_llm,316.0,吴克辉,新型低维量子材料的原子层构筑、物性调控及其微观机理研究,中国科学院物理研究所,2018,
3825,杨建成,A5100381068,annotation,I4210131271,annotation_llm,172.0,杨建成,强流高功率离子加速器束流累积新方法和关键技术,中国科学院近代物理研究所,2018,
3826,康熙,A5108511550,annotation,I2802340896,annotation_llm,221.0,康熙,星系的形成和空间排列研究,中国科学院紫金山天文台,2018,
3827,周宇峰,A5108124629,annotation,I4210125404,annotation_llm,160.0,周宇峰,粒子物理理论,中国科学院理论物理研究所,2018,
3828,高福平,A5084798688,annotation,I4210157653,annotation_llm,151.0,高福平,海洋土力学,中国科学院力学研究所,2018,
3829,杨晟,A5100329753,annotation,I4210106477,annotation_llm,302.0,杨晟,合成生物催化剂工程,中国科学院上海生命科学研究院,2018,
3830,何耀,A5054439790,annotation,I3923682,annotation_llm,355.0,何耀,生物成像分析,苏州大学,2018,
3831,王殳凹,A5002614185,annotation,I3923682,annotation_llm,839.0,王殳凹,环境放射化学,苏州大学,2018,
3832,王双印,A5042902756,annotation,I16609230,annotation_llm,543.0,王双印,电催化剂缺陷化学,湖南大学,2018,
3835,彭章泉,A5034722101,annotation,I4210092888,annotation_llm,268.0,彭章泉,能源材料界面电化学,中国科学院长春应用化学研究所,2018,
3836,翟天佑,A5018294251,annotation,I47720641,annotation_llm,726.0,翟天佑,无机材料合成化学和光电器件,华中科技大学,2018,
3838,杜海峰,A5112310645,annotation,I4210155088,annotation_llm,195.0,杜海峰,不对称催化,中国科学院化学研究所,2018,
3839,王亚培,A5080478968,annotation,I78988378,annotation_llm,245.0,王亚培,聚合物近红外光热转换,中国人民大学,2018,
3840,伊成器,A5014470638,annotation,I20231570,annotation_llm,178.0,伊成器,核酸化学生物学,北京大学,2018,
3842,李映伟,A5100643109,annotation,I90610280,annotation_llm,375.0,李映伟,金属有机骨架材料工业催化基础,华南理工大学,2018,
3843,龚学庆,A5085852346,annotation,I143593769,annotation_llm,390.0,龚学庆,多相催化理论模拟研究,华东理工大学,2018,
3844,臧双全,A5005592293,annotation,I38877650,annotation_llm,1304.0,臧双全,新型银硫团簇材料的定向合成与性能研究,郑州大学,2018,
3845,孙志刚,A5074694254,annotation,I180585399,annotation_llm,184.0,孙志刚,分子反应动力学,中国科学院大连化学物理研究所,2018,
3846,覃勇,A5074124495,annotation,I4210159903,annotation_llm,329.0,覃勇,纳米表界面催化化学,中国科学院山西煤炭化学研究所,2018,
3847,田长麟,A5006239480,annotation,I126520041,annotation_llm,216.0,田长麟,蛋白质动态特性的化学生物学研究,中国科学技术大学,2018,
3848,傅强,A5035531924,annotation,I180585399,annotation_llm,1195.0,傅强,表面与界面催化,中国科学院大连化学物理研究所,2018,
3851,江莉龙,A5053219554,annotation,I80947539,annotation_llm,374.0,江莉龙,合成氨催化剂工程,福州大学,2018,
3852,樊春安,A5038278818,annotation,I76214153,annotation_llm,230.0,樊春安,天然产物合成,兰州大学,2018,
3853,黄正,A5033486450,annotation,I4210112946,annotation_llm,300.0,黄正,金属有机催化的饱和烃类物质转化,中国科学院上海有机化学研究所,2018,
3854,刘倩,A5100318524,annotation,I4210144289,annotation_llm,1126.0,刘倩,环境分析化学,中国科学院生态环境研究中心,2018,
3855,孙庆福,A5065838299,annotation,I4210119098,annotation_llm,287.0,孙庆福,配位超分子化学,中国科学院福建物质结构研究所,2018,
3856,谭斌,A5068090193,annotation,I3045169105,annotation_llm,263.0,谭斌,催化不对称合成,南方科技大学,2018,
3858,彭强,A5053836350,annotation,I24185976,annotation_llm,278.0,彭强,有机聚合物太阳能电池材料的设计合成与光伏性能研究,四川大学,2018,
3859,焦雨铃,A5079032909,annotation,I4210124606,annotation_llm,135.0,焦雨铃,器官发育的遗传与生物力学调控,中国科学院遗传与发育生物学研究所,2018,
3860,王二涛,A5020878352,annotation,I4210106477,annotation_llm,94.0,王二涛,植物-微生物共生的营养交换和遗传改造,中国科学院上海生命科学研究院,2018,
3861,史岸冰,A5054912186,annotation,I47720641,annotation_llm,40.0,史岸冰,囊泡循环运输,华中科技大学,2018,
3862,孙衍刚,A5024081826,annotation,I4210106477,annotation_llm,61.0,孙衍刚,痒觉信息处理的神经环路机制,中国科学院上海生命科学研究院,2018,
3863,肖百龙,A5024804793,annotation,I99065089,annotation_llm,77.0,肖百龙,机械门控离子通道,清华大学,2018,
3865,吴蓓丽,A5062705887,annotation,I4210112820,annotation_llm,102.0,吴蓓丽,G蛋白偶联受体的结构生物学研究,中国科学院上海药物研究所,2018,
3866,孙强,A5108583281,annotation,I4210106477,annotation_llm,201.0,孙强,非人灵长类生殖与发育,中国科学院上海生命科学研究院,2018,
3867,杨志谋,A5076211939,annotation,I205237279,annotation_llm,313.0,杨志谋,短肽水凝胶的可控制备及生物医疗应用,南开大学,2018,
3868,曹胜波,A5009149702,annotation,I204823248,annotation_llm,153.0,曹胜波,动物传染病学,华中农业大学,2018,
3869,程功,A5043698718,annotation,I99065089,annotation_llm,164.0,程功,蚊媒病毒感染与传播,清华大学,2018,
3871,钱韦,A5109297239,annotation,I4210134982,annotation_llm,175.0,钱韦,植物细菌病害,中国科学院微生物研究所,2018,
3872,叶清,A5100347557,annotation,I4210120696,annotation_llm,198.0,叶清,植物生理生态,中国科学院华南植物园,2018,
3873,唐朝荣,A5003127560,annotation,I20942203,annotation_llm,82.0,唐朝荣,产胶生物学,海南大学,2018,
3874,周艳虹,A5076563235,annotation,I76130692,annotation_llm,380.0,周艳虹,设施蔬菜逆境响应与调控,浙江大学,2018,
3875,刘宏涛,A5100444846,annotation,I4210106477,annotation_llm,176.0,刘宏涛,植物光信号转导,中国科学院上海生命科学研究院,2018,
3876,聂少平,A5051610166,annotation,I141649914,annotation_llm,1027.0,聂少平,食品复杂碳水化合物,南昌大学,2018,
3877,叶丽林,A5064212776,annotation,I151075929,annotation_llm,121.0,叶丽林,免疫应答,中国人民解放军第三军医大学,2018,
3878,杨元合,A5014814366,annotation,I4210158097,annotation_llm,266.0,杨元合,全球变化生态学,中国科学院植物研究所,2018,
3879,黄志伟,A5101484182,annotation,I204983213,annotation_llm,53.0,黄志伟,病毒与宿主免疫系统相互作用的分子机制,哈尔滨工业大学,2018,
3880,李孟华,A5045859953,annotation,I4210167311,annotation_llm,170.0,李孟华,绵羊种质资源与功能组学,中国科学院动物研究所,2018,
3881,黄学辉,A5004318121,annotation,I21945476,annotation_llm,151.0,黄学辉,水稻数量遗传学研究,上海师范大学,2018,
3882,刘巧泉,A5010955633,annotation,I78978612,annotation_llm,251.0,刘巧泉,水稻品质性状遗传与改良,扬州大学,2018,
3883,陈学伟,A5009791505,annotation,I37574244,annotation_llm,136.0,陈学伟,水稻稻瘟病广谱抗性遗传材料挖掘及分子机理解析,四川农业大学,2018,
3884,董广辉,A5031606363,annotation,I76214153,annotation_llm,188.0,董广辉,环境考古与环境变化,兰州大学,2018,
3885,倪怀玮,A5031992630,annotation,I126520041,annotation_llm,110.0,倪怀玮,岩浆熔体和流体的实验岩石学,中国科学技术大学,2018,
3886,闫俊华,A5064396174,annotation,I4210120696,annotation_llm,160.0,闫俊华,陆表过程与环境变化,中国科学院华南植物园,2018,
3887,杨云锋,A5035440650,annotation,I99065089,annotation_llm,261.0,杨云锋,土壤微生物学,清华大学,2018,
3889,郭华明,A5107596923,annotation,I3125743391,annotation_llm,412.0,郭华明,水文地质学,中国地质大学(北京),2018,
3890,袁洪林,A5101463909,annotation,I37802460,annotation_llm,201.0,袁洪林,同位素地球化学,西北大学,2018,
3893,朱建喜,A5090023602,annotation,I3018690959,annotation_llm,388.0,朱建喜,矿物学,中国科学院广州地球化学研究所,2018,
3895,林强,A5039226759,annotation,I4210103685,annotation_llm,149.0,林强,海马生物地理格局与环境适应,中国科学院南海海洋研究所,2018,
3896,陈显尧,A5024291314,annotation,I59028903,annotation_llm,100.0,陈显尧,海洋年代际变异机制及其在全球气候变化中的作用,中国海洋大学,2018,
3897,李超,A5100323144,annotation,I3124059619,annotation_llm,238.0,李超,地球生物学,中国地质大学(武汉),2018,
3898,孙建奇,A5101516034,annotation,I4210152758,annotation_llm,171.0,孙建奇,中高纬气候系统变化及短期气候预测,中国科学院大气物理研究所,2018,
3899,祁生文,A5001069071,annotation,I4210126061,annotation_llm,217.0,祁生文,岩体工程地质力学,中国科学院地质与地球物理研究所,2018,
3900,吴永红,A5046289405,annotation,I4210165559,annotation_llm,320.0,吴永红,相界面过程与效应,中国科学院南京土壤研究所,2018,
3901,何贤强,A5037623697,annotation,I4210109544,annotation_llm,319.0,何贤强,海洋水色遥感:辐射传输与大气校正,国家海洋局第二海洋研究所,2018,
3902,车慧正,A5024019310,annotation,I4210133131,annotation_llm,438.0,车慧正,气溶胶光学-辐射特性及其气候环境效应,中国气象科学研究院,2018,
3904,杨志明,A5101767240,annotation,I4210126061,annotation_llm,150.0,杨志明,矿床学,中国地质科学院地质研究所,2018,
3905,曾小勤,A5017093588,annotation,I183067930,annotation_llm,566.0,曾小勤,先进镁合金设计与制备,上海交通大学,2018,
3906,盛国平,A5080874179,annotation,I126520041,annotation_llm,326.0,盛国平,水污染控制,中国科学技术大学,2018,
3908,田富强,A5068525466,annotation,I99065089,annotation_llm,326.0,田富强,流域水文模拟及预报,清华大学,2018,
3909,卫海桥,A5023261675,annotation,I162868743,annotation_llm,292.0,卫海桥,内燃机爆震机理与优化控制,天津大学,2018,
3910,邹如强,A5078663016,annotation,I20231570,annotation_llm,511.0,邹如强,功能多孔材料,北京大学,2018,
3911,李越,A5100387764,annotation,I2802624667,annotation_llm,956.0,李越,金属周期微/纳结构超材料及其光学特性研究,中国科学院合肥物质科学研究院,2018,
3912,刘润,A5100341950,annotation,I162868743,annotation_llm,217.0,刘润,海洋结构与地基耦合作用,天津大学,2018,
3913,曹炳阳,A5102879630,annotation,I99065089,annotation_llm,16.0,曹炳阳,微纳尺度导热,清华大学,2018,
3915,花为,A5100403937,annotation,I76569877,annotation_llm,785.0,花为,电动汽车用新型磁通切换电机系统基础理论研究,东南大学,2018,
3916,林波荣,A5008020574,annotation,I99065089,annotation_llm,254.0,林波荣,绿色建筑环境营造与节能,清华大学,2018,
3917,翟长海,A5072444192,annotation,I204983213,annotation_llm,181.0,翟长海,强地震动特征及结构抗震设防,哈尔滨工业大学,2018,
3918,杨仲轩,A5006732636,annotation,I76130692,annotation_llm,169.0,杨仲轩,岩土力学与基础工程,浙江大学,2018,
3919,郭宝春,A5087615704,annotation,I90610280,annotation_llm,246.0,郭宝春,橡胶材料的多重网络设计与性能调控,华南理工大学,2018,
3921,付世晓,A5037130051,annotation,I183067930,annotation_llm,242.0,付世晓,海洋工程流固耦合实验与理论,上海交通大学,2018,
3922,高亮,A5017886286,annotation,I47720641,annotation_llm,1139.0,高亮,车间调度的理论与方法,华中科技大学,2018,
3923,邱丽荣,A5103082528,annotation,I125839683,annotation_llm,191.0,邱丽荣,机械测试理论、方法与技术,北京理工大学,2018,
3925,付强,A5065153972,annotation,I169572211,annotation_llm,956.0,付强,农田土壤冻融过程的水土环境效应,东北农业大学,2018,
3926,刘绍琴,A5001741146,annotation,I204983213,annotation_llm,210.0,刘绍琴,无机非金属类生物材料,哈尔滨工业大学,2018,
3927,唐桂华,A5061140074,annotation,I87445476,annotation_llm,334.0,唐桂华,微纳尺度传热传质,西安交通大学,2018,
3928,陈瑞润,A5033084673,annotation,I204983213,annotation_llm,414.0,陈瑞润,电磁冷坩埚熔炼与凝固,哈尔滨工业大学,2018,
3929,冉千平,A5001165502,annotation,I4210086186,annotation_llm,216.0,冉千平,水泥基材料高性能化,江苏省建筑科学研究院有限公司,2018,
3932,孙艳明,A5076839744,annotation,I82880672,annotation_llm,244.0,孙艳明,有机光电功能材料与器件,北京航空航天大学,2018,
3933,闵小波,A5101527415,annotation,I139660479,annotation_llm,199.0,闵小波,有色冶金环境工程,中南大学,2018,
3934,张铁锐,A5042712935,annotation,I4210140689,annotation_llm,458.0,张铁锐,能量转换纳米催化材料,中国科学院理化技术研究所,2018,
3935,蔡开勇,A5023252191,annotation,I158842170,annotation_llm,521.0,蔡开勇,生物医用材料表界面,重庆大学,2018,
3936,刘岗,A5100412458,annotation,I4210126304,annotation_llm,790.0,刘岗,太阳能驱动光催化材料,中国科学院金属研究所,2018,
3938,丁轶,A5016874353,annotation,I136765683,annotation_llm,576.0,丁轶,纳米多孔金属能源材料,天津理工大学,2018,
3940,黄晓宇,A5063205289,annotation,I4210112946,annotation_llm,306.0,黄晓宇,聚合物分子刷及其功能材料,中国科学院上海有机化学研究所,2018,
3941,秦波涛,A5040108310,annotation,I25757504,annotation_llm,97.0,秦波涛,煤矿热动力灾害防治,中国矿业大学,2018,
3942,王开云,A5079076715,annotation,I4800084,annotation_llm,256.0,王开云,轨道车辆动力学及服役安全,西南交通大学,2018,
3943,徐昕,A5053112608,annotation,I170215575,annotation_llm,703.0,徐昕,机器人自主控制与学习,中国人民解放军国防科技大学,2018,
3944,廖志敏,A5037696029,annotation,I20231570,annotation_llm,257.0,廖志敏,低维材料物理与功能器件,北京大学,2018,
3945,尹建伟,A5069353502,annotation,I76130692,annotation_llm,449.0,尹建伟,服务计算,浙江大学,2018,
3948,廖小飞,A5022398389,annotation,I47720641,annotation_llm,413.0,廖小飞,并行分布式计算,华中科技大学,2018,
3949,田永鸿,A5023918894,annotation,I20231570,annotation_llm,519.0,田永鸿,图像视频分析,北京大学,2018,
3950,陈岐岱,A5058110234,annotation,I194450716,annotation_llm,389.0,陈岐岱,飞秒激光微纳加工,吉林大学,2018,
3951,冯晶,A5101964445,annotation,I194450716,annotation_llm,677.0,冯晶,有机半导体光电子学与光电器件,吉林大学,2018,
3952,赵强,A5072566242,annotation,I41198531,annotation_llm,614.0,赵强,有机光电子学,南京邮电大学,2018,
3953,邢孟道,A5021408538,annotation,I149594827,annotation_llm,821.0,邢孟道,合成孔径雷达成像,西安电子科技大学,2018,
3954,王密,A5100742710,annotation,I37461747,annotation_llm,205.0,王密,高分辨率卫星遥感影像精准处理与智能服务,武汉大学,2018,
3955,朱涛,A5100751296,annotation,I158842170,annotation_llm,449.0,朱涛,超窄线宽激光器及传感技术,重庆大学,2018,
3956,潘力佳,A5053918463,annotation,I881766915,annotation_llm,220.0,潘力佳,半导体聚合物与传感器件,南京大学,2018,
3957,何斌,A5049557511,annotation,I116953780,annotation_llm,231.0,何斌,智能检测与计算感知,同济大学,2018,
3958,李赞,A5100697315,annotation,I149594827,annotation_llm,471.0,李赞,智能隐蔽通信理论与关键技术,西安电子科技大学,2018,
3959,周明辉,A5065977454,annotation,I20231570,annotation_llm,228.0,周明辉,开源软件开发,北京大学,2018,
3960,杨林,A5025931500,annotation,I4210149211,annotation_llm,294.0,杨林,硅基光子集成,中国科学院半导体研究所,2018,
3962,翁健,A5082041657,annotation,I159948400,annotation_llm,563.0,翁健,公钥密码学,暨南大学,2018,
3963,刘青山,A5100404959,annotation,I200845125,annotation_llm,357.0,刘青山,视觉特征表示与学习,南京信息工程大学,2018,
3964,华长春,A5100380201,annotation,I39333907,annotation_llm,686.0,华长春,非线性时滞系统理论与应用,燕山大学,2018,
3965,陈谋,A5024678101,annotation,I9842412,annotation_llm,418.0,陈谋,大机动无人机智能控制基础理论与应用,南京航空航天大学,2018,
3966,姜海峰,A5112317901,annotation,I4210093645,annotation_llm,105.0,姜海峰,光纤光频梳及其精密测量应用,中国科学院国家授时中心,2018,
3967,付俊,A5042145194,annotation,I9224756,annotation_llm,370.0,付俊,非线性动态系统的控制与优化,东北大学,2018,
3968,袁媛,A5100334733,annotation,I4210144662,annotation_llm,1179.0,袁媛,高光谱图像分析与处理,中国科学院西安光学精密机械研究所,2018,
3969,刘琦,A5100453158,annotation,I4210119392,annotation_llm,589.0,刘琦,阻变器件机理与性能调控,中国科学院微电子研究所,2018,
3971,王军波,A5109218676,annotation,I4210110458,annotation_llm,362.0,王军波,MEMS传感器,中国科学院电子学研究所,2018,
3972,田轩,A5004735664,annotation,I99065089,annotation_llm,133.0,田轩,工商管理,清华大学,2018,
3973,何斯迈,A5039806740,annotation,I181679659,annotation_llm,70.0,何斯迈,管理科学,上海财经大学,2018,
3975,温宗国,A5072721152,annotation,I99065089,annotation_llm,170.0,温宗国,环境与生态管理,清华大学,2018,
3976,杨立兴,A5040786132,annotation,I21193070,annotation_llm,279.0,杨立兴,轨道交通运输管理,北京交通大学,2018,
3977,梁哲,A5027961947,annotation,I116953780,annotation_llm,61.0,梁哲,航空运营中的大规模组合优化问题及算法研究,同济大学,2018,
3978,吴德胜,A5100694948,annotation,I4210165038,annotation_llm,504.0,吴德胜,复杂管理系统风险决策研究,中国科学院大学,2018,
3979,郑俊克,A5076932676,annotation,I183067930,annotation_llm,133.0,郑俊克,造血干细胞和白血病干细胞生物学,上海交通大学,2018,
3981,刘翠华,A5029059260,annotation,I4210134982,annotation_llm,98.0,刘翠华,病原菌与宿主互作的分子机制,中国科学院微生物研究所,2018,
3982,高召兵,A5063492662,annotation,I4210112820,annotation_llm,121.0,高召兵,离子通道药理学,中国科学院上海药物研究所,2018,
3983,孙金鹏,A5100663030,annotation,I154099455,annotation_llm,205.0,孙金鹏,靶向GPCR偏向性信号途径的药理学研究,山东大学,2018,
3984,常永生,A5078302445,annotation,I5740404,annotation_llm,113.0,常永生,糖脂代谢调控分子机理,天津医科大学,2018,
3986,齐炼文,A5025530383,annotation,I161716053,annotation_llm,257.0,齐炼文,中药学,中国药科大学,2018,
3987,陈明周,A5101994399,annotation,I37461747,annotation_llm,64.0,陈明周,RNA病毒感染和致病的分子机制,武汉大学,2018,
3988,林天歆,A5003905939,annotation,I157773358,annotation_llm,390.0,林天歆,肿瘤学(膀胱癌淋巴转移的临床与基础研究),中山大学,2018,
3989,娄昕,A5009565631,annotation,I2802939634,annotation_llm,301.0,娄昕,脑血管病影像学,中国人民解放军总医院,2018,
3990,秦骏,A5034097820,annotation,I4210106477,annotation_llm,311.0,秦骏,肿瘤表观遗传调控,中国科学院上海生命科学研究院,2018,
3991,岳伟华,A5013230389,annotation,I20231570,annotation_llm,283.0,岳伟华,精神分裂症的遗传易感性研究,北京大学,2018,
3992,王红艳,A5100359667,annotation,I4210106477,annotation_llm,135.0,王红艳,免疫细胞介导的炎症相关疾病,中国科学院上海生命科学研究院,2018,
3993,李洪林,A5100688144,annotation,I143593769,annotation_llm,641.0,李洪林,药物设计方法与应用,华东理工大学,2018,
3994,焦建伟,A5065888156,annotation,I4210167311,annotation_llm,128.0,焦建伟,脑发育与疾病机理研究,中国科学院动物研究所,2018,
3996,匡铭,A5035163484,annotation,I157773358,annotation_llm,532.0,匡铭,影像学(肿瘤精准消融),中山大学,2018,
3997,刘存志,A5016706609,annotation,I17747738,annotation_llm,309.0,刘存志,中医针灸学,北京中医药大学,2018,
3999,蔡军,A5100618263,annotation,I4210161896,annotation_llm,232.0,蔡军,高血压病,中国医学科学院阜外医院,2018,
4000,叶玲,A5100646446,annotation,I24185976,annotation_llm,160.0,叶玲,牙髓生物学,四川大学,2018,
4001,唐熠达,A5009171180,annotation,I4210161896,annotation_llm,189.0,唐熠达,心血管内科学,中国医学科学院阜外医院,2018,
4002,郝峻巍,A5036367482,annotation,I5740404,annotation_llm,125.0,郝峻巍,免疫炎症与神经系统疾病,天津医科大学,2018,
4003,陆帅,A5101482385,annotation,I24943067,annotation_llm,80.0,陆帅,反问题计算方法与数学理论,复旦大学,2019,
4004,袁军华,A5017819900,annotation,I126520041,annotation_llm,84.0,袁军华,细菌运动的物理机制,中国科学技术大学,2019,
4006,方德清,A5059794393,annotation,I24943067,annotation_llm,175.0,方德清,放射性核束物理,复旦大学,2019,
4008,顾为民,A5091206255,annotation,I191208505,annotation_llm,255.0,顾为民,黑洞吸积与外流,厦门大学,2019,
4009,向导,A5055538318,annotation,I183067930,annotation_llm,229.0,向导,基于加速器的超快科学装置物理及关键技术,上海交通大学,2019,
4011,邵成刚,A5041521211,annotation,I47720641,annotation_llm,224.0,邵成刚,精密引力实验中的噪声研究,华中科技大学,2019,
4012,卢海舟,A5019361101,annotation,I3045169105,annotation_llm,215.0,卢海舟,磁场中拓扑物质的电子输运理论,南方科技大学,2019,
4014,杨振伟,A5106498549,annotation,I99065089,annotation_llm,1678.0,杨振伟,重味强子的实验研究,清华大学,2019,
4016,田矗舜,A5101702993,annotation,I4210125404,annotation_llm,73.0,田矗舜,基于量子力学原理的统计物理基础之研究,中国科学院理论物理研究所,2019,
4017,邹长亮,A5007454142,annotation,I205237279,annotation_llm,188.0,邹长亮,大规模数据统计推断,南开大学,2019,
4018,孙明波,A5033616786,annotation,I170215575,annotation_llm,331.0,孙明波,超声速燃烧,中国人民解放军国防科技大学,2019,
4019,吕朝锋,A5100610670,annotation,I76130692,annotation_llm,135.0,吕朝锋,非均质材料与结构力学,浙江大学,2019,
4020,何峰,A5016324588,annotation,I183067930,annotation_llm,196.0,何峰,强场中的原子分子超快动力学研究,上海交通大学,2019,
4024,陈树琪,A5055783994,annotation,I205237279,annotation_llm,264.0,陈树琪,少层人工微结构光场调控物理,南开大学,2019,
4025,姚小虎,A5101765310,annotation,I90610280,annotation_llm,180.0,姚小虎,爆炸与冲击动力学,华南理工大学,2019,
4026,翁红明,A5065958779,annotation,I4210159876,annotation_llm,417.0,翁红明,计算凝聚态物理,中国科学院物理研究所,2019,
4028,王立峰,A5077990226,annotation,I9842412,annotation_llm,193.0,王立峰,南京航空航天大学,纳系统动力学,2019,
4029,潘兵,A5070819847,annotation,I82880672,annotation_llm,307.0,潘兵,实验固体力学,北京航空航天大学,2019,
4030,骆军委,A5039172269,annotation,I4210149211,annotation_llm,195.0,骆军委,半导体物理与器件物理,中国科学院半导体研究所,2019,
4031,贾宇,A5109946126,annotation,I4210137180,annotation_llm,112.0,贾宇,量子色动力学高阶计算及有效场论,中国科学院高能物理研究所,2019,
4032,李婵颖,A5030878853,annotation,I4210120485,annotation_llm,77.0,李婵颖,中国科学院数学与系统科学研究院,非线性参数系统自适应控制,2019,
4033,武海斌,A5004870006,annotation,I66867065,annotation_llm,113.0,武海斌,超冷量子气体,华东师范大学,2019,
4034,闫振亚,A5072375928,annotation,I4210120485,annotation_llm,284.0,闫振亚,中国科学院数学与系统科学研究院,可积系统与复杂非线性波的数学理论及交叉应用,2019,
4035,李整林,A5101747052,annotation,I4210099069,annotation_llm,186.0,李整林,深海声学及其应用,中国科学院声学研究所,2019,
4037,柳振鑫,A5005051690,annotation,I27357992,annotation_llm,191.0,柳振鑫,大连理工大学,随机动力系统,2019,
4039,赵公博,A5051811265,annotation,I4210164580,annotation_llm,357.0,赵公博,中国科学院国家天文台,星系巡天宇宙学,2019,
4040,章福祥,A5033612713,annotation,I180585399,annotation_llm,291.0,章福祥,光催化全分解水制氢,中国科学院大连化学物理研究所,2019,
4047,张正彪,A5036802842,annotation,I3923682,annotation_llm,335.0,张正彪,高分子精准合成,苏州大学,2019,
4049,车延科,A5009685639,annotation,I4210155088,annotation_llm,163.0,车延科,环境分析,中国科学院化学研究所,2019,
4050,史炳锋,A5058718448,annotation,I76130692,annotation_llm,331.0,史炳锋,有机合成化学,浙江大学,2019,
4051,赵华章,A5014850257,annotation,I20231570,annotation_llm,155.0,赵华章,环境化工,北京大学,2019,
4052,赵达慧,A5017330347,annotation,I20231570,annotation_llm,258.0,赵达慧,有机高分子功能材料化学,北京大学,2019,
4053,叶树集,A5043124433,annotation,I126520041,annotation_llm,97.0,叶树集,中国科学技术大学,复杂体系的界面物理与化学,2019,
4055,贾彦兴,A5013587375,annotation,I20231570,annotation_llm,196.0,贾彦兴,天然产物全合成,北京大学,2019,
4056,吴长征,A5072144721,annotation,I126520041,annotation_llm,280.0,吴长征,无机合成化学,中国科学技术大学,2019,
4057,卢兴,A5078853797,annotation,I47720641,annotation_llm,580.0,卢兴,金属富勒烯化学,华中科技大学,2019,
4058,李先锋,A5100672492,annotation,I180585399,annotation_llm,597.0,李先锋,液流电池膜材料及应用,中国科学院大连化学物理研究所,2019,
4059,王铁,A5048229670,annotation,I4210155088,annotation_llm,428.0,王铁,疾病体外分析检测,中国科学院化学研究所,2019,
4060,栾新军,A5088780516,annotation,I37802460,annotation_llm,320.0,栾新军,有机合成化学,西北大学,2019,
4061,曾杰,A5075571728,annotation,I126520041,annotation_llm,585.0,曾杰,金属催化剂表界面配位结构对催化反应的调控机制,中国科学技术大学,2019,
4062,黄汉民,A5063833862,annotation,I126520041,annotation_llm,313.0,黄汉民,金属催化有机合成化学,中国科学技术大学,2019,
4063,焦丽颖,A5035327253,annotation,I99065089,annotation_llm,135.0,焦丽颖,二维晶体化学与器件,清华大学,2019,
4065,钟羽武,A5026343813,annotation,I4210155088,annotation_llm,437.0,钟羽武,光功能金属有机化合物与光电化学,中国科学院化学研究所,2019,
4066,程方益,A5049506458,annotation,I205237279,annotation_llm,364.0,程方益,非整比电极材料化学,南开大学,2019,
4067,匡华,A5089085593,annotation,I111599522,annotation_llm,644.0,匡华,基于手性纳米结构光学活性的细胞分析,江南大学,2019,
4068,葛子义,A5016131764,annotation,I4210165339,annotation_llm,342.0,葛子义,有机太阳能电池,中国科学院宁波材料技术与工程研究所,2019,
4069,江智勇,A5017357026,annotation,I75955062,annotation_llm,333.0,江智勇,新型不对称氢键催化,河南师范大学,2019,
4070,徐维林,A5057597603,annotation,I4210092888,annotation_llm,208.0,徐维林,单分子单粒子水平的能源化学过程基础研究,中国科学院长春应用化学研究所,2019,
4071,袁荃,A5001940565,annotation,I16609230,annotation_llm,386.0,袁荃,化学与生物传感,湖南大学,2019,
4072,杜建忠,A5011217965,annotation,I116953780,annotation_llm,202.0,杜建忠,高分子囊泡,同济大学,2019,
4074,游雨蒙,A5005569088,annotation,I76569877,annotation_llm,285.0,游雨蒙,分子压电材料,东南大学,2019,
4075,伍志鲲,A5071069893,annotation,I2802624667,annotation_llm,273.0,伍志鲲,结构化学,中国科学院合肥物质科学研究院,2019,
4076,黄延强,A5054330732,annotation,I180585399,annotation_llm,217.0,黄延强,载人密闭空间二氧化碳转化及应用,中国科学院大连化学物理研究所,2019,
4077,石峰,A5110195211,annotation,I4210089297,annotation_llm,311.0,石峰,多相催化,中国科学院兰州化学物理研究所,2019,
4078,石伟群,A5080865424,annotation,I4210137180,annotation_llm,955.0,石伟群,乏燃料后处理基础研究,中国科学院高能物理研究所,2019,
4079,潘丙才,A5088809937,annotation,I881766915,annotation_llm,383.0,潘丙才,水污染控制化学,南京大学,2019,
4080,杨宁,A5108053325,annotation,I4210133325,annotation_llm,247.0,杨宁,多相反应器的介尺度模型及工程应用,中国科学院过程工程研究所,2019,
4081,樊江莉,A5073547897,annotation,I27357992,annotation_llm,454.0,樊江莉,染料精细化工,大连理工大学,2019,
4082,刘培念,A5059828101,annotation,I143593769,annotation_llm,230.0,刘培念,表面合成化学,华东理工大学,2019,
4083,李从刚,A5069253299,annotation,I4210099135,annotation_llm,271.0,李从刚,核磁共振波谱学,中国科学院武汉物理与数学研究所,2019,
4084,杨恒权,A5003504831,annotation,I181877577,annotation_llm,165.0,杨恒权,乳液界面催化,山西大学,2019,
4085,蓝斐,A5101882183,annotation,I24943067,annotation_llm,125.0,蓝斐,组蛋白甲基化的动态调控机制,复旦大学,2019,
4086,蔡时青,A5066023144,annotation,I4210106477,annotation_llm,39.0,蔡时青,衰老的分子神经生物学机制研究,中国科学院上海生命科学研究院,2019,
4088,向烨,A5049333278,annotation,I99065089,annotation_llm,118.0,向烨,分子生物物理,清华大学,2019,
4089,秦国政,A5031850952,annotation,I4210158097,annotation_llm,154.0,秦国政,园艺作物采后生物学,中国科学院植物研究所,2019,
4090,沈晓骅,A5026189830,annotation,I99065089,annotation_llm,77.0,沈晓骅,细胞命运决定中非编码核酸介导的转录和染色质调控,清华大学,2019,
4091,毕彦超,A5061428842,annotation,I25254941,annotation_llm,181.0,毕彦超,认知心理学与认知神经科学,北京师范大学,2019,
4093,晏向华,A5060337576,annotation,I204823248,annotation_llm,89.0,晏向华,动物分子营养学,华中农业大学,2019,
4096,巫永睿,A5108252958,annotation,I4210106477,annotation_llm,81.0,巫永睿,玉米胚乳发育与遗传改良,中国科学院上海生命科学研究院,2019,
4097,姜长涛,A5004463159,annotation,I20231570,annotation_llm,156.0,姜长涛,鞘脂神经酰胺与代谢性疾病,北京大学,2019,
4098,储诚进,A5010287013,annotation,I157773358,annotation_llm,196.0,储诚进,群落生态学,中山大学,2019,
4100,杨辉,A5080035671,annotation,I4210106477,annotation_llm,319.0,杨辉,基因编辑,中国科学院上海生命科学研究院,2019,
4101,潘巍峻,A5015979727,annotation,I4210106477,annotation_llm,4.0,潘巍峻,造血干细胞归巢与增殖微环境研究,中国科学院上海生命科学研究院,2019,
4102,谌小维,A5100457840,annotation,I151075929,annotation_llm,199.0,谌小维,中国人民解放军第三军医大学,系统神经科学,2019,
4103,徐强,A5040392250,annotation,I204823248,annotation_llm,237.0,徐强,柑橘基因组学与遗传改良,华中农业大学,2019,
4104,于海鹏,A5081082423,annotation,I47689461,annotation_llm,138.0,于海鹏,林木生物质精炼,东北林业大学,2019,
4105,谭安江,A5103155114,annotation,I4210106477,annotation_llm,46.0,谭安江,昆虫生理生化,中国科学院上海生命科学研究院,2019,
4106,谭明乾,A5021734365,annotation,I88372448,annotation_llm,350.0,谭明乾,食品营养组分包埋与递送机制,大连工业大学,2019,
4107,曹鹏,A5025148586,annotation,I4210086405,annotation_llm,80.0,曹鹏,行为的神经生物学,北京生命科学研究所,2019,
4108,陶小荣,A5008707616,annotation,I119454577,annotation_llm,97.0,陶小荣,植物病毒病害,南京农业大学,2019,
4109,柳振峰,A5100337369,annotation,I4210112540,annotation_llm,101.0,柳振峰,膜蛋白结构生物学,中国科学院生物物理研究所,2019,
4110,郭亚龙,A5046834679,annotation,I4210158097,annotation_llm,109.0,郭亚龙,植物适应性进化,中国科学院植物研究所,2019,
4111,孙飞,A5100400820,annotation,I4210112540,annotation_llm,322.0,孙飞,生物电镜前沿技术,中国科学院生物物理研究所,2019,
4112,朱作峰,A5006331785,annotation,I52158045,annotation_llm,63.0,朱作峰,水稻种质资源创新与优异基因挖掘,中国农业大学,2019,
4113,程红,A5100655755,annotation,I4210106477,annotation_llm,76.0,程红,RNA转运与降解的机制和功能,中国科学院上海生命科学研究院,2019,
4114,杨琛,A5115602875,annotation,I4210106477,annotation_llm,85.0,杨琛,微生物代谢流量调控,中国科学院上海生命科学研究院,2019,
4115,赵建国,A5057825204,annotation,I4210167311,annotation_llm,163.0,赵建国,猪功能基因组学和基因编辑,中国科学院动物研究所,2019,
4116,崔宗强,A5113994534,annotation,I4210106882,annotation_llm,112.0,崔宗强,单病毒示踪,中国科学院武汉病毒研究所,2019,
4117,姚红杰,A5051729484,annotation,I2802148028,annotation_llm,46.0,姚红杰,细胞命运决定的表观遗传机理,中国科学院广州生物医药与健康研究院,2019,
4121,孔照胜,A5109439550,annotation,I4210134982,annotation_llm,87.0,孔照胜,细胞骨架与植物细胞形态建成,中国科学院微生物研究所,2019,
4122,周志刚,A5101507833,annotation,I4210149219,annotation_llm,192.0,周志刚,鱼类消化道微生物与宿主互作,中国农业科学院饲料研究所,2019,
4123,程昊,A5075087804,annotation,I116953780,annotation_llm,85.0,程昊,变质岩年代学,同济大学,2019,
4124,袁文平,A5069058569,annotation,I157773358,annotation_llm,388.0,袁文平,中山大学,陆地生态系统碳循环模型,2019,
4125,吴忠庆,A5087962108,annotation,I126520041,annotation_llm,182.0,吴忠庆,矿物高温高压物性的第一性原理计算研究,中国科学技术大学,2019,
4126,赵鹏军,A5001826822,annotation,I20231570,annotation_llm,245.0,赵鹏军,交通地理学,北京大学,2019,
4127,袁志刚,A5036043864,annotation,I37461747,annotation_llm,270.0,袁志刚,内磁层-电离层耦合,武汉大学,2019,
4128,吴怀春,A5067661736,annotation,I3125743391,annotation_llm,227.0,吴怀春,古生代旋回地层学与天文年代学,中国地质大学(北京),2019,
4129,赵传峰,A5042468246,annotation,I25254941,annotation_llm,315.0,赵传峰,云物理学,北京师范大学,2019,
4130,周顺桂,A5055432128,annotation,I61057504,annotation_llm,448.0,周顺桂,土壤生物电化学,福建农林大学,2019,
4132,李思亮,A5076866627,annotation,I162868743,annotation_llm,331.0,李思亮,流域风化和地表过程,天津大学,2019,
4133,袁增伟,A5013353346,annotation,I881766915,annotation_llm,163.0,袁增伟,资源流动及其环境效应,南京大学,2019,
4134,王爱慧,A5090248616,annotation,I4210152758,annotation_llm,78.0,王爱慧,陆气相互作用和气候变化,中国科学院大气物理研究所,2019,
4135,程晓,A5068881246,annotation,I25254941,annotation_llm,363.0,程晓,极地遥感,北京师范大学,2019,
4136,唐朝生,A5100735667,annotation,I881766915,annotation_llm,267.0,唐朝生,极端气候工程地质,南京大学,2019,
4137,汪名怀,A5043031359,annotation,I881766915,annotation_llm,270.0,汪名怀,气溶胶、云与气候相互作用,南京大学,2019,
4138,史大林,A5074347854,annotation,I191208505,annotation_llm,99.0,史大林,海洋生物地球化学与全球变化,厦门大学,2019,
4139,高彦征,A5054216825,annotation,I119454577,annotation_llm,238.0,高彦征,土壤有机污染过程与控制,南京农业大学,2019,
4140,王鑫,A5100327997,annotation,I4210103685,annotation_llm,311.0,王鑫,物理海洋,中国科学院南海海洋研究所,2019,
4141,黄迪颖,A5009793860,annotation,I4210103797,annotation_llm,620.0,黄迪颖,中生代昆虫化石,中国科学院南京地质古生物研究所,2019,
4142,王林,A5054683430,annotation,I4210152758,annotation_llm,316.0,王林,东亚冬季风变异特征和机理,中国科学院大气物理研究所,2019,
4143,田辉,A5101908003,annotation,I3018690959,annotation_llm,112.0,田辉,石油与天然气地球化学,中国科学院广州地球化学研究所,2019,
4144,王力哲,A5009116003,annotation,I3124059619,annotation_llm,744.0,王力哲,遥感数据处理的理论与方法,中国地质大学(武汉),2019,
4145,王小萍,A5100459905,annotation,I4210141476,annotation_llm,342.0,王小萍,持久性有机污染物区域循环,中国科学院青藏高原研究所,2019,
4146,林霄沛,A5060962288,annotation,I59028903,annotation_llm,200.0,林霄沛,海洋环流动力学,中国海洋大学,2019,
4147,付巧妹,A5036993680,annotation,I4210086287,annotation_llm,116.0,付巧妹,人类古基因组学,中国科学院古脊椎动物与古人类研究所,2019,
4149,郑华,A5067812749,annotation,I4210144289,annotation_llm,420.0,郑华,中国科学院生态环境研究中心,生态系统服务,2019,
4150,赵晓丽,A5072070662,annotation,I4210156332,annotation_llm,490.0,赵晓丽,纳米污染物环境地球化学行为,中国环境科学研究院,2019,
4152,陈晓清,A5025325089,annotation,I4210124748,annotation_llm,5.0,陈晓清,山地灾害形成机理与减灾,中国科学院、水利部成都山地灾害与环境研究所,2019,
4154,黄汝锦,A5024706119,annotation,I4210159790,annotation_llm,452.0,黄汝锦,有机气溶胶,中国科学院地球环境研究所,2019,
4157,龚政,A5062999041,annotation,I163340411,annotation_llm,143.0,龚政,河海大学,海岸动力地貌学:多因子驱动下潮滩系统演变机制研究,2019,
4158,吴丁财,A5024104865,annotation,I157773358,annotation_llm,234.0,吴丁财,多孔高分子与炭材料,中山大学,2019,
4160,谢小荣,A5037508477,annotation,I99065089,annotation_llm,299.0,谢小荣,清华大学,电力系统振荡的分析与控制,2019,
4161,李武华,A5101505887,annotation,I76130692,annotation_llm,398.0,李武华,新能源功率变换与运行调控,浙江大学,2019,
4163,罗坤,A5040307220,annotation,I76130692,annotation_llm,654.0,罗坤,多相湍流燃烧,浙江大学,2019,
4166,王健君,A5100410419,annotation,I4210155088,annotation_llm,453.0,王健君,高分子材料表面与界面的研究,中国科学院化学研究所,2019,
4167,孙卫玲,A5002125111,annotation,I20231570,annotation_llm,141.0,孙卫玲,北京大学,水沙体系中复合污染迁移转化及生态效应,2019,
4169,吴水林,A5102804002,annotation,I162868743,annotation_llm,474.0,吴水林,医用金属材料表面改性与涂层,天津大学,2019,
4171,余彦,A5100695418,annotation,I126520041,annotation_llm,772.0,余彦,钠离子电池,中国科学技术大学,2019,
4172,王发洲,A5013692403,annotation,I196699116,annotation_llm,311.0,王发洲,先进混凝土材料,武汉理工大学,2019,
4174,鄢俊敏,A5002436361,annotation,I194450716,annotation_llm,212.0,鄢俊敏,氢燃料电池车用金属能源材料,吉林大学,2019,
4175,崔宏志,A5101398666,annotation,I180726961,annotation_llm,118.0,崔宏志,储能混凝土,深圳大学,2019,
4176,朱嘉,A5100769994,annotation,I881766915,annotation_llm,261.0,朱嘉,微结构光热转换材料与器件,南京大学,2019,
4177,郭志光,A5030085752,annotation,I4210089297,annotation_llm,668.0,郭志光,机械仿生表界面,中国科学院兰州化学物理研究所,2019,
4178,傅继阳,A5016666274,annotation,I37987034,annotation_llm,189.0,傅继阳,结构风工程,广州大学,2019,
4179,杨上峰,A5034497746,annotation,I126520041,annotation_llm,775.0,杨上峰,富勒烯功能材料,中国科学技术大学,2019,
4180,陈蓉,A5100419031,annotation,I158842170,annotation_llm,930.0,陈蓉,光流体能质传递及转化,重庆大学,2019,
4181,黄永安,A5075307304,annotation,I47720641,annotation_llm,258.0,黄永安,柔性电子制造技术与装备,华中科技大学,2019,
4182,刘广义,A5100737333,annotation,I139660479,annotation_llm,185.0,刘广义,浮选药剂,中南大学,2019,
4184,丁彬,A5018799615,annotation,I181326427,annotation_llm,799.0,丁彬,高分子纳米纤维材料,东华大学,2019,
4185,刘新华,A5071054959,annotation,I92403157,annotation_llm,323.0,刘新华,金属控制凝固与控制成形短流程制备加工基础研究,北京科技大学,2019,
4186,赵立东,A5008598564,annotation,I82880672,annotation_llm,530.0,赵立东,热电材料,北京航空航天大学,2019,
4189,温斌,A5064332635,annotation,I39333907,annotation_llm,310.0,温斌,材料力学行为的微观机制,燕山大学,2019,
4190,吕友军,A5064307398,annotation,I87445476,annotation_llm,168.0,吕友军,多相流热化学,西安交通大学,2019,
4191,董必钦,A5101658700,annotation,I180726961,annotation_llm,265.0,董必钦,滨海混凝土劣化与抑制,深圳大学,2019,
4192,韩邦成,A5017471039,annotation,I82880672,annotation_llm,240.0,韩邦成,北京航空航天大学,高速磁悬浮转子系统的优化、控制及应用,2019,
4193,訾斌,A5101886321,annotation,I16365422,annotation_llm,118.0,訾斌,智能柔性驱动机器人理论、技术与装备,合肥工业大学,2019,
4195,刘攀,A5063549890,annotation,I76569877,annotation_llm,257.0,刘攀,道路安全设计,东南大学,2019,
4196,邵涛,A5075478312,annotation,I4210128819,annotation_llm,450.0,邵涛,大气压脉冲气体放电等离子体,中国科学院电工研究所,2019,
4197,李迎光,A5044046297,annotation,I9842412,annotation_llm,336.0,李迎光,数字化制造与智能制造,南京航空航天大学,2019,
4198,田华雨,A5100689825,annotation,I4210092888,annotation_llm,256.0,田华雨,生物医用高分子材料,中国科学院长春应用化学研究所,2019,
4199,戴庆,A5084024507,annotation,I4210141483,annotation_llm,425.0,戴庆,碳基纳米光子学材料,国家纳米科学中心,2019,
4200,刘锐平,A5115603277,annotation,I4210144289,annotation_llm,242.0,刘锐平,水中有毒无机物控制与资源化,中国科学院生态环境研究中心,2019,
4201,沈俊,A5100677960,annotation,I4210140689,annotation_llm,628.0,沈俊,磁制冷热力循环研究,中国科学院理化技术研究所,2019,
4202,石峰,A5000306365,annotation,I75390827,annotation_llm,205.0,石峰,超分子材料,北京化工大学,2019,
4203,张阿漫,A5062751298,annotation,I151727225,annotation_llm,301.0,张阿漫,水下爆炸与舰船毁伤,哈尔滨工程大学,2019,
4204,蒋金洋,A5077960403,annotation,I76569877,annotation_llm,252.0,蒋金洋,海工混凝土超材料,东南大学,2019,
4205,翟成,A5052077864,annotation,I25757504,annotation_llm,214.0,翟成,低透气性煤层致裂增透及瓦斯高效抽采,中国矿业大学,2019,
4206,鲁军勇,A5100761521,annotation,I2800710378,annotation_llm,127.0,鲁军勇,舰载电磁发射技术,中国人民解放军海军工程大学,2019,
4207,陈海生,A5050410033,annotation,I4210120320,annotation_llm,616.0,陈海生,压缩空气储能关键科学问题研究,中国科学院工程热物理研究所,2019,
4208,何旭辉,A5063500113,annotation,I139660479,annotation_llm,280.0,何旭辉,桥梁抗风与行车安全,中南大学,2019,
4209,狄增峰,A5021348954,annotation,I4210147322,annotation_llm,255.0,狄增峰,集成电路用SOI材料,中国科学院上海微系统与信息技术研究所,2019,
4210,黄辉,A5100684578,annotation,I4210165038,annotation_llm,411.0,黄辉,有机/高分子半导体材料,中国科学院大学,2019,
4211,冯国瑞,A5029894687,annotation,I9086337,annotation_llm,62.0,冯国瑞,遗留煤炭资源开采与灾害防控,太原理工大学,2019,
4212,徐飞,A5024353201,annotation,I881766915,annotation_llm,523.0,徐飞,光纤器件,南京大学,2019,
4215,陈云霁,A5036492388,annotation,I4210090176,annotation_llm,201.0,陈云霁,中国科学院计算技术研究所,处理器体系结构,2019,
4217,徐文渊,A5113664303,annotation,I76130692,annotation_llm,112.0,徐文渊,浙江大学,电子信息系统多要素安全分析与防护,2019,
4218,李国良,A5100404163,annotation,I99065089,annotation_llm,486.0,李国良,清华大学,数据库理论与系统,2019,
4220,潘纲,A5084291326,annotation,I76130692,annotation_llm,541.0,潘纲,脑机混合智能,浙江大学,2019,
4222,迟楠,A5081905634,annotation,I24943067,annotation_llm,802.0,迟楠,高频谱效率光调制与光传输,复旦大学,2019,
4225,胡清华,A5056686459,annotation,I162868743,annotation_llm,620.0,胡清华,不确定性人工智能,天津大学,2019,
4226,陶晓明,A5087298250,annotation,I99065089,annotation_llm,912.0,陶晓明,多媒体计算通信,清华大学,2019,
4227,丁贵广,A5057732142,annotation,I99065089,annotation_llm,280.0,丁贵广,多媒体检索与分析,清华大学,2019,
4229,彭宇新,A5047811387,annotation,I20231570,annotation_llm,306.0,彭宇新,跨媒体分析,北京大学,2019,
4230,彭木根,A5060203564,annotation,I139759216,annotation_llm,864.0,彭木根,无线通信协同组网理论与技术,北京邮电大学,2019,
4231,龙世兵,A5010546200,annotation,I126520041,annotation_llm,263.0,龙世兵,宽禁带功率电子技术,中国科学技术大学,2019,
4232,黄磊,A5108051851,annotation,I180726961,annotation_llm,339.0,黄磊,鲁棒阵列信号处理,深圳大学,2019,
4233,李明,A5100351349,annotation,I4210149211,annotation_llm,782.0,李明,光子模拟信号处理,中国科学院半导体研究所,2019,
4234,唐金辉,A5035112538,annotation,I36399199,annotation_llm,645.0,唐金辉,多媒体分析与检索,南京理工大学,2019,
4235,谢晖,A5100692141,annotation,I204983213,annotation_llm,281.0,谢晖,微纳机器人技术,哈尔滨工业大学,2019,
4236,程鑫彬,A5079275442,annotation,I116953780,annotation_llm,277.0,程鑫彬,强激光薄膜器件,同济大学,2019,
4237,廖蕾,A5036022527,annotation,I16609230,annotation_llm,670.0,廖蕾,新型半导体异质集成及器件构筑,湖南大学,2019,
4238,陆卫兵,A5035974480,annotation,I76569877,annotation_llm,190.0,陆卫兵,电磁计算与应用,东南大学,2019,
4239,王光臣,A5003684805,annotation,I154099455,annotation_llm,114.0,王光臣,山东大学,正倒向随机系统最优控制理论,2019,
4240,全伟,A5109324703,annotation,I82880672,annotation_llm,299.0,全伟,量子精密惯性测量与导航技术,北京航空航天大学,2019,
4241,马帅,A5006980420,annotation,I82880672,annotation_llm,129.0,马帅,大数据近似计算,北京航空航天大学,2019,
4242,贾晓军,A5080998443,annotation,I181877577,annotation_llm,126.0,贾晓军,量子信息网络与量子光学,山西大学,2019,
4243,钟伟民,A5040197045,annotation,I143593769,annotation_llm,203.0,钟伟民,化工过程建模与运行优化,华东理工大学,2019,
4246,卢孝强,A5018824735,annotation,I4210144662,annotation_llm,248.0,卢孝强,光学遥感影像数据智能分析,中国科学院西安光学精密机械研究所,2019,
4247,游经碧,A5058772219,annotation,I4210149211,annotation_llm,142.0,游经碧,钙钛矿半导体光电器件,中国科学院半导体研究所,2019,
4248,苏良碧,A5070087254,annotation,I4210163874,annotation_llm,499.0,苏良碧,激光晶体材料,中国科学院上海硅酸盐研究所,2019,
4249,刘连庆,A5040326170,annotation,I142078773,annotation_llm,621.0,刘连庆,微纳操控与类生命机器人,中国科学院沈阳自动化研究所,2019,
4250,董海荣,A5046146732,annotation,I21193070,annotation_llm,346.0,董海荣,复杂条件下列车运行智能控制与优化,北京交通大学,2019,
4252,冷雨欣,A5053668185,annotation,I4210135349,annotation_llm,500.0,冷雨欣,超强超短激光技术,中国科学院上海光学精密机械研究所,2019,
4254,林晓,A5062670319,annotation,I4210165038,annotation_llm,212.0,林晓,二维原子晶体异质结构的外延生长及电学特性研究,中国科学院大学,2019,
4255,周文慧,A5020050758,annotation,I90610280,annotation_llm,377.0,周文慧,排队经济学与服务运营管理,华南理工大学,2019,
4256,周欣悦,A5033677056,annotation,I76130692,annotation_llm,171.0,周欣悦,消费者情绪与行为决策,浙江大学,2019,
4258,虞吉海,A5003223842,annotation,I20231570,annotation_llm,77.0,虞吉海,空间计量经济学,北京大学,2019,
4259,龙建成,A5091771063,annotation,I16365422,annotation_llm,139.0,龙建成,城市动态交通出行优化,合肥工业大学,2019,
4260,吴力波,A5018698239,annotation,I24943067,annotation_llm,65.0,吴力波,能源环境经济与政策分析,复旦大学,2019,
4262,张新雨,A5100390715,annotation,I4210120485,annotation_llm,157.0,张新雨,计量经济理论与应用研究,中国科学院数学与系统科学研究院,2019,
4263,方正,A5053463678,annotation,I24185976,annotation_llm,168.0,方正,基于人工智能的市场营销,四川大学,2019,
4264,廖华,A5054201930,annotation,I125839683,annotation_llm,221.0,廖华,能源经济与气候政策研究,北京理工大学,2019,
4266,周宏伟,A5108467653,annotation,I58200834,annotation_llm,246.0,周宏伟,人体微生物组诊断方法学,南方医科大学,2019,
4267,鲁伯埙,A5005520654,annotation,I24943067,annotation_llm,102.0,鲁伯埙,神经变性病,复旦大学,2019,
4268,黄永焯,A5008737588,annotation,I4210112820,annotation_llm,218.0,黄永焯,分子药剂学,中国科学院上海药物研究所,2019,
4271,薛天,A5089287626,annotation,I126520041,annotation_llm,240.0,薛天,中国科学技术大学,视觉神经系统的生物医学研究,2019,
4272,吕继成,A5074414128,annotation,I20231570,annotation_llm,299.0,吕继成,IgA肾病发病机制及治疗研究,北京大学,2019,
4273,朱永群,A5033058955,annotation,I76130692,annotation_llm,62.0,朱永群,病原菌致病机制研究,浙江大学,2019,
4275,陈兰芬,A5068976750,annotation,I191208505,annotation_llm,73.0,陈兰芬,Hippo信号通路调控免疫稳态与疾病,厦门大学,2019,
4276,王金勇,A5100690703,annotation,I2802148028,annotation_llm,151.0,王金勇,血液细胞再生与抗白血病研究,中国科学院广州生物医药与健康研究院,2019,
4279,艾玎,A5076605358,annotation,I5740404,annotation_llm,111.0,艾玎,代谢性心血管疾病,天津医科大学,2019,
4282,缪小平,A5005035346,annotation,I47720641,annotation_llm,431.0,缪小平,肿瘤分子流行病学,华中科技大学,2019,
4283,郑宏庭,A5047304167,annotation,I151075929,annotation_llm,130.0,郑宏庭,糖尿病并发症/合并症发病机理及干预策略,中国人民解放军第三军医大学,2019,
4284,赵强,A5045823271,annotation,I205237279,annotation_llm,295.0,赵强,心血管生物材料,南开大学,2019,
4285,徐金富,A5045171630,annotation,I116953780,annotation_llm,265.0,徐金富,支气管扩张症与感染,同济大学,2019,
4287,高庆蕾,A5021630418,annotation,I47720641,annotation_llm,336.0,高庆蕾,卵巢癌诊治新策略研究,华中科技大学,2019,
4288,刘再毅,A5112227828,annotation,I4210153930,annotation_llm,484.0,刘再毅,结直肠癌影像组学,广东省人民医院,2019,
4289,孙逊,A5101822446,annotation,I24185976,annotation_llm,256.0,孙逊,四川大学,生物大分子药物递释系统,2019,
4290,高大明,A5077339255,annotation,I4210106477,annotation_llm,164.0,高大明,肿瘤细胞信号转导,中国科学院上海生命科学研究院,2019,
4292,戈惠明,A5024633873,annotation,I881766915,annotation_llm,409.0,戈惠明,天然药物化学,南京大学,2019,
4295,唐亚梅,A5107242308,annotation,I157773358,annotation_llm,192.0,唐亚梅,放射医学(放射性神经损伤的机制和治疗),中山大学,2019,
4296,明东,A5011769657,annotation,I162868743,annotation_llm,748.0,明东,神经工程,天津大学,2019,
4298,周洁,A5073064156,annotation,I5740404,annotation_llm,153.0,周洁,粘膜免疫与疾病,天津医科大学,2019,
4299,林灼锋,A5101721378,annotation,I27781120,annotation_llm,44.0,林灼锋,脂肪细胞因子与心血管疾病,温州医科大学,2019,
4300,高昊,A5091107099,annotation,I159948400,annotation_llm,339.0,高昊,中药药效物质,暨南大学,2019,
4301,朱波,A5010422757,annotation,I151075929,annotation_llm,310.0,朱波,肿瘤免疫调控的细胞与分子机制,中国人民解放军第三军医大学,2019,
4303,喻良,A5102250598,annotation,I881766915,annotation_llm,99.0,喻良,递归论及其应用,南京大学,2020,
4304,薛永泉,A5033353788,annotation,I126520041,annotation_llm,218.0,薛永泉,X射线高能天体物理研究,中国科学技术大学,2020,
4306,孙良亭,A5087291287,annotation,I4210131271,annotation_llm,187.0,孙良亭,先进强流离子源技术研究,中国科学院近代物理研究所,2020,
4307,丁虎,A5028970899,annotation,I113940042,annotation_llm,359.0,丁虎,非线性振动控制,上海大学,2020,
4309,姜洪源,A5101767806,annotation,I126520041,annotation_llm,89.0,姜洪源,生物力学,中国科学技术大学,2020,
4310,冯骅,A5091534675,annotation,I99065089,annotation_llm,274.0,冯骅,高能天体物理与空间天文,清华大学,2020,
4312,宋凤麒,A5055941645,annotation,I881766915,annotation_llm,309.0,宋凤麒,实验原子团簇物理学,南京大学,2020,
4314,谭慧俊,A5101649854,annotation,I9842412,annotation_llm,106.0,谭慧俊,发动机进气道内流空气动力学,南京航空航天大学,2020,
4315,黄忠亿,A5065270536,annotation,I99065089,annotation_llm,118.0,黄忠亿,偏微分方程数值解,清华大学,2020,
4316,郗平,A5105937570,annotation,I87445476,annotation_llm,113.0,郗平,解析数论,西安交通大学,2020,
4318,吕琦,A5002946776,annotation,I24185976,annotation_llm,170.0,吕琦,四川大学,分布参数系统的控制理论,2020,
4321,许志强,A5058662188,annotation,I4210120485,annotation_llm,225.0,许志强,计算调和分析,中国科学院数学与系统科学研究院,2020,
4322,李群仰,A5084689613,annotation,I99065089,annotation_llm,168.0,李群仰,接触、摩擦与磨损力学,清华大学,2020,
4324,裴永茂,A5039463358,annotation,I20231570,annotation_llm,204.0,裴永茂,实验固体力学,北京大学,2020,
4325,周渊,A5102995128,annotation,I25254941,annotation_llm,108.0,周渊,函数空间、退化型非线性偏微分方程、非光滑分析,北京师范大学,2020,
4327,宋清海,A5032173897,annotation,I204983213,annotation_llm,390.0,宋清海,微纳结构中的光场调控,哈尔滨工业大学,2020,
4328,肖湘衡,A5014658419,annotation,I37461747,annotation_llm,620.0,肖湘衡,离子束作用下微纳材料物理问题及应用,武汉大学,2020,
4329,倪勇,A5021074473,annotation,I126520041,annotation_llm,346.0,倪勇,复杂界面的演化规律和力学性能调控,中国科学技术大学,2020,
4330,姚涛,A5100749138,annotation,I126520041,annotation_llm,382.0,姚涛,同步辐射原位谱学技术及应用,中国科学技术大学,2020,
4331,程金光,A5051573571,annotation,I4210159876,annotation_llm,406.0,程金光,中国科学院物理研究所,强关联电子体系的高压研究,2020,
4332,陆凌,A5086308378,annotation,I4210159876,annotation_llm,126.0,陆凌,拓扑光子学,中国科学院物理研究所,2020,
4333,索涛,A5022704617,annotation,I17145004,annotation_llm,198.0,索涛,冲击动力学,西北工业大学,2020,
4334,孟胜,A5100650302,annotation,I4210159876,annotation_llm,543.0,孟胜,表面量子作用和激发动力学,中国科学院物理研究所,2020,
4335,项延训,A5076883312,annotation,I143593769,annotation_llm,166.0,项延训,非线性超声理论及应用,华东理工大学,2020,
4336,沈俊太,A5101449074,annotation,I183067930,annotation_llm,156.0,沈俊太,上海交通大学,星系动力学,2020,
4337,舒菁,A5047020428,annotation,I4210125404,annotation_llm,190.0,舒菁,粒子物理和宇宙学,中国科学院理论物理研究所,2020,
4338,薛鹏,A5034580482,annotation,I4210139958,annotation_llm,249.0,薛鹏,量子行走的理论与实验研究,北京计算科学研究中心,2020,
4339,张文禄,A5022686105,annotation,I4210159876,annotation_llm,100.0,张文禄,磁约束聚变等离子体中的大规模数值模拟研究,中国科学院物理研究所,2020,
4340,万颖,A5015807648,annotation,I21945476,annotation_llm,173.0,万颖,炭载金属催化剂,上海师范大学,2020,
4341,江俊,A5100619997,annotation,I126520041,annotation_llm,835.0,江俊,中国科学技术大学,复杂体系的电荷运动调控研究,2020,
4342,路军岭,A5043333274,annotation,I126520041,annotation_llm,154.0,路军岭,金属催化剂精准设计,中国科学技术大学,2020,
4343,赵峰,A5085132355,annotation,I4210119653,annotation_llm,412.0,赵峰,环境微生物电化学,中国科学院城市环境研究所,2020,
4344,左小磊,A5047923935,annotation,I183067930,annotation_llm,254.0,左小磊,化学测量学,上海交通大学,2020,
4345,史壮志,A5018118680,annotation,I881766915,annotation_llm,377.0,史壮志,有机合成方法学,南京大学,2020,
4346,曾小庆,A5006455510,annotation,I24943067,annotation_llm,252.0,曾小庆,活性中间体的光谱探测与反应机制,复旦大学,2020,
4347,李兰冬,A5010289866,annotation,I205237279,annotation_llm,319.0,李兰冬,分子筛限域化学与催化,南开大学,2020,
4348,刘心元,A5100670336,annotation,I3045169105,annotation_llm,479.0,刘心元,不对称自由基化学,南方科技大学,2020,
4349,董安钢,A5067217210,annotation,I24943067,annotation_llm,150.0,董安钢,功能导向超晶体材料,复旦大学,2020,
4350,郑耿锋,A5100727026,annotation,I24943067,annotation_llm,358.0,郑耿锋,电催化二氧化碳还原,复旦大学,2020,
4351,方千荣,A5017682896,annotation,I194450716,annotation_llm,361.0,方千荣,晶态有机多孔材料的定向合成与功能调控,吉林大学,2020,
4352,赵一新,A5100344066,annotation,I183067930,annotation_llm,355.0,赵一新,钙钛矿太阳能电池,上海交通大学,2020,
4353,江德臣,A5062506108,annotation,I881766915,annotation_llm,196.0,江德臣,单细胞电化学分析,南京大学,2020,
4355,黄光明,A5044493695,annotation,I126520041,annotation_llm,106.0,黄光明,单细胞质谱分析,中国科学技术大学,2020,
4356,燕立唐,A5031901355,annotation,I99065089,annotation_llm,141.0,燕立唐,大分子及其粒子界面行为的理论计算与模拟,清华大学,2020,
4358,徐建鸿,A5034331950,annotation,I99065089,annotation_llm,319.0,徐建鸿,多相微分散与传递过程,清华大学,2020,
4359,黄小青,A5073869073,annotation,I191208505,annotation_llm,464.0,黄小青,贵金属纳米材料合成化学,厦门大学,2020,
4360,邓贤明,A5013649577,annotation,I191208505,annotation_llm,209.0,邓贤明,药物化学生物学,厦门大学,2020,
4362,付磊,A5100608558,annotation,I37461747,annotation_llm,439.0,付磊,二维原子晶体的精准合成,武汉大学,2020,
4364,王峰,A5038772372,annotation,I180585399,annotation_llm,2008.0,王峰,多相催化,中国科学院大连化学物理研究所,2020,
4366,宋术岩,A5013100135,annotation,I4210092888,annotation_llm,638.0,宋术岩,无机纳米催化材料,中国科学院长春应用化学研究所,2020,
4367,孙佳姝,A5043921799,annotation,I4210141483,annotation_llm,163.0,孙佳姝,微流控分离分析,国家纳米科学中心,2020,
4368,关小红,A5074672866,annotation,I116953780,annotation_llm,304.0,关小红,水污染控制铁化学,同济大学,2020,
4370,姜秀娥,A5048819606,annotation,I4210092888,annotation_llm,149.0,姜秀娥,谱学电化学分析,中国科学院长春应用化学研究所,2020,
4372,吴海臣,A5073772188,annotation,I4210155088,annotation_llm,152.0,吴海臣,纳米孔单分子分析方法,中国科学院化学研究所,2020,
4373,丁宝全,A5023951892,annotation,I4210141483,annotation_llm,179.0,丁宝全,DNA自组装结构的功能化,国家纳米科学中心,2020,
4374,邓鹤翔,A5087266984,annotation,I37461747,annotation_llm,186.0,邓鹤翔,分子定制介孔晶体,武汉大学,2020,
4375,万谦,A5045578484,annotation,I47720641,annotation_llm,260.0,万谦,糖的合成化学,华中科技大学,2020,
4376,王从洋,A5008499728,annotation,I4210155088,annotation_llm,192.0,王从洋,锰族金属有机催化,中国科学院化学研究所,2020,
4377,刘国柱,A5018069202,annotation,I162868743,annotation_llm,257.0,刘国柱,高热沉燃料及应用,天津大学,2020,
4378,曲大辉,A5046170466,annotation,I143593769,annotation_llm,257.0,曲大辉,动态组装智能分子材料,华东理工大学,2020,
4379,闫学海,A5112210807,annotation,I4210133325,annotation_llm,297.0,闫学海,生物分子自组装物理化学,中国科学院过程工程研究所,2020,
4380,韩英锋,A5003485405,annotation,I37802460,annotation_llm,530.0,韩英锋,有机金属化学,西北大学,2020,
4381,张长斌,A5108812091,annotation,I4210144289,annotation_llm,190.0,张长斌,环境催化化学,中国科学院生态环境研究中心,2020,
4382,杨勇,A5100402375,annotation,I4210159903,annotation_llm,1186.0,杨勇,煤液化高效催化剂,中国科学院山西煤炭化学研究所,2020,
4383,谢海燕,A5011241805,annotation,I125839683,annotation_llm,131.0,谢海燕,活体成像探针,北京理工大学,2020,
4384,李春山,A5110544118,annotation,I4210133325,annotation_llm,169.0,李春山,中国科学院过程工程研究所,绿色化工过程:从热力学到系统创新,2020,
4385,张鹏,A5100364211,annotation,I4210106477,annotation_llm,260.0,张鹏,跨细胞膜的物质转运与信号传递,中国科学院上海生命科学研究院,2020,
4387,吴建国,A5014248264,annotation,I61057504,annotation_llm,11.0,吴建国,植物病毒病害,福建农林大学,2020,
4388,孙启明,A5066143389,annotation,I76130692,annotation_llm,80.0,孙启明,细胞器互作网络与细胞稳态,浙江大学,2020,
4390,杨巍维,A5074219510,annotation,I4210106477,annotation_llm,108.0,杨巍维,肿瘤细胞的代谢调控,中国科学院上海生命科学研究院,2020,
4391,艾连中,A5051702984,annotation,I148128674,annotation_llm,297.0,艾连中,益生乳酸菌,上海理工大学,2020,
4392,刘兴国,A5039608025,annotation,I2802148028,annotation_llm,195.0,刘兴国,线粒体生物学,中国科学院广州生物医药与健康研究院,2020,
4396,薛愿超,A5086086716,annotation,I4210112540,annotation_llm,95.0,薛愿超,RNA结合蛋白与转录调控,中国科学院生物物理研究所,2020,
4397,程磊,A5012431501,annotation,I76130692,annotation_llm,115.0,程磊,合成微生物生态,浙江大学,2020,
4398,张宜辉,A5100683230,annotation,I191208505,annotation_llm,67.0,张宜辉,红树林生态学与滨海湿地生物入侵,厦门大学,2020,
4399,何爱彬,A5066598516,annotation,I20231570,annotation_llm,87.0,何爱彬,发育生物学,北京大学,2020,
4400,田丰,A5061736056,annotation,I52158045,annotation_llm,117.0,田丰,玉米驯化与适应的分子遗传基础,中国农业大学,2020,
4401,唐志尧,A5061129805,annotation,I20231570,annotation_llm,276.0,唐志尧,植物群落生态学,北京大学,2020,
4404,武爱波,A5011532820,annotation,I4210106477,annotation_llm,135.0,武爱波,真菌毒素与粮食食品安全,中国科学院上海生命科学研究院,2020,
4405,刘琴,A5100432490,annotation,I143593769,annotation_llm,935.0,刘琴,水产病原细菌致病机制及鱼类感染免疫学研究,华东理工大学,2020,
4406,梁振昌,A5109421324,annotation,I4210158097,annotation_llm,111.0,梁振昌,果树种质资源与抗寒,中国科学院植物研究所,2020,
4407,刘陈立,A5058631201,annotation,I4210145761,annotation_llm,121.0,刘陈立,定量合成生物学,中国科学院深圳先进技术研究院,2020,
4408,常兴,A5001262815,annotation,I3133055985,annotation_llm,66.0,常兴,免疫细胞发育与分化的转录后调控机制,西湖大学,2020,
4410,赵方庆,A5087698339,annotation,I4210167311,annotation_llm,244.0,赵方庆,生物信息学,中国科学院动物研究所,2020,
4411,周红波,A5073430356,annotation,I204823248,annotation_llm,116.0,周红波,动物传染病学,华中农业大学,2020,
4412,张小兰,A5060627176,annotation,I52158045,annotation_llm,1.0,张小兰,蔬菜分子生物学,中国农业大学,2020,
4413,李大力,A5083283915,annotation,I66867065,annotation_llm,250.0,李大力,基因编辑与疾病治疗,华东师范大学,2020,
4414,韩军,A5058757625,annotation,I52158045,annotation_llm,154.0,韩军,兽医病毒学,中国农业大学,2020,
4415,吴爱国,A5021213624,annotation,I4210165339,annotation_llm,484.0,吴爱国,生物医学影像探针,中国科学院宁波材料技术与工程研究所,2020,
4416,徐宁龙,A5084829582,annotation,I4210106477,annotation_llm,33.0,徐宁龙,感知抉择的神经环路机制,中国科学院上海生命科学研究院,2020,
4417,陈义华,A5112400806,annotation,I4210134982,annotation_llm,145.0,陈义华,微生物次级代谢产物研究,中国科学院微生物研究所,2020,
4418,郑丙莲,A5020889546,annotation,I24943067,annotation_llm,64.0,郑丙莲,小RNA与植物生殖发育,复旦大学,2020,
4419,王克剑,A5052769365,annotation,I4210160522,annotation_llm,169.0,王克剑,杂交水稻无融合生殖,中国水稻研究所,2020,
4420,何新建,A5004909697,annotation,I4210086405,annotation_llm,85.0,何新建,植物染色质修饰的分子机制及功能研究,北京生命科学研究所,2020,
4421,王彦芳,A5000275172,annotation,I4210149494,annotation_llm,1.0,王彦芳,猪功能基因组学,中国农业科学院北京畜牧兽医研究所,2020,
4422,孙永华,A5100411563,annotation,I4210089584,annotation_llm,229.0,孙永华,鱼类生殖细胞发育与生物技术,中国科学院水生生物研究所,2020,
4423,张爱铖,A5076870068,annotation,I881766915,annotation_llm,82.0,张爱铖,行星矿物学和地球化学,南京大学,2020,
4424,冯晓娟,A5091768480,annotation,I4210158097,annotation_llm,139.0,冯晓娟,土壤有机质的分子生物地球化学,中国科学院植物研究所,2020,
4428,刘传周,A5022675204,annotation,I4210126061,annotation_llm,148.0,刘传周,岩石学,中国科学院地质与地球物理研究所,2020,
4429,赵坤,A5077633829,annotation,I881766915,annotation_llm,218.0,赵坤,雷达气象学,南京大学,2020,
4431,童美萍,A5026135300,annotation,I20231570,annotation_llm,227.0,童美萍,胶体环境行为,北京大学,2020,
4432,石振清,A5073747745,annotation,I90610280,annotation_llm,80.0,石振清,土壤化学动力学,华南理工大学,2020,
4433,倪彬彬,A5025436380,annotation,I37461747,annotation_llm,394.0,倪彬彬,空间物理,武汉大学,2020,
4436,周波涛,A5067830456,annotation,I200845125,annotation_llm,217.0,周波涛,中高纬气候变化机理与预估,南京信息工程大学,2020,
4437,耿江辉,A5078410835,annotation,I37461747,annotation_llm,189.0,耿江辉,高精度卫星导航定位,武汉大学,2020,
4438,孙颖,A5101472843,annotation,I4210137309,annotation_llm,117.0,孙颖,东亚气候变化的检测归因研究,国家气候中心,2020,
4439,刘忠方,A5102806627,annotation,I116953780,annotation_llm,71.0,刘忠方,同位素水文古气候学,同济大学,2020,
4440,董云伟,A5066516649,annotation,I59028903,annotation_llm,205.0,董云伟,潮间带生态学,中国海洋大学,2020,
4441,李晓明,A5100452106,annotation,I4210137199,annotation_llm,204.0,李晓明,合成孔径雷达海洋动力研究,中国科学院空天信息创新研究院,2020,
4443,侯居峙,A5038380310,annotation,I4210141476,annotation_llm,151.0,侯居峙,青藏高原湖泊与古环境,中国科学院青藏高原研究所,2020,
4444,袁松虎,A5024129667,annotation,I3124059619,annotation_llm,173.0,袁松虎,地下水动态变化环境过程与修复,中国地质大学(武汉),2020,
4446,张恩楼,A5040561037,annotation,I4210134482,annotation_llm,237.0,张恩楼,第四纪环境,中国科学院南京地理与湖泊研究所,2020,
4447,王一博,A5101963520,annotation,I4210126061,annotation_llm,15.0,王一博,勘探地球物理学,中国科学院地质与地球物理研究所,2020,
4448,沙忠利,A5007013392,annotation,I4210101167,annotation_llm,130.0,沙忠利,中国科学院海洋研究所,海洋甲壳动物系统学,2020,
4449,赵军红,A5101970121,annotation,I3124059619,annotation_llm,114.0,赵军红,岩石学,中国地质大学(武汉),2020,
4450,史建波,A5081456949,annotation,I4210144289,annotation_llm,364.0,史建波,环境地球化学,中国科学院生态环境研究中心,2020,
4451,高剑峰,A5018459086,annotation,I4210135735,annotation_llm,297.0,高剑峰,矿床学,中国科学院地球化学研究所,2020,
4452,刘承帅,A5027778170,annotation,I4210135735,annotation_llm,258.0,刘承帅,元素环境地球化学,中国科学院地球化学研究所,2020,
4453,晏宏,A5027838533,annotation,I4210159790,annotation_llm,253.0,晏宏,砗磲地球化学与古气候古天气学,中国科学院地球环境研究所,2020,
4454,孙福宝,A5100680054,annotation,I4210103115,annotation_llm,161.0,孙福宝,中国科学院新疆生态与地理研究所,全球变化与陆地表层水热格局,2020,
4455,陈昶乐,A5035551783,annotation,I126520041,annotation_llm,396.0,陈昶乐,功能化聚烯烃,中国科学技术大学,2020,
4456,穆杨,A5039103443,annotation,I126520041,annotation_llm,230.0,穆杨,废水处理与资源化,中国科学技术大学,2020,
4458,姜学松,A5033142809,annotation,I183067930,annotation_llm,216.0,姜学松,智能图案化高分子功能表面,上海交通大学,2020,
4459,于浩海,A5081405135,annotation,I154099455,annotation_llm,502.0,于浩海,光电功能晶体,山东大学,2020,
4460,崔元靖,A5048943963,annotation,I76130692,annotation_llm,373.0,崔元靖,光子功能金属-有机框架材料,浙江大学,2020,
4464,徐连勇,A5075233046,annotation,I162868743,annotation_llm,183.0,徐连勇,焊接结构长寿命成形与评价,天津大学,2020,
4465,万相见,A5031168704,annotation,I205237279,annotation_llm,324.0,万相见,有机太阳能电池材料与器件,南开大学,2020,
4466,于浦,A5045612744,annotation,I99065089,annotation_llm,300.0,于浦,功能氧化物的制备与物性的离子调控,清华大学,2020,
4467,敬登伟,A5066493240,annotation,I87445476,annotation_llm,319.0,敬登伟,多相流光热物理,西安交通大学,2020,
4468,焦丽芳,A5014197896,annotation,I205237279,annotation_llm,526.0,焦丽芳,微纳结构金属基能源材料,南开大学,2020,
4469,任祝寅,A5072417331,annotation,I99065089,annotation_llm,179.0,任祝寅,湍流燃烧,清华大学,2020,
4472,刘铁军,A5082373262,annotation,I204983213,annotation_llm,255.0,刘铁军,新型混凝土材料与结构,哈尔滨工业大学,2020,
4473,侯旭,A5040962521,annotation,I191208505,annotation_llm,187.0,侯旭,仿生响应性液体门控膜,厦门大学,2020,
4474,易雨君,A5101919140,annotation,I25254941,annotation_llm,176.0,易雨君,生态水动力学,北京师范大学,2020,
4478,殷国栋,A5064394634,annotation,I76569877,annotation_llm,429.0,殷国栋,东南大学,车辆系统动力学与控制,2020,
4479,华旭刚,A5059162931,annotation,I16609230,annotation_llm,168.0,华旭刚,桥梁风致振动与减振控制,湖南大学,2020,
4480,朱延河,A5054543629,annotation,I204983213,annotation_llm,272.0,朱延河,模块化变形机器人基础理论与应用,哈尔滨工业大学,2020,
4482,侯新梅,A5068369655,annotation,I92403157,annotation_llm,335.0,侯新梅,耐火材料结构功能一体化,北京科技大学,2020,
4483,赵海波,A5040961284,annotation,I47720641,annotation_llm,481.0,赵海波,化石能源的低碳燃烧和利用,华中科技大学,2020,
4484,秦洪德,A5076687329,annotation,I151727225,annotation_llm,168.0,秦洪德,自主水下航行器技术,哈尔滨工程大学,2020,
4485,嵇春艳,A5103201145,annotation,I4210096899,annotation_llm,159.0,嵇春艳,海洋工程结构水动力学理论与可靠性评估方法,江苏科技大学,2020,
4486,谷林,A5016680184,annotation,I4210159876,annotation_llm,1740.0,谷林,功能材料精细结构与物性,中国科学院物理研究所,2020,
4487,周向锋,A5002743033,annotation,I39333907,annotation_llm,127.0,周向锋,轻元素亚稳化合物,燕山大学,2020,
4489,孔杰,A5033568110,annotation,I17145004,annotation_llm,520.0,孔杰,超支化聚合物转化高温吸波/透波材料,西北工业大学,2020,
4490,吴云,A5101402043,annotation,I4210104252,annotation_llm,73.0,吴云,航空发动机内流等离子体激励调控,中国人民解放军空军工程大学,2020,
4491,席晓丽,A5101833795,annotation,I37796252,annotation_llm,177.0,席晓丽,稀缺/难熔金属循环再造与制备科学基础,北京工业大学,2020,
4492,杨强,A5115592114,annotation,I143593769,annotation_llm,102.0,杨强,工业废水处理及资源化,华东理工大学,2020,
4493,孟进,A5014595844,annotation,I2800710378,annotation_llm,218.0,孟进,电磁兼容及防护,中国人民解放军海军工程大学,2020,
4494,屈治国,A5082505917,annotation,I87445476,annotation_llm,421.0,屈治国,多孔介质热质传输,西安交通大学,2020,
4495,邵金友,A5089597244,annotation,I87445476,annotation_llm,212.0,邵金友,非硅微纳制造,西安交通大学,2020,
4496,赵佳飞,A5031412262,annotation,I27357992,annotation_llm,362.0,赵佳飞,天然气水合物,大连理工大学,2020,
4497,汤朝晖,A5108053575,annotation,I4210092888,annotation_llm,267.0,汤朝晖,抗肿瘤高分子药物载体材料,中国科学院长春应用化学研究所,2020,
4499,赵文祥,A5056209932,annotation,I115592961,annotation_llm,474.0,赵文祥,江苏大学,永磁容错电机系统,2020,
4500,雷亚国,A5008554873,annotation,I87445476,annotation_llm,228.0,雷亚国,机械装备故障诊断与预测,西安交通大学,2020,
4501,路德春,A5072277985,annotation,I37796252,annotation_llm,147.0,路德春,岩土与城市地下工程,北京工业大学,2020,
4504,汪爱英,A5115595326,annotation,I4210165339,annotation_llm,278.0,汪爱英,极端环境金属表面强化涂层与功能改性,中国科学院宁波材料技术与工程研究所,2020,
4505,何春年,A5000026480,annotation,I162868743,annotation_llm,375.0,何春年,原位生长碳材料增强金属基复合材料,天津大学,2020,
4506,张军辉,A5100353425,annotation,I56934997,annotation_llm,262.0,张军辉,路基工程,长沙理工大学,2020,
4508,谷国迎,A5070063268,annotation,I183067930,annotation_llm,186.0,谷国迎,软体机器人学,上海交通大学,2020,
4509,徐海阳,A5078053186,annotation,I184983240,annotation_llm,176.0,徐海阳,忆阻材料与器件,东北师范大学,2020,
4512,义理林,A5011327265,annotation,I183067930,annotation_llm,366.0,义理林,光通信智能信息处理,上海交通大学,2020,
4514,余学功,A5021404727,annotation,I76130692,annotation_llm,218.0,余学功,晶体硅材料及器件,浙江大学,2020,
4515,付松年,A5084395490,annotation,I139024713,annotation_llm,841.0,付松年,宽带光接入,广东工业大学,2020,
4516,高云君,A5006238145,annotation,I76130692,annotation_llm,366.0,高云君,浙江大学,数据库理论与系统,2020,
4517,马晓星,A5041674680,annotation,I881766915,annotation_llm,203.0,马晓星,软件自适应技术,南京大学,2020,
4518,席鹏,A5101993817,annotation,I20231570,annotation_llm,249.0,席鹏,超分辨荧光显微成像,北京大学,2020,
4519,蔡一茂,A5060554231,annotation,I20231570,annotation_llm,118.0,蔡一茂,新型忆阻器件及集成技术研究,北京大学,2020,
4520,崔庆华,A5027886490,annotation,I20231570,annotation_llm,276.0,崔庆华,常见复杂疾病生物信息处理与分析,北京大学,2020,
4521,韩根全,A5055388927,annotation,I149594827,annotation_llm,409.0,韩根全,新型微纳米CMOS器件,西安电子科技大学,2020,
4522,马思伟,A5039832462,annotation,I20231570,annotation_llm,680.0,马思伟,智能视频编码,北京大学,2020,
4523,殷柳国,A5003389936,annotation,I99065089,annotation_llm,139.0,殷柳国,空天通信,清华大学,2020,
4525,吴华强,A5040105498,annotation,I99065089,annotation_llm,349.0,吴华强,清华大学,存算一体电路与系统研究,2020,
4528,杨明红,A5087514700,annotation,I196699116,annotation_llm,317.0,杨明红,光纤传感技术及应用,武汉理工大学,2020,
4529,纪荣嵘,A5016080094,annotation,I191208505,annotation_llm,834.0,纪荣嵘,紧致化计算机视觉分析,厦门大学,2020,
4530,曹汛,A5058572381,annotation,I881766915,annotation_llm,209.0,曹汛,计算摄像,南京大学,2020,
4531,程龙,A5108401200,annotation,I4210112150,annotation_llm,343.0,程龙,机器人智能控制,中国科学院自动化研究所,2020,
4532,谷延锋,A5034748006,annotation,I204983213,annotation_llm,231.0,谷延锋,高光谱遥感图像处理,哈尔滨工业大学,2020,
4533,李东升,A5100440903,annotation,I170215575,annotation_llm,571.0,李东升,并行与分布式计算,中国人民解放军国防科技大学,2020,
4535,丁大志,A5048726602,annotation,I36399199,annotation_llm,249.0,丁大志,计算电磁学,南京理工大学,2020,
4536,韩家广,A5021301048,annotation,I162868743,annotation_llm,483.0,韩家广,太赫兹新型功能器件的基础研究,天津大学,2020,
4537,赵延龙,A5069244384,annotation,I4210120485,annotation_llm,144.0,赵延龙,中国科学院数学与系统科学研究院,多重不确定性集值系统的辨识与控制,2020,
4538,佟存柱,A5077818305,annotation,I4210088164,annotation_llm,195.0,佟存柱,中国科学院长春光学精密机械与物理研究所,高亮度半导体激光芯片与系统,2020,
4539,郭斌,A5078005520,annotation,I17145004,annotation_llm,592.0,郭斌,移动群智感知,西北工业大学,2020,
4540,李世华,A5100618284,annotation,I76569877,annotation_llm,908.0,李世华,东南大学,机电系统抗干扰控制,2020,
4541,操晓春,A5068837264,annotation,I4210156404,annotation_llm,583.0,操晓春,智能视觉内容安全,中国科学院信息工程研究所,2020,
4542,崔嵬,A5012941237,annotation,I125839683,annotation_llm,181.0,崔嵬,天基雷达空间目标探测,北京理工大学,2020,
4543,谢鲲,A5051933409,annotation,I16609230,annotation_llm,203.0,谢鲲,大规模网络测量分析,湖南大学,2020,
4544,许秀来,A5064695909,annotation,I4210159876,annotation_llm,154.0,许秀来,低维半导体光电物理与器件,中国科学院物理研究所,2020,
4545,吕杭炳,A5111976023,annotation,I4210119392,annotation_llm,217.0,吕杭炳,阻变存储器与集成,中国科学院微电子研究所,2020,
4546,郭磊,A5100344290,annotation,I10535382,annotation_llm,355.0,郭磊,光网络的生存性机理与资源优化方法,重庆邮电大学,2020,
4547,王建禄,A5059276141,annotation,I4210135723,annotation_llm,132.0,王建禄,新型光电探测器,中国科学院上海技术物理研究所,2020,
4549,刘艳军,A5100349652,annotation,I2898894,annotation_llm,246.0,刘艳军,智能控制理论及其应用,辽宁工业大学,2020,
4550,韩银和,A5016864694,annotation,I4210090176,annotation_llm,223.0,韩银和,专用处理器芯片设计,中国科学院计算技术研究所,2020,
4552,康凯,A5029718819,annotation,I150229711,annotation_llm,307.0,康凯,毫米波集成电路设计,电子科技大学,2020,
4553,陈彩莲,A5038267080,annotation,I183067930,annotation_llm,559.0,陈彩莲,上海交通大学,网络系统的分布式感知与协同机制,2020,
4554,邓方,A5108050766,annotation,I125839683,annotation_llm,312.0,邓方,北京理工大学,智能火力控制系统,2020,
4555,吴肖乐,A5010288958,annotation,I24943067,annotation_llm,46.0,吴肖乐,风险叠加环境下的全球供应链管理,复旦大学,2020,
4556,荣鹰,A5018560755,annotation,I183067930,annotation_llm,121.0,荣鹰,运营管理,上海交通大学,2020,
4557,镇璐,A5059572294,annotation,I113940042,annotation_llm,277.0,镇璐,运作管理优化,上海大学,2020,
4558,闫相斌,A5058377213,annotation,I92403157,annotation_llm,124.0,闫相斌,北京科技大学,在线社会网络的用户关系与行为,2020,
4559,肖峰,A5052019991,annotation,I204831749,annotation_llm,177.0,肖峰,西南财经大学,城市交通系统博弈建模与定价优化,2020,
4560,魏玖长,A5048332133,annotation,I126520041,annotation_llm,148.0,魏玖长,社会风险分析与治理,中国科学技术大学,2020,
4561,鲁玺,A5005558847,annotation,I99065089,annotation_llm,182.0,鲁玺,低碳能源与大气环境协同机制与政策,清华大学,2020,
4562,陈凯华,A5101570371,annotation,I4210116191,annotation_llm,67.0,陈凯华,创新管理与创新政策,中国科学院科技战略咨询研究院,2020,
4563,吕欣,A5032415518,annotation,I170215575,annotation_llm,275.0,吕欣,大数据技术的公益应用:应对贫穷、疾病、灾害的数据模型,中国人民解放军国防科技大学,2020,
4564,曹志冬,A5038776508,annotation,I4210112150,annotation_llm,141.0,曹志冬,公共卫生应急管理,中国科学院自动化研究所,2020,
4565,刘胡丹,A5053322275,annotation,I37461747,annotation_llm,79.0,刘胡丹,T细胞白血病的发生与机制,武汉大学,2020,
4567,陈万金,A5062223840,annotation,I129708740,annotation_llm,153.0,陈万金,神经遗传病,福建医科大学,2020,
4568,甘勇,A5050475714,annotation,I4210112820,annotation_llm,137.0,甘勇,药物载体高效递送的物理药剂学研究,中国科学院上海药物研究所,2020,
4570,周翔天,A5016372231,annotation,I27781120,annotation_llm,272.0,周翔天,近视发病机制研究,温州医科大学,2020,
4572,郑磊,A5087284408,annotation,I58200834,annotation_llm,527.0,郑磊,肿瘤液体活检新技术,南方医科大学,2020,
4573,苏佳灿,A5108054104,annotation,I177933477,annotation_llm,362.0,苏佳灿,骨质疏松性骨修复与生物材料转化研究,中国人民解放军第二军医大学,2020,
4574,毕惠嫦,A5020183416,annotation,I157773358,annotation_llm,206.0,毕惠嫦,药源性肝损伤的代谢调控,中山大学,2020,
4577,杨吉春,A5005296486,annotation,I20231570,annotation_llm,137.0,杨吉春,糖脂代谢调控新因子鉴定及其在糖尿病诊治中的应用,北京大学,2020,
4578,邝栋明,A5025339808,annotation,I157773358,annotation_llm,188.0,邝栋明,组织免疫微环境与免疫治疗,中山大学,2020,
4580,胡洪波,A5065541374,annotation,I24185976,annotation_llm,299.0,胡洪波,T淋巴细胞发育与功能研究,四川大学,2020,
4581,赵勇,A5071440898,annotation,I157773358,annotation_llm,292.0,赵勇,端粒与细胞衰老,中山大学,2020,
4582,姚红红,A5011257788,annotation,I76569877,annotation_llm,167.0,姚红红,神经药理学,东南大学,2020,
4583,陈瑞,A5045241480,annotation,I183519381,annotation_llm,9.0,陈瑞,卫生毒理学,首都医科大学,2020,
4584,杨旗,A5063409605,annotation,I183519381,annotation_llm,514.0,杨旗,心脑血管病磁共振成像,首都医科大学,2020,
4586,胡海,A5101780528,annotation,I157773358,annotation_llm,40.0,胡海,肿瘤学(乳腺癌代谢重编程的研究),中山大学,2020,
4588,胡颖,A5025398584,annotation,I204983213,annotation_llm,261.0,胡颖,基础肿瘤学,哈尔滨工业大学,2020,
4589,吕奔,A5079333777,annotation,I139660479,annotation_llm,92.0,吕奔,多脏器衰竭的机制研究,中南大学,2020,
4590,徐蔚海,A5004722188,annotation,I200296433,annotation_llm,7.0,徐蔚海,颅内动脉粥样硬化性疾病的精准诊断,中国医学科学院北京协和医院,2020,
4591,于政权,A5072961920,annotation,I52158045,annotation_llm,127.0,于政权,肠道稳态的分子基础,中国农业大学,2020,
4592,赵金存,A5023693252,annotation,I92039509,annotation_llm,275.0,赵金存,广州医科大学,呼吸系统冠状病毒感染与致病机制研究,2020,
4593,王利,A5040680365,annotation,I4210161896,annotation_llm,2.0,王利,心血管重构与干预,中国医学科学院阜外医院,2020,
4594,江陆斌,A5063410384,annotation,I4210096219,annotation_llm,73.0,江陆斌,疟原虫表观遗传学,中国科学院上海巴斯德研究所,2020,
4596,何金汗,A5036939586,annotation,I24185976,annotation_llm,108.0,何金汗,非酒精性脂肪性肝病发病机制,四川大学,2020,
4597,朱明昭,A5001758751,annotation,I4210112540,annotation_llm,125.0,朱明昭,中国科学院生物物理研究所,适应性免疫系统的发育和应答,2020,
4599,高山,A5085187269,annotation,I4210092817,annotation_llm,464.0,高山,肿瘤驱动突变,中国科学院苏州生物医学工程技术研究所,2020,
4600,马鑫,A5075263470,annotation,I111599522,annotation_llm,217.0,马鑫,血管稳态调控与干预策略研究,江南大学,2020,
4602,陈建新,A5000963216,annotation,I17747738,annotation_llm,418.0,陈建新,中医信息学,北京中医药大学,2020,
