row_id,host_openalex_id,matched_name,method,relevance,ror
0,I34809795,Medizinische Hochschule Hannover,exact,40587.992,https://ror.org/00f2yqf98
1,I4210094062,University Medical Center of the Johannes Gutenberg University Mainz,fuzzy,43536.97,https://ror.org/00q1fsf04
2,I195525897,Research Institute of Molecular Pathology,fuzzy,123675.9,https://ror.org/02c5jsm26
3,I98358874,Delft University of Technology,exact,336248.8,https://ror.org/02e2c7k09
4,I4210152560,National Institute of Chemistry,exact,59842.81,https://ror.org/050mac570
5,I150540706,University of Veterinary Medicine Vienna,fuzzy,31846.99,https://ror.org/01w6qp003
6,I1294671590,Centre National de la Recherche Scientifique,fuzzy,165431.84,https://ror.org/02feahw73
7,I197251160,Hebrew University of Jerusalem,exact,375981.75,https://ror.org/03qxff017
8,I53964585,Weizmann Institute of Science,fuzzy,256521.75,https://ror.org/0316ej306
9,I36234482,University of Bristol,exact,336861.22,https://ror.org/0524sp257
10,I21250087,Charles University,fuzzy,15146.773,https://ror.org/024d6js02
11,I1294671590,Centre National de la Recherche Scientifique,fuzzy,165431.84,https://ror.org/02feahw73
12,I255234318,Universidad de Zaragoza,exact,22358.32,https://ror.org/012a91z28
13,I4210138560,European Molecular Biology Laboratory,fuzzy,18445.186,https://ror.org/03mstc592
14,I4210138560,European Molecular Biology Laboratory,fuzzy,18445.186,https://ror.org/03mstc592
15,I5237613,Frankfurt University of Applied Sciences,weak,9938.851,https://ror.org/02r625m11
16,I1294671590,Centre National de la Recherche Scientifique,fuzzy,165431.84,https://ror.org/02feahw73
17,I62916508,Technical University of Munich,exact,424323.34,https://ror.org/02kkvpp62
18,I8204097,Ludwig-Maximilians-Universität München,weak,31190.25,https://ror.org/05591te55
19,,,none,,
20,I95674353,UCLouvain,fuzzy,33728.004,https://ror.org/02495e989
21,I54108979,Norwegian University of Life Sciences,exact,141107.08,https://ror.org/04a1mvv97
22,I197323543,Johannes Gutenberg University Mainz,weak,41263.29,https://ror.org/023b0x485
23,I124055696,University of Copenhagen,exact,402602.5,https://ror.org/035b05819
24,I2800006345,Leiden University Medical Center,exact,358705.56,https://ror.org/05xvt9f17
25,I4210116730,Universitätsmedizin Göttingen,weak,20243.906,https://ror.org/021ft0n22
26,I2801876189,Deutsches Elektronen-Synchrotron DESY,weak,205909.84,https://ror.org/01js2sh04
27,I193662353,Utrecht University,exact,376452.06,https://ror.org/04pp8hn57
28,I91712215,Saarland University,exact,182555.69,https://ror.org/01jdpyv68
29,I28166907,Karolinska Institutet,exact,61562.074,https://ror.org/056d84691
30,I39804081,Sorbonne Université,exact,73100.87,https://ror.org/02en5vm52
31,I159176309,Universität Hamburg,exact,52580.78,https://ror.org/00g30e956
32,,,none,,
33,I193662353,Utrecht University,exact,376452.06,https://ror.org/04pp8hn57
34,I157556583,Institute of Science and Technology Austria,exact,61168.43,https://ror.org/03gnh5541
35,I2800006345,Leiden University Medical Center,exact,358705.56,https://ror.org/05xvt9f17
36,I1322597698,Royal Netherlands Academy of Arts and Sciences,exact,117144.875,https://ror.org/043c0p156
37,,,none,,
38,I129774422,University of Vienna,exact,231053.86,https://ror.org/03prydq77
39,I55143463,University of Turin,exact,288075.34,https://ror.org/048tbm396
40,I204337017,Aarhus University,exact,286607.8,https://ror.org/01aj84f44
41,I8204097,Ludwig-Maximilians-Universität München,weak,31190.25,https://ror.org/05591te55
42,I177639307,University of Dundee,exact,212539.11,https://ror.org/03h2bxq36
43,I126596746,Jagiellonian University,exact,201192.7,https://ror.org/03bqmcz70
44,I1322597698,Royal Netherlands Academy of Arts and Sciences,exact,117144.875,https://ror.org/043c0p156
45,,,none,,
46,I47508984,Imperial College London,fuzzy,471411.25,https://ror.org/041kmwe10
47,I154526488,Inserm,weak,49376.336,https://ror.org/02vjkv261
48,I183935753,King's College London,exact,542667.9,https://ror.org/0220mzb33
49,I114457229,University of Geneva,exact,297821.62,https://ror.org/01swzsf04
50,I91712215,Saarland University,exact,182555.69,https://ror.org/01jdpyv68
51,I169381384,University of Groningen,exact,390846.1,https://ror.org/012p63287
52,I129774422,University of Vienna,exact,231053.86,https://ror.org/03prydq77
53,I4210121365,Leibniz Institute for Analytical Sciences - ISAS,fuzzy,61662.824,https://ror.org/02jhqqg57
54,I4210115812,Human Technopole,exact,28326.508,https://ror.org/029gmnc79
55,I202697423,University of Zurich,exact,350629.0,https://ror.org/02crff812
56,I2801081054,The Francis Crick Institute,fuzzy,172216.17,https://ror.org/04tnbqb63
57,I161593684,Stockholm University,exact,248837.88,https://ror.org/05f0yaq80
58,I114457229,University of Geneva,exact,297821.62,https://ror.org/01swzsf04
59,I98358874,Delft University of Technology,exact,336248.8,https://ror.org/02e2c7k09
60,I1294671590,Centre National de la Recherche Scientifique,fuzzy,165431.84,https://ror.org/02feahw73
61,I2801240073,University Medical Center Freiburg,exact,212013.92,https://ror.org/03vzbgh69
62,I53964585,Weizmann Institute of Science,fuzzy,256521.75,https://ror.org/0316ej306
63,I124055696,University of Copenhagen,exact,402602.5,https://ror.org/035b05819
64,I202697423,University of Zurich,exact,350629.0,https://ror.org/02crff812
65,I200763008,Justus-Liebig-Universität Gießen,exact,26430.729,https://ror.org/033eqas34
66,I202697423,University of Zurich,exact,350629.0,https://ror.org/02crff812
67,I150540706,University of Veterinary Medicine Vienna,fuzzy,31846.99,https://ror.org/01w6qp003
68,I4432739,University of Bergen,exact,243454.16,https://ror.org/03zga2b32
69,I1294671590,Centre National de la Recherche Scientifique,fuzzy,165431.84,https://ror.org/02feahw73
70,I193662353,Utrecht University,exact,376452.06,https://ror.org/04pp8hn57
71,I97565354,University of Lausanne,exact,250802.06,https://ror.org/019whta54
72,I149899117,Max Planck Society,exact,481286.8,https://ror.org/01hhn8329
73,I124055696,University of Copenhagen,exact,402602.5,https://ror.org/035b05819
74,I154526488,Inserm,weak,49376.336,https://ror.org/02vjkv261
75,I4210087105,UK Research and Innovation,weak,2937.9392,https://ror.org/001aqnf71
76,I2802017950,Vlaams Instituut voor Biotechnologie,weak,24067.06,https://ror.org/03xrhmk39
77,I1294671590,Centre National de la Recherche Scientifique,fuzzy,165431.84,https://ror.org/02feahw73
78,I4210087105,UK Research and Innovation,weak,2937.9392,https://ror.org/001aqnf71
79,I102335020,Karlsruhe Institute of Technology,exact,296917.25,https://ror.org/04t3en479
80,I4210126310,Universitätsklinikum Würzburg,fuzzy,6132.775,https://ror.org/03pvr2g57
81,I881427289,University of Gothenburg,exact,304493.62,https://ror.org/01tm6cn81
82,I118564535,University of Bern,exact,287583.72,https://ror.org/02k7v4d05
83,,,none,,
84,I7882870,University of Glasgow,exact,376363.0,https://ror.org/00vtgdb53
85,I60668342,University of Regensburg,exact,201865.47,https://ror.org/01eezs655
86,I4210114103,IFOM,exact,9165.227,https://ror.org/02hcsa680
87,I2802017950,Vlaams Instituut voor Biotechnologie,weak,24067.06,https://ror.org/03xrhmk39
88,I133731052,University of Helsinki,exact,368817.44,https://ror.org/040af2s02
89,I1294671590,Centre National de la Recherche Scientifique,fuzzy,165431.84,https://ror.org/02feahw73
90,I40120149,University of Oxford,exact,569785.9,https://ror.org/052gg0110
91,,,none,,
92,I1294671590,Centre National de la Recherche Scientifique,fuzzy,165431.84,https://ror.org/02feahw73
93,I4210087105,UK Research and Innovation,weak,2937.9392,https://ror.org/001aqnf71
94,I2801240073,University Medical Center Freiburg,exact,212013.92,https://ror.org/03vzbgh69
95,I53964585,Weizmann Institute of Science,fuzzy,256521.75,https://ror.org/0316ej306
96,I56085075,University of Tartu,exact,173324.9,https://ror.org/03z77qz90
97,I54009628,University of Bayreuth,exact,156766.92,https://ror.org/0234wmv40
98,I4210143228,Cancer Research UK Scotland Institute,fuzzy,15432.592,https://ror.org/03pv69j64
99,I149899117,Max Planck Society,exact,481286.8,https://ror.org/01hhn8329
100,I124055696,University of Copenhagen,exact,402602.5,https://ror.org/035b05819
101,I189158943,University of Milan,exact,360040.97,https://ror.org/00wjc7c48
102,I125523173,Institute of Molecular Biotechnology,weak,81633.48,https://ror.org/01zqrxf85
103,I205582932,Max Delbrück Center,exact,47851.645,https://ror.org/04p5ggc03
104,I60668342,University of Regensburg,exact,201865.47,https://ror.org/01eezs655
105,I53964585,Weizmann Institute of Science,fuzzy,256521.75,https://ror.org/0316ej306
106,I202697423,University of Zurich,exact,350629.0,https://ror.org/02crff812
107,I114457229,University of Geneva,exact,297821.62,https://ror.org/01swzsf04
108,I45129253,University College London,exact,628804.7,https://ror.org/02jx3x895
109,I40120149,University of Oxford,exact,569785.9,https://ror.org/052gg0110
110,I8087733,University of Tübingen,exact,304372.66,https://ror.org/03a1kwz48
111,I16391192,Tel Aviv University,exact,529300.0,https://ror.org/04mhzgx49
112,I1850255,University of Basel,exact,243737.62,https://ror.org/02s6k3f65
113,I1294671590,Centre National de la Recherche Scientifique,fuzzy,165431.84,https://ror.org/02feahw73
114,I190082696,Durham University,exact,34730.715,https://ror.org/01v29qb04
115,I241749,University of Cambridge,exact,532775.94,https://ror.org/013meh722
116,I4387155398,Vall d'Hebron Institute of Oncology,exact,115968.836,https://ror.org/054xx3904
117,I1294671590,Centre National de la Recherche Scientifique,fuzzy,165431.84,https://ror.org/02feahw73
118,I2801952686,Erasmus MC,exact,65992.836,https://ror.org/018906e22
119,I4210138560,European Molecular Biology Laboratory,fuzzy,18445.186,https://ror.org/03mstc592
120,I2898336195,The Netherlands Cancer Institute,exact,165980.95,https://ror.org/03xqtf034
121,I1294671590,Centre National de la Recherche Scientifique,fuzzy,165431.84,https://ror.org/02feahw73
122,I129774422,University of Vienna,exact,231053.86,https://ror.org/03prydq77
123,I3018483916,University Medical Center Utrecht,exact,379439.4,https://ror.org/0575yy874
124,I1294671590,Centre National de la Recherche Scientifique,fuzzy,165431.84,https://ror.org/02feahw73
125,I138689650,University of Padua,exact,391372.62,https://ror.org/00240q980
126,I125523173,Institute of Molecular Biotechnology,weak,81633.48,https://ror.org/01zqrxf85
127,I4210115812,Human Technopole,exact,28326.508,https://ror.org/029gmnc79
128,I4210115812,Human Technopole,exact,28326.508,https://ror.org/029gmnc79
129,I1294671590,Centre National de la Recherche Scientifique,fuzzy,165431.84,https://ror.org/02feahw73
130,I53964585,Weizmann Institute of Science,fuzzy,256521.75,https://ror.org/0316ej306
131,,,none,,
132,I3018483916,University Medical Center Utrecht,exact,379439.4,https://ror.org/0575yy874
133,I4210147769,Institute for Bioengineering of Catalonia,exact,74720.42,https://ror.org/056h71x09
134,I157556583,Institute of Science and Technology Austria,exact,61168.43,https://ror.org/03gnh5541
135,I32597200,Ghent University,exact,332866.03,https://ror.org/00cv9y106
136,I169381384,University of Groningen,exact,390846.1,https://ror.org/012p63287
137,I175532246,University of Eastern Finland,exact,204624.42,https://ror.org/00cyydd11
138,I4210138560,European Molecular Biology Laboratory,fuzzy,18445.186,https://ror.org/03mstc592
139,I28166907,Karolinska Institutet,exact,61562.074,https://ror.org/056d84691
140,I204337017,Aarhus University,exact,286607.8,https://ror.org/01aj84f44
141,I157536573,Institut Pasteur,exact,36066.547,https://ror.org/0495fxg12
142,I184942183,University of Oslo,exact,303018.66,https://ror.org/01xtthb56
143,I4210138560,European Molecular Biology Laboratory,fuzzy,18445.186,https://ror.org/03mstc592
144,I4210115812,Human Technopole,exact,28326.508,https://ror.org/029gmnc79
145,I135140700,University of Bonn,exact,339605.3,https://ror.org/041nas322
146,I124055696,University of Copenhagen,exact,402602.5,https://ror.org/035b05819
147,I53964585,Weizmann Institute of Science,fuzzy,256521.75,https://ror.org/0316ej306
148,I134820265,Consejo Superior de Investigaciones Científicas,fuzzy,31067.223,https://ror.org/02gfc7t72
149,I4210126310,Universitätsklinikum Würzburg,fuzzy,6132.775,https://ror.org/03pvr2g57
150,I53964585,Weizmann Institute of Science,fuzzy,256521.75,https://ror.org/0316ej306
151,I86987016,KTH Royal Institute of Technology,fuzzy,121966.055,https://ror.org/026vcq606
152,I4210138560,European Molecular Biology Laboratory,fuzzy,18445.186,https://ror.org/03mstc592
153,I2799391451,University Hospital Bonn,exact,135675.83,https://ror.org/01xnwqx93
154,I53964585,Weizmann Institute of Science,fuzzy,256521.75,https://ror.org/0316ej306
155,I205582932,Max Delbrück Center,exact,47851.645,https://ror.org/04p5ggc03
156,I53964585,Weizmann Institute of Science,fuzzy,256521.75,https://ror.org/0316ej306
157,I8204097,Ludwig-Maximilians-Universität München,weak,31190.25,https://ror.org/05591te55
158,,,none,,
159,I53964585,Weizmann Institute of Science,fuzzy,256521.75,https://ror.org/0316ej306
160,I1322597698,Royal Netherlands Academy of Arts and Sciences,exact,117144.875,https://ror.org/043c0p156
161,I4210137962,Centre for Genomic Regulation,exact,202428.42,https://ror.org/03wyzt892
162,I181231927,National University of Ireland,weak,74419.195,https://ror.org/00shsf120
163,I98677209,University of Edinburgh,exact,396567.03,https://ror.org/01nrxwf90
164,I157536573,Institut Pasteur,exact,36066.547,https://ror.org/0495fxg12
165,I98677209,University of Edinburgh,exact,396567.03,https://ror.org/01nrxwf90
166,I7882870,University of Glasgow,exact,376363.0,https://ror.org/00vtgdb53
167,I170486558,Universitat Pompeu Fabra,exact,43511.164,https://ror.org/04n0g0b29
168,I193662353,Utrecht University,exact,376452.06,https://ror.org/04pp8hn57
169,I186903577,University of Luxembourg,exact,91592.805,https://ror.org/036x5ad56
170,I2898336195,The Netherlands Cancer Institute,exact,165980.95,https://ror.org/03xqtf034
171,I53964585,Weizmann Institute of Science,fuzzy,256521.75,https://ror.org/0316ej306
172,I13134134,Universidad de Cantabria,exact,28743.16,https://ror.org/046ffzj20
173,I202697423,University of Zurich,exact,350629.0,https://ror.org/02crff812
174,I35440088,ETH Zurich,fuzzy,59592.008,https://ror.org/05a28rw58
175,I53964585,Weizmann Institute of Science,fuzzy,256521.75,https://ror.org/0316ej306
176,I1294671590,Centre National de la Recherche Scientifique,fuzzy,165431.84,https://ror.org/02feahw73
177,I17937529,German Cancer Research Center,exact,324796.2,https://ror.org/04cdgtt98
178,I16391192,Tel Aviv University,exact,529300.0,https://ror.org/04mhzgx49
179,I149899117,Max Planck Society,exact,481286.8,https://ror.org/01hhn8329
180,I4210126310,Universitätsklinikum Würzburg,fuzzy,6132.775,https://ror.org/03pvr2g57
181,I16391192,Tel Aviv University,exact,529300.0,https://ror.org/04mhzgx49
182,I4210138560,European Molecular Biology Laboratory,fuzzy,18445.186,https://ror.org/03mstc592
183,I157556583,Institute of Science and Technology Austria,exact,61168.43,https://ror.org/03gnh5541
184,I2898336195,The Netherlands Cancer Institute,exact,165980.95,https://ror.org/03xqtf034
185,I53964585,Weizmann Institute of Science,fuzzy,256521.75,https://ror.org/0316ej306
186,I53964585,Weizmann Institute of Science,fuzzy,256521.75,https://ror.org/0316ej306
187,I4210138560,European Molecular Biology Laboratory,fuzzy,18445.186,https://ror.org/03mstc592
188,I4210138560,European Molecular Biology Laboratory,fuzzy,18445.186,https://ror.org/03mstc592
189,,,none,,
190,I157536573,Institut Pasteur,exact,36066.547,https://ror.org/0495fxg12
191,I145872427,Radboud University Nijmegen,exact,690368.0,https://ror.org/016xsfp80
192,I2802017950,Vlaams Instituut voor Biotechnologie,weak,24067.06,https://ror.org/03xrhmk39
193,I149899117,Max Planck Society,exact,481286.8,https://ror.org/01hhn8329
194,I1294671590,Centre National de la Recherche Scientifique,fuzzy,165431.84,https://ror.org/02feahw73
195,I53964585,Weizmann Institute of Science,fuzzy,256521.75,https://ror.org/0316ej306
196,I157556583,Institute of Science and Technology Austria,exact,61168.43,https://ror.org/03gnh5541
197,I154526488,Inserm,weak,49376.336,https://ror.org/02vjkv261
198,I124055696,University of Copenhagen,exact,402602.5,https://ror.org/035b05819
199,I124055696,University of Copenhagen,exact,402602.5,https://ror.org/035b05819
200,I53964585,Weizmann Institute of Science,fuzzy,256521.75,https://ror.org/0316ej306
201,I162608824,University of Sussex,exact,202713.3,https://ror.org/00ayhx656
202,I124055696,University of Copenhagen,exact,402602.5,https://ror.org/035b05819
203,I4210087105,UK Research and Innovation,weak,2937.9392,https://ror.org/001aqnf71
204,I4210122345,Institute for Research in Biomedicine,fuzzy,9433.836,https://ror.org/01z1gye03
205,I53964585,Weizmann Institute of Science,fuzzy,256521.75,https://ror.org/0316ej306
206,I125523173,Institute of Molecular Biotechnology,weak,81633.48,https://ror.org/01zqrxf85
207,I40120149,University of Oxford,exact,569785.9,https://ror.org/052gg0110
208,I860889466,Friedrich Miescher Institute,exact,34508.246,https://ror.org/01bmjkv45
209,I241749,University of Cambridge,exact,532775.94,https://ror.org/013meh722
210,I2802017950,Vlaams Instituut voor Biotechnologie,weak,24067.06,https://ror.org/03xrhmk39
211,I28166907,Karolinska Institutet,exact,61562.074,https://ror.org/056d84691
212,I17937529,German Cancer Research Center,exact,324796.2,https://ror.org/04cdgtt98
213,I4210138103,"Czech Academy of Sciences, Institute of Molecular Genetics",exact,5296.81,https://ror.org/045syc608
214,I124055696,University of Copenhagen,exact,402602.5,https://ror.org/035b05819
215,I47508984,Imperial College London,fuzzy,471411.25,https://ror.org/041kmwe10
216,I195525897,Research Institute of Molecular Pathology,fuzzy,123675.9,https://ror.org/02c5jsm26
217,I2802017950,Vlaams Instituut voor Biotechnologie,weak,24067.06,https://ror.org/03xrhmk39
218,I1294671590,Centre National de la Recherche Scientifique,fuzzy,165431.84,https://ror.org/02feahw73
219,I53964585,Weizmann Institute of Science,fuzzy,256521.75,https://ror.org/0316ej306
220,I134820265,Consejo Superior de Investigaciones Científicas,fuzzy,31067.223,https://ror.org/02gfc7t72
221,I193223587,University of Trento,exact,167551.7,https://ror.org/05trd4x28
222,,,none,,
223,I4210089594,Spanish National Cancer Research Centre,exact,151161.52,https://ror.org/00bvhmc43
224,I2802017950,Vlaams Instituut voor Biotechnologie,weak,24067.06,https://ror.org/03xrhmk39
225,I2800006345,Leiden University Medical Center,exact,358705.56,https://ror.org/05xvt9f17
226,I80043,Institut Curie,fuzzy,11478.1455,https://ror.org/04t0gwh46
227,I80043,Institut Curie,fuzzy,11478.1455,https://ror.org/04t0gwh46
228,I53964585,Weizmann Institute of Science,fuzzy,256521.75,https://ror.org/0316ej306
229,I40120149,University of Oxford,exact,569785.9,https://ror.org/052gg0110
230,I4210137962,Centre for Genomic Regulation,exact,202428.42,https://ror.org/03wyzt892
231,I75951250,Freie Universität Berlin,exact,46536.777,https://ror.org/046ak2485
232,I1294671590,Centre National de la Recherche Scientifique,fuzzy,165431.84,https://ror.org/02feahw73
233,I123387679,Uppsala University,exact,353079.12,https://ror.org/048a87296
234,I4210122345,Institute for Research in Biomedicine,fuzzy,9433.836,https://ror.org/01z1gye03
235,I1294671590,Centre National de la Recherche Scientifique,fuzzy,165431.84,https://ror.org/02feahw73
236,I53964585,Weizmann Institute of Science,fuzzy,256521.75,https://ror.org/0316ej306
237,I277688954,Université Paris-Saclay,exact,56784.676,https://ror.org/03xjwb503
238,I133731052,University of Helsinki,exact,368817.44,https://ror.org/040af2s02
239,I56085075,University of Tartu,exact,173324.9,https://ror.org/03z77qz90
240,I8204097,Ludwig-Maximilians-Universität München,weak,31190.25,https://ror.org/05591te55
241,I1322597698,Royal Netherlands Academy of Arts and Sciences,exact,117144.875,https://ror.org/043c0p156
242,I157556583,Institute of Science and Technology Austria,exact,61168.43,https://ror.org/03gnh5541
243,I53964585,Weizmann Institute of Science,fuzzy,256521.75,https://ror.org/0316ej306
244,I4210148920,Danish Cancer Society,exact,126267.65,https://ror.org/03ytt7k16
245,I193662353,Utrecht University,exact,376452.06,https://ror.org/04pp8hn57
246,I1294671590,Centre National de la Recherche Scientifique,fuzzy,165431.84,https://ror.org/02feahw73
247,I134820265,Consejo Superior de Investigaciones Científicas,fuzzy,31067.223,https://ror.org/02gfc7t72
248,I2801240073,University Medical Center Freiburg,exact,212013.92,https://ror.org/03vzbgh69
249,,,none,,
250,I124227911,Ben-Gurion University of the Negev,exact,387759.6,https://ror.org/05tkyf982
251,I98358874,Delft University of Technology,exact,336248.8,https://ror.org/02e2c7k09
252,I1294671590,Centre National de la Recherche Scientifique,fuzzy,165431.84,https://ror.org/02feahw73
253,I150540706,University of Veterinary Medicine Vienna,fuzzy,31846.99,https://ror.org/01w6qp003
254,I124055696,University of Copenhagen,exact,402602.5,https://ror.org/035b05819
255,I4210138560,European Molecular Biology Laboratory,fuzzy,18445.186,https://ror.org/03mstc592
256,,,none,,
257,I2802017950,Vlaams Instituut voor Biotechnologie,weak,24067.06,https://ror.org/03xrhmk39
258,I4210137962,Centre for Genomic Regulation,exact,202428.42,https://ror.org/03wyzt892
259,I62916508,Technical University of Munich,exact,424323.34,https://ror.org/02kkvpp62
260,I1294671590,Centre National de la Recherche Scientifique,fuzzy,165431.84,https://ror.org/02feahw73
261,I4210089592,Josep Carreras Leukaemia Research Institute,exact,70537.74,https://ror.org/00btzwk36
262,I4210110463,Leibniz Institute of Plant Biochemistry,exact,94131.9,https://ror.org/01mzk5576
263,I157536573,Institut Pasteur,exact,36066.547,https://ror.org/0495fxg12
264,I149899117,Max Planck Society,exact,481286.8,https://ror.org/01hhn8329
265,I197251160,Hebrew University of Jerusalem,exact,375981.75,https://ror.org/03qxff017
266,I28166907,Karolinska Institutet,exact,61562.074,https://ror.org/056d84691
267,I195525897,Research Institute of Molecular Pathology,fuzzy,123675.9,https://ror.org/02c5jsm26
268,I133731052,University of Helsinki,exact,368817.44,https://ror.org/040af2s02
269,I1294671590,Centre National de la Recherche Scientifique,fuzzy,165431.84,https://ror.org/02feahw73
270,I4210164740,"Czech Academy of Sciences, Biology Centre",exact,4821.525,https://ror.org/05pq4yn02
271,I149899117,Max Planck Society,exact,481286.8,https://ror.org/01hhn8329
272,I2802017950,Vlaams Instituut voor Biotechnologie,weak,24067.06,https://ror.org/03xrhmk39
273,I157556583,Institute of Science and Technology Austria,exact,61168.43,https://ror.org/03gnh5541
274,I4210086570,Heidelberg University of Education,fuzzy,8563.61,https://ror.org/0044w3h23
275,I5237613,Frankfurt University of Applied Sciences,weak,9938.851,https://ror.org/02r625m11
276,I4405271003,Elblandklinikum Radebeul,weak,1.7318883,https://ror.org/01pnwhg58
277,I2802805223,Calouste Gulbenkian Foundation,exact,12565.292,https://ror.org/04yxemn98
278,I189158943,University of Milan,exact,360040.97,https://ror.org/00wjc7c48
279,I205582932,Max Delbrück Center,exact,47851.645,https://ror.org/04p5ggc03
280,I97565354,University of Lausanne,exact,250802.06,https://ror.org/019whta54
281,I1294671590,Centre National de la Recherche Scientifique,fuzzy,165431.84,https://ror.org/02feahw73
282,,,none,,
283,I189712700,University of Konstanz,exact,163886.89,https://ror.org/0546hnb39
284,I98677209,University of Edinburgh,exact,396567.03,https://ror.org/01nrxwf90
285,I4210138560,European Molecular Biology Laboratory,fuzzy,18445.186,https://ror.org/03mstc592
286,I2802017950,Vlaams Instituut voor Biotechnologie,weak,24067.06,https://ror.org/03xrhmk39
287,I202697423,University of Zurich,exact,350629.0,https://ror.org/02crff812
288,I157536573,Institut Pasteur,exact,36066.547,https://ror.org/0495fxg12
289,I53964585,Weizmann Institute of Science,fuzzy,256521.75,https://ror.org/0316ej306
290,I180923762,University of Cologne,weak,13310.07,https://ror.org/00rcxh774
291,I193662353,Utrecht University,exact,376452.06,https://ror.org/04pp8hn57
292,I241749,University of Cambridge,exact,532775.94,https://ror.org/013meh722
293,I1294671590,Centre National de la Recherche Scientifique,fuzzy,165431.84,https://ror.org/02feahw73
294,I133731052,University of Helsinki,exact,368817.44,https://ror.org/040af2s02
295,I2802017950,Vlaams Instituut voor Biotechnologie,weak,24067.06,https://ror.org/03xrhmk39
296,I241749,University of Cambridge,exact,532775.94,https://ror.org/013meh722
297,I40120149,University of Oxford,exact,569785.9,https://ror.org/052gg0110
298,I149899117,Max Planck Society,exact,481286.8,https://ror.org/01hhn8329
299,I4387154544,Institut National de la Recherche Agronomique,exact,542.099,https://ror.org/01x3gbx83
300,I157536573,Institut Pasteur,exact,36066.547,https://ror.org/0495fxg12
301,I1294671590,Centre National de la Recherche Scientifique,fuzzy,165431.84,https://ror.org/02feahw73
302,I4210127611,CeMM Research Center for Molecular Medicine,fuzzy,36781.23,https://ror.org/02z2dfb58
303,,,none,,
304,I241749,University of Cambridge,exact,532775.94,https://ror.org/013meh722
305,I74656192,University of Göttingen,exact,297212.0,https://ror.org/01y9bpm73
306,I17937529,German Cancer Research Center,exact,324796.2,https://ror.org/04cdgtt98
307,I133731052,University of Helsinki,exact,368817.44,https://ror.org/040af2s02
308,I17937529,German Cancer Research Center,exact,324796.2,https://ror.org/04cdgtt98
309,I80043,Institut Curie,fuzzy,11478.1455,https://ror.org/04t0gwh46
310,I189158943,University of Milan,exact,360040.97,https://ror.org/00wjc7c48
311,I157556583,Institute of Science and Technology Austria,exact,61168.43,https://ror.org/03gnh5541
312,I4210164740,"Czech Academy of Sciences, Biology Centre",exact,4821.525,https://ror.org/05pq4yn02
313,I4405271003,Elblandklinikum Radebeul,weak,1.7318883,https://ror.org/01pnwhg58
314,I98677209,University of Edinburgh,exact,396567.03,https://ror.org/01nrxwf90
315,I8204097,Ludwig-Maximilians-Universität München,weak,31190.25,https://ror.org/05591te55
316,I97565354,University of Lausanne,exact,250802.06,https://ror.org/019whta54
317,I2802805223,Calouste Gulbenkian Foundation,exact,12565.292,https://ror.org/04yxemn98
318,I183935753,King's College London,exact,542667.9,https://ror.org/0220mzb33
319,I182534213,Universidade do Porto,weak,29863.537,https://ror.org/043pwc612
320,I16391192,Tel Aviv University,exact,529300.0,https://ror.org/04mhzgx49
321,I32597200,Ghent University,exact,332866.03,https://ror.org/00cv9y106
322,I202697423,University of Zurich,exact,350629.0,https://ror.org/02crff812
323,I2802017950,Vlaams Instituut voor Biotechnologie,weak,24067.06,https://ror.org/03xrhmk39
324,I129774422,University of Vienna,exact,231053.86,https://ror.org/03prydq77
325,I180437899,University of Bremen,exact,151379.67,https://ror.org/04ers2y35
326,I1294671590,Centre National de la Recherche Scientifique,fuzzy,165431.84,https://ror.org/02feahw73
327,I45129253,University College London,exact,628804.7,https://ror.org/02jx3x895
328,,,none,,
329,I53964585,Weizmann Institute of Science,fuzzy,256521.75,https://ror.org/0316ej306
330,I4210086570,Heidelberg University of Education,fuzzy,8563.61,https://ror.org/0044w3h23
331,I4210086872,Institut de génétique et de biologie moléculaire et cellulaire,fuzzy,23064.951,https://ror.org/0015ws592
332,I149899117,Max Planck Society,exact,481286.8,https://ror.org/01hhn8329
333,I149899117,Max Planck Society,exact,481286.8,https://ror.org/01hhn8329
334,I150540706,University of Veterinary Medicine Vienna,fuzzy,31846.99,https://ror.org/01w6qp003
335,I2801081054,The Francis Crick Institute,fuzzy,172216.17,https://ror.org/04tnbqb63
336,I155660961,University of Turku,exact,205834.64,https://ror.org/05vghhr25
337,I113358080,Champalimaud Foundation,exact,61870.65,https://ror.org/03g001n57
338,I97565354,University of Lausanne,exact,250802.06,https://ror.org/019whta54
339,I40120149,University of Oxford,exact,569785.9,https://ror.org/052gg0110
340,I132053463,Université Libre de Bruxelles,weak,123523.0,https://ror.org/01r9htc13
341,I4387154544,Institut National de la Recherche Agronomique,exact,542.099,https://ror.org/01x3gbx83
342,I193662353,Utrecht University,exact,376452.06,https://ror.org/04pp8hn57
343,I180923762,University of Cologne,weak,13310.07,https://ror.org/00rcxh774
344,I4210089594,Spanish National Cancer Research Centre,exact,151161.52,https://ror.org/00bvhmc43
345,I53964585,Weizmann Institute of Science,fuzzy,256521.75,https://ror.org/0316ej306
346,I4210147769,Institute for Bioengineering of Catalonia,exact,74720.42,https://ror.org/056h71x09
347,I202697423,University of Zurich,exact,350629.0,https://ror.org/02crff812
348,I241749,University of Cambridge,exact,532775.94,https://ror.org/013meh722
349,I35440088,ETH Zurich,fuzzy,59592.008,https://ror.org/05a28rw58
350,I202697423,University of Zurich,exact,350629.0,https://ror.org/02crff812
351,,,none,,
352,I8204097,Ludwig-Maximilians-Universität München,weak,31190.25,https://ror.org/05591te55
353,I56085075,University of Tartu,exact,173324.9,https://ror.org/03z77qz90
354,I133731052,University of Helsinki,exact,368817.44,https://ror.org/040af2s02
355,I28166907,Karolinska Institutet,exact,61562.074,https://ror.org/056d84691
356,I149899117,Max Planck Society,exact,481286.8,https://ror.org/01hhn8329
357,I17937529,German Cancer Research Center,exact,324796.2,https://ror.org/04cdgtt98
358,I4210122345,Institute for Research in Biomedicine,fuzzy,9433.836,https://ror.org/01z1gye03
359,I1294671590,Centre National de la Recherche Scientifique,fuzzy,165431.84,https://ror.org/02feahw73
360,I154526488,Inserm,weak,49376.336,https://ror.org/02vjkv261
361,,,none,,
362,,,none,,
363,I881427289,University of Gothenburg,exact,304493.62,https://ror.org/01tm6cn81
364,I124055696,University of Copenhagen,exact,402602.5,https://ror.org/035b05819
365,I53964585,Weizmann Institute of Science,fuzzy,256521.75,https://ror.org/0316ej306
366,I17937529,German Cancer Research Center,exact,324796.2,https://ror.org/04cdgtt98
367,I4210101141,Luxembourg Institute of Health,exact,59929.98,https://ror.org/012m8gv78
368,I154387261,Vita-Salute San Raffaele University,exact,391475.53,https://ror.org/01gmqr298
369,I196349391,Universität Ulm,exact,35018.91,https://ror.org/032000t02
370,I4210126310,Universitätsklinikum Würzburg,fuzzy,6132.775,https://ror.org/03pvr2g57
371,I1334415907,University Medical Center Groningen,exact,336571.06,https://ror.org/03cv38k47
372,I154526488,Inserm,weak,49376.336,https://ror.org/02vjkv261
373,I4405252639,Gulbenkian Institute for Molecular Medicine,fuzzy,67.71932,https://ror.org/0346k0491
374,I8087733,University of Tübingen,exact,304372.66,https://ror.org/03a1kwz48
375,I154526488,Inserm,weak,49376.336,https://ror.org/02vjkv261
376,I4210120689,Universitätsklinikum Aachen,exact,14936.574,https://ror.org/02gm5zw39
377,,,none,,
378,I195525897,Research Institute of Molecular Pathology,fuzzy,123675.9,https://ror.org/02c5jsm26
379,I154526488,Inserm,weak,49376.336,https://ror.org/02vjkv261
380,I62916508,Technical University of Munich,exact,424323.34,https://ror.org/02kkvpp62
381,I124055696,University of Copenhagen,exact,402602.5,https://ror.org/035b05819
382,,,none,,
383,,,none,,
384,I205274468,Trinity College Dublin,exact,319291.9,https://ror.org/02tyrky19
385,I16391192,Tel Aviv University,exact,529300.0,https://ror.org/04mhzgx49
386,I3133086891,Hochschule für Angewandte Wissenschaften Kiel,weak,3357.3535,https://ror.org/03q0ab227
387,I71267560,University of Naples Federico II,exact,524641.1,https://ror.org/05290cv24
388,I53964585,Weizmann Institute of Science,fuzzy,256521.75,https://ror.org/0316ej306
389,I17937529,German Cancer Research Center,exact,324796.2,https://ror.org/04cdgtt98
390,I154526488,Inserm,weak,49376.336,https://ror.org/02vjkv261
391,I124055696,University of Copenhagen,exact,402602.5,https://ror.org/035b05819
392,,,none,,
393,I39804081,Sorbonne Université,exact,73100.87,https://ror.org/02en5vm52
394,,,none,,
395,I154526488,Inserm,weak,49376.336,https://ror.org/02vjkv261
396,I4210120689,Universitätsklinikum Aachen,exact,14936.574,https://ror.org/02gm5zw39
397,,,none,,
398,I2809107791,Spanish National Centre for Cardiovascular Research,fuzzy,79934.38,https://ror.org/02qs1a797
399,I124055696,University of Copenhagen,exact,402602.5,https://ror.org/035b05819
400,I13955877,Bar-Ilan University,exact,249102.6,https://ror.org/03kgsv495
401,I138689650,University of Padua,exact,391372.62,https://ror.org/00240q980
402,,,none,,
403,I4210088053,Universitätsklinikum Erlangen,exact,24783.686,https://ror.org/0030f2a11
404,I204730241,Université Paris Cité,exact,57428.344,https://ror.org/05f82e368
405,I2809107791,Spanish National Centre for Cardiovascular Research,fuzzy,79934.38,https://ror.org/02qs1a797
406,,,none,,
407,I35440088,ETH Zurich,fuzzy,59592.008,https://ror.org/05a28rw58
408,,,none,,
409,I4210089594,Spanish National Cancer Research Centre,exact,151161.52,https://ror.org/00bvhmc43
410,I132053463,Université Libre de Bruxelles,weak,123523.0,https://ror.org/01r9htc13
411,I204337017,Aarhus University,exact,286607.8,https://ror.org/01aj84f44
412,I8087733,University of Tübingen,exact,304372.66,https://ror.org/03a1kwz48
413,I28166907,Karolinska Institutet,exact,61562.074,https://ror.org/056d84691
414,I2799391451,University Hospital Bonn,exact,135675.83,https://ror.org/01xnwqx93
415,I124055696,University of Copenhagen,exact,402602.5,https://ror.org/035b05819
416,I2802164966,University Hospital Heidelberg,fuzzy,106186.625,https://ror.org/013czdx64
417,I200763008,Justus-Liebig-Universität Gießen,exact,26430.729,https://ror.org/033eqas34
418,I205274468,Trinity College Dublin,exact,319291.9,https://ror.org/02tyrky19
419,,,none,,
420,I99464096,KU Leuven,exact,75807.95,https://ror.org/05f950310
421,I4210112728,CIC bioGUNE,weak,4190.275,https://ror.org/02x5c5y60
422,I133836048,Royal Veterinary College,exact,103922.49,https://ror.org/01wka8n18
423,I114457229,University of Geneva,exact,297821.62,https://ror.org/01swzsf04
424,I53964585,Weizmann Institute of Science,fuzzy,256521.75,https://ror.org/0316ej306
425,I154526488,Inserm,weak,49376.336,https://ror.org/02vjkv261
426,I4210153755,University Hospital Cologne,exact,142805.4,https://ror.org/05mxhda18
427,,,none,,
428,I241749,University of Cambridge,exact,532775.94,https://ror.org/013meh722
429,,,none,,
430,I118564535,University of Bern,exact,287583.72,https://ror.org/02k7v4d05
431,I53964585,Weizmann Institute of Science,fuzzy,256521.75,https://ror.org/0316ej306
432,I133731052,University of Helsinki,exact,368817.44,https://ror.org/040af2s02
433,I28407311,University of Manchester,exact,395875.12,https://ror.org/027m9bs27
434,,,none,,
435,I149213910,University of Antwerp,exact,241988.78,https://ror.org/008x57b05
436,I2802017950,Vlaams Instituut voor Biotechnologie,weak,24067.06,https://ror.org/03xrhmk39
437,I174306211,Technion – Israel Institute of Technology,exact,341636.5,https://ror.org/03qryx823
438,I2802017950,Vlaams Instituut voor Biotechnologie,weak,24067.06,https://ror.org/03xrhmk39
439,I95674353,UCLouvain,fuzzy,33728.004,https://ror.org/02495e989
440,I75356249,Hochschule Düsseldorf University of Applied Sciences,weak,7414.5063,https://ror.org/00ftx0026
441,I154526488,Inserm,weak,49376.336,https://ror.org/02vjkv261
442,I40120149,University of Oxford,exact,569785.9,https://ror.org/052gg0110
443,I2802017950,Vlaams Instituut voor Biotechnologie,weak,24067.06,https://ror.org/03xrhmk39
444,I154526488,Inserm,weak,49376.336,https://ror.org/02vjkv261
445,,,none,,
446,I197251160,Hebrew University of Jerusalem,exact,375981.75,https://ror.org/03qxff017
447,I154526488,Inserm,weak,49376.336,https://ror.org/02vjkv261
448,I154526488,Inserm,weak,49376.336,https://ror.org/02vjkv261
449,I2802934949,Radboud University Medical Center,exact,365017.7,https://ror.org/05wg1m734
450,I40120149,University of Oxford,exact,569785.9,https://ror.org/052gg0110
451,I16391192,Tel Aviv University,exact,529300.0,https://ror.org/04mhzgx49
452,I2801081054,The Francis Crick Institute,fuzzy,172216.17,https://ror.org/04tnbqb63
453,,,none,,
454,I8204097,Ludwig-Maximilians-Universität München,weak,31190.25,https://ror.org/05591te55
455,I4405271003,Elblandklinikum Radebeul,weak,1.7318883,https://ror.org/01pnwhg58
456,I149899117,Max Planck Society,exact,481286.8,https://ror.org/01hhn8329
457,I47508984,Imperial College London,fuzzy,471411.25,https://ror.org/041kmwe10
458,I17937529,German Cancer Research Center,exact,324796.2,https://ror.org/04cdgtt98
459,I4210130481,Foundation for the Research and Cure of Lymphoma in Ticino,exact,80.93389,https://ror.org/03axjke18
460,I124055696,University of Copenhagen,exact,402602.5,https://ror.org/035b05819
461,I4210089594,Spanish National Cancer Research Centre,exact,151161.52,https://ror.org/00bvhmc43
462,I1334415907,University Medical Center Groningen,exact,336571.06,https://ror.org/03cv38k47
463,I197251160,Hebrew University of Jerusalem,exact,375981.75,https://ror.org/03qxff017
464,I2898336195,The Netherlands Cancer Institute,exact,165980.95,https://ror.org/03xqtf034
465,I184942183,University of Oslo,exact,303018.66,https://ror.org/01xtthb56
466,I8087733,University of Tübingen,exact,304372.66,https://ror.org/03a1kwz48
467,I8901234,Foundation for Research and Technology Hellas,exact,128927.9,https://ror.org/052rphn09
468,I241749,University of Cambridge,exact,532775.94,https://ror.org/013meh722
469,I141596103,University of Lisbon,weak,223011.98,https://ror.org/01c27hj86
470,I4210089592,Josep Carreras Leukaemia Research Institute,exact,70537.74,https://ror.org/00btzwk36
471,I2802805223,Calouste Gulbenkian Foundation,exact,12565.292,https://ror.org/04yxemn98
472,I34809795,Medizinische Hochschule Hannover,exact,40587.992,https://ror.org/00f2yqf98
473,I123387679,Uppsala University,exact,353079.12,https://ror.org/048a87296
474,I1294671590,Centre National de la Recherche Scientifique,fuzzy,165431.84,https://ror.org/02feahw73
475,,,none,,
476,I157536573,Institut Pasteur,exact,36066.547,https://ror.org/0495fxg12
477,I138689650,University of Padua,exact,391372.62,https://ror.org/00240q980
478,I45084792,University of Florence,exact,254717.31,https://ror.org/04jr1s763
479,I2809107791,Spanish National Centre for Cardiovascular Research,fuzzy,79934.38,https://ror.org/02qs1a797
480,I98677209,University of Edinburgh,exact,396567.03,https://ror.org/01nrxwf90
481,I2802017950,Vlaams Instituut voor Biotechnologie,weak,24067.06,https://ror.org/03xrhmk39
482,I145872427,Radboud University Nijmegen,exact,690368.0,https://ror.org/016xsfp80
483,I4210108711,University Medical Center Hamburg-Eppendorf,exact,395860.03,https://ror.org/01zgy1s35
484,I4405267316,German Center for Neurodegenerative Diseases (DZNE) Dresden,fuzzy,25524.17,https://ror.org/0260yv019
485,I187531555,Lund University,exact,378976.9,https://ror.org/012a77v79
486,I114457229,University of Geneva,exact,297821.62,https://ror.org/01swzsf04
487,I881427289,University of Gothenburg,exact,304493.62,https://ror.org/01tm6cn81
488,I1322597698,Royal Netherlands Academy of Arts and Sciences,exact,117144.875,https://ror.org/043c0p156
489,I53964585,Weizmann Institute of Science,fuzzy,256521.75,https://ror.org/0316ej306
490,I1850255,University of Basel,exact,243737.62,https://ror.org/02s6k3f65
491,I141596103,University of Lisbon,weak,223011.98,https://ror.org/01c27hj86
492,I154526488,Inserm,weak,49376.336,https://ror.org/02vjkv261
493,I2801081054,The Francis Crick Institute,fuzzy,172216.17,https://ror.org/04tnbqb63
494,,,none,,
495,I2801081054,The Francis Crick Institute,fuzzy,172216.17,https://ror.org/04tnbqb63
496,I154526488,Inserm,weak,49376.336,https://ror.org/02vjkv261
497,I91712215,Saarland University,exact,182555.69,https://ror.org/01jdpyv68
498,I21491767,Aix-Marseille Université,exact,46815.637,https://ror.org/035xkbk20
499,,,none,,
500,I88155538,Universidad de Navarra,exact,20412.717,https://ror.org/02rxc7m23
501,I40120149,University of Oxford,exact,569785.9,https://ror.org/052gg0110
502,I1850255,University of Basel,exact,243737.62,https://ror.org/02s6k3f65
503,I45129253,University College London,exact,628804.7,https://ror.org/02jx3x895
504,I45129253,University College London,exact,628804.7,https://ror.org/02jx3x895
505,I134820265,Consejo Superior de Investigaciones Científicas,fuzzy,31067.223,https://ror.org/02gfc7t72
506,I99464096,KU Leuven,exact,75807.95,https://ror.org/05f950310
507,I113358080,Champalimaud Foundation,exact,61870.65,https://ror.org/03g001n57
508,I2801952686,Erasmus MC,exact,65992.836,https://ror.org/018906e22
509,I4405267316,German Center for Neurodegenerative Diseases (DZNE) Dresden,fuzzy,25524.17,https://ror.org/0260yv019
510,,,none,,
511,I53964585,Weizmann Institute of Science,fuzzy,256521.75,https://ror.org/0316ej306
512,I62916508,Technical University of Munich,exact,424323.34,https://ror.org/02kkvpp62
513,I173212132,Vilnius University,exact,97833.336,https://ror.org/03nadee84
514,I4210100306,Achucarro Basque Center for Neuroscience,exact,58010.82,https://ror.org/00myw9y39
515,I47508984,Imperial College London,fuzzy,471411.25,https://ror.org/041kmwe10
516,I147765834,Leipzig University of Applied Sciences,weak,13022.127,https://ror.org/03xgcq477
517,I53964585,Weizmann Institute of Science,fuzzy,256521.75,https://ror.org/0316ej306
518,,,none,,
519,I154526488,Inserm,weak,49376.336,https://ror.org/02vjkv261
520,I74656192,University of Göttingen,exact,297212.0,https://ror.org/01y9bpm73
521,I30771326,Italian Institute of Technology,exact,141176.92,https://ror.org/042t93s57
522,I4405267316,German Center for Neurodegenerative Diseases (DZNE) Dresden,fuzzy,25524.17,https://ror.org/0260yv019
523,,,none,,
524,I149899117,Max Planck Society,exact,481286.8,https://ror.org/01hhn8329
525,I149899117,Max Planck Society,exact,481286.8,https://ror.org/01hhn8329
526,I181369854,Friedrich-Alexander-Universität Erlangen-Nürnberg,exact,54852.375,https://ror.org/00f7hpc57
527,I154526488,Inserm,weak,49376.336,https://ror.org/02vjkv261
528,I197251160,Hebrew University of Jerusalem,exact,375981.75,https://ror.org/03qxff017
529,I197251160,Hebrew University of Jerusalem,exact,375981.75,https://ror.org/03qxff017
530,I8087733,University of Tübingen,exact,304372.66,https://ror.org/03a1kwz48
531,I123044942,Universitat Autònoma de Barcelona,exact,39540.395,https://ror.org/052g8jq94
532,I113358080,Champalimaud Foundation,exact,61870.65,https://ror.org/03g001n57
533,I16391192,Tel Aviv University,exact,529300.0,https://ror.org/04mhzgx49
534,I157556583,Institute of Science and Technology Austria,exact,61168.43,https://ror.org/03gnh5541
535,I149899117,Max Planck Society,exact,481286.8,https://ror.org/01hhn8329
536,I16391192,Tel Aviv University,exact,529300.0,https://ror.org/04mhzgx49
537,I172446870,University of Cagliari,exact,161764.02,https://ror.org/003109y17
538,I13469542,Vrije Universiteit Brussel,weak,103277.375,https://ror.org/006e5kg04
539,I1294671590,Centre National de la Recherche Scientifique,fuzzy,165431.84,https://ror.org/02feahw73
540,,,none,,
541,I4210100306,Achucarro Basque Center for Neuroscience,exact,58010.82,https://ror.org/00myw9y39
542,I197323543,Johannes Gutenberg University Mainz,weak,41263.29,https://ror.org/023b0x485
543,I154526488,Inserm,weak,49376.336,https://ror.org/02vjkv261
544,,,none,,
545,I187531555,Lund University,exact,378976.9,https://ror.org/012a77v79
546,I8204097,Ludwig-Maximilians-Universität München,weak,31190.25,https://ror.org/05591te55
547,,,none,,
548,I175532246,University of Eastern Finland,exact,204624.42,https://ror.org/00cyydd11
549,I1294671590,Centre National de la Recherche Scientifique,fuzzy,165431.84,https://ror.org/02feahw73
550,I4432739,University of Bergen,exact,243454.16,https://ror.org/03zga2b32
551,I124055696,University of Copenhagen,exact,402602.5,https://ror.org/035b05819
552,I157556583,Institute of Science and Technology Austria,exact,61168.43,https://ror.org/03gnh5541
553,I154526488,Inserm,weak,49376.336,https://ror.org/02vjkv261
554,I16835326,University of St Andrews,exact,228166.6,https://ror.org/02wn5qz54
555,I53964585,Weizmann Institute of Science,fuzzy,256521.75,https://ror.org/0316ej306
556,I124601658,University of Parma,exact,181978.31,https://ror.org/02k7wn190
557,I154526488,Inserm,weak,49376.336,https://ror.org/02vjkv261
558,I134820265,Consejo Superior de Investigaciones Científicas,fuzzy,31067.223,https://ror.org/02gfc7t72
559,I86987016,KTH Royal Institute of Technology,fuzzy,121966.055,https://ror.org/026vcq606
560,I134820265,Consejo Superior de Investigaciones Científicas,fuzzy,31067.223,https://ror.org/02gfc7t72
561,I154526488,Inserm,weak,49376.336,https://ror.org/02vjkv261
562,I34352273,Maastricht University,exact,286442.2,https://ror.org/02jz4aj89
563,I99682543,University of Minho,exact,168144.42,https://ror.org/037wpkx04
564,,,none,,
565,I860889466,Friedrich Miescher Institute,exact,34508.246,https://ror.org/01bmjkv45
566,I45129253,University College London,exact,628804.7,https://ror.org/02jx3x895
567,I154526488,Inserm,weak,49376.336,https://ror.org/02vjkv261
568,I2799784675,University Hospitals of the Ruhr-University of Bochum,weak,30920.643,https://ror.org/03zcpvf19
569,I113358080,Champalimaud Foundation,exact,61870.65,https://ror.org/03g001n57
570,I4405267316,German Center for Neurodegenerative Diseases (DZNE) Dresden,fuzzy,25524.17,https://ror.org/0260yv019
571,I200284239,Universidade de Santiago de Compostela,exact,39960.39,https://ror.org/030eybx10
572,I154526488,Inserm,weak,49376.336,https://ror.org/02vjkv261
573,I147765834,Leipzig University of Applied Sciences,weak,13022.127,https://ror.org/03xgcq477
574,I114457229,University of Geneva,exact,297821.62,https://ror.org/01swzsf04
575,I98677209,University of Edinburgh,exact,396567.03,https://ror.org/01nrxwf90
576,I113358080,Champalimaud Foundation,exact,61870.65,https://ror.org/03g001n57
577,I45129253,University College London,exact,628804.7,https://ror.org/02jx3x895
578,I35440088,ETH Zurich,fuzzy,59592.008,https://ror.org/05a28rw58
579,I241749,University of Cambridge,exact,532775.94,https://ror.org/013meh722
580,I2802805223,Calouste Gulbenkian Foundation,exact,12565.292,https://ror.org/04yxemn98
581,I8204097,Ludwig-Maximilians-Universität München,weak,31190.25,https://ror.org/05591te55
582,I53964585,Weizmann Institute of Science,fuzzy,256521.75,https://ror.org/0316ej306
583,,,none,,
584,I157556583,Institute of Science and Technology Austria,exact,61168.43,https://ror.org/03gnh5541
585,I2802164966,University Hospital Heidelberg,fuzzy,106186.625,https://ror.org/013czdx64
586,I1294671590,Centre National de la Recherche Scientifique,fuzzy,165431.84,https://ror.org/02feahw73
587,I197251160,Hebrew University of Jerusalem,exact,375981.75,https://ror.org/03qxff017
588,I145872427,Radboud University Nijmegen,exact,690368.0,https://ror.org/016xsfp80
589,I4210106880,HUN-REN Institute of Experimental Medicine,weak,53238.805,https://ror.org/01jsgmp44
590,I1294671590,Centre National de la Recherche Scientifique,fuzzy,165431.84,https://ror.org/02feahw73
591,I45129253,University College London,exact,628804.7,https://ror.org/02jx3x895
592,I113358080,Champalimaud Foundation,exact,61870.65,https://ror.org/03g001n57
593,I4210153755,University Hospital Cologne,exact,142805.4,https://ror.org/05mxhda18
594,I241749,University of Cambridge,exact,532775.94,https://ror.org/013meh722
595,I4210106880,HUN-REN Institute of Experimental Medicine,weak,53238.805,https://ror.org/01jsgmp44
596,I113358080,Champalimaud Foundation,exact,61870.65,https://ror.org/03g001n57
597,I138898306,Reichman University,exact,41914.81,https://ror.org/01px5cv07
598,I45129253,University College London,exact,628804.7,https://ror.org/02jx3x895
599,I113358080,Champalimaud Foundation,exact,61870.65,https://ror.org/03g001n57
600,I4210116730,Universitätsmedizin Göttingen,weak,20243.906,https://ror.org/021ft0n22
601,I118564535,University of Bern,exact,287583.72,https://ror.org/02k7v4d05
602,I183935753,King's College London,exact,542667.9,https://ror.org/0220mzb33
603,I30771326,Italian Institute of Technology,exact,141176.92,https://ror.org/042t93s57
604,I53964585,Weizmann Institute of Science,fuzzy,256521.75,https://ror.org/0316ej306
605,I157556583,Institute of Science and Technology Austria,exact,61168.43,https://ror.org/03gnh5541
606,I16391192,Tel Aviv University,exact,529300.0,https://ror.org/04mhzgx49
607,I4210106880,HUN-REN Institute of Experimental Medicine,weak,53238.805,https://ror.org/01jsgmp44
608,I1294671590,Centre National de la Recherche Scientifique,fuzzy,165431.84,https://ror.org/02feahw73
609,I118564535,University of Bern,exact,287583.72,https://ror.org/02k7v4d05
610,I154526488,Inserm,weak,49376.336,https://ror.org/02vjkv261
611,I96578850,Leibniz Institute for Neurobiology,exact,100066.09,https://ror.org/01zwmgk08
612,I1294671590,Centre National de la Recherche Scientifique,fuzzy,165431.84,https://ror.org/02feahw73
613,I205582932,Max Delbrück Center,exact,47851.645,https://ror.org/04p5ggc03
614,I154526488,Inserm,weak,49376.336,https://ror.org/02vjkv261
615,I98677209,University of Edinburgh,exact,396567.03,https://ror.org/01nrxwf90
616,I4405269406,Collège National des Gynécologues et Obstétriciens Français,weak,1.164391,https://ror.org/042gt3s61
617,I1294671590,Centre National de la Recherche Scientifique,fuzzy,165431.84,https://ror.org/02feahw73
618,,,none,,
619,I118564535,University of Bern,exact,287583.72,https://ror.org/02k7v4d05
620,I154526488,Inserm,weak,49376.336,https://ror.org/02vjkv261
621,I5124864,École Polytechnique Fédérale de Lausanne,fuzzy,30682.26,https://ror.org/02s376052
622,I53964585,Weizmann Institute of Science,fuzzy,256521.75,https://ror.org/0316ej306
623,,,none,,
624,I4210108711,University Medical Center Hamburg-Eppendorf,exact,395860.03,https://ror.org/01zgy1s35
625,I79510175,Cardiff University,exact,296880.3,https://ror.org/03kk7td41
626,I4210106880,HUN-REN Institute of Experimental Medicine,weak,53238.805,https://ror.org/01jsgmp44
627,I197251160,Hebrew University of Jerusalem,exact,375981.75,https://ror.org/03qxff017
628,I39804081,Sorbonne Université,exact,73100.87,https://ror.org/02en5vm52
629,I45129253,University College London,exact,628804.7,https://ror.org/02jx3x895
630,I45129253,University College London,exact,628804.7,https://ror.org/02jx3x895
631,I4405267316,German Center for Neurodegenerative Diseases (DZNE) Dresden,fuzzy,25524.17,https://ror.org/0260yv019
632,I203082224,Hochschule Bielefeld,weak,2945.5193,https://ror.org/00edvg943
633,I154526488,Inserm,weak,49376.336,https://ror.org/02vjkv261
634,,,none,,
635,I861853513,Sapienza University of Rome,exact,544445.06,https://ror.org/02be6w209
636,I62916508,Technical University of Munich,exact,424323.34,https://ror.org/02kkvpp62
637,I158438070,Universidad de La Laguna,exact,20062.52,https://ror.org/01r9z8p25
638,I154526488,Inserm,weak,49376.336,https://ror.org/02vjkv261
639,I4210087105,UK Research and Innovation,weak,2937.9392,https://ror.org/001aqnf71
640,I2802017950,Vlaams Instituut voor Biotechnologie,weak,24067.06,https://ror.org/03xrhmk39
641,I4405271003,Elblandklinikum Radebeul,weak,1.7318883,https://ror.org/01pnwhg58
642,I134820265,Consejo Superior de Investigaciones Científicas,fuzzy,31067.223,https://ror.org/02gfc7t72
643,I197251160,Hebrew University of Jerusalem,exact,375981.75,https://ror.org/03qxff017
644,I241749,University of Cambridge,exact,532775.94,https://ror.org/013meh722
645,I1294671590,Centre National de la Recherche Scientifique,fuzzy,165431.84,https://ror.org/02feahw73
646,I53964585,Weizmann Institute of Science,fuzzy,256521.75,https://ror.org/0316ej306
647,I154526488,Inserm,weak,49376.336,https://ror.org/02vjkv261
648,I62916508,Technical University of Munich,exact,424323.34,https://ror.org/02kkvpp62
649,I4405267316,German Center for Neurodegenerative Diseases (DZNE) Dresden,fuzzy,25524.17,https://ror.org/0260yv019
650,I97565354,University of Lausanne,exact,250802.06,https://ror.org/019whta54
651,I154526488,Inserm,weak,49376.336,https://ror.org/02vjkv261
652,I149899117,Max Planck Society,exact,481286.8,https://ror.org/01hhn8329
653,I40120149,University of Oxford,exact,569785.9,https://ror.org/052gg0110
654,I138549579,Scuola Internazionale Superiore di Studi Avanzati,fuzzy,18574.277,https://ror.org/004fze387
655,I113358080,Champalimaud Foundation,exact,61870.65,https://ror.org/03g001n57
656,I197251160,Hebrew University of Jerusalem,exact,375981.75,https://ror.org/03qxff017
657,I154526488,Inserm,weak,49376.336,https://ror.org/02vjkv261
658,I4210116730,Universitätsmedizin Göttingen,weak,20243.906,https://ror.org/021ft0n22
659,I45129253,University College London,exact,628804.7,https://ror.org/02jx3x895
660,I154526488,Inserm,weak,49376.336,https://ror.org/02vjkv261
661,I114457229,University of Geneva,exact,297821.62,https://ror.org/01swzsf04
662,I8087733,University of Tübingen,exact,304372.66,https://ror.org/03a1kwz48
663,I187531555,Lund University,exact,378976.9,https://ror.org/012a77v79
664,,,none,,
665,I40120149,University of Oxford,exact,569785.9,https://ror.org/052gg0110
666,I193662353,Utrecht University,exact,376452.06,https://ror.org/04pp8hn57
667,I28166907,Karolinska Institutet,exact,61562.074,https://ror.org/056d84691
668,I202697423,University of Zurich,exact,350629.0,https://ror.org/02crff812
669,I154387261,Vita-Salute San Raffaele University,exact,391475.53,https://ror.org/01gmqr298
670,I53964585,Weizmann Institute of Science,fuzzy,256521.75,https://ror.org/0316ej306
671,,,none,,
672,I16391192,Tel Aviv University,exact,529300.0,https://ror.org/04mhzgx49
673,I4210162077,Leibniz-Institut für Naturstoff-Forschung und Infektionsbiologie e. V. - Hans-Knöll-Institut (HKI),exact,21357.627,https://ror.org/055s37c97
674,I95674353,UCLouvain,fuzzy,33728.004,https://ror.org/02495e989
675,I4210138103,"Czech Academy of Sciences, Institute of Molecular Genetics",exact,5296.81,https://ror.org/045syc608
676,I4210108711,University Medical Center Hamburg-Eppendorf,exact,395860.03,https://ror.org/01zgy1s35
677,I2799391451,University Hospital Bonn,exact,135675.83,https://ror.org/01xnwqx93
678,I4210100188,Biogipuzkoa Health Research Institute,exact,74865.48,https://ror.org/01a2wsa50
679,I187531555,Lund University,exact,378976.9,https://ror.org/012a77v79
680,,,none,,
681,I124055696,University of Copenhagen,exact,402602.5,https://ror.org/035b05819
682,I6820528,Alexander Fleming Biomedical Sciences Research Center,fuzzy,22605.912,https://ror.org/013x0ky90
683,I154526488,Inserm,weak,49376.336,https://ror.org/02vjkv261
684,I75951250,Freie Universität Berlin,exact,46536.777,https://ror.org/046ak2485
685,I154526488,Inserm,weak,49376.336,https://ror.org/02vjkv261
686,I154526488,Inserm,weak,49376.336,https://ror.org/02vjkv261
687,I53964585,Weizmann Institute of Science,fuzzy,256521.75,https://ror.org/0316ej306
688,I2802017950,Vlaams Instituut voor Biotechnologie,weak,24067.06,https://ror.org/03xrhmk39
689,I1294671590,Centre National de la Recherche Scientifique,fuzzy,165431.84,https://ror.org/02feahw73
690,I34809795,Medizinische Hochschule Hannover,exact,40587.992,https://ror.org/00f2yqf98
691,I2799391451,University Hospital Bonn,exact,135675.83,https://ror.org/01xnwqx93
692,I154526488,Inserm,weak,49376.336,https://ror.org/02vjkv261
693,I134820265,Consejo Superior de Investigaciones Científicas,fuzzy,31067.223,https://ror.org/02gfc7t72
694,I96673099,Technical University of Denmark,exact,294979.28,https://ror.org/04qtj9h94
695,I17937529,German Cancer Research Center,exact,324796.2,https://ror.org/04cdgtt98
696,I4405252639,Gulbenkian Institute for Molecular Medicine,fuzzy,67.71932,https://ror.org/0346k0491
697,I3018483916,University Medical Center Utrecht,exact,379439.4,https://ror.org/0575yy874
698,I114457229,University of Geneva,exact,297821.62,https://ror.org/01swzsf04
699,I98358874,Delft University of Technology,exact,336248.8,https://ror.org/02e2c7k09
700,,,none,,
701,I2802805223,Calouste Gulbenkian Foundation,exact,12565.292,https://ror.org/04yxemn98
702,I53964585,Weizmann Institute of Science,fuzzy,256521.75,https://ror.org/0316ej306
703,I98677209,University of Edinburgh,exact,396567.03,https://ror.org/01nrxwf90
704,I1850255,University of Basel,exact,243737.62,https://ror.org/02s6k3f65
705,I53964585,Weizmann Institute of Science,fuzzy,256521.75,https://ror.org/0316ej306
706,I8901234,Foundation for Research and Technology Hellas,exact,128927.9,https://ror.org/052rphn09
707,I154526488,Inserm,weak,49376.336,https://ror.org/02vjkv261
708,I114457229,University of Geneva,exact,297821.62,https://ror.org/01swzsf04
709,I4210108711,University Medical Center Hamburg-Eppendorf,exact,395860.03,https://ror.org/01zgy1s35
710,I35440088,ETH Zurich,fuzzy,59592.008,https://ror.org/05a28rw58
711,I187531555,Lund University,exact,378976.9,https://ror.org/012a77v79
712,I53964585,Weizmann Institute of Science,fuzzy,256521.75,https://ror.org/0316ej306
713,I16391192,Tel Aviv University,exact,529300.0,https://ror.org/04mhzgx49
714,I4388891777,St. Anna Children's Cancer Research Institute,fuzzy,17926.865,https://ror.org/05bd7c383
715,I202697423,University of Zurich,exact,350629.0,https://ror.org/02crff812
716,I3020210244,Sanquin,exact,79433.7,https://ror.org/01fm2fv39
717,I62916508,Technical University of Munich,exact,424323.34,https://ror.org/02kkvpp62
718,I4210126310,Universitätsklinikum Würzburg,fuzzy,6132.775,https://ror.org/03pvr2g57
719,,,none,,
720,I205274468,Trinity College Dublin,exact,319291.9,https://ror.org/02tyrky19
721,I2801081054,The Francis Crick Institute,fuzzy,172216.17,https://ror.org/04tnbqb63
722,,,none,,
723,I141596103,University of Lisbon,weak,223011.98,https://ror.org/01c27hj86
724,I97565354,University of Lausanne,exact,250802.06,https://ror.org/019whta54
725,I97565354,University of Lausanne,exact,250802.06,https://ror.org/019whta54
726,I4210143228,Cancer Research UK Scotland Institute,fuzzy,15432.592,https://ror.org/03pv69j64
727,I62916508,Technical University of Munich,exact,424323.34,https://ror.org/02kkvpp62
728,I2802805223,Calouste Gulbenkian Foundation,exact,12565.292,https://ror.org/04yxemn98
729,I5124864,École Polytechnique Fédérale de Lausanne,fuzzy,30682.26,https://ror.org/02s376052
730,I4210124929,Helmholtz Centre for Infection Research,exact,153015.81,https://ror.org/03d0p2685
731,,,none,,
732,I4210126310,Universitätsklinikum Würzburg,fuzzy,6132.775,https://ror.org/03pvr2g57
733,I2802017950,Vlaams Instituut voor Biotechnologie,weak,24067.06,https://ror.org/03xrhmk39
734,I2809107791,Spanish National Centre for Cardiovascular Research,fuzzy,79934.38,https://ror.org/02qs1a797
735,I241749,University of Cambridge,exact,532775.94,https://ror.org/013meh722
736,I53964585,Weizmann Institute of Science,fuzzy,256521.75,https://ror.org/0316ej306
737,I195460627,University of Aberdeen,exact,220441.44,https://ror.org/016476m91
738,I7882870,University of Glasgow,exact,376363.0,https://ror.org/00vtgdb53
739,I157536573,Institut Pasteur,exact,36066.547,https://ror.org/0495fxg12
740,,,none,,
741,I157536573,Institut Pasteur,exact,36066.547,https://ror.org/0495fxg12
742,I22465464,University of Münster,exact,31950.84,https://ror.org/00pd74e08
743,I95674353,UCLouvain,fuzzy,33728.004,https://ror.org/02495e989
744,I1302113299,Babraham Institute,exact,112762.87,https://ror.org/01d5qpn59
745,I45129253,University College London,exact,628804.7,https://ror.org/02jx3x895
746,I141596103,University of Lisbon,weak,223011.98,https://ror.org/01c27hj86
747,I241749,University of Cambridge,exact,532775.94,https://ror.org/013meh722
748,,,none,,
749,I8204097,Ludwig-Maximilians-Universität München,weak,31190.25,https://ror.org/05591te55
750,I113358080,Champalimaud Foundation,exact,61870.65,https://ror.org/03g001n57
751,I133731052,University of Helsinki,exact,368817.44,https://ror.org/040af2s02
752,I2801081054,The Francis Crick Institute,fuzzy,172216.17,https://ror.org/04tnbqb63
753,I154526488,Inserm,weak,49376.336,https://ror.org/02vjkv261
754,I154526488,Inserm,weak,49376.336,https://ror.org/02vjkv261
755,I3129555431,University Hospital Regensburg,exact,117256.445,https://ror.org/01226dv09
756,I1294671590,Centre National de la Recherche Scientifique,fuzzy,165431.84,https://ror.org/02feahw73
757,I17937529,German Cancer Research Center,exact,324796.2,https://ror.org/04cdgtt98
758,I1294671590,Centre National de la Recherche Scientifique,fuzzy,165431.84,https://ror.org/02feahw73
759,I79619799,University of Birmingham,exact,359401.1,https://ror.org/03angcq70
760,,,none,,
761,I1339471597,Humanitas University,exact,99981.72,https://ror.org/020dggs04
762,I1294671590,Centre National de la Recherche Scientifique,fuzzy,165431.84,https://ror.org/02feahw73
763,I2898336195,The Netherlands Cancer Institute,exact,165980.95,https://ror.org/03xqtf034
764,I2799391451,University Hospital Bonn,exact,135675.83,https://ror.org/01xnwqx93
765,I197251160,Hebrew University of Jerusalem,exact,375981.75,https://ror.org/03qxff017
766,I53964585,Weizmann Institute of Science,fuzzy,256521.75,https://ror.org/0316ej306
767,I79619799,University of Birmingham,exact,359401.1,https://ror.org/03angcq70
768,,,none,,
769,I154526488,Inserm,weak,49376.336,https://ror.org/02vjkv261
770,I157536573,Institut Pasteur,exact,36066.547,https://ror.org/0495fxg12
771,I154526488,Inserm,weak,49376.336,https://ror.org/02vjkv261
772,I145872427,Radboud University Nijmegen,exact,690368.0,https://ror.org/016xsfp80
773,I4210120689,Universitätsklinikum Aachen,exact,14936.574,https://ror.org/02gm5zw39
774,I8087733,University of Tübingen,exact,304372.66,https://ror.org/03a1kwz48
775,I8204097,Ludwig-Maximilians-Universität München,weak,31190.25,https://ror.org/05591te55
776,I166337079,Queen Mary University of London,fuzzy,30073.516,https://ror.org/026zzn846
777,I3020210244,Sanquin,exact,79433.7,https://ror.org/01fm2fv39
778,I183935753,King's College London,exact,542667.9,https://ror.org/0220mzb33
779,I184942183,University of Oslo,exact,303018.66,https://ror.org/01xtthb56
780,I32597200,Ghent University,exact,332866.03,https://ror.org/00cv9y106
781,I83019370,Eindhoven University of Technology,exact,250696.17,https://ror.org/02c2kyt77
782,I36234482,University of Bristol,exact,336861.22,https://ror.org/0524sp257
783,I123387679,Uppsala University,exact,353079.12,https://ror.org/048a87296
784,I2799391451,University Hospital Bonn,exact,135675.83,https://ror.org/01xnwqx93
785,I124055696,University of Copenhagen,exact,402602.5,https://ror.org/035b05819
786,I28166907,Karolinska Institutet,exact,61562.074,https://ror.org/056d84691
787,I4432739,University of Bergen,exact,243454.16,https://ror.org/03zga2b32
788,I4210160872,Fundació Lluita contra les Infeccions,weak,3282.4514,https://ror.org/04xtz1057
789,,,none,,
790,I184942183,University of Oslo,exact,303018.66,https://ror.org/01xtthb56
791,I4405253208,AITHYRA GmbH- Research Institute for Biomedical Artificial Intelligence (Austria),weak,1891.9993,https://ror.org/00dgdnb65
792,I150540706,University of Veterinary Medicine Vienna,fuzzy,31846.99,https://ror.org/01w6qp003
793,I154387261,Vita-Salute San Raffaele University,exact,391475.53,https://ror.org/01gmqr298
794,,,none,,
795,I34809795,Medizinische Hochschule Hannover,exact,40587.992,https://ror.org/00f2yqf98
796,I2799391451,University Hospital Bonn,exact,135675.83,https://ror.org/01xnwqx93
797,,,none,,
798,I157536573,Institut Pasteur,exact,36066.547,https://ror.org/0495fxg12
799,I202276237,Medical University of Graz,exact,190082.62,https://ror.org/02n0bts35
800,I149213910,University of Antwerp,exact,241988.78,https://ror.org/008x57b05
801,I204730241,Université Paris Cité,exact,57428.344,https://ror.org/05f82e368
802,I155660961,University of Turku,exact,205834.64,https://ror.org/05vghhr25
803,I188760350,Ollscoil na Gaillimhe – University of Galway,exact,21279.994,https://ror.org/03bea9k73
804,I17937529,German Cancer Research Center,exact,324796.2,https://ror.org/04cdgtt98
805,I8204097,Ludwig-Maximilians-Universität München,weak,31190.25,https://ror.org/05591te55
806,I187531555,Lund University,exact,378976.9,https://ror.org/012a77v79
807,I2802017950,Vlaams Instituut voor Biotechnologie,weak,24067.06,https://ror.org/03xrhmk39
808,I3129555431,University Hospital Regensburg,exact,117256.445,https://ror.org/01226dv09
809,,,none,,
810,I28166907,Karolinska Institutet,exact,61562.074,https://ror.org/056d84691
811,I133731052,University of Helsinki,exact,368817.44,https://ror.org/040af2s02
812,I2801952686,Erasmus MC,exact,65992.836,https://ror.org/018906e22
813,I3018483916,University Medical Center Utrecht,exact,379439.4,https://ror.org/0575yy874
814,I4432739,University of Bergen,exact,243454.16,https://ror.org/03zga2b32
815,I187531555,Lund University,exact,378976.9,https://ror.org/012a77v79
816,I4210136987,St. Anne's University Hospital Brno,exact,81390.695,https://ror.org/049bjee35
817,,,none,,
818,I2802164966,University Hospital Heidelberg,fuzzy,106186.625,https://ror.org/013czdx64
819,I150540706,University of Veterinary Medicine Vienna,fuzzy,31846.99,https://ror.org/01w6qp003
820,I53964585,Weizmann Institute of Science,fuzzy,256521.75,https://ror.org/0316ej306
821,,,none,,
822,I189158943,University of Milan,exact,360040.97,https://ror.org/00wjc7c48
823,I154387261,Vita-Salute San Raffaele University,exact,391475.53,https://ror.org/01gmqr298
824,I4210112713,University Hospital Schleswig-Holstein,fuzzy,214310.25,https://ror.org/01tvm6f46
825,I891191580,Aalborg University,exact,181944.95,https://ror.org/04m5j1k67
826,I8204097,Ludwig-Maximilians-Universität München,weak,31190.25,https://ror.org/05591te55
827,I2802934949,Radboud University Medical Center,exact,365017.7,https://ror.org/05wg1m734
828,I4388891777,St. Anna Children's Cancer Research Institute,fuzzy,17926.865,https://ror.org/05bd7c383
829,I174306211,Technion – Israel Institute of Technology,exact,341636.5,https://ror.org/03qryx823
830,I2801349226,Leibniz Institute of Photonic Technology,fuzzy,75649.016,https://ror.org/02se0t636
831,I17937529,German Cancer Research Center,exact,324796.2,https://ror.org/04cdgtt98
832,I71999127,Universitat de Barcelona,exact,38764.41,https://ror.org/021018s57
833,I134820265,Consejo Superior de Investigaciones Científicas,fuzzy,31067.223,https://ror.org/02gfc7t72
834,,,none,,
835,I188760350,Ollscoil na Gaillimhe – University of Galway,exact,21279.994,https://ror.org/03bea9k73
836,I13955877,Bar-Ilan University,exact,249102.6,https://ror.org/03kgsv495
837,,,none,,
838,I1334415907,University Medical Center Groningen,exact,336571.06,https://ror.org/03cv38k47
839,I165368041,University of Iceland,exact,130279.26,https://ror.org/01db6h964
840,I16391192,Tel Aviv University,exact,529300.0,https://ror.org/04mhzgx49
841,I2802017950,Vlaams Instituut voor Biotechnologie,weak,24067.06,https://ror.org/03xrhmk39
842,,,none,,
843,,,none,,
844,I32597200,Ghent University,exact,332866.03,https://ror.org/00cv9y106
845,,,none,,
846,I71999127,Universitat de Barcelona,exact,38764.41,https://ror.org/021018s57
847,,,none,,
848,I34809795,Medizinische Hochschule Hannover,exact,40587.992,https://ror.org/00f2yqf98
849,I187531555,Lund University,exact,378976.9,https://ror.org/012a77v79
850,I154526488,Inserm,weak,49376.336,https://ror.org/02vjkv261
851,I2800006345,Leiden University Medical Center,exact,358705.56,https://ror.org/05xvt9f17
852,I16391192,Tel Aviv University,exact,529300.0,https://ror.org/04mhzgx49
853,I4210120689,Universitätsklinikum Aachen,exact,14936.574,https://ror.org/02gm5zw39
854,I125523173,Institute of Molecular Biotechnology,weak,81633.48,https://ror.org/01zqrxf85
855,I1334415907,University Medical Center Groningen,exact,336571.06,https://ror.org/03cv38k47
856,I28166907,Karolinska Institutet,exact,61562.074,https://ror.org/056d84691
857,I4210127611,CeMM Research Center for Molecular Medicine,fuzzy,36781.23,https://ror.org/02z2dfb58
858,I99464096,KU Leuven,exact,75807.95,https://ror.org/05f950310
859,I16391192,Tel Aviv University,exact,529300.0,https://ror.org/04mhzgx49
860,I123387679,Uppsala University,exact,353079.12,https://ror.org/048a87296
861,,,none,,
862,I2802934949,Radboud University Medical Center,exact,365017.7,https://ror.org/05wg1m734
863,I17937529,German Cancer Research Center,exact,324796.2,https://ror.org/04cdgtt98
864,,,none,,
865,I133731052,University of Helsinki,exact,368817.44,https://ror.org/040af2s02
866,I202697423,University of Zurich,exact,350629.0,https://ror.org/02crff812
867,I32597200,Ghent University,exact,332866.03,https://ror.org/00cv9y106
868,I134820265,Consejo Superior de Investigaciones Científicas,fuzzy,31067.223,https://ror.org/02gfc7t72
869,I154526488,Inserm,weak,49376.336,https://ror.org/02vjkv261
870,I154526488,Inserm,weak,49376.336,https://ror.org/02vjkv261
871,I28166907,Karolinska Institutet,exact,61562.074,https://ror.org/056d84691
872,,,none,,
873,I2802934949,Radboud University Medical Center,exact,365017.7,https://ror.org/05wg1m734
874,,,none,,
875,I34352273,Maastricht University,exact,286442.2,https://ror.org/02jz4aj89
876,,,none,,
877,I45129253,University College London,exact,628804.7,https://ror.org/02jx3x895
878,I4210120689,Universitätsklinikum Aachen,exact,14936.574,https://ror.org/02gm5zw39
879,I28407311,University of Manchester,exact,395875.12,https://ror.org/027m9bs27
880,I184942183,University of Oslo,exact,303018.66,https://ror.org/01xtthb56
881,I183935753,King's College London,exact,542667.9,https://ror.org/0220mzb33
882,I2802934949,Radboud University Medical Center,exact,365017.7,https://ror.org/05wg1m734
883,I881427289,University of Gothenburg,exact,304493.62,https://ror.org/01tm6cn81
884,I3018483916,University Medical Center Utrecht,exact,379439.4,https://ror.org/0575yy874
885,I189158943,University of Milan,exact,360040.97,https://ror.org/00wjc7c48
886,I166337079,Queen Mary University of London,fuzzy,30073.516,https://ror.org/026zzn846
887,I28166907,Karolinska Institutet,exact,61562.074,https://ror.org/056d84691
888,I34809795,Medizinische Hochschule Hannover,exact,40587.992,https://ror.org/00f2yqf98
889,I32597200,Ghent University,exact,332866.03,https://ror.org/00cv9y106
890,,,none,,
891,I2809107791,Spanish National Centre for Cardiovascular Research,fuzzy,79934.38,https://ror.org/02qs1a797
892,I132053463,Université Libre de Bruxelles,weak,123523.0,https://ror.org/01r9htc13
893,I1294671590,Centre National de la Recherche Scientifique,fuzzy,165431.84,https://ror.org/02feahw73
894,I28166907,Karolinska Institutet,exact,61562.074,https://ror.org/056d84691
895,I2801952686,Erasmus MC,exact,65992.836,https://ror.org/018906e22
896,I1850255,University of Basel,exact,243737.62,https://ror.org/02s6k3f65
897,I53964585,Weizmann Institute of Science,fuzzy,256521.75,https://ror.org/0316ej306
898,I174306211,Technion – Israel Institute of Technology,exact,341636.5,https://ror.org/03qryx823
899,I88155538,Universidad de Navarra,exact,20412.717,https://ror.org/02rxc7m23
900,I187531555,Lund University,exact,378976.9,https://ror.org/012a77v79
901,I183935753,King's College London,exact,542667.9,https://ror.org/0220mzb33
902,I4210130481,Foundation for the Research and Cure of Lymphoma in Ticino,exact,80.93389,https://ror.org/03axjke18
903,I3018483916,University Medical Center Utrecht,exact,379439.4,https://ror.org/0575yy874
904,,,none,,
905,,,none,,
906,I174306211,Technion – Israel Institute of Technology,exact,341636.5,https://ror.org/03qryx823
907,I28166907,Karolinska Institutet,exact,61562.074,https://ror.org/056d84691
908,,,none,,
909,I28166907,Karolinska Institutet,exact,61562.074,https://ror.org/056d84691
910,I1294671590,Centre National de la Recherche Scientifique,fuzzy,165431.84,https://ror.org/02feahw73
911,I187531555,Lund University,exact,378976.9,https://ror.org/012a77v79
912,I1294671590,Centre National de la Recherche Scientifique,fuzzy,165431.84,https://ror.org/02feahw73
913,I187531555,Lund University,exact,378976.9,https://ror.org/012a77v79
914,,,none,,
915,I34809795,Medizinische Hochschule Hannover,exact,40587.992,https://ror.org/00f2yqf98
916,I2800006345,Leiden University Medical Center,exact,358705.56,https://ror.org/05xvt9f17
917,I55143463,University of Turin,exact,288075.34,https://ror.org/048tbm396
918,I53964585,Weizmann Institute of Science,fuzzy,256521.75,https://ror.org/0316ej306
919,I28166907,Karolinska Institutet,exact,61562.074,https://ror.org/056d84691
920,I27483092,University of Perugia,exact,216089.27,https://ror.org/00x27da85
921,I3018483916,University Medical Center Utrecht,exact,379439.4,https://ror.org/0575yy874
922,I5124864,École Polytechnique Fédérale de Lausanne,fuzzy,30682.26,https://ror.org/02s376052
923,I181231927,National University of Ireland,weak,74353.99,https://ror.org/00shsf120
924,I133731052,University of Helsinki,exact,368817.44,https://ror.org/040af2s02
925,I98677209,University of Edinburgh,exact,396567.03,https://ror.org/01nrxwf90
926,I2800006345,Leiden University Medical Center,exact,358705.56,https://ror.org/05xvt9f17
927,I187531555,Lund University,exact,378976.9,https://ror.org/012a77v79
928,I133731052,University of Helsinki,exact,368817.44,https://ror.org/040af2s02
929,I8204097,Ludwig-Maximilians-Universität München,weak,31190.25,https://ror.org/05591te55
930,I165368041,University of Iceland,exact,130279.26,https://ror.org/01db6h964
931,I94624287,University of Twente,exact,208033.81,https://ror.org/006hf6230
932,I28407311,University of Manchester,exact,395875.12,https://ror.org/027m9bs27
933,I28166907,Karolinska Institutet,exact,61562.074,https://ror.org/056d84691
934,I2801240073,University Medical Center Freiburg,exact,212013.92,https://ror.org/03vzbgh69
935,,,none,,
936,I1294671590,Centre National de la Recherche Scientifique,fuzzy,165431.84,https://ror.org/02feahw73
937,I187531555,Lund University,exact,378976.9,https://ror.org/012a77v79
938,I197251160,Hebrew University of Jerusalem,exact,375981.75,https://ror.org/03qxff017
939,I161103922,Philipps University of Marburg,fuzzy,207014.64,https://ror.org/01rdrb571
940,I202697423,University of Zurich,exact,350629.0,https://ror.org/02crff812
941,I881427289,University of Gothenburg,exact,304493.62,https://ror.org/01tm6cn81
942,I133731052,University of Helsinki,exact,368817.44,https://ror.org/040af2s02
943,I28166907,Karolinska Institutet,exact,61562.074,https://ror.org/056d84691
944,I124055696,University of Copenhagen,exact,402602.5,https://ror.org/035b05819
945,I118564535,University of Bern,exact,287583.72,https://ror.org/02k7v4d05
946,I878454856,Hasselt University,exact,107231.74,https://ror.org/04nbhqj75
947,I124055696,University of Copenhagen,exact,402602.5,https://ror.org/035b05819
948,I3018483916,University Medical Center Utrecht,exact,379439.4,https://ror.org/0575yy874
949,I100930933,University College Dublin,fuzzy,21812.613,https://ror.org/05m7pjf47
950,I154526488,Inserm,weak,49376.336,https://ror.org/02vjkv261
951,I187531555,Lund University,exact,378976.9,https://ror.org/012a77v79
952,I241749,University of Cambridge,exact,532775.94,https://ror.org/013meh722
953,I99464096,KU Leuven,exact,75807.95,https://ror.org/05f950310
954,I80043,Institut Curie,fuzzy,11478.1455,https://ror.org/04t0gwh46
955,I2801952686,Erasmus MC,exact,65992.836,https://ror.org/018906e22
956,I174306211,Technion – Israel Institute of Technology,exact,341636.5,https://ror.org/03qryx823
957,I241749,University of Cambridge,exact,532775.94,https://ror.org/013meh722
958,,,none,,
959,I3018483916,University Medical Center Utrecht,exact,379439.4,https://ror.org/0575yy874
960,I16391192,Tel Aviv University,exact,529300.0,https://ror.org/04mhzgx49
961,I4210108711,University Medical Center Hamburg-Eppendorf,exact,395860.03,https://ror.org/01zgy1s35
962,I2801952686,Erasmus MC,exact,65992.836,https://ror.org/018906e22
963,I32597200,Ghent University,exact,332866.03,https://ror.org/00cv9y106
964,I30771326,Italian Institute of Technology,exact,141176.92,https://ror.org/042t93s57
965,I28166907,Karolinska Institutet,exact,61562.074,https://ror.org/056d84691
966,,,none,,
967,I183935753,King's College London,exact,542667.9,https://ror.org/0220mzb33
968,I241749,University of Cambridge,exact,532775.94,https://ror.org/013meh722
969,I187531555,Lund University,exact,378976.9,https://ror.org/012a77v79
970,I158937107,Swiss Tropical and Public Health Institute,exact,144564.53,https://ror.org/03adhka07
971,I34352273,Maastricht University,exact,286442.2,https://ror.org/02jz4aj89
972,I189158943,University of Milan,exact,360040.97,https://ror.org/00wjc7c48
973,I189158943,University of Milan,exact,360040.97,https://ror.org/00wjc7c48
974,I2802017950,Vlaams Instituut voor Biotechnologie,weak,24067.06,https://ror.org/03xrhmk39
975,I27483092,University of Perugia,exact,216089.27,https://ror.org/00x27da85
976,I1333353642,Norwegian Institute of Public Health,exact,128834.766,https://ror.org/046nvst19
977,I138689650,University of Padua,exact,391372.62,https://ror.org/00240q980
978,I138689650,University of Padua,exact,391372.62,https://ror.org/00240q980
979,I124055696,University of Copenhagen,exact,402602.5,https://ror.org/035b05819
980,I28166907,Karolinska Institutet,exact,61562.074,https://ror.org/056d84691
981,I86987016,KTH Royal Institute of Technology,fuzzy,121966.055,https://ror.org/026vcq606
982,I4387155398,Vall d'Hebron Institute of Oncology,exact,115968.836,https://ror.org/054xx3904
983,I16391192,Tel Aviv University,exact,529300.0,https://ror.org/04mhzgx49
984,I84884186,Newcastle University,fuzzy,41579.75,https://ror.org/01kj2bm70
985,,,none,,
986,I5124864,École Polytechnique Fédérale de Lausanne,fuzzy,30682.26,https://ror.org/02s376052
987,,,none,,
988,I145872427,Radboud University Nijmegen,exact,690368.0,https://ror.org/016xsfp80
989,I166337079,Queen Mary University of London,fuzzy,30073.516,https://ror.org/026zzn846
990,I40120149,University of Oxford,exact,569785.9,https://ror.org/052gg0110
991,I1294671590,Centre National de la Recherche Scientifique,fuzzy,165431.84,https://ror.org/02feahw73
992,I187531555,Lund University,exact,378976.9,https://ror.org/012a77v79
993,I187531555,Lund University,exact,378976.9,https://ror.org/012a77v79
994,I241749,University of Cambridge,exact,532775.94,https://ror.org/013meh722
995,I98677209,University of Edinburgh,exact,396567.03,https://ror.org/01nrxwf90
996,I40120149,University of Oxford,exact,569785.9,https://ror.org/052gg0110
997,I241749,University of Cambridge,exact,532775.94,https://ror.org/013meh722
998,I36234482,University of Bristol,exact,336861.22,https://ror.org/0524sp257
999,I74656192,University of Göttingen,exact,297212.0,https://ror.org/01y9bpm73
1000,I2802697327,Senckenberg - Leibniz Institution for Biodiversity and Earth System Research,exact,6442.76,https://ror.org/00xmqmx64
1001,,,none,,
1002,I4210137962,Centre for Genomic Regulation,exact,202428.42,https://ror.org/03wyzt892
1003,I4387154544,Institut National de la Recherche Agronomique,exact,542.099,https://ror.org/01x3gbx83
1004,I241749,University of Cambridge,exact,532775.94,https://ror.org/013meh722
1005,I23923803,University of Exeter,exact,225284.75,https://ror.org/03yghzc09
1006,I154526488,Inserm,weak,49376.336,https://ror.org/02vjkv261
1007,I16391192,Tel Aviv University,exact,529300.0,https://ror.org/04mhzgx49
1008,I129774422,University of Vienna,exact,231053.86,https://ror.org/03prydq77
1009,I204778367,Norwegian University of Science and Technology,exact,260490.53,https://ror.org/05xg72x27
1010,I187531555,Lund University,exact,378976.9,https://ror.org/012a77v79
1011,I4210164740,"Czech Academy of Sciences, Biology Centre",exact,4821.525,https://ror.org/05pq4yn02
1012,I1294671590,Centre National de la Recherche Scientifique,fuzzy,165431.84,https://ror.org/02feahw73
1013,I53964585,Weizmann Institute of Science,fuzzy,256521.75,https://ror.org/0316ej306
1014,I1294671590,Centre National de la Recherche Scientifique,fuzzy,165431.84,https://ror.org/02feahw73
1015,I100288624,John Innes Centre,weak,218755.22,https://ror.org/055zmrh94
1016,I32597200,Ghent University,exact,332866.03,https://ror.org/00cv9y106
1017,I149899117,Max Planck Society,exact,481286.8,https://ror.org/01hhn8329
1018,I197323543,Johannes Gutenberg University Mainz,weak,41263.29,https://ror.org/023b0x485
1019,I1322597698,Royal Netherlands Academy of Arts and Sciences,exact,117144.875,https://ror.org/043c0p156
1020,I123387679,Uppsala University,exact,353079.12,https://ror.org/048a87296
1021,,,none,,
1022,I1294671590,Centre National de la Recherche Scientifique,fuzzy,165431.84,https://ror.org/02feahw73
1023,I134820265,Consejo Superior de Investigaciones Científicas,fuzzy,31067.223,https://ror.org/02gfc7t72
1024,I1294671590,Centre National de la Recherche Scientifique,fuzzy,165431.84,https://ror.org/02feahw73
1025,I129774422,University of Vienna,exact,231053.86,https://ror.org/03prydq77
1026,I21250087,Charles University,fuzzy,15146.773,https://ror.org/024d6js02
1027,I123387679,Uppsala University,exact,353079.12,https://ror.org/048a87296
1028,I4210112713,University Hospital Schleswig-Holstein,fuzzy,214310.25,https://ror.org/01tvm6f46
1029,I4210100913,Institute of Agrifood Research and Technology,weak,76469.88,https://ror.org/012zh9h13
1030,I193662353,Utrecht University,exact,376452.06,https://ror.org/04pp8hn57
1031,I133731052,University of Helsinki,exact,368817.44,https://ror.org/040af2s02
1032,I3133086891,Hochschule für Angewandte Wissenschaften Kiel,weak,3357.3535,https://ror.org/03q0ab227
1033,I2800351701,HUN-REN Szegedi Biológiai Kutatóközpont,weak,5309.424,https://ror.org/016gb1631
1034,I4210164740,"Czech Academy of Sciences, Biology Centre",exact,4821.525,https://ror.org/05pq4yn02
1035,I134820265,Consejo Superior de Investigaciones Científicas,fuzzy,31067.223,https://ror.org/02gfc7t72
1036,,,none,,
1037,I99464096,KU Leuven,exact,75807.95,https://ror.org/05f950310
1038,I3133086891,Hochschule für Angewandte Wissenschaften Kiel,weak,3357.3535,https://ror.org/03q0ab227
1039,,,none,,
1040,I149899117,Max Planck Society,exact,481286.8,https://ror.org/01hhn8329
1041,I1294671590,Centre National de la Recherche Scientifique,fuzzy,165431.84,https://ror.org/02feahw73
1042,I1294671590,Centre National de la Recherche Scientifique,fuzzy,165431.84,https://ror.org/02feahw73
1043,I134820265,Consejo Superior de Investigaciones Científicas,fuzzy,31067.223,https://ror.org/02gfc7t72
1044,,,none,,
1045,I1294671590,Centre National de la Recherche Scientifique,fuzzy,165431.84,https://ror.org/02feahw73
1046,I205984670,Czech University of Life Sciences Prague,exact,118770.766,https://ror.org/0415vcw02
1047,I1322597698,Royal Netherlands Academy of Arts and Sciences,exact,117144.875,https://ror.org/043c0p156
1048,I189712700,University of Konstanz,exact,163886.89,https://ror.org/0546hnb39
1049,I141596103,University of Lisbon,weak,223011.98,https://ror.org/01c27hj86
1050,I184942183,University of Oslo,exact,303018.66,https://ror.org/01xtthb56
1051,I187531555,Lund University,exact,378976.9,https://ror.org/012a77v79
1052,I71999127,Universitat de Barcelona,exact,38764.41,https://ror.org/021018s57
1053,I193223587,University of Trento,exact,167551.7,https://ror.org/05trd4x28
1054,I177969490,University of Southern Denmark,exact,212614.42,https://ror.org/03yrrjy16
1055,I1295562517,Naturalis Biodiversity Center,exact,84126.3,https://ror.org/0566bfb96
1056,I100930933,University College Dublin,fuzzy,21812.613,https://ror.org/05m7pjf47
1057,I56085075,University of Tartu,exact,173324.9,https://ror.org/03z77qz90
1058,I123387679,Uppsala University,exact,353079.12,https://ror.org/048a87296
1059,I3133086891,Hochschule für Angewandte Wissenschaften Kiel,weak,3357.3535,https://ror.org/03q0ab227
1060,,,none,,
1061,I123044942,Universitat Autònoma de Barcelona,exact,39540.395,https://ror.org/052g8jq94
1062,I183935753,King's College London,exact,542667.9,https://ror.org/0220mzb33
1063,I1294671590,Centre National de la Recherche Scientifique,fuzzy,165431.84,https://ror.org/02feahw73
1064,I16391192,Tel Aviv University,exact,529300.0,https://ror.org/04mhzgx49
1065,I124055696,University of Copenhagen,exact,402602.5,https://ror.org/035b05819
1066,I204778367,Norwegian University of Science and Technology,exact,260490.53,https://ror.org/05xg72x27
1067,I35440088,ETH Zurich,fuzzy,59592.008,https://ror.org/05a28rw58
1068,I1850255,University of Basel,exact,243737.62,https://ror.org/02s6k3f65
1069,,,none,,
1070,,,none,,
1071,I2800262456,"Swiss Federal Institute for Forest, Snow and Landscape Research",fuzzy,191002.16,https://ror.org/04bs5yc70
1072,I1294671590,Centre National de la Recherche Scientifique,fuzzy,165431.84,https://ror.org/02feahw73
1073,I181231927,National University of Ireland,weak,74419.195,https://ror.org/00shsf120
1074,I40120149,University of Oxford,exact,569785.9,https://ror.org/052gg0110
1075,I35440088,ETH Zurich,fuzzy,59592.008,https://ror.org/05a28rw58
1076,I1118541,University of East Anglia,exact,262053.36,https://ror.org/026k5mg93
1077,I197251160,Hebrew University of Jerusalem,exact,375981.75,https://ror.org/03qxff017
1078,I196349391,Universität Ulm,exact,35018.91,https://ror.org/032000t02
1079,,,none,,
1080,I4210107832,Ernst Abbe University of Applied Sciences Jena,weak,5637.472,https://ror.org/01rfnc002
1081,I8204097,Ludwig-Maximilians-Universität München,weak,31190.25,https://ror.org/05591te55
1082,I4210166444,Institut de Recherche pour le Développement,weak,6596.1,https://ror.org/05q3vnk25
1083,,,none,,
1084,I91136226,University of Sheffield,exact,321924.84,https://ror.org/05krs5044
1085,I97565354,University of Lausanne,exact,250802.06,https://ror.org/019whta54
1086,I124227911,Ben-Gurion University of the Negev,exact,387759.6,https://ror.org/05tkyf982
1087,I149899117,Max Planck Society,exact,481286.8,https://ror.org/01hhn8329
1088,I298625061,Swedish University of Agricultural Sciences,exact,230633.55,https://ror.org/02yy8x990
1089,I40120149,University of Oxford,exact,569785.9,https://ror.org/052gg0110
1090,I187531555,Lund University,exact,378976.9,https://ror.org/012a77v79
1091,I1294671590,Centre National de la Recherche Scientifique,fuzzy,165431.84,https://ror.org/02feahw73
1092,,,none,,
1093,I129774422,University of Vienna,exact,231053.86,https://ror.org/03prydq77
1094,,,none,,
1095,I913481162,Wageningen University & Research,fuzzy,288460.2,https://ror.org/04qw24q55
1096,I129774422,University of Vienna,exact,231053.86,https://ror.org/03prydq77
1097,I149899117,Max Planck Society,exact,481286.8,https://ror.org/01hhn8329
1098,I146655781,University of Liverpool,exact,324348.12,https://ror.org/04xs57h96
1099,I187531555,Lund University,exact,378976.9,https://ror.org/012a77v79
1100,I21250087,Charles University,fuzzy,15146.773,https://ror.org/024d6js02
1101,I53964585,Weizmann Institute of Science,fuzzy,256521.75,https://ror.org/0316ej306
1102,,,none,,
1103,I124055696,University of Copenhagen,exact,402602.5,https://ror.org/035b05819
1104,I205274468,Trinity College Dublin,exact,319291.9,https://ror.org/02tyrky19
1105,I1294671590,Centre National de la Recherche Scientifique,fuzzy,165431.84,https://ror.org/02feahw73
1106,I157556583,Institute of Science and Technology Austria,exact,61168.43,https://ror.org/03gnh5541
1107,,,none,,
1108,I189158943,University of Milan,exact,360040.97,https://ror.org/00wjc7c48
1109,,,none,,
1110,I68947357,Université de Strasbourg,exact,27748.521,https://ror.org/00pg6eq24
1111,I16835326,University of St Andrews,exact,228166.6,https://ror.org/02wn5qz54
1112,,,none,,
1113,I84884186,Newcastle University,fuzzy,41579.75,https://ror.org/01kj2bm70
1114,I39555362,University of Warwick,exact,259869.52,https://ror.org/01a77tt86
1115,I1294671590,Centre National de la Recherche Scientifique,fuzzy,165431.84,https://ror.org/02feahw73
1116,I1118541,University of East Anglia,exact,262053.36,https://ror.org/026k5mg93
1117,I241749,University of Cambridge,exact,532775.94,https://ror.org/013meh722
1118,I184942183,University of Oslo,exact,303018.66,https://ror.org/01xtthb56
1119,I16391192,Tel Aviv University,exact,529300.0,https://ror.org/04mhzgx49
1120,I99464096,KU Leuven,exact,75807.95,https://ror.org/05f950310
1121,I202697423,University of Zurich,exact,350629.0,https://ror.org/02crff812
1122,I2799803557,Barcelona Supercomputing Center,exact,112248.97,https://ror.org/05sd8tv96
1123,I132053463,Université Libre de Bruxelles,weak,123523.0,https://ror.org/01r9htc13
1124,I16097986,Universitat de València,exact,34157.383,https://ror.org/043nxc105
1125,I1294671590,Centre National de la Recherche Scientifique,fuzzy,165431.84,https://ror.org/02feahw73
1126,I202697423,University of Zurich,exact,350629.0,https://ror.org/02crff812
1127,,,none,,
1128,I1294671590,Centre National de la Recherche Scientifique,fuzzy,165431.84,https://ror.org/02feahw73
1129,I35440088,ETH Zurich,fuzzy,59592.008,https://ror.org/05a28rw58
1130,I23923803,University of Exeter,exact,225284.75,https://ror.org/03yghzc09
1131,I40120149,University of Oxford,exact,569785.9,https://ror.org/052gg0110
1132,I1294671590,Centre National de la Recherche Scientifique,fuzzy,165431.84,https://ror.org/02feahw73
1133,I25217355,University of Pavia,exact,233921.84,https://ror.org/00s6t1f81
1134,I36234482,University of Bristol,exact,336861.22,https://ror.org/0524sp257
1135,I197251160,Hebrew University of Jerusalem,exact,375981.75,https://ror.org/03qxff017
1136,I53964585,Weizmann Institute of Science,fuzzy,256521.75,https://ror.org/0316ej306
1137,I180923762,University of Cologne,weak,13310.07,https://ror.org/00rcxh774
1138,I130194489,University of Alicante,exact,126615.16,https://ror.org/05t8bcz72
1139,I1294671590,Centre National de la Recherche Scientifique,fuzzy,165431.84,https://ror.org/02feahw73
1140,I134820265,Consejo Superior de Investigaciones Científicas,fuzzy,31067.223,https://ror.org/02gfc7t72
1141,I155660961,University of Turku,exact,205834.64,https://ror.org/05vghhr25
1142,I146655781,University of Liverpool,exact,324348.12,https://ror.org/04xs57h96
1143,I1294671590,Centre National de la Recherche Scientifique,fuzzy,165431.84,https://ror.org/02feahw73
1144,I4432739,University of Bergen,exact,243454.16,https://ror.org/03zga2b32
1145,I241749,University of Cambridge,exact,532775.94,https://ror.org/013meh722
1146,I23923803,University of Exeter,exact,225284.75,https://ror.org/03yghzc09
1147,I1294671590,Centre National de la Recherche Scientifique,fuzzy,165431.84,https://ror.org/02feahw73
1148,I174306211,Technion – Israel Institute of Technology,exact,341636.5,https://ror.org/03qryx823
1149,I2800351701,HUN-REN Szegedi Biológiai Kutatóközpont,weak,5309.424,https://ror.org/016gb1631
1150,I40120149,University of Oxford,exact,569785.9,https://ror.org/052gg0110
1151,I123387679,Uppsala University,exact,353079.12,https://ror.org/048a87296
1152,I161046081,University of Freiburg,exact,333178.88,https://ror.org/0245cg223
1153,I1850255,University of Basel,exact,243737.62,https://ror.org/02s6k3f65
1154,I23923803,University of Exeter,exact,225284.75,https://ror.org/03yghzc09
1155,I241749,University of Cambridge,exact,532775.94,https://ror.org/013meh722
1156,I181231927,National University of Ireland,weak,74419.195,https://ror.org/00shsf120
1157,I149899117,Max Planck Society,exact,481286.8,https://ror.org/01hhn8329
1158,I39804081,Sorbonne Université,exact,73100.87,https://ror.org/02en5vm52
1159,I4210086570,Heidelberg University of Education,fuzzy,8563.61,https://ror.org/0044w3h23
1160,I1294671590,Centre National de la Recherche Scientifique,fuzzy,165431.84,https://ror.org/02feahw73
1161,I40120149,University of Oxford,exact,569785.9,https://ror.org/052gg0110
1162,I6289922,Universidade de Vigo,exact,18243.129,https://ror.org/05rdf8595
1163,I170486558,Universitat Pompeu Fabra,exact,43511.164,https://ror.org/04n0g0b29
1164,I1294671590,Centre National de la Recherche Scientifique,fuzzy,165431.84,https://ror.org/02feahw73
1165,I91136226,University of Sheffield,exact,321924.84,https://ror.org/05krs5044
1166,I1294671590,Centre National de la Recherche Scientifique,fuzzy,165431.84,https://ror.org/02feahw73
1167,I4387154544,Institut National de la Recherche Agronomique,exact,542.099,https://ror.org/01x3gbx83
1168,I5124864,École Polytechnique Fédérale de Lausanne,fuzzy,30682.26,https://ror.org/02s376052
1169,I35440088,ETH Zurich,fuzzy,59592.008,https://ror.org/05a28rw58
1170,I123387679,Uppsala University,exact,353079.12,https://ror.org/048a87296
1171,I4210147769,Institute for Bioengineering of Catalonia,exact,74720.42,https://ror.org/056h71x09
1172,I30771326,Italian Institute of Technology,exact,141176.92,https://ror.org/042t93s57
1173,,,none,,
1174,I28166907,Karolinska Institutet,exact,61562.074,https://ror.org/056d84691
1175,I204337017,Aarhus University,exact,286607.8,https://ror.org/01aj84f44
1176,I16391192,Tel Aviv University,exact,529300.0,https://ror.org/04mhzgx49
1177,I28166907,Karolinska Institutet,exact,61562.074,https://ror.org/056d84691
1178,I149899117,Max Planck Society,exact,481286.8,https://ror.org/01hhn8329
1179,I4210145889,"Czech Academy of Sciences, Institute of Organic Chemistry and Biochemistry",exact,10046.319,https://ror.org/04nfjn472
1180,I184942183,University of Oslo,exact,303018.66,https://ror.org/01xtthb56
1181,I75356249,Hochschule Düsseldorf University of Applied Sciences,weak,7414.5063,https://ror.org/00ftx0026
1182,I197251160,Hebrew University of Jerusalem,exact,375981.75,https://ror.org/03qxff017
1183,I169381384,University of Groningen,exact,390846.1,https://ror.org/012p63287
1184,,,none,,
1185,I95674353,UCLouvain,fuzzy,33728.004,https://ror.org/02495e989
1186,I56085075,University of Tartu,exact,173324.9,https://ror.org/03z77qz90
1187,I298625061,Swedish University of Agricultural Sciences,exact,230633.55,https://ror.org/02yy8x990
1188,I134820265,Consejo Superior de Investigaciones Científicas,fuzzy,31067.223,https://ror.org/02gfc7t72
1189,I8901234,Foundation for Research and Technology Hellas,exact,128927.9,https://ror.org/052rphn09
1190,I4210086570,Heidelberg University of Education,fuzzy,8563.61,https://ror.org/0044w3h23
1191,I170486558,Universitat Pompeu Fabra,exact,43511.164,https://ror.org/04n0g0b29
1192,I200284239,Universidade de Santiago de Compostela,exact,39960.39,https://ror.org/030eybx10
1193,I197251160,Hebrew University of Jerusalem,exact,375981.75,https://ror.org/03qxff017
1194,I4210107832,Ernst Abbe University of Applied Sciences Jena,weak,5637.472,https://ror.org/01rfnc002
1195,I53964585,Weizmann Institute of Science,fuzzy,256521.75,https://ror.org/0316ej306
1196,I16097986,Universitat de València,exact,34157.383,https://ror.org/043nxc105
1197,I134820265,Consejo Superior de Investigaciones Científicas,fuzzy,31067.223,https://ror.org/02gfc7t72
1198,I174306211,Technion – Israel Institute of Technology,exact,341636.5,https://ror.org/03qryx823
1199,I149899117,Max Planck Society,exact,481286.8,https://ror.org/01hhn8329
1200,I204730241,Université Paris Cité,exact,57428.344,https://ror.org/05f82e368
1201,I157536573,Institut Pasteur,exact,36066.547,https://ror.org/0495fxg12
1202,I298625061,Swedish University of Agricultural Sciences,exact,230633.55,https://ror.org/02yy8x990
1203,I134820265,Consejo Superior de Investigaciones Científicas,fuzzy,31067.223,https://ror.org/02gfc7t72
1204,I8087733,University of Tübingen,exact,304372.66,https://ror.org/03a1kwz48
1205,I171892758,Forschungszentrum Jülich,exact,45283.65,https://ror.org/02nv7yv05
1206,I177639307,University of Dundee,exact,212539.11,https://ror.org/03h2bxq36
1207,I84884186,Newcastle University,fuzzy,41579.75,https://ror.org/01kj2bm70
1208,I121797337,Leiden University,exact,288571.72,https://ror.org/027bh9e22
1209,I4210147769,Institute for Bioengineering of Catalonia,exact,74720.42,https://ror.org/056h71x09
1210,I189991,"University of Veterinary Medicine Hannover, Foundation",weak,20955.928,https://ror.org/015qjqf64
1211,I62916508,Technical University of Munich,exact,424323.34,https://ror.org/02kkvpp62
1212,I161046081,University of Freiburg,exact,333178.88,https://ror.org/0245cg223
1213,I75356249,Hochschule Düsseldorf University of Applied Sciences,weak,7414.5063,https://ror.org/00ftx0026
1214,,,none,,
1215,I40120149,University of Oxford,exact,569785.9,https://ror.org/052gg0110
1216,I35440088,ETH Zurich,fuzzy,59592.008,https://ror.org/05a28rw58
1217,I4210111834,Leibniz Institute of Polymer Research,weak,7183.24,https://ror.org/01tspta37
1218,I4210124929,Helmholtz Centre for Infection Research,exact,153015.81,https://ror.org/03d0p2685
1219,I100288624,John Innes Centre,weak,218755.22,https://ror.org/055zmrh94
1220,I132053463,Université Libre de Bruxelles,weak,123523.0,https://ror.org/01r9htc13
1221,I4210162077,Leibniz-Institut für Naturstoff-Forschung und Infektionsbiologie e. V. - Hans-Knöll-Institut (HKI),exact,21357.627,https://ror.org/055s37c97
1222,I62916508,Technical University of Munich,exact,424323.34,https://ror.org/02kkvpp62
1223,I241749,University of Cambridge,exact,532775.94,https://ror.org/013meh722
1224,I149899117,Max Planck Society,exact,481286.8,https://ror.org/01hhn8329
1225,I193662353,Utrecht University,exact,376452.06,https://ror.org/04pp8hn57
1226,I40120149,University of Oxford,exact,569785.9,https://ror.org/052gg0110
1227,I161046081,University of Freiburg,exact,333178.88,https://ror.org/0245cg223
1228,I161046081,University of Freiburg,exact,333178.88,https://ror.org/0245cg223
1229,I204337017,Aarhus University,exact,286607.8,https://ror.org/01aj84f44
1230,I28166907,Karolinska Institutet,exact,61562.074,https://ror.org/056d84691
1231,I53964585,Weizmann Institute of Science,fuzzy,256521.75,https://ror.org/0316ej306
1232,I99464096,KU Leuven,exact,75807.95,https://ror.org/05f950310
1233,I8087733,University of Tübingen,exact,304372.66,https://ror.org/03a1kwz48
1234,I4210087187,CIC biomaGUNE,weak,6582.087,https://ror.org/004g03602
1235,I6820528,Alexander Fleming Biomedical Sciences Research Center,fuzzy,22605.912,https://ror.org/013x0ky90
1236,I187531555,Lund University,exact,378976.9,https://ror.org/012a77v79
1237,I241749,University of Cambridge,exact,532775.94,https://ror.org/013meh722
1238,I180923762,University of Cologne,weak,13310.07,https://ror.org/00rcxh774
1239,,,none,,
1240,I9927081,Aalto University,exact,173380.19,https://ror.org/020hwjq30
1241,I32597200,Ghent University,exact,332866.03,https://ror.org/00cv9y106
1242,I22465464,University of Münster,exact,31950.84,https://ror.org/00pd74e08
1243,I45129253,University College London,exact,628804.7,https://ror.org/02jx3x895
1244,I51532219,University of Lincoln,exact,56607.727,https://ror.org/03yeq9x20
1245,I2802973921,"Federal Department of Economic Affairs, Education and Research",exact,17569.477,https://ror.org/01kw63t33
1246,I176453806,University of Potsdam,exact,139857.58,https://ror.org/03bnmw459
1247,I169381384,University of Groningen,exact,390846.1,https://ror.org/012p63287
1248,I39804081,Sorbonne Université,exact,73100.87,https://ror.org/02en5vm52
1249,I100288624,John Innes Centre,weak,218755.22,https://ror.org/055zmrh94
1250,I92869138,BOKU University,fuzzy,12649.498,https://ror.org/057ff4y42
1251,I913481162,Wageningen University & Research,fuzzy,288460.2,https://ror.org/04qw24q55
1252,I149899117,Max Planck Society,exact,481286.8,https://ror.org/01hhn8329
1253,I149899117,Max Planck Society,exact,481286.8,https://ror.org/01hhn8329
1254,I134820265,Consejo Superior de Investigaciones Científicas,fuzzy,31067.223,https://ror.org/02gfc7t72
1255,I4392738140,University of Nordland,exact,43.870747,https://ror.org/034x1af55
1256,I35440088,ETH Zurich,fuzzy,59592.008,https://ror.org/05a28rw58
1257,,,none,,
1258,I4210127902,Leibniz-Institut für Pflanzengenetik und Kulturpflanzenforschung (IPK),exact,26003.27,https://ror.org/02skbsp27
1259,,,none,,
1260,I204337017,Aarhus University,exact,286607.8,https://ror.org/01aj84f44
1261,I133731052,University of Helsinki,exact,368817.44,https://ror.org/040af2s02
1262,I98358874,Delft University of Technology,exact,336248.8,https://ror.org/02e2c7k09
1263,I9927081,Aalto University,exact,173380.19,https://ror.org/020hwjq30
1264,I98358874,Delft University of Technology,exact,336248.8,https://ror.org/02e2c7k09
1265,I7882870,University of Glasgow,exact,376363.0,https://ror.org/00vtgdb53
1266,I177969490,University of Southern Denmark,exact,212614.42,https://ror.org/03yrrjy16
1267,,,none,,
1268,I23923803,University of Exeter,exact,225284.75,https://ror.org/03yghzc09
1269,I1294671590,Centre National de la Recherche Scientifique,fuzzy,165431.84,https://ror.org/02feahw73
1270,I4210087187,CIC biomaGUNE,weak,6582.087,https://ror.org/004g03602
1271,I8087733,University of Tübingen,exact,304372.66,https://ror.org/03a1kwz48
1272,I4210129734,"NEIKER, Basque Institute for Agricultural Research and Development",exact,50188.414,https://ror.org/03rf31e64
1273,,,none,,
1274,I40120149,University of Oxford,exact,569785.9,https://ror.org/052gg0110
1275,,,none,,
1276,I135140700,University of Bonn,exact,339605.3,https://ror.org/041nas322
1277,I32597200,Ghent University,exact,332866.03,https://ror.org/00cv9y106
1278,I40120149,University of Oxford,exact,569785.9,https://ror.org/052gg0110
1279,I54009628,University of Bayreuth,exact,156766.92,https://ror.org/0234wmv40
1280,I63664421,Swiss Federal Institute of Aquatic Science and Technology,exact,63540.98,https://ror.org/00pc48d59
1281,I4210145032,Migal - Galilee Technology Center,exact,54092.703,https://ror.org/04kaqnt29
1282,I181647926,University of Strathclyde,exact,207305.19,https://ror.org/00n3w3b69
1283,I190082696,Durham University,exact,34730.715,https://ror.org/01v29qb04
1284,,,none,,
1285,I204730241,Université Paris Cité,exact,57428.344,https://ror.org/05f82e368
1286,I108290504,University of Pisa,exact,306538.62,https://ror.org/03ad39j10
1287,,,none,,
1288,I47508984,Imperial College London,fuzzy,471411.25,https://ror.org/041kmwe10
1289,I40120149,University of Oxford,exact,569785.9,https://ror.org/052gg0110
1290,I39804081,Sorbonne Université,exact,73100.87,https://ror.org/02en5vm52
1291,I176453806,University of Potsdam,exact,139857.58,https://ror.org/03bnmw459
1292,I277688954,Université Paris-Saclay,exact,56784.676,https://ror.org/03xjwb503
1293,,,none,,
1294,I133731052,University of Helsinki,exact,368817.44,https://ror.org/040af2s02
1295,I121797337,Leiden University,exact,288571.72,https://ror.org/027bh9e22
1296,I39804081,Sorbonne Université,exact,73100.87,https://ror.org/02en5vm52
1297,I40120149,University of Oxford,exact,569785.9,https://ror.org/052gg0110
1298,I241749,University of Cambridge,exact,532775.94,https://ror.org/013meh722
1299,I1294671590,Centre National de la Recherche Scientifique,fuzzy,165431.84,https://ror.org/02feahw73
1300,I138689650,University of Padua,exact,391372.62,https://ror.org/00240q980
1301,I124261006,École Supérieure des Sciences Économiques et Commerciales,exact,4326.4404,https://ror.org/02dga6j42
1302,I241749,University of Cambridge,exact,532775.94,https://ror.org/013meh722
1303,I94624287,University of Twente,exact,208033.81,https://ror.org/006hf6230
1304,I99464096,KU Leuven,exact,75807.95,https://ror.org/05f950310
1305,I56435720,Université Paris Dauphine-PSL,exact,10831.259,https://ror.org/052bz7812
1306,I55143463,University of Turin,exact,288075.34,https://ror.org/048tbm396
1307,I138549579,Scuola Internazionale Superiore di Studi Avanzati,fuzzy,18574.277,https://ror.org/004fze387
1308,I861853513,Sapienza University of Rome,exact,544445.06,https://ror.org/02be6w209
1309,I145847075,TU Wien,exact,26474.12,https://ror.org/04d836q62
1310,I116067653,University of Rome Tor Vergata,exact,457244.3,https://ror.org/02p77k626
1311,I71999127,Universitat de Barcelona,exact,38764.41,https://ror.org/021018s57
1312,I197251160,Hebrew University of Jerusalem,exact,375981.75,https://ror.org/03qxff017
1313,I4577782,Technische Universität Berlin,fuzzy,12031.05,https://ror.org/03v4gjf40
1314,I193662353,Utrecht University,exact,376452.06,https://ror.org/04pp8hn57
1315,I133731052,University of Helsinki,exact,368817.44,https://ror.org/040af2s02
1316,,,none,,
1317,I53964585,Weizmann Institute of Science,fuzzy,256521.75,https://ror.org/0316ej306
1318,I66862912,Chalmers University of Technology,exact,226409.05,https://ror.org/040wg7k59
1319,I277688954,Université Paris-Saclay,exact,56784.676,https://ror.org/03xjwb503
1320,I22465464,University of Münster,exact,31950.84,https://ror.org/00pd74e08
1321,I1294671590,Centre National de la Recherche Scientifique,fuzzy,165431.84,https://ror.org/02feahw73
1322,I22465464,University of Münster,exact,31950.84,https://ror.org/00pd74e08
1323,I124055696,University of Copenhagen,exact,402602.5,https://ror.org/035b05819
1324,I8204097,Ludwig-Maximilians-Universität München,weak,31190.25,https://ror.org/05591te55
1325,I16391192,Tel Aviv University,exact,529300.0,https://ror.org/04mhzgx49
1326,I1294671590,Centre National de la Recherche Scientifique,fuzzy,165431.84,https://ror.org/02feahw73
1327,,,none,,
1328,I174306211,Technion – Israel Institute of Technology,exact,341636.5,https://ror.org/03qryx823
1329,I7882870,University of Glasgow,exact,376363.0,https://ror.org/00vtgdb53
1330,I1294671590,Centre National de la Recherche Scientifique,fuzzy,165431.84,https://ror.org/02feahw73
1331,I180923762,University of Cologne,weak,13310.07,https://ror.org/00rcxh774
1332,I86987016,KTH Royal Institute of Technology,fuzzy,121966.055,https://ror.org/026vcq606
1333,I198244214,Université Clermont Auvergne,exact,45779.74,https://ror.org/01a8ajp46
1334,I129774422,University of Vienna,exact,231053.86,https://ror.org/03prydq77
1335,I39555362,University of Warwick,exact,259869.52,https://ror.org/01a77tt86
1336,I16391192,Tel Aviv University,exact,529300.0,https://ror.org/04mhzgx49
1337,I16391192,Tel Aviv University,exact,529300.0,https://ror.org/04mhzgx49
1338,I39804081,Sorbonne Université,exact,73100.87,https://ror.org/02en5vm52
1339,I134820265,Consejo Superior de Investigaciones Científicas,fuzzy,31067.223,https://ror.org/02gfc7t72
1340,I16391192,Tel Aviv University,exact,529300.0,https://ror.org/04mhzgx49
1341,I179225836,University of Augsburg,exact,95757.74,https://ror.org/03p14d497
1342,I39804081,Sorbonne Université,exact,73100.87,https://ror.org/02en5vm52
1343,I98677209,University of Edinburgh,exact,396567.03,https://ror.org/01nrxwf90
1344,I1294671590,Centre National de la Recherche Scientifique,fuzzy,165431.84,https://ror.org/02feahw73
1345,I887064364,University of Amsterdam,exact,380175.53,https://ror.org/04dkp9463
1346,I1294671590,Centre National de la Recherche Scientifique,fuzzy,165431.84,https://ror.org/02feahw73
1347,I149213910,University of Antwerp,exact,241988.78,https://ror.org/008x57b05
1348,I1294671590,Centre National de la Recherche Scientifique,fuzzy,165431.84,https://ror.org/02feahw73
1349,I35440088,ETH Zurich,fuzzy,59592.008,https://ror.org/05a28rw58
1350,I7882870,University of Glasgow,exact,376363.0,https://ror.org/00vtgdb53
1351,I55143463,University of Turin,exact,288075.34,https://ror.org/048tbm396
1352,I133731052,University of Helsinki,exact,368817.44,https://ror.org/040af2s02
1353,I186903577,University of Luxembourg,exact,91592.805,https://ror.org/036x5ad56
1354,I98677209,University of Edinburgh,exact,396567.03,https://ror.org/01nrxwf90
1355,I22465464,University of Münster,exact,31950.84,https://ror.org/00pd74e08
1356,I197251160,Hebrew University of Jerusalem,exact,375981.75,https://ror.org/03qxff017
1357,I35440088,ETH Zurich,fuzzy,59592.008,https://ror.org/05a28rw58
1358,I19894307,Université de Montpellier,exact,36128.824,https://ror.org/051escj72
1359,,,none,,
1360,I124055696,University of Copenhagen,exact,402602.5,https://ror.org/035b05819
1361,I22465464,University of Münster,exact,31950.84,https://ror.org/00pd74e08
1362,,,none,,
1363,I16391192,Tel Aviv University,exact,529300.0,https://ror.org/04mhzgx49
1364,I8204097,Ludwig-Maximilians-Universität München,weak,31190.25,https://ror.org/05591te55
1365,I189158943,University of Milan,exact,360040.97,https://ror.org/00wjc7c48
1366,,,none,,
1367,I45129253,University College London,exact,628804.7,https://ror.org/02jx3x895
1368,I16391192,Tel Aviv University,exact,529300.0,https://ror.org/04mhzgx49
1369,I147765834,Leipzig University of Applied Sciences,weak,13022.127,https://ror.org/03xgcq477
1370,I39804081,Sorbonne Université,exact,73100.87,https://ror.org/02en5vm52
1371,I40120149,University of Oxford,exact,569785.9,https://ror.org/052gg0110
1372,I1294671590,Centre National de la Recherche Scientifique,fuzzy,165431.84,https://ror.org/02feahw73
1373,I1294671590,Centre National de la Recherche Scientifique,fuzzy,165431.84,https://ror.org/02feahw73
1374,I241749,University of Cambridge,exact,532775.94,https://ror.org/013meh722
1375,I1294671590,Centre National de la Recherche Scientifique,fuzzy,165431.84,https://ror.org/02feahw73
1376,I159176309,Universität Hamburg,exact,52580.78,https://ror.org/00g30e956
1377,I35440088,ETH Zurich,fuzzy,59592.008,https://ror.org/05a28rw58
1378,I861853513,Sapienza University of Rome,weak,296492.25,https://ror.org/02be6w209
1379,I138549579,Scuola Internazionale Superiore di Studi Avanzati,fuzzy,18574.277,https://ror.org/004fze387
1380,I86987016,KTH Royal Institute of Technology,fuzzy,121966.055,https://ror.org/026vcq606
1381,,,none,,
1382,I189158943,University of Milan,weak,362583.25,https://ror.org/00wjc7c48
1383,I4210126310,Universitätsklinikum Würzburg,fuzzy,6132.775,https://ror.org/03pvr2g57
1384,I197251160,Hebrew University of Jerusalem,exact,375981.75,https://ror.org/03qxff017
1385,I4577782,Technische Universität Berlin,fuzzy,12031.05,https://ror.org/03v4gjf40
1386,I4405271003,Elblandklinikum Radebeul,weak,1.7318883,https://ror.org/01pnwhg58
1387,I47508984,Imperial College London,fuzzy,471411.25,https://ror.org/041kmwe10
1388,I62916508,Technical University of Munich,exact,424323.34,https://ror.org/02kkvpp62
1389,I124055696,University of Copenhagen,exact,402602.5,https://ror.org/035b05819
1390,I5124864,École Polytechnique Fédérale de Lausanne,fuzzy,30682.26,https://ror.org/02s376052
1391,I1294671590,Centre National de la Recherche Scientifique,fuzzy,165431.84,https://ror.org/02feahw73
1392,I40120149,University of Oxford,exact,569785.9,https://ror.org/052gg0110
1393,I45129253,University College London,exact,628804.7,https://ror.org/02jx3x895
1394,I121748325,Universidad Complutense de Madrid,exact,46148.742,https://ror.org/02p0gd045
1395,,,none,,
1396,I74656192,University of Göttingen,exact,297212.0,https://ror.org/01y9bpm73
1397,I1294671590,Centre National de la Recherche Scientifique,fuzzy,165431.84,https://ror.org/02feahw73
1398,,,none,,
1399,,,none,,
1400,I1294671590,Centre National de la Recherche Scientifique,fuzzy,165431.84,https://ror.org/02feahw73
1401,I241749,University of Cambridge,exact,532775.94,https://ror.org/013meh722
1402,I132053463,Université Libre de Bruxelles,weak,123523.0,https://ror.org/01r9htc13
1403,I241749,University of Cambridge,exact,532775.94,https://ror.org/013meh722
1404,I47508984,Imperial College London,fuzzy,471411.25,https://ror.org/041kmwe10
1405,I4210086570,Heidelberg University of Education,fuzzy,8563.61,https://ror.org/0044w3h23
1406,I241749,University of Cambridge,exact,532775.94,https://ror.org/013meh722
1407,I134820265,Consejo Superior de Investigaciones Científicas,fuzzy,31067.223,https://ror.org/02gfc7t72
1408,I25217355,University of Pavia,exact,233921.84,https://ror.org/00s6t1f81
1409,I181369854,Friedrich-Alexander-Universität Erlangen-Nürnberg,exact,54852.375,https://ror.org/00f7hpc57
1410,I1294671590,Centre National de la Recherche Scientifique,fuzzy,165431.84,https://ror.org/02feahw73
1411,,,none,,
1412,I2802176441,Basque Center for Applied Mathematics,exact,34828.98,https://ror.org/03b21sh32
1413,I99464096,KU Leuven,exact,75807.95,https://ror.org/05f950310
1414,,,none,,
1415,I39555362,University of Warwick,exact,259869.52,https://ror.org/01a77tt86
1416,I71267560,University of Naples Federico II,exact,524641.1,https://ror.org/05290cv24
1417,,,none,,
1418,I56085075,University of Tartu,exact,173324.9,https://ror.org/03z77qz90
1419,I167360494,University of Wuppertal,exact,186244.88,https://ror.org/00613ak93
1420,I123387679,Uppsala University,exact,353079.12,https://ror.org/048a87296
1421,I1294671590,Centre National de la Recherche Scientifique,fuzzy,165431.84,https://ror.org/02feahw73
1422,I20581793,University of Kent,exact,111067.43,https://ror.org/00xkeyj56
1423,I16835326,University of St Andrews,exact,228166.6,https://ror.org/02wn5qz54
1424,I98358874,Delft University of Technology,exact,336248.8,https://ror.org/02e2c7k09
1425,I189158943,University of Milan,weak,362583.25,https://ror.org/00wjc7c48
1426,I138689650,University of Padua,exact,391372.62,https://ror.org/00240q980
1427,I193662353,Utrecht University,exact,376452.06,https://ror.org/04pp8hn57
1428,I1294671590,Centre National de la Recherche Scientifique,fuzzy,165431.84,https://ror.org/02feahw73
1429,I897542642,University of Plymouth,exact,122767.055,https://ror.org/008n7pv89
1430,I881427289,University of Gothenburg,exact,304493.62,https://ror.org/01tm6cn81
1431,I9360294,University of Bologna,exact,320890.8,https://ror.org/01111rn36
1432,I4210152878,GFZ Helmholtz Centre for Geosciences,exact,208720.86,https://ror.org/04z8jg394
1433,I197940685,National Oceanography Centre,weak,115601.94,https://ror.org/00874hx02
1434,I189158943,University of Milan,weak,362583.25,https://ror.org/00wjc7c48
1435,I2799803557,Barcelona Supercomputing Center,exact,112248.97,https://ror.org/05sd8tv96
1436,I43439940,University of Southampton,exact,297888.47,https://ror.org/01ryk1543
1437,I193662353,Utrecht University,exact,376452.06,https://ror.org/04pp8hn57
1438,I1294671590,Centre National de la Recherche Scientifique,fuzzy,165431.84,https://ror.org/02feahw73
1439,I1294671590,Centre National de la Recherche Scientifique,fuzzy,165431.84,https://ror.org/02feahw73
1440,I83019370,Eindhoven University of Technology,exact,250696.17,https://ror.org/02c2kyt77
1441,I13469542,Vrije Universiteit Brussel,weak,103277.375,https://ror.org/006e5kg04
1442,I4210152878,GFZ Helmholtz Centre for Geosciences,exact,208720.86,https://ror.org/04z8jg394
1443,I34403800,GEOMAR Helmholtz Centre for Ocean Research Kiel,exact,208855.95,https://ror.org/02h2x0161
1444,,,none,,
1445,I99464096,KU Leuven,exact,75807.95,https://ror.org/05f950310
1446,I13469542,Vrije Universiteit Brussel,weak,103277.375,https://ror.org/006e5kg04
1447,I124055696,University of Copenhagen,exact,402602.5,https://ror.org/035b05819
1448,I187531555,Lund University,exact,378976.9,https://ror.org/012a77v79
1449,I1294671590,Centre National de la Recherche Scientifique,fuzzy,165431.84,https://ror.org/02feahw73
1450,I34403800,GEOMAR Helmholtz Centre for Ocean Research Kiel,exact,208855.95,https://ror.org/02h2x0161
1451,I127251866,Alfred-Wegener-Institut Helmholtz-Zentrum für Polar- und Meeresforschung,exact,40739.29,https://ror.org/032e6b942
1452,I62916508,Technical University of Munich,exact,424323.34,https://ror.org/02kkvpp62
1453,I96673099,Technical University of Denmark,exact,294979.28,https://ror.org/04qtj9h94
1454,I4210152878,GFZ Helmholtz Centre for Geosciences,exact,208720.86,https://ror.org/04z8jg394
1455,I4210139239,Helmholtz-Zentrum Hereon,fuzzy,10370.5205,https://ror.org/03qjp1d79
1456,,,none,,
1457,I32597200,Ghent University,exact,332866.03,https://ror.org/00cv9y106
1458,I1294671590,Centre National de la Recherche Scientifique,fuzzy,165431.84,https://ror.org/02feahw73
1459,I2799784675,University Hospitals of the Ruhr-University of Bochum,weak,30920.643,https://ror.org/03zcpvf19
1460,I161593684,Stockholm University,exact,248837.88,https://ror.org/05f0yaq80
1461,I134820265,Consejo Superior de Investigaciones Científicas,fuzzy,31067.223,https://ror.org/02gfc7t72
1462,I1294671590,Centre National de la Recherche Scientifique,fuzzy,165431.84,https://ror.org/02feahw73
1463,I4210152878,GFZ Helmholtz Centre for Geosciences,exact,208720.86,https://ror.org/04z8jg394
1464,I4432739,University of Bergen,exact,243454.16,https://ror.org/03zga2b32
1465,I180437899,University of Bremen,exact,151379.67,https://ror.org/04ers2y35
1466,,,none,,
1467,I201799495,Middle East Technical University,exact,189955.47,https://ror.org/014weej12
1468,I1294671590,Centre National de la Recherche Scientifique,fuzzy,165431.84,https://ror.org/02feahw73
1469,I184942183,University of Oslo,exact,303018.66,https://ror.org/01xtthb56
1470,I127251866,Alfred-Wegener-Institut Helmholtz-Zentrum für Polar- und Meeresforschung,exact,40739.29,https://ror.org/032e6b942
1471,I4210166444,Institut de Recherche pour le Développement,weak,6596.1,https://ror.org/05q3vnk25
1472,I205274468,Trinity College Dublin,exact,319291.9,https://ror.org/02tyrky19
1473,I4405253368,Consiglio Nazionale delle Ricerche - Istituto di Ricerca sugli Ecosistemi Terrestri,weak,1.6517878,https://ror.org/00keh9s20
1474,,,none,,
1475,,,none,,
1476,I298625061,Swedish University of Agricultural Sciences,exact,230633.55,https://ror.org/02yy8x990
1477,,,none,,
1478,I184942183,University of Oslo,exact,303018.66,https://ror.org/01xtthb56
1479,,,none,,
1480,I4387154544,Institut National de la Recherche Agronomique,exact,542.099,https://ror.org/01x3gbx83
1481,,,none,,
1482,,,none,,
1483,I4432739,University of Bergen,exact,243454.16,https://ror.org/03zga2b32
1484,I36234482,University of Bristol,exact,336861.22,https://ror.org/0524sp257
1485,I148261361,Institut de physique du globe de Paris,fuzzy,7424.735,https://ror.org/004gzqz66
1486,I1294671590,Centre National de la Recherche Scientifique,fuzzy,165431.84,https://ror.org/02feahw73
1487,I8204097,Ludwig-Maximilians-Universität München,weak,31190.25,https://ror.org/05591te55
1488,I40120149,University of Oxford,exact,569785.9,https://ror.org/052gg0110
1489,I161593684,Stockholm University,exact,248837.88,https://ror.org/05f0yaq80
1490,I35440088,ETH Zurich,fuzzy,59592.008,https://ror.org/05a28rw58
1491,I98677209,University of Edinburgh,exact,396567.03,https://ror.org/01nrxwf90
1492,I190249584,Universität Innsbruck,exact,27102.889,https://ror.org/054pv6659
1493,I45129253,University College London,exact,628804.7,https://ror.org/02jx3x895
1494,I190082696,Durham University,exact,34730.715,https://ror.org/01v29qb04
1495,I40120149,University of Oxford,exact,569785.9,https://ror.org/052gg0110
1496,I899635006,Université Grenoble Alpes,fuzzy,26837.717,https://ror.org/02rx3b187
1497,I9360294,University of Bologna,exact,320890.8,https://ror.org/01111rn36
1498,I130828816,University of Leeds,exact,298518.0,https://ror.org/024mrxd33
1499,I4210152878,GFZ Helmholtz Centre for Geosciences,exact,208720.86,https://ror.org/04z8jg394
1500,I161593684,Stockholm University,exact,248837.88,https://ror.org/05f0yaq80
1501,I114457229,University of Geneva,exact,297821.62,https://ror.org/01swzsf04
1502,I1294671590,Centre National de la Recherche Scientifique,fuzzy,165431.84,https://ror.org/02feahw73
1503,I184942183,University of Oslo,exact,303018.66,https://ror.org/01xtthb56
1504,I190082696,Durham University,exact,34730.715,https://ror.org/01v29qb04
1505,I23923803,University of Exeter,exact,225284.75,https://ror.org/03yghzc09
1506,I8204097,Ludwig-Maximilians-Universität München,weak,31190.25,https://ror.org/05591te55
1507,I4210107808,NORCE Research AS,fuzzy,4668.058,https://ror.org/02gagpf75
1508,I1294671590,Centre National de la Recherche Scientifique,fuzzy,165431.84,https://ror.org/02feahw73
1509,I154338468,University of Fribourg,exact,120167.49,https://ror.org/022fs9h90
1510,I193662353,Utrecht University,exact,376452.06,https://ror.org/04pp8hn57
1511,I899635006,Université Grenoble Alpes,fuzzy,26837.717,https://ror.org/02rx3b187
1512,I1294671590,Centre National de la Recherche Scientifique,fuzzy,165431.84,https://ror.org/02feahw73
1513,I1294671590,Centre National de la Recherche Scientifique,fuzzy,165431.84,https://ror.org/02feahw73
1514,I124227911,Ben-Gurion University of the Negev,exact,387759.6,https://ror.org/05tkyf982
1515,I1294671590,Centre National de la Recherche Scientifique,fuzzy,165431.84,https://ror.org/02feahw73
1516,I97565354,University of Lausanne,exact,250802.06,https://ror.org/019whta54
1517,I118564535,University of Bern,exact,287583.72,https://ror.org/02k7v4d05
1518,I118564535,University of Bern,exact,287583.72,https://ror.org/02k7v4d05
1519,I40120149,University of Oxford,exact,569785.9,https://ror.org/052gg0110
1520,I96673099,Technical University of Denmark,exact,294979.28,https://ror.org/04qtj9h94
1521,I130828816,University of Leeds,exact,298518.0,https://ror.org/024mrxd33
1522,I138689650,University of Padua,exact,391372.62,https://ror.org/00240q980
1523,I2799803557,Barcelona Supercomputing Center,exact,112248.97,https://ror.org/05sd8tv96
1524,I127251866,Alfred-Wegener-Institut Helmholtz-Zentrum für Polar- und Meeresforschung,exact,40739.29,https://ror.org/032e6b942
1525,I161593684,Stockholm University,exact,248837.88,https://ror.org/05f0yaq80
1526,I2799883060,Leibniz Centre for Tropical Marine Research,exact,60510.86,https://ror.org/019w00969
1527,I4432739,University of Bergen,exact,243454.16,https://ror.org/03zga2b32
1528,I197323543,Johannes Gutenberg University Mainz,weak,41263.29,https://ror.org/023b0x485
1529,I2800262456,"Swiss Federal Institute for Forest, Snow and Landscape Research",fuzzy,191002.16,https://ror.org/04bs5yc70
1530,I40120149,University of Oxford,exact,569785.9,https://ror.org/052gg0110
1531,I1294671590,Centre National de la Recherche Scientifique,fuzzy,165431.84,https://ror.org/02feahw73
1532,I193662353,Utrecht University,exact,376452.06,https://ror.org/04pp8hn57
1533,I124055696,University of Copenhagen,exact,402602.5,https://ror.org/035b05819
1534,,,none,,
1535,I146655781,University of Liverpool,exact,324348.12,https://ror.org/04xs57h96
1536,I134820265,Consejo Superior de Investigaciones Científicas,fuzzy,31067.223,https://ror.org/02gfc7t72
1537,I4210118731,National Observatory of Athens,exact,76013.05,https://ror.org/03dtebk39
1538,I54009628,University of Bayreuth,exact,156766.92,https://ror.org/0234wmv40
1539,I191240316,University of Hull,exact,123447.23,https://ror.org/04nkhwh30
1540,I197940685,National Oceanography Centre,weak,115601.94,https://ror.org/00874hx02
1541,I1850255,University of Basel,exact,243737.62,https://ror.org/02s6k3f65
1542,,,none,,
1543,I130828816,University of Leeds,exact,298518.0,https://ror.org/024mrxd33
1544,I8901234,Foundation for Research and Technology Hellas,exact,128927.9,https://ror.org/052rphn09
1545,I40120149,University of Oxford,exact,569785.9,https://ror.org/052gg0110
1546,I197251160,Hebrew University of Jerusalem,exact,375981.75,https://ror.org/03qxff017
1547,I5124864,École Polytechnique Fédérale de Lausanne,fuzzy,30682.26,https://ror.org/02s376052
1548,I40120149,University of Oxford,exact,569785.9,https://ror.org/052gg0110
1549,I193662353,Utrecht University,exact,376452.06,https://ror.org/04pp8hn57
1550,I123044942,Universitat Autònoma de Barcelona,exact,39540.395,https://ror.org/052g8jq94
1551,I45129253,University College London,exact,628804.7,https://ror.org/02jx3x895
1552,,,none,,
1553,I134820265,Consejo Superior de Investigaciones Científicas,fuzzy,31067.223,https://ror.org/02gfc7t72
1554,I1294671590,Centre National de la Recherche Scientifique,fuzzy,165431.84,https://ror.org/02feahw73
1555,I1294671590,Centre National de la Recherche Scientifique,fuzzy,165431.84,https://ror.org/02feahw73
1556,I74656192,University of Göttingen,exact,297212.0,https://ror.org/01y9bpm73
1557,I1294671590,Centre National de la Recherche Scientifique,fuzzy,165431.84,https://ror.org/02feahw73
1558,I241749,University of Cambridge,exact,532775.94,https://ror.org/013meh722
1559,I171892758,Forschungszentrum Jülich,exact,45283.65,https://ror.org/02nv7yv05
1560,I71999127,Universitat de Barcelona,exact,38764.41,https://ror.org/021018s57
1561,I197323543,Johannes Gutenberg University Mainz,weak,41263.29,https://ror.org/023b0x485
1562,I913481162,Wageningen University & Research,fuzzy,288460.2,https://ror.org/04qw24q55
1563,I98358874,Delft University of Technology,exact,336248.8,https://ror.org/02e2c7k09
1564,I43439940,University of Southampton,exact,297888.47,https://ror.org/01ryk1543
1565,I98677209,University of Edinburgh,exact,396567.03,https://ror.org/01nrxwf90
1566,I1285790362,Finnish Meteorological Institute,exact,97780.09,https://ror.org/05hppb561
1567,I193662353,Utrecht University,exact,376452.06,https://ror.org/04pp8hn57
1568,I1294671590,Centre National de la Recherche Scientifique,fuzzy,165431.84,https://ror.org/02feahw73
1569,I130828816,University of Leeds,exact,298518.0,https://ror.org/024mrxd33
1570,I149899117,Max Planck Society,exact,481286.8,https://ror.org/01hhn8329
1571,I4210152878,GFZ Helmholtz Centre for Geosciences,exact,208720.86,https://ror.org/04z8jg394
1572,I4432739,University of Bergen,exact,243454.16,https://ror.org/03zga2b32
1573,I148261361,Institut de physique du globe de Paris,fuzzy,7424.735,https://ror.org/004gzqz66
1574,I4210152878,GFZ Helmholtz Centre for Geosciences,exact,208720.86,https://ror.org/04z8jg394
1575,I1118541,University of East Anglia,exact,262053.36,https://ror.org/026k5mg93
1576,,,none,,
1577,I2802229908,Paul Scherrer Institute,weak,292727.38,https://ror.org/03eh3y714
1578,I27483092,University of Perugia,exact,216089.27,https://ror.org/00x27da85
1579,I35440088,ETH Zurich,fuzzy,59592.008,https://ror.org/05a28rw58
1580,I180437899,University of Bremen,exact,151379.67,https://ror.org/04ers2y35
1581,I8087733,University of Tübingen,exact,304372.66,https://ror.org/03a1kwz48
1582,I84884186,Newcastle University,fuzzy,41579.75,https://ror.org/01kj2bm70
1583,I22465464,University of Münster,exact,31950.84,https://ror.org/00pd74e08
1584,I62916508,Technical University of Munich,exact,424323.34,https://ror.org/02kkvpp62
1585,I129774422,University of Vienna,exact,231053.86,https://ror.org/03prydq77
1586,I138689650,University of Padua,exact,391372.62,https://ror.org/00240q980
1587,I36234482,University of Bristol,exact,336861.22,https://ror.org/0524sp257
1588,I148261361,Institut de physique du globe de Paris,fuzzy,7424.735,https://ror.org/004gzqz66
1589,I124055696,University of Copenhagen,exact,402602.5,https://ror.org/035b05819
1590,I1330165540,Federal Institute For Materials Research and Testing,fuzzy,112455.88,https://ror.org/03x516a66
1591,I149899117,Max Planck Society,exact,481286.8,https://ror.org/01hhn8329
1592,I1294671590,Centre National de la Recherche Scientifique,fuzzy,165431.84,https://ror.org/02feahw73
1593,I99464096,KU Leuven,exact,75807.95,https://ror.org/05f950310
1594,I62916508,Technical University of Munich,exact,424323.34,https://ror.org/02kkvpp62
1595,I83019370,Eindhoven University of Technology,exact,250696.17,https://ror.org/02c2kyt77
1596,I134820265,Consejo Superior de Investigaciones Científicas,fuzzy,31067.223,https://ror.org/02gfc7t72
1597,I200284239,Universidade de Santiago de Compostela,exact,39960.39,https://ror.org/030eybx10
1598,I9927081,Aalto University,exact,173380.19,https://ror.org/020hwjq30
1599,I171892758,Forschungszentrum Jülich,exact,45283.65,https://ror.org/02nv7yv05
1600,I189991,"University of Veterinary Medicine Hannover, Foundation",weak,20955.928,https://ror.org/015qjqf64
1601,I32597200,Ghent University,exact,332866.03,https://ror.org/00cv9y106
1602,I166337079,Queen Mary University of London,fuzzy,30073.516,https://ror.org/026zzn846
1603,,,none,,
1604,I25217355,University of Pavia,exact,233921.84,https://ror.org/00s6t1f81
1605,I169381384,University of Groningen,exact,390846.1,https://ror.org/012p63287
1606,I4210141319,International Iberian Nanotechnology Laboratory,exact,75584.914,https://ror.org/04dv3aq25
1607,I53964585,Weizmann Institute of Science,fuzzy,256521.75,https://ror.org/0316ej306
1608,I134820265,Consejo Superior de Investigaciones Científicas,fuzzy,31067.223,https://ror.org/02gfc7t72
1609,I79619799,University of Birmingham,exact,359401.1,https://ror.org/03angcq70
1610,I161046081,University of Freiburg,exact,333178.88,https://ror.org/0245cg223
1611,I4391767730,LAQV Requimte,weak,579.527,https://ror.org/047td8p12
1612,,,none,,
1613,,,none,,
1614,I9927081,Aalto University,exact,173380.19,https://ror.org/020hwjq30
1615,I241749,University of Cambridge,exact,532775.94,https://ror.org/013meh722
1616,I2610724,Chemnitz University of Technology,exact,97093.83,https://ror.org/00a208s56
1617,I4210100188,Biogipuzkoa Health Research Institute,exact,74865.48,https://ror.org/01a2wsa50
1618,I63634437,Universidad Autónoma de Madrid,exact,39260.812,https://ror.org/01cby8j38
1619,,,none,,
1620,I182712176,Montanuniversität Leoben,exact,10496.327,https://ror.org/02fhfw393
1621,,,none,,
1622,I2799784675,University Hospitals of the Ruhr-University of Bochum,weak,30920.643,https://ror.org/03zcpvf19
1623,,,none,,
1624,,,none,,
1625,I98358874,Delft University of Technology,exact,336248.8,https://ror.org/02e2c7k09
1626,I171892758,Forschungszentrum Jülich,exact,45283.65,https://ror.org/02nv7yv05
1627,,,none,,
1628,I102335020,Karlsruhe Institute of Technology,exact,296917.25,https://ror.org/04t3en479
1629,,,none,,
1630,,,none,,
1631,I34352273,Maastricht University,exact,286442.2,https://ror.org/02jz4aj89
1632,,,none,,
1633,I3018417779,Leibniz Institute for Solid State and Materials Research,fuzzy,12404.626,https://ror.org/04zb59n70
1634,I34352273,Maastricht University,exact,286442.2,https://ror.org/02jz4aj89
1635,,,none,,
1636,,,none,,
1637,I66862912,Chalmers University of Technology,exact,226409.05,https://ror.org/040wg7k59
1638,I30771326,Italian Institute of Technology,exact,141176.92,https://ror.org/042t93s57
1639,I4210102767,DWI – Leibniz Institute for Interactive Materials,exact,68421.91,https://ror.org/0186h8060
1640,I99464096,KU Leuven,exact,75807.95,https://ror.org/05f950310
1641,,,none,,
1642,I76903346,University of Coimbra,exact,170285.02,https://ror.org/04z8k9a98
1643,,,none,,
1644,I189158943,University of Milan,exact,360040.97,https://ror.org/00wjc7c48
1645,,,none,,
1646,I891191580,Aalborg University,exact,181944.95,https://ror.org/04m5j1k67
1647,I102335020,Karlsruhe Institute of Technology,exact,296917.25,https://ror.org/04t3en479
1648,I4210090776,IMDEA Materials,fuzzy,6143.6772,https://ror.org/009s53a61
1649,I9360294,University of Bologna,exact,320890.8,https://ror.org/01111rn36
1650,I887064364,University of Amsterdam,exact,380175.53,https://ror.org/04dkp9463
1651,I79619799,University of Birmingham,exact,359401.1,https://ror.org/03angcq70
1652,I155660961,University of Turku,exact,205834.64,https://ror.org/05vghhr25
1653,I1294671590,Centre National de la Recherche Scientifique,fuzzy,165431.84,https://ror.org/02feahw73
1654,I197323543,Johannes Gutenberg University Mainz,weak,41263.29,https://ror.org/023b0x485
1655,I197323543,Johannes Gutenberg University Mainz,weak,41263.29,https://ror.org/023b0x485
1656,I173304897,Universidad de Granada,exact,31857.525,https://ror.org/04njjy449
1657,I149899117,Max Planck Society,exact,481286.8,https://ror.org/01hhn8329
1658,I145847075,TU Wien,exact,26474.12,https://ror.org/04d836q62
1659,I157556583,Institute of Science and Technology Austria,exact,61168.43,https://ror.org/03gnh5541
1660,I75951250,Freie Universität Berlin,exact,46536.777,https://ror.org/046ak2485
1661,I79238269,Universidad de Sevilla,weak,9940.919,https://ror.org/03yxnpp24
1662,I126231945,Queen's University Belfast,exact,56032.703,https://ror.org/00hswnk62
1663,I2799784675,University Hospitals of the Ruhr-University of Bochum,weak,30920.643,https://ror.org/03zcpvf19
1664,I98677209,University of Edinburgh,exact,396567.03,https://ror.org/01nrxwf90
1665,I2801876189,Deutsches Elektronen-Synchrotron DESY,weak,205909.84,https://ror.org/01js2sh04
1666,I40120149,University of Oxford,exact,569785.9,https://ror.org/052gg0110
1667,I123387679,Uppsala University,exact,353079.12,https://ror.org/048a87296
1668,,,none,,
1669,I187531555,Lund University,exact,378976.9,https://ror.org/012a77v79
1670,I167360494,University of Wuppertal,exact,186244.88,https://ror.org/00613ak93
1671,I1294671590,Centre National de la Recherche Scientifique,fuzzy,165431.84,https://ror.org/02feahw73
1672,I62916508,Technical University of Munich,exact,424323.34,https://ror.org/02kkvpp62
1673,I4210086570,Heidelberg University of Education,fuzzy,8563.61,https://ror.org/0044w3h23
1674,I1294671590,Centre National de la Recherche Scientifique,fuzzy,165431.84,https://ror.org/02feahw73
1675,I190082696,Durham University,exact,34730.715,https://ror.org/01v29qb04
1676,I121797337,Leiden University,exact,288571.72,https://ror.org/027bh9e22
1677,I149899117,Max Planck Society,exact,481286.8,https://ror.org/01hhn8329
1678,I55143463,University of Turin,exact,288075.34,https://ror.org/048tbm396
1679,,,none,,
1680,I149899117,Max Planck Society,exact,481286.8,https://ror.org/01hhn8329
1681,I32597200,Ghent University,exact,332866.03,https://ror.org/00cv9y106
1682,,,none,,
1683,I71267560,University of Naples Federico II,exact,524641.1,https://ror.org/05290cv24
1684,,,none,,
1685,I16391192,Tel Aviv University,exact,529300.0,https://ror.org/04mhzgx49
1686,I169556180,GSI Helmholtz Centre for Heavy Ion Research,exact,280179.78,https://ror.org/02k8cbn47
1687,I161593684,Stockholm University,exact,248837.88,https://ror.org/05f0yaq80
1688,I174306211,Technion – Israel Institute of Technology,exact,341636.5,https://ror.org/03qryx823
1689,I124055696,University of Copenhagen,exact,402602.5,https://ror.org/035b05819
1690,I157556583,Institute of Science and Technology Austria,exact,61168.43,https://ror.org/03gnh5541
1691,I861853513,Sapienza University of Rome,exact,544445.06,https://ror.org/02be6w209
1692,I1294671590,Centre National de la Recherche Scientifique,fuzzy,165431.84,https://ror.org/02feahw73
1693,I205274468,Trinity College Dublin,exact,319291.9,https://ror.org/02tyrky19
1694,I32597200,Ghent University,exact,332866.03,https://ror.org/00cv9y106
1695,I39804081,Sorbonne Université,exact,73100.87,https://ror.org/02en5vm52
1696,I99464096,KU Leuven,exact,75807.95,https://ror.org/05f950310
1697,,,none,,
1698,,,none,,
1699,I157556583,Institute of Science and Technology Austria,exact,61168.43,https://ror.org/03gnh5541
1700,I4405253368,Consiglio Nazionale delle Ricerche - Istituto di Ricerca sugli Ecosistemi Terrestri,weak,1.6517878,https://ror.org/00keh9s20
1701,I189158943,University of Milan,weak,362583.25,https://ror.org/00wjc7c48
1702,I2799784675,University Hospitals of the Ruhr-University of Bochum,weak,30920.643,https://ror.org/03zcpvf19
1703,I66862912,Chalmers University of Technology,exact,226409.05,https://ror.org/040wg7k59
1704,I1293226324,UNESCO,exact,26414.764,https://ror.org/04h4z8k05
1705,I8901234,Foundation for Research and Technology Hellas,exact,128927.9,https://ror.org/052rphn09
1706,I2801876189,Deutsches Elektronen-Synchrotron DESY,weak,205909.84,https://ror.org/01js2sh04
1707,I145847075,TU Wien,exact,26474.12,https://ror.org/04d836q62
1708,I1294671590,Centre National de la Recherche Scientifique,fuzzy,165431.84,https://ror.org/02feahw73
1709,I67311998,European Organization for Nuclear Research,fuzzy,44015.586,https://ror.org/01ggx4157
1710,I133731052,University of Helsinki,exact,368817.44,https://ror.org/040af2s02
1711,I132053463,Université Libre de Bruxelles,weak,123523.0,https://ror.org/01r9htc13
1712,I135140700,University of Bonn,exact,339605.3,https://ror.org/041nas322
1713,,,none,,
1714,I67311998,European Organization for Nuclear Research,fuzzy,44015.586,https://ror.org/01ggx4157
1715,I189991,"University of Veterinary Medicine Hannover, Foundation",weak,20955.928,https://ror.org/015qjqf64
1716,,,none,,
1717,I108290504,University of Pisa,exact,306538.62,https://ror.org/03ad39j10
1718,I94624287,University of Twente,exact,208033.81,https://ror.org/006hf6230
1719,I2801876189,Deutsches Elektronen-Synchrotron DESY,weak,205909.84,https://ror.org/01js2sh04
1720,I39804081,Sorbonne Université,exact,73100.87,https://ror.org/02en5vm52
1721,I62916508,Technical University of Munich,exact,424323.34,https://ror.org/02kkvpp62
1722,I118564535,University of Bern,exact,287583.72,https://ror.org/02k7v4d05
1723,I130929987,University of Mons,exact,119418.625,https://ror.org/02qnnz951
1724,I169556180,GSI Helmholtz Centre for Heavy Ion Research,exact,280179.78,https://ror.org/02k8cbn47
1725,,,none,,
1726,I887064364,University of Amsterdam,exact,380175.53,https://ror.org/04dkp9463
1727,I124055696,University of Copenhagen,exact,402602.5,https://ror.org/035b05819
1728,I98358874,Delft University of Technology,exact,336248.8,https://ror.org/02e2c7k09
1729,I861853513,Sapienza University of Rome,exact,544445.06,https://ror.org/02be6w209
1730,I28407311,University of Manchester,exact,395875.12,https://ror.org/027m9bs27
1731,,,none,,
1732,I32062511,Heriot-Watt University,exact,198241.39,https://ror.org/04mghma93
1733,I53964585,Weizmann Institute of Science,fuzzy,256521.75,https://ror.org/0316ej306
1734,,,none,,
1735,I1294671590,Centre National de la Recherche Scientifique,fuzzy,165431.84,https://ror.org/02feahw73
1736,I183935753,King's College London,exact,542667.9,https://ror.org/0220mzb33
1737,,,none,,
1738,I197323543,Johannes Gutenberg University Mainz,weak,41263.29,https://ror.org/023b0x485
1739,I75356249,Hochschule Düsseldorf University of Applied Sciences,weak,7414.5063,https://ror.org/00ftx0026
1740,I138549579,Scuola Internazionale Superiore di Studi Avanzati,fuzzy,18574.277,https://ror.org/004fze387
1741,I40120149,University of Oxford,exact,569785.9,https://ror.org/052gg0110
1742,I129774422,University of Vienna,exact,231053.86,https://ror.org/03prydq77
1743,I39555362,University of Warwick,exact,259869.52,https://ror.org/01a77tt86
1744,I114457229,University of Geneva,exact,297821.62,https://ror.org/01swzsf04
1745,I39804081,Sorbonne Université,exact,73100.87,https://ror.org/02en5vm52
1746,I887064364,University of Amsterdam,exact,380175.53,https://ror.org/04dkp9463
1747,I4210148700,"Istituto Nazionale di Fisica Nucleare, Sezione di Bologna",weak,25157.879,https://ror.org/04j0x0h93
1748,I1294671590,Centre National de la Recherche Scientifique,fuzzy,165431.84,https://ror.org/02feahw73
1749,I39804081,Sorbonne Université,exact,73100.87,https://ror.org/02en5vm52
1750,I4210150763,Gran Sasso Science Institute,fuzzy,170957.44,https://ror.org/043qcb444
1751,I35440088,ETH Zurich,fuzzy,59592.008,https://ror.org/05a28rw58
1752,I2801876189,Deutsches Elektronen-Synchrotron DESY,weak,205909.84,https://ror.org/01js2sh04
1753,I197323543,Johannes Gutenberg University Mainz,weak,41263.29,https://ror.org/023b0x485
1754,I35440088,ETH Zurich,fuzzy,59592.008,https://ror.org/05a28rw58
1755,I1294671590,Centre National de la Recherche Scientifique,fuzzy,165431.84,https://ror.org/02feahw73
1756,I4210086570,Heidelberg University of Education,fuzzy,8563.61,https://ror.org/0044w3h23
1757,I28407311,University of Manchester,exact,395875.12,https://ror.org/027m9bs27
1758,I186903577,University of Luxembourg,exact,91592.805,https://ror.org/036x5ad56
1759,I55143463,University of Turin,exact,288075.34,https://ror.org/048tbm396
1760,,,none,,
1761,I67311998,European Organization for Nuclear Research,fuzzy,44015.586,https://ror.org/01ggx4157
1762,I138549579,Scuola Internazionale Superiore di Studi Avanzati,fuzzy,18574.277,https://ror.org/004fze387
1763,I98677209,University of Edinburgh,exact,396567.03,https://ror.org/01nrxwf90
1764,I98358874,Delft University of Technology,exact,336248.8,https://ror.org/02e2c7k09
1765,I197251160,Hebrew University of Jerusalem,exact,375981.75,https://ror.org/03qxff017
1766,I8204097,Ludwig-Maximilians-Universität München,weak,31190.25,https://ror.org/05591te55
1767,I4210107832,Ernst Abbe University of Applied Sciences Jena,weak,5637.472,https://ror.org/01rfnc002
1768,I135140700,University of Bonn,exact,339605.3,https://ror.org/041nas322
1769,I189158943,University of Milan,exact,360040.97,https://ror.org/00wjc7c48
1770,I197323543,Johannes Gutenberg University Mainz,weak,41263.29,https://ror.org/023b0x485
1771,,,none,,
1772,,,none,,
1773,I45084792,University of Florence,exact,254717.31,https://ror.org/04jr1s763
1774,I149899117,Max Planck Society,exact,481286.8,https://ror.org/01hhn8329
1775,I133731052,University of Helsinki,exact,368817.44,https://ror.org/040af2s02
1776,,,none,,
1777,I2802229908,Paul Scherrer Institute,weak,292727.38,https://ror.org/03eh3y714
1778,,,none,,
1779,I4210086570,Heidelberg University of Education,fuzzy,8563.61,https://ror.org/0044w3h23
1780,I31512782,Technische Universität Darmstadt,exact,32278.135,https://ror.org/05n911h24
1781,I4210149559,Institute of Physics Belgrade,exact,35288.242,https://ror.org/04h3h5b09
1782,I887064364,University of Amsterdam,exact,380175.53,https://ror.org/04dkp9463
1783,,,none,,
1784,I4210086570,Heidelberg University of Education,fuzzy,8563.61,https://ror.org/0044w3h23
1785,I1294671590,Centre National de la Recherche Scientifique,fuzzy,165431.84,https://ror.org/02feahw73
1786,I1294671590,Centre National de la Recherche Scientifique,fuzzy,165431.84,https://ror.org/02feahw73
1787,I1294671590,Centre National de la Recherche Scientifique,fuzzy,165431.84,https://ror.org/02feahw73
1788,I161046081,University of Freiburg,exact,333178.88,https://ror.org/0245cg223
1789,I169556180,GSI Helmholtz Centre for Heavy Ion Research,exact,280179.78,https://ror.org/02k8cbn47
1790,,,none,,
1791,I138689650,University of Padua,exact,391372.62,https://ror.org/00240q980
1792,I98358874,Delft University of Technology,exact,336248.8,https://ror.org/02e2c7k09
1793,I1294671590,Centre National de la Recherche Scientifique,fuzzy,165431.84,https://ror.org/02feahw73
1794,I40120149,University of Oxford,exact,569785.9,https://ror.org/052gg0110
1795,I134820265,Consejo Superior de Investigaciones Científicas,fuzzy,31067.223,https://ror.org/02gfc7t72
1796,I16391192,Tel Aviv University,exact,529300.0,https://ror.org/04mhzgx49
1797,I241749,University of Cambridge,exact,532775.94,https://ror.org/013meh722
1798,I183935753,King's College London,exact,542667.9,https://ror.org/0220mzb33
1799,I241749,University of Cambridge,exact,532775.94,https://ror.org/013meh722
1800,I98358874,Delft University of Technology,exact,336248.8,https://ror.org/02e2c7k09
1801,I190249584,Universität Innsbruck,exact,27102.889,https://ror.org/054pv6659
1802,I100066346,University of Stuttgart,exact,179536.81,https://ror.org/04vnq7t77
1803,I47508984,Imperial College London,fuzzy,471411.25,https://ror.org/041kmwe10
1804,I206895457,University of Siegen,exact,140237.94,https://ror.org/02azyry73
1805,I47508984,Imperial College London,fuzzy,471411.25,https://ror.org/041kmwe10
1806,I45084792,University of Florence,exact,254717.31,https://ror.org/04jr1s763
1807,I25217355,University of Pavia,exact,233921.84,https://ror.org/00s6t1f81
1808,I62916508,Technical University of Munich,exact,424323.34,https://ror.org/02kkvpp62
1809,I79510175,Cardiff University,exact,296880.3,https://ror.org/03kk7td41
1810,I205274468,Trinity College Dublin,exact,319291.9,https://ror.org/02tyrky19
1811,I183935753,King's College London,exact,542667.9,https://ror.org/0220mzb33
1812,I189712700,University of Konstanz,exact,163886.89,https://ror.org/0546hnb39
1813,I180923762,University of Cologne,weak,13310.07,https://ror.org/00rcxh774
1814,I172446870,University of Cagliari,exact,161764.02,https://ror.org/003109y17
1815,I28407311,University of Manchester,exact,395875.12,https://ror.org/027m9bs27
1816,I138689650,University of Padua,exact,391372.62,https://ror.org/00240q980
1817,I43439940,University of Southampton,exact,297888.47,https://ror.org/01ryk1543
1818,I197251160,Hebrew University of Jerusalem,exact,375981.75,https://ror.org/03qxff017
1819,I4405264366,Universidade Técnica de Lisboa,weak,7.001378,https://ror.org/01qc02b16
1820,I2801876189,Deutsches Elektronen-Synchrotron DESY,weak,205909.84,https://ror.org/01js2sh04
1821,I116067653,University of Rome Tor Vergata,exact,457244.3,https://ror.org/02p77k626
1822,I135140700,University of Bonn,exact,339605.3,https://ror.org/041nas322
1823,I66862912,Chalmers University of Technology,exact,226409.05,https://ror.org/040wg7k59
1824,I36234482,University of Bristol,exact,336861.22,https://ror.org/0524sp257
1825,I129774422,University of Vienna,exact,231053.86,https://ror.org/03prydq77
1826,I35440088,ETH Zurich,fuzzy,59592.008,https://ror.org/05a28rw58
1827,I32597200,Ghent University,exact,332866.03,https://ror.org/00cv9y106
1828,I161046081,University of Freiburg,exact,333178.88,https://ror.org/0245cg223
1829,I79619799,University of Birmingham,exact,359401.1,https://ror.org/03angcq70
1830,I93860229,Politecnico di Milano,exact,34953.16,https://ror.org/01nffqt88
1831,I4210107832,Ernst Abbe University of Applied Sciences Jena,weak,5637.472,https://ror.org/01rfnc002
1832,I1294671590,Centre National de la Recherche Scientifique,fuzzy,165431.84,https://ror.org/02feahw73
1833,I4210148700,"Istituto Nazionale di Fisica Nucleare, Sezione di Bologna",weak,25157.879,https://ror.org/04j0x0h93
1834,I35440088,ETH Zurich,fuzzy,59592.008,https://ror.org/05a28rw58
1835,I67311998,European Organization for Nuclear Research,fuzzy,44015.586,https://ror.org/01ggx4157
1836,I53964585,Weizmann Institute of Science,fuzzy,256521.75,https://ror.org/0316ej306
1837,I145847075,TU Wien,exact,26474.12,https://ror.org/04d836q62
1838,I5237613,Frankfurt University of Applied Sciences,weak,9938.851,https://ror.org/02r625m11
1839,I181369854,Friedrich-Alexander-Universität Erlangen-Nürnberg,exact,54852.375,https://ror.org/00f7hpc57
1840,I168864056,Bilkent University,exact,113617.945,https://ror.org/02vh8a032
1841,I190082696,Durham University,exact,34730.715,https://ror.org/01v29qb04
1842,,,none,,
1843,I887064364,University of Amsterdam,exact,380175.53,https://ror.org/04dkp9463
1844,I99464096,KU Leuven,exact,75807.95,https://ror.org/05f950310
1845,I190082696,Durham University,exact,34730.715,https://ror.org/01v29qb04
1846,I53964585,Weizmann Institute of Science,fuzzy,256521.75,https://ror.org/0316ej306
1847,I135140700,University of Bonn,exact,339605.3,https://ror.org/041nas322
1848,I135140700,University of Bonn,exact,339605.3,https://ror.org/041nas322
1849,I149899117,Max Planck Society,exact,481286.8,https://ror.org/01hhn8329
1850,I28407311,University of Manchester,exact,395875.12,https://ror.org/027m9bs27
1851,I183935753,King's College London,exact,542667.9,https://ror.org/0220mzb33
1852,I121748325,Universidad Complutense de Madrid,exact,46148.742,https://ror.org/02p0gd045
1853,I1334415907,University Medical Center Groningen,exact,336571.06,https://ror.org/03cv38k47
1854,I189712700,University of Konstanz,exact,163886.89,https://ror.org/0546hnb39
1855,I62916508,Technical University of Munich,exact,424323.34,https://ror.org/02kkvpp62
1856,I145847075,TU Wien,exact,26474.12,https://ror.org/04d836q62
1857,I186903577,University of Luxembourg,exact,91592.805,https://ror.org/036x5ad56
1858,I181369854,Friedrich-Alexander-Universität Erlangen-Nürnberg,exact,54852.375,https://ror.org/00f7hpc57
1859,I47508984,Imperial College London,fuzzy,471411.25,https://ror.org/041kmwe10
1860,I129877168,Carl von Ossietzky Universität Oldenburg,fuzzy,18657.18,https://ror.org/033n9gh91
1861,I62916508,Technical University of Munich,exact,424323.34,https://ror.org/02kkvpp62
1862,I98358874,Delft University of Technology,exact,336248.8,https://ror.org/02e2c7k09
1863,I4665924,University of Rostock,exact,152646.2,https://ror.org/03zdwsf69
1864,I1294671590,Centre National de la Recherche Scientifique,fuzzy,165431.84,https://ror.org/02feahw73
1865,I109144446,Bavarian Academy of Sciences and Humanities,exact,55857.977,https://ror.org/001rdaz60
1866,I4210112527,Luxembourg Institute of Science and Technology,exact,58682.023,https://ror.org/01t178j62
1867,,,none,,
1868,I21250087,Charles University,fuzzy,15146.773,https://ror.org/024d6js02
1869,I94624287,University of Twente,exact,208033.81,https://ror.org/006hf6230
1870,I3133086891,Hochschule für Angewandte Wissenschaften Kiel,weak,3357.3535,https://ror.org/03q0ab227
1871,I3018417779,Leibniz Institute for Solid State and Materials Research,fuzzy,12404.626,https://ror.org/04zb59n70
1872,I53964585,Weizmann Institute of Science,fuzzy,256521.75,https://ror.org/0316ej306
1873,,,none,,
1874,I180437899,University of Bremen,exact,151379.67,https://ror.org/04ers2y35
1875,I62916508,Technical University of Munich,exact,424323.34,https://ror.org/02kkvpp62
1876,I204337017,Aarhus University,exact,286607.8,https://ror.org/01aj84f44
1877,I102335020,Karlsruhe Institute of Technology,exact,296917.25,https://ror.org/04t3en479
1878,,,none,,
1879,I197251160,Hebrew University of Jerusalem,exact,375981.75,https://ror.org/03qxff017
1880,,,none,,
1881,I16391192,Tel Aviv University,exact,529300.0,https://ror.org/04mhzgx49
1882,I145847075,TU Wien,exact,26474.12,https://ror.org/04d836q62
1883,I123387679,Uppsala University,exact,353079.12,https://ror.org/048a87296
1884,I161046081,University of Freiburg,exact,333178.88,https://ror.org/0245cg223
1885,I1294671590,Centre National de la Recherche Scientifique,fuzzy,165431.84,https://ror.org/02feahw73
1886,I47686490,Donostia International Physics Center,exact,106283.555,https://ror.org/02e24yw40
1887,I66862912,Chalmers University of Technology,exact,226409.05,https://ror.org/040wg7k59
1888,I187531555,Lund University,exact,378976.9,https://ror.org/012a77v79
1889,I123387679,Uppsala University,exact,353079.12,https://ror.org/048a87296
1890,I29770179,Budapest University of Technology and Economics,exact,128665.4,https://ror.org/02w42ss30
1891,I157556583,Institute of Science and Technology Austria,exact,61168.43,https://ror.org/03gnh5541
1892,I149899117,Max Planck Society,exact,481286.8,https://ror.org/01hhn8329
1893,I1294671590,Centre National de la Recherche Scientifique,fuzzy,165431.84,https://ror.org/02feahw73
1894,I149899117,Max Planck Society,exact,481286.8,https://ror.org/01hhn8329
1895,I153267046,University of Kaiserslautern,exact,21790.13,https://ror.org/04zrf7b53
1896,I121797337,Leiden University,exact,288571.72,https://ror.org/027bh9e22
1897,I96673099,Technical University of Denmark,exact,294979.28,https://ror.org/04qtj9h94
1898,I4405271003,Elblandklinikum Radebeul,weak,1.7318883,https://ror.org/01pnwhg58
1899,I4405271003,Elblandklinikum Radebeul,weak,1.7318883,https://ror.org/01pnwhg58
1900,I1294671590,Centre National de la Recherche Scientifique,fuzzy,165431.84,https://ror.org/02feahw73
1901,I47686490,Donostia International Physics Center,exact,106283.555,https://ror.org/02e24yw40
1902,I149899117,Max Planck Society,exact,481286.8,https://ror.org/01hhn8329
1903,I165339363,Universidad de Oviedo,exact,27801.338,https://ror.org/006gksa02
1904,I145847075,TU Wien,exact,26474.12,https://ror.org/04d836q62
1905,I35440088,ETH Zurich,fuzzy,59592.008,https://ror.org/05a28rw58
1906,I241749,University of Cambridge,exact,532775.94,https://ror.org/013meh722
1907,I1294671590,Centre National de la Recherche Scientifique,fuzzy,165431.84,https://ror.org/02feahw73
1908,I4405271003,Elblandklinikum Radebeul,weak,1.7318883,https://ror.org/01pnwhg58
1909,I16391192,Tel Aviv University,exact,529300.0,https://ror.org/04mhzgx49
1910,I86987016,KTH Royal Institute of Technology,fuzzy,121966.055,https://ror.org/026vcq606
1911,I881427289,University of Gothenburg,exact,304493.62,https://ror.org/01tm6cn81
1912,,,none,,
1913,I4210086570,Heidelberg University of Education,fuzzy,8563.61,https://ror.org/0044w3h23
1914,I28407311,University of Manchester,exact,395875.12,https://ror.org/027m9bs27
1915,I2802805223,Calouste Gulbenkian Foundation,exact,12565.292,https://ror.org/04yxemn98
1916,I1294671590,Centre National de la Recherche Scientifique,fuzzy,165431.84,https://ror.org/02feahw73
1917,I204778367,Norwegian University of Science and Technology,exact,260490.53,https://ror.org/05xg72x27
1918,I4210138560,European Molecular Biology Laboratory,fuzzy,18445.186,https://ror.org/03mstc592
1919,,,none,,
1920,I1294671590,Centre National de la Recherche Scientifique,fuzzy,165431.84,https://ror.org/02feahw73
1921,I193662353,Utrecht University,exact,376452.06,https://ror.org/04pp8hn57
1922,I121797337,Leiden University,exact,288571.72,https://ror.org/027bh9e22
1923,I1294671590,Centre National de la Recherche Scientifique,fuzzy,165431.84,https://ror.org/02feahw73
1924,I1850255,University of Basel,exact,243737.62,https://ror.org/02s6k3f65
1925,I142444530,University of Trieste,exact,188538.44,https://ror.org/02n742c10
1926,I13955877,Bar-Ilan University,exact,249102.6,https://ror.org/03kgsv495
1927,I1294671590,Centre National de la Recherche Scientifique,fuzzy,165431.84,https://ror.org/02feahw73
1928,I96673099,Technical University of Denmark,exact,294979.28,https://ror.org/04qtj9h94
1929,I1294671590,Centre National de la Recherche Scientifique,fuzzy,165431.84,https://ror.org/02feahw73
1930,,,none,,
1931,,,none,,
1932,I71999127,Universitat de Barcelona,exact,38764.41,https://ror.org/021018s57
1933,I53964585,Weizmann Institute of Science,fuzzy,256521.75,https://ror.org/0316ej306
1934,I174306211,Technion – Israel Institute of Technology,exact,341636.5,https://ror.org/03qryx823
1935,I35440088,ETH Zurich,fuzzy,59592.008,https://ror.org/05a28rw58
1936,I67415387,Lancaster University,exact,194621.06,https://ror.org/04f2nsd36
1937,I1294671590,Centre National de la Recherche Scientifique,fuzzy,165431.84,https://ror.org/02feahw73
1938,I53964585,Weizmann Institute of Science,fuzzy,256521.75,https://ror.org/0316ej306
1939,I5124864,École Polytechnique Fédérale de Lausanne,fuzzy,30682.26,https://ror.org/02s376052
1940,I5124864,École Polytechnique Fédérale de Lausanne,fuzzy,30682.26,https://ror.org/02s376052
1941,I145872427,Radboud University Nijmegen,exact,690368.0,https://ror.org/016xsfp80
1942,I1294671590,Centre National de la Recherche Scientifique,fuzzy,165431.84,https://ror.org/02feahw73
1943,I75951250,Freie Universität Berlin,exact,46536.777,https://ror.org/046ak2485
1944,I62916508,Technical University of Munich,exact,424323.34,https://ror.org/02kkvpp62
1945,I241749,University of Cambridge,exact,532775.94,https://ror.org/013meh722
1946,I1294671590,Centre National de la Recherche Scientifique,fuzzy,165431.84,https://ror.org/02feahw73
1947,I5124864,École Polytechnique Fédérale de Lausanne,fuzzy,30682.26,https://ror.org/02s376052
1948,I5124864,École Polytechnique Fédérale de Lausanne,fuzzy,30682.26,https://ror.org/02s376052
1949,I8204097,Ludwig-Maximilians-Universität München,weak,31190.25,https://ror.org/05591te55
1950,I96673099,Technical University of Denmark,exact,294979.28,https://ror.org/04qtj9h94
1951,I45129253,University College London,exact,628804.7,https://ror.org/02jx3x895
1952,I21491767,Aix-Marseille Université,exact,46815.637,https://ror.org/035xkbk20
1953,I1294671590,Centre National de la Recherche Scientifique,fuzzy,165431.84,https://ror.org/02feahw73
1954,I149213910,University of Antwerp,exact,241988.78,https://ror.org/008x57b05
1955,I62916508,Technical University of Munich,exact,424323.34,https://ror.org/02kkvpp62
1956,I35440088,ETH Zurich,fuzzy,59592.008,https://ror.org/05a28rw58
1957,I32062511,Heriot-Watt University,exact,198241.39,https://ror.org/04mghma93
1958,I1294671590,Centre National de la Recherche Scientifique,fuzzy,165431.84,https://ror.org/02feahw73
1959,I4210138560,European Molecular Biology Laboratory,fuzzy,18445.186,https://ror.org/03mstc592
1960,I56067802,Université de Rennes,exact,25064.004,https://ror.org/015m7wh34
1961,I62916508,Technical University of Munich,exact,424323.34,https://ror.org/02kkvpp62
1962,I1294671590,Centre National de la Recherche Scientifique,fuzzy,165431.84,https://ror.org/02feahw73
1963,I74656192,University of Göttingen,exact,297212.0,https://ror.org/01y9bpm73
1964,I154338468,University of Fribourg,exact,120167.49,https://ror.org/022fs9h90
1965,I134820265,Consejo Superior de Investigaciones Científicas,fuzzy,31067.223,https://ror.org/02gfc7t72
1966,I145872427,Radboud University Nijmegen,exact,690368.0,https://ror.org/016xsfp80
1967,I1294671590,Centre National de la Recherche Scientifique,fuzzy,165431.84,https://ror.org/02feahw73
1968,I193662353,Utrecht University,exact,376452.06,https://ror.org/04pp8hn57
1969,,,none,,
1970,I145847075,TU Wien,exact,26474.12,https://ror.org/04d836q62
1971,,,none,,
1972,I147765834,Leipzig University of Applied Sciences,weak,13022.127,https://ror.org/03xgcq477
1973,I149899117,Max Planck Society,exact,481286.8,https://ror.org/01hhn8329
1974,I1294671590,Centre National de la Recherche Scientifique,fuzzy,165431.84,https://ror.org/02feahw73
1975,I171892758,Forschungszentrum Jülich,exact,45283.65,https://ror.org/02nv7yv05
1976,I98677209,University of Edinburgh,exact,396567.03,https://ror.org/01nrxwf90
1977,I39555362,University of Warwick,exact,259869.52,https://ror.org/01a77tt86
1978,I149899117,Max Planck Society,exact,481286.8,https://ror.org/01hhn8329
1979,I1294671590,Centre National de la Recherche Scientifique,fuzzy,165431.84,https://ror.org/02feahw73
1980,I2802229908,Paul Scherrer Institute,weak,292727.38,https://ror.org/03eh3y714
1981,I134820265,Consejo Superior de Investigaciones Científicas,fuzzy,31067.223,https://ror.org/02gfc7t72
1982,I4405253368,Consiglio Nazionale delle Ricerche - Istituto di Ricerca sugli Ecosistemi Terrestri,weak,1.6517878,https://ror.org/00keh9s20
1983,I186903577,University of Luxembourg,exact,91592.805,https://ror.org/036x5ad56
1984,I241749,University of Cambridge,exact,532775.94,https://ror.org/013meh722
1985,I9927081,Aalto University,exact,173380.19,https://ror.org/020hwjq30
1986,I913481162,Wageningen University & Research,fuzzy,288460.2,https://ror.org/04qw24q55
1987,I75951250,Freie Universität Berlin,exact,46536.777,https://ror.org/046ak2485
1988,I5124864,École Polytechnique Fédérale de Lausanne,fuzzy,30682.26,https://ror.org/02s376052
1989,I45129253,University College London,exact,628804.7,https://ror.org/02jx3x895
1990,I241749,University of Cambridge,exact,532775.94,https://ror.org/013meh722
1991,I1294671590,Centre National de la Recherche Scientifique,fuzzy,165431.84,https://ror.org/02feahw73
1992,I145847075,TU Wien,exact,26474.12,https://ror.org/04d836q62
1993,I1294671590,Centre National de la Recherche Scientifique,fuzzy,165431.84,https://ror.org/02feahw73
1994,I3018417779,Leibniz Institute for Solid State and Materials Research,fuzzy,12404.626,https://ror.org/04zb59n70
1995,I204730241,Université Paris Cité,exact,57428.344,https://ror.org/05f82e368
1996,I30771326,Italian Institute of Technology,exact,141176.92,https://ror.org/042t93s57
1997,I1294671590,Centre National de la Recherche Scientifique,fuzzy,165431.84,https://ror.org/02feahw73
1998,I7882870,University of Glasgow,exact,376363.0,https://ror.org/00vtgdb53
1999,I241749,University of Cambridge,exact,532775.94,https://ror.org/013meh722
2000,I53964585,Weizmann Institute of Science,fuzzy,256521.75,https://ror.org/0316ej306
2001,I180923762,University of Cologne,weak,13310.07,https://ror.org/00rcxh774
2002,I79510175,Cardiff University,exact,296880.3,https://ror.org/03kk7td41
2003,I1294671590,Centre National de la Recherche Scientifique,fuzzy,165431.84,https://ror.org/02feahw73
2004,I98677209,University of Edinburgh,exact,396567.03,https://ror.org/01nrxwf90
2005,I1294671590,Centre National de la Recherche Scientifique,fuzzy,165431.84,https://ror.org/02feahw73
2006,I899635006,Université Grenoble Alpes,fuzzy,26837.717,https://ror.org/02rx3b187
2007,I9927081,Aalto University,exact,173380.19,https://ror.org/020hwjq30
2008,,,none,,
2009,I4405253368,Consiglio Nazionale delle Ricerche - Istituto di Ricerca sugli Ecosistemi Terrestri,weak,1.6517878,https://ror.org/00keh9s20
2010,,,none,,
2011,,,none,,
2012,,,none,,
2013,I4577782,Technische Universität Berlin,fuzzy,12031.05,https://ror.org/03v4gjf40
2014,I241749,University of Cambridge,exact,532775.94,https://ror.org/013meh722
2015,I1294671590,Centre National de la Recherche Scientifique,fuzzy,165431.84,https://ror.org/02feahw73
2016,I36234482,University of Bristol,exact,336861.22,https://ror.org/0524sp257
2017,I75951250,Freie Universität Berlin,exact,46536.777,https://ror.org/046ak2485
2018,I30771326,Italian Institute of Technology,exact,141176.92,https://ror.org/042t93s57
2019,I241749,University of Cambridge,exact,532775.94,https://ror.org/013meh722
2020,I94624287,University of Twente,exact,208033.81,https://ror.org/006hf6230
2021,I94624287,University of Twente,exact,208033.81,https://ror.org/006hf6230
2022,I1294671590,Centre National de la Recherche Scientifique,fuzzy,165431.84,https://ror.org/02feahw73
2023,I251424209,Universitat de Girona,exact,13318.022,https://ror.org/01xdxns91
2024,I129774422,University of Vienna,exact,231053.86,https://ror.org/03prydq77
2025,I36234482,University of Bristol,exact,336861.22,https://ror.org/0524sp257
2026,I35440088,ETH Zurich,fuzzy,59592.008,https://ror.org/05a28rw58
2027,I62916508,Technical University of Munich,exact,424323.34,https://ror.org/02kkvpp62
2028,I40120149,University of Oxford,exact,569785.9,https://ror.org/052gg0110
2029,,,none,,
2030,I66862912,Chalmers University of Technology,exact,226409.05,https://ror.org/040wg7k59
2031,I146655781,University of Liverpool,exact,324348.12,https://ror.org/04xs57h96
2032,I99464096,KU Leuven,exact,75807.95,https://ror.org/05f950310
2033,I83019370,Eindhoven University of Technology,exact,250696.17,https://ror.org/02c2kyt77
2034,I1294671590,Centre National de la Recherche Scientifique,fuzzy,165431.84,https://ror.org/02feahw73
2035,I193662353,Utrecht University,exact,376452.06,https://ror.org/04pp8hn57
2036,I16391192,Tel Aviv University,exact,529300.0,https://ror.org/04mhzgx49
2037,I204778367,Norwegian University of Science and Technology,exact,260490.53,https://ror.org/05xg72x27
2038,I145872427,Radboud University Nijmegen,exact,690368.0,https://ror.org/016xsfp80
2039,I94624287,University of Twente,exact,208033.81,https://ror.org/006hf6230
2040,I149899117,Max Planck Society,exact,481286.8,https://ror.org/01hhn8329
2041,I83019370,Eindhoven University of Technology,exact,250696.17,https://ror.org/02c2kyt77
2042,I8204097,Ludwig-Maximilians-Universität München,weak,31190.25,https://ror.org/05591te55
2043,I881427289,University of Gothenburg,exact,304493.62,https://ror.org/01tm6cn81
2044,I1294671590,Centre National de la Recherche Scientifique,fuzzy,165431.84,https://ror.org/02feahw73
2045,I145847075,TU Wien,exact,26474.12,https://ror.org/04d836q62
2046,I108103353,Universidad de Valladolid,exact,16282.537,https://ror.org/01fvbaw18
2047,I161593684,Stockholm University,exact,248837.88,https://ror.org/05f0yaq80
2048,I100066346,University of Stuttgart,exact,179536.81,https://ror.org/04vnq7t77
2049,I8204097,Ludwig-Maximilians-Universität München,weak,31190.25,https://ror.org/05591te55
2050,I1294671590,Centre National de la Recherche Scientifique,fuzzy,165431.84,https://ror.org/02feahw73
2051,I53964585,Weizmann Institute of Science,fuzzy,256521.75,https://ror.org/0316ej306
2052,I1294671590,Centre National de la Recherche Scientifique,fuzzy,165431.84,https://ror.org/02feahw73
2053,,,none,,
2054,I1294671590,Centre National de la Recherche Scientifique,fuzzy,165431.84,https://ror.org/02feahw73
2055,,,none,,
2056,I129774422,University of Vienna,exact,231053.86,https://ror.org/03prydq77
2057,I96673099,Technical University of Denmark,exact,294979.28,https://ror.org/04qtj9h94
2058,I251424209,Universitat de Girona,exact,13318.022,https://ror.org/01xdxns91
2059,I153267046,University of Kaiserslautern,exact,21790.13,https://ror.org/04zrf7b53
2060,I32597200,Ghent University,exact,332866.03,https://ror.org/00cv9y106
2061,I95674353,UCLouvain,fuzzy,33728.004,https://ror.org/02495e989
2062,I102335020,Karlsruhe Institute of Technology,exact,296917.25,https://ror.org/04t3en479
2063,,,none,,
2064,I75951250,Freie Universität Berlin,exact,46536.777,https://ror.org/046ak2485
2065,I62916508,Technical University of Munich,exact,424323.34,https://ror.org/02kkvpp62
2066,I129774422,University of Vienna,exact,231053.86,https://ror.org/03prydq77
2067,I1293226324,UNESCO,exact,26414.764,https://ror.org/04h4z8k05
2068,,,none,,
2069,I66862912,Chalmers University of Technology,exact,226409.05,https://ror.org/040wg7k59
2070,I227486990,University of Szeged,exact,159629.52,https://ror.org/01pnej532
2071,I83019370,Eindhoven University of Technology,exact,250696.17,https://ror.org/02c2kyt77
2072,I40120149,University of Oxford,exact,569785.9,https://ror.org/052gg0110
2073,I106157433,University of Kassel,exact,88917.516,https://ror.org/04zc7p361
2074,I57201433,Università della Svizzera italiana,exact,7046.371,https://ror.org/03c4atk17
2075,I96673099,Technical University of Denmark,exact,294979.28,https://ror.org/04qtj9h94
2076,I241749,University of Cambridge,exact,532775.94,https://ror.org/013meh722
2077,I40120149,University of Oxford,exact,569785.9,https://ror.org/052gg0110
2078,I5124864,École Polytechnique Fédérale de Lausanne,fuzzy,30682.26,https://ror.org/02s376052
2079,I124055696,University of Copenhagen,exact,402602.5,https://ror.org/035b05819
2080,I193662353,Utrecht University,exact,376452.06,https://ror.org/04pp8hn57
2081,I4210086570,Heidelberg University of Education,fuzzy,8563.61,https://ror.org/0044w3h23
2082,I66862912,Chalmers University of Technology,exact,226409.05,https://ror.org/040wg7k59
2083,I102335020,Karlsruhe Institute of Technology,exact,296917.25,https://ror.org/04t3en479
2084,I878454856,Hasselt University,exact,107231.74,https://ror.org/04nbhqj75
2085,I53964585,Weizmann Institute of Science,fuzzy,256521.75,https://ror.org/0316ej306
2086,I145847075,TU Wien,exact,26474.12,https://ror.org/04d836q62
2087,I75951250,Freie Universität Berlin,exact,46536.777,https://ror.org/046ak2485
2088,I53964585,Weizmann Institute of Science,fuzzy,256521.75,https://ror.org/0316ej306
2089,I83019370,Eindhoven University of Technology,exact,250696.17,https://ror.org/02c2kyt77
2090,I1294671590,Centre National de la Recherche Scientifique,fuzzy,165431.84,https://ror.org/02feahw73
2091,I66862912,Chalmers University of Technology,exact,226409.05,https://ror.org/040wg7k59
2092,I200284239,Universidade de Santiago de Compostela,exact,39960.39,https://ror.org/030eybx10
2093,I47508984,Imperial College London,fuzzy,471411.25,https://ror.org/041kmwe10
2094,I28407311,University of Manchester,exact,395875.12,https://ror.org/027m9bs27
2095,I1294671590,Centre National de la Recherche Scientifique,fuzzy,165431.84,https://ror.org/02feahw73
2096,I124055696,University of Copenhagen,exact,402602.5,https://ror.org/035b05819
2097,I62916508,Technical University of Munich,exact,424323.34,https://ror.org/02kkvpp62
2098,I1294671590,Centre National de la Recherche Scientifique,fuzzy,165431.84,https://ror.org/02feahw73
2099,I40120149,University of Oxford,exact,569785.9,https://ror.org/052gg0110
2100,I71267560,University of Naples Federico II,exact,524641.1,https://ror.org/05290cv24
2101,I177477856,Politecnico di Torino,exact,28573.088,https://ror.org/00bgk9508
2102,I204337017,Aarhus University,exact,286607.8,https://ror.org/01aj84f44
2103,I145872427,Radboud University Nijmegen,exact,690368.0,https://ror.org/016xsfp80
2104,,,none,,
2105,,,none,,
2106,I28407311,University of Manchester,exact,395875.12,https://ror.org/027m9bs27
2107,I16391192,Tel Aviv University,exact,529300.0,https://ror.org/04mhzgx49
2108,I40120149,University of Oxford,exact,569785.9,https://ror.org/052gg0110
2109,I116067653,University of Rome Tor Vergata,exact,457244.3,https://ror.org/02p77k626
2110,I5124864,École Polytechnique Fédérale de Lausanne,fuzzy,30682.26,https://ror.org/02s376052
2111,I97188460,Nantes Université,fuzzy,9983.501,https://ror.org/03gnr7b55
2112,I4210086570,Heidelberg University of Education,fuzzy,8563.61,https://ror.org/0044w3h23
2113,I39804081,Sorbonne Université,exact,73100.87,https://ror.org/02en5vm52
2114,I35440088,ETH Zurich,fuzzy,59592.008,https://ror.org/05a28rw58
2115,I2802543619,IMDEA Nanoscience,weak,42659.27,https://ror.org/02skytd81
2116,I180437899,University of Bremen,exact,151379.67,https://ror.org/04ers2y35
2117,I1294671590,Centre National de la Recherche Scientifique,fuzzy,165431.84,https://ror.org/02feahw73
2118,I4577782,Technische Universität Berlin,fuzzy,12031.05,https://ror.org/03v4gjf40
2119,I39586589,Swansea University,exact,159839.5,https://ror.org/053fq8t95
2120,I121883995,Johannes Kepler University of Linz,weak,87261.35,https://ror.org/052r2xn60
2121,I75951250,Freie Universität Berlin,exact,46536.777,https://ror.org/046ak2485
2122,I176453806,University of Potsdam,exact,139857.58,https://ror.org/03bnmw459
2123,I62318514,University of Duisburg-Essen,exact,296820.5,https://ror.org/04mz5ra38
2124,I30771326,Italian Institute of Technology,exact,141176.92,https://ror.org/042t93s57
2125,I189712700,University of Konstanz,exact,163886.89,https://ror.org/0546hnb39
2126,I142263535,University of Nottingham,exact,297238.44,https://ror.org/01ee9ar58
2127,I98381234,University of Oulu,exact,208576.0,https://ror.org/03yj89h83
2128,I186903577,University of Luxembourg,exact,91592.805,https://ror.org/036x5ad56
2129,I45129253,University College London,exact,628804.7,https://ror.org/02jx3x895
2130,I5124864,École Polytechnique Fédérale de Lausanne,fuzzy,30682.26,https://ror.org/02s376052
2131,I40120149,University of Oxford,exact,569785.9,https://ror.org/052gg0110
2132,I98358874,Delft University of Technology,exact,336248.8,https://ror.org/02e2c7k09
2133,,,none,,
2134,I161593684,Stockholm University,exact,248837.88,https://ror.org/05f0yaq80
2135,I881427289,University of Gothenburg,exact,304493.62,https://ror.org/01tm6cn81
2136,I47508984,Imperial College London,fuzzy,471411.25,https://ror.org/041kmwe10
2137,I10902133,Universitat Jaume I,fuzzy,9211.728,https://ror.org/02ws1xc11
2138,I149899117,Max Planck Society,exact,481286.8,https://ror.org/01hhn8329
2139,I5124864,École Polytechnique Fédérale de Lausanne,fuzzy,30682.26,https://ror.org/02s376052
2140,I1294671590,Centre National de la Recherche Scientifique,fuzzy,165431.84,https://ror.org/02feahw73
2141,I4210126328,IBM Research - Zurich,fuzzy,79838.8,https://ror.org/02js37d36
2142,I241749,University of Cambridge,exact,532775.94,https://ror.org/013meh722
2143,I45129253,University College London,exact,628804.7,https://ror.org/02jx3x895
2144,I71824836,Swiss Federal Laboratories for Materials Science and Technology,fuzzy,212244.1,https://ror.org/02x681a42
2145,I53964585,Weizmann Institute of Science,fuzzy,256521.75,https://ror.org/0316ej306
2146,I145872427,Radboud University Nijmegen,exact,690368.0,https://ror.org/016xsfp80
2147,I134820265,Consejo Superior de Investigaciones Científicas,fuzzy,31067.223,https://ror.org/02gfc7t72
2148,I241749,University of Cambridge,exact,532775.94,https://ror.org/013meh722
2149,I5124864,École Polytechnique Fédérale de Lausanne,fuzzy,30682.26,https://ror.org/02s376052
2150,I161046081,University of Freiburg,exact,333178.88,https://ror.org/0245cg223
2151,I92869138,BOKU University,fuzzy,12649.498,https://ror.org/057ff4y42
2152,I45129253,University College London,exact,628804.7,https://ror.org/02jx3x895
2153,I138689650,University of Padua,exact,391372.62,https://ror.org/00240q980
2154,,,none,,
2155,I193662353,Utrecht University,exact,376452.06,https://ror.org/04pp8hn57
2156,I154526488,Inserm,weak,49376.336,https://ror.org/02vjkv261
2157,I4210122345,Institute for Research in Biomedicine,fuzzy,9433.836,https://ror.org/01z1gye03
2158,,,none,,
2159,I4210126310,Universitätsklinikum Würzburg,fuzzy,6132.775,https://ror.org/03pvr2g57
2160,I32597200,Ghent University,exact,332866.03,https://ror.org/00cv9y106
2161,I3018417779,Leibniz Institute for Solid State and Materials Research,fuzzy,12404.626,https://ror.org/04zb59n70
2162,I204337017,Aarhus University,exact,286607.8,https://ror.org/01aj84f44
2163,I98358874,Delft University of Technology,exact,336248.8,https://ror.org/02e2c7k09
2164,I169381384,University of Groningen,exact,390846.1,https://ror.org/012p63287
2165,I161046081,University of Freiburg,exact,333178.88,https://ror.org/0245cg223
2166,I1294671590,Centre National de la Recherche Scientifique,fuzzy,165431.84,https://ror.org/02feahw73
2167,I189158943,University of Milan,exact,360040.97,https://ror.org/00wjc7c48
2168,I197323543,Johannes Gutenberg University Mainz,weak,41263.29,https://ror.org/023b0x485
2169,I1294671590,Centre National de la Recherche Scientifique,fuzzy,165431.84,https://ror.org/02feahw73
2170,I100066346,University of Stuttgart,exact,179536.81,https://ror.org/04vnq7t77
2171,I2801876189,Deutsches Elektronen-Synchrotron DESY,weak,205909.84,https://ror.org/01js2sh04
2172,I154526488,Inserm,weak,49376.336,https://ror.org/02vjkv261
2173,I146655781,University of Liverpool,exact,324348.12,https://ror.org/04xs57h96
2174,I16835326,University of St Andrews,exact,228166.6,https://ror.org/02wn5qz54
2175,I45129253,University College London,exact,628804.7,https://ror.org/02jx3x895
2176,I47508984,Imperial College London,fuzzy,471411.25,https://ror.org/041kmwe10
2177,I4210126310,Universitätsklinikum Würzburg,fuzzy,6132.775,https://ror.org/03pvr2g57
2178,I149899117,Max Planck Society,exact,481286.8,https://ror.org/01hhn8329
2179,I62916508,Technical University of Munich,exact,424323.34,https://ror.org/02kkvpp62
2180,I51601045,University of Bath,exact,175667.95,https://ror.org/002h8g185
2181,I53964585,Weizmann Institute of Science,fuzzy,256521.75,https://ror.org/0316ej306
2182,I5124864,École Polytechnique Fédérale de Lausanne,fuzzy,30682.26,https://ror.org/02s376052
2183,I91712215,Saarland University,exact,182555.69,https://ror.org/01jdpyv68
2184,I124227911,Ben-Gurion University of the Negev,exact,387759.6,https://ror.org/05tkyf982
2185,I200284239,Universidade de Santiago de Compostela,exact,39960.39,https://ror.org/030eybx10
2186,I4210086570,Heidelberg University of Education,fuzzy,8563.61,https://ror.org/0044w3h23
2187,I36234482,University of Bristol,exact,336861.22,https://ror.org/0524sp257
2188,I40120149,University of Oxford,exact,569785.9,https://ror.org/052gg0110
2189,I1294671590,Centre National de la Recherche Scientifique,fuzzy,165431.84,https://ror.org/02feahw73
2190,I79510175,Cardiff University,exact,296880.3,https://ror.org/03kk7td41
2191,I62318514,University of Duisburg-Essen,exact,296820.5,https://ror.org/04mz5ra38
2192,I2610724,Chemnitz University of Technology,exact,97093.83,https://ror.org/00a208s56
2193,I134820265,Consejo Superior de Investigaciones Científicas,fuzzy,31067.223,https://ror.org/02gfc7t72
2194,I1294671590,Centre National de la Recherche Scientifique,fuzzy,165431.84,https://ror.org/02feahw73
2195,I22465464,University of Münster,exact,31950.84,https://ror.org/00pd74e08
2196,I2799784675,University Hospitals of the Ruhr-University of Bochum,weak,30920.643,https://ror.org/03zcpvf19
2197,I98677209,University of Edinburgh,exact,396567.03,https://ror.org/01nrxwf90
2198,I4210147769,Institute for Bioengineering of Catalonia,exact,74720.42,https://ror.org/056h71x09
2199,I4210126310,Universitätsklinikum Würzburg,fuzzy,6132.775,https://ror.org/03pvr2g57
2200,I40120149,University of Oxford,exact,569785.9,https://ror.org/052gg0110
2201,I1294671590,Centre National de la Recherche Scientifique,fuzzy,165431.84,https://ror.org/02feahw73
2202,I134820265,Consejo Superior de Investigaciones Científicas,fuzzy,31067.223,https://ror.org/02gfc7t72
2203,I53964585,Weizmann Institute of Science,fuzzy,256521.75,https://ror.org/0316ej306
2204,I22465464,University of Münster,exact,31950.84,https://ror.org/00pd74e08
2205,I30771326,Italian Institute of Technology,exact,141176.92,https://ror.org/042t93s57
2206,I1294671590,Centre National de la Recherche Scientifique,fuzzy,165431.84,https://ror.org/02feahw73
2207,I91712215,Saarland University,exact,182555.69,https://ror.org/01jdpyv68
2208,I181369854,Friedrich-Alexander-Universität Erlangen-Nürnberg,exact,54852.375,https://ror.org/00f7hpc57
2209,I15766117,University of Graz,exact,150302.08,https://ror.org/01faaaf77
2210,I121797337,Leiden University,exact,288571.72,https://ror.org/027bh9e22
2211,I62916508,Technical University of Munich,exact,424323.34,https://ror.org/02kkvpp62
2212,I92869138,BOKU University,fuzzy,12649.498,https://ror.org/057ff4y42
2213,,,none,,
2214,I2799784675,University Hospitals of the Ruhr-University of Bochum,weak,30920.643,https://ror.org/03zcpvf19
2215,I31512782,Technische Universität Darmstadt,exact,32278.135,https://ror.org/05n911h24
2216,I174306211,Technion – Israel Institute of Technology,exact,341636.5,https://ror.org/03qryx823
2217,I161046081,University of Freiburg,exact,333178.88,https://ror.org/0245cg223
2218,,,none,,
2219,I145847075,TU Wien,exact,26474.12,https://ror.org/04d836q62
2220,I196349391,Universität Ulm,exact,35018.91,https://ror.org/032000t02
2221,I79189158,University of Castilla-La Mancha,exact,208921.44,https://ror.org/05r78ng12
2222,,,none,,
2223,I1294671590,Centre National de la Recherche Scientifique,fuzzy,165431.84,https://ror.org/02feahw73
2224,I2802543619,IMDEA Nanoscience,weak,42659.27,https://ror.org/02skytd81
2225,I53964585,Weizmann Institute of Science,fuzzy,256521.75,https://ror.org/0316ej306
2226,I4210093216,Institut Català de Nanociència i Nanotecnologia,fuzzy,12215.796,https://ror.org/00k1qja49
2227,I149768937,University of Namur,exact,114336.51,https://ror.org/03d1maw17
2228,,,none,,
2229,I9927081,Aalto University,exact,173380.19,https://ror.org/020hwjq30
2230,I887064364,University of Amsterdam,exact,380175.53,https://ror.org/04dkp9463
2231,,,none,,
2232,I16097986,Universitat de València,exact,34157.383,https://ror.org/043nxc105
2233,I126596746,Jagiellonian University,exact,201192.7,https://ror.org/03bqmcz70
2234,I161593684,Stockholm University,exact,248837.88,https://ror.org/05f0yaq80
2235,I1294671590,Centre National de la Recherche Scientifique,fuzzy,165431.84,https://ror.org/02feahw73
2236,I189991,"University of Veterinary Medicine Hannover, Foundation",weak,20955.928,https://ror.org/015qjqf64
2237,I145872427,Radboud University Nijmegen,exact,690368.0,https://ror.org/016xsfp80
2238,I62916508,Technical University of Munich,exact,424323.34,https://ror.org/02kkvpp62
2239,,,none,,
2240,I913481162,Wageningen University & Research,fuzzy,288460.2,https://ror.org/04qw24q55
2241,I189712700,University of Konstanz,exact,163886.89,https://ror.org/0546hnb39
2242,I190249584,Universität Innsbruck,exact,27102.889,https://ror.org/054pv6659
2243,I47508984,Imperial College London,fuzzy,471411.25,https://ror.org/041kmwe10
2244,I197323543,Johannes Gutenberg University Mainz,weak,41263.29,https://ror.org/023b0x485
2245,I4210143995,Fondation Jean-Marie Lehn,exact,3068.1753,https://ror.org/03tscbz39
2246,,,none,,
2247,I181369854,Friedrich-Alexander-Universität Erlangen-Nürnberg,exact,54852.375,https://ror.org/00f7hpc57
2248,I9927081,Aalto University,exact,173380.19,https://ror.org/020hwjq30
2249,I83019370,Eindhoven University of Technology,exact,250696.17,https://ror.org/02c2kyt77
2250,I63634437,Universidad Autónoma de Madrid,exact,39260.812,https://ror.org/01cby8j38
2251,I196349391,Universität Ulm,exact,35018.91,https://ror.org/032000t02
2252,I35440088,ETH Zurich,fuzzy,59592.008,https://ror.org/05a28rw58
2253,I1850255,University of Basel,exact,243737.62,https://ror.org/02s6k3f65
2254,I133731052,University of Helsinki,exact,368817.44,https://ror.org/040af2s02
2255,I177477856,Politecnico di Torino,exact,28573.088,https://ror.org/00bgk9508
2256,I200284239,Universidade de Santiago de Compostela,exact,39960.39,https://ror.org/030eybx10
2257,I129774422,University of Vienna,exact,231053.86,https://ror.org/03prydq77
2258,I145847075,TU Wien,exact,26474.12,https://ror.org/04d836q62
2259,I4210088955,Institut Català d'Investigació Química,exact,14657.938,https://ror.org/013j2zh96
2260,I146655781,University of Liverpool,exact,324348.12,https://ror.org/04xs57h96
2261,I169381384,University of Groningen,exact,390846.1,https://ror.org/012p63287
2262,I1850255,University of Basel,exact,243737.62,https://ror.org/02s6k3f65
2263,,,none,,
2264,I1294671590,Centre National de la Recherche Scientifique,fuzzy,165431.84,https://ror.org/02feahw73
2265,I39555362,University of Warwick,exact,259869.52,https://ror.org/01a77tt86
2266,I121797337,Leiden University,exact,288571.72,https://ror.org/027bh9e22
2267,I4392738145,SwissLumix (Switzerland),exact,1064.448,https://ror.org/02hn9hc43
2268,,,none,,
2269,I60858718,University of Aveiro,exact,168343.11,https://ror.org/00nt41z93
2270,I204337017,Aarhus University,exact,286607.8,https://ror.org/01aj84f44
2271,I1294671590,Centre National de la Recherche Scientifique,fuzzy,165431.84,https://ror.org/02feahw73
2272,I60858718,University of Aveiro,exact,168343.11,https://ror.org/00nt41z93
2273,I8204097,Ludwig-Maximilians-Universität München,weak,31190.25,https://ror.org/05591te55
2274,I28407311,University of Manchester,exact,395875.12,https://ror.org/027m9bs27
2275,I75951250,Freie Universität Berlin,exact,46536.777,https://ror.org/046ak2485
2276,I62916508,Technical University of Munich,exact,424323.34,https://ror.org/02kkvpp62
2277,I53964585,Weizmann Institute of Science,fuzzy,256521.75,https://ror.org/0316ej306
2278,I169381384,University of Groningen,exact,390846.1,https://ror.org/012p63287
2279,I16097986,Universitat de València,exact,34157.383,https://ror.org/043nxc105
2280,I149213910,University of Antwerp,exact,241988.78,https://ror.org/008x57b05
2281,I22465464,University of Münster,exact,31950.84,https://ror.org/00pd74e08
2282,,,none,,
2283,I35440088,ETH Zurich,fuzzy,59592.008,https://ror.org/05a28rw58
2284,I197323543,Johannes Gutenberg University Mainz,weak,41263.29,https://ror.org/023b0x485
2285,I4405271003,Elblandklinikum Radebeul,weak,1.7318883,https://ror.org/01pnwhg58
2286,I4210147769,Institute for Bioengineering of Catalonia,exact,74720.42,https://ror.org/056h71x09
2287,I98677209,University of Edinburgh,exact,396567.03,https://ror.org/01nrxwf90
2288,I98677209,University of Edinburgh,exact,396567.03,https://ror.org/01nrxwf90
2289,I183935753,King's College London,exact,542667.9,https://ror.org/0220mzb33
2290,I123387679,Uppsala University,exact,353079.12,https://ror.org/048a87296
2291,I60668342,University of Regensburg,exact,201865.47,https://ror.org/01eezs655
2292,I169381384,University of Groningen,exact,390846.1,https://ror.org/012p63287
2293,I47508984,Imperial College London,fuzzy,471411.25,https://ror.org/041kmwe10
2294,I1294671590,Centre National de la Recherche Scientifique,fuzzy,165431.84,https://ror.org/02feahw73
2295,I40120149,University of Oxford,exact,569785.9,https://ror.org/052gg0110
2296,I169381384,University of Groningen,exact,390846.1,https://ror.org/012p63287
2297,I4092182,Graz University of Technology,exact,167824.47,https://ror.org/00d7xrm67
2298,I166337079,Queen Mary University of London,fuzzy,30073.516,https://ror.org/026zzn846
2299,I5124864,École Polytechnique Fédérale de Lausanne,fuzzy,30682.26,https://ror.org/02s376052
2300,,,none,,
2301,I74656192,University of Göttingen,exact,297212.0,https://ror.org/01y9bpm73
2302,I75356249,Hochschule Düsseldorf University of Applied Sciences,weak,7414.5063,https://ror.org/00ftx0026
2303,I241749,University of Cambridge,exact,532775.94,https://ror.org/013meh722
2304,I4210086570,Heidelberg University of Education,fuzzy,8563.61,https://ror.org/0044w3h23
2305,I62916508,Technical University of Munich,exact,424323.34,https://ror.org/02kkvpp62
2306,I169108374,University of the Basque Country,exact,277822.56,https://ror.org/000xsnr85
2307,I22465464,University of Münster,exact,31950.84,https://ror.org/00pd74e08
2308,I121797337,Leiden University,exact,288571.72,https://ror.org/027bh9e22
2309,,,none,,
2310,I40120149,University of Oxford,exact,569785.9,https://ror.org/052gg0110
2311,I43439940,University of Southampton,exact,297888.47,https://ror.org/01ryk1543
2312,I1294671590,Centre National de la Recherche Scientifique,fuzzy,165431.84,https://ror.org/02feahw73
2313,I121797337,Leiden University,exact,288571.72,https://ror.org/027bh9e22
2314,I16097986,Universitat de València,exact,34157.383,https://ror.org/043nxc105
2315,I124055696,University of Copenhagen,exact,402602.5,https://ror.org/035b05819
2316,I98358874,Delft University of Technology,exact,336248.8,https://ror.org/02e2c7k09
2317,I134820265,Consejo Superior de Investigaciones Científicas,fuzzy,31067.223,https://ror.org/02gfc7t72
2318,,,none,,
2319,I40120149,University of Oxford,exact,569785.9,https://ror.org/052gg0110
2320,I4210088955,Institut Català d'Investigació Química,exact,14657.938,https://ror.org/013j2zh96
2321,I5124864,École Polytechnique Fédérale de Lausanne,fuzzy,30682.26,https://ror.org/02s376052
2322,I159176309,Universität Hamburg,exact,52580.78,https://ror.org/00g30e956
2323,I4210126310,Universitätsklinikum Würzburg,fuzzy,6132.775,https://ror.org/03pvr2g57
2324,I123387679,Uppsala University,exact,353079.12,https://ror.org/048a87296
2325,I193662353,Utrecht University,exact,376452.06,https://ror.org/04pp8hn57
2326,I187531555,Lund University,exact,378976.9,https://ror.org/012a77v79
2327,,,none,,
2328,,,none,,
2329,I189712700,University of Konstanz,exact,163886.89,https://ror.org/0546hnb39
2330,I96673099,Technical University of Denmark,exact,294979.28,https://ror.org/04qtj9h94
2331,I79619799,University of Birmingham,exact,359401.1,https://ror.org/03angcq70
2332,I197251160,Hebrew University of Jerusalem,exact,375981.75,https://ror.org/03qxff017
2333,I129774422,University of Vienna,exact,231053.86,https://ror.org/03prydq77
2334,I83019370,Eindhoven University of Technology,exact,250696.17,https://ror.org/02c2kyt77
2335,I189158943,University of Milan,weak,362583.25,https://ror.org/00wjc7c48
2336,I68947357,Université de Strasbourg,exact,27748.521,https://ror.org/00pg6eq24
2337,I16097986,Universitat de València,exact,34157.383,https://ror.org/043nxc105
2338,I146655781,University of Liverpool,exact,324348.12,https://ror.org/04xs57h96
2339,,,none,,
2340,I36234482,University of Bristol,exact,336861.22,https://ror.org/0524sp257
2341,I4210088955,Institut Català d'Investigació Química,exact,14657.938,https://ror.org/013j2zh96
2342,I51601045,University of Bath,exact,175667.95,https://ror.org/002h8g185
2343,,,none,,
2344,I899635006,Université Grenoble Alpes,fuzzy,26837.717,https://ror.org/02rx3b187
2345,I4210165109,Centro de Investigacion Principe Felipe,exact,5343.644,https://ror.org/05xr2yq54
2346,I74656192,University of Göttingen,exact,297212.0,https://ror.org/01y9bpm73
2347,I162608824,University of Sussex,exact,202713.3,https://ror.org/00ayhx656
2348,I4923324,Fraunhofer-Gesellschaft,exact,5726.2183,https://ror.org/05hkkdn48
2349,I181369854,Friedrich-Alexander-Universität Erlangen-Nürnberg,exact,54852.375,https://ror.org/00f7hpc57
2350,I205274468,Trinity College Dublin,exact,319291.9,https://ror.org/02tyrky19
2351,I39555362,University of Warwick,exact,259869.52,https://ror.org/01a77tt86
2352,I63634437,Universidad Autónoma de Madrid,exact,39260.812,https://ror.org/01cby8j38
2353,I16835326,University of St Andrews,exact,228166.6,https://ror.org/02wn5qz54
2354,I98358874,Delft University of Technology,exact,336248.8,https://ror.org/02e2c7k09
2355,I189712700,University of Konstanz,exact,163886.89,https://ror.org/0546hnb39
2356,I4210093216,Institut Català de Nanociència i Nanotecnologia,fuzzy,12215.796,https://ror.org/00k1qja49
2357,I60668342,University of Regensburg,exact,201865.47,https://ror.org/01eezs655
2358,I47508984,Imperial College London,fuzzy,471411.25,https://ror.org/041kmwe10
2359,I4387154544,Institut National de la Recherche Agronomique,exact,542.099,https://ror.org/01x3gbx83
2360,I94624287,University of Twente,exact,208033.81,https://ror.org/006hf6230
2361,I79619799,University of Birmingham,exact,359401.1,https://ror.org/03angcq70
2362,,,none,,
2363,I118564535,University of Bern,exact,287583.72,https://ror.org/02k7v4d05
2364,I30771326,Italian Institute of Technology,exact,141176.92,https://ror.org/042t93s57
2365,I28407311,University of Manchester,exact,395875.12,https://ror.org/027m9bs27
2366,I170486558,Universitat Pompeu Fabra,exact,43511.164,https://ror.org/04n0g0b29
2367,I8087733,University of Tübingen,exact,304372.66,https://ror.org/03a1kwz48
2368,I4405271003,Elblandklinikum Radebeul,weak,1.7318883,https://ror.org/01pnwhg58
2369,,,none,,
2370,I16391192,Tel Aviv University,exact,529300.0,https://ror.org/04mhzgx49
2371,I124227911,Ben-Gurion University of the Negev,exact,387759.6,https://ror.org/05tkyf982
2372,I16391192,Tel Aviv University,exact,529300.0,https://ror.org/04mhzgx49
2373,I204337017,Aarhus University,exact,286607.8,https://ror.org/01aj84f44
2374,I124055696,University of Copenhagen,exact,402602.5,https://ror.org/035b05819
2375,I1294671590,Centre National de la Recherche Scientifique,fuzzy,165431.84,https://ror.org/02feahw73
2376,I4654613,University of Warsaw,exact,162234.58,https://ror.org/039bjqg32
2377,I4210162154,IMDEA Software Institute,exact,24628.04,https://ror.org/04xvfkh51
2378,I40120149,University of Oxford,exact,569785.9,https://ror.org/052gg0110
2379,I174306211,Technion – Israel Institute of Technology,exact,341636.5,https://ror.org/03qryx823
2380,I4210128801,Helmholtz Center for Information Security,fuzzy,32622.684,https://ror.org/02njgxr09
2381,I4654613,University of Warsaw,exact,162234.58,https://ror.org/039bjqg32
2382,I149899117,Max Planck Society,exact,481286.8,https://ror.org/01hhn8329
2383,I1902872,EURECOM,exact,44610.395,https://ror.org/00sse7z02
2384,I193662353,Utrecht University,exact,376452.06,https://ror.org/04pp8hn57
2385,I145872427,Radboud University Nijmegen,exact,690368.0,https://ror.org/016xsfp80
2386,I4210128801,Helmholtz Center for Information Security,fuzzy,32622.684,https://ror.org/02njgxr09
2387,I149899117,Max Planck Society,exact,481286.8,https://ror.org/01hhn8329
2388,I887064364,University of Amsterdam,exact,380175.53,https://ror.org/04dkp9463
2389,I39555362,University of Warwick,exact,259869.52,https://ror.org/01a77tt86
2390,I16391192,Tel Aviv University,exact,529300.0,https://ror.org/04mhzgx49
2391,I62916508,Technical University of Munich,exact,424323.34,https://ror.org/02kkvpp62
2392,,,none,,
2393,,,none,,
2394,I174306211,Technion – Israel Institute of Technology,exact,341636.5,https://ror.org/03qryx823
2395,I133731052,University of Helsinki,exact,368817.44,https://ror.org/040af2s02
2396,I102335020,Karlsruhe Institute of Technology,exact,296917.25,https://ror.org/04t3en479
2397,I3133086891,Hochschule für Angewandte Wissenschaften Kiel,weak,3357.3535,https://ror.org/03q0ab227
2398,I124055696,University of Copenhagen,exact,402602.5,https://ror.org/035b05819
2399,I8087733,University of Tübingen,exact,304372.66,https://ror.org/03a1kwz48
2400,I102335020,Karlsruhe Institute of Technology,exact,296917.25,https://ror.org/04t3en479
2401,I4654613,University of Warsaw,exact,162234.58,https://ror.org/039bjqg32
2402,I99464096,KU Leuven,exact,75807.95,https://ror.org/05f950310
2403,I177969490,University of Southern Denmark,exact,212614.42,https://ror.org/03yrrjy16
2404,I204337017,Aarhus University,exact,286607.8,https://ror.org/01aj84f44
2405,I1294671590,Centre National de la Recherche Scientifique,fuzzy,165431.84,https://ror.org/02feahw73
2406,I55741626,Technical University of Crete,exact,80515.12,https://ror.org/03f8bz564
2407,I96673099,Technical University of Denmark,exact,294979.28,https://ror.org/04qtj9h94
2408,I197251160,Hebrew University of Jerusalem,exact,375981.75,https://ror.org/03qxff017
2409,I31512782,Technische Universität Darmstadt,exact,32278.135,https://ror.org/05n911h24
2410,,,none,,
2411,I83019370,Eindhoven University of Technology,exact,250696.17,https://ror.org/02c2kyt77
2412,I204337017,Aarhus University,exact,286607.8,https://ror.org/01aj84f44
2413,I53964585,Weizmann Institute of Science,fuzzy,256521.75,https://ror.org/0316ej306
2414,,,none,,
2415,,,none,,
2416,I68947357,Université de Strasbourg,exact,27748.521,https://ror.org/00pg6eq24
2417,I71346753,National Institute of Telecommunications,fuzzy,13528.719,https://ror.org/0378w3a30
2418,I130929987,University of Mons,exact,119418.625,https://ror.org/02qnnz951
2419,I153267046,University of Kaiserslautern,exact,21790.13,https://ror.org/04zrf7b53
2420,,,none,,
2421,I181369854,Friedrich-Alexander-Universität Erlangen-Nürnberg,exact,54852.375,https://ror.org/00f7hpc57
2422,I8204097,Ludwig-Maximilians-Universität München,weak,31190.25,https://ror.org/05591te55
2423,I98358874,Delft University of Technology,exact,336248.8,https://ror.org/02e2c7k09
2424,,,none,,
2425,I53964585,Weizmann Institute of Science,fuzzy,256521.75,https://ror.org/0316ej306
2426,I157556583,Institute of Science and Technology Austria,exact,61168.43,https://ror.org/03gnh5541
2427,I31512782,Technische Universität Darmstadt,exact,32278.135,https://ror.org/05n911h24
2428,I161046081,University of Freiburg,exact,333178.88,https://ror.org/0245cg223
2429,I8204097,Ludwig-Maximilians-Universität München,weak,31190.25,https://ror.org/05591te55
2430,I134820265,Consejo Superior de Investigaciones Científicas,fuzzy,31067.223,https://ror.org/02gfc7t72
2431,I135140700,University of Bonn,exact,339605.3,https://ror.org/041nas322
2432,I197251160,Hebrew University of Jerusalem,exact,375981.75,https://ror.org/03qxff017
2433,I83467386,IT University of Copenhagen,exact,77087.75,https://ror.org/02309jg23
2434,I2799803557,Barcelona Supercomputing Center,exact,112248.97,https://ror.org/05sd8tv96
2435,I86987016,KTH Royal Institute of Technology,fuzzy,121966.055,https://ror.org/026vcq606
2436,I4577782,Technische Universität Berlin,fuzzy,12031.05,https://ror.org/03v4gjf40
2437,I8087733,University of Tübingen,exact,304372.66,https://ror.org/03a1kwz48
2438,I4210128801,Helmholtz Center for Information Security,fuzzy,32622.684,https://ror.org/02njgxr09
2439,I174306211,Technion – Israel Institute of Technology,exact,341636.5,https://ror.org/03qryx823
2440,I145847075,TU Wien,exact,26474.12,https://ror.org/04d836q62
2441,I45129253,University College London,exact,628804.7,https://ror.org/02jx3x895
2442,I50357001,Universidad Carlos III de Madrid,exact,27918.14,https://ror.org/03ths8210
2443,I99464096,KU Leuven,exact,75807.95,https://ror.org/05f950310
2444,I62916508,Technical University of Munich,exact,424323.34,https://ror.org/02kkvpp62
2445,I47508984,Imperial College London,fuzzy,471411.25,https://ror.org/041kmwe10
2446,,,none,,
2447,I35440088,ETH Zurich,fuzzy,59592.008,https://ror.org/05a28rw58
2448,I149899117,Max Planck Society,exact,481286.8,https://ror.org/01hhn8329
2449,I4210162154,IMDEA Software Institute,exact,24628.04,https://ror.org/04xvfkh51
2450,I4210126328,IBM Research - Zurich,fuzzy,79838.8,https://ror.org/02js37d36
2451,I686019,AGH University of Krakow,fuzzy,15459.154,https://ror.org/00bas1c41
2452,I35440088,ETH Zurich,fuzzy,59592.008,https://ror.org/05a28rw58
2453,I241749,University of Cambridge,exact,532775.94,https://ror.org/013meh722
2454,I40120149,University of Oxford,exact,569785.9,https://ror.org/052gg0110
2455,I35440088,ETH Zurich,fuzzy,59592.008,https://ror.org/05a28rw58
2456,I4577782,Technische Universität Berlin,fuzzy,12031.05,https://ror.org/03v4gjf40
2457,I241749,University of Cambridge,exact,532775.94,https://ror.org/013meh722
2458,I40120149,University of Oxford,exact,569785.9,https://ror.org/052gg0110
2459,I94624287,University of Twente,exact,208033.81,https://ror.org/006hf6230
2460,I174306211,Technion – Israel Institute of Technology,exact,341636.5,https://ror.org/03qryx823
2461,,,none,,
2462,I157556583,Institute of Science and Technology Austria,exact,61168.43,https://ror.org/03gnh5541
2463,I9927081,Aalto University,exact,173380.19,https://ror.org/020hwjq30
2464,,,none,,
2465,I16391192,Tel Aviv University,exact,529300.0,https://ror.org/04mhzgx49
2466,I31512782,Technische Universität Darmstadt,exact,32278.135,https://ror.org/05n911h24
2467,I62916508,Technical University of Munich,exact,424323.34,https://ror.org/02kkvpp62
2468,I1294671590,Centre National de la Recherche Scientifique,fuzzy,165431.84,https://ror.org/02feahw73
2469,I1850255,University of Basel,exact,243737.62,https://ror.org/02s6k3f65
2470,I56085075,University of Tartu,exact,173324.9,https://ror.org/03z77qz90
2471,I9360294,University of Bologna,exact,320890.8,https://ror.org/01111rn36
2472,I80180929,Universidad de Murcia,exact,17771.65,https://ror.org/03p3aeb86
2473,I31512782,Technische Universität Darmstadt,exact,32278.135,https://ror.org/05n911h24
2474,I197251160,Hebrew University of Jerusalem,exact,375981.75,https://ror.org/03qxff017
2475,I16391192,Tel Aviv University,exact,529300.0,https://ror.org/04mhzgx49
2476,I4432739,University of Bergen,exact,243454.16,https://ror.org/03zga2b32
2477,I47508984,Imperial College London,fuzzy,471411.25,https://ror.org/041kmwe10
2478,I36234482,University of Bristol,exact,336861.22,https://ror.org/0524sp257
2479,I35440088,ETH Zurich,fuzzy,59592.008,https://ror.org/05a28rw58
2480,I124055696,University of Copenhagen,exact,402602.5,https://ror.org/035b05819
2481,I189991,"University of Veterinary Medicine Hannover, Foundation",weak,20955.928,https://ror.org/015qjqf64
2482,I83816512,University of Genoa,exact,238653.8,https://ror.org/0107c5v14
2483,I35440088,ETH Zurich,fuzzy,59592.008,https://ror.org/05a28rw58
2484,I53964585,Weizmann Institute of Science,fuzzy,256521.75,https://ror.org/0316ej306
2485,I149899117,Max Planck Society,exact,481286.8,https://ror.org/01hhn8329
2486,I157286207,"National University of Ireland, Maynooth",exact,110590.0,https://ror.org/048nfjm95
2487,I1902872,EURECOM,exact,44610.395,https://ror.org/00sse7z02
2488,I145847075,TU Wien,exact,26474.12,https://ror.org/04d836q62
2489,I21250087,Charles University,fuzzy,15146.773,https://ror.org/024d6js02
2490,I881427289,University of Gothenburg,exact,304493.62,https://ror.org/01tm6cn81
2491,I4405271003,Elblandklinikum Radebeul,weak,1.7318883,https://ror.org/01pnwhg58
2492,,,none,,
2493,I133731052,University of Helsinki,exact,368817.44,https://ror.org/040af2s02
2494,I2799803557,Barcelona Supercomputing Center,exact,112248.97,https://ror.org/05sd8tv96
2495,I53964585,Weizmann Institute of Science,fuzzy,256521.75,https://ror.org/0316ej306
2496,I53964585,Weizmann Institute of Science,fuzzy,256521.75,https://ror.org/0316ej306
2497,I2799803557,Barcelona Supercomputing Center,exact,112248.97,https://ror.org/05sd8tv96
2498,I182083151,Universidad Rey Juan Carlos,exact,24206.15,https://ror.org/01v5cv687
2499,I4654613,University of Warsaw,exact,162234.58,https://ror.org/039bjqg32
2500,I86987016,KTH Royal Institute of Technology,fuzzy,121966.055,https://ror.org/026vcq606
2501,,,none,,
2502,,,none,,
2503,I62916508,Technical University of Munich,exact,424323.34,https://ror.org/02kkvpp62
2504,I5124864,École Polytechnique Fédérale de Lausanne,fuzzy,30682.26,https://ror.org/02s376052
2505,I35440088,ETH Zurich,fuzzy,59592.008,https://ror.org/05a28rw58
2506,I16391192,Tel Aviv University,exact,529300.0,https://ror.org/04mhzgx49
2507,I241749,University of Cambridge,exact,532775.94,https://ror.org/013meh722
2508,I40120149,University of Oxford,exact,569785.9,https://ror.org/052gg0110
2509,I4210162154,IMDEA Software Institute,exact,24628.04,https://ror.org/04xvfkh51
2510,I861853513,Sapienza University of Rome,exact,544445.06,https://ror.org/02be6w209
2511,I1294671590,Centre National de la Recherche Scientifique,fuzzy,165431.84,https://ror.org/02feahw73
2512,I35440088,ETH Zurich,fuzzy,59592.008,https://ror.org/05a28rw58
2513,I4210166741,University of Klagenfurt,exact,54008.742,https://ror.org/05q9m0937
2514,,,none,,
2515,I95674353,UCLouvain,fuzzy,33728.004,https://ror.org/02495e989
2516,I4210128801,Helmholtz Center for Information Security,fuzzy,32622.684,https://ror.org/02njgxr09
2517,I8204097,Ludwig-Maximilians-Universität München,weak,31190.25,https://ror.org/05591te55
2518,I255234318,Universidad de Zaragoza,exact,22358.32,https://ror.org/012a91z28
2519,,,none,,
2520,I4405271003,Elblandklinikum Radebeul,weak,1.7318883,https://ror.org/01pnwhg58
2521,I132053463,Université Libre de Bruxelles,weak,123523.0,https://ror.org/01r9htc13
2522,I1294671590,Centre National de la Recherche Scientifique,fuzzy,165431.84,https://ror.org/02feahw73
2523,I202697423,University of Zurich,exact,350629.0,https://ror.org/02crff812
2524,I154338468,University of Fribourg,exact,120167.49,https://ror.org/022fs9h90
2525,I4654613,University of Warsaw,exact,162234.58,https://ror.org/039bjqg32
2526,I39804081,Sorbonne Université,exact,73100.87,https://ror.org/02en5vm52
2527,I13955877,Bar-Ilan University,exact,249102.6,https://ror.org/03kgsv495
2528,I4210128801,Helmholtz Center for Information Security,fuzzy,32622.684,https://ror.org/02njgxr09
2529,I149899117,Max Planck Society,exact,481286.8,https://ror.org/01hhn8329
2530,I98677209,University of Edinburgh,exact,396567.03,https://ror.org/01nrxwf90
2531,I4092182,Graz University of Technology,exact,167824.47,https://ror.org/00d7xrm67
2532,I174306211,Technion – Israel Institute of Technology,exact,341636.5,https://ror.org/03qryx823
2533,I123387679,Uppsala University,exact,353079.12,https://ror.org/048a87296
2534,I157556583,Institute of Science and Technology Austria,exact,61168.43,https://ror.org/03gnh5541
2535,I98677209,University of Edinburgh,exact,396567.03,https://ror.org/01nrxwf90
2536,I62916508,Technical University of Munich,exact,424323.34,https://ror.org/02kkvpp62
2537,,,none,,
2538,,,none,,
2539,I149899117,Max Planck Society,exact,481286.8,https://ror.org/01hhn8329
2540,I124055696,University of Copenhagen,exact,402602.5,https://ror.org/035b05819
2541,I180437899,University of Bremen,exact,151379.67,https://ror.org/04ers2y35
2542,I1294671590,Centre National de la Recherche Scientifique,fuzzy,165431.84,https://ror.org/02feahw73
2543,I91136226,University of Sheffield,exact,321924.84,https://ror.org/05krs5044
2544,I4577782,Technische Universität Berlin,fuzzy,12031.05,https://ror.org/03v4gjf40
2545,I189158943,University of Milan,weak,362583.25,https://ror.org/00wjc7c48
2546,I241749,University of Cambridge,exact,532775.94,https://ror.org/013meh722
2547,I204337017,Aarhus University,exact,286607.8,https://ror.org/01aj84f44
2548,I4210086570,Heidelberg University of Education,fuzzy,8563.61,https://ror.org/0044w3h23
2549,I16097986,Universitat de València,exact,34157.383,https://ror.org/043nxc105
2550,I187531555,Lund University,exact,378976.9,https://ror.org/012a77v79
2551,,,none,,
2552,I39555362,University of Warwick,exact,259869.52,https://ror.org/01a77tt86
2553,,,none,,
2554,I83019370,Eindhoven University of Technology,exact,250696.17,https://ror.org/02c2kyt77
2555,I40120149,University of Oxford,exact,569785.9,https://ror.org/052gg0110
2556,I40120149,University of Oxford,exact,569785.9,https://ror.org/052gg0110
2557,I142617266,University of Crete,exact,136034.92,https://ror.org/00dr28g20
2558,I157556583,Institute of Science and Technology Austria,exact,61168.43,https://ror.org/03gnh5541
2559,I2799784675,University Hospitals of the Ruhr-University of Bochum,weak,30920.643,https://ror.org/03zcpvf19
2560,I132053463,Université Libre de Bruxelles,weak,123523.0,https://ror.org/01r9htc13
2561,I32597200,Ghent University,exact,332866.03,https://ror.org/00cv9y106
2562,I13955877,Bar-Ilan University,exact,249102.6,https://ror.org/03kgsv495
2563,I21250087,Charles University,fuzzy,15146.773,https://ror.org/024d6js02
2564,I57201433,Università della Svizzera italiana,exact,7046.371,https://ror.org/03c4atk17
2565,I174306211,Technion – Israel Institute of Technology,exact,341636.5,https://ror.org/03qryx823
2566,,,none,,
2567,I193662353,Utrecht University,exact,376452.06,https://ror.org/04pp8hn57
2568,I35440088,ETH Zurich,fuzzy,59592.008,https://ror.org/05a28rw58
2569,I83467386,IT University of Copenhagen,exact,77087.75,https://ror.org/02309jg23
2570,I5124864,École Polytechnique Fédérale de Lausanne,fuzzy,30682.26,https://ror.org/02s376052
2571,I98358874,Delft University of Technology,exact,336248.8,https://ror.org/02e2c7k09
2572,I96673099,Technical University of Denmark,exact,294979.28,https://ror.org/04qtj9h94
2573,I5124864,École Polytechnique Fédérale de Lausanne,fuzzy,30682.26,https://ror.org/02s376052
2574,I197251160,Hebrew University of Jerusalem,exact,375981.75,https://ror.org/03qxff017
2575,I32597200,Ghent University,exact,332866.03,https://ror.org/00cv9y106
2576,I193223587,University of Trento,exact,167551.7,https://ror.org/05trd4x28
2577,I1850255,University of Basel,exact,243737.62,https://ror.org/02s6k3f65
2578,I32062511,Heriot-Watt University,exact,198241.39,https://ror.org/04mghma93
2579,,,none,,
2580,I255234318,Universidad de Zaragoza,exact,22358.32,https://ror.org/012a91z28
2581,I4210114974,IMEC,weak,10988.175,https://ror.org/02kcbn207
2582,I134820265,Consejo Superior de Investigaciones Científicas,fuzzy,31067.223,https://ror.org/02gfc7t72
2583,,,none,,
2584,I169381384,University of Groningen,exact,390846.1,https://ror.org/012p63287
2585,,,none,,
2586,I187531555,Lund University,exact,378976.9,https://ror.org/012a77v79
2587,I13469542,Vrije Universiteit Brussel,weak,103277.375,https://ror.org/006e5kg04
2588,,,none,,
2589,I23923803,University of Exeter,exact,225284.75,https://ror.org/03yghzc09
2590,I71267560,University of Naples Federico II,exact,524641.1,https://ror.org/05290cv24
2591,,,none,,
2592,I189991,"University of Veterinary Medicine Hannover, Foundation",weak,20955.928,https://ror.org/015qjqf64
2593,I52590639,Nottingham Trent University,exact,138699.97,https://ror.org/04xyxjd90
2594,I98358874,Delft University of Technology,exact,336248.8,https://ror.org/02e2c7k09
2595,I150540706,University of Veterinary Medicine Vienna,fuzzy,31846.99,https://ror.org/01w6qp003
2596,I83019370,Eindhoven University of Technology,exact,250696.17,https://ror.org/02c2kyt77
2597,,,none,,
2598,I4210111834,Leibniz Institute of Polymer Research,weak,7183.24,https://ror.org/01tspta37
2599,I96673099,Technical University of Denmark,exact,294979.28,https://ror.org/04qtj9h94
2600,I132053463,Université Libre de Bruxelles,weak,123523.0,https://ror.org/01r9htc13
2601,I135140700,University of Bonn,exact,339605.3,https://ror.org/041nas322
2602,I30771326,Italian Institute of Technology,exact,141176.92,https://ror.org/042t93s57
2603,I161046081,University of Freiburg,exact,333178.88,https://ror.org/0245cg223
2604,I115752224,University of Insubria,exact,124284.336,https://ror.org/00s409261
2605,I94624287,University of Twente,exact,208033.81,https://ror.org/006hf6230
2606,I4210093216,Institut Català de Nanociència i Nanotecnologia,fuzzy,12215.796,https://ror.org/00k1qja49
2607,I1294671590,Centre National de la Recherche Scientifique,fuzzy,165431.84,https://ror.org/02feahw73
2608,I149899117,Max Planck Society,exact,481286.8,https://ror.org/01hhn8329
2609,I99464096,KU Leuven,exact,75807.95,https://ror.org/05f950310
2610,I55741626,Technical University of Crete,exact,80515.12,https://ror.org/03f8bz564
2611,,,none,,
2612,I1294671590,Centre National de la Recherche Scientifique,fuzzy,165431.84,https://ror.org/02feahw73
2613,,,none,,
2614,I99464096,KU Leuven,exact,75807.95,https://ror.org/05f950310
2615,I1294671590,Centre National de la Recherche Scientifique,fuzzy,165431.84,https://ror.org/02feahw73
2616,I197251160,Hebrew University of Jerusalem,exact,375981.75,https://ror.org/03qxff017
2617,,,none,,
2618,I34771391,University of Cyprus,exact,97136.195,https://ror.org/02qjrjx09
2619,I4405271003,Elblandklinikum Radebeul,weak,1.7318883,https://ror.org/01pnwhg58
2620,I1294671590,Centre National de la Recherche Scientifique,fuzzy,165431.84,https://ror.org/02feahw73
2621,I1294671590,Centre National de la Recherche Scientifique,fuzzy,165431.84,https://ror.org/02feahw73
2622,I34771391,University of Cyprus,exact,97136.195,https://ror.org/02qjrjx09
2623,I16391192,Tel Aviv University,exact,529300.0,https://ror.org/04mhzgx49
2624,I32597200,Ghent University,exact,332866.03,https://ror.org/00cv9y106
2625,I98381234,University of Oulu,exact,208576.0,https://ror.org/03yj89h83
2626,,,none,,
2627,I174306211,Technion – Israel Institute of Technology,exact,341636.5,https://ror.org/03qryx823
2628,,,none,,
2629,I79940851,University of Brescia,exact,166132.48,https://ror.org/02q2d2610
2630,I1294671590,Centre National de la Recherche Scientifique,fuzzy,165431.84,https://ror.org/02feahw73
2631,I34771391,University of Cyprus,exact,97136.195,https://ror.org/02qjrjx09
2632,I189991,"University of Veterinary Medicine Hannover, Foundation",weak,20955.928,https://ror.org/015qjqf64
2633,I123387679,Uppsala University,exact,353079.12,https://ror.org/048a87296
2634,I94624287,University of Twente,exact,208033.81,https://ror.org/006hf6230
2635,I126231945,Queen's University Belfast,exact,56032.703,https://ror.org/00hswnk62
2636,I32597200,Ghent University,exact,332866.03,https://ror.org/00cv9y106
2637,I53964585,Weizmann Institute of Science,fuzzy,256521.75,https://ror.org/0316ej306
2638,I71999127,Universitat de Barcelona,exact,38764.41,https://ror.org/021018s57
2639,I181231927,National University of Ireland,weak,74419.195,https://ror.org/00shsf120
2640,I30771326,Italian Institute of Technology,exact,141176.92,https://ror.org/042t93s57
2641,I196972281,Imec the Netherlands,exact,54883.18,https://ror.org/01ezq2j76
2642,I96673099,Technical University of Denmark,exact,294979.28,https://ror.org/04qtj9h94
2643,I102335020,Karlsruhe Institute of Technology,exact,296917.25,https://ror.org/04t3en479
2644,I13955877,Bar-Ilan University,exact,249102.6,https://ror.org/03kgsv495
2645,I197251160,Hebrew University of Jerusalem,exact,375981.75,https://ror.org/03qxff017
2646,I1902872,EURECOM,exact,44610.395,https://ror.org/00sse7z02
2647,I123387679,Uppsala University,exact,353079.12,https://ror.org/048a87296
2648,,,none,,
2649,I202697423,University of Zurich,exact,350629.0,https://ror.org/02crff812
2650,,,none,,
2651,I62916508,Technical University of Munich,exact,424323.34,https://ror.org/02kkvpp62
2652,I30771326,Italian Institute of Technology,exact,141176.92,https://ror.org/042t93s57
2653,I95674353,UCLouvain,fuzzy,33728.004,https://ror.org/02495e989
2654,I86987016,KTH Royal Institute of Technology,fuzzy,121966.055,https://ror.org/026vcq606
2655,I94624287,University of Twente,exact,208033.81,https://ror.org/006hf6230
2656,I4210114974,IMEC,weak,10988.175,https://ror.org/02kcbn207
2657,,,none,,
2658,,,none,,
2659,I1294671590,Centre National de la Recherche Scientifique,fuzzy,165431.84,https://ror.org/02feahw73
2660,I96673099,Technical University of Denmark,exact,294979.28,https://ror.org/04qtj9h94
2661,I66862912,Chalmers University of Technology,exact,226409.05,https://ror.org/040wg7k59
2662,I16835326,University of St Andrews,exact,228166.6,https://ror.org/02wn5qz54
2663,I34771391,University of Cyprus,exact,97136.195,https://ror.org/02qjrjx09
2664,I30771326,Italian Institute of Technology,exact,141176.92,https://ror.org/042t93s57
2665,I161046081,University of Freiburg,exact,333178.88,https://ror.org/0245cg223
2666,I5124864,École Polytechnique Fédérale de Lausanne,fuzzy,30682.26,https://ror.org/02s376052
2667,I62916508,Technical University of Munich,exact,424323.34,https://ror.org/02kkvpp62
2668,I1294671590,Centre National de la Recherche Scientifique,fuzzy,165431.84,https://ror.org/02feahw73
2669,,,none,,
2670,I145847075,TU Wien,exact,26474.12,https://ror.org/04d836q62
2671,I130828816,University of Leeds,exact,298518.0,https://ror.org/024mrxd33
2672,I1294671590,Centre National de la Recherche Scientifique,fuzzy,165431.84,https://ror.org/02feahw73
2673,I174306211,Technion – Israel Institute of Technology,exact,341636.5,https://ror.org/03qryx823
2674,I1294671590,Centre National de la Recherche Scientifique,fuzzy,165431.84,https://ror.org/02feahw73
2675,I31512782,Technische Universität Darmstadt,exact,32278.135,https://ror.org/05n911h24
2676,I169381384,University of Groningen,exact,390846.1,https://ror.org/012p63287
2677,I66862912,Chalmers University of Technology,exact,226409.05,https://ror.org/040wg7k59
2678,I1294671590,Centre National de la Recherche Scientifique,fuzzy,165431.84,https://ror.org/02feahw73
2679,I96673099,Technical University of Denmark,exact,294979.28,https://ror.org/04qtj9h94
2680,I1294671590,Centre National de la Recherche Scientifique,fuzzy,165431.84,https://ror.org/02feahw73
2681,I31512782,Technische Universität Darmstadt,exact,32278.135,https://ror.org/05n911h24
2682,I108290504,University of Pisa,exact,306538.62,https://ror.org/03ad39j10
2683,I96673099,Technical University of Denmark,exact,294979.28,https://ror.org/04qtj9h94
2684,I5124864,École Polytechnique Fédérale de Lausanne,fuzzy,30682.26,https://ror.org/02s376052
2685,I106785703,Institut polytechnique de Grenoble,exact,19386.488,https://ror.org/05sbt2524
2686,I99464096,KU Leuven,exact,75807.95,https://ror.org/05f950310
2687,I102335020,Karlsruhe Institute of Technology,exact,296917.25,https://ror.org/04t3en479
2688,I177477856,Politecnico di Torino,exact,28573.088,https://ror.org/00bgk9508
2689,I35440088,ETH Zurich,fuzzy,59592.008,https://ror.org/05a28rw58
2690,I1902872,EURECOM,exact,44610.395,https://ror.org/00sse7z02
2691,I170486558,Universitat Pompeu Fabra,exact,43511.164,https://ror.org/04n0g0b29
2692,I183935753,King's College London,exact,542667.9,https://ror.org/0220mzb33
2693,I1294671590,Centre National de la Recherche Scientifique,fuzzy,165431.84,https://ror.org/02feahw73
2694,I241749,University of Cambridge,exact,532775.94,https://ror.org/013meh722
2695,I60053951,Universitat Politècnica de València,exact,25744.195,https://ror.org/01460j859
2696,I170486558,Universitat Pompeu Fabra,exact,43511.164,https://ror.org/04n0g0b29
2697,I2801349226,Leibniz Institute of Photonic Technology,fuzzy,75649.016,https://ror.org/02se0t636
2698,I202697423,University of Zurich,exact,350629.0,https://ror.org/02crff812
2699,I47508984,Imperial College London,fuzzy,471411.25,https://ror.org/041kmwe10
2700,I32597200,Ghent University,exact,332866.03,https://ror.org/00cv9y106
2701,I1294671590,Centre National de la Recherche Scientifique,fuzzy,165431.84,https://ror.org/02feahw73
2702,I5124864,École Polytechnique Fédérale de Lausanne,fuzzy,30682.26,https://ror.org/02s376052
2703,I143804889,Loughborough University,exact,163061.73,https://ror.org/04vg4w365
2704,I899635006,Université Grenoble Alpes,fuzzy,26837.717,https://ror.org/02rx3b187
2705,I4092182,Graz University of Technology,exact,167824.47,https://ror.org/00d7xrm67
2706,I201799495,Middle East Technical University,exact,189955.47,https://ror.org/014weej12
2707,I43439940,University of Southampton,exact,297888.47,https://ror.org/01ryk1543
2708,I4210126328,IBM Research - Zurich,fuzzy,79838.8,https://ror.org/02js37d36
2709,I28407311,University of Manchester,exact,395875.12,https://ror.org/027m9bs27
2710,I4405253368,Consiglio Nazionale delle Ricerche - Istituto di Ricerca sugli Ecosistemi Terrestri,weak,1.6517878,https://ror.org/00keh9s20
2711,I142263535,University of Nottingham,exact,297238.44,https://ror.org/01ee9ar58
2712,I5124864,École Polytechnique Fédérale de Lausanne,fuzzy,30682.26,https://ror.org/02s376052
2713,I53964585,Weizmann Institute of Science,fuzzy,256521.75,https://ror.org/0316ej306
2714,I100930933,University College Dublin,fuzzy,21812.613,https://ror.org/05m7pjf47
2715,,,none,,
2716,I62916508,Technical University of Munich,exact,424323.34,https://ror.org/02kkvpp62
2717,,,none,,
2718,I7882870,University of Glasgow,exact,376363.0,https://ror.org/00vtgdb53
2719,I95793202,Otto-von-Guericke-Universität Magdeburg,exact,61739.5,https://ror.org/00ggpsq73
2720,I98358874,Delft University of Technology,exact,336248.8,https://ror.org/02e2c7k09
2721,I1294671590,Centre National de la Recherche Scientifique,fuzzy,165431.84,https://ror.org/02feahw73
2722,I45129253,University College London,exact,628804.7,https://ror.org/02jx3x895
2723,I94624287,University of Twente,exact,208033.81,https://ror.org/006hf6230
2724,I93860229,Politecnico di Milano,exact,34953.16,https://ror.org/01nffqt88
2725,I891191580,Aalborg University,exact,181944.95,https://ror.org/04m5j1k67
2726,,,none,,
2727,,,none,,
2728,I3133086891,Hochschule für Angewandte Wissenschaften Kiel,weak,3357.3535,https://ror.org/03q0ab227
2729,I13469542,Vrije Universiteit Brussel,weak,103277.375,https://ror.org/006e5kg04
2730,I241749,University of Cambridge,exact,532775.94,https://ror.org/013meh722
2731,I4210114974,IMEC,weak,10988.175,https://ror.org/02kcbn207
2732,,,none,,
2733,I86987016,KTH Royal Institute of Technology,fuzzy,121966.055,https://ror.org/026vcq606
2734,I47508984,Imperial College London,fuzzy,471411.25,https://ror.org/041kmwe10
2735,,,none,,
2736,I83019370,Eindhoven University of Technology,exact,250696.17,https://ror.org/02c2kyt77
2737,,,none,,
2738,I193223587,University of Trento,exact,167551.7,https://ror.org/05trd4x28
2739,I166337079,Queen Mary University of London,fuzzy,30073.516,https://ror.org/026zzn846
2740,I5124864,École Polytechnique Fédérale de Lausanne,fuzzy,30682.26,https://ror.org/02s376052
2741,I4577782,Technische Universität Berlin,fuzzy,12031.05,https://ror.org/03v4gjf40
2742,I123387679,Uppsala University,exact,353079.12,https://ror.org/048a87296
2743,I5124864,École Polytechnique Fédérale de Lausanne,fuzzy,30682.26,https://ror.org/02s376052
2744,,,none,,
2745,I177969490,University of Southern Denmark,exact,212614.42,https://ror.org/03yrrjy16
2746,I181231927,National University of Ireland,weak,74353.99,https://ror.org/00shsf120
2747,I100066346,University of Stuttgart,exact,179536.81,https://ror.org/04vnq7t77
2748,I50357001,Universidad Carlos III de Madrid,exact,27918.14,https://ror.org/03ths8210
2749,I193662353,Utrecht University,exact,376452.06,https://ror.org/04pp8hn57
2750,,,none,,
2751,I116067653,University of Rome Tor Vergata,exact,457244.3,https://ror.org/02p77k626
2752,I887064364,University of Amsterdam,exact,380175.53,https://ror.org/04dkp9463
2753,I100930933,University College Dublin,fuzzy,21812.613,https://ror.org/05m7pjf47
2754,I79238269,Universidad de Sevilla,weak,9940.919,https://ror.org/03yxnpp24
2755,I129774422,University of Vienna,exact,231053.86,https://ror.org/03prydq77
2756,I86987016,KTH Royal Institute of Technology,fuzzy,121966.055,https://ror.org/026vcq606
2757,,,none,,
2758,I34352273,Maastricht University,exact,286442.2,https://ror.org/02jz4aj89
2759,I96673099,Technical University of Denmark,exact,294979.28,https://ror.org/04qtj9h94
2760,I50357001,Universidad Carlos III de Madrid,exact,27918.14,https://ror.org/03ths8210
2761,I9360294,University of Bologna,exact,320890.8,https://ror.org/01111rn36
2762,I99464096,KU Leuven,exact,75807.95,https://ror.org/05f950310
2763,I184942183,University of Oslo,exact,303018.66,https://ror.org/01xtthb56
2764,,,none,,
2765,I93860229,Politecnico di Milano,exact,34953.16,https://ror.org/01nffqt88
2766,,,none,,
2767,,,none,,
2768,I25217355,University of Pavia,exact,233921.84,https://ror.org/00s6t1f81
2769,I189991,"University of Veterinary Medicine Hannover, Foundation",weak,20955.928,https://ror.org/015qjqf64
2770,,,none,,
2771,I204778367,Norwegian University of Science and Technology,exact,260490.53,https://ror.org/05xg72x27
2772,I98358874,Delft University of Technology,exact,336248.8,https://ror.org/02e2c7k09
2773,I66862912,Chalmers University of Technology,exact,226409.05,https://ror.org/040wg7k59
2774,I98358874,Delft University of Technology,exact,336248.8,https://ror.org/02e2c7k09
2775,I98358874,Delft University of Technology,exact,336248.8,https://ror.org/02e2c7k09
2776,I83019370,Eindhoven University of Technology,exact,250696.17,https://ror.org/02c2kyt77
2777,I205274468,Trinity College Dublin,exact,319291.9,https://ror.org/02tyrky19
2778,I181231927,National University of Ireland,weak,74353.99,https://ror.org/00shsf120
2779,I100930933,University College Dublin,fuzzy,21812.613,https://ror.org/05m7pjf47
2780,,,none,,
2781,I134820265,Consejo Superior de Investigaciones Científicas,fuzzy,31067.223,https://ror.org/02gfc7t72
2782,I94624287,University of Twente,exact,208033.81,https://ror.org/006hf6230
2783,I159176309,Universität Hamburg,exact,52580.78,https://ror.org/00g30e956
2784,,,none,,
2785,I134820265,Consejo Superior de Investigaciones Científicas,fuzzy,31067.223,https://ror.org/02gfc7t72
2786,I4432739,University of Bergen,exact,243454.16,https://ror.org/03zga2b32
2787,,,none,,
2788,I93860229,Politecnico di Milano,exact,34953.16,https://ror.org/01nffqt88
2789,,,none,,
2790,,,none,,
2791,I86987016,KTH Royal Institute of Technology,fuzzy,121966.055,https://ror.org/026vcq606
2792,I94624287,University of Twente,exact,208033.81,https://ror.org/006hf6230
2793,I134820265,Consejo Superior de Investigaciones Científicas,fuzzy,31067.223,https://ror.org/02gfc7t72
2794,,,none,,
2795,I193223587,University of Trento,exact,167551.7,https://ror.org/05trd4x28
2796,I149213910,University of Antwerp,exact,241988.78,https://ror.org/008x57b05
2797,I100930933,University College Dublin,fuzzy,21812.613,https://ror.org/05m7pjf47
2798,I93860229,Politecnico di Milano,exact,34953.16,https://ror.org/01nffqt88
2799,I1294671590,Centre National de la Recherche Scientifique,fuzzy,165431.84,https://ror.org/02feahw73
2800,I4210091621,ARMINES,weak,3105.1821,https://ror.org/00dcrfk74
2801,I86987016,KTH Royal Institute of Technology,fuzzy,121966.055,https://ror.org/026vcq606
2802,I174306211,Technion – Israel Institute of Technology,exact,341636.5,https://ror.org/03qryx823
2803,I86987016,KTH Royal Institute of Technology,fuzzy,121966.055,https://ror.org/026vcq606
2804,I98358874,Delft University of Technology,exact,336248.8,https://ror.org/02e2c7k09
2805,I174306211,Technion – Israel Institute of Technology,exact,341636.5,https://ror.org/03qryx823
2806,I4405253368,Consiglio Nazionale delle Ricerche - Istituto di Ricerca sugli Ecosistemi Terrestri,weak,1.6517878,https://ror.org/00keh9s20
2807,I180437899,University of Bremen,exact,151379.67,https://ror.org/04ers2y35
2808,I170486558,Universitat Pompeu Fabra,exact,43511.164,https://ror.org/04n0g0b29
2809,I204778367,Norwegian University of Science and Technology,exact,260490.53,https://ror.org/05xg72x27
2810,I204778367,Norwegian University of Science and Technology,exact,260490.53,https://ror.org/05xg72x27
2811,,,none,,
2812,I1294671590,Centre National de la Recherche Scientifique,fuzzy,165431.84,https://ror.org/02feahw73
2813,I98381234,University of Oulu,exact,208576.0,https://ror.org/03yj89h83
2814,I98677209,University of Edinburgh,exact,396567.03,https://ror.org/01nrxwf90
2815,,,none,,
2816,I129774422,University of Vienna,exact,231053.86,https://ror.org/03prydq77
2817,I60053951,Universitat Politècnica de València,exact,25744.195,https://ror.org/01460j859
2818,I166337079,Queen Mary University of London,fuzzy,30073.516,https://ror.org/026zzn846
2819,,,none,,
2820,I96673099,Technical University of Denmark,exact,294979.28,https://ror.org/04qtj9h94
2821,I4210139239,Helmholtz-Zentrum Hereon,fuzzy,10370.5205,https://ror.org/03qjp1d79
2822,I123387679,Uppsala University,exact,353079.12,https://ror.org/048a87296
2823,I4432739,University of Bergen,exact,243454.16,https://ror.org/03zga2b32
2824,,,none,,
2825,I99464096,KU Leuven,exact,75807.95,https://ror.org/05f950310
2826,I205274468,Trinity College Dublin,exact,319291.9,https://ror.org/02tyrky19
2827,I175532246,University of Eastern Finland,exact,204624.42,https://ror.org/00cyydd11
2828,I30771326,Italian Institute of Technology,exact,141176.92,https://ror.org/042t93s57
2829,I83816512,University of Genoa,exact,238653.8,https://ror.org/0107c5v14
2830,I187531555,Lund University,exact,378976.9,https://ror.org/012a77v79
2831,I71824836,Swiss Federal Laboratories for Materials Science and Technology,fuzzy,212244.1,https://ror.org/02x681a42
2832,I54009628,University of Bayreuth,exact,156766.92,https://ror.org/0234wmv40
2833,I174306211,Technion – Israel Institute of Technology,exact,341636.5,https://ror.org/03qryx823
2834,I100930933,University College Dublin,fuzzy,21812.613,https://ror.org/05m7pjf47
2835,I4210112527,Luxembourg Institute of Science and Technology,exact,58682.023,https://ror.org/01t178j62
2836,I98358874,Delft University of Technology,exact,336248.8,https://ror.org/02e2c7k09
2837,I93860229,Politecnico di Milano,exact,34953.16,https://ror.org/01nffqt88
2838,I40527276,Universität der Bundeswehr München,fuzzy,4895.211,https://ror.org/05kkv3f82
2839,I4210147769,Institute for Bioengineering of Catalonia,exact,74720.42,https://ror.org/056h71x09
2840,I34771391,University of Cyprus,exact,97136.195,https://ror.org/02qjrjx09
2841,I205274468,Trinity College Dublin,exact,319291.9,https://ror.org/02tyrky19
2842,I100066346,University of Stuttgart,exact,179536.81,https://ror.org/04vnq7t77
2843,I62318514,University of Duisburg-Essen,exact,296820.5,https://ror.org/04mz5ra38
2844,I188760350,Ollscoil na Gaillimhe – University of Galway,exact,21279.994,https://ror.org/03bea9k73
2845,I241749,University of Cambridge,exact,532775.94,https://ror.org/013meh722
2846,,,none,,
2847,I133731052,University of Helsinki,exact,368817.44,https://ror.org/040af2s02
2848,I5124864,École Polytechnique Fédérale de Lausanne,fuzzy,30682.26,https://ror.org/02s376052
2849,,,none,,
2850,,,none,,
2851,I9360294,University of Bologna,exact,320890.8,https://ror.org/01111rn36
2852,I134820265,Consejo Superior de Investigaciones Científicas,fuzzy,31067.223,https://ror.org/02gfc7t72
2853,I47508984,Imperial College London,fuzzy,471411.25,https://ror.org/041kmwe10
2854,I35440088,ETH Zurich,fuzzy,59592.008,https://ror.org/05a28rw58
2855,I182712176,Montanuniversität Leoben,exact,10496.327,https://ror.org/02fhfw393
2856,I4210135925,Materials Center Leoben (Austria),fuzzy,32213.547,https://ror.org/04s620254
2857,I83019370,Eindhoven University of Technology,exact,250696.17,https://ror.org/02c2kyt77
2858,I98358874,Delft University of Technology,exact,336248.8,https://ror.org/02e2c7k09
2859,I134820265,Consejo Superior de Investigaciones Científicas,fuzzy,31067.223,https://ror.org/02gfc7t72
2860,I159176309,Universität Hamburg,exact,52580.78,https://ror.org/00g30e956
2861,I30771326,Italian Institute of Technology,exact,141176.92,https://ror.org/042t93s57
2862,,,none,,
2863,I32597200,Ghent University,exact,332866.03,https://ror.org/00cv9y106
2864,I177477856,Politecnico di Torino,exact,28573.088,https://ror.org/00bgk9508
2865,I241749,University of Cambridge,exact,532775.94,https://ror.org/013meh722
2866,I35440088,ETH Zurich,fuzzy,59592.008,https://ror.org/05a28rw58
2867,I47508984,Imperial College London,fuzzy,471411.25,https://ror.org/041kmwe10
2868,I1294671590,Centre National de la Recherche Scientifique,fuzzy,165431.84,https://ror.org/02feahw73
2869,I177477856,Politecnico di Torino,exact,28573.088,https://ror.org/00bgk9508
2870,I153976015,University of Ljubljana,exact,182469.34,https://ror.org/05njb9z20
2871,I35440088,ETH Zurich,fuzzy,59592.008,https://ror.org/05a28rw58
2872,I35440088,ETH Zurich,fuzzy,59592.008,https://ror.org/05a28rw58
2873,,,none,,
2874,I99682543,University of Minho,exact,168144.42,https://ror.org/037wpkx04
2875,I79510175,Cardiff University,exact,296880.3,https://ror.org/03kk7td41
2876,I95674353,UCLouvain,fuzzy,33728.004,https://ror.org/02495e989
2877,I1294671590,Centre National de la Recherche Scientifique,fuzzy,165431.84,https://ror.org/02feahw73
2878,I40120149,University of Oxford,exact,569785.9,https://ror.org/052gg0110
2879,,,none,,
2880,I145847075,TU Wien,exact,26474.12,https://ror.org/04d836q62
2881,I182712176,Montanuniversität Leoben,exact,10496.327,https://ror.org/02fhfw393
2882,I102335020,Karlsruhe Institute of Technology,exact,296917.25,https://ror.org/04t3en479
2883,I4405253368,Consiglio Nazionale delle Ricerche - Istituto di Ricerca sugli Ecosistemi Terrestri,weak,1.6517878,https://ror.org/00keh9s20
2884,I1294671590,Centre National de la Recherche Scientifique,fuzzy,165431.84,https://ror.org/02feahw73
2885,,,none,,
2886,I99682543,University of Minho,exact,168144.42,https://ror.org/037wpkx04
2887,I93860229,Politecnico di Milano,exact,34953.16,https://ror.org/01nffqt88
2888,I1294671590,Centre National de la Recherche Scientifique,fuzzy,165431.84,https://ror.org/02feahw73
2889,I1294671590,Centre National de la Recherche Scientifique,fuzzy,165431.84,https://ror.org/02feahw73
2890,,,none,,
2891,I47508984,Imperial College London,fuzzy,471411.25,https://ror.org/041kmwe10
2892,I4210085895,IMDEA Energy Institute,exact,39809.62,https://ror.org/002tzev63
2893,,,none,,
2894,I93860229,Politecnico di Milano,exact,34953.16,https://ror.org/01nffqt88
2895,I2801587439,"Basque Center for Materials, Applications and Nanostructures",fuzzy,5783.686,https://ror.org/005hdgp31
2896,I241749,University of Cambridge,exact,532775.94,https://ror.org/013meh722
2897,I134820265,Consejo Superior de Investigaciones Científicas,fuzzy,31067.223,https://ror.org/02gfc7t72
2898,I98358874,Delft University of Technology,exact,336248.8,https://ror.org/02e2c7k09
2899,I9927081,Aalto University,exact,173380.19,https://ror.org/020hwjq30
2900,I95674353,UCLouvain,fuzzy,33728.004,https://ror.org/02495e989
2901,I205274468,Trinity College Dublin,exact,319291.9,https://ror.org/02tyrky19
2902,I1294671590,Centre National de la Recherche Scientifique,fuzzy,165431.84,https://ror.org/02feahw73
2903,I177477856,Politecnico di Torino,exact,28573.088,https://ror.org/00bgk9508
2904,I913481162,Wageningen University & Research,fuzzy,288460.2,https://ror.org/04qw24q55
2905,,,none,,
2906,I138689650,University of Padua,exact,391372.62,https://ror.org/00240q980
2907,I47508984,Imperial College London,fuzzy,471411.25,https://ror.org/041kmwe10
2908,I2898391981,Deutsches Zentrum für Luft- und Raumfahrt e. V. (DLR),weak,7512.7476,https://ror.org/04bwf3e34
2909,I31512782,Technische Universität Darmstadt,exact,32278.135,https://ror.org/05n911h24
2910,I1294671590,Centre National de la Recherche Scientifique,fuzzy,165431.84,https://ror.org/02feahw73
2911,I1294671590,Centre National de la Recherche Scientifique,fuzzy,165431.84,https://ror.org/02feahw73
2912,I4210128520,Institut de Recerca en Energia de Catalunya,fuzzy,2148.9202,https://ror.org/03b6f4629
2913,I4210107832,Ernst Abbe University of Applied Sciences Jena,weak,5637.472,https://ror.org/01rfnc002
2914,I4405253368,Consiglio Nazionale delle Ricerche - Istituto di Ricerca sugli Ecosistemi Terrestri,weak,1.6517878,https://ror.org/00keh9s20
2915,I4210091621,ARMINES,weak,3105.1821,https://ror.org/00dcrfk74
2916,,,none,,
2917,I4210147769,Institute for Bioengineering of Catalonia,exact,74720.42,https://ror.org/056h71x09
2918,I93860229,Politecnico di Milano,exact,34953.16,https://ror.org/01nffqt88
2919,I134820265,Consejo Superior de Investigaciones Científicas,fuzzy,31067.223,https://ror.org/02gfc7t72
2920,I4210085895,IMDEA Energy Institute,exact,39809.62,https://ror.org/002tzev63
2921,I130828816,University of Leeds,exact,298518.0,https://ror.org/024mrxd33
2922,I186903577,University of Luxembourg,exact,91592.805,https://ror.org/036x5ad56
2923,I205274468,Trinity College Dublin,exact,319291.9,https://ror.org/02tyrky19
2924,I93860229,Politecnico di Milano,exact,34953.16,https://ror.org/01nffqt88
2925,I28407311,University of Manchester,exact,395875.12,https://ror.org/027m9bs27
2926,I1294671590,Centre National de la Recherche Scientifique,fuzzy,165431.84,https://ror.org/02feahw73
2927,I56067802,Université de Rennes,exact,30914.777,https://ror.org/015m7wh34
2928,I163151358,Cyprus University of Technology,exact,52151.12,https://ror.org/05qt8tf94
2929,I123044942,Universitat Autònoma de Barcelona,exact,39540.395,https://ror.org/052g8jq94
2930,I134820265,Consejo Superior de Investigaciones Científicas,fuzzy,31067.223,https://ror.org/02gfc7t72
2931,I51601045,University of Bath,exact,175667.95,https://ror.org/002h8g185
2932,I1294671590,Centre National de la Recherche Scientifique,fuzzy,165431.84,https://ror.org/02feahw73
2933,I204337017,Aarhus University,exact,286607.8,https://ror.org/01aj84f44
2934,I1294671590,Centre National de la Recherche Scientifique,fuzzy,165431.84,https://ror.org/02feahw73
2935,,,none,,
2936,I4210126310,Universitätsklinikum Würzburg,exact,15150.472,https://ror.org/03pvr2g57
2937,I174306211,Technion – Israel Institute of Technology,exact,341636.5,https://ror.org/03qryx823
2938,I79619799,University of Birmingham,exact,359401.1,https://ror.org/03angcq70
2939,I32597200,Ghent University,exact,332866.03,https://ror.org/00cv9y106
2940,I134820265,Consejo Superior de Investigaciones Científicas,fuzzy,31067.223,https://ror.org/02gfc7t72
2941,I255234318,Universidad de Zaragoza,exact,22358.32,https://ror.org/012a91z28
2942,I98358874,Delft University of Technology,exact,336248.8,https://ror.org/02e2c7k09
2943,I93860229,Politecnico di Milano,exact,34953.16,https://ror.org/01nffqt88
2944,I30771326,Italian Institute of Technology,exact,141176.92,https://ror.org/042t93s57
2945,I138689650,University of Padua,exact,391372.62,https://ror.org/00240q980
2946,I86987016,KTH Royal Institute of Technology,fuzzy,121966.055,https://ror.org/026vcq606
2947,I16391192,Tel Aviv University,exact,529300.0,https://ror.org/04mhzgx49
2948,I161593684,Stockholm University,exact,248837.88,https://ror.org/05f0yaq80
2949,I241749,University of Cambridge,exact,532775.94,https://ror.org/013meh722
2950,I1294671590,Centre National de la Recherche Scientifique,fuzzy,165431.84,https://ror.org/02feahw73
2951,I134820265,Consejo Superior de Investigaciones Científicas,fuzzy,31067.223,https://ror.org/02gfc7t72
2952,I118564535,University of Bern,exact,287583.72,https://ror.org/02k7v4d05
2953,I145872427,Radboud University Nijmegen,exact,690368.0,https://ror.org/016xsfp80
2954,I28407311,University of Manchester,exact,395875.12,https://ror.org/027m9bs27
2955,I149899117,Max Planck Society,exact,481286.8,https://ror.org/01hhn8329
2956,,,none,,
2957,I75951250,Freie Universität Berlin,exact,46536.777,https://ror.org/046ak2485
2958,I9360294,University of Bologna,exact,320890.8,https://ror.org/01111rn36
2959,I145872427,Radboud University Nijmegen,exact,690368.0,https://ror.org/016xsfp80
2960,I169381384,University of Groningen,exact,390846.1,https://ror.org/012p63287
2961,I2799713863,Leibniz Institute for Astrophysics Potsdam,fuzzy,152014.62,https://ror.org/03mrbr458
2962,I9927081,Aalto University,exact,173380.19,https://ror.org/020hwjq30
2963,I887064364,University of Amsterdam,exact,380175.53,https://ror.org/04dkp9463
2964,I149899117,Max Planck Society,exact,481286.8,https://ror.org/01hhn8329
2965,I21250087,Charles University,fuzzy,15146.773,https://ror.org/024d6js02
2966,I40120149,University of Oxford,exact,569785.9,https://ror.org/052gg0110
2967,I84884186,Newcastle University,fuzzy,41579.75,https://ror.org/01kj2bm70
2968,I205274468,Trinity College Dublin,exact,319291.9,https://ror.org/02tyrky19
2969,I2799784675,University Hospitals of the Ruhr-University of Bochum,weak,30920.643,https://ror.org/03zcpvf19
2970,I8204097,Ludwig-Maximilians-Universität München,weak,31190.25,https://ror.org/05591te55
2971,I129774422,University of Vienna,exact,231053.86,https://ror.org/03prydq77
2972,,,none,,
2973,I96673099,Technical University of Denmark,exact,294979.28,https://ror.org/04qtj9h94
2974,I121797337,Leiden University,exact,288571.72,https://ror.org/027bh9e22
2975,I96673099,Technical University of Denmark,exact,294979.28,https://ror.org/04qtj9h94
2976,I1285790362,Finnish Meteorological Institute,exact,97780.09,https://ror.org/05hppb561
2977,I134820265,Consejo Superior de Investigaciones Científicas,fuzzy,31067.223,https://ror.org/02gfc7t72
2978,I197251160,Hebrew University of Jerusalem,exact,375981.75,https://ror.org/03qxff017
2979,I133731052,University of Helsinki,exact,368817.44,https://ror.org/040af2s02
2980,I4210152878,GFZ Helmholtz Centre for Geosciences,exact,208720.86,https://ror.org/04z8jg394
2981,I122346577,University of Modena and Reggio Emilia,exact,346189.84,https://ror.org/02d4c4y02
2982,I149899117,Max Planck Society,exact,481286.8,https://ror.org/01hhn8329
2983,I75951250,Freie Universität Berlin,exact,46536.777,https://ror.org/046ak2485
2984,I126596746,Jagiellonian University,exact,201192.7,https://ror.org/03bqmcz70
2985,I161593684,Stockholm University,exact,248837.88,https://ror.org/05f0yaq80
2986,,,none,,
2987,I16097986,Universitat de València,exact,34157.383,https://ror.org/043nxc105
2988,I875825670,National Institute for Astrophysics,weak,193794.02,https://ror.org/02gh4kt33
2989,I121797337,Leiden University,exact,288571.72,https://ror.org/027bh9e22
2990,I1321434546,European Southern Observatory,weak,127631.29,https://ror.org/01qtasp15
2991,I187453708,Institute for High Energy Physics,exact,194168.22,https://ror.org/01sdrjx85
2992,I2799713863,Leibniz Institute for Astrophysics Potsdam,fuzzy,152014.62,https://ror.org/03mrbr458
2993,I21491767,Aix-Marseille Université,exact,46815.637,https://ror.org/035xkbk20
2994,I4387154425,GeoSphere Austria,exact,5751.605,https://ror.org/0181cy234
2995,I4210107832,Ernst Abbe University of Applied Sciences Jena,weak,5637.472,https://ror.org/01rfnc002
2996,I1294671590,Centre National de la Recherche Scientifique,fuzzy,165431.84,https://ror.org/02feahw73
2997,I99464096,KU Leuven,exact,75807.95,https://ror.org/05f950310
2998,I98358874,Delft University of Technology,exact,336248.8,https://ror.org/02e2c7k09
2999,I241749,University of Cambridge,exact,532775.94,https://ror.org/013meh722
3000,I116067653,University of Rome Tor Vergata,exact,457244.3,https://ror.org/02p77k626
3001,I192396691,University of New Orleans,fuzzy,25151.0,https://ror.org/034mtvk83
3002,I149899117,Max Planck Society,exact,481286.8,https://ror.org/01hhn8329
3003,I71030271,Heidelberg Institute for Theoretical Studies,fuzzy,102419.4,https://ror.org/01f7bcy98
3004,I23923803,University of Exeter,exact,225284.75,https://ror.org/03yghzc09
3005,I204778367,Norwegian University of Science and Technology,exact,260490.53,https://ror.org/05xg72x27
3006,I39555362,University of Warwick,exact,259869.52,https://ror.org/01a77tt86
3007,I1294671590,Centre National de la Recherche Scientifique,fuzzy,165431.84,https://ror.org/02feahw73
3008,I899635006,Université Grenoble Alpes,fuzzy,26837.717,https://ror.org/02rx3b187
3009,I121797337,Leiden University,exact,288571.72,https://ror.org/027bh9e22
3010,I887064364,University of Amsterdam,exact,380175.53,https://ror.org/04dkp9463
3011,I189158943,University of Milan,weak,362583.25,https://ror.org/00wjc7c48
3012,I899635006,Université Grenoble Alpes,fuzzy,26837.717,https://ror.org/02rx3b187
3013,I40120149,University of Oxford,exact,569785.9,https://ror.org/052gg0110
3014,I875825670,National Institute for Astrophysics,weak,193794.02,https://ror.org/02gh4kt33
3015,I114457229,University of Geneva,exact,297821.62,https://ror.org/01swzsf04
3016,,,none,,
3017,I123044942,Universitat Autònoma de Barcelona,exact,39540.395,https://ror.org/052g8jq94
3018,I99464096,KU Leuven,exact,75807.95,https://ror.org/05f950310
3019,I174306211,Technion – Israel Institute of Technology,exact,341636.5,https://ror.org/03qryx823
3020,I1294671590,Centre National de la Recherche Scientifique,fuzzy,165431.84,https://ror.org/02feahw73
3021,I121797337,Leiden University,exact,288571.72,https://ror.org/027bh9e22
3022,I189158943,University of Milan,weak,362583.25,https://ror.org/00wjc7c48
3023,I56067802,Université de Rennes,exact,25064.004,https://ror.org/015m7wh34
3024,I184942183,University of Oslo,exact,303018.66,https://ror.org/01xtthb56
3025,,,none,,
3026,I45129253,University College London,exact,628804.7,https://ror.org/02jx3x895
3027,I138549579,Scuola Internazionale Superiore di Studi Avanzati,fuzzy,18574.277,https://ror.org/004fze387
3028,I23923803,University of Exeter,exact,225284.75,https://ror.org/03yghzc09
3029,I16391192,Tel Aviv University,exact,529300.0,https://ror.org/04mhzgx49
3030,I133731052,University of Helsinki,exact,368817.44,https://ror.org/040af2s02
3031,I134820265,Consejo Superior de Investigaciones Científicas,fuzzy,31067.223,https://ror.org/02gfc7t72
3032,I134820265,Consejo Superior de Investigaciones Científicas,fuzzy,31067.223,https://ror.org/02gfc7t72
3033,I1294671590,Centre National de la Recherche Scientifique,fuzzy,165431.84,https://ror.org/02feahw73
3034,I1294671590,Centre National de la Recherche Scientifique,fuzzy,165431.84,https://ror.org/02feahw73
3035,I9927081,Aalto University,exact,173380.19,https://ror.org/020hwjq30
3036,I4210118731,National Observatory of Athens,exact,76013.05,https://ror.org/03dtebk39
3037,I9360294,University of Bologna,exact,320890.8,https://ror.org/01111rn36
3038,I63098007,Liverpool John Moores University,exact,222711.62,https://ror.org/04zfme737
3039,I184942183,University of Oslo,exact,303018.66,https://ror.org/01xtthb56
3040,I2799784675,University Hospitals of the Ruhr-University of Bochum,weak,30920.643,https://ror.org/03zcpvf19
3041,I4210086570,Heidelberg University of Education,fuzzy,8563.61,https://ror.org/0044w3h23
3042,I118564535,University of Bern,exact,287583.72,https://ror.org/02k7v4d05
3043,I62916508,Technical University of Munich,exact,424323.34,https://ror.org/02kkvpp62
3044,I145872427,Radboud University Nijmegen,exact,690368.0,https://ror.org/016xsfp80
3045,I99464096,KU Leuven,exact,75807.95,https://ror.org/05f950310
3046,I13955877,Bar-Ilan University,exact,249102.6,https://ror.org/03kgsv495
3047,I8901234,Foundation for Research and Technology Hellas,exact,128927.9,https://ror.org/052rphn09
3048,,,none,,
3049,I149899117,Max Planck Society,exact,481286.8,https://ror.org/01hhn8329
3050,I899635006,Université Grenoble Alpes,fuzzy,26837.717,https://ror.org/02rx3b187
3051,I129774422,University of Vienna,exact,231053.86,https://ror.org/03prydq77
3052,I71999127,Universitat de Barcelona,exact,38764.41,https://ror.org/021018s57
3053,I99464096,KU Leuven,exact,75807.95,https://ror.org/05f950310
3054,I28407311,University of Manchester,exact,395875.12,https://ror.org/027m9bs27
3055,I135140700,University of Bonn,exact,339605.3,https://ror.org/041nas322
3056,I53964585,Weizmann Institute of Science,fuzzy,256521.75,https://ror.org/0316ej306
3057,I114457229,University of Geneva,exact,297821.62,https://ror.org/01swzsf04
3058,I153648349,University of Leicester,exact,242057.86,https://ror.org/04h699437
3059,I75951250,Freie Universität Berlin,exact,46536.777,https://ror.org/046ak2485
3060,I47508984,Imperial College London,fuzzy,471411.25,https://ror.org/041kmwe10
3061,I1294671590,Centre National de la Recherche Scientifique,fuzzy,165431.84,https://ror.org/02feahw73
3062,I124055696,University of Copenhagen,exact,402602.5,https://ror.org/035b05819
3063,I4210128682,HUN-REN Research Centre for Astronomy and Earth Sciences,fuzzy,64382.01,https://ror.org/036wvs663
3064,I133731052,University of Helsinki,exact,368817.44,https://ror.org/040af2s02
3065,I145872427,Radboud University Nijmegen,exact,690368.0,https://ror.org/016xsfp80
3066,I23923803,University of Exeter,exact,225284.75,https://ror.org/03yghzc09
3067,I153648349,University of Leicester,exact,242057.86,https://ror.org/04h699437
3068,I169381384,University of Groningen,exact,390846.1,https://ror.org/012p63287
3069,I28407311,University of Manchester,exact,395875.12,https://ror.org/027m9bs27
3070,,,none,,
3071,I202697423,University of Zurich,exact,350629.0,https://ror.org/02crff812
3072,I2799713863,Leibniz Institute for Astrophysics Potsdam,fuzzy,152014.62,https://ror.org/03mrbr458
3073,,,none,,
3074,I32597200,Ghent University,exact,332866.03,https://ror.org/00cv9y106
3075,I133731052,University of Helsinki,exact,368817.44,https://ror.org/040af2s02
3076,I184942183,University of Oslo,exact,303018.66,https://ror.org/01xtthb56
3077,I99464096,KU Leuven,exact,75807.95,https://ror.org/05f950310
3078,I124055696,University of Copenhagen,exact,402602.5,https://ror.org/035b05819
3079,I16835326,University of St Andrews,exact,228166.6,https://ror.org/02wn5qz54
3080,I79510175,Cardiff University,exact,296880.3,https://ror.org/03kk7td41
3081,I63072094,University of Portsmouth,exact,131609.39,https://ror.org/03ykbk197
3082,I2799713863,Leibniz Institute for Astrophysics Potsdam,fuzzy,152014.62,https://ror.org/03mrbr458
3083,I149899117,Max Planck Society,exact,481286.8,https://ror.org/01hhn8329
3084,I98677209,University of Edinburgh,exact,396567.03,https://ror.org/01nrxwf90
3085,,,none,,
3086,,,none,,
3087,I63098007,Liverpool John Moores University,exact,222711.62,https://ror.org/04zfme737
3088,I124055696,University of Copenhagen,exact,402602.5,https://ror.org/035b05819
3089,,,none,,
3090,I2801876189,Deutsches Elektronen-Synchrotron DESY,weak,205909.84,https://ror.org/01js2sh04
3091,I8901234,Foundation for Research and Technology Hellas,exact,128927.9,https://ror.org/052rphn09
3092,,,none,,
3093,I1294671590,Centre National de la Recherche Scientifique,fuzzy,165431.84,https://ror.org/02feahw73
3094,I162608824,University of Sussex,exact,202713.3,https://ror.org/00ayhx656
3095,I63072094,University of Portsmouth,exact,131609.39,https://ror.org/03ykbk197
3096,I45129253,University College London,exact,628804.7,https://ror.org/02jx3x895
3097,I134820265,Consejo Superior de Investigaciones Científicas,fuzzy,31067.223,https://ror.org/02gfc7t72
3098,I99464096,KU Leuven,exact,75807.95,https://ror.org/05f950310
3099,I66862912,Chalmers University of Technology,exact,226409.05,https://ror.org/040wg7k59
3100,I43439940,University of Southampton,exact,297888.47,https://ror.org/01ryk1543
3101,I138689650,University of Padua,exact,391372.62,https://ror.org/00240q980
3102,I4210122644,FZU ‒ Institute of Physics of the Academy of Sciences of the Czech Republic,fuzzy,8742.749,https://ror.org/02yhj4v17
3103,I45129253,University College London,exact,628804.7,https://ror.org/02jx3x895
3104,I205092303,Institut d'Etudes Politiques de Paris,exact,6560.9937,https://ror.org/05fe7ax82
3105,I50357001,Universidad Carlos III de Madrid,exact,27918.14,https://ror.org/03ths8210
3106,I45129253,University College London,exact,628804.7,https://ror.org/02jx3x895
3107,,,none,,
3108,I202697423,University of Zurich,exact,350629.0,https://ror.org/02crff812
3109,I202697423,University of Zurich,exact,350629.0,https://ror.org/02crff812
3110,I138689650,University of Padua,exact,391372.62,https://ror.org/00240q980
3111,I40120149,University of Oxford,exact,569785.9,https://ror.org/052gg0110
3112,I180923762,University of Cologne,weak,13310.07,https://ror.org/00rcxh774
3113,I161593684,Stockholm University,exact,248837.88,https://ror.org/05f0yaq80
3114,I47508984,Imperial College London,fuzzy,471411.25,https://ror.org/041kmwe10
3115,I16391192,Tel Aviv University,exact,529300.0,https://ror.org/04mhzgx49
3116,,,none,,
3117,I161593684,Stockholm University,exact,248837.88,https://ror.org/05f0yaq80
3118,,,none,,
3119,I8204097,Ludwig-Maximilians-Universität München,weak,31190.25,https://ror.org/05591te55
3120,,,none,,
3121,I161593684,Stockholm University,exact,248837.88,https://ror.org/05f0yaq80
3122,I170486558,Universitat Pompeu Fabra,exact,43511.164,https://ror.org/04n0g0b29
3123,I134820265,Consejo Superior de Investigaciones Científicas,fuzzy,31067.223,https://ror.org/02gfc7t72
3124,I170486558,Universitat Pompeu Fabra,exact,43511.164,https://ror.org/04n0g0b29
3125,,,none,,
3126,I170486558,Universitat Pompeu Fabra,exact,43511.164,https://ror.org/04n0g0b29
3127,I4210092408,Toulouse School of Economics,weak,44015.934,https://ror.org/00ff5f522
3128,,,none,,
3129,I1308524038,Kiel Institute for the World Economy,weak,54072.78,https://ror.org/032yym934
3130,,,none,,
3131,I83860666,HEC Paris,exact,47743.035,https://ror.org/0423jsj19
3132,I159176309,Universität Hamburg,exact,52580.78,https://ror.org/00g30e956
3133,I170486558,Universitat Pompeu Fabra,exact,43511.164,https://ror.org/04n0g0b29
3134,,,none,,
3135,I57995698,Paris School of Economics,exact,48584.387,https://ror.org/01qtp1053
3136,I184942183,University of Oslo,exact,303018.66,https://ror.org/01xtthb56
3137,I8204097,Ludwig-Maximilians-Universität München,weak,31190.25,https://ror.org/05591te55
3138,I5237613,Frankfurt University of Applied Sciences,weak,9938.851,https://ror.org/02r625m11
3139,I170486558,Universitat Pompeu Fabra,exact,43511.164,https://ror.org/04n0g0b29
3140,I155660961,University of Turku,exact,205834.64,https://ror.org/05vghhr25
3141,I4210092408,Toulouse School of Economics,weak,44015.934,https://ror.org/00ff5f522
3142,,,none,,
3143,I205092303,Institut d'Etudes Politiques de Paris,exact,6560.9937,https://ror.org/05fe7ax82
3144,I205092303,Institut d'Etudes Politiques de Paris,exact,6560.9937,https://ror.org/05fe7ax82
3145,I161593684,Stockholm University,exact,248837.88,https://ror.org/05f0yaq80
3146,I4210121259,"Czech Academy of Sciences, Economics Institute",exact,535.2474,https://ror.org/01y3ft232
3147,,,none,,
3148,I45129253,University College London,exact,628804.7,https://ror.org/02jx3x895
3149,I42134832,Barcelona School of Economics,fuzzy,3654.8926,https://ror.org/02k09n368
3150,I909854389,London School of Economics and Political Science,fuzzy,227506.02,https://ror.org/0090zs177
3151,I913958620,Erasmus University Rotterdam,exact,443607.78,https://ror.org/057w15z03
3152,I205092303,Institut d'Etudes Politiques de Paris,exact,6560.9937,https://ror.org/05fe7ax82
3153,I189712700,University of Konstanz,exact,163886.89,https://ror.org/0546hnb39
3154,I83860666,HEC Paris,exact,47743.035,https://ror.org/0423jsj19
3155,I241749,University of Cambridge,exact,532775.94,https://ror.org/013meh722
3156,,,none,,
3157,I909854389,London School of Economics and Political Science,fuzzy,227506.02,https://ror.org/0090zs177
3158,I205092303,Institut d'Etudes Politiques de Paris,exact,6560.9937,https://ror.org/05fe7ax82
3159,I47508984,Imperial College London,fuzzy,471411.25,https://ror.org/041kmwe10
3160,I177802217,University of Mannheim,exact,100582.336,https://ror.org/031bsb921
3161,I202697423,University of Zurich,exact,350629.0,https://ror.org/02crff812
3162,,,none,,
3163,I45129253,University College London,exact,628804.7,https://ror.org/02jx3x895
3164,I45129253,University College London,exact,628804.7,https://ror.org/02jx3x895
3165,I202697423,University of Zurich,exact,350629.0,https://ror.org/02crff812
3166,I45129253,University College London,exact,628804.7,https://ror.org/02jx3x895
3167,I99464096,KU Leuven,exact,75807.95,https://ror.org/05f950310
3168,I5237613,Frankfurt University of Applied Sciences,weak,9938.851,https://ror.org/02r625m11
3169,I61544103,London Business School,exact,85263.11,https://ror.org/001c2sn75
3170,I40120149,University of Oxford,exact,569785.9,https://ror.org/052gg0110
3171,I40120149,University of Oxford,exact,569785.9,https://ror.org/052gg0110
3172,I909854389,London School of Economics and Political Science,fuzzy,227506.02,https://ror.org/0090zs177
3173,I95674353,UCLouvain,fuzzy,33728.004,https://ror.org/02495e989
3174,I4210121259,"Czech Academy of Sciences, Economics Institute",exact,535.2474,https://ror.org/01y3ft232
3175,I50357001,Universidad Carlos III de Madrid,exact,27918.14,https://ror.org/03ths8210
3176,I909854389,London School of Economics and Political Science,fuzzy,227506.02,https://ror.org/0090zs177
3177,I909854389,London School of Economics and Political Science,fuzzy,227506.02,https://ror.org/0090zs177
3178,I170486558,Universitat Pompeu Fabra,exact,43511.164,https://ror.org/04n0g0b29
3179,I61544103,London Business School,exact,85263.11,https://ror.org/001c2sn75
3180,I61544103,London Business School,exact,85263.11,https://ror.org/001c2sn75
3181,I177802217,University of Mannheim,exact,100582.336,https://ror.org/031bsb921
3182,I135140700,University of Bonn,exact,339605.3,https://ror.org/041nas322
3183,I61544103,London Business School,exact,85263.11,https://ror.org/001c2sn75
3184,I193700539,Tilburg University,exact,136090.75,https://ror.org/04b8v1s79
3185,I177802217,University of Mannheim,exact,100582.336,https://ror.org/031bsb921
3186,I45129253,University College London,exact,628804.7,https://ror.org/02jx3x895
3187,I170486558,Universitat Pompeu Fabra,exact,43511.164,https://ror.org/04n0g0b29
3188,I135140700,University of Bonn,exact,339605.3,https://ror.org/041nas322
3189,I198945027,Central European University,exact,26983.295,https://ror.org/02zx40v98
3190,I168864056,Bilkent University,exact,113617.945,https://ror.org/02vh8a032
3191,I909854389,London School of Economics and Political Science,fuzzy,227506.02,https://ror.org/0090zs177
3192,I184942183,University of Oslo,exact,303018.66,https://ror.org/01xtthb56
3193,I909854389,London School of Economics and Political Science,fuzzy,227506.02,https://ror.org/0090zs177
3194,I241749,University of Cambridge,exact,532775.94,https://ror.org/013meh722
3195,I47508984,Imperial College London,fuzzy,471411.25,https://ror.org/041kmwe10
3196,I45129253,University College London,exact,628804.7,https://ror.org/02jx3x895
3197,I909854389,London School of Economics and Political Science,fuzzy,227506.02,https://ror.org/0090zs177
3198,,,none,,
3199,I909854389,London School of Economics and Political Science,fuzzy,227506.02,https://ror.org/0090zs177
3200,I50357001,Universidad Carlos III de Madrid,exact,27918.14,https://ror.org/03ths8210
3201,I45129253,University College London,exact,628804.7,https://ror.org/02jx3x895
3202,I45129253,University College London,exact,628804.7,https://ror.org/02jx3x895
3203,I57995698,Paris School of Economics,exact,48584.387,https://ror.org/01qtp1053
3204,,,none,,
3205,I170486558,Universitat Pompeu Fabra,exact,43511.164,https://ror.org/04n0g0b29
3206,I40120149,University of Oxford,exact,569785.9,https://ror.org/052gg0110
3207,I61544103,London Business School,exact,85263.11,https://ror.org/001c2sn75
3208,I170486558,Universitat Pompeu Fabra,exact,43511.164,https://ror.org/04n0g0b29
3209,,,none,,
3210,I139607695,Institute for Fiscal Studies,weak,68981.24,https://ror.org/04r1cjx59
3211,,,none,,
3212,I205092303,Institut d'Etudes Politiques de Paris,exact,6560.9937,https://ror.org/05fe7ax82
3213,I170486558,Universitat Pompeu Fabra,exact,43511.164,https://ror.org/04n0g0b29
3214,I161593684,Stockholm University,exact,248837.88,https://ror.org/05f0yaq80
3215,,,none,,
3216,,,none,,
3217,,,none,,
3218,I21491767,Aix-Marseille Université,exact,46815.637,https://ror.org/035xkbk20
3219,I4210092408,Toulouse School of Economics,weak,44015.934,https://ror.org/00ff5f522
3220,I45129253,University College London,exact,628804.7,https://ror.org/02jx3x895
3221,I99464096,KU Leuven,exact,75807.95,https://ror.org/05f950310
3222,I909854389,London School of Economics and Political Science,fuzzy,227506.02,https://ror.org/0090zs177
3223,I909854389,London School of Economics and Political Science,fuzzy,227506.02,https://ror.org/0090zs177
3224,I125068653,IE University,exact,34114.984,https://ror.org/02jjdwm75
3225,I98677209,University of Edinburgh,exact,396567.03,https://ror.org/01nrxwf90
3226,,,none,,
3227,I184942183,University of Oslo,exact,303018.66,https://ror.org/01xtthb56
3228,I168864056,Bilkent University,exact,113617.945,https://ror.org/02vh8a032
3229,I205274468,Trinity College Dublin,exact,319291.9,https://ror.org/02tyrky19
3230,I204337017,Aarhus University,exact,286607.8,https://ror.org/01aj84f44
3231,I887064364,University of Amsterdam,exact,380175.53,https://ror.org/04dkp9463
3232,I887064364,University of Amsterdam,exact,380175.53,https://ror.org/04dkp9463
3233,I183935753,King's College London,exact,542667.9,https://ror.org/0220mzb33
3234,I205274468,Trinity College Dublin,exact,319291.9,https://ror.org/02tyrky19
3235,I183935753,King's College London,exact,542667.9,https://ror.org/0220mzb33
3236,I197251160,Hebrew University of Jerusalem,exact,375981.75,https://ror.org/03qxff017
3237,I161593684,Stockholm University,exact,248837.88,https://ror.org/05f0yaq80
3238,I91203450,University of Haifa,exact,124196.695,https://ror.org/02f009v59
3239,I13469542,Vrije Universiteit Brussel,weak,103277.375,https://ror.org/006e5kg04
3240,I189991,"University of Veterinary Medicine Hannover, Foundation",weak,20955.928,https://ror.org/015qjqf64
3241,I42934936,Dublin City University,exact,119235.93,https://ror.org/04a1a1e81
3242,I4432739,University of Bergen,exact,243454.16,https://ror.org/03zga2b32
3243,I134820265,Consejo Superior de Investigaciones Científicas,fuzzy,31067.223,https://ror.org/02gfc7t72
3244,I121797337,Leiden University,exact,288571.72,https://ror.org/027bh9e22
3245,I32597200,Ghent University,exact,332866.03,https://ror.org/00cv9y106
3246,,,none,,
3247,I913481162,Wageningen University & Research,fuzzy,288460.2,https://ror.org/04qw24q55
3248,I5237613,Frankfurt University of Applied Sciences,weak,9938.851,https://ror.org/02r625m11
3249,I21250087,Charles University,fuzzy,15146.773,https://ror.org/024d6js02
3250,I100930933,University College Dublin,fuzzy,21812.613,https://ror.org/05m7pjf47
3251,I100930933,University College Dublin,fuzzy,21812.613,https://ror.org/05m7pjf47
3252,I134820265,Consejo Superior de Investigaciones Científicas,fuzzy,31067.223,https://ror.org/02gfc7t72
3253,I32597200,Ghent University,exact,332866.03,https://ror.org/00cv9y106
3254,I100930933,University College Dublin,fuzzy,21812.613,https://ror.org/05m7pjf47
3255,I161104310,Zeppelin Universität gemeinnützige GmbH,exact,2990.4067,https://ror.org/05tbp1g38
3256,I887064364,University of Amsterdam,exact,380175.53,https://ror.org/04dkp9463
3257,I124055696,University of Copenhagen,exact,402602.5,https://ror.org/035b05819
3258,,,none,,
3259,I129774422,University of Vienna,exact,231053.86,https://ror.org/03prydq77
3260,I32597200,Ghent University,exact,332866.03,https://ror.org/00cv9y106
3261,I50357001,Universidad Carlos III de Madrid,exact,27918.14,https://ror.org/03ths8210
3262,I34771391,University of Cyprus,exact,97136.195,https://ror.org/02qjrjx09
3263,I32597200,Ghent University,exact,332866.03,https://ror.org/00cv9y106
3264,I100930933,University College Dublin,fuzzy,21812.613,https://ror.org/05m7pjf47
3265,I16391192,Tel Aviv University,exact,529300.0,https://ror.org/04mhzgx49
3266,I874792244,European University Institute,exact,35671.258,https://ror.org/0031wrj91
3267,I176453806,University of Potsdam,exact,139857.58,https://ror.org/03bnmw459
3268,I181231927,National University of Ireland,weak,74419.195,https://ror.org/00shsf120
3269,I188760350,Ollscoil na Gaillimhe – University of Galway,exact,21279.994,https://ror.org/03bea9k73
3270,I193700539,Tilburg University,exact,136090.75,https://ror.org/04b8v1s79
3271,I887064364,University of Amsterdam,exact,380175.53,https://ror.org/04dkp9463
3272,I91203450,University of Haifa,exact,124196.695,https://ror.org/02f009v59
3273,I32597200,Ghent University,exact,332866.03,https://ror.org/00cv9y106
3274,I204778367,Norwegian University of Science and Technology,exact,260490.53,https://ror.org/05xg72x27
3275,,,none,,
3276,I129774422,University of Vienna,exact,231053.86,https://ror.org/03prydq77
3277,I193662353,Utrecht University,exact,376452.06,https://ror.org/04pp8hn57
3278,I124055696,University of Copenhagen,exact,402602.5,https://ror.org/035b05819
3279,I13469542,Vrije Universiteit Brussel,weak,103277.375,https://ror.org/006e5kg04
3280,I145872427,Radboud University Nijmegen,exact,690368.0,https://ror.org/016xsfp80
3281,I8204097,Ludwig-Maximilians-Universität München,weak,31190.25,https://ror.org/05591te55
3282,,,none,,
3283,I200284239,Universidade de Santiago de Compostela,exact,39960.39,https://ror.org/030eybx10
3284,I184942183,University of Oslo,exact,303018.66,https://ror.org/01xtthb56
3285,I40120149,University of Oxford,exact,569785.9,https://ror.org/052gg0110
3286,I4432739,University of Bergen,exact,243454.16,https://ror.org/03zga2b32
3287,,,none,,
3288,,,none,,
3289,I180923762,University of Cologne,weak,13310.07,https://ror.org/00rcxh774
3290,I205274468,Trinity College Dublin,exact,319291.9,https://ror.org/02tyrky19
3291,I205274468,Trinity College Dublin,exact,319291.9,https://ror.org/02tyrky19
3292,I913481162,Wageningen University & Research,fuzzy,288460.2,https://ror.org/04qw24q55
3293,I4432739,University of Bergen,exact,243454.16,https://ror.org/03zga2b32
3294,I118564535,University of Bern,exact,287583.72,https://ror.org/02k7v4d05
3295,,,none,,
3296,I161941770,University of Lucerne,exact,38611.914,https://ror.org/00kgrkn83
3297,I123387679,Uppsala University,exact,353079.12,https://ror.org/048a87296
3298,I183935753,King's College London,exact,542667.9,https://ror.org/0220mzb33
3299,I1294671590,Centre National de la Recherche Scientifique,fuzzy,165431.84,https://ror.org/02feahw73
3300,I157286207,"National University of Ireland, Maynooth",exact,110590.0,https://ror.org/048nfjm95
3301,I7882870,University of Glasgow,exact,376363.0,https://ror.org/00vtgdb53
3302,I4210148332,Barcelona Institute for Global Health,fuzzy,34605.59,https://ror.org/03hjgt059
3303,I184942183,University of Oslo,exact,303018.66,https://ror.org/01xtthb56
3304,,,none,,
3305,I202697423,University of Zurich,exact,350629.0,https://ror.org/02crff812
3306,,,none,,
3307,I184558857,Royal Holloway University of London,fuzzy,94749.0,https://ror.org/04g2vpn86
3308,I153648349,University of Leicester,exact,242057.86,https://ror.org/04h699437
3309,I204337017,Aarhus University,exact,286607.8,https://ror.org/01aj84f44
3310,I62318514,University of Duisburg-Essen,exact,296820.5,https://ror.org/04mz5ra38
3311,,,none,,
3312,I121797337,Leiden University,exact,288571.72,https://ror.org/027bh9e22
3313,I184558857,Royal Holloway University of London,fuzzy,94749.0,https://ror.org/04g2vpn86
3314,I63098007,Liverpool John Moores University,exact,222711.62,https://ror.org/04zfme737
3315,I100930933,University College Dublin,fuzzy,21812.613,https://ror.org/05m7pjf47
3316,I202697423,University of Zurich,exact,350629.0,https://ror.org/02crff812
3317,I22465464,University of Münster,exact,31950.84,https://ror.org/00pd74e08
3318,I100930933,University College Dublin,fuzzy,21812.613,https://ror.org/05m7pjf47
3319,I91136226,University of Sheffield,exact,321924.84,https://ror.org/05krs5044
3320,I241749,University of Cambridge,exact,532775.94,https://ror.org/013meh722
3321,I887064364,University of Amsterdam,exact,380175.53,https://ror.org/04dkp9463
3322,I51601045,University of Bath,exact,175667.95,https://ror.org/002h8g185
3323,I193662353,Utrecht University,exact,376452.06,https://ror.org/04pp8hn57
3324,I204337017,Aarhus University,exact,286607.8,https://ror.org/01aj84f44
3325,I183935753,King's College London,exact,542667.9,https://ror.org/0220mzb33
3326,I9927081,Aalto University,exact,173380.19,https://ror.org/020hwjq30
3327,I123044942,Universitat Autònoma de Barcelona,exact,39540.395,https://ror.org/052g8jq94
3328,I31575130,SOAS University of London,fuzzy,5309.828,https://ror.org/04vrxay34
3329,I132053463,Université Libre de Bruxelles,weak,123523.0,https://ror.org/01r9htc13
3330,I190082696,Durham University,exact,34730.715,https://ror.org/01v29qb04
3331,I43439940,University of Southampton,exact,297888.47,https://ror.org/01ryk1543
3332,I133731052,University of Helsinki,exact,368817.44,https://ror.org/040af2s02
3333,I183935753,King's College London,exact,542667.9,https://ror.org/0220mzb33
3334,I123387679,Uppsala University,exact,353079.12,https://ror.org/048a87296
3335,I909854389,London School of Economics and Political Science,fuzzy,227506.02,https://ror.org/0090zs177
3336,I183935753,King's College London,exact,542667.9,https://ror.org/0220mzb33
3337,I123044942,Universitat Autònoma de Barcelona,exact,39540.395,https://ror.org/052g8jq94
3338,I202697423,University of Zurich,exact,350629.0,https://ror.org/02crff812
3339,I133731052,University of Helsinki,exact,368817.44,https://ror.org/040af2s02
3340,I187531555,Lund University,exact,378976.9,https://ror.org/012a77v79
3341,I241749,University of Cambridge,exact,532775.94,https://ror.org/013meh722
3342,I98358874,Delft University of Technology,exact,336248.8,https://ror.org/02e2c7k09
3343,I79619799,University of Birmingham,exact,359401.1,https://ror.org/03angcq70
3344,I913958620,Erasmus University Rotterdam,exact,443607.78,https://ror.org/057w15z03
3345,I100930933,University College Dublin,fuzzy,21812.613,https://ror.org/05m7pjf47
3346,I881427289,University of Gothenburg,exact,304493.62,https://ror.org/01tm6cn81
3347,I102248843,Vienna University of Economics and Business,exact,96533.52,https://ror.org/03yn8s215
3348,I123044942,Universitat Autònoma de Barcelona,exact,39540.395,https://ror.org/052g8jq94
3349,I20581793,University of Kent,exact,111067.43,https://ror.org/00xkeyj56
3350,I193700539,Tilburg University,exact,136090.75,https://ror.org/04b8v1s79
3351,I182212641,University of Salzburg,exact,28451.83,https://ror.org/05gs8cd61
3352,I162608824,University of Sussex,exact,202713.3,https://ror.org/00ayhx656
3353,I193700539,Tilburg University,exact,136090.75,https://ror.org/04b8v1s79
3354,I887064364,University of Amsterdam,exact,380175.53,https://ror.org/04dkp9463
3355,I123387679,Uppsala University,exact,353079.12,https://ror.org/048a87296
3356,I23923803,University of Exeter,exact,225284.75,https://ror.org/03yghzc09
3357,I28290843,University of Surrey,exact,166825.42,https://ror.org/00ks66431
3358,I887064364,University of Amsterdam,exact,380175.53,https://ror.org/04dkp9463
3359,I887064364,University of Amsterdam,exact,380175.53,https://ror.org/04dkp9463
3360,I45129253,University College London,exact,628804.7,https://ror.org/02jx3x895
3361,I4392738132,Instituto de Ciências Sociais da Universidade de Lisboa,exact,688.05444,https://ror.org/020rfvw83
3362,I874792244,European University Institute,exact,35671.258,https://ror.org/0031wrj91
3363,I51601045,University of Bath,exact,175667.95,https://ror.org/002h8g185
3364,I124055696,University of Copenhagen,exact,402602.5,https://ror.org/035b05819
3365,,,none,,
3366,I98677209,University of Edinburgh,exact,396567.03,https://ror.org/01nrxwf90
3367,I887064364,University of Amsterdam,exact,380175.53,https://ror.org/04dkp9463
3368,I179225836,University of Augsburg,exact,95757.74,https://ror.org/03p14d497
3369,I60419261,Peace Research Institute Oslo,exact,43615.28,https://ror.org/04dx54y73
3370,I241749,University of Cambridge,exact,532775.94,https://ror.org/013meh722
3371,I40120149,University of Oxford,exact,569785.9,https://ror.org/052gg0110
3372,,,none,,
3373,I909854389,London School of Economics and Political Science,fuzzy,227506.02,https://ror.org/0090zs177
3374,I887064364,University of Amsterdam,exact,380175.53,https://ror.org/04dkp9463
3375,,,none,,
3376,I99682543,University of Minho,exact,168144.42,https://ror.org/037wpkx04
3377,I170486558,Universitat Pompeu Fabra,exact,43511.164,https://ror.org/04n0g0b29
3378,I13955877,Bar-Ilan University,exact,249102.6,https://ror.org/03kgsv495
3379,I180437899,University of Bremen,exact,151379.67,https://ror.org/04ers2y35
3380,I50357001,Universidad Carlos III de Madrid,exact,27918.14,https://ror.org/03ths8210
3381,,,none,,
3382,I45129253,University College London,exact,628804.7,https://ror.org/02jx3x895
3383,I5237613,Frankfurt University of Applied Sciences,weak,9938.851,https://ror.org/02r625m11
3384,I45129253,University College London,exact,628804.7,https://ror.org/02jx3x895
3385,I98677209,University of Edinburgh,exact,396567.03,https://ror.org/01nrxwf90
3386,,,none,,
3387,I149213910,University of Antwerp,exact,241988.78,https://ror.org/008x57b05
3388,I205092303,Institut d'Etudes Politiques de Paris,exact,6560.9937,https://ror.org/05fe7ax82
3389,I155660961,University of Turku,exact,205834.64,https://ror.org/05vghhr25
3390,I145872427,Radboud University Nijmegen,exact,690368.0,https://ror.org/016xsfp80
3391,I887064364,University of Amsterdam,exact,380175.53,https://ror.org/04dkp9463
3392,I31575130,SOAS University of London,fuzzy,5309.828,https://ror.org/04vrxay34
3393,I4392738132,Instituto de Ciências Sociais da Universidade de Lisboa,exact,688.05444,https://ror.org/020rfvw83
3394,I2799784675,University Hospitals of the Ruhr-University of Bochum,weak,30920.643,https://ror.org/03zcpvf19
3395,I887064364,University of Amsterdam,exact,380175.53,https://ror.org/04dkp9463
3396,I45129253,University College London,exact,628804.7,https://ror.org/02jx3x895
3397,I887064364,University of Amsterdam,exact,380175.53,https://ror.org/04dkp9463
3398,I887064364,University of Amsterdam,exact,380175.53,https://ror.org/04dkp9463
3399,I134820265,Consejo Superior de Investigaciones Científicas,fuzzy,31067.223,https://ror.org/02gfc7t72
3400,I100930933,University College Dublin,fuzzy,21812.613,https://ror.org/05m7pjf47
3401,I121883995,Johannes Kepler University of Linz,weak,87261.35,https://ror.org/052r2xn60
3402,I193662353,Utrecht University,exact,376452.06,https://ror.org/04pp8hn57
3403,I887064364,University of Amsterdam,exact,380175.53,https://ror.org/04dkp9463
3404,I97565354,University of Lausanne,exact,250802.06,https://ror.org/019whta54
3405,I159176309,Universität Hamburg,exact,52580.78,https://ror.org/00g30e956
3406,I39555362,University of Warwick,exact,259869.52,https://ror.org/01a77tt86
3407,,,none,,
3408,I99464096,KU Leuven,exact,75807.95,https://ror.org/05f950310
3409,,,none,,
3410,I7882870,University of Glasgow,exact,376363.0,https://ror.org/00vtgdb53
3411,I203082224,Hochschule Bielefeld,weak,2945.5193,https://ror.org/00edvg943
3412,I52099693,University of York,exact,175410.08,https://ror.org/04m01e293
3413,I909854389,London School of Economics and Political Science,fuzzy,227506.02,https://ror.org/0090zs177
3414,I32597200,Ghent University,exact,332866.03,https://ror.org/00cv9y106
3415,I2799784675,University Hospitals of the Ruhr-University of Bochum,weak,30920.643,https://ror.org/03zcpvf19
3416,I13469542,Vrije Universiteit Brussel,weak,103277.375,https://ror.org/006e5kg04
3417,I36234482,University of Bristol,exact,336861.22,https://ror.org/0524sp257
3418,I183935753,King's College London,exact,542667.9,https://ror.org/0220mzb33
3419,I100930933,University College Dublin,fuzzy,21812.613,https://ror.org/05m7pjf47
3420,I4210107832,Ernst Abbe University of Applied Sciences Jena,weak,5637.472,https://ror.org/01rfnc002
3421,,,none,,
3422,,,none,,
3423,I121797337,Leiden University,exact,288571.72,https://ror.org/027bh9e22
3424,I161593684,Stockholm University,exact,248837.88,https://ror.org/05f0yaq80
3425,I2800297018,Chr. Michelsen Institute,weak,34347.67,https://ror.org/02w7rbf39
3426,I230495080,University of Limerick,exact,104798.51,https://ror.org/00a0n9e72
3427,I8204097,Ludwig-Maximilians-Universität München,weak,31190.25,https://ror.org/05591te55
3428,I34352273,Maastricht University,exact,286442.2,https://ror.org/02jz4aj89
3429,I4654613,University of Warsaw,exact,162234.58,https://ror.org/039bjqg32
3430,,,none,,
3431,I193662353,Utrecht University,exact,376452.06,https://ror.org/04pp8hn57
3432,,,none,,
3433,I124055696,University of Copenhagen,exact,402602.5,https://ror.org/035b05819
3434,I8204097,Ludwig-Maximilians-Universität München,weak,31190.25,https://ror.org/05591te55
3435,I1282776028,German Institute for Economic Research,exact,54553.73,https://ror.org/0050vmv35
3436,I34352273,Maastricht University,exact,286442.2,https://ror.org/02jz4aj89
3437,I129774422,University of Vienna,exact,231053.86,https://ror.org/03prydq77
3438,I197251160,Hebrew University of Jerusalem,exact,375981.75,https://ror.org/03qxff017
3439,I149461666,Ca' Foscari University of Venice,weak,60088.195,https://ror.org/04yzxz566
3440,I123044942,Universitat Autònoma de Barcelona,exact,39540.395,https://ror.org/052g8jq94
3441,I91203450,University of Haifa,exact,124196.695,https://ror.org/02f009v59
3442,I165368041,University of Iceland,exact,130279.26,https://ror.org/01db6h964
3443,I189158943,University of Milan,exact,360040.97,https://ror.org/00wjc7c48
3444,I184942183,University of Oslo,exact,303018.66,https://ror.org/01xtthb56
3445,I193700539,Tilburg University,exact,136090.75,https://ror.org/04b8v1s79
3446,I181369854,Friedrich-Alexander-Universität Erlangen-Nürnberg,exact,54852.375,https://ror.org/00f7hpc57
3447,I913481162,Wageningen University & Research,fuzzy,288460.2,https://ror.org/04qw24q55
3448,I16391192,Tel Aviv University,exact,529300.0,https://ror.org/04mhzgx49
3449,I174306211,Technion – Israel Institute of Technology,exact,341636.5,https://ror.org/03qryx823
3450,I133731052,University of Helsinki,exact,368817.44,https://ror.org/040af2s02
3451,I4392738132,Instituto de Ciências Sociais da Universidade de Lisboa,exact,688.05444,https://ror.org/020rfvw83
3452,I4654613,University of Warsaw,exact,162234.58,https://ror.org/039bjqg32
3453,I177802217,University of Mannheim,exact,100582.336,https://ror.org/031bsb921
3454,I29107187,Norwegian Institute for Cultural Heritage Research,fuzzy,14021.749,https://ror.org/02xhrye98
3455,I83467386,IT University of Copenhagen,exact,77087.75,https://ror.org/02309jg23
3456,I193662353,Utrecht University,exact,376452.06,https://ror.org/04pp8hn57
3457,I71999127,Universitat de Barcelona,exact,38764.41,https://ror.org/021018s57
3458,I184942183,University of Oslo,exact,303018.66,https://ror.org/01xtthb56
3459,,,none,,
3460,I913958620,Erasmus University Rotterdam,exact,443607.78,https://ror.org/057w15z03
3461,I4432739,University of Bergen,exact,243454.16,https://ror.org/03zga2b32
3462,I4392738281,Centro de Estudos Sociais,exact,270.7107,https://ror.org/04fab7w85
3463,I100930933,University College Dublin,fuzzy,21812.613,https://ror.org/05m7pjf47
3464,I129774422,University of Vienna,exact,231053.86,https://ror.org/03prydq77
3465,I129774422,University of Vienna,exact,231053.86,https://ror.org/03prydq77
3466,I8204097,Ludwig-Maximilians-Universität München,weak,31190.25,https://ror.org/05591te55
3467,I913958620,Erasmus University Rotterdam,exact,443607.78,https://ror.org/057w15z03
3468,I9360294,University of Bologna,exact,320890.8,https://ror.org/01111rn36
3469,,,none,,
3470,I40120149,University of Oxford,exact,569785.9,https://ror.org/052gg0110
3471,I50357001,Universidad Carlos III de Madrid,exact,27918.14,https://ror.org/03ths8210
3472,I9360294,University of Bologna,exact,320890.8,https://ror.org/01111rn36
3473,I154526488,Inserm,weak,49376.336,https://ror.org/02vjkv261
3474,I204337017,Aarhus University,exact,286607.8,https://ror.org/01aj84f44
3475,I71999127,Universitat de Barcelona,exact,38764.41,https://ror.org/021018s57
3476,I2800297018,Chr. Michelsen Institute,weak,34347.67,https://ror.org/02w7rbf39
3477,,,none,,
3478,,,none,,
3479,I40120149,University of Oxford,exact,569785.9,https://ror.org/052gg0110
3480,I9360294,University of Bologna,exact,320890.8,https://ror.org/01111rn36
3481,I193662353,Utrecht University,exact,376452.06,https://ror.org/04pp8hn57
3482,,,none,,
3483,I4654613,University of Warsaw,exact,162234.58,https://ror.org/039bjqg32
3484,I177802217,University of Mannheim,exact,100582.336,https://ror.org/031bsb921
3485,I197251160,Hebrew University of Jerusalem,exact,375981.75,https://ror.org/03qxff017
3486,I899635006,Université Grenoble Alpes,fuzzy,26837.717,https://ror.org/02rx3b187
3487,,,none,,
3488,I241749,University of Cambridge,exact,532775.94,https://ror.org/013meh722
3489,I887064364,University of Amsterdam,exact,380175.53,https://ror.org/04dkp9463
3490,I123387679,Uppsala University,exact,353079.12,https://ror.org/048a87296
3491,I887064364,University of Amsterdam,exact,380175.53,https://ror.org/04dkp9463
3492,I197251160,Hebrew University of Jerusalem,exact,375981.75,https://ror.org/03qxff017
3493,I184942183,University of Oslo,exact,303018.66,https://ror.org/01xtthb56
3494,I60419261,Peace Research Institute Oslo,exact,43615.28,https://ror.org/04dx54y73
3495,I162608824,University of Sussex,exact,202713.3,https://ror.org/00ayhx656
3496,I121797337,Leiden University,exact,288571.72,https://ror.org/027bh9e22
3497,I1322597698,Royal Netherlands Academy of Arts and Sciences,exact,117144.875,https://ror.org/043c0p156
3498,I184942183,University of Oslo,exact,303018.66,https://ror.org/01xtthb56
3499,I166337079,Queen Mary University of London,weak,191599.95,https://ror.org/026zzn846
3500,I200284239,Universidade de Santiago de Compostela,exact,39960.39,https://ror.org/030eybx10
3501,I186354981,University of Passau,exact,46870.81,https://ror.org/05ydjnb78
3502,I193662353,Utrecht University,exact,376452.06,https://ror.org/04pp8hn57
3503,I193662353,Utrecht University,exact,376452.06,https://ror.org/04pp8hn57
3504,I2800006345,Leiden University Medical Center,exact,358705.56,https://ror.org/05xvt9f17
3505,I149899117,Max Planck Society,exact,481286.8,https://ror.org/01hhn8329
3506,,,none,,
3507,I161593684,Stockholm University,exact,248837.88,https://ror.org/05f0yaq80
3508,I40120149,University of Oxford,exact,569785.9,https://ror.org/052gg0110
3509,I40120149,University of Oxford,exact,569785.9,https://ror.org/052gg0110
3510,I170486558,Universitat Pompeu Fabra,exact,43511.164,https://ror.org/04n0g0b29
3511,I193662353,Utrecht University,exact,376452.06,https://ror.org/04pp8hn57
3512,I100930933,University College Dublin,fuzzy,21812.613,https://ror.org/05m7pjf47
3513,I909854389,London School of Economics and Political Science,fuzzy,227506.02,https://ror.org/0090zs177
3514,I1294671590,Centre National de la Recherche Scientifique,fuzzy,165431.84,https://ror.org/02feahw73
3515,I180519160,Copenhagen Business School,exact,110384.945,https://ror.org/04sppb023
3516,I43439940,University of Southampton,exact,297888.47,https://ror.org/01ryk1543
3517,I23923803,University of Exeter,exact,225284.75,https://ror.org/03yghzc09
3518,I124055696,University of Copenhagen,exact,402602.5,https://ror.org/035b05819
3519,I4432739,University of Bergen,exact,243454.16,https://ror.org/03zga2b32
3520,I45084792,University of Florence,exact,254717.31,https://ror.org/04jr1s763
3521,,,none,,
3522,I121797337,Leiden University,exact,288571.72,https://ror.org/027bh9e22
3523,,,none,,
3524,I4392738281,Centro de Estudos Sociais,exact,270.7107,https://ror.org/04fab7w85
3525,I16391192,Tel Aviv University,exact,529300.0,https://ror.org/04mhzgx49
3526,I40120149,University of Oxford,exact,569785.9,https://ror.org/052gg0110
3527,I40120149,University of Oxford,exact,569785.9,https://ror.org/052gg0110
3528,I40120149,University of Oxford,exact,569785.9,https://ror.org/052gg0110
3529,I205274468,Trinity College Dublin,exact,319291.9,https://ror.org/02tyrky19
3530,I118564535,University of Bern,exact,287583.72,https://ror.org/02k7v4d05
3531,I34352273,Maastricht University,exact,286442.2,https://ror.org/02jz4aj89
3532,I161593684,Stockholm University,exact,248837.88,https://ror.org/05f0yaq80
3533,I177477856,Politecnico di Torino,exact,28573.088,https://ror.org/00bgk9508
3534,,,none,,
3535,I887064364,University of Amsterdam,exact,380175.53,https://ror.org/04dkp9463
3536,I4210154111,Université Gustave Eiffel,exact,20841.361,https://ror.org/03x42jk29
3537,I154526488,Inserm,weak,49376.336,https://ror.org/02vjkv261
3538,I205274468,Trinity College Dublin,exact,319291.9,https://ror.org/02tyrky19
3539,I145872427,Radboud University Nijmegen,exact,690368.0,https://ror.org/016xsfp80
3540,I166337079,Queen Mary University of London,weak,191599.95,https://ror.org/026zzn846
3541,I1317774081,International Institute for Applied Systems Analysis,fuzzy,147901.48,https://ror.org/02wfhk785
3542,I130828816,University of Leeds,exact,298518.0,https://ror.org/024mrxd33
3543,I98358874,Delft University of Technology,exact,336248.8,https://ror.org/02e2c7k09
3544,,,none,,
3545,I40120149,University of Oxford,exact,569785.9,https://ror.org/052gg0110
3546,,,none,,
3547,I149899117,Max Planck Society,exact,481286.8,https://ror.org/01hhn8329
3548,,,none,,
3549,I8087733,University of Tübingen,exact,304372.66,https://ror.org/03a1kwz48
3550,I202697423,University of Zurich,exact,350629.0,https://ror.org/02crff812
3551,I145872427,Radboud University Nijmegen,exact,690368.0,https://ror.org/016xsfp80
3552,,,none,,
3553,I95674353,UCLouvain,fuzzy,33728.004,https://ror.org/02495e989
3554,I34352273,Maastricht University,exact,286442.2,https://ror.org/02jz4aj89
3555,I887064364,University of Amsterdam,exact,380175.53,https://ror.org/04dkp9463
3556,I145872427,Radboud University Nijmegen,exact,690368.0,https://ror.org/016xsfp80
3557,I202697423,University of Zurich,exact,350629.0,https://ror.org/02crff812
3558,I241749,University of Cambridge,exact,532775.94,https://ror.org/013meh722
3559,,,none,,
3560,I204730241,Université Paris Cité,exact,57428.344,https://ror.org/05f82e368
3561,I71999127,Universitat de Barcelona,exact,38764.41,https://ror.org/021018s57
3562,,,none,,
3563,I28166907,Karolinska Institutet,exact,61562.074,https://ror.org/056d84691
3564,I149899117,Max Planck Society,exact,481286.8,https://ror.org/01hhn8329
3565,I205274468,Trinity College Dublin,exact,319291.9,https://ror.org/02tyrky19
3566,I2802934949,Radboud University Medical Center,exact,365017.7,https://ror.org/05wg1m734
3567,I129774422,University of Vienna,exact,231053.86,https://ror.org/03prydq77
3568,I1294671590,Centre National de la Recherche Scientifique,fuzzy,165431.84,https://ror.org/02feahw73
3569,I4210105615,Central Institute of Mental Health,fuzzy,9401.696,https://ror.org/01hynnt93
3570,I193700539,Tilburg University,exact,136090.75,https://ror.org/04b8v1s79
3571,I108290504,University of Pisa,exact,306538.62,https://ror.org/03ad39j10
3572,I2800917498,Northeastern University London,exact,6488.502,https://ror.org/03hdf3w38
3573,I52099693,University of York,exact,175410.08,https://ror.org/04m01e293
3574,I184942183,University of Oslo,exact,303018.66,https://ror.org/01xtthb56
3575,I193223587,University of Trento,exact,167551.7,https://ror.org/05trd4x28
3576,I145872427,Radboud University Nijmegen,exact,690368.0,https://ror.org/016xsfp80
3577,I2799784675,University Hospitals of the Ruhr-University of Bochum,weak,30920.643,https://ror.org/03zcpvf19
3578,I75951250,Freie Universität Berlin,exact,46536.777,https://ror.org/046ak2485
3579,I13955877,Bar-Ilan University,exact,249102.6,https://ror.org/03kgsv495
3580,I32597200,Ghent University,exact,332866.03,https://ror.org/00cv9y106
3581,,,none,,
3582,I1294671590,Centre National de la Recherche Scientifique,fuzzy,165431.84,https://ror.org/02feahw73
3583,I887064364,University of Amsterdam,exact,380175.53,https://ror.org/04dkp9463
3584,I91203450,University of Haifa,exact,124196.695,https://ror.org/02f009v59
3585,I75951250,Freie Universität Berlin,exact,46536.777,https://ror.org/046ak2485
3586,I1294671590,Centre National de la Recherche Scientifique,fuzzy,165431.84,https://ror.org/02feahw73
3587,I184942183,University of Oslo,exact,303018.66,https://ror.org/01xtthb56
3588,I30771326,Italian Institute of Technology,exact,141176.92,https://ror.org/042t93s57
3589,,,none,,
3590,I149899117,Max Planck Society,exact,481286.8,https://ror.org/01hhn8329
3591,I189158943,University of Milan,weak,362583.25,https://ror.org/00wjc7c48
3592,I121797337,Leiden University,exact,288571.72,https://ror.org/027bh9e22
3593,I154526488,Inserm,weak,49376.336,https://ror.org/02vjkv261
3594,I197251160,Hebrew University of Jerusalem,exact,375981.75,https://ror.org/03qxff017
3595,I8087733,University of Tübingen,exact,304372.66,https://ror.org/03a1kwz48
3596,I71999127,Universitat de Barcelona,exact,38764.41,https://ror.org/021018s57
3597,I4405271003,Elblandklinikum Radebeul,weak,1.7318883,https://ror.org/01pnwhg58
3598,I193662353,Utrecht University,exact,376452.06,https://ror.org/04pp8hn57
3599,I16391192,Tel Aviv University,exact,529300.0,https://ror.org/04mhzgx49
3600,I31512782,Technische Universität Darmstadt,exact,32278.135,https://ror.org/05n911h24
3601,I121797337,Leiden University,exact,288571.72,https://ror.org/027bh9e22
3602,I99464096,KU Leuven,exact,75807.95,https://ror.org/05f950310
3603,I31512782,Technische Universität Darmstadt,exact,32278.135,https://ror.org/05n911h24
3604,I124055696,University of Copenhagen,exact,402602.5,https://ror.org/035b05819
3605,I1294671590,Centre National de la Recherche Scientifique,fuzzy,165431.84,https://ror.org/02feahw73
3606,I204730241,Université Paris Cité,exact,57428.344,https://ror.org/05f82e368
3607,I204337017,Aarhus University,exact,286607.8,https://ror.org/01aj84f44
3608,I4210112713,University Hospital Schleswig-Holstein,fuzzy,214310.25,https://ror.org/01tvm6f46
3609,I147765834,Leipzig University of Applied Sciences,weak,13022.127,https://ror.org/03xgcq477
3610,I887064364,University of Amsterdam,exact,380175.53,https://ror.org/04dkp9463
3611,I145872427,Radboud University Nijmegen,exact,690368.0,https://ror.org/016xsfp80
3612,,,none,,
3613,I186354981,University of Passau,exact,46870.81,https://ror.org/05ydjnb78
3614,I2800920820,Istituto Universitario di Studi Superiori di Pavia,exact,8456.693,https://ror.org/0290wsh42
3615,I154526488,Inserm,weak,49376.336,https://ror.org/02vjkv261
3616,I154526488,Inserm,weak,49376.336,https://ror.org/02vjkv261
3617,I123044942,Universitat Autònoma de Barcelona,exact,39540.395,https://ror.org/052g8jq94
3618,I98259816,"Birkbeck, University of London",weak,12560.555,https://ror.org/02mb95055
3619,,,none,,
3620,I149899117,Max Planck Society,exact,481286.8,https://ror.org/01hhn8329
3621,,,none,,
3622,I202697423,University of Zurich,exact,350629.0,https://ror.org/02crff812
3623,I1294671590,Centre National de la Recherche Scientifique,fuzzy,165431.84,https://ror.org/02feahw73
3624,I184942183,University of Oslo,exact,303018.66,https://ror.org/01xtthb56
3625,I99464096,KU Leuven,exact,75807.95,https://ror.org/05f950310
3626,I142263535,University of Nottingham,exact,297238.44,https://ror.org/01ee9ar58
3627,I23923803,University of Exeter,exact,225284.75,https://ror.org/03yghzc09
3628,,,none,,
3629,I161103922,Philipps University of Marburg,fuzzy,207014.64,https://ror.org/01rdrb571
3630,I40120149,University of Oxford,exact,569785.9,https://ror.org/052gg0110
3631,I145872427,Radboud University Nijmegen,exact,690368.0,https://ror.org/016xsfp80
3632,I1294671590,Centre National de la Recherche Scientifique,fuzzy,165431.84,https://ror.org/02feahw73
3633,I887064364,University of Amsterdam,exact,380175.53,https://ror.org/04dkp9463
3634,I7882870,University of Glasgow,exact,376363.0,https://ror.org/00vtgdb53
3635,I52590639,Nottingham Trent University,exact,138699.97,https://ror.org/04xyxjd90
3636,I23923803,University of Exeter,exact,225284.75,https://ror.org/03yghzc09
3637,I71052956,University of Reading,exact,189797.55,https://ror.org/05v62cm79
3638,I193662353,Utrecht University,exact,376452.06,https://ror.org/04pp8hn57
3639,I205274468,Trinity College Dublin,exact,319291.9,https://ror.org/02tyrky19
3640,I196349391,Universität Ulm,exact,35018.91,https://ror.org/032000t02
3641,I1294671590,Centre National de la Recherche Scientifique,fuzzy,165431.84,https://ror.org/02feahw73
3642,I8087733,University of Tübingen,exact,304372.66,https://ror.org/03a1kwz48
3643,I193662353,Utrecht University,exact,376452.06,https://ror.org/04pp8hn57
3644,I16391192,Tel Aviv University,exact,529300.0,https://ror.org/04mhzgx49
3645,I16391192,Tel Aviv University,exact,529300.0,https://ror.org/04mhzgx49
3646,,,none,,
3647,I135140700,University of Bonn,exact,339605.3,https://ror.org/041nas322
3648,I1294671590,Centre National de la Recherche Scientifique,fuzzy,165431.84,https://ror.org/02feahw73
3649,I887064364,University of Amsterdam,exact,380175.53,https://ror.org/04dkp9463
3650,I162608824,University of Sussex,exact,202713.3,https://ror.org/00ayhx656
3651,I130828816,University of Leeds,exact,298518.0,https://ror.org/024mrxd33
3652,I129774422,University of Vienna,exact,231053.86,https://ror.org/03prydq77
3653,I45129253,University College London,exact,628804.7,https://ror.org/02jx3x895
3654,I190082696,Durham University,exact,34730.715,https://ror.org/01v29qb04
3655,,,none,,
3656,I8204097,Ludwig-Maximilians-Universität München,weak,31190.25,https://ror.org/05591te55
3657,I39555362,University of Warwick,exact,259869.52,https://ror.org/01a77tt86
3658,I4405253368,Consiglio Nazionale delle Ricerche - Istituto di Ricerca sugli Ecosistemi Terrestri,weak,1.6517878,https://ror.org/00keh9s20
3659,I138689650,University of Padua,exact,391372.62,https://ror.org/00240q980
3660,I145872427,Radboud University Nijmegen,exact,690368.0,https://ror.org/016xsfp80
3661,I162608824,University of Sussex,exact,202713.3,https://ror.org/00ayhx656
3662,I32597200,Ghent University,exact,332866.03,https://ror.org/00cv9y106
3663,I145872427,Radboud University Nijmegen,exact,690368.0,https://ror.org/016xsfp80
3664,I52099693,University of York,exact,175410.08,https://ror.org/04m01e293
3665,I28407311,University of Manchester,exact,395875.12,https://ror.org/027m9bs27
3666,I55143463,University of Turin,exact,288075.34,https://ror.org/048tbm396
3667,I75356249,Hochschule Düsseldorf University of Applied Sciences,weak,7414.5063,https://ror.org/00ftx0026
3668,,,none,,
3669,I184942183,University of Oslo,exact,303018.66,https://ror.org/01xtthb56
3670,,,none,,
3671,,,none,,
3672,I184942183,University of Oslo,exact,303018.66,https://ror.org/01xtthb56
3673,I202697423,University of Zurich,exact,350629.0,https://ror.org/02crff812
3674,I198945027,Central European University,exact,26983.295,https://ror.org/02zx40v98
3675,I124055696,University of Copenhagen,exact,402602.5,https://ror.org/035b05819
3676,I204778367,Norwegian University of Science and Technology,exact,260490.53,https://ror.org/05xg72x27
3677,I193700539,Tilburg University,exact,136090.75,https://ror.org/04b8v1s79
3678,I184558857,Royal Holloway University of London,fuzzy,94749.0,https://ror.org/04g2vpn86
3679,I52099693,University of York,exact,175410.08,https://ror.org/04m01e293
3680,I84884186,Newcastle University,fuzzy,41579.75,https://ror.org/01kj2bm70
3681,I145872427,Radboud University Nijmegen,exact,690368.0,https://ror.org/016xsfp80
3682,I40120149,University of Oxford,exact,569785.9,https://ror.org/052gg0110
3683,I149213910,University of Antwerp,exact,241988.78,https://ror.org/008x57b05
3684,I75356249,Hochschule Düsseldorf University of Applied Sciences,weak,7414.5063,https://ror.org/00ftx0026
3685,I138549579,Scuola Internazionale Superiore di Studi Avanzati,fuzzy,18574.277,https://ror.org/004fze387
3686,I146655781,University of Liverpool,exact,324348.12,https://ror.org/04xs57h96
3687,I98677209,University of Edinburgh,exact,396567.03,https://ror.org/01nrxwf90
3688,I145872427,Radboud University Nijmegen,exact,690368.0,https://ror.org/016xsfp80
3689,I157286207,"National University of Ireland, Maynooth",exact,110590.0,https://ror.org/048nfjm95
3690,I16835326,University of St Andrews,exact,228166.6,https://ror.org/02wn5qz54
3691,I124357947,University of London,exact,177566.22,https://ror.org/04cw6st05
3692,I193662353,Utrecht University,exact,376452.06,https://ror.org/04pp8hn57
3693,I169199633,Aston University,exact,110920.41,https://ror.org/05j0ve876
3694,I913958620,Erasmus University Rotterdam,exact,443607.78,https://ror.org/057w15z03
3695,I200763008,Justus-Liebig-Universität Gießen,exact,26430.729,https://ror.org/033eqas34
3696,I2802934949,Radboud University Medical Center,exact,365017.7,https://ror.org/05wg1m734
3697,I1334415907,University Medical Center Groningen,exact,336571.06,https://ror.org/03cv38k47
3698,,,none,,
3699,I79510175,Cardiff University,exact,296880.3,https://ror.org/03kk7td41
3700,I157286207,"National University of Ireland, Maynooth",exact,110590.0,https://ror.org/048nfjm95
3701,I7882870,University of Glasgow,exact,376363.0,https://ror.org/00vtgdb53
3702,I149899117,Max Planck Society,exact,481286.8,https://ror.org/01hhn8329
3703,I7882870,University of Glasgow,exact,376363.0,https://ror.org/00vtgdb53
3704,,,none,,
3705,I98677209,University of Edinburgh,exact,396567.03,https://ror.org/01nrxwf90
3706,I887064364,University of Amsterdam,exact,380175.53,https://ror.org/04dkp9463
3707,I12093191,University of Stirling,exact,122166.1,https://ror.org/045wgfr59
3708,,,none,,
3709,I52099693,University of York,exact,175410.08,https://ror.org/04m01e293
3710,,,none,,
3711,I52099693,University of York,exact,175410.08,https://ror.org/04m01e293
3712,I99464096,KU Leuven,exact,75807.95,https://ror.org/05f950310
3713,I202697423,University of Zurich,exact,350629.0,https://ror.org/02crff812
3714,I154526488,Inserm,weak,49376.336,https://ror.org/02vjkv261
3715,I40120149,University of Oxford,exact,569785.9,https://ror.org/052gg0110
3716,I121797337,Leiden University,exact,288571.72,https://ror.org/027bh9e22
3717,I198945027,Central European University,exact,26983.295,https://ror.org/02zx40v98
3718,I5237613,Frankfurt University of Applied Sciences,weak,9938.851,https://ror.org/02r625m11
3719,I162608824,University of Sussex,exact,202713.3,https://ror.org/00ayhx656
3720,I1294671590,Centre National de la Recherche Scientifique,fuzzy,165431.84,https://ror.org/02feahw73
3721,I79619799,University of Birmingham,exact,359401.1,https://ror.org/03angcq70
3722,I28166907,Karolinska Institutet,exact,61562.074,https://ror.org/056d84691
3723,,,none,,
3724,I193223587,University of Trento,exact,167551.7,https://ror.org/05trd4x28
3725,I2799784675,University Hospitals of the Ruhr-University of Bochum,weak,30920.643,https://ror.org/03zcpvf19
3726,I861853513,Sapienza University of Rome,exact,544445.06,https://ror.org/02be6w209
3727,I129774422,University of Vienna,exact,231053.86,https://ror.org/03prydq77
3728,I133731052,University of Helsinki,exact,368817.44,https://ror.org/040af2s02
3729,I98677209,University of Edinburgh,exact,396567.03,https://ror.org/01nrxwf90
3730,I121797337,Leiden University,exact,288571.72,https://ror.org/027bh9e22
3731,I55143463,University of Turin,exact,288075.34,https://ror.org/048tbm396
3732,I159176309,Universität Hamburg,exact,52580.78,https://ror.org/00g30e956
3733,I52099693,University of York,exact,175410.08,https://ror.org/04m01e293
3734,I170486558,Universitat Pompeu Fabra,exact,43511.164,https://ror.org/04n0g0b29
3735,I133731052,University of Helsinki,exact,368817.44,https://ror.org/040af2s02
3736,I108290504,University of Pisa,exact,306538.62,https://ror.org/03ad39j10
3737,I100930933,University College Dublin,fuzzy,21812.613,https://ror.org/05m7pjf47
3738,I909854389,London School of Economics and Political Science,fuzzy,227506.02,https://ror.org/0090zs177
3739,I23923803,University of Exeter,exact,225284.75,https://ror.org/03yghzc09
3740,I124055696,University of Copenhagen,exact,402602.5,https://ror.org/035b05819
3741,I5237613,Frankfurt University of Applied Sciences,weak,9938.851,https://ror.org/02r625m11
3742,I25217355,University of Pavia,exact,233921.84,https://ror.org/00s6t1f81
3743,I1294671590,Centre National de la Recherche Scientifique,fuzzy,165431.84,https://ror.org/02feahw73
3744,I8204097,Ludwig-Maximilians-Universität München,weak,31190.25,https://ror.org/05591te55
3745,I127927624,University of Naples - L'Orientale,exact,17965.201,https://ror.org/01q9h8k89
3746,I161046081,University of Freiburg,exact,333178.88,https://ror.org/0245cg223
3747,I184942183,University of Oslo,exact,303018.66,https://ror.org/01xtthb56
3748,I887064364,University of Amsterdam,exact,380175.53,https://ror.org/04dkp9463
3749,I193662353,Utrecht University,exact,376452.06,https://ror.org/04pp8hn57
3750,I887064364,University of Amsterdam,exact,380175.53,https://ror.org/04dkp9463
3751,I133731052,University of Helsinki,exact,368817.44,https://ror.org/040af2s02
3752,I15766117,University of Graz,exact,150302.08,https://ror.org/01faaaf77
3753,,,none,,
3754,I182534213,Universidade do Porto,exact,29863.537,https://ror.org/043pwc612
3755,I4210115111,University of Arts and Industrial Design Linz,exact,3684.2573,https://ror.org/02as55378
3756,I184942183,University of Oslo,exact,303018.66,https://ror.org/01xtthb56
3757,I134820265,Consejo Superior de Investigaciones Científicas,fuzzy,31067.223,https://ror.org/02gfc7t72
3758,I1322597698,Royal Netherlands Academy of Arts and Sciences,exact,117144.875,https://ror.org/043c0p156
3759,I99464096,KU Leuven,exact,75807.95,https://ror.org/05f950310
3760,I149461666,Ca' Foscari University of Venice,weak,60088.195,https://ror.org/04yzxz566
3761,I55143463,University of Turin,exact,288075.34,https://ror.org/048tbm396
3762,I32597200,Ghent University,exact,332866.03,https://ror.org/00cv9y106
3763,I123044942,Universitat Autònoma de Barcelona,exact,39540.395,https://ror.org/052g8jq94
3764,I157286207,"National University of Ireland, Maynooth",exact,110590.0,https://ror.org/048nfjm95
3765,I149461666,Ca' Foscari University of Venice,weak,60088.195,https://ror.org/04yzxz566
3766,I4210086570,Heidelberg University of Education,fuzzy,8563.61,https://ror.org/0044w3h23
3767,,,none,,
3768,,,none,,
3769,I129774422,University of Vienna,exact,231053.86,https://ror.org/03prydq77
3770,I169381384,University of Groningen,exact,390846.1,https://ror.org/012p63287
3771,I184942183,University of Oslo,exact,303018.66,https://ror.org/01xtthb56
3772,I1322597698,Royal Netherlands Academy of Arts and Sciences,exact,117144.875,https://ror.org/043c0p156
3773,I13469542,Vrije Universiteit Brussel,weak,103277.375,https://ror.org/006e5kg04
3774,I161929037,Université de Bretagne Occidentale,exact,16159.963,https://ror.org/01b8h3982
3775,I75356249,Hochschule Düsseldorf University of Applied Sciences,weak,7414.5063,https://ror.org/00ftx0026
3776,I138689650,University of Padua,exact,391372.62,https://ror.org/00240q980
3777,I188760350,Ollscoil na Gaillimhe – University of Galway,exact,21279.994,https://ror.org/03bea9k73
3778,I1322597698,Royal Netherlands Academy of Arts and Sciences,exact,117144.875,https://ror.org/043c0p156
3779,I159176309,Universität Hamburg,exact,52580.78,https://ror.org/00g30e956
3780,I4392738182,Forum transregionale Studien e.V.,exact,306.05322,https://ror.org/02a2pkk25
3781,I99464096,KU Leuven,exact,75807.95,https://ror.org/05f950310
3782,I95674353,UCLouvain,fuzzy,33728.004,https://ror.org/02495e989
3783,I887064364,University of Amsterdam,exact,380175.53,https://ror.org/04dkp9463
3784,I75951250,Freie Universität Berlin,exact,46536.777,https://ror.org/046ak2485
3785,I102335020,Karlsruhe Institute of Technology,exact,296917.25,https://ror.org/04t3en479
3786,I182534213,Universidade do Porto,exact,29863.537,https://ror.org/043pwc612
3787,I129774422,University of Vienna,exact,231053.86,https://ror.org/03prydq77
3788,I75356249,Hochschule Düsseldorf University of Applied Sciences,weak,7414.5063,https://ror.org/00ftx0026
3789,,,none,,
3790,I50441567,Universitat de les Illes Balears,exact,16779.996,https://ror.org/03e10x626
3791,I189712700,University of Konstanz,exact,163886.89,https://ror.org/0546hnb39
3792,I121797337,Leiden University,exact,288571.72,https://ror.org/027bh9e22
3793,,,none,,
3794,,,none,,
3795,I197251160,Hebrew University of Jerusalem,exact,375981.75,https://ror.org/03qxff017
3796,I94626330,University of Bamberg,exact,46569.047,https://ror.org/01c1w6d29
3797,I142263535,University of Nottingham,exact,297238.44,https://ror.org/01ee9ar58
3798,I4392738281,Centro de Estudos Sociais,exact,270.7107,https://ror.org/04fab7w85
3799,I2799785105,Iceland University of the Arts,exact,4437.74,https://ror.org/00xpsqk75
3800,I8204097,Ludwig-Maximilians-Universität München,weak,31190.25,https://ror.org/05591te55
3801,I32597200,Ghent University,exact,332866.03,https://ror.org/00cv9y106
3802,I4210127711,National Hellenic Research Foundation,exact,51118.547,https://ror.org/033m02g29
3803,I188760350,Ollscoil na Gaillimhe – University of Galway,exact,21279.994,https://ror.org/03bea9k73
3804,I129774422,University of Vienna,exact,231053.86,https://ror.org/03prydq77
3805,,,none,,
3806,I154347574,University of Rijeka,weak,71734.734,https://ror.org/05r8dqr10
3807,I197251160,Hebrew University of Jerusalem,exact,375981.75,https://ror.org/03qxff017
3808,I188760350,Ollscoil na Gaillimhe – University of Galway,exact,21279.994,https://ror.org/03bea9k73
3809,,,none,,
3810,I124121301,Lucian Blaga University of Sibiu,exact,63454.88,https://ror.org/026gdz537
3811,I149461666,Ca' Foscari University of Venice,weak,60088.195,https://ror.org/04yzxz566
3812,I184942183,University of Oslo,exact,303018.66,https://ror.org/01xtthb56
3813,I184942183,University of Oslo,exact,303018.66,https://ror.org/01xtthb56
3814,I4210108156,"Czech Academy of Sciences, Institute of Ethnology",exact,315.2253,https://ror.org/01qj7sc02
3815,I193662353,Utrecht University,exact,376452.06,https://ror.org/04pp8hn57
3816,I121797337,Leiden University,exact,288571.72,https://ror.org/027bh9e22
3817,I45129253,University College London,exact,628804.7,https://ror.org/02jx3x895
3818,I161046081,University of Freiburg,exact,333178.88,https://ror.org/0245cg223
3819,I86987016,KTH Royal Institute of Technology,fuzzy,121966.055,https://ror.org/026vcq606
3820,I166337079,Queen Mary University of London,weak,191599.95,https://ror.org/026zzn846
3821,I8087733,University of Tübingen,exact,304372.66,https://ror.org/03a1kwz48
3822,I149461666,Ca' Foscari University of Venice,weak,60088.195,https://ror.org/04yzxz566
3823,I8087733,University of Tübingen,exact,304372.66,https://ror.org/03a1kwz48
3824,I40120149,University of Oxford,exact,569785.9,https://ror.org/052gg0110
3825,I74656192,University of Göttingen,exact,297212.0,https://ror.org/01y9bpm73
3826,I166337079,Queen Mary University of London,weak,191599.95,https://ror.org/026zzn846
3827,I31575130,SOAS University of London,fuzzy,5309.828,https://ror.org/04vrxay34
3828,I39804081,Sorbonne Université,exact,73100.87,https://ror.org/02en5vm52
3829,I181231927,National University of Ireland,weak,74419.195,https://ror.org/00shsf120
3830,I204337017,Aarhus University,exact,286607.8,https://ror.org/01aj84f44
3831,I124357947,University of London,exact,177566.22,https://ror.org/04cw6st05
3832,I55143463,University of Turin,exact,288075.34,https://ror.org/048tbm396
3833,,,none,,
3834,I91712215,Saarland University,exact,182555.69,https://ror.org/01jdpyv68
3835,I32597200,Ghent University,exact,332866.03,https://ror.org/00cv9y106
3836,I54009628,University of Bayreuth,exact,156766.92,https://ror.org/0234wmv40
3837,I40120149,University of Oxford,exact,569785.9,https://ror.org/052gg0110
3838,I205274468,Trinity College Dublin,exact,319291.9,https://ror.org/02tyrky19
3839,I121797337,Leiden University,exact,288571.72,https://ror.org/027bh9e22
3840,I40120149,University of Oxford,exact,569785.9,https://ror.org/052gg0110
3841,I99464096,KU Leuven,exact,75807.95,https://ror.org/05f950310
3842,I79619799,University of Birmingham,exact,359401.1,https://ror.org/03angcq70
3843,I74656192,University of Göttingen,exact,297212.0,https://ror.org/01y9bpm73
3844,I118564535,University of Bern,exact,287583.72,https://ror.org/02k7v4d05
3845,I40120149,University of Oxford,exact,569785.9,https://ror.org/052gg0110
3846,I9360294,University of Bologna,exact,320890.8,https://ror.org/01111rn36
3847,I9360294,University of Bologna,exact,320890.8,https://ror.org/01111rn36
3848,I103320735,Università Cattolica del Sacro Cuore,weak,7066.6216,https://ror.org/03h7r5v07
3849,I34352273,Maastricht University,exact,286442.2,https://ror.org/02jz4aj89
3850,I4432739,University of Bergen,exact,243454.16,https://ror.org/03zga2b32
3851,I36234482,University of Bristol,exact,336861.22,https://ror.org/0524sp257
3852,I71999127,Universitat de Barcelona,exact,38764.41,https://ror.org/021018s57
3853,I100930933,University College Dublin,fuzzy,21812.613,https://ror.org/05m7pjf47
3854,I32597200,Ghent University,exact,332866.03,https://ror.org/00cv9y106
3855,I40120149,University of Oxford,exact,569785.9,https://ror.org/052gg0110
3856,I887064364,University of Amsterdam,exact,380175.53,https://ror.org/04dkp9463
3857,I9360294,University of Bologna,exact,320890.8,https://ror.org/01111rn36
3858,I187531555,Lund University,exact,378976.9,https://ror.org/012a77v79
3859,I241749,University of Cambridge,exact,532775.94,https://ror.org/013meh722
3860,I2799784675,University Hospitals of the Ruhr-University of Bochum,weak,30920.643,https://ror.org/03zcpvf19
3861,I193662353,Utrecht University,exact,376452.06,https://ror.org/04pp8hn57
3862,I133837150,University of Huddersfield,exact,79370.74,https://ror.org/05t1h8f27
3863,I121797337,Leiden University,exact,288571.72,https://ror.org/027bh9e22
3864,I21370196,Aristotle University of Thessaloniki,exact,358405.6,https://ror.org/02j61yw88
3865,I8204097,Ludwig-Maximilians-Universität München,weak,31190.25,https://ror.org/05591te55
3866,I98677209,University of Edinburgh,exact,396567.03,https://ror.org/01nrxwf90
3867,I9927081,Aalto University,exact,173380.19,https://ror.org/020hwjq30
3868,I193662353,Utrecht University,exact,376452.06,https://ror.org/04pp8hn57
3869,I193662353,Utrecht University,exact,376452.06,https://ror.org/04pp8hn57
3870,I159176309,Universität Hamburg,exact,52580.78,https://ror.org/00g30e956
3871,I97565354,University of Lausanne,exact,250802.06,https://ror.org/019whta54
3872,I3133086891,Hochschule für Angewandte Wissenschaften Kiel,weak,3357.3535,https://ror.org/03q0ab227
3873,,,none,,
3874,I1294671590,Centre National de la Recherche Scientifique,fuzzy,165431.84,https://ror.org/02feahw73
3875,I166337079,Queen Mary University of London,weak,191599.95,https://ror.org/026zzn846
3876,I913958620,Erasmus University Rotterdam,exact,443607.78,https://ror.org/057w15z03
3877,I145872427,Radboud University Nijmegen,exact,690368.0,https://ror.org/016xsfp80
3878,I121797337,Leiden University,exact,288571.72,https://ror.org/027bh9e22
3879,I4654613,University of Warsaw,exact,162234.58,https://ror.org/039bjqg32
3880,I2799391115,Deutsches Museum,exact,2945.699,https://ror.org/00a7n7g54
3881,I1294671590,Centre National de la Recherche Scientifique,fuzzy,165431.84,https://ror.org/02feahw73
3882,I241749,University of Cambridge,exact,532775.94,https://ror.org/013meh722
3883,I40120149,University of Oxford,exact,569785.9,https://ror.org/052gg0110
3884,I129774422,University of Vienna,exact,231053.86,https://ror.org/03prydq77
3885,I193662353,Utrecht University,exact,376452.06,https://ror.org/04pp8hn57
3886,I159176309,Universität Hamburg,exact,52580.78,https://ror.org/00g30e956
3887,I193662353,Utrecht University,exact,376452.06,https://ror.org/04pp8hn57
3888,I31575130,SOAS University of London,fuzzy,5309.828,https://ror.org/04vrxay34
3889,I36234482,University of Bristol,exact,336861.22,https://ror.org/0524sp257
3890,I4392738281,Centro de Estudos Sociais,exact,270.7107,https://ror.org/04fab7w85
3891,I180923762,University of Cologne,weak,13310.07,https://ror.org/00rcxh774
3892,I197251160,Hebrew University of Jerusalem,exact,375981.75,https://ror.org/03qxff017
3893,I887064364,University of Amsterdam,exact,380175.53,https://ror.org/04dkp9463
3894,I241749,University of Cambridge,exact,532775.94,https://ror.org/013meh722
3895,I99464096,KU Leuven,exact,75807.95,https://ror.org/05f950310
3896,I241749,University of Cambridge,exact,532775.94,https://ror.org/013meh722
3897,I123044942,Universitat Autònoma de Barcelona,exact,39540.395,https://ror.org/052g8jq94
3898,,,none,,
3899,I202697423,University of Zurich,exact,350629.0,https://ror.org/02crff812
3900,I188760350,Ollscoil na Gaillimhe – University of Galway,exact,21279.994,https://ror.org/03bea9k73
3901,I169381384,University of Groningen,exact,390846.1,https://ror.org/012p63287
3902,I4210113357,Institut Català de Paleoecologia Humana i Evolució Social,fuzzy,10276.015,https://ror.org/02zbs8663
3903,I181231927,National University of Ireland,weak,74419.195,https://ror.org/00shsf120
3904,I121797337,Leiden University,exact,288571.72,https://ror.org/027bh9e22
3905,I1295435021,British Museum,exact,31865.807,https://ror.org/00pbh0a34
3906,,,none,,
3907,I202697423,University of Zurich,exact,350629.0,https://ror.org/02crff812
3908,I241749,University of Cambridge,exact,532775.94,https://ror.org/013meh722
3909,I123044942,Universitat Autònoma de Barcelona,exact,39540.395,https://ror.org/052g8jq94
3910,,,none,,
3911,I4654613,University of Warsaw,exact,162234.58,https://ror.org/039bjqg32
3912,I146655781,University of Liverpool,exact,324348.12,https://ror.org/04xs57h96
3913,I159176309,Universität Hamburg,exact,52580.78,https://ror.org/00g30e956
3914,I145872427,Radboud University Nijmegen,exact,690368.0,https://ror.org/016xsfp80
3915,I180923762,University of Cologne,weak,13310.07,https://ror.org/00rcxh774
3916,I183935753,King's College London,exact,542667.9,https://ror.org/0220mzb33
3917,I3133086891,Hochschule für Angewandte Wissenschaften Kiel,weak,3357.3535,https://ror.org/03q0ab227
3918,I34352273,Maastricht University,exact,286442.2,https://ror.org/02jz4aj89
3919,I79510175,Cardiff University,exact,296880.3,https://ror.org/03kk7td41
3920,I4654613,University of Warsaw,exact,162234.58,https://ror.org/039bjqg32
3921,I124055696,University of Copenhagen,exact,402602.5,https://ror.org/035b05819
3922,I157286207,"National University of Ireland, Maynooth",exact,110590.0,https://ror.org/048nfjm95
3923,I89864525,Universität Trier,exact,11630.338,https://ror.org/02778hg05
3924,I8204097,Ludwig-Maximilians-Universität München,weak,31190.25,https://ror.org/05591te55
3925,I129774422,University of Vienna,exact,231053.86,https://ror.org/03prydq77
3926,I4210107808,NORCE Research AS,fuzzy,4668.058,https://ror.org/02gagpf75
3927,,,none,,
3928,I129774422,University of Vienna,exact,231053.86,https://ror.org/03prydq77
3929,I197854408,University of Malta,exact,58945.08,https://ror.org/03a62bv60
3930,I204337017,Aarhus University,exact,286607.8,https://ror.org/01aj84f44
3931,I134820265,Consejo Superior de Investigaciones Científicas,fuzzy,31067.223,https://ror.org/02gfc7t72
3932,I71503853,University of Algarve,exact,86339.91,https://ror.org/014g34x36
3933,I55143463,University of Turin,exact,288075.34,https://ror.org/048tbm396
3934,I100930933,University College Dublin,fuzzy,21812.613,https://ror.org/05m7pjf47
3935,I1294671590,Centre National de la Recherche Scientifique,fuzzy,165431.84,https://ror.org/02feahw73
3936,I147962203,Democritus University of Thrace,exact,155085.98,https://ror.org/03bfqnx40
3937,I193662353,Utrecht University,exact,376452.06,https://ror.org/04pp8hn57
3938,I138689650,University of Padua,exact,391372.62,https://ror.org/00240q980
3939,I4210142438,National Museum of Denmark,exact,20745.475,https://ror.org/0462zf838
3940,I1322597698,Royal Netherlands Academy of Arts and Sciences,exact,117144.875,https://ror.org/043c0p156
3941,I121797337,Leiden University,exact,288571.72,https://ror.org/027bh9e22
3942,I197251160,Hebrew University of Jerusalem,exact,375981.75,https://ror.org/03qxff017
3943,I159885104,École Pratique des Hautes Études,exact,52739.113,https://ror.org/046b3cj80
3944,I83816512,University of Genoa,exact,238653.8,https://ror.org/0107c5v14
3945,,,none,,
3946,I1322597698,Royal Netherlands Academy of Arts and Sciences,exact,117144.875,https://ror.org/043c0p156
3947,I55143463,University of Turin,exact,288075.34,https://ror.org/048tbm396
3948,I298625061,Swedish University of Agricultural Sciences,exact,230633.55,https://ror.org/02yy8x990
3949,I149899117,Max Planck Society,exact,481286.8,https://ror.org/01hhn8329
3950,I4654613,University of Warsaw,exact,162234.58,https://ror.org/039bjqg32
3951,I170486558,Universitat Pompeu Fabra,exact,43511.164,https://ror.org/04n0g0b29
3952,I135140700,University of Bonn,exact,339605.3,https://ror.org/041nas322
3953,I75951250,Freie Universität Berlin,exact,46536.777,https://ror.org/046ak2485
3954,,,none,,
3955,I4210086570,Heidelberg University of Education,fuzzy,8563.61,https://ror.org/0044w3h23
3956,I173212132,Vilnius University,exact,97833.336,https://ror.org/03nadee84
3957,I39804081,Sorbonne Université,exact,73100.87,https://ror.org/02en5vm52
3958,I200284239,Universidade de Santiago de Compostela,exact,39960.39,https://ror.org/030eybx10
3959,I15766117,University of Graz,exact,150302.08,https://ror.org/01faaaf77
3960,I123044942,Universitat Autònoma de Barcelona,exact,39540.395,https://ror.org/052g8jq94
3961,I91203450,University of Haifa,exact,124196.695,https://ror.org/02f009v59
3962,I145872427,Radboud University Nijmegen,exact,690368.0,https://ror.org/016xsfp80
3963,I100930933,University College Dublin,fuzzy,21812.613,https://ror.org/05m7pjf47
3964,,,none,,
3965,I173304897,Universidad de Granada,exact,31857.525,https://ror.org/04njjy449
3966,I149461666,Ca' Foscari University of Venice,weak,60088.195,https://ror.org/04yzxz566
3967,I124055696,University of Copenhagen,exact,402602.5,https://ror.org/035b05819
3968,I169381384,University of Groningen,exact,390846.1,https://ror.org/012p63287
3969,I32597200,Ghent University,exact,332866.03,https://ror.org/00cv9y106
3970,I123044942,Universitat Autònoma de Barcelona,exact,39540.395,https://ror.org/052g8jq94
3971,I193223587,University of Trento,exact,167551.7,https://ror.org/05trd4x28
3972,I71503853,University of Algarve,exact,86339.91,https://ror.org/014g34x36
3973,,,none,,
3974,I32597200,Ghent University,exact,332866.03,https://ror.org/00cv9y106
3975,I2799784675,University Hospitals of the Ruhr-University of Bochum,weak,30920.643,https://ror.org/03zcpvf19
3976,I4210166460,Institute of Systematics and Evolution of Animals,fuzzy,26932.537,https://ror.org/05rdy5005
3977,I4577782,Technische Universität Berlin,fuzzy,12031.05,https://ror.org/03v4gjf40
3978,I123387679,Uppsala University,exact,353079.12,https://ror.org/048a87296
3979,,,none,,
3980,,,none,,
3981,I149461666,Ca' Foscari University of Venice,weak,60088.195,https://ror.org/04yzxz566
3982,I9360294,University of Bologna,exact,320890.8,https://ror.org/01111rn36
3983,I1294671590,Centre National de la Recherche Scientifique,fuzzy,165431.84,https://ror.org/02feahw73
3984,I79238269,Universidad de Sevilla,weak,9940.919,https://ror.org/03yxnpp24
3985,,,none,,
3986,I153648349,University of Leicester,exact,242057.86,https://ror.org/04h699437
3987,I116067653,University of Rome Tor Vergata,exact,457244.3,https://ror.org/02p77k626
3988,I138689650,University of Padua,exact,391372.62,https://ror.org/00240q980
3989,I22465464,University of Münster,exact,31950.84,https://ror.org/00pd74e08
3990,I861853513,Sapienza University of Rome,weak,296492.25,https://ror.org/02be6w209
3991,I189991,"University of Veterinary Medicine Hannover, Foundation",weak,20955.928,https://ror.org/015qjqf64
3992,I1294671590,Centre National de la Recherche Scientifique,fuzzy,165431.84,https://ror.org/02feahw73
3993,I138689650,University of Padua,exact,391372.62,https://ror.org/00240q980
3994,I40120149,University of Oxford,exact,569785.9,https://ror.org/052gg0110
3995,I4654613,University of Warsaw,exact,162234.58,https://ror.org/039bjqg32
3996,I8204097,Ludwig-Maximilians-Universität München,weak,31190.25,https://ror.org/05591te55
3997,I89864525,Universität Trier,exact,11630.338,https://ror.org/02778hg05
3998,I129774422,University of Vienna,exact,231053.86,https://ror.org/03prydq77
3999,I119439378,University of Verona,exact,188666.94,https://ror.org/039bp8j42
4000,I8087733,University of Tübingen,exact,304372.66,https://ror.org/03a1kwz48
4001,I89864525,Universität Trier,exact,11630.338,https://ror.org/02778hg05
4002,,,none,,
4003,I133731052,University of Helsinki,exact,368817.44,https://ror.org/040af2s02
4004,I4210092825,École Française d'Extrême-Orient,fuzzy,1874.3469,https://ror.org/00fmnpw63
4005,I45084792,University of Florence,exact,254717.31,https://ror.org/04jr1s763
4006,I887064364,University of Amsterdam,exact,380175.53,https://ror.org/04dkp9463
4007,I40120149,University of Oxford,exact,569785.9,https://ror.org/052gg0110
4008,I8204097,Ludwig-Maximilians-Universität München,weak,31190.25,https://ror.org/05591te55
4009,I52099693,University of York,exact,175410.08,https://ror.org/04m01e293
4010,I124055696,University of Copenhagen,exact,402602.5,https://ror.org/035b05819
4011,I4210108857,Institute of Philosophy and Sociology,weak,12481.537,https://ror.org/01pe10g60
4012,I129774422,University of Vienna,exact,231053.86,https://ror.org/03prydq77
4013,,,none,,
4014,I129774422,University of Vienna,exact,231053.86,https://ror.org/03prydq77
4015,,,none,,
4016,I32597200,Ghent University,exact,332866.03,https://ror.org/00cv9y106
4017,I204337017,Aarhus University,exact,286607.8,https://ror.org/01aj84f44
4018,I184942183,University of Oslo,exact,303018.66,https://ror.org/01xtthb56
4019,I77901215,"MF Norwegian School of Theology, Religion and Society",fuzzy,6036.4336,https://ror.org/01qafy255
4020,I71999127,Universitat de Barcelona,exact,38764.41,https://ror.org/021018s57
4021,I75951250,Freie Universität Berlin,exact,46536.777,https://ror.org/046ak2485
4022,I1294671590,Centre National de la Recherche Scientifique,fuzzy,165431.84,https://ror.org/02feahw73
4023,I20581793,University of Kent,exact,111067.43,https://ror.org/00xkeyj56
4024,I8901234,Foundation for Research and Technology Hellas,exact,128927.9,https://ror.org/052rphn09
4025,I205092303,Institut d'Etudes Politiques de Paris,exact,6560.9937,https://ror.org/05fe7ax82
4026,I13134134,Universidad de Cantabria,exact,28743.16,https://ror.org/046ffzj20
4027,I189158943,University of Milan,exact,360040.97,https://ror.org/00wjc7c48
4028,I123044942,Universitat Autònoma de Barcelona,exact,39540.395,https://ror.org/052g8jq94
4029,I4210134641,"Czech Academy of Sciences, Masaryk Institute and Archives",fuzzy,258.35165,https://ror.org/03nvfe914
4030,,,none,,
4031,I3133086891,Hochschule für Angewandte Wissenschaften Kiel,weak,3357.3535,https://ror.org/03q0ab227
4032,I1294671590,Centre National de la Recherche Scientifique,fuzzy,165431.84,https://ror.org/02feahw73
4033,I16835326,University of St Andrews,exact,228166.6,https://ror.org/02wn5qz54
4034,I1294671590,Centre National de la Recherche Scientifique,fuzzy,165431.84,https://ror.org/02feahw73
4035,I193662353,Utrecht University,exact,376452.06,https://ror.org/04pp8hn57
4036,I8901234,Foundation for Research and Technology Hellas,exact,128927.9,https://ror.org/052rphn09
4037,I181369854,Friedrich-Alexander-Universität Erlangen-Nürnberg,exact,54852.375,https://ror.org/00f7hpc57
4038,I118185606,Aga Khan University,exact,167199.0,https://ror.org/03gd0dm95
4039,I201799495,Middle East Technical University,exact,189955.47,https://ror.org/014weej12
4040,I4210128508,Institute of Political History (Hungary),fuzzy,5441.034,https://ror.org/049835d66
4041,I86987016,KTH Royal Institute of Technology,fuzzy,121966.055,https://ror.org/026vcq606
4042,I149899117,Max Planck Society,exact,481286.8,https://ror.org/01hhn8329
4043,I193662353,Utrecht University,exact,376452.06,https://ror.org/04pp8hn57
4044,I100930933,University College Dublin,fuzzy,21812.613,https://ror.org/05m7pjf47
4045,I1294671590,Centre National de la Recherche Scientifique,fuzzy,165431.84,https://ror.org/02feahw73
4046,I23923803,University of Exeter,exact,225284.75,https://ror.org/03yghzc09
4047,I32597200,Ghent University,exact,332866.03,https://ror.org/00cv9y106
4048,,,none,,
4049,I8087733,University of Tübingen,exact,304372.66,https://ror.org/03a1kwz48
4050,I149461666,Ca' Foscari University of Venice,weak,60088.195,https://ror.org/04yzxz566
4051,I887064364,University of Amsterdam,exact,380175.53,https://ror.org/04dkp9463
4052,I21491767,Aix-Marseille Université,exact,46815.637,https://ror.org/035xkbk20
4053,I197251160,Hebrew University of Jerusalem,exact,375981.75,https://ror.org/03qxff017
4054,,,none,,
4055,I9360294,University of Bologna,exact,320890.8,https://ror.org/01111rn36
4056,I197251160,Hebrew University of Jerusalem,exact,375981.75,https://ror.org/03qxff017
4057,I40120149,University of Oxford,exact,569785.9,https://ror.org/052gg0110
4058,I142263535,University of Nottingham,exact,297238.44,https://ror.org/01ee9ar58
4059,I121797337,Leiden University,exact,288571.72,https://ror.org/027bh9e22
4060,I93860229,Politecnico di Milano,exact,34953.16,https://ror.org/01nffqt88
4061,I32597200,Ghent University,exact,332866.03,https://ror.org/00cv9y106
4062,I130194489,University of Alicante,exact,126615.16,https://ror.org/05t8bcz72
4063,I1294671590,Centre National de la Recherche Scientifique,fuzzy,165431.84,https://ror.org/02feahw73
4064,I121797337,Leiden University,exact,288571.72,https://ror.org/027bh9e22
4065,I21370196,Aristotle University of Thessaloniki,exact,358405.6,https://ror.org/02j61yw88
4066,I95013407,Universidad Pablo de Olavide,exact,20144.45,https://ror.org/02z749649
4067,I121797337,Leiden University,exact,288571.72,https://ror.org/027bh9e22
4068,I180437899,University of Bremen,exact,151379.67,https://ror.org/04ers2y35
4069,I1294671590,Centre National de la Recherche Scientifique,fuzzy,165431.84,https://ror.org/02feahw73
4070,I2799784675,University Hospitals of the Ruhr-University of Bochum,weak,30920.643,https://ror.org/03zcpvf19
4071,I4210124903,New Europe College,exact,8475.33,https://ror.org/02yps9f67
4072,I91203450,University of Haifa,exact,124196.695,https://ror.org/02f009v59
4073,,,none,,
4074,I158438070,Universidad de La Laguna,exact,20062.52,https://ror.org/01r9z8p25
4075,I121797337,Leiden University,exact,288571.72,https://ror.org/027bh9e22
4076,I241749,University of Cambridge,exact,532775.94,https://ror.org/013meh722
4077,I74656192,University of Göttingen,exact,297212.0,https://ror.org/01y9bpm73
4078,I40120149,University of Oxford,exact,569785.9,https://ror.org/052gg0110
4079,I241749,University of Cambridge,exact,532775.94,https://ror.org/013meh722
4080,I1294671590,Centre National de la Recherche Scientifique,fuzzy,165431.84,https://ror.org/02feahw73
4081,I161046081,University of Freiburg,exact,333178.88,https://ror.org/0245cg223
4082,I40120149,University of Oxford,exact,569785.9,https://ror.org/052gg0110
4083,I169108374,University of the Basque Country,exact,277822.56,https://ror.org/000xsnr85
4084,I23923803,University of Exeter,exact,225284.75,https://ror.org/03yghzc09
4085,I193662353,Utrecht University,exact,376452.06,https://ror.org/04pp8hn57
4086,I45129253,University College London,exact,628804.7,https://ror.org/02jx3x895
4087,I891191580,Aalborg University,exact,181944.95,https://ror.org/04m5j1k67
4088,I79619799,University of Birmingham,exact,359401.1,https://ror.org/03angcq70
4089,I241749,University of Cambridge,exact,532775.94,https://ror.org/013meh722
4090,I184942183,University of Oslo,exact,303018.66,https://ror.org/01xtthb56
4091,I16391192,Tel Aviv University,exact,529300.0,https://ror.org/04mhzgx49
4092,I132976966,Universität für Weiterbildung Krems,exact,11405.614,https://ror.org/03ef4a036
4093,I205274468,Trinity College Dublin,exact,319291.9,https://ror.org/02tyrky19
4094,I135140700,University of Bonn,exact,339605.3,https://ror.org/041nas322
4095,I155660961,University of Turku,exact,205834.64,https://ror.org/05vghhr25
4096,I130828816,University of Leeds,exact,298518.0,https://ror.org/024mrxd33
4097,I98358874,Delft University of Technology,exact,336248.8,https://ror.org/02e2c7k09
4098,I124055696,University of Copenhagen,exact,402602.5,https://ror.org/035b05819
4099,I98358874,Delft University of Technology,exact,336248.8,https://ror.org/02e2c7k09
4100,I9360294,University of Bologna,exact,320890.8,https://ror.org/01111rn36
4101,I133731052,University of Helsinki,exact,368817.44,https://ror.org/040af2s02
4102,I133731052,University of Helsinki,exact,368817.44,https://ror.org/040af2s02
4103,I187531555,Lund University,exact,378976.9,https://ror.org/012a77v79
4104,I177477856,Politecnico di Torino,exact,28573.088,https://ror.org/00bgk9508
4105,I193662353,Utrecht University,exact,376452.06,https://ror.org/04pp8hn57
4106,I9360294,University of Bologna,exact,320890.8,https://ror.org/01111rn36
4107,I102248843,Vienna University of Economics and Business,exact,96533.52,https://ror.org/03yn8s215
4108,I183935753,King's College London,exact,542667.9,https://ror.org/0220mzb33
4109,I56085075,University of Tartu,exact,173324.9,https://ror.org/03z77qz90
4110,I124601658,University of Parma,exact,181978.31,https://ror.org/02k7wn190
4111,I98358874,Delft University of Technology,exact,336248.8,https://ror.org/02e2c7k09
4112,I91123046,University of Latvia,exact,58274.914,https://ror.org/05g3mes96
4113,I913481162,Wageningen University & Research,fuzzy,288460.2,https://ror.org/04qw24q55
4114,,,none,,
4115,I203082224,Hochschule Bielefeld,weak,2945.5193,https://ror.org/00edvg943
4116,I170486558,Universitat Pompeu Fabra,exact,43511.164,https://ror.org/04n0g0b29
4117,,,none,,
4118,I123044942,Universitat Autònoma de Barcelona,exact,39540.395,https://ror.org/052g8jq94
4119,I203082224,Hochschule Bielefeld,weak,2945.5193,https://ror.org/00edvg943
4120,I124055696,University of Copenhagen,exact,402602.5,https://ror.org/035b05819
4121,I887064364,University of Amsterdam,exact,380175.53,https://ror.org/04dkp9463
4122,I56085075,University of Tartu,exact,173324.9,https://ror.org/03z77qz90
4123,I4210139941,IMDEA Water,weak,4354.7075,https://ror.org/04rhps755
4124,I133731052,University of Helsinki,exact,368817.44,https://ror.org/040af2s02
4125,I54108979,Norwegian University of Life Sciences,exact,141107.08,https://ror.org/04a1mvv97
4126,I9360294,University of Bologna,exact,320890.8,https://ror.org/01111rn36
4127,,,none,,
4128,,,none,,
4129,,,none,,
4130,I31512782,Technische Universität Darmstadt,exact,32278.135,https://ror.org/05n911h24
4131,I177969490,University of Southern Denmark,exact,212614.42,https://ror.org/03yrrjy16
4132,I93860229,Politecnico di Milano,exact,34953.16,https://ror.org/01nffqt88
4133,I83019370,Eindhoven University of Technology,exact,250696.17,https://ror.org/02c2kyt77
4134,,,none,,
4135,I133731052,University of Helsinki,exact,368817.44,https://ror.org/040af2s02
4136,I123044942,Universitat Autònoma de Barcelona,exact,39540.395,https://ror.org/052g8jq94
4137,,,none,,
4138,I96673099,Technical University of Denmark,exact,294979.28,https://ror.org/04qtj9h94
4139,I255234318,Universidad de Zaragoza,exact,22358.32,https://ror.org/012a91z28
4140,I96673099,Technical University of Denmark,exact,294979.28,https://ror.org/04qtj9h94
4141,,,none,,
4142,I124055696,University of Copenhagen,exact,402602.5,https://ror.org/035b05819
4143,I75951250,Freie Universität Berlin,exact,46536.777,https://ror.org/046ak2485
4144,I4432739,University of Bergen,exact,243454.16,https://ror.org/03zga2b32
4145,I138689650,University of Padua,exact,391372.62,https://ror.org/00240q980
4146,I202963720,University of St.Gallen,exact,88163.56,https://ror.org/0561a3s31
4147,I184942183,University of Oslo,exact,303018.66,https://ror.org/01xtthb56
4148,,,none,,
4149,I170486558,Universitat Pompeu Fabra,exact,43511.164,https://ror.org/04n0g0b29
4150,I197323543,Johannes Gutenberg University Mainz,weak,41263.29,https://ror.org/023b0x485
4151,I204778367,Norwegian University of Science and Technology,exact,260490.53,https://ror.org/05xg72x27
4152,I79619799,University of Birmingham,exact,359401.1,https://ror.org/03angcq70
4153,I90669466,École des hautes études en sciences sociales,exact,12056.66,https://ror.org/02d9dg697
4154,I197251160,Hebrew University of Jerusalem,exact,375981.75,https://ror.org/03qxff017
4155,I203082224,Hochschule Bielefeld,weak,2945.5193,https://ror.org/00edvg943
4156,I21250087,Charles University,fuzzy,15146.773,https://ror.org/024d6js02
4157,I4210097228,Institute of Art History,weak,3475.843,https://ror.org/00wmm1d15
4158,I181231927,National University of Ireland,weak,74419.195,https://ror.org/00shsf120
4159,I4432739,University of Bergen,exact,243454.16,https://ror.org/03zga2b32
4160,I4210108156,"Czech Academy of Sciences, Institute of Ethnology",exact,315.2253,https://ror.org/01qj7sc02
4161,I31575130,SOAS University of London,fuzzy,5309.828,https://ror.org/04vrxay34
4162,I149213910,University of Antwerp,exact,241988.78,https://ror.org/008x57b05
4163,,,pending,,
4164,I173304897,Universidad de Granada,exact,31857.525,https://ror.org/04njjy449
4165,I1317774081,International Institute for Applied Systems Analysis,fuzzy,147901.48,https://ror.org/02wfhk785
4166,I99464096,KU Leuven,exact,75807.95,https://ror.org/05f950310
4167,I909854389,London School of Economics and Political Science,fuzzy,227506.02,https://ror.org/0090zs177
4168,I161593684,Stockholm University,exact,248837.88,https://ror.org/05f0yaq80
4169,I21491767,Aix-Marseille Université,exact,46815.637,https://ror.org/035xkbk20
4170,I23923803,University of Exeter,exact,225284.75,https://ror.org/03yghzc09
4171,I202697423,University of Zurich,exact,350629.0,https://ror.org/02crff812
4172,I45129253,University College London,exact,628804.7,https://ror.org/02jx3x895
4173,I166337079,Queen Mary University of London,weak,191599.95,https://ror.org/026zzn846
4174,I40120149,University of Oxford,exact,569785.9,https://ror.org/052gg0110
4175,I202697423,University of Zurich,exact,350629.0,https://ror.org/02crff812
4176,I4210092408,Toulouse School of Economics,weak,44015.934,https://ror.org/00ff5f522
4177,,,none,,
4178,I1294671590,Centre National de la Recherche Scientifique,fuzzy,165431.84,https://ror.org/02feahw73
4179,,,pending,,
4180,I62318514,University of Duisburg-Essen,exact,296820.5,https://ror.org/04mz5ra38
4181,,,none,,
4182,I35440088,ETH Zurich,fuzzy,59592.008,https://ror.org/05a28rw58
4183,I98358874,Delft University of Technology,exact,336248.8,https://ror.org/02e2c7k09
4184,,,none,,
4185,I241749,University of Cambridge,exact,532775.94,https://ror.org/013meh722
4186,I51601045,University of Bath,exact,175667.95,https://ror.org/002h8g185
4187,I181369854,Friedrich-Alexander-Universität Erlangen-Nürnberg,exact,54852.375,https://ror.org/00f7hpc57
4188,,,none,,
4189,I135140700,University of Bonn,exact,339605.3,https://ror.org/041nas322
4190,,,none,,
4191,I1294671590,Centre National de la Recherche Scientifique,fuzzy,165431.84,https://ror.org/02feahw73
4192,I8087733,University of Tübingen,exact,304372.66,https://ror.org/03a1kwz48
4193,I2802176441,Basque Center for Applied Mathematics,exact,34828.98,https://ror.org/03b21sh32
4194,I62916508,Technical University of Munich,exact,424323.34,https://ror.org/02kkvpp62
4195,I35440088,ETH Zurich,fuzzy,59592.008,https://ror.org/05a28rw58
4196,I134820265,Consejo Superior de Investigaciones Científicas,fuzzy,31067.223,https://ror.org/02gfc7t72
4197,I1294671590,Centre National de la Recherche Scientifique,fuzzy,165431.84,https://ror.org/02feahw73
4198,I16835326,University of St Andrews,exact,228166.6,https://ror.org/02wn5qz54
4199,I255234318,Universidad de Zaragoza,exact,22358.32,https://ror.org/012a91z28
4200,I1294671590,Centre National de la Recherche Scientifique,fuzzy,165431.84,https://ror.org/02feahw73
4201,I4210126310,Universitätsklinikum Würzburg,fuzzy,6132.775,https://ror.org/03pvr2g57
4202,,,none,,
4203,I16835326,University of St Andrews,exact,228166.6,https://ror.org/02wn5qz54
4204,I28407311,University of Manchester,exact,395875.12,https://ror.org/027m9bs27
4205,,,pending,,
4206,I99464096,KU Leuven,exact,75807.95,https://ror.org/05f950310
4207,,,none,,
4208,I4210089594,Spanish National Cancer Research Centre,exact,151161.52,https://ror.org/00bvhmc43
4209,I28166907,Karolinska Institutet,exact,61562.074,https://ror.org/056d84691
4210,I141596103,University of Lisbon,weak,223011.98,https://ror.org/01c27hj86
4211,I2800006345,Leiden University Medical Center,exact,358705.56,https://ror.org/05xvt9f17
4212,I6289922,Universidade de Vigo,exact,18243.129,https://ror.org/05rdf8595
4213,,,none,,
4214,I40120149,University of Oxford,exact,569785.9,https://ror.org/052gg0110
4215,I149899117,Max Planck Society,exact,481286.8,https://ror.org/01hhn8329
4216,I113358080,Champalimaud Foundation,exact,61870.65,https://ror.org/03g001n57
4217,I34352273,Maastricht University,exact,286442.2,https://ror.org/02jz4aj89
4218,I4210108711,University Medical Center Hamburg-Eppendorf,exact,395860.03,https://ror.org/01zgy1s35
4219,I54009628,University of Bayreuth,exact,156766.92,https://ror.org/0234wmv40
4220,I4210147769,Institute for Bioengineering of Catalonia,exact,74720.42,https://ror.org/056h71x09
4221,I4210137962,Centre for Genomic Regulation,exact,202428.42,https://ror.org/03wyzt892
4222,I154526488,Inserm,weak,49376.336,https://ror.org/02vjkv261
4223,I1294671590,Centre National de la Recherche Scientifique,fuzzy,165431.84,https://ror.org/02feahw73
4224,I124055696,University of Copenhagen,exact,402602.5,https://ror.org/035b05819
4225,I4387154544,Institut National de la Recherche Agronomique,exact,542.099,https://ror.org/01x3gbx83
4226,I145872427,Radboud University Nijmegen,exact,690368.0,https://ror.org/016xsfp80
4227,I1294671590,Centre National de la Recherche Scientifique,fuzzy,165431.84,https://ror.org/02feahw73
4228,I881427289,University of Gothenburg,exact,304493.62,https://ror.org/01tm6cn81
4229,I39804081,Sorbonne Université,exact,73100.87,https://ror.org/02en5vm52
4230,I157536573,Institut Pasteur,exact,36066.547,https://ror.org/0495fxg12
4231,I97565354,University of Lausanne,exact,250802.06,https://ror.org/019whta54
4232,I181647926,University of Strathclyde,exact,207305.19,https://ror.org/00n3w3b69
4233,I113358080,Champalimaud Foundation,exact,61870.65,https://ror.org/03g001n57
4234,I4210122345,Institute for Research in Biomedicine,fuzzy,9433.836,https://ror.org/01z1gye03
4235,I4210116730,Universitätsmedizin Göttingen,weak,20243.906,https://ror.org/021ft0n22
4236,I158937107,Swiss Tropical and Public Health Institute,exact,144564.53,https://ror.org/03adhka07
4237,,,none,,
4238,I114457229,University of Geneva,exact,297821.62,https://ror.org/01swzsf04
4239,,,pending,,
4240,,,pending,,
4241,,,pending,,
