rid,eu_name,authorid,match_type,host_id,source,n_papers
1,Andreas Bock,A5065250034,exact,,round4_semtie,125
3,Arjen Jakobi,A5078577503,alias,I98358874,round2_inst,75
4,Ajasja Ljubetič,A5049578097,exact,,name_unique,38
7,Dina Schneidman,A5020529918,alias,I197251160,round2_inst,151
8,Rina Rosenzweig,A5009901277,exact,,name_unique,49
9,Thomas Sharp,A5085976588,alias,I36234482,round4_maxpapers,80
10,Klara Hlouchova,A5087054502,exact,,name_unique,39
11,Fabian Erdel,A5085223649,exact,,name_unique,45
12,Javier Garcia-Nafria,A5008339304,exact,,name_unique,39
13,Olivier Duss,A5072324762,exact,I4210138560,round2_inst,30
15,Christian Münch,A5012478165,exact,,round4_semtie,145
17,Karl Duderstadt,A5036678986,alias,I62916508,round2_inst,59
18,Julian Stingele,A5019471057,exact,,name_unique,32
19,Tristan Wagner,A5065545180,exact,I2738703131,round2_inst,151
21,Magnus Øverlie Arntzen,A5054809561,alias,I54108979,round2_inst,120
22,Dorothee Dormann,A5068527702,exact,,name_unique,67
23,Julien Philippe Duxin,A5027776611,fuzzy,I124055696,round2_inst,33
24,Gerbrand Van Der Heden Van Noort,A5080047287,fuzzy,I2800006345,round3_semantic,69
25,Ruben Fernandez Busnadiego,A5061030857,exact,I4210116730,round2_inst,80
26,Meytal Landau,A5024642832,exact,,name_unique,105
27,Tzviya Zeev-Ben-Mordehai,A5000022218,exact,,name_unique,50
29,Laura Baranello,A5039090640,exact,,name_unique,50
30,Elodie Laine,A5076453514,alias,I39804081,round4_semtie,100
31,Yaser Hashem,A5034288504,exact,,name_unique,76
32,Pavel Plevka,A5069121641,exact,,name_unique,97
33,Markus Weingarth,A5024449996,alias,I193662353,round2_inst,105
34,Martin Loose,A5015595521,exact,,name_unique,58
35,Martijn Luijsterburg,A5002710740,alias,I2800006345,round2_inst,84
36,Marvin Tanenbaum,A5050072827,alias,I1322597698,round2_inst,72
37,Philippe Nghe,A5072157461,exact,,name_unique,90
38,João Pedro Fernandes De Matos,A5012540233,fuzzy,I129774422,round2_inst,52
39,Chiara Ambrogio,A5018026415,exact,,name_unique,193
40,Bjørn Panyella Pedersen,A5057382760,exact,I204337017,round2_inst,89
41,Ralf Jungmann,A5052548866,exact,I8204097,round2_inst,194
42,Yogesh Kulathu,A5086041335,exact,,name_unique,51
43,Sebastian Glatt,A5012531471,alias,I126596746,round2_inst,79
44,Puck Knipscheer,A5081193364,exact,,name_unique,50
45,Marc Erhardt,A5084242666,exact,,name_unique,91
46,Doryen Bubeck,A5077066530,exact,,name_unique,70
47,Annarita Miccio,A5007373493,exact,,name_unique,110
48,Sergi Padilla-Parra,A5024498144,alias,I183935753,round2_inst,90
49,Orsolya Barabas,A5018719528,alias,I114457229,round2_inst,62
50,Robert Ernst,A5043813423,alias,I91712215,round4_semtie,380
51,Geert Van Den Bogaart,A5028508369,exact,,name_unique,165
52,Stefan Ameres,A5051413908,alias,I129774422,round2_inst,63
53,Milos Filipovic,A5022422208,alias,I4210121365,round2_inst,144
54,Gaia Pigino,A5064602266,exact,,name_unique,80
55,Martin Jinek,A5000173541,exact,I202697423,round4_semtie,155
56,Alessandro Costa,A5082896494,alias,I2801081054,round2_inst,102
57,David Drew,A5056582003,exact,I161593684,round2_inst,123
58,Michael Hothorn,A5089590993,alias,I114457229,round2_inst,104
59,Chirlmin Joo,A5088856493,exact,I98358874,round4_semtie,142
60,Sophie Polo,A5048423328,alias,I1294671590,round2_inst,99
61,Claudine Simone Kraft,A5022608936,fuzzy,,round3_semantic,71
62,Gad Asher,A5012740914,exact,,name_unique,57
63,Hans Heugh Wandall,A5028540597,alias,I124055696,round2_inst,185
64,Cyril Boris Zipfel,A5055236444,fuzzy,I202697423,round2_inst,270
65,Katja Strässer,A5026002214,alias,I200763008,round2_inst,54
66,Markus Andreas Seeger,A5086591800,fuzzy,I202697423,round2_inst,105
67,Alwin Köhler,A5051857909,alias,,round4_semtie,35
68,Thomas Arnesen,A5032682346,alias,I4432739,round4_semtie,136
70,Friedrich Förster,A5073848521,alias,I193662353,round2_inst,203
71,Stephan Gruber,A5007805763,alias,I97565354,round4_semtie,102
72,Naoko Mizuno,A5062504169,exact,I149899117,round2_inst,67
73,Anja Groth,A5076432360,alias,I124055696,round2_inst,90
75,Lori Anne Passmore,A5026689567,fuzzy,,round3_semantic,97
76,Rouslan Efremov,A5032702918,alias,I2802017950,round2_inst,58
77,Rémi Fronzes,A5004359762,exact,,name_unique,63
78,David Komander,A5086480636,exact,,round4_semtie,158
79,Sylvia Erhardt,A5075333006,exact,,name_unique,44
80,Christian Helmut Haering,A5009196400,fuzzy,,round3_semantic,69
81,Maria Falkenberg Gustafsson,A5028737721,fuzzy,I881427289,round2_inst,137
82,Mariusz Nowacki,A5044820964,alias,I118564535,round2_inst,64
83,Petr Cejka,A5056096904,alias,,round4_semtie,128
84,Helen Walden,A5055937619,alias,I7882870,round4_semtie,72
85,Gunter Jurgen Andreas Meister,A5058056443,fuzzy,I60668342,round2_inst,201
86,Dana Branzei,A5040416077,exact,I4210114103,round2_inst,106
87,Han Karel Remaut,A5026194678,alias,I2802017950,round2_inst,125
88,Juha Huiskonen,A5074800971,alias,I133731052,round2_inst,129
89,Irina Gutsche,A5039571597,exact,I1294671590,round4_semtie,104
90,Christian Siebold,A5037626610,exact,,name_unique,135
91,Richard Stefl,A5036569669,exact,I21449261,round2_inst,85
92,Gaelle Legube,A5074543116,exact,,name_unique,74
93,John Briggs,A5028628838,alias,,round3_semantic,277
94,Nils Wiedemann,A5068752218,alias,,round4_semtie,104
95,Philipp Selenko,A5047530888,alias,I53964585,round2_inst,60
96,Mart Loog,A5090178938,exact,I56085075,round4_semtie,79
97,Birte Höcker,A5063262156,exact,,name_unique,93
98,Danny Huang,A5047487479,alias,I4210143228,round2_inst,67
99,Stefan Raunser,A5020492463,exact,I149899117,round2_inst,254
100,Niels Mailand,A5063679562,exact,I124055696,round2_inst,110
101,Vincenzo Costanzo,A5056633333,exact,I189158943,round4_semtie,112
102,Fumiyo Ikeda,A5086021529,exact,,name_unique,70
103,Oliver Daumke,A5059679748,exact,,name_unique,141
104,Remco Sprangers,A5051714306,exact,,name_unique,73
105,Ayelet Erez,A5058704729,alias,I53964585,round2_inst,154
106,Massimo Lopes,A5019206750,exact,,name_unique,96
107,Robbie Joseph Loewith,A5011556912,alias,I114457229,round2_inst,118
108,Jernej Ule,A5081437536,exact,,name_unique,254
109,Pier Francesco Palamara,A5010391447,exact,,name_unique,64
111,David Burstein,A5101885296,exact,I16391192,round2_inst,175
112,Claudia Keller Valsecchi,A5019867019,fuzzy,I1850255,round2_inst,38
113,Leandro Quadrana,A5059026378,exact,I1294671590,round2_inst,65
114,Jungnam Cho,A5042055244,exact,,name_unique,45
115,Somenath Bakshi,A5014669169,exact,,name_unique,39
117,Ines Drinnenberg,A5038330559,alias,I1294671590,round2_inst,31
118,Miao-Ping Chien,A5076454824,alias,I2801952686,round4_semtie,55
119,Simone Köhler,A5024168803,exact,I4210138560,round2_inst,33
120,Tineke Lenstra,A5033153166,alias,I2898336195,round2_inst,61
121,Pauline Jullien,A5023216693,fuzzy,,round3_semantic,34
124,Aurele Piazza,A5052876695,exact,,name_unique,35
125,Davide Risso,A5088632823,exact,I138689650,round2_inst,115
127,Andrea Sottoriva,A5038260194,exact,,name_unique,269
128,Francesco Iorio,A5084431909,alias,I4210115812,round2_inst,227
130,Yonatan Stelzer,A5028804644,alias,I53964585,round2_inst,41
131,Bernhard Renard,A5005996110,alias,I143288331,round2_inst,200
132,Jeroen De Ridder,A5071483953,exact,I3018483916,round4_semtie,168
133,Benedetta Bolognesi,A5103158481,exact,I4210147769,round2_inst,44
134,Xiaoqi Feng,A5081176696,exact,I157556583,round2_inst,55
135,Lynn Vanhaecke,A5031907769,exact,I32597200,round2_inst,463
136,Danny Incarnato,A5055792143,exact,,name_unique,85
137,Minna Kaikkonen-Määttä,A5015092410,alias,I175532246,round3_semantic,189
138,Arnaud Krebs,A5020051043,alias,I4210138560,round2_inst,43
139,Simon Elsässer,A5069126441,alias,I28166907,round2_inst,81
140,Doug Speed,A5042359312,exact,I204337017,round2_inst,82
141,Rayan Chikhi,A5058310668,exact,,name_unique,159
142,Eivind Valen,A5067360861,alias,I184942183,round2_inst,101
143,James Hackett,A5081518363,alias,,round3_semantic,62
144,Marzena Magda Bienko,A5008912701,alias,I4210115812,round2_inst,82
145,Annaliese Mason,A5017354853,alias,I135140700,round2_inst,160
146,Fran Supek,A5025364437,alias,I124055696,round2_inst,147
147,Nir Yosef,A5026299103,exact,I53964585,round4_semtie,277
149,Cynthia Sharma,A5048266578,alias,,round3_semantic,116
150,Yifat Merbl,A5040056860,exact,,name_unique,66
151,Tuuli Lappalainen,A5064165945,exact,I86987016,round2_inst,247
152,Judith Zaugg,A5045317851,alias,I4210138560,round2_inst,114
153,Felix Meissner,A5073970595,alias,I2799391451,round2_inst,108
154,Itay Tirosh,A5005251958,exact,,name_unique,204
155,Jan Philipp Junker,A5079678964,exact,,name_unique,74
156,Tamar Geiger,A5025080569,exact,,name_unique,360
157,Tim Nicolai Siegel,A5011945733,alias,I8204097,round2_inst,63
158,Colm Nestor,A5084550031,alias,I102134673,round2_inst,52
159,Schraga Schwartz,A5044700675,exact,,name_unique,101
160,Jop Kind,A5026129057,exact,,name_unique,52
161,Manuel Irimia Martinez,A5084138702,fuzzy,,round3_semantic,127
162,Andrey Shkoporov,A5005302718,alias,,round3_semantic,130
163,Joseph Marsh,A5002238592,alias,I98677209,round4_semtie,167
164,Germano Cecere,A5030935900,exact,,name_unique,38
165,Steven Herman Spoel,A5063016242,fuzzy,I98677209,round2_inst,66
167,Tomas Marques Bonet,A5076185839,exact,I170486558,round2_inst,382
168,Tuncay Baubec,A5026968059,exact,,name_unique,46
169,Paul Wilmes,A5076512847,alias,I186903577,round2_inst,375
170,Elzo De Wit,A5081340727,exact,,name_unique,119
171,Igor Ulitsky,A5088681851,alias,I53964585,round2_inst,198
172,Alvaro Rada-Iglesias,A5039903067,exact,,name_unique,107
173,Bernd Bodenmiller,A5010642463,exact,,name_unique,284
174,Paola Picotti,A5084914720,alias,I35440088,round4_semtie,158
175,Emmanuel Doram Levy,A5041977335,fuzzy,I53964585,round2_inst,117
176,Maude Audrey Guillier,A5082917219,fuzzy,I1294671590,round2_inst,36
177,Stefan Pfister,A5041096535,alias,I17937529,round2_inst,1833
179,Nicola Iovino,A5024510416,exact,,round4_semtie,41
180,Dominic Grün,A5087500670,exact,,name_unique,101
181,Oded Rechavi,A5042854410,exact,,name_unique,96
182,Athanasios Typas,A5046083835,exact,,name_unique,133
183,Fyodor Kondrashov,A5072121403,alias,I157556583,round2_inst,121
184,Benjamin Rowland,A5064187066,alias,I2898336195,round2_inst,47
185,Shaul Shalev Itzkovitz,A5042875880,alias,I53964585,round2_inst,193
186,Yardena Rachel Samuels,A5042139239,fuzzy,I53964585,round3_semantic,159
187,Theodore Alexandrov,A5023802736,exact,I4210138560,round4_semtie,270
188,Jan Korbel,A5071136927,alias,I4210138560,round3_semantic,361
190,Romain Koszul,A5045736877,alias,I157536573,round2_inst,156
191,Michiel Vermeulen,A5073346894,exact,,name_unique,299
192,Stein Luc Aerts,A5002137087,fuzzy,I2802017950,round2_inst,228
193,Martin Beck,A5028999855,exact,I149899117,round2_inst,213
194,Marcelo Nollmann Martinez,A5103592243,fuzzy,,round3_semantic,50
195,Ido Amit,A5048280875,alias,I53964585,round4_semtie,378
196,Daniel Zilberman,A5089216744,exact,,name_unique,56
197,Jerome Dejardin,A5017662368,exact,I154526488,round2_inst,42
199,Eva Ran Hoffmann,A5058906995,alias,I124055696,round2_inst,124
200,Amos Tanay,A5083312685,exact,I53964585,round4_semtie,188
202,Marcus Thomas Pius Gilbert,A5053180525,alias,I124055696,round3_semantic,669
204,Nuria Lopez Bigas,A5057300983,alias,I4210122345,round4_semtie,328
205,Rotem Sorek,A5024718393,exact,I53964585,round4_semtie,161
206,Julius Brennecke,A5044585155,alias,I125523173,round2_inst,77
207,Robert John Klose,A5073071237,alias,I40120149,round3_semantic,93
208,Marc Bühler,A5080985969,exact,,name_unique,76
209,Ian Robert Henderson,A5036043656,alias,I241749,round3_semantic,178
210,Kevin Joan Verstrepen,A5080156795,alias,I2802017950,round2_inst,290
212,Haikun Liu,A5073093050,alias,I17937529,round2_inst,60
213,Petr Svoboda,A5063809380,exact,I4210138103,round4_semtie,212
214,Chuna Ram Choudhary,A5016136160,alias,I124055696,round2_inst,109
215,Petra Hajkova,A5008085628,alias,I47508984,round2_inst,80
216,Alexander Stark,A5052020232,exact,I195525897,round2_inst,173
217,Joost Schymkowitz,A5031589452,alias,I2802017950,round2_inst,273
218,Marta Radman-Livaja,A5056530950,alias,I1294671590,round2_inst,31
219,Ron Milo,A5024451873,alias,I53964585,round4_semtie,189
220,Alejandro Ramon Toledo Arana,A5078884640,fuzzy,I134820265,round2_inst,157
221,Francesca Demichelis,A5070658179,alias,I193223587,round2_inst,417
222,Sarah Amalia Polonius-Teichmann,A5028596003,fuzzy,I2802476451,round3_semantic,611
223,Felipe Cortés Ledesma,A5062090815,alias,I4210089594,round2_inst,67
224,Diether Lambrechts,A5078760536,alias,I2802017950,round2_inst,1138
225,Haico Van Attikum,A5091679060,exact,,name_unique,120
226,Antonin Morillon,A5061414099,alias,I80043,round2_inst,118
227,Déborah Bourc'His,A5072227443,alias,I80043,round2_inst,100
228,Eran Segal,A5012450539,exact,I53964585,round2_inst,469
229,Jonathan Lawrence Marchini,A5051043751,fuzzy,I40120149,round4_semtie,216
231,Haike Antelmann,A5020611058,alias,I75951250,round2_inst,153
232,Rosemary Elizabeth Kiernan,A5002801126,fuzzy,I1294671590,round2_inst,49
233,Johan Elf,A5049367949,alias,I123387679,round2_inst,165
235,Michaël Philippe Weber,A5010500477,fuzzy,I1294671590,round3_semantic,118
236,Yitzhak Pilpel,A5005581639,alias,I53964585,round2_inst,141
238,Claudius Frank Kratochwil,A5035026759,alias,I133731052,round2_inst,51
239,Hanna Hõrak,A5076099596,exact,I56085075,round2_inst,30
240,Lucas Tilmann Jae,A5020434531,fuzzy,I8204097,round2_inst,38
241,Katharina Sonnen,A5020842333,alias,I1322597698,round2_inst,38
242,Edouard Hannezo,A5027982101,exact,I157556583,round4_semtie,114
243,Ori Avinoam,A5011704747,exact,,name_unique,43
244,Lisa Frankel,A5027567583,alias,I4210148920,round2_inst,48
245,Saskia Suijkerbuijk,A5078011098,alias,I193662353,round2_inst,31
246,Marie-Cécile Caillaud,A5017462808,alias,I1294671590,round4_semtie,50
248,Peter Walentek,A5017701359,exact,I2801240073,round2_inst,49
249,Kurt Schmoller,A5080584860,alias,I3018134672,round2_inst,57
250,Maya Bar,A5029142860,alias,I124227911,round2_inst,83
251,Liedewij Laan,A5090556868,exact,,name_unique,65
252,Bruno Hudry,A5018280421,exact,I1294671590,round2_inst,37
253,Shotaro Otsuka,A5082422826,alias,,round4_semtie,35
255,Alba Diz-Muñoz,A5082228969,exact,I4210138560,round2_inst,66
256,Matyas Fendrych,A5069334889,exact,,name_unique,64
257,Jonathan Maelfait,A5080842218,exact,,name_unique,45
259,Matthias Johannes Feige,A5079981447,alias,I62916508,round2_inst,65
260,Jean-Léon Maître,A5032567633,exact,I1294671590,round2_inst,63
261,Vincenzo Calvanese,A5038217290,alias,,round4_semtie,64
263,Romain Levayer,A5084785695,exact,,name_unique,42
265,Yaniv Elkouby,A5006316405,alias,I197251160,round2_inst,34
267,Andrea Pauli,A5058477479,alias,I195525897,round2_inst,99
268,Pekka Katajisto,A5012423760,alias,I133731052,round2_inst,74
269,Mounia Lagha,A5028537170,exact,I1294671590,round2_inst,64
270,Alena Zikova,A5017181527,alias,I4210164740,round2_inst,83
271,Ivan Bedzhov,A5078523411,exact,,name_unique,34
272,Bert De Rybel,A5011795455,exact,I2802017950,round2_inst,117
273,Anna Kostadinova Kicheva,A5082395135,fuzzy,I157556583,round2_inst,48
274,Yasin Dagdas,A5015661318,exact,,name_unique,97
275,Leo Kurian,A5035195412,exact,,name_unique,55
277,Raquel Aguiar Cardoso De Oliveira,A5030645496,alias,,round3_semantic,78
278,Sara Sigismund,A5069822222,exact,,name_unique,49
280,Nadine Vastenhouw,A5061865787,alias,I97565354,round2_inst,53
281,Yvon Bernard Marie Jaillais,A5032149883,fuzzy,I1294671590,round2_inst,149
282,Raffaella Di Micco,A5022968042,exact,,name_unique,65
283,Patrick Müller,A5077931913,exact,I189712700,round2_inst,166
284,Pleasantine Mill,A5048497534,exact,,name_unique,65
285,Alexander Aulehla,A5086496616,exact,,name_unique,37
286,Moritz Nowack,A5079001964,alias,I2802017950,round2_inst,90
287,Cesar Nombela,A5089356341,exact,,round4_semtie,250
288,Jérôme Gros,A5089103667,exact,I157536573,round4_semtie,64
289,Maya Schuldiner,A5086426687,alias,I53964585,round2_inst,250
290,Ana Garcia Saez,A5041672678,alias,I180923762,round4_semtie,170
291,Lukas Christian Kapitein,A5025164063,fuzzy,I193662353,round2_inst,191
292,Ritwick Sawarkar,A5033690391,exact,,name_unique,47
293,Julien Dumont,A5002172208,alias,I1294671590,round4_semtie,70
294,Ari Pekka Mähönen,A5076653362,exact,I133731052,round4_semtie,77
295,Sophie Janssens,A5062755318,alias,I2802017950,round2_inst,142
296,Ewa Paluch,A5020755611,alias,I241749,round2_inst,80
297,Pedro Nuno Chaves Simoes De Carvalho,A5077706232,fuzzy,I40120149,round2_inst,48
298,Kikue Tachibana,A5050361720,exact,,name_unique,35
299,Rut Carballido Lopez,A5077247937,exact,,name_unique,75
300,Pablo Navarro Gil,A5077710770,alias,I157536573,round2_inst,50
301,Emmanuelle Maria Françoise Bayer,A5030122402,fuzzy,I1294671590,round2_inst,92
302,Stefan Kubicek,A5084485181,alias,I4210127611,round2_inst,370
303,Manuel Thery,A5023275493,exact,I2738703131,round2_inst,172
304,Kristian Franze,A5011821893,exact,,name_unique,133
305,Timo Betz,A5037452571,exact,,name_unique,133
306,Ana Martin-Villalba,A5003387515,exact,I17937529,round4_semtie,110
307,Sara Wickström,A5039376687,alias,I133731052,round2_inst,113
308,Aurelio Teleman,A5052778454,alias,I17937529,round2_inst,187
309,Renata Basto,A5058396316,exact,I80043,round2_inst,68
310,Diego Pasini,A5056723765,exact,,name_unique,110
311,Michael Karl Sixt,A5015575955,fuzzy,I157556583,round2_inst,157
312,David Dolezel,A5019005016,alias,I4210164740,round2_inst,68
313,Simon Alberti,A5008277442,alias,,round4_semtie,159
315,Annika Guse,A5023312680,exact,,name_unique,35
317,Monica Bettencourt Carvalho Dias,A5031515506,fuzzy,,round3_semantic,111
318,Brian Marc Stramer,A5027559739,alias,I183935753,round2_inst,86
319,Helder Jose Martins Maiato,A5016676719,alias,I182534213,round2_inst,143
320,David Sprinzak,A5071779550,exact,,name_unique,76
321,Mohamed Lamkanfi,A5014558436,alias,I32597200,round4_semtie,132
322,Sebastian Jessberger,A5089019914,exact,,name_unique,132
323,Daniel Joseph G Van Damme,A5076713300,fuzzy,I2802017950,round2_inst,118
324,Sascha Martens,A5029002091,alias,I129774422,round2_inst,133
325,Rita Helene Groß-Hardt,A5074098149,fuzzy,I180437899,round2_inst,33
326,Magali Aude Emmanuelle Suzanne,A5104581616,fuzzy,I1294671590,round2_inst,67
327,Guillaume Thomas Charras,A5044372884,alias,I45129253,round2_inst,166
328,Iva Marija Tolic,A5085903358,alias,I4210123216,round2_inst,164
329,Maya Benyamina Schuldiner,A5086426687,fuzzy,I53964585,round2_inst,250
330,Thomas Greb,A5005431192,exact,,round4_semtie,83
331,Sophie Jarriault,A5048541321,exact,,name_unique,40
332,Jochen Christian Rink,A5057369360,alias,I149899117,round2_inst,75
333,Jan Huisken,A5005769811,alias,I149899117,round2_inst,146
334,Igor Adameyko,A5076800395,exact,,name_unique,159
335,James Turner,A5026072466,alias,I2801081054,round3_semantic,106
338,Niko Geldner,A5030307663,exact,I97565354,round2_inst,168
339,Lars Jansen,A5076348351,alias,I40120149,round2_inst,72
340,Cedric Blanpain,A5079923302,alias,I132053463,round2_inst,209
341,Olivier Thomas Hamant,A5014061110,fuzzy,,round3_semantic,223
342,Casper Cassander Hoogenraad,A5058356091,fuzzy,I193662353,round2_inst,287
343,Thorsten Hoppe,A5079367986,exact,I180923762,round2_inst,159
345,Eli Arama,A5089413048,exact,,name_unique,48
347,Francesco Paneni,A5050799541,alias,I202697423,round4_semtie,312
348,Eleanor Raffan,A5027584095,exact,,name_unique,40
349,Andreas Moor,A5050934828,alias,I35440088,round2_inst,93
350,Ataman Sendoel,A5049220083,exact,,name_unique,30
351,Ihsan Ekin Demir,A5088890575,alias,I2802619606,round4_semtie,321
352,Arthur Liesz,A5005297652,alias,I8204097,round2_inst,137
353,Triin Laisk,A5042176597,exact,,name_unique,113
354,Arafath Najumudeen,A5062771849,alias,I133731052,round2_inst,49
355,Carolina Hagberg,A5006562733,alias,I28166907,round2_inst,41
356,Henning Fenselau,A5081838784,exact,,name_unique,31
357,Ana Banito,A5056033164,exact,,name_unique,76
358,Direna Alonso-Curbelo,A5010025130,alias,I4210122345,round4_semtie,83
359,Céline Vallot,A5051580508,exact,,name_unique,63
360,Benoit Chassaing,A5018718565,alias,I154526488,round4_semtie,273
361,Isabelle Dupin,A5010395693,exact,,name_unique,81
362,Jarno Drost,A5040392709,exact,,name_unique,157
363,George Birchenough,A5077604913,exact,,name_unique,38
364,Christoffer Clemmensen,A5090584338,exact,,name_unique,136
365,Liran Shlush,A5034717529,alias,I53964585,round2_inst,90
366,Aurelie Ernst,A5001826506,exact,,name_unique,93
367,Johannes Meiser,A5089914132,exact,,name_unique,83
368,Donato Inverso,A5050922691,exact,,name_unique,35
369,Martin Heni,A5008882033,exact,I196349391,round2_inst,348
370,José Pedro Friedmann Angeli,A5065710911,alias,,round4_semtie,100
371,Martin De Borst,A5077283308,alias,I1334415907,round2_inst,432
372,Carmelo Quarta,A5051646344,alias,I154526488,round2_inst,74
373,Pedro Sousa-Victor,A5075912749,exact,,round4_semtie,35
374,Christoph Stein-Thoeringer,A5009730934,alias,I8087733,round2_inst,51
375,Nicolas Gaudenzio,A5003492206,alias,I154526488,round2_inst,71
376,Rebekka Schneider-Kramann,A5073561254,alias,I4210120689,round2_inst,245
377,Hugo Snippert,A5032502079,alias,,round3_semantic,98
378,Anna Obenauf,A5078729702,alias,I195525897,round2_inst,73
379,Alexandre Puissant,A5038903944,exact,,name_unique,228
380,Nina Henriette Uhlenhaut,A5064933213,alias,I62916508,round3_semantic,61
381,Zachary Philip Gerhart-Hines,A5073216233,fuzzy,I124055696,round2_inst,76
382,Shona Wood,A5039876698,alias,I78037679,round2_inst,64
383,Maria Ermolaeva,A5020945421,alias,I4210127789,round2_inst,46
384,Sarah Doyle,A5067053382,exact,I205274468,round2_inst,111
385,Limor Landsman,A5054998121,exact,,name_unique,40
386,Elmar Wolf,A5081972858,exact,,round4_semtie,146
387,Carmine Settembre,A5056795266,exact,I71267560,round4_semtie,86
388,Ruth Scherz-Shouval,A5006544087,exact,I53964585,round4_semtie,106
389,Christiane Opitz,A5011907940,alias,I17937529,round2_inst,135
390,Luc Friboulet,A5025583232,exact,,name_unique,437
391,Ana Cvejic,A5036718218,exact,I124055696,round2_inst,69
392,Peter Kühnen,A5022408562,alias,I7877124,round2_inst,118
393,Harry Sokol,A5083701333,exact,I39804081,round2_inst,567
394,Louis Vermeulen,A5043831964,alias,I911458345,round2_inst,248
395,Amélie Bonnefond,A5025636710,exact,I154526488,round2_inst,320
396,Rafael Johannes Thomas Kramann,A5028674815,fuzzy,I4210120689,round2_inst,275
397,Timo Mueller,A5113212927,alias,,round4_maxpapers,187
398,Rui Miguel Dos Santos Benedito,A5058492800,fuzzy,I2809107791,round2_inst,54
399,Camilla Charlotte Scheele,A5086814581,fuzzy,I124055696,round2_inst,113
400,Omry Koren,A5018377158,exact,I13955877,round2_inst,254
401,Milena Bellin,A5064346511,exact,,name_unique,88
402,Reinier Boon,A5016611690,alias,I911458345,round2_inst,173
403,Aline Bozec,A5072082129,alias,I4210088053,round2_inst,153
404,Guillaume Canaud,A5042298336,exact,I204730241,round4_semtie,101
405,Jorge Alegre-Cebollada,A5005585216,exact,I2809107791,round4_semtie,99
406,Maria Carolina Florian,A5063055821,exact,,name_unique,79
407,Nicola Aceto,A5084595779,exact,I35440088,round2_inst,164
408,Paul Thomas Pfluger,A5082822397,alias,I3018134672,round2_inst,168
409,Manuel Valiente,A5070418898,exact,I4210089594,round4_semtie,258
410,Benoit Vanhollebeke,A5102896616,exact,,name_unique,70
411,Jacob Fog Bentzon,A5001564519,alias,I204337017,round2_inst,123
412,Claudia Lengerke,A5088208446,alias,I8087733,round2_inst,301
413,Myriam Aouadi,A5086872807,exact,,name_unique,74
415,Simon Holst Bekker-Jensen,A5063029794,alias,I124055696,round4_maxpapers,103
416,Matias Simons,A5056076824,exact,,name_unique,72
418,Matthew Campbell,A5008861348,alias,I205274468,round4_semtie,309
419,Ruben Van Boxtel,A5019020568,alias,I4210127118,round4_semtie,173
420,Kim De Keersmaecker,A5077602004,exact,,name_unique,171
421,Arkaitz Carracedo Perez,A5014972417,alias,I4210112728,round2_inst,206
422,Michelangelo Campanella,A5032006810,exact,,name_unique,140
423,Mirko Trajkovski,A5007570063,exact,,name_unique,46
424,Karina Yaniv,A5084645917,exact,,name_unique,49
425,Ganna Panasyuk,A5072057688,exact,,name_unique,65
426,Christian Frezza,A5013887971,alias,I4210153755,round2_inst,260
427,Roland Rad,A5082231210,exact,I2802619606,round2_inst,352
428,George Vassiliou,A5024724352,alias,I241749,round2_inst,293
429,Yuval Rinkevich,A5027977934,alias,I3018134672,round4_semtie,62
430,Nadia Mercader Huber,A5014798491,alias,I118564535,round4_semtie,96
431,Ravid Straussman,A5025259421,exact,I53964585,round2_inst,85
432,Pipsa Saharinen,A5052919345,exact,,name_unique,98
433,Claus Jorgensen,A5037846010,alias,I28407311,round2_inst,116
434,Michael Potente,A5054657535,exact,,name_unique,85
436,Massimiliano Mazzone,A5005112202,exact,,name_unique,391
437,Lior Gepstein,A5027217970,exact,I174306211,round2_inst,201
438,Sarah-Maria Fendt,A5043975935,alias,I2802017950,round2_inst,201
439,Guido Bommer,A5003824473,alias,I95674353,round2_inst,95
440,Tom Luedde,A5000874547,exact,,name_unique,613
442,Ana Dias Neto Domingos Jansen,A5085473640,fuzzy,,round4_maxpapers,196
443,Anna Sablina,A5037059775,exact,,name_unique,158
444,Nicolas Adrien Michaël Venteclef,A5019904780,fuzzy,I154526488,round2_inst,138
446,Asaf Hellman,A5001587804,exact,,name_unique,31
448,Paolo Giacobini,A5058705393,alias,I154526488,round2_inst,126
449,Annemiek Van Spriel,A5042252674,alias,I2802934949,round2_inst,98
450,Pawel Dominik Swietach,A5026204246,fuzzy,I40120149,round2_inst,205
452,Ilaria Malanchi,A5060776127,exact,,name_unique,69
453,Florian Christoph Bassermann,A5059538708,fuzzy,I2802619606,round2_inst,196
455,Triantafyllos Chavakis,A5086672334,exact,,round4_semtie,372
456,John Andrew Pospisilik,A5039760583,alias,I149899117,round2_inst,107
457,Julien Jean-Louis Marie Vermot,A5016295444,fuzzy,I47508984,round2_inst,139
458,Mathias Florian Heikenwälder,A5022155277,fuzzy,I17937529,round2_inst,550
459,Andrea Alimonti,A5083212112,exact,,name_unique,212
460,Janine Terra Erler,A5039753115,alias,I124055696,round2_inst,192
461,Eva Gonzalez Suarez,A5032787506,exact,I4210089594,round2_inst,152
462,Marcel Van Vugt,A5025446346,alias,I1334415907,round2_inst,160
463,Rami Aqeilan,A5021249524,alias,I197251160,round3_semantic,213
465,William Edward Louch,A5032822233,fuzzy,I184942183,round2_inst,229
466,Lars Zender,A5052075637,exact,I8087733,round4_semtie,326
468,Jason Scott Carroll,A5084427699,fuzzy,I241749,round2_inst,492
471,Luis Filipe Ferreira Moita,A5054255908,fuzzy,,round3_semantic,124
472,Thomas Thum,A5020543934,alias,I34809795,round4_semtie,605
473,Taija Marianna Makinen,A5063288234,fuzzy,I123387679,round2_inst,143
474,Hugo Georges Roger Aguilaniu,A5033838889,fuzzy,I1294671590,round2_inst,36
475,Dieter Karl Maximilian Saur,A5090240499,fuzzy,I2802619606,round2_inst,431
477,Massimo Santoro,A5048243012,alias,I138689650,round4_semtie,366
478,Paola Romagnani,A5046254027,exact,,name_unique,360
479,Susana Gonzalez,A5041586028,alias,I2809107791,round2_inst,66
481,Jan Cools,A5060184481,alias,I2802017950,round2_inst,417
482,Peter Friedl,A5026527299,exact,I145872427,round2_inst,442
483,Tobias Georg Bruno Maria Huber,A5076632645,fuzzy,I4210108711,round2_inst,476
484,Paolo Salomoni,A5051777812,alias,,round4_semtie,148
485,David Bryder,A5041041189,exact,,name_unique,189
486,Roberto Coppari,A5002983120,exact,,name_unique,74
488,Eva Van Rooij,A5061534140,alias,I1322597698,round2_inst,122
489,Eran Hornstein,A5041137218,exact,,name_unique,110
490,Christoph Handschin,A5021236744,exact,,name_unique,183
491,Edgar Rodrigues Almeida Gomes,A5035043270,fuzzy,I141596103,round2_inst,75
492,Mario Pende,A5050474078,exact,I154526488,round2_inst,97
494,Noam Zelcer,A5047655780,exact,,name_unique,116
496,Rejane Rua,A5036874598,exact,,name_unique,47
497,Jonas-Frederic Sauer,A5102854350,fuzzy,I91712215,round2_inst,39
499,Natalia Goriounova,A5073618426,alias,I865915315,round2_inst,49
501,Armin Lak,A5032963618,alias,I40120149,round2_inst,54
503,Peter Kok,A5016715765,alias,I45129253,round2_inst,79
504,Soyon Hong,A5003649183,exact,,name_unique,55
505,Jaime De Juan-Sanz,A5031255857,exact,,name_unique,33
506,Isabel Beets,A5070285020,alias,I99464096,round2_inst,148
507,Juan Álvaro Gallego,A5026536305,alias,,round3_semantic,103
508,Zhenyu Gao,A5014398858,exact,I2801952686,round2_inst,51
511,Meital Oren-Suissa,A5025592013,exact,,name_unique,42
512,Julijana Gjorgjieva,A5055788094,exact,,name_unique,106
513,Urte Neniskyte,A5075562148,exact,,name_unique,31
514,Amaia Arranz,A5088411067,alias,I4210100306,round2_inst,34
515,Claudia Clopath,A5039497694,exact,I47508984,round2_inst,220
516,Robert Fledrich,A5036637334,exact,,name_unique,40
518,Simon Jacob,A5103220023,fuzzy,I2802619606,round2_inst,64
520,Fabian Sinz,A5036361185,alias,I74656192,round2_inst,101
521,Alessandro Gozzi,A5072821940,exact,I30771326,round2_inst,190
522,Susanne Wegmann,A5008475864,exact,,round4_semtie,88
523,Sylvain Rheims,A5018669927,exact,I100532134,round2_inst,234
525,Susanne Hoffmann,A5049323019,alias,I149899117,round2_inst,258
526,Tomohisa Toda,A5103264007,exact,I181369854,round2_inst,34
527,Nicolas Renier,A5034783300,alias,I154526488,round2_inst,65
528,Inbal Goshen,A5076973058,exact,,name_unique,65
529,Ayal Ben-Zvi,A5066671374,exact,I197251160,round4_semtie,43
530,Jakob Macke,A5080225154,alias,I8087733,round2_inst,200
532,M Eugenia Chiappe,A5082196676,exact,,name_unique,32
533,Moshe Parnas,A5055023434,exact,,name_unique,31
535,Hiroshi Ito,A5044544721,alias,,round4_semtie,1826
536,Asya Rolls,A5089760063,exact,,name_unique,55
537,Miriam Melis,A5045189209,alias,I172446870,round4_semtie,158
538,Kiavash Movahedi,A5039227652,exact,,name_unique,94
539,Julien Bouvier,A5010173240,alias,I1294671590,round4_semtie,49
540,David Owald,A5044882991,exact,,name_unique,39
542,Marion Silies,A5027898696,exact,,name_unique,62
543,Olivier Marre,A5048550613,alias,I154526488,round2_inst,171
544,Boyan Bonev,A5010244124,alias,I3018134672,round2_inst,34
545,Stanley Heinze,A5034484345,exact,,name_unique,67
546,Silvia Cappello,A5056811679,exact,I8204097,round2_inst,98
547,Benjamin Judkewitz,A5070498168,alias,I7877124,round2_inst,82
548,Tarja Malm,A5000776705,alias,I175532246,round4_semtie,188
549,Frederic Gambino,A5021903452,alias,I1294671590,round4_semtie,32
550,Pawel Burkhardt,A5072644672,exact,,name_unique,55
551,Alexander Matthias Walter,A5018228978,alias,I124055696,round2_inst,99
552,Gaia Novarino,A5049497512,alias,I157556583,round4_semtie,60
553,Juliette Godin,A5074345717,alias,I154526488,round2_inst,47
554,Sonja Vernes,A5085492585,alias,I16835326,round2_inst,163
555,Yaniv Ziv,A5010287804,exact,I53964585,round2_inst,55
556,Luca Bonini,A5040229416,alias,I124601658,round2_inst,73
557,Claire Wyart,A5030843888,alias,I154526488,round4_semtie,112
558,María Llorens-Martín,A5068800327,exact,I134820265,round2_inst,76
559,Ilaria Testa,A5077962429,alias,I86987016,round4_semtie,104
561,Michela Deleidi,A5056933907,exact,,name_unique,88
562,Federico De Martino,A5090734850,exact,I34352273,round2_inst,127
563,Ana Joao Gomes Rodrigues,A5020683956,fuzzy,I99682543,round3_semantic,179
564,Susanne Schreiber,A5067638731,exact,I39343248,round2_inst,102
565,Georg Keller,A5036840680,alias,I860889466,round4_maxpapers,96
566,Tiago Ramos Alegre Branco,A5007641436,fuzzy,I45129253,round3_semantic,75
567,Gilles Huberfeld,A5077630349,exact,,name_unique,86
568,Nikolai Axmacher,A5069104068,exact,,name_unique,246
569,Megan Rose Carey,A5045839083,fuzzy,I113358080,round2_inst,48
570,Martin Fuhrmann,A5082020011,exact,,round4_semtie,94
571,Ashwin Woodhoo,A5001452023,exact,,name_unique,61
572,Pascale Bomont,A5074532965,exact,I154526488,round4_semtie,105
573,Stefan Jens Hallermann,A5007022136,alias,,round3_semantic,75
574,Camilla Bellone,A5002276509,exact,I114457229,round4_semtie,74
575,Nathalie Rochefort,A5037861106,alias,I98677209,round2_inst,60
576,Marta De Aragão Pacheco Moita,A5054158726,fuzzy,I113358080,round2_inst,44
577,Francesca Cacucci,A5028099121,alias,I45129253,round2_inst,52
578,Mehmet Fatih Yanik,A5032212627,exact,I35440088,round2_inst,135
579,Marta Zlatic,A5059140736,alias,I241749,round2_inst,93
580,Caren Norden,A5008590002,exact,,name_unique,78
581,David Keays,A5015783800,alias,I8204097,round3_semantic,33
582,Ofer Yizhar,A5037720828,exact,,name_unique,119
583,Bryan Strange,A5024005442,alias,I88060688,round2_inst,129
584,Tim Vogels,A5085417824,alias,I157556583,round2_inst,65
585,Jan Siemens,A5012227593,exact,I2802164966,round2_inst,38
586,Rochelle Ackerley,A5070517669,exact,,name_unique,93
588,Erik Jan Marthe Storkebaum,A5078562469,fuzzy,I145872427,round2_inst,63
589,Judit Makara,A5041538544,alias,I4210106880,round2_inst,31
590,Brice Jean Philippe Bathellier,A5010693521,fuzzy,I1294671590,round2_inst,67
591,Karin Shmueli,A5006887531,alias,I45129253,round2_inst,127
592,Joseph Paton,A5001236766,alias,I113358080,round2_inst,32
593,Tatiana Korotkova,A5080488472,alias,I4210153755,round2_inst,60
594,Ragnhildur Thora Karadottir,A5044032139,exact,I241749,round4_semtie,71
595,Janos Szabadics,A5006038863,exact,,name_unique,32
596,Michael Brian Orger,A5066413155,fuzzy,I113358080,round2_inst,51
597,Amir Amedi,A5034713252,alias,I138898306,round4_semtie,168
598,Jennifer Kim Bizley,A5041450957,alias,I45129253,round2_inst,93
600,Tim Gollisch,A5086835913,exact,,name_unique,96
601,Smita Saxena,A5063666811,exact,I118564535,round2_inst,49
602,Matthew Stuart Grubb,A5047455423,fuzzy,I183935753,round2_inst,51
603,Laura Cancedda,A5007734615,exact,,name_unique,100
604,Rony Paz,A5063807588,alias,I53964585,round2_inst,95
605,Simon Hippenmeyer,A5080499335,alias,I157556583,round4_semtie,107
606,Inna Slutsky,A5000009798,exact,,name_unique,69
607,Adam Denes,A5038618629,exact,I4210106880,round2_inst,131
608,Karim Robert Marc Benchenane,A5051955676,fuzzy,I1294671590,round2_inst,68
609,Antoine Roger Adamantidis,A5027508273,alias,I118564535,round2_inst,167
610,German Sumbre,A5023405833,exact,I154526488,round2_inst,38
611,Stefan Remy,A5061562477,exact,,name_unique,61
612,Fekrije Selimi,A5060353766,exact,,name_unique,49
613,James Francis Alexander Poulet,A5079409586,fuzzy,I205582932,round2_inst,71
614,Edor Kabashi,A5091192587,exact,,name_unique,96
615,Tara Spires-Jones,A5088747780,alias,I98677209,round2_inst,248
616,Nathalie Rouach,A5033299269,alias,,round4_semtie,164
619,Thomas Nevian,A5077686493,alias,I118564535,round2_inst,47
620,Stephanie Baulac,A5070118171,exact,I154526488,round2_inst,130
621,Grégoire Richard Courtine,A5018530098,fuzzy,I5124864,round2_inst,217
622,Nachum Ulanovsky,A5086304017,exact,I53964585,round4_semtie,59
624,Ileana Livia Opatz,A5071604538,fuzzy,I4210108711,round3_semantic,124
625,Penelope Anne Lewis,A5115601534,fuzzy,I79510175,round2_inst,94
626,Jozsef Balázs Rózsa,A5000761021,alias,I4210106880,round2_inst,118
627,Sebastian Kadener,A5038140921,exact,I197251160,round4_semtie,88
628,Jean Livet,A5014215458,alias,I39804081,round2_inst,81
629,Adrian Michael Isaacs,A5068723908,fuzzy,I45129253,round2_inst,150
630,Joerg Albert,A5045308729,alias,I45129253,round2_inst,40
631,André Fischer,A5040773420,exact,,round4_semtie,354
632,Christoph Kayser,A5010335917,exact,,round4_semtie,273
633,Nathalie Anne Spassky,A5043555955,fuzzy,I154526488,round2_inst,102
634,Andrew John Robert Plested,A5081877224,fuzzy,,round3_semantic,103
635,Aldo Genovesio,A5005245127,exact,I861853513,round4_semtie,93
636,Mikael Jakob Simons,A5079565983,fuzzy,I62916508,round2_inst,201
638,Rosa Cossart,A5030120520,alias,I154526488,round2_inst,110
639,Gregory Jefferis,A5055440525,alias,,round3_semantic,223
640,Patrik Verstreken,A5040983698,exact,I2802017950,round2_inst,185
641,Katharina Von Kriegstein,A5055728698,exact,,name_unique,224
642,Guillermina Eloisa Lopez Bendito,A5035765686,fuzzy,I134820265,round2_inst,87
643,Joshua Avi Goldberg,A5090513279,fuzzy,I197251160,round2_inst,73
644,Giovanna Rachele Mallucci,A5067030643,fuzzy,I241749,round2_inst,77
645,Julie Perroy,A5033599123,alias,I1294671590,round2_inst,81
646,Oren Schuldiner,A5016916532,exact,,name_unique,41
647,Jean-Marc Goaillard,A5009276385,exact,I154526488,round2_inst,54
648,Thomas Misgeld,A5068651418,exact,I62916508,round2_inst,161
649,Dieter Johannes Edbauer,A5014535603,fuzzy,,round3_semantic,121
650,Richard Roland Benton,A5078310984,fuzzy,I97565354,round4_semtie,184
651,Olivier David,A5009848505,alias,I154526488,round2_inst,331
652,Nikolaus Weiskopf,A5024555751,alias,I149899117,round2_inst,473
653,Colin Jon Akerman,A5032933053,fuzzy,I40120149,round3_semantic,83
654,Davide Franco Zoccolan,A5023025526,alias,I138549579,round2_inst,63
655,Rui Manuel Marques Fernandes Da Costa,A5060965799,fuzzy,I113358080,round3_semantic,177
656,Adi Mizrahi,A5088833540,exact,,name_unique,76
657,David Robbe,A5071743235,exact,,name_unique,45
658,Silvio Olivier Rizzoli,A5061167925,fuzzy,I4210116730,round2_inst,211
659,Thomas Mrsic-Flogel,A5057225739,alias,I45129253,round2_inst,84
660,Sonia Noémie Garel,A5053318683,fuzzy,I154526488,round2_inst,81
661,Daniel Andreas Huber,A5049462145,fuzzy,I114457229,round3_semantic,82
662,Jan Böttcher,A5034061948,alias,,round3_semantic,60
663,Paul Bourgine,A5006777098,exact,I187531555,round2_inst,74
664,Barbara Susanne Sixt,A5016800306,alias,I90267481,round2_inst,30
665,Alexander Clarke,A5028030494,alias,I40120149,round2_inst,46
666,Robert De Vries,A5049515007,alias,I193662353,round2_inst,113
667,Jenny Mjösberg,A5080628718,exact,,name_unique,124
668,Christoph Schneider,A5033849275,exact,I202697423,round4_semtie,241
669,Daniela Latorre,A5075565802,exact,,round4_semtie,34
670,Noam Stern-Ginossar,A5082856046,alias,I53964585,round4_semtie,107
671,Matthieu Mahevas,A5031127153,alias,I197681013,round4_semtie,141
672,Dor Salomon,A5010059848,exact,,name_unique,84
673,Christina Zielinski,A5083436454,alias,I4210162077,round2_inst,66
674,Géraldine Laloux,A5007876625,exact,,name_unique,42
675,Ondrej Stepanek,A5046576229,exact,I4210138103,round2_inst,91
676,Nicola Gagliani,A5037272617,alias,I4210108711,round2_inst,200
677,Florian Schmidt,A5053586448,alias,I2799391451,round2_inst,85
678,Leïla Perié,A5055849177,alias,,round4_semtie,94
679,Joan Yuan,A5077900379,exact,I187531555,round2_inst,55
680,Thomas Marichal,A5076651905,alias,I157674565,round4_semtie,127
681,Troels Scheel,A5000059912,alias,I124055696,round2_inst,61
682,Maria Tsoumakidou,A5078676208,exact,,name_unique,49
683,Liliana Mancio Silva,A5028637796,exact,I154526488,round4_semtie,46
684,Benedikt Kaufer,A5081629994,alias,I75951250,round2_inst,166
685,Julie Helft,A5026436234,exact,,name_unique,55
686,Caroline Goujon,A5050404728,exact,,name_unique,84
687,Neta Regev-Rudzki,A5087526855,exact,I53964585,round4_semtie,69
688,Francis Impens,A5040383692,exact,I2802017950,round2_inst,189
689,Nadine Laguette,A5004396985,exact,,name_unique,41
690,Lars Dölken,A5069299747,alias,I34809795,round2_inst,160
691,Rayk Behrendt,A5030267616,exact,,name_unique,89
692,Laurent Reber,A5037869759,alias,I154526488,round2_inst,86
693,María Mittelbrunn,A5032075495,alias,I134820265,round2_inst,75
694,Sine Reker Hadrup,A5033440492,exact,,name_unique,292
695,Guoliang Cui,A5037980406,exact,I17937529,round2_inst,60
696,Moritz Treeck,A5003714113,exact,,round4_semtie,85
697,Suzan Rooijakkers,A5033008855,alias,I3018483916,round2_inst,172
698,Christoph Scheiermann,A5021389980,exact,,name_unique,92
699,Stan Johan Jozef Brouns,A5051219873,alias,I98358874,round2_inst,161
700,Gerhard Krönke,A5064839208,exact,,name_unique,208
701,Maria João Lopes Gonçalves De Brito Amorim,A5067340936,alias,I2802805223,round2_inst,80
703,Amy Buck,A5046455079,alias,I98677209,round2_inst,96
704,Marek Basler,A5035190614,exact,I1850255,round2_inst,64
705,Noam Stern-Ginossar,A5082856046,exact,I53964585,round4_semtie,107
706,Georgios Chamilos,A5022276450,exact,,name_unique,101
707,Pamela Schnupf,A5046120213,exact,,name_unique,31
708,Doron Merkler,A5074794983,exact,I114457229,round4_semtie,219
709,Samuel Huber,A5091016746,exact,I4210108711,round2_inst,297
710,Emma Wetter Slack,A5064708056,alias,I35440088,round2_inst,127
711,Carlos Filipe Ribeiro Lemos Pereira,A5011181093,fuzzy,I187531555,round3_semantic,101
712,Eran Elinav,A5082822020,exact,I53964585,round2_inst,287
713,Anat Herskovits,A5052845459,alias,I16391192,round2_inst,42
715,Melanie Greter,A5025846021,exact,,name_unique,89
716,Monika Wolkers,A5087282255,alias,I3020210244,round2_inst,94
717,Andreas Pichlmair,A5065431449,exact,,name_unique,132
718,Wolfgang Kastenmüller,A5037220835,exact,,round4_semtie,127
719,Mariana Luisa Tomas Gomes De Pinho,A5068113754,fuzzy,I83558840,round2_inst,103
720,David Finlay,A5039033149,alias,I205274468,round2_inst,78
721,Maximiliano Gabriel Gutierrez,A5068817299,alias,I2801081054,round2_inst,135
722,Serge Mostowy,A5000285007,alias,I4210089966,round4_semtie,199
723,Luisa Figueiredo,A5031040469,alias,I141596103,round2_inst,88
724,Petr Broz,A5034864461,exact,I97565354,round2_inst,129
725,Jan-Willem Veening,A5021934828,alias,I97565354,round4_semtie,182
726,Victoria Cowling,A5052631798,alias,I4210143228,round2_inst,73
727,Dietmar Zehn,A5016497210,exact,I62916508,round4_semtie,135
728,Luis Manuel Valla Teixeira,A5035784421,fuzzy,,round3_semantic,194
729,Melanie Blokesch,A5036874273,exact,,name_unique,99
731,Matteo Iannacone,A5084119660,exact,,name_unique,177
732,Lars Dölken,A5069299747,alias,I4210126310,round2_inst,160
733,Martin Wim V Guilliams,A5002734104,fuzzy,I2802017950,round2_inst,135
735,Catherine Jill Merrick,A5021262946,alias,I241749,round2_inst,55
736,Jakub Abramson,A5065413991,exact,,name_unique,53
737,Stefania Spano,A5056203171,alias,I195460627,round2_inst,36
738,Matthias Marti,A5004504354,alias,I7882870,round4_semtie,154
739,Jost Heiko Enninga,A5027674094,fuzzy,I157536573,round2_inst,118
740,Marc Schmidt-Supprian,A5089219567,alias,I2802619606,round4_semtie,128
741,Marc Lecuit,A5066356842,exact,I157536573,round2_inst,427
742,Mario Schelhaas,A5017092501,exact,,name_unique,45
743,Sophie Elizabeth J. Lucas,A5058712436,fuzzy,I95674353,round2_inst,140
744,Adrian Liston,A5082974246,alias,I1302113299,round2_inst,311
745,Pavel Tolar,A5083722680,exact,,name_unique,76
746,Bruno Miguel De Carvalho E Silva Santos,A5030043762,fuzzy,I141596103,round3_semantic,161
747,Andrew Edwin Firth,A5007404143,alias,I241749,round2_inst,193
748,Thomas Gunther Thorsten Korn,A5067928852,fuzzy,I2802619606,round2_inst,212
749,Veit Helmut Hornung,A5016667606,fuzzy,I8204097,round2_inst,298
751,Satu Maarit Mustjoki,A5008868111,fuzzy,I133731052,round2_inst,607
752,Mark Wilson,A5027257135,alias,I2801081054,round2_inst,105
753,Sophie Ugolini,A5071765199,exact,,name_unique,109
754,Simon Fillatreau,A5033611453,exact,,name_unique,111
755,Markus Feuerer,A5056093622,exact,,name_unique,78
756,Sebastien Jean Pfeffer,A5043206101,fuzzy,I1294671590,round2_inst,98
757,Fotini Nina Papavasiliou,A5086882857,alias,I17937529,round2_inst,103
758,Marc Bajénoff,A5031460147,exact,,name_unique,81
759,Jason Paul Mercer,A5042993609,fuzzy,I79619799,round2_inst,94
761,Maria Rescigno,A5085944050,exact,I1339471597,round2_inst,459
762,Mohamed-Ali Hakimi,A5039009013,alias,I1294671590,round2_inst,106
764,Eicke Latz,A5009349672,exact,I2799391451,round2_inst,461
765,Ron Dzikowski,A5023420108,exact,I197251160,round4_semtie,62
766,Eran Elinav,A5082822020,alias,I53964585,round2_inst,287
767,Robin Charles May,A5058738414,alias,I79619799,round2_inst,219
768,Federico Mingozzi,A5049298836,exact,I4210127167,round4_semtie,195
769,Pierre Bruhns,A5029545795,exact,I154526488,round2_inst,147
771,Benedicte Francoise Py,A5021951210,fuzzy,I154526488,round2_inst,50
772,Ronald Van Rij,A5040007262,alias,I145872427,round3_semantic,148
773,Roger Molto Pallares,A5035055430,alias,I4210120689,round2_inst,65
774,Madhuri Salker,A5048649402,alias,I8087733,round2_inst,79
775,Sophia Stoecklein,A5027583465,exact,I8204097,round2_inst,89
776,Claudia Langenberg,A5055584673,exact,I166337079,round2_inst,696
777,Katja Van Den Hurk,A5049510588,alias,I3020210244,round4_semtie,123
778,Mads Sylvest Bergholt,A5005663670,alias,I183935753,round2_inst,111
779,Anna Chaimani,A5090381428,exact,,name_unique,201
780,Ine Lentacker,A5010359444,exact,I32597200,round2_inst,126
781,Roy Van Der Meel,A5061977961,exact,,name_unique,69
782,Rebecca Richmond,A5072739924,alias,I36234482,round2_inst,318
783,Thomas Dorlo,A5054194543,alias,I123387679,round2_inst,132
784,Philipp Vollmuth,A5038487968,alias,I2799391451,round2_inst,197
785,Bulat Ibragimov,A5070871008,exact,I124055696,round2_inst,117
786,Gustaf Edgren,A5075852201,alias,I28166907,round4_semtie,240
787,Marc Vaudel,A5037607788,alias,I4432739,round2_inst,149
789,Betty Tijms,A5030923361,alias,I911458345,round2_inst,327
790,Johannes Espolin Roksund Hov,A5087109628,alias,I184942183,round2_inst,226
791,Georg Winter,A5002922655,alias,,round3_semantic,87
792,Hrvoje Bogunovic,A5089575197,alias,,round4_semtie,283
793,Alessio Cantore,A5060154023,exact,,name_unique,52
794,Maxime Gauberti,A5023396427,exact,,name_unique,104
795,James Thackeray,A5004315051,alias,I34809795,round2_inst,124
796,Michael Sommerauer,A5080852796,exact,,round4_semtie,78
797,Daniela Cesana,A5048554096,exact,,name_unique,60
798,Michael White,A5056258333,exact,I157536573,round4_semtie,230
799,Christian Langkammer,A5034265922,exact,,name_unique,131
800,Ben Jeurissen,A5052945963,exact,I149213910,round2_inst,114
801,Alexandre Loupy,A5061736643,exact,,name_unique,293
802,Paulina Salminen,A5041745937,exact,,name_unique,178
803,Ines Thiele,A5074725115,alias,I188760350,round2_inst,226
804,Thomas Grünewald,A5010237107,alias,I17937529,round3_semantic,252
805,Sebastian Kobold,A5050281853,alias,I8204097,round2_inst,264
806,Daniel Bexell,A5017470355,exact,,name_unique,88
807,Roosmarijn Vandenbroucke,A5043807997,alias,I2802017950,round2_inst,209
808,Hendrik Poeck,A5042748665,exact,,name_unique,132
809,Jakob Stokholm,A5031414961,exact,,round4_semtie,246
810,Pauliina Damdimopoulou,A5053652994,exact,,name_unique,110
811,Anna Vähärautio,A5076351886,exact,,name_unique,64
812,Ewout Hoorn,A5027968873,alias,I2801952686,round2_inst,403
813,Pieter Vader,A5079355181,exact,,name_unique,115
814,Bettina Husebo,A5039904067,alias,I4432739,round4_maxpapers,186
815,Martin Bech,A5043426343,alias,I187531555,round2_inst,155
816,Adam Williamson,A5012563992,exact,I4210136987,round2_inst,76
817,Wessel Ganzevoort,A5005195003,alias,I911458345,round2_inst,266
818,Claudia Denkinger,A5022367224,alias,I2802164966,round2_inst,319
819,Wolfgang Bogner,A5023652216,exact,,round4_semtie,305
820,Rony Dahan,A5004644725,exact,,name_unique,51
821,Lars Maegdefessel,A5033406476,alias,I2802619606,round2_inst,347
822,Valentina Bollati,A5007836073,exact,I189158943,round4_semtie,411
823,Renato Ostuni,A5058763661,exact,,name_unique,68
824,Siawoosh Mohammadi,A5086856273,alias,I4210112713,round2_inst,139
825,Daniel Ciampi De Andrade,A5076132891,exact,,name_unique,311
826,Olivia Merkel,A5025193205,alias,I8204097,round2_inst,169
827,Ritse Mann,A5073381909,alias,I2802934949,round4_maxpapers,309
828,Eleni Tomazou,A5072020303,alias,I4388891777,round2_inst,53
829,Avi Schroeder,A5004510357,exact,,name_unique,107
830,Thomas Bocklitz,A5034502482,alias,I2801349226,round2_inst,228
831,Florian Buettner,A5021809355,exact,,name_unique,146
832,Karim Lekadir,A5078391768,alias,I71999127,round2_inst,218
833,Fernando Calvo,A5047820703,alias,I134820265,round2_inst,79
834,Dario Greco,A5028682033,exact,I166825849,round4_semtie,294
835,Martin O'Halloran,A5047214527,alias,I188760350,round2_inst,253
836,Rachela Popovtzer,A5039004884,alias,I13955877,round4_semtie,117
837,Tim Dyrby,A5102857785,alias,,round3_semantic,181
839,Sigurdur Yngvi Kristinsson,A5001522697,alias,I165368041,round2_inst,232
840,Adi Barzel,A5036675061,exact,,name_unique,34
841,Katleen De Preter,A5034282785,alias,I2802017950,round2_inst,458
842,Andrea Ditadi,A5015115031,alias,I4210133214,round2_inst,44
843,Jan Kirschke,A5003938965,alias,I2802619606,round3_semantic,418
844,An Hendrix,A5075264102,exact,I32597200,round2_inst,210
845,Elena Levtchenko,A5028156101,exact,,name_unique,460
847,Daniel Aili,A5033045367,alias,I102134673,round4_semtie,121
849,Alexander Pietras,A5043770726,exact,,name_unique,69
850,Séverine Sabia,A5070026765,exact,,name_unique,197
851,Daniël Pijnappels,A5041678517,alias,I2800006345,round2_inst,149
852,Tal Dvir,A5031531654,exact,,name_unique,85
853,Peter Boor,A5049305761,exact,I4210120689,round2_inst,748
855,Jingyuan Fu,A5006921045,alias,I1334415907,round2_inst,251
856,Samir El Andaloussi,A5059897226,exact,,name_unique,247
857,Christoph Bock,A5059183480,exact,I4210127611,round4_semtie,449
858,Christine Marie J. Desmedt,A5049771372,fuzzy,I99464096,round2_inst,534
859,Vered Karavani,A5049437339,fuzzy,I16391192,round3_semantic,84
860,Lars Forsberg,A5038986974,alias,I123387679,round3_semantic,50
861,Matthijs Brouwer,A5005809475,alias,I2802928900,round2_inst,340
862,Andre Marquand,A5054538140,alias,I2802934949,round2_inst,334
863,Lena Maier-Hein,A5027292126,alias,I17937529,round3_semantic,510
865,Timo Johannes Laaksonen,A5004833492,alias,I133731052,round2_inst,162
866,Jason Holland,A5014626023,alias,I202697423,round2_inst,270
867,Koen Raemdonck,A5001219220,exact,,name_unique,145
868,Iñaki Comas Espadas,A5072542589,alias,I134820265,round2_inst,251
869,Mathilde Touvier,A5106788643,exact,I154526488,round4_semtie,847
870,Ruben Christiaan Hartkoorn,A5048322980,alias,I154526488,round2_inst,71
871,Camilla Svensson,A5070089176,alias,I28166907,round2_inst,210
873,Ioannis Sechopoulos,A5079270012,exact,,name_unique,263
874,Ali Ertürk,A5050828185,alias,I3018134672,round4_semtie,95
875,Hugo Aerts,A5001452511,alias,I34352273,round2_inst,512
876,Carsten Marr,A5046721596,alias,I3018134672,round2_inst,232
877,Jean-Baptiste Pingault,A5013110004,alias,I45129253,round4_semtie,204
878,Twan Lammers,A5079522186,exact,I4210120689,round2_inst,377
879,Jenny Myers,A5064959070,alias,I28407311,round2_inst,296
880,Johanna Petra Olweus,A5028004266,fuzzy,I184942183,round2_inst,90
881,Steven Alexander Niederer,A5000435552,alias,I183935753,round4_maxpapers,543
883,Anders Rosengren,A5056887678,alias,I881427289,round2_inst,70
884,Hester Den Ruijter,A5082843252,alias,I3018483916,round2_inst,373
885,Niccolo Bolli,A5051626849,alias,I189158943,round2_inst,243
886,Marco Helmut Gerlinger,A5101707847,fuzzy,I166337079,round2_inst,143
887,Maja Jagodic,A5038894883,exact,,name_unique,205
888,Axel Rainer Schambach,A5054362291,fuzzy,I34809795,round2_inst,495
889,Bruno De Geest,A5083147395,alias,I32597200,round4_semtie,53
890,Anna Christina Kajaste-Rudnitski,A5013633344,fuzzy,I4210133214,round2_inst,56
894,Jens Gunnar Hakan Hjerling Leffler,A5077085914,fuzzy,I28166907,round2_inst,139
895,Rudolf Allert De Boer,A5031658795,alias,I2801952686,round2_inst,869
896,Lukas Jeker,A5033585559,alias,I1850255,round2_inst,88
897,Ayelet Erez,A5058704729,alias,I53964585,round2_inst,154
898,Shulamit Levenberg,A5012769290,exact,I174306211,round2_inst,179
900,Björn Erik Ake Nilsson,A5058419662,fuzzy,I187531555,round3_semantic,228
902,Davide Rossi,A5015790909,exact,,round4_semtie,890
903,Jan Herman Veldink,A5069816083,alias,I3018483916,round4_maxpapers,488
904,Matthias Meier,A5053507788,alias,I3018134672,round4_semtie,182
905,Francesca Meteora Buffa,A5075865182,alias,I71209653,round2_inst,541
906,Yuval Yechiel Shaked,A5068166516,fuzzy,I174306211,round2_inst,299
907,Irinel Anca Catrina,A5046583167,alias,I28166907,round2_inst,213
908,Charles Agyemang,A5067202010,exact,I2802928900,round4_semtie,471
910,Olivier Couture,A5028875960,alias,I1294671590,round4_semtie,115
912,Julien Jean-Charles Nicolas,A5001640643,fuzzy,I1294671590,round2_inst,206
913,Malin Parmar,A5007253264,exact,,name_unique,170
914,Claudia Allemani,A5107970561,exact,I4210089966,round2_inst,142
915,Danny David Jonigk,A5068639127,alias,I34809795,round2_inst,539
916,Leendert Trouw,A5060898190,alias,I2800006345,round2_inst,323
917,Andrea Bertotti,A5031287599,exact,I55143463,round4_semtie,403
918,Yaqub Hanna,A5013792306,alias,I53964585,round2_inst,172
919,Björn Högberg,A5069122955,exact,I28166907,round2_inst,98
920,Maria Paola Martelli,A5089614080,exact,,name_unique,615
922,Michele De Palma,A5043563746,exact,,name_unique,199
923,Mary Cannon,A5006791816,alias,,round4_semtie,570
924,Mikko Olavi Niemi,A5047851431,fuzzy,I133731052,round4_maxpapers,345
925,Tomasz Jan Guzik,A5040329167,alias,I98677209,round4_maxpapers,408
926,Susana Marina Chuva De Sousa Lopes,A5006746843,fuzzy,I2800006345,round4_semtie,256
927,Charlotte Anita Ling,A5046960589,fuzzy,I187531555,round2_inst,420
928,Jaan-Olle Andressoo,A5073441975,exact,,name_unique,74
929,Katia Parodi,A5000377815,exact,,name_unique,631
930,Unnur Valdimarsdóttir,A5010145550,exact,I165368041,round4_maxpapers,395
932,Kathryn Mary Francis Abel,A5035300724,fuzzy,I28407311,round3_semantic,270
933,Gonçalo De Sá E Sousa De Castelo Branco,A5042851935,alias,I28166907,round2_inst,101
934,Robert Franz Karl Zeiser,A5084803299,fuzzy,I2801240073,round2_inst,501
935,Irmela Jeremias,A5061922466,exact,,name_unique,263
936,"Christophe John,Willy Moreau",A5088460898,fuzzy,I1294671590,round2_inst,60
937,Paul William Selberg-Franks,A5024645589,fuzzy,I187531555,round2_inst,859
938,Yaakov Nahmias,A5013918067,exact,,name_unique,107
939,Oliver Denis Hantschel,A5008651904,fuzzy,I161103922,round2_inst,104
940,Daniel Razansky,A5082319905,exact,I202697423,round4_semtie,636
941,Henrik Zetterberg,A5079766290,exact,I881427289,round4_semtie,3278
942,Vincenzo Cerullo,A5031533220,exact,,name_unique,296
943,Weimin Ye,A5100601148,exact,I28166907,round4_semtie,665
944,Kim Bak Jensen,A5048881006,alias,I124055696,round3_semantic,99
945,Sven Rottenberg,A5017173720,exact,,name_unique,258
946,Niel Hens,A5042663607,alias,I878454856,round4_semtie,607
947,Mette Marie Rosenkilde,A5035872776,alias,I124055696,round3_semantic,330
949,Lorraine Brennan,A5003874766,exact,I100930933,round4_semtie,419
950,Sebastien Jean Antoine Granier,A5054725044,fuzzy,I154526488,round2_inst,71
951,Marju Orho-Melander,A5077037910,exact,I187531555,round2_inst,431
952,Brian Huntly,A5029251605,alias,I241749,round4_semtie,282
953,Frederic Amant,A5023783658,alias,I99464096,round4_semtie,1092
954,Raphaël Rodriguez,A5004676065,alias,I80043,round4_semtie,208
956,Shy Shoham,A5028417315,exact,I174306211,round2_inst,164
957,Arthur Kaser,A5050963621,alias,I241749,round2_inst,287
958,Dominique Lievin Pierre Baeten,A5046625022,fuzzy,I2802928900,round2_inst,460
959,Hugo Wilhelmus Antonius Maria De Jong,A5051038749,fuzzy,I3018483916,round4_semtie,173
960,Dan Peer,A5038855686,exact,I16391192,round4_semtie,185
962,Caroline Klaver,A5029529953,alias,I2801952686,round4_maxpapers,588
963,Kevin Braeckmans,A5028407212,alias,I32597200,round2_inst,349
964,Giandomenico Iannetti,A5009081893,alias,I30771326,round2_inst,339
965,Per Jonas Levi Svenningsson,A5036364090,fuzzy,I28166907,round2_inst,1512
966,Patrizio Lancellotti,A5034995895,exact,I157674565,round4_semtie,1050
967,Craig Morgan,A5045508438,alias,I183935753,round4_semtie,611
968,Simon Méndez-Ferrer,A5006520748,exact,,name_unique,153
969,Jonas Larsson,A5112464570,alias,I187531555,round4_semtie,154
970,Jennifer Irene Keiser,A5033452459,fuzzy,I158937107,round4_semtie,520
971,Marc Antoine Gijsbert Gilles Vooijs,A5079711680,fuzzy,I34352273,round2_inst,163
972,Giuseppe Testa,A5087706646,alias,I189158943,round4_semtie,269
973,Massimiliano Pagani,A5075506116,exact,I189158943,round4_semtie,105
974,Nico Luc Marc Callewaert,A5015811382,fuzzy,I2802017950,round2_inst,285
975,Enrico Tiacci,A5059848948,exact,,name_unique,130
977,Sara Richter,A5069115725,alias,I138689650,round2_inst,153
978,Alessandra Biffi,A5021543363,exact,,name_unique,221
979, ,A5100322395,alias,,round3_semantic,125
980,Ana Isabel De Sousa Teixeira,A5058949558,fuzzy,I28166907,round2_inst,84
981,Helene Andersson Svahn,A5018960239,alias,I86987016,round2_inst,119
982,Laura Soucek,A5058419452,exact,,name_unique,173
983,Ronit Satchi-Fainaro,A5061202040,alias,I16391192,round4_semtie,249
984,Majlinda Lako,A5032539966,exact,,name_unique,322
985,Constantin Zohner,A5042352588,alias,,round3_semantic,119
986,Charlotte Grossiord,A5075690626,exact,I5124864,round2_inst,137
987,Ricardo Araújo,A5066058396,alias,,round3_semantic,114
988,Cornelia Welte,A5035182754,alias,I145872427,round2_inst,115
989,Alex De Mendoza,A5045064147,exact,I166337079,round2_inst,61
990,Erin Saupe,A5022428558,alias,I40120149,round2_inst,169
991,Lucie Etienne,A5048275896,exact,I1294671590,round4_semtie,106
992,Michael Bok,A5049417712,alias,I187531555,round2_inst,33
993,Cecilia Nilsson,A5054084621,exact,I187531555,round4_semtie,98
995,Susan Johnston,A5083372249,alias,I98677209,round3_semantic,95
996,Roberto Salguero-Gómez,A5069697028,alias,I40120149,round4_semtie,257
997,Emily Mitchell,A5012590514,exact,I241749,round4_semtie,150
998,Nathalie Stroeymeyt,A5037889113,exact,,name_unique,35
999,Jan De Vries,A5100670296,exact,I74656192,round2_inst,206
1000,Anton Potapov,A5014102183,exact,,round4_semtie,113
1001,Jussi Lehtonen,A5085798200,exact,I94722563,round2_inst,109
1002,Arnau Sebé-Pedrós,A5004697708,exact,I4210137962,round4_semtie,78
1003,Arnaud Sentis,A5022540401,alias,,round4_semtie,110
1004,Henrik Salje,A5086547092,alias,I241749,round4_semtie,209
1005,Katherine Helliwell,A5031382933,alias,I23923803,round2_inst,39
1007,Tzachi Hagai,A5019953572,exact,,name_unique,88
1008,Himani Sachdeva,A5081417856,exact,,name_unique,33
1009,Stefanie Muff,A5025165097,alias,I204778367,round2_inst,61
1010,Andreas Nord,A5023368062,alias,I187531555,round2_inst,139
1011,Elisabeth Hehenberger,A5008108938,exact,,name_unique,81
1013,Tamir Klein,A5050473052,alias,I53964585,round2_inst,178
1014,Jean-Baptiste Raina,A5058036490,exact,,name_unique,111
1015,Hassan Salem,A5034042515,exact,,round3_semantic,48
1016,Pieter De Frenne,A5000715083,exact,I32597200,round4_semtie,339
1017,Matthias Fischer,A5080341519,exact,I149899117,round4_semtie,109
1018,Shuqing Xu,A5042368523,alias,I197323543,round2_inst,85
1019,Melissah Rowe,A5050364333,exact,,name_unique,72
1020,Sophie Sanchez,A5030613963,exact,I123387679,round2_inst,120
1021,Suvi Ruuskanen,A5048415511,alias,I94722563,round2_inst,134
1022,Alexa Sadier,A5066329869,exact,I1294671590,round2_inst,46
1023,Carlos Perez Carmona,A5084114422,alias,,round3_semantic,149
1024,Antoine Wystrach,A5061323512,exact,I1294671590,round4_semtie,88
1025,Jillian Michelle Petersen,A5063678252,fuzzy,I129774422,round2_inst,69
1026,Zuzana Musilová,A5008296954,alias,I21250087,round4_semtie,90
1027,Aaron Vogan,A5008616285,alias,I123387679,round2_inst,69
1028,Mathieu Groussin,A5071442804,exact,,name_unique,50
1029,Catherine Preece,A5064876958,exact,,name_unique,62
1031,Jarno Vanhatalo,A5057385440,exact,I133731052,round2_inst,111
1032,Marian Yong-An Hu,A5016621061,alias,,round3_semantic,92
1033,Laszlo Nagy,A5026813986,alias,I2800351701,round3_semantic,137
1034,Jan Hrcek,A5048111852,exact,,name_unique,79
1035,Alvaro Sanchez,A5049086349,exact,,round4_semtie,128
1036,Ilkka Kronholm,A5080771276,exact,,name_unique,46
1037,Bram Van De Poel,A5027780948,exact,,name_unique,119
1038,Eva Stukenbrock,A5005847037,alias,,round3_semantic,220
1039,Ainhoa Magrach,A5042450363,exact,,name_unique,75
1040,Stéphane Hacquard,A5024362734,alias,I149899117,round2_inst,71
1041,Ashley Shade,A5090882548,exact,,name_unique,149
1042,Violaine Llaurens,A5081229664,exact,,name_unique,103
1043,Alvaro San Millan,A5000337643,alias,I134820265,round2_inst,86
1044,Marie Semon,A5091156775,exact,I113428412,round2_inst,66
1045,Johan Decelle,A5057021217,exact,I1294671590,round4_semtie,83
1046,Petr Keil,A5055421718,alias,I205984670,round4_semtie,98
1047,Dedmer Van De Waal,A5014772924,alias,,round3_semantic,139
1048,Margaret C. Crofoot,A5000914380,exact,,name_unique,116
1049,Maria Azeredo De Dornelas,A5014649758,fuzzy,I141596103,round2_inst,152
1050,Andrew David Foote,A5027442178,alias,I184942183,round2_inst,96
1051,Anna Runemark,A5000746434,exact,,name_unique,65
1052,Isabel Almudi,A5082959910,exact,I71999127,round2_inst,52
1053,Nicola Segata,A5068576885,alias,I193223587,round4_semtie,419
1054,Amelia-Elena Rotaru,A5050995136,exact,I177969490,round4_maxpapers,68
1055,Vincent Merckx,A5053820901,alias,I1295562517,round2_inst,103
1056,Katharina Wollenberg Valero,A5040267568,alias,I100930933,round2_inst,88
1057,Marina Semchenko,A5078702986,exact,,name_unique,56
1058,Fabien Burki,A5065497413,exact,,name_unique,99
1059,Tal Dagan,A5004587704,exact,,round4_semtie,149
1060,Daniel Montoya,A5056274244,alias,I4210092744,round2_inst,53
1061,Sandra Nogue,A5088385568,alias,I123044942,round2_inst,88
1062,Jane Catford,A5033756643,alias,I183935753,round2_inst,165
1063,Mathieu Lihoreau,A5067924606,exact,I1294671590,round2_inst,194
1064,Yossi Yovel,A5016325693,alias,I16391192,round4_semtie,210
1065,Mette Burmølle,A5075847298,exact,,name_unique,121
1066,Fredrik Jutfelt,A5005103518,exact,I204778367,round2_inst,131
1067,Martin Pilhofer,A5087426368,alias,I35440088,round2_inst,81
1068,Mederic Diard,A5048213818,alias,I1850255,round4_semtie,31
1069,Miguel Jorge Pinto Carneiro,A5022221670,fuzzy,,round3_semantic,116
1070,Alexander Sang-Jae Suh,A5029225325,fuzzy,I4387155279,round2_inst,170
1071,Katalin Csilléry,A5064794927,exact,,name_unique,51
1072,Pierre-Marc Delaux,A5004260609,exact,,name_unique,103
1073,Maria Eithne Mcnamara,A5080911157,fuzzy,,round3_semantic,87
1074,Aris Katzourakis,A5058450513,alias,I40120149,round4_semtie,131
1075,Tanja Stadler,A5055449742,exact,I35440088,round4_semtie,316
1077,Yehu Moran,A5054870832,exact,,name_unique,107
1078,Lena Wilfert,A5003534307,alias,I196349391,round2_inst,65
1079,Rita Covas,A5008198078,alias,,round4_semtie,83
1082,Thomas Couvreur,A5041691419,alias,I4210166444,round3_semantic,187
1083,Nicolas Puillandre,A5001511906,exact,I4210123595,round4_semtie,141
1084,Katie Field,A5004658874,alias,I91136226,round2_inst,79
1085,Tanja Schwander,A5039770407,exact,,name_unique,131
1086,Itzhak Mizrahi,A5088912364,exact,,name_unique,121
1087,Susana Barroso Coelho,A5063878448,fuzzy,,round3_semantic,155
1088,Paul Kardol,A5006451019,alias,I298625061,round2_inst,263
1089,Thomas Richards,A5005492049,alias,I40120149,round3_semantic,206
1090,Yann Mats Clough,A5057350038,fuzzy,I187531555,round2_inst,149
1091,Julien Cote,A5015359801,exact,I1294671590,round2_inst,117
1092,Inger Greve Alsos,A5046210819,exact,,name_unique,175
1094,Colin Russell,A5009802857,alias,I2802928900,round3_semantic,182
1095,Thijs Ettema,A5086230550,alias,I913481162,round2_inst,165
1096,Christina Kaiser,A5016630284,alias,I129774422,round2_inst,146
1097,Martin Kaltenpoth,A5059004438,exact,I149899117,round2_inst,155
1098,Andrea J Betancourt,A5045799799,fuzzy,I146655781,round2_inst,59
1099,Marie Dacke,A5049267273,exact,,name_unique,122
1100,Vladimir Hampl,A5005884080,alias,I21250087,round2_inst,130
1101,Ofer Feinerman,A5029463008,exact,,name_unique,84
1102,Anna Kuparinen,A5058555514,alias,I94722563,round2_inst,165
1103,Michael Thomas-Poulsen,A5068921976,alias,I124055696,round2_inst,191
1104,Aoife Mclysaght,A5038985205,alias,I205274468,round2_inst,79
1105,Patrik Nosil,A5030592051,exact,,name_unique,237
1107,Dominic Wright,A5068690309,alias,I102134673,round4_semtie,147
1109,Michael Cunliffe,A5028117910,exact,I114472154,round2_inst,91
1110,Joseph Schacherer,A5091722749,exact,I68947357,round4_semtie,137
1111,Andy Gardner,A5075192983,exact,I16835326,round2_inst,205
1112,Sara Newbery Raposo De Magalhães,A5036252780,fuzzy,,round3_semantic,173
1113,James Rolfe Guest,A5034389737,fuzzy,I84884186,round2_inst,105
1114,Yin Chen,A5046212412,exact,I39555362,round2_inst,595
1116,Alexei Maklakov,A5047986658,alias,I1118541,round2_inst,155
1117,Claire Noelle Spottiswoode,A5038587209,fuzzy,I241749,round2_inst,143
1118,Lee Hsiang Liow,A5039139093,alias,I184942183,round2_inst,139
1119,Avigdor Eldar,A5021495858,exact,,name_unique,54
1120,Philippe Lemey,A5039280845,exact,,name_unique,567
1121,Anna-Liisa Laine,A5089207824,alias,I202697423,round4_semtie,159
1123,Karine Marianne F Van Doninck,A5061793701,fuzzy,I132053463,round2_inst,76
1125,Benoit François Pujol,A5013716422,fuzzy,I1294671590,round2_inst,109
1126,Rolf Kümmerli,A5063472839,exact,,name_unique,145
1127,Pierre Antoine Georges Cardol,A5047127287,fuzzy,I157674565,round2_inst,169
1128,Frederic Delsuc,A5039262721,exact,,name_unique,190
1129,Kirsten Bomblies,A5064593721,exact,I35440088,round2_inst,75
1130,Judith Elizabeth Mank,A5065185968,alias,I23923803,round2_inst,166
1131,Graham Keith Taylor,A5034466911,fuzzy,I40120149,round3_semantic,457
1132,Stephanie Bedhomme,A5024965499,exact,I1294671590,round4_semtie,53
1133,Mariangela Bonizzoni,A5089901991,exact,I25217355,round4_semtie,141
1134,Andrew Neil Radford,A5059329761,fuzzy,I36234482,round2_inst,222
1135,Nathalie Balaban,A5015455656,alias,I197251160,round2_inst,80
1137,Juliette De Meaux,A5039319309,exact,,name_unique,69
1139,Ignacio González Bravo,A5074079969,fuzzy,I1294671590,round4_maxpapers,200
1140,Josefa Gonzalez Perez,A5008899556,alias,,round4_semtie,383
1141,Virpi  Annikki Lummaa,A5073396537,fuzzy,I155660961,round2_inst,200
1142,Jonathan Paul Bollback,A5049997602,fuzzy,I146655781,round2_inst,56
1143,Samuel Alizon,A5083653654,exact,I1294671590,round4_semtie,228
1144,Andreas Helmut Hejnol,A5017859842,fuzzy,I4432739,round2_inst,175
1145,Andrea Manica,A5006178689,exact,I241749,round4_semtie,379
1146,Ivana Gudelj,A5048675389,exact,I23923803,round2_inst,167
1147,Vincent Castric,A5058236329,exact,,name_unique,108
1148,Debbie Lindell,A5050390516,exact,,name_unique,78
1149,Csaba Pal,A5064280940,exact,I2800351701,round2_inst,133
1150,Ashleigh Susannah Griffin,A5000235869,fuzzy,I40120149,round2_inst,113
1151,Hanna Sofia Johannesson,A5037253165,fuzzy,I123387679,round2_inst,161
1153,Walter Salzburger,A5090083254,exact,,name_unique,268
1154,Joah Madden,A5084231652,alias,I23923803,round2_inst,113
1155,Duncan T Odom,A5056137343,fuzzy,I241749,round2_inst,178
1156,John Leo Quinn,A5061510230,fuzzy,I181231927,round3_semantic,527
1157,Felicity Clare Jones,A5036964699,fuzzy,I149899117,round2_inst,58
1158,Eric Pierre Bapteste,A5061336204,fuzzy,I39804081,round2_inst,159
1159,Henrik Kaessmann,A5085413454,exact,,name_unique,100
1160,Hélène Morlon,A5084776094,exact,I1294671590,round4_semtie,167
1161,Oliver Pybus,A5061658598,alias,I40120149,round2_inst,587
1163,Iñaki Ruiz Trillo,A5018607362,alias,I170486558,round4_semtie,214
1164,Benjamin Prud'Homme,A5027369072,alias,I1294671590,round2_inst,71
1165,Gavin Thomas,A5114376992,alias,I91136226,round3_semantic,119
1166,Abderrahman Khila,A5042880774,exact,I1294671590,round2_inst,102
1167,Bastien Bissaro,A5007511324,alias,,round4_semtie,72
1168,Li Tang,A5065125027,exact,I5124864,round4_semtie,237
1169,Randall Platt,A5006938194,alias,I35440088,round2_inst,98
1170,Xingqi Chen,A5056951575,exact,I123387679,round2_inst,99
1172,Velia Siciliano,A5030631840,alias,I30771326,round4_semtie,47
1174,Volker Lauschke,A5053109650,alias,I28166907,round2_inst,205
1176,Ben Maoz,A5056536823,alias,I16391192,round2_inst,55
1177,Emma Andersson,A5030754446,exact,I28166907,round4_maxpapers,252
1178,Duarte Dionísio Figueiredo,A5004244154,alias,,round3_semantic,30
1179,Tomas Pluskal,A5088461185,alias,I4210145889,round2_inst,81
1180,Victor Greiff,A5089158926,exact,,name_unique,163
1181,Korbinian Schneeberger,A5008117650,alias,,round4_semtie,147
1182,Oren Ram,A5065279883,alias,I197251160,round2_inst,43
1183,Clemens Mayer,A5023576125,exact,I169381384,round2_inst,91
1184,Ewa Szczurek,A5036326710,alias,I3018134672,round2_inst,188
1185,Guillaume Lobet,A5023803941,exact,I95674353,round4_semtie,222
1186,Kaspar Valgepea,A5061031098,alias,I56085075,round2_inst,48
1187,Charles Melnyk,A5015411090,alias,I298625061,round2_inst,72
1188,Ainhoa Martinez Medina,A5017396023,exact,I134820265,round2_inst,50
1189,Panagiotis Moschou,A5034192143,alias,I8901234,round2_inst,83
1190,Murat Sunbul,A5047141737,exact,,round4_semtie,165
1193,Shilo Rosenwasser,A5078275412,exact,,name_unique,49
1194,Kai Papenfort,A5060415677,exact,,name_unique,97
1195,Yaqub Hanna,A5013792306,alias,I53964585,round2_inst,172
1196,Jochem Verrelst,A5079448372,alias,I16097986,round2_inst,256
1197,Marta Martinez Sanz,A5008855386,exact,I134820265,round2_inst,114
1198,Nadav Amdursky,A5047307562,exact,,name_unique,128
1199,Caroline Gutjahr,A5065949573,exact,,round4_semtie,110
1200,Moussa Benhamed,A5070486620,alias,I204730241,round4_semtie,88
1201,David Bikard,A5064065434,alias,I157536573,round4_semtie,97
1202,Simon Stael,A5014901167,exact,,name_unique,53
1203,Clara Sanchez Rodriguez,A5083521633,exact,,round4_semtie,77
1204,Rosa Lozano-Duran,A5031066862,exact,I8087733,round2_inst,130
1205,Nick Wierckx,A5063605485,alias,I171892758,round2_inst,148
1206,Jorunn Bos,A5018823709,alias,I177639307,round2_inst,81
1207,Akane Kawamura,A5085494254,alias,I84884186,round2_inst,164
1211,Rupert Seidl,A5085506794,alias,I62916508,round2_inst,275
1212,Barbara Di Ventura,A5059557453,exact,,name_unique,60
1213,Maria Von Korff Schmising,A5083743250,alias,,round3_semantic,79
1214,André-Christian Stiel,A5044610218,fuzzy,I3018134672,round2_inst,71
1215,Francesco Licausi,A5069345254,exact,,name_unique,67
1216,Kathrin Lang,A5074271707,alias,I35440088,round2_inst,129
1217,Daniela Loessner,A5007482524,alias,I4210111834,round2_inst,125
1218,Chase Lawrence Beisel,A5053601159,alias,I4210124929,round2_inst,131
1219,Cristobal Uauy,A5063383525,exact,,name_unique,277
1220,Abel Garcia Pino,A5025516016,alias,I132053463,round4_semtie,66
1222,Gil Westmeyer,A5039343293,alias,I62916508,round2_inst,65
1223,Kiran Raosaheb Patil,A5020329649,exact,,name_unique,184
1224,Ivan Matic,A5040520718,exact,I149899117,round2_inst,60
1225,Arnold Boersma,A5049597496,alias,I193662353,round2_inst,171
1226,Emily Flashman,A5053862290,exact,,name_unique,79
1227,Maja Banks-Köhn,A5055181051,alias,I161046081,round2_inst,144
1228,Henning Jacob Jessen,A5030496315,alias,I161046081,round4_semtie,252
1229,Brigitte Stadler,A5044749762,alias,I204337017,round2_inst,153
1230,Anna Rising,A5064378135,alias,I28166907,round2_inst,115
1231,Sarel-Jacob Fleishman,A5031768744,alias,I53964585,round2_inst,157
1232,Rob Lavigne,A5056568447,alias,I99464096,round4_semtie,498
1233,Eric Kemen,A5047541392,exact,,name_unique,104
1234,Fernando López Gallego,A5033368136,exact,I4210087187,round2_inst,228
1235,Georgios Skretas,A5081417503,alias,I6820528,round2_inst,58
1237,Kevin Chalut,A5082249024,alias,I241749,round2_inst,97
1238,Gunther Doehlemann,A5015726178,exact,,name_unique,106
1239,Cecilia Maria Sahlgren,A5052741873,alias,I130217899,round4_maxpapers,129
1240,Miina Alina Rautiainen,A5079472711,fuzzy,I9927081,round4_maxpapers,217
1241,Thomas Bert Van Leeuwen,A5063389950,fuzzy,I32597200,round2_inst,363
1242,Andrea Rentmeister,A5063961340,exact,,name_unique,156
1244,Fernando Montealegre-Zapata,A5049927845,alias,I51532219,round2_inst,92
1245,Etienne Bucher,A5063098798,alias,,round4_semtie,90
1246,Isabel Bäurle,A5021738968,exact,,name_unique,81
1247,Giovanni Maglia,A5024173154,exact,,name_unique,127
1248,Arnaud Pierre Gaby Gautier,A5074868501,fuzzy,I39804081,round3_semantic,132
1249,Christine Ruth Faulkner,A5018025372,fuzzy,I100288624,round2_inst,71
1250,Roland Ludwig,A5044352119,alias,I92869138,round2_inst,339
1251,Christa Sylvie Testerink,A5029582021,fuzzy,I913481162,round2_inst,124
1252,Thomas Reinier Maxim Barends,A5041806853,fuzzy,I149899117,round4_maxpapers,81
1253,Steffen Klamt,A5080707502,exact,I149899117,round2_inst,171
1255,Jorge Manuel De Oliveira Fernandes,A5014068436,alias,,round3_semantic,208
1256,Petra Stephanie Dittrich,A5020918811,alias,I35440088,round2_inst,259
1257,Ana Isabel Caño Delgado,A5090351225,fuzzy,I4210158808,round3_semantic,72
1258,Thorsten Schnurbusch,A5089171994,alias,I4210127902,round2_inst,99
1259,Jérémy Bouyer,A5045896123,exact,,name_unique,365
1260,Ebbe Sloth Andersen,A5058499082,exact,,name_unique,86
1261,Miia Kristina Lindstrom,A5068288716,fuzzy,I133731052,round2_inst,152
1263,Emma Rusi Master,A5046367806,fuzzy,I9927081,round2_inst,153
1264,Frank Hollmann,A5039285985,exact,I98358874,round2_inst,467
1265,Nikolaj Gadegaard,A5049586449,alias,I7882870,round2_inst,316
1266,Frank Kjeldsen,A5042571263,exact,,name_unique,150
1267,Cristina Maria Da Costa Silva Pereira,A5080716262,fuzzy,I83558840,round2_inst,147
1268,Christopher Guy Bass,A5111739313,fuzzy,,round4_maxpapers,121
1269,Yannick Francois Rondelez,A5029632144,fuzzy,I1294671590,round2_inst,106
1270,Aitziber Lopez Cortajarena,A5016034707,alias,I4210087187,round3_semantic,173
1271,Thorsten Stafforst,A5060717827,exact,,name_unique,49
1272,Lionel Xavier Dupuy,A5011601478,alias,I4210129734,round2_inst,123
1273,Pascal Falter-Braun,A5101952278,alias,I3018134672,round2_inst,169
1274,Renier Adrianus Leonardus Van Der Hoorn,A5090600754,fuzzy,I40120149,round2_inst,223
1275,Marja Tiirola,A5028528748,exact,,name_unique,149
1276,Günter Mayer,A5041783466,alias,I135140700,round2_inst,349
1277,Kris Verheyen,A5025403876,exact,I32597200,round4_semtie,963
1278,Mark Howarth,A5012100815,exact,I40120149,round4_semtie,138
1280,Kathrin Barbara Fenner,A5044405346,alias,I63664421,round2_inst,164
1281,Dror Noy,A5050708337,exact,,name_unique,57
1282, ,A5015899892,alias,,round3_semantic,423
1283,Michael Magee,A5009972049,alias,I190082696,round2_inst,171
1284,Zoltan Vidnyanszky,A5087644896,alias,I106118109,round2_inst,110
1285,Andre Belotto Da Silva,A5070833243,alias,I204730241,round2_inst,48
1286,Bozhidar Velichkov,A5087382359,alias,I108290504,round2_inst,141
1287,Dalimil Mazac,A5008517051,exact,,name_unique,31
1288,Ana Caraiani,A5077497654,exact,,name_unique,44
1289,James Maynard,A5074725717,alias,I40120149,round2_inst,74
1290,Katharina Schratz,A5027189972,exact,I39804081,round2_inst,99
1291,Alexandra Carpentier,A5021658783,alias,I176453806,round2_inst,141
1292,Antoine Levitt,A5040118029,exact,I277688954,round4_semtie,48
1293,Markus Bachmayr,A5017726844,alias,I887968799,round2_inst,75
1294,Christian Webb,A5059014160,exact,I133731052,round2_inst,36
1295,David Holmes,A5000435759,exact,I121797337,round2_inst,72
1296,Javier Fresán,A5075747054,exact,I39804081,round2_inst,47
1297,Dawid Kielak,A5061583203,exact,,name_unique,64
1298,Jack Thorne,A5050562069,alias,I241749,round2_inst,99
1299,Sepideh Mirrahimi,A5085283703,exact,I1294671590,round2_inst,70
1300,Guido De Philippis,A5042945562,exact,,name_unique,185
1301,Pierre Jacob,A5008296090,alias,I124261006,round2_inst,244
1302,Pierre-Francois Rodriguez,A5019613895,exact,,name_unique,46
1304,Gabor Szabo,A5054049660,exact,I99464096,round4_semtie,81
1305,Justin Salez,A5067679320,exact,,name_unique,90
1306,Andrea Seppi,A5048852896,alias,,round4_semtie,70
1307,Alberto Maspero,A5020823512,exact,,name_unique,59
1308,Sergio Simonella,A5068602410,exact,,name_unique,69
1309,Michael Feischl,A5035803720,exact,,name_unique,91
1310,Eleonora Di Nezza,A5016923789,exact,,name_unique,64
1311,Xavier Ros-Oton,A5005248507,alias,I71999127,round2_inst,181
1312,Tomer Schlank,A5048927306,alias,I197251160,round2_inst,95
1313,Benjamin Gess,A5091000281,exact,I4577782,round4_semtie,147
1315,Lauri Oksanen,A5044437642,alias,I133731052,round4_semtie,111
1316,Tuomas Orponen,A5091472615,alias,I94722563,round2_inst,142
1317,Gal Binyamini,A5055754292,exact,,name_unique,63
1318,Annika Lang,A5013038827,alias,I66862912,round2_inst,78
1319,Nicolas Curien,A5107933108,exact,I277688954,round2_inst,282
1320,Hendrik Weber,A5001883810,alias,I22465464,round4_semtie,86
1321,Karim Adiprasito,A5084339085,exact,,name_unique,140
1322,Arnulf Jentzen,A5074382323,alias,I22465464,round2_inst,251
1323,Elisenda Feliu,A5054607776,exact,,name_unique,127
1324,Phan Thanh Nam,A5048239767,alias,I8204097,round4_semtie,155
1325,Wojciech Samotij,A5026232768,exact,,name_unique,116
1326,Raphaël Beuzart-Plessis,A5013666885,exact,,name_unique,45
1327,Christophe Garban,A5046071283,exact,,name_unique,116
1328,Emanuel Milman,A5052187675,exact,,name_unique,124
1329,Michael Wemyss,A5038032650,exact,,name_unique,67
1330,Matthew Thomas Morrow,A5005166458,alias,I1294671590,round2_inst,66
1331,Kathrin Bringmann,A5089032048,alias,I180923762,round4_semtie,375
1332,Maurice Duits,A5074892626,exact,,name_unique,71
1333,Simon Riche,A5005759805,exact,I198244214,round4_semtie,106
1334,Anton Mellit,A5055419764,exact,I129774422,round2_inst,94
1335,David Loeffler,A5070725114,alias,I39555362,round2_inst,73
1336,Ron Yehuda Peled,A5071389695,fuzzy,I16391192,round2_inst,180
1337,Asaf Nachmias,A5054638358,exact,,name_unique,94
1338,Antoine Gloria,A5065138089,exact,,name_unique,135
1339,Alberto Enciso,A5021895389,alias,I134820265,round2_inst,200
1340,Asaf Shapira,A5089978763,alias,I16391192,round2_inst,464
1341,Daniel Peterseim,A5014228488,exact,,name_unique,194
1342,Penka Georgieva,A5089738866,alias,I39804081,round2_inst,30
1344,Vincent Calvez,A5114375058,alias,I1294671590,round4_semtie,103
1345,Lenny Taelman,A5011292891,exact,I887064364,round2_inst,56
1346,Pierre Berger,A5030919165,alias,I1294671590,round4_semtie,98
1347,Wendy Joy Lowen,A5049922117,fuzzy,I149213910,round2_inst,69
1348,Vincent Hubert Pilloni,A5084593582,fuzzy,I1294671590,round2_inst,45
1349,Rico Zenklusen,A5033406324,exact,I35440088,round2_inst,195
1350,Xin Li,A5100353932,exact,I7882870,round4_semtie,449
1351,Stefano Favaro,A5083953277,exact,I55143463,round4_semtie,185
1352,Tuomo Kuusi,A5110357066,exact,,name_unique,123
1353,Mark Podolskij,A5022093434,exact,,name_unique,213
1354,Arend Bayer,A5031149825,exact,,name_unique,49
1355,Gustav Holzegel,A5067019485,exact,,name_unique,62
1356,Michael Temkin,A5048293958,alias,I197251160,round2_inst,132
1357,Siddhartha Mishra,A5101961582,alias,I35440088,round4_semtie,246
1358,Damien Calaque,A5019993325,alias,I19894307,round2_inst,68
1359,Mikko Salo,A5078087086,alias,I94722563,round2_inst,249
1360,Nathalie Anne M. Wahl,A5082652450,fuzzy,I124055696,round2_inst,47
1361,Eva Viehmann,A5006235119,alias,I22465464,round2_inst,54
1362,Gabor Zoltan Pete,A5063213545,fuzzy,I127817813,round2_inst,74
1364,Konstantinos Panagiotou,A5075970062,alias,I8204097,round2_inst,184
1365,Paolo Stellari,A5029317691,exact,,name_unique,87
1366,Chris M Wendl,A5004713685,fuzzy,I39343248,round2_inst,61
1368,Yoel Shkolnisky,A5037804006,alias,I16391192,round2_inst,117
1369,Laszlo Szekelyhidi,A5077855474,alias,,round4_semtie,168
1370,Jérémie Szeftel,A5108725023,exact,,name_unique,125
1371,Francis Clément Sais Brown,A5057969937,fuzzy,I40120149,round3_semantic,80
1373,Colin Alfred Guillarmou,A5058506941,fuzzy,I1294671590,round2_inst,152
1374,Clement Mouhot,A5060848970,exact,I241749,round4_semtie,145
1375,Mathieu Lewin,A5060310865,exact,,name_unique,212
1376,Mathias Dr. Schacht,A5048188412,fuzzy,I159176309,round2_inst,149
1377,Alessio Figalli,A5021329629,exact,,name_unique,377
1378,Alessandro Giuliani,A5013428460,exact,I861853513,round4_semtie,626
1379,Gianluigi Rozza,A5061558433,exact,I138549579,round4_semtie,572
1380,Jonatan Carl Anders Lenells,A5074222101,fuzzy,I86987016,round2_inst,233
1382,Lourenco Beirao Da Veiga,A5062969935,alias,I189158943,round2_inst,248
1383,Stefanie Petermichl,A5044037421,exact,,name_unique,80
1384,Tamar Ziegler,A5091670796,exact,,name_unique,64
1385,Peter Karl Friz,A5085656370,fuzzy,I4577782,round2_inst,310
1386,Andreas Thom,A5010043767,alias,,round4_semtie,233
1387,Thomas Henry Coates,A5077729374,fuzzy,I47508984,round2_inst,434
1388,Christian Liedtke,A5102713593,exact,I62916508,round2_inst,83
1389,Søren Galatius,A5089158851,exact,I124055696,round4_semtie,130
1390,Sofia Olhede,A5083945023,alias,I5124864,round2_inst,188
1391,Boris Adamczewski,A5000184641,exact,,name_unique,123
1392,Peter Keevash,A5023231478,alias,I40120149,round4_semtie,182
1393,Sarah Zerbes,A5080341690,alias,I45129253,round2_inst,61
1394,David Perez Garcia,A5037099975,alias,I121748325,round4_semtie,170
1395,Martin Vohralik,A5020083948,alias,I1326498283,round2_inst,155
1397,Alexander Bufetov,A5111155432,alias,I1294671590,round3_semantic,84
1398,Miklos Abert,A5090415354,exact,I127817813,round2_inst,94
1399,Daniel Kral,A5027559065,exact,I21449261,round2_inst,375
1400,David Christophe Hernandez,A5102796273,fuzzy,I1294671590,round2_inst,119
1401,Pierre Henri Alexandre Raphael,A5109371196,fuzzy,I241749,round2_inst,130
1402,Joel Fine,A5068382211,exact,,name_unique,50
1403,Richard Nickl,A5091556790,exact,,name_unique,108
1404,Martin Hairer,A5016315238,exact,I47508984,round2_inst,277
1405,Anna Wienhard,A5079677109,exact,,name_unique,95
1407,Jose Maria Martell Berrocal,A5038937908,fuzzy,,round4_maxpapers,173
1408,Giancarlo Sangalli,A5059485119,alias,I25217355,round2_inst,159
1409,Martin Burger,A5069220813,exact,I181369854,round2_inst,487
1410,Raf Cluckers,A5001129858,exact,,name_unique,168
1411,Tony Gilbert Lelievre,A5048560398,fuzzy,I142631665,round2_inst,288
1413,Stefaan Vaes,A5090311858,exact,I99464096,round2_inst,180
1414,Balazs Szegedy,A5112443030,alias,I127817813,round2_inst,124
1415,Jose Luis Rodrigo,A5103252995,alias,I39555362,round3_semantic,147
1416,Donato Giovannelli,A5089320122,alias,I71267560,round4_semtie,172
1417,Tristan Biard,A5001590902,alias,I2802487185,round2_inst,46
1418,Velle Toll,A5046636343,alias,I56085075,round2_inst,55
1419,Emma Järvinen,A5025864552,exact,I167360494,round2_inst,131
1420,Gabriele Messori,A5061617752,alias,I123387679,round4_semtie,303
1421,Anna Pakhomova,A5055262354,exact,,round4_semtie,223
1422,Penelope Wozniakiewicz,A5004154055,alias,I20581793,round2_inst,133
1425,Valerio Cerantola,A5088533031,exact,,name_unique,135
1426,Piero Poli,A5086162214,alias,I138689650,round2_inst,156
1427,Lennart De Groot,A5061555315,alias,I193662353,round2_inst,111
1428,Eva Ternon,A5045085411,alias,I1294671590,round2_inst,34
1429,Jenny Gales,A5000672954,alias,I897542642,round2_inst,172
1430,Jesper Björklund,A5090460928,alias,I881427289,round2_inst,61
1431,Sara Callegaro,A5080493405,exact,I9360294,round2_inst,95
1432,Sanja Panovska,A5083700031,exact,,name_unique,64
1433,Mar Benavides,A5020147008,alias,I197940685,round2_inst,113
1434,Pietro Sternai,A5066630823,exact,I189158943,round2_inst,120
1435,Pablo Ortega,A5054457106,alias,I2799803557,round4_semtie,187
1436,Bieito Fernández Castro,A5068615059,exact,,name_unique,76
1437,Ylona Van Dinther,A5067792157,exact,I193662353,round2_inst,208
1438,Jean-Arthur Olive,A5000271211,exact,,name_unique,142
1439,Zoyne Pedrero Zayas,A5057611538,alias,I1294671590,round2_inst,48
1440,Sander Nijdam,A5028449814,alias,I83019370,round2_inst,213
1441,Steven Goderis,A5062114510,exact,,name_unique,385
1442,Sergey Lobanov,A5068319360,alias,I4210152878,round2_inst,120
1443,Eleni Anagnostou,A5067306886,exact,I34403800,round2_inst,68
1444,Romain Jolivet,A5052546409,exact,I29607241,round2_inst,219
1445,Olivier Namur,A5083347283,alias,I99464096,round4_semtie,158
1446,Wim Thiery,A5049409942,alias,I13469542,round2_inst,336
1447,Martin Schiller,A5050832722,alias,I124055696,round4_semtie,137
1448,Andreas Nilsson,A5047834365,exact,I187531555,round4_semtie,90
1449,Florent Gimbert,A5066809808,exact,I1294671590,round2_inst,163
1450,Jan Taucher,A5007343280,exact,,name_unique,85
1451,Pascal Bohleber,A5087770878,exact,I127251866,round2_inst,140
1452,Jia Chen,A5086814847,exact,I62916508,round4_semtie,641
1453,Karl Laundal,A5076851651,alias,,round3_semantic,222
1454,Sascha Brune,A5089281652,exact,I4210152878,round2_inst,239
1455,Jeffrey Carpenter,A5083535915,alias,I4210139239,round2_inst,88
1456,Naomi Murdoch,A5083763814,alias,I193033237,round2_inst,306
1457,Diego Miralles,A5030207043,alias,I32597200,round3_semantic,425
1458,Evelyn Füri,A5030165711,exact,I1294671590,round2_inst,81
1459,Daniel Herwartz,A5079423760,exact,,name_unique,92
1460,Wei-Li Hong,A5053211960,exact,I161593684,round4_semtie,165
1461,Jose Alberto Padron Navarta,A5006433996,alias,I134820265,round2_inst,147
1462,Catherine Larose,A5037232032,alias,I1294671590,round2_inst,127
1463,Nicolas Brantut,A5014620465,exact,,round4_semtie,195
1464,Kjetil Våge,A5012371910,alias,I4432739,round2_inst,116
1465,Jan-Hendrik Hehemann,A5062026003,alias,I180437899,round4_semtie,102
1466,Thorsten Bauersachs,A5016419835,exact,,name_unique,152
1467,Mustafa Yucel,A5006534189,exact,I201799495,round4_semtie,90
1468,Alexis Licht,A5024215943,exact,,name_unique,197
1469,Mathew Domeier,A5071984618,exact,,name_unique,94
1470,Alexander Robinson,A5083919011,exact,I127251866,round2_inst,215
1471,Sophie Bonnet,A5083944985,exact,I4210166444,round4_semtie,193
1472,Emma Tomlinson,A5014876044,alias,I205274468,round2_inst,97
1473,Danilo Di Genova,A5009811976,exact,,name_unique,101
1474,Cathy Quantin-Nataf,A5029307055,exact,I100532134,round4_semtie,162
1475,Faysal Bibi,A5038250577,exact,I1313606977,round4_semtie,103
1476,Marie Spohn,A5015497931,alias,I298625061,round2_inst,129
1477,Alida Timar-Gabor,A5016545451,exact,I3125347698,round4_semtie,167
1478,Trude Storelvmo,A5025021005,alias,I184942183,round2_inst,223
1479,Matti Rissanen,A5073788174,exact,I166825849,round4_semtie,335
1480,Lisa Wingate,A5045245314,exact,,round4_semtie,239
1481,Chloe Michaut,A5029449490,exact,I113428412,round2_inst,135
1482,Sander Veraverbeke,A5057471009,exact,,name_unique,191
1483,Anna Nele Meckler,A5027261508,exact,I4432739,round2_inst,112
1485,Frederic Moynier,A5036994564,alias,I148261361,round4_semtie,523
1486,Damien Daval,A5033507984,exact,I1294671590,round2_inst,115
1487,Yan Lavallée,A5059881705,alias,I8204097,round2_inst,340
1488,Robert Hilton,A5003424407,alias,I40120149,round4_semtie,242
1489,Stefano Manzoni,A5036229388,exact,I161593684,round2_inst,324
1490,Nuria Casacuberta,A5064861795,exact,,name_unique,106
1491,Ryan Stewart Mcwilliams,A5075216002,alias,I98677209,round2_inst,101
1492,Ivana Stiperski,A5008995833,exact,,name_unique,111
1493,Ana Godinho Ferreira,A5039305073,fuzzy,I45129253,round4_semtie,179
1494,Erin Louise Mcclymont,A5026762714,alias,I190082696,round2_inst,266
1495,Hauke Marquardt,A5062735619,exact,,name_unique,138
1496,Anne Socquet,A5053237040,exact,I899635006,round2_inst,219
1497,Alberto Vitale Brovarone,A5009989419,alias,I9360294,round2_inst,133
1498,Andrew Hooper,A5091769787,alias,I130828816,round2_inst,350
1499,Taylor Schildgen,A5044850294,exact,,name_unique,216
1500,Ilona Anniina Riipinen,A5038776980,alias,I161593684,round2_inst,372
1501,Zoltan Zajacz,A5020642779,exact,,name_unique,136
1503,Wojciech Miloch,A5086688344,alias,I184942183,round2_inst,254
1505,Angela Gallego-Sala,A5011579501,alias,I23923803,round4_semtie,129
1506,Corrado Cimarelli,A5025118057,exact,I8204097,round2_inst,217
1507,Stijn De Schepper,A5002139453,exact,I4210107808,round4_semtie,150
1508,Alma Hodzic,A5033843250,alias,I1294671590,round2_inst,228
1509,Horst Machguth,A5036217745,alias,I154338468,round4_semtie,179
1510,Mariette Wolthers,A5012559481,exact,,name_unique,87
1512,Laurent Remusat,A5073103760,exact,,name_unique,237
1514,Orit Sivan,A5007815935,alias,I124227911,round2_inst,131
1515,Bruno Dhuime,A5086220526,alias,I1294671590,round4_semtie,109
1516,Samuel Jaccard,A5087925100,alias,I97565354,round3_semantic,352
1517,Adrian Jäggi,A5072456620,exact,I118564535,round2_inst,546
1518,Michael Sigl,A5023875272,exact,I118564535,round4_semtie,266
1519,Tamsin Mather,A5031862821,alias,I40120149,round2_inst,393
1520,Christopher Finlay,A5034040026,alias,I96673099,round2_inst,195
1521,Dominick Spracklen,A5080902801,alias,I130828816,round2_inst,246
1522,Gianluca Botter,A5084584851,exact,I138689650,round2_inst,241
1523,Carlos Perez Garcia-Pando,A5040545550,alias,I2799803557,round4_semtie,462
1524,Ulrike Herzschuh,A5085075467,alias,I127251866,round4_semtie,710
1525,Thorsten Mauritsen,A5000717001,exact,I161593684,round2_inst,252
1527,Harald Sodemann,A5031563496,exact,,name_unique,258
1528,Boris Jozef Paul Kaus,A5000595449,alias,I197323543,round2_inst,398
1529,Francesca Pellicciotti,A5040884723,alias,I2800262456,round2_inst,310
1530,Richard Katz,A5084321199,alias,I40120149,round3_semantic,196
1531,Karine Sellegri,A5028858445,exact,I1294671590,round4_semtie,262
1532,Appy Sluijs,A5039737037,exact,I193662353,round2_inst,493
1533,Riikka Tiivi Mariisa Rinnan,A5046186806,fuzzy,I124055696,round2_inst,172
1534,Helge Niemann,A5075104775,alias,,round4_semtie,255
1535,Alessandro Tagliabue,A5049870717,alias,I146655781,round2_inst,293
1536,Alfonso Saiz Lopez,A5034553326,exact,I134820265,round2_inst,563
1538,Christoph Karl Thomas,A5074981980,alias,I54009628,round4_maxpapers,344
1539,Daniel Roy Parsons,A5014681028,fuzzy,I191240316,round3_semantic,650
1540,Stephanie Anne Henson,A5075890093,alias,I197940685,round2_inst,196
1541,Ansgar Kahmen,A5003759297,exact,,name_unique,238
1542,David Torbjorn Emanuel Bastviken,A5078790493,fuzzy,I102134673,round2_inst,363
1543,Caroline Louise Peacock,A5012135074,fuzzy,I130828816,round2_inst,133
1544,Athanasios Nenes,A5001150915,exact,I8901234,round2_inst,919
1545,Philip Stier,A5087616218,alias,I40120149,round4_semtie,533
1546,Hagit Pnina Affek,A5046887717,fuzzy,I197251160,round2_inst,89
1547,Rizlan Bernier-Latmani,A5065088339,exact,I5124864,round2_inst,252
1548,Rosalind Emily Mayors Rickaby,A5082449899,fuzzy,I40120149,round2_inst,316
1549,Arwen Fedora Deuss,A5071884555,fuzzy,I193662353,round2_inst,187
1550,Eric Douglas Galbraith,A5019280918,alias,I123044942,round2_inst,261
1551,Philip Pogge Von Strandmann,A5063694053,alias,I45129253,round3_semantic,170
1552,Daniel Metcalfe,A5029604628,alias,I90267481,round2_inst,135
1553,Alejandro Luque Estepa,A5003540136,alias,I134820265,round2_inst,234
1554,Razvan Caracas,A5073263693,alias,I1294671590,round2_inst,328
1555,Maud Boyet,A5040237658,alias,I1294671590,round2_inst,189
1556,Alexander Nils Knohl,A5051172985,fuzzy,I74656192,round2_inst,345
1557,Alexandre Jean-Marie Schubnel,A5065572521,fuzzy,I1294671590,round2_inst,268
1558,Poul Christoffersen,A5026733539,exact,,name_unique,223
1559,Hendrik Fuchs,A5057217648,alias,I171892758,round4_semtie,313
1561,Thomas Tütken,A5014989469,exact,,name_unique,161
1562,Wouter Peters,A5071349296,exact,I913481162,round2_inst,402
1563,Bas Johannes Henricus Van De Wiel,A5051497306,fuzzy,I98358874,round3_semantic,32
1564,Tiina Roose,A5042575221,exact,,name_unique,235
1565,Tetsuya Komabayashi,A5004304222,exact,,name_unique,106
1567,Maarten Gabriel Kleinhans,A5043958212,fuzzy,I193662353,round2_inst,472
1568,Guillaume Dupont-Nivet,A5006751458,alias,I1294671590,round4_semtie,292
1569,Benjamin John Murray,A5031447909,alias,I130828816,round4_maxpapers,372
1570,Sönke Zaehle,A5025734197,exact,,name_unique,541
1571,Dirk Sachse,A5043648418,exact,,name_unique,254
1572,Noel Sebastian Keenlyside,A5073806842,alias,I4432739,round2_inst,465
1573,Mark Adriaan Van Zuilen,A5073115811,fuzzy,I148261361,round2_inst,95
1574,Thomas Ingo Rafael Walter,A5084104212,fuzzy,I4210152878,round3_semantic,449
1575,Roland Von Glasow,A5075995207,alias,I1118541,round2_inst,177
1576,Nicolas Coltice,A5013155157,exact,I29607241,round2_inst,188
1577,Martin Gysel Beer,A5069713424,alias,I2802229908,round2_inst,383
1578,Diego Perugini,A5078724935,exact,I27483092,round4_semtie,275
1580,Heiko Pälike,A5049627320,exact,I180437899,round2_inst,455
1581,Todd Alan Ehlers,A5013062960,alias,I8087733,round2_inst,497
1582,Hayley Jane Fowler,A5061602805,fuzzy,I84884186,round2_inst,375
1583,Thorsten Kleine,A5084879320,alias,I22465464,round2_inst,426
1584,Martin Elsner,A5017048288,exact,I62916508,round2_inst,260
1585,Paul Martin Winkler,A5042382547,alias,I129774422,round2_inst,185
1586,Giulio Di Toro,A5058567673,exact,I138689650,round4_semtie,477
1588,Anne Mangeney,A5040857813,alias,I148261361,round2_inst,528
1589,Martin Bizzarro,A5034179199,exact,I124055696,round2_inst,326
1590,Reza Darvishi Kamachali,A5050302120,exact,,name_unique,66
1591,Yu Ogawa,A5062856177,exact,,round4_semtie,138
1592,Julien Guenole,A5002582587,exact,,name_unique,59
1593,Yentl Swolfs,A5079902821,exact,,name_unique,161
1594,Stefan Guldin,A5006811097,alias,I62916508,round2_inst,172
1595,Miguel Dias Castilho,A5090921422,alias,I83019370,round2_inst,101
1597,Sara Abalde-Cela,A5022060261,alias,,round4_semtie,49
1598,Jaana Vapaavuori,A5025488830,exact,,name_unique,115
1599,Felix Gunkel,A5029467045,exact,,name_unique,123
1600,Antonino Calà Lesina,A5030456537,alias,,round3_semantic,112
1601,Jonathan Leliaert,A5034058474,exact,,name_unique,90
1602,Xuekun Lu,A5000724287,exact,I166337079,round4_semtie,72
1603,Karel Zidek,A5028466313,exact,,name_unique,118
1604,Giulia Grancini,A5045697365,alias,I25217355,round2_inst,215
1605,Jagoda Slawinska,A5068268395,alias,I169381384,round2_inst,67
1606,Rui Domingues,A5018425647,alias,,round3_semantic,91
1607,Assaf Gal,A5058222746,exact,I53964585,round2_inst,69
1608,Pablo P Boix,A5040052910,alias,I134820265,round2_inst,176
1609,Samuel Jones,A5056464716,alias,I79619799,round3_semantic,78
1610,Oana Cojocaru-Mirédin,A5083110362,exact,,name_unique,207
1611,Clara Rodrigues Pereira,A5068341519,alias,,round3_semantic,98
1612,Sandra Korte-Kerzel,A5079544735,exact,,name_unique,236
1613,Iñigo Ramiro,A5018426124,alias,,round3_semantic,87
1614,Jose Lado,A5026208796,alias,I9927081,round2_inst,223
1615,Samuel Stranks,A5077878068,alias,I241749,round2_inst,429
1616,Karin Leistner,A5008244988,exact,I2610724,round2_inst,63
1618,Ferry Prins,A5066653294,exact,,name_unique,93
1619,Fabian Meder,A5080178391,exact,I162290304,round2_inst,58
1620,Stefan Pogatscher,A5091736804,exact,,name_unique,160
1621,Simone Fabiano,A5072746455,exact,,name_unique,180
1622,Tong Li,A5100359057,exact,,round4_semtie,500
1623,Amelie Heuer-Jungemann,A5066800511,exact,,name_unique,62
1624,Manuel Mendes,A5090314980,alias,I83558840,round2_inst,131
1625,Kunal Masania,A5082870560,exact,I98358874,round2_inst,100
1626,Ian Marius Peters,A5061704673,exact,I171892758,round2_inst,326
1627,Justin Zoppe,A5050775278,alias,I9617848,round2_inst,64
1628,Ulrich Wilhelm Paetzold,A5083057729,alias,I102335020,round2_inst,332
1629,Sergio Fernandez Garrido,A5053351691,exact,I88060688,round2_inst,121
1630,Johanna Rosen,A5077791406,alias,I102134673,round2_inst,400
1631,Sabine Van Rijt,A5007398191,exact,,name_unique,78
1632,Jaime Martin,A5103086995,alias,I11019714,round2_inst,123
1633,Yana Vaynzof,A5088452379,alias,I3018417779,round2_inst,330
1634,Matthew Baker,A5056551110,alias,I34352273,round3_semantic,136
1635,Magnus Jonsson,A5057206902,alias,I102134673,round2_inst,138
1636,Anna Sandak,A5023451581,alias,I118905719,round4_semtie,143
1637,Christian Müller,A5027252979,alias,I66862912,round2_inst,325
1638,Teresa Pellegrino,A5012179244,alias,I30771326,round2_inst,174
1639,Laura De Laporte,A5068458769,exact,,name_unique,102
1640,Rob Ameloot,A5007730201,alias,I99464096,round2_inst,286
1641,Feng Gao,A5100729278,exact,I102134673,round4_semtie,869
1642,Mahmoud Tavakoli,A5059837485,exact,I76903346,round2_inst,121
1643,Sedat Nizamoglu,A5009830839,exact,I1351752,round2_inst,174
1644,Alessio Zaccone,A5087484656,exact,I189158943,round2_inst,287
1645,Arri Priimagi,A5029202496,exact,,name_unique,278
1646,Morten Smedskjaer,A5022182707,alias,I891191580,round2_inst,410
1647,Christoph Kirchlechner,A5065769313,alias,I102335020,round2_inst,336
1648,Juan Jose Vilatela,A5043783689,alias,I4210090776,round2_inst,133
1649,Viviana Cavaliere,A5105659374,alias,,round4_semtie,619
1650,Jordy De Vries,A5039841302,exact,I887064364,round2_inst,127
1651,Bruno Bertini,A5053950593,alias,I79619799,round2_inst,87
1652,Risto Paatelainen,A5082694724,exact,,name_unique,69
1653,Savvas Zafeiropoulos,A5015748226,alias,I1294671590,round2_inst,131
1654,Stefan Schoppmann,A5019969240,alias,I197323543,round2_inst,102
1655,Martin Fertl,A5026810489,alias,I197323543,round2_inst,96
1656,Mikael Chala,A5067950961,alias,I173304897,round2_inst,322
1657,Karoline Schäffner,A5026083116,alias,I149899117,round2_inst,161
1658,Tim Langen,A5006507974,exact,I145847075,round2_inst,101
1659,Maksym Serbyn,A5058270233,exact,,name_unique,134
1660,Philippe Faist,A5015485393,exact,,name_unique,35
1661,Eleonora Viezzer,A5065893910,alias,I79238269,round2_inst,391
1662,Dermot Green,A5053884884,alias,I126231945,round2_inst,53
1663,Clara Saraceno,A5034606461,alias,,round3_semantic,319
1664,Franz Herzog,A5054539660,exact,I98677209,round4_semtie,165
1665,Christoph Heyl,A5090203580,alias,I2801876189,round2_inst,177
1666,Mark Mezei,A5045219483,exact,,name_unique,81
1667,Michele Del Zotto,A5042502780,exact,,name_unique,95
1668,Tim Schröder,A5029645305,alias,I39343248,round4_semtie,171
1669,Mikkel Brydegaard,A5057068419,alias,I187531555,round2_inst,115
1670,Jacob Friedrich Finkenrath,A5043006782,alias,I167360494,round2_inst,137
1671,Johannes Schachenmayer,A5066481241,exact,,name_unique,90
1672,Andreas Reiserer,A5027281469,exact,,name_unique,74
1673,Astrid Eichhorn,A5010105121,alias,,round4_semtie,207
1674,Adam Nahum,A5082537491,exact,,name_unique,81
1675,Mathew Bullimore,A5000321382,exact,,name_unique,61
1676,Vedran Dunjko,A5069043772,exact,,name_unique,177
1677,Hanieh Fattahi,A5066534247,alias,I149899117,round2_inst,78
1678,Valentina Sola,A5106315727,alias,I55143463,round2_inst,1937
1679,Gergely Endrödi,A5044985948,exact,,name_unique,180
1680,Xin-Yu Luo,A5019520928,alias,I149899117,round2_inst,123
1681,Jutho Haegeman,A5023227620,exact,,name_unique,117
1682,Heikki Mäntysaari,A5026189734,exact,,name_unique,193
1683,Massimo Taronna,A5030425722,exact,,name_unique,56
1684,Guilherme Leite Pimentel,A5047576925,alias,I157210198,round2_inst,55
1685,Erez Zohar,A5001091267,exact,I16391192,round2_inst,73
1686,Christian Graeff,A5014043673,exact,,name_unique,135
1687,Pawel Caputa,A5011483650,alias,I161593684,round2_inst,65
1688,Ido Kaminer,A5013737776,exact,I174306211,round2_inst,540
1689,Irene Tamborra,A5050111334,exact,,name_unique,165
1690,Johannes Fink,A5027590875,alias,I157556583,round2_inst,151
1691,Marco Vignati,A5003396902,alias,I861853513,round2_inst,316
1692,Tetiana Hryn'Ova,A5043736797,alias,I1294671590,round3_semantic,613
1693,Marius De Leeuw,A5051810823,exact,,name_unique,89
1695,Quentin Glorieux,A5024990264,exact,,name_unique,125
1696,Thomas Cocolios,A5040987506,alias,I99464096,round2_inst,270
1697,Ewold Verhagen,A5027428364,exact,,name_unique,184
1698,Balt Van Rees,A5054152988,alias,I142476485,round2_inst,62
1699,Onur Hosten,A5075954157,exact,,name_unique,51
1700,Costanza Toninelli,A5045443211,exact,,name_unique,111
1701,Luca Pattavina,A5011491326,alias,I189158943,round2_inst,352
1702,John Bulava,A5044832810,exact,,name_unique,209
1703,Witlef Wieczorek,A5032787487,exact,,name_unique,99
1704,Marcello Dalmonte,A5064982000,exact,,name_unique,164
1705,Konstantinos Makris,A5021214129,alias,I8901234,round2_inst,219
1706,Elli Pomoni,A5052712877,alias,I2801876189,round2_inst,59
1707,Marcus Huber,A5027058735,alias,I145847075,round4_semtie,228
1708,Miguel Fernandes Paulos,A5025389654,alias,I1294671590,round2_inst,75
1709,Pier Francesco Monni,A5086971524,exact,,name_unique,101
1710,Mikko Voutilainen,A5100661571,alias,I133731052,round3_semantic,2130
1711,Nathan Goldman,A5083932690,exact,I132053463,round2_inst,200
1712,Claude Duhr,A5058702281,exact,,name_unique,215
1713,Josef Pradler,A5020423839,exact,,name_unique,108
1714,Magdalena Kowalska,A5102959889,alias,I67311998,round2_inst,208
1716,Frederico Ricardo Pereira Fiuza,A5086315895,fuzzy,,round3_semantic,274
1717,Lorenzo Bianchini,A5013310906,alias,I108290504,round4_semtie,567
1718,Jan Klaers,A5050666468,exact,,name_unique,47
1719,Frank Tackmann,A5070951603,alias,I2801876189,round2_inst,146
1720,Kalliopi Petraki,A5042908077,exact,,name_unique,163
1721,Robert Tohru Koenig,A5110721810,fuzzy,I62916508,round2_inst,255
1722,Akitaka Ariga,A5102802867,alias,I118564535,round3_semantic,283
1723,Evgeny Skvortsov,A5012434393,exact,I130929987,round2_inst,131
1724,Kathrin Wimmer,A5024883254,alias,I169556180,round2_inst,317
1725,Darrick Chang,A5083419995,alias,I179630473,round2_inst,191
1726,Philippe Corboz,A5055142434,alias,I887064364,round2_inst,109
1727,Albert Schliesser,A5082293397,alias,I124055696,round2_inst,195
1728,Simon Gröblacher,A5112342934,alias,I98358874,round4_semtie,137
1729,Leticia Cunqueiro Mendez,A5103121220,alias,I861853513,round2_inst,786
1730,Caterina Doglioni,A5050166026,alias,I28407311,round2_inst,1786
1732,John Travers,A5057189106,alias,I32062511,round2_inst,284
1733,Nirit Dudovich,A5044753979,exact,,name_unique,141
1734,Claudia Nones,A5101655197,alias,I2738703131,round3_semantic,63
1736,Nikolay Gromov,A5041807424,alias,I183935753,round2_inst,211
1737,Pierre Brun,A5104062094,alias,I2738703131,round4_semtie,59
1738,Matthias Schott,A5071143509,alias,I197323543,round4_semtie,588
1739,Bernhard Hidding,A5047481441,alias,,round3_semantic,139
1740,Francesco Benini,A5037607367,alias,I138549579,round4_semtie,78
1741,Christopher Beem,A5029616911,alias,I40120149,round2_inst,43
1742,Norbert Schuch,A5072029219,exact,,name_unique,156
1744,Dmitry Abanin,A5018660847,alias,I114457229,round2_inst,230
1745,Jérôme Beugnon,A5106267453,alias,I39804081,round2_inst,59
1746,Christoph Weniger,A5021706010,exact,,name_unique,203
1747,Massimiliano Fiorini,A5060629473,alias,,round3_semantic,1257
1748,Olivier Arcizet,A5089031806,alias,I1294671590,round2_inst,104
1749,Valentina Parigi,A5009445355,exact,,name_unique,105
1750,Elisabetta Baracchini,A5114378273,alias,I4210150763,round4_semtie,388
1751,Jonathan Home,A5035728336,exact,,name_unique,149
1753,Mustapha Laatiaoui,A5104470432,alias,I197323543,round2_inst,104
1754,Paolo Crivelli,A5081585128,alias,I35440088,round2_inst,210
1755,Justine Serrano,A5070918038,alias,I1294671590,round2_inst,1357
1756,Razvan-Gheorghe Gurau,A5010413904,alias,,round3_semantic,139
1757,Reinhild Fatima Yvonne Peters,A5107448738,fuzzy,I28407311,round4_semtie,31
1758,Daniele Brida,A5082810697,exact,I186903577,round2_inst,320
1759,Simon David Badger,A5017973670,alias,I55143463,round2_inst,102
1760,Anu Kankainen,A5044839828,alias,I94722563,round2_inst,337
1761,Maurizio Pierini,A5106315352,alias,I67311998,round2_inst,2715
1762,Pasquale Calabrese,A5076249507,exact,I138549579,round2_inst,340
1763,Sinead Marie Farrington,A5102849626,alias,I98677209,round2_inst,2292
1764,Ronald Hanson,A5039442806,alias,I98358874,round4_semtie,1143
1766,Lode Pollet,A5071684320,exact,,name_unique,213
1767,Stefanie Simone Gräfe,A5083954031,fuzzy,,round3_semantic,247
1768,Sebastian Hofferberth,A5030458279,exact,,name_unique,116
1769,Nicola Neri,A5106314221,alias,I189158943,round2_inst,1942
1770,Harvey Byron Meyer,A5054527590,fuzzy,I197323543,round3_semantic,359
1771,Mariana Grana,A5013959907,exact,,name_unique,123
1772,Olaf Hohm,A5047589697,exact,,name_unique,165
1773,Nicola Poli,A5046684931,alias,I45084792,round2_inst,103
1774,Johannes Martin Henn,A5066875521,fuzzy,I149899117,round2_inst,173
1775,Aleksi Vuorinen,A5071046514,exact,,name_unique,130
1776,Alexander Schmidt,A5067866874,alias,I887968799,round4_semtie,1648
1777,Aldo Sady Antognini,A5013618600,alias,I2802229908,round2_inst,145
1778,Thomas Zentgraf,A5051981300,exact,I206945453,round2_inst,251
1779,Wolfram Pernice,A5015151220,alias,,round3_semantic,435
1780,Alexandre Obertelli,A5075753843,alias,I31512782,round2_inst,255
1781,Magdalena Djordjevic,A5034480189,exact,,name_unique,189
1783,Christine Ella Silberhorn,A5036934564,fuzzy,I206945453,round2_inst,536
1784,Selim Chandra Dominik Jochim,A5076896437,fuzzy,,round3_semantic,110
1785,Vladimir Gligorov,A5036973852,alias,I1294671590,round3_semantic,112
1786,Sylvain Herve Gigan,A5043933499,fuzzy,I1294671590,round3_semantic,361
1787,Aleksandra Maria Walczak,A5016850339,fuzzy,I1294671590,round4_semtie,311
1789,Yury Litvinov,A5020045922,alias,I169556180,round2_inst,592
1791,Andrea Longhin,A5101932677,alias,I138689650,round2_inst,426
1792,Barbara Terhal,A5058819109,alias,I98358874,round2_inst,196
1793,Yann Mairesse,A5063348099,alias,I1294671590,round2_inst,159
1794,Sakura Schafer-Nameki,A5062397066,exact,I40120149,round2_inst,152
1795,Cesar Domingo Pardo,A5060529555,alias,I134820265,round2_inst,495
1796,Tomer Volansky,A5050349688,exact,,name_unique,107
1797,Alexander Dimitrov Mitov,A5064611547,fuzzy,I241749,round2_inst,131
1798,Sameer Venkatesha Murthy,A5025106432,fuzzy,I183935753,round2_inst,100
1799,Zoran Hadzibabic,A5010052434,exact,,name_unique,171
1800,Gary Alexander Steele,A5042843637,alias,I98358874,round3_semantic,201
1801,Francesca Ferlaino,A5055944638,exact,,name_unique,164
1802,Hans Peter Büchler,A5008317735,exact,,name_unique,141
1804,Otfried Gühne,A5007599678,exact,,name_unique,299
1805,Stuart Peter David Mangles,A5018979664,alias,I47508984,round2_inst,256
1806,Leonardo Fallani,A5013710925,alias,I45084792,round2_inst,105
1807,Alessandro Bacchetta,A5025191314,exact,I25217355,round4_semtie,205
1808,Reinhard Kienberger,A5085130425,alias,I62916508,round2_inst,213
1809,Mark Douglas Hannam,A5024179129,fuzzy,I79510175,round2_inst,78
1810,Ruth Britto,A5004298140,exact,I205274468,round2_inst,78
1811,Malcolm Douglas Stephen Fairbairn,A5061681290,fuzzy,I183935753,round2_inst,229
1812,Peter Gerhard Baum,A5000240801,fuzzy,I189712700,round2_inst,178
1813,Sebastian Ludwig Diehl,A5031042601,fuzzy,I180923762,round2_inst,178
1814,Giulia Manca,A5023103994,alias,I172446870,round2_inst,1787
1815,Kieran Thomas Joseph Flanagan,A5101668087,fuzzy,,round4_maxpapers,187
1816,Piero Giubilato,A5022887737,alias,I138689650,round2_inst,896
1818,Uriel Levy,A5014032344,exact,I197251160,round4_maxpapers,459
1819,Vitor Manuel Dos Santos Cardoso,A5050997098,alias,,round3_semantic,453
1820,Walter Winter,A5008473973,alias,I2801876189,round2_inst,283
1821,Lucio Cerrito,A5007925027,alias,I116067653,round4_semtie,2641
1822,Corinna Susan Kollath,A5107439390,fuzzy,I135140700,round2_inst,163
1823,Tünde-Maria Fülöp,A5091859675,alias,I66862912,round2_inst,294
1825,Markus Aspelmeyer,A5073463154,alias,I129774422,round4_semtie,268
1826,Romain Roger Quidant,A5070996686,fuzzy,I35440088,round2_inst,302
1827,Frank Paul Bernard Verstraete,A5001154267,fuzzy,I32597200,round2_inst,349
1829,Shuang Zhang,A5100321581,alias,I79619799,round4_semtie,1050
1830,Dario Polli,A5039440957,alias,I93860229,round2_inst,350
1831,Jens Limpert,A5003592165,alias,,round4_semtie,1053
1833,Gianluca Cavoto,A5101742762,alias,,round3_semantic,1048
1834,Niklas Frederik Beisert,A5003736428,fuzzy,I35440088,round2_inst,98
1835,Giulia Zanderighi,A5087557958,exact,I67311998,round2_inst,238
1836,Roee Ozeri,A5038915880,exact,I53964585,round4_semtie,218
1837,Arno Rauschenbeutel,A5005767738,exact,,name_unique,209
1838,Rene Reifarth,A5022537620,alias,,round3_semantic,739
1840,Fatih Ömer İlday,A5070012075,alias,I168864056,round2_inst,319
1841,Silvia Pascoli,A5038469819,alias,I190082696,round4_semtie,145
1842,Antonio Acín,A5006366861,exact,I179630473,round2_inst,358
1843,Florian Schreck,A5090734364,exact,,name_unique,114
1844,Riccardo Raabe,A5001631448,alias,I99464096,round2_inst,280
1845,Mukund Rangamani,A5035799753,exact,,name_unique,165
1846,Gilad Perez,A5103551312,exact,I53964585,round4_semtie,149
1847,Markus Cristinziani,A5032186284,alias,I135140700,round2_inst,2156
1848,Michael Karl Köhl,A5102800988,fuzzy,I135140700,round2_inst,133
1849,Thomas Pfeifer,A5038592632,alias,I149899117,round2_inst,382
1850,Radha Boya,A5029687421,alias,I28407311,round2_inst,93
1851,Francisco José Rodríguez Fortuño,A5043497375,alias,I183935753,round2_inst,145
1852,Beatriz Seoane Bartolomé,A5011613939,alias,I121748325,round2_inst,71
1853,Romana Schirhagl,A5034861930,exact,,name_unique,165
1854,Oded Zilberberg,A5020663425,exact,,name_unique,185
1855,Karen Alim,A5072246313,exact,,name_unique,89
1856,Andrej Pustogow,A5066837955,alias,I145847075,round2_inst,88
1857,Anupam Sengupta,A5070447077,alias,I186903577,round2_inst,78
1858,Christopher Eichler,A5087273790,exact,,name_unique,109
1860,Christian Schneider,A5011588936,exact,I129877168,round4_semtie,617
1861,Michael Knap,A5020137286,alias,I62916508,round2_inst,415
1862,Toeno Van Der Sar,A5085376455,exact,I98358874,round2_inst,101
1863,Dominik Kraus,A5063046560,alias,I4665924,round2_inst,148
1864,Joshua D. Mcgraw,A5000839932,alias,I1294671590,round2_inst,91
1865,Matthias Althammer,A5049392880,exact,I109144446,round2_inst,125
1866,Florian Kaiser,A5075071583,exact,I4210112527,round2_inst,264
1867,Matjaz Humar,A5071582293,alias,I3006985408,round2_inst,131
1868,Martin Setvin,A5091049707,alias,I21250087,round2_inst,88
1869,Hanumantha Rao Vutukuri,A5057326213,exact,,name_unique,34
1870,Nahid Talebi,A5057562421,exact,I3133086891,round2_inst,134
1871,Nicola Poccia,A5042543177,alias,I3018417779,round2_inst,114
1872,Ariel Amir,A5080479523,exact,I53964585,round4_semtie,189
1873,Lev Vidmar,A5048914591,exact,,name_unique,115
1874,Michael Sentef,A5089228515,alias,I180437899,round2_inst,167
1875,Julia Herzen,A5068706792,alias,I62916508,round2_inst,290
1876,Søren Ulstrup,A5003613421,exact,,name_unique,118
1877,Elena Hassinger,A5051002850,exact,,name_unique,97
1878,Chase Broedersz,A5086345793,alias,I865915315,round2_inst,161
1879,Yonathan Anahory,A5040507920,exact,,name_unique,47
1880,Basile Gallet,A5011397101,exact,,name_unique,126
1881,Moshe Ben Shalom,A5088836116,alias,I16391192,round3_semantic,49
1882,Andreas Grüneis,A5106426860,exact,,name_unique,90
1883,Filipe Maia,A5057703441,alias,I123387679,round2_inst,147
1884,Aljaz Godec,A5069415060,exact,,name_unique,115
1885,Juan Carlos Rojas Sanchez,A5090666979,alias,I1294671590,round3_semantic,93
1886,Miguel Moreno Ugeda,A5064737524,alias,I47686490,round2_inst,88
1887,Janine Splettstoesser,A5059725737,exact,,name_unique,121
1888,Ville Maisi,A5008861565,alias,I187531555,round2_inst,93
1889,Annica Black-Schaffer,A5051714581,alias,I123387679,round2_inst,206
1890,Péter Makk,A5008130947,alias,I29770179,round2_inst,149
1891,Jeremie Palacci,A5055738338,exact,I157556583,round2_inst,61
1892,Philip J. W. Moll,A5058433117,exact,,name_unique,209
1893,Thomas Salez,A5062740465,alias,I1294671590,round4_semtie,241
1894,David Zwicker,A5065588007,alias,I149899117,round2_inst,98
1895,Mathias Weiler,A5033325689,alias,I153267046,round2_inst,141
1896,Milan Peter Allan,A5062411072,fuzzy,I121797337,round2_inst,104
1897,Søren Stobbe,A5038672335,exact,,name_unique,158
1898,Jan Brugues,A5078337827,exact,,name_unique,67
1899,Stefan Kaiser,A5081594966,alias,,round4_semtie,251
1900,Norberto Daniel Lanzillotti Kimura,A5081146776,alias,I1294671590,round2_inst,137
1901,Adolfo Gonzalez Grushin,A5005726619,alias,,round3_semantic,156
1902,Ajit Srivastava,A5024977858,alias,,round4_semtie,111
1903,Pablo Alonso Gonzalez,A5078591848,exact,I165339363,round4_semtie,119
1904,Amalio Fernandez-Pacheco,A5000953006,exact,,name_unique,148
1905,Lucio Isa,A5015679746,exact,I35440088,round2_inst,205
1906,Silvia Vignolini,A5050782114,alias,I241749,round4_semtie,261
1907,Marco Schiro,A5006823740,alias,I1294671590,round2_inst,138
1908,Alexey Chernikov,A5088371748,alias,,round4_semtie,126
1909,Yael Roichman,A5006907582,exact,,name_unique,124
1911,Giovanni Volpe,A5010589630,exact,I881427289,round3_semantic,480
1912,Robert Vácha,A5065633302,exact,I21449261,round4_semtie,146
1913,Christine Johanna Maria Selhuber-Unkel,A5048143369,fuzzy,,round3_semantic,119
1914,Roman Gorbachev,A5091528896,alias,I28407311,round2_inst,158
1915,Ricardo Dos Santos Duarte Vieira Henriques,A5091615668,fuzzy,,round3_semantic,154
1916,Nicolas Roch,A5008465282,alias,I1294671590,round2_inst,155
1917,Dennis Meier,A5041645777,alias,I204778367,round2_inst,181
1918,Robert Prevedel,A5062597899,alias,I4210138560,round2_inst,154
1919,Francesco Cardarelli,A5073809598,exact,I157210198,round4_semtie,133
1920,Vincent Jacques,A5062152732,alias,I1294671590,round4_semtie,161
1921,Ingmar Swart,A5006317862,exact,I193662353,round2_inst,83
1922,Luca Giomi,A5070376252,exact,,name_unique,162
1923,Marie-Aude Measson,A5001149838,exact,,name_unique,126
1924,Patrick Maletinsky,A5021879783,exact,,name_unique,180
1925,Pierre Thibault,A5009187210,exact,I142444530,round4_semtie,487
1926,Beena Kalisky,A5055462627,exact,I13955877,round2_inst,131
1927,Benjamin Sacépé,A5090774583,exact,,name_unique,90
1928,Thomas Jespersen,A5084678477,alias,I96673099,round2_inst,117
1929,Yanko Todorov,A5082924162,alias,I1294671590,round2_inst,176
1930,Christoph Stampfer,A5001060363,alias,I887968799,round2_inst,387
1931,Marie-Ingrid Richard,A5069136323,alias,I2738703131,round2_inst,197
1932,Pietro Tierno,A5044821677,exact,I71999127,round2_inst,172
1933,Erez Berg,A5080237536,exact,I53964585,round2_inst,336
1934,Kinneret Magda Keren,A5082583378,fuzzy,I174306211,round2_inst,63
1935,Christian Lukas Degen,A5057491317,alias,I35440088,round2_inst,304
1936,Edward Laird,A5017107645,alias,I67415387,round2_inst,63
1937,Wiebke Drenckhan-Andreatta,A5058252309,alias,I1294671590,round2_inst,144
1938,Binghai Yan,A5046399891,alias,I53964585,round2_inst,492
1939,Suliana Manley,A5014389184,exact,,name_unique,205
1941,Alexander Khajetoorians,A5008550693,alias,I145872427,round2_inst,129
1942,Guillaume Arthur Francois Schull,A5076893471,fuzzy,I1294671590,round2_inst,108
1943,Stephanie Reich,A5045431784,alias,I75951250,round2_inst,369
1944,Frank Pollmann,A5049927722,alias,I62916508,round2_inst,355
1945,Suchitra Sebastian,A5025591471,alias,I241749,round2_inst,141
1946,Guillaume Frédéric Marcel Baffou,A5036617739,fuzzy,I1294671590,round2_inst,133
1947,Georg Fantner,A5077783881,alias,I5124864,round2_inst,171
1948,Fabrizio Carbone,A5030346068,exact,I5124864,round2_inst,200
1949,Alexander Hoegele,A5013851830,alias,I8204097,round3_semantic,127
1950,Kristian Sommer Thygesen,A5067980873,alias,I96673099,round2_inst,351
1951,John Julian Larrarte Morton,A5070143479,fuzzy,I45129253,round3_semantic,204
1953,Ivan Guilhem Daniel Favero,A5033271744,fuzzy,I1294671590,round4_semtie,167
1954,Sandra Van Aert,A5085957218,alias,I149213910,round2_inst,262
1955,Gregor Koblmueller,A5108259248,alias,I62916508,round2_inst,32
1956,Sebastian Huber,A5045049327,alias,I35440088,round2_inst,134
1957,Brian David Gerardot,A5079516724,fuzzy,I32062511,round2_inst,192
1958,Virginie Chamard,A5075664474,alias,I1294671590,round4_semtie,134
1959,Jonas Ries,A5028735345,exact,,name_unique,197
1960,Isabelle Cantat,A5000372089,exact,,name_unique,173
1961,Hendrik Dietz,A5072507626,exact,I62916508,round4_semtie,187
1964,Philipp Werner,A5086215751,alias,I154338468,round2_inst,576
1965,Massimiliano Stengel,A5053056300,exact,,round4_semtie,156
1966,Roel Petrus Angela Dullens,A5079601883,fuzzy,I145872427,round2_inst,122
1967,Pascal Rene Sebastien Hersen,A5068511908,fuzzy,I1294671590,round2_inst,121
1969,Luca De' Medici,A5067762434,alias,I98910050,round2_inst,86
1971,Frank Henricus Louis Koppens,A5019599310,alias,I179630473,round2_inst,326
1972,Ralf Seidel,A5074416216,alias,,round4_semtie,160
1973,Christian Reinhard Ast,A5027387996,alias,I149899117,round3_semantic,118
1974,Julie Grollier,A5035082537,alias,I1294671590,round4_semtie,278
1975,Samir Lounis,A5071704889,exact,,name_unique,256
1976,Rosalind Allen,A5030956076,alias,I98677209,round2_inst,138
1977,Paul Andrew Goddard,A5076416474,fuzzy,I39555362,round2_inst,347
1978,Ralph Bernhard Ernstorfer,A5046414081,fuzzy,I149899117,round2_inst,269
1979,Michael Le Bars,A5010885870,alias,I1294671590,round2_inst,280
1981,Fernando Moreno-Herrero,A5018736467,alias,I134820265,round4_maxpapers,110
1982,Emanuela Zaccarelli,A5024556594,alias,,round4_semtie,239
1983,Massimiliano Gennaro Esposito,A5023030824,fuzzy,I186903577,round3_semantic,274
1984,Eric Jean-Marie Lauga,A5003974917,fuzzy,I241749,round2_inst,457
1985,Mikko Pentti Matias Möttönen,A5047643849,fuzzy,I9927081,round2_inst,377
1986,Jasper Van Der Gucht,A5074132674,exact,I913481162,round2_inst,200
1987,Tobias Kampfrath,A5024467226,exact,I75951250,round2_inst,256
1988,Andras Kis,A5026176713,alias,I5124864,round2_inst,259
1990,Ulrich Felix Keyser,A5053044199,alias,I241749,round2_inst,333
1991,Gwendal Feve,A5082284569,exact,I1294671590,round2_inst,236
1992,Jan Kunes,A5026526510,alias,I145847075,round2_inst,178
1993,Nicolas David Minc,A5033215238,fuzzy,I1294671590,round2_inst,99
1995,Claire Wilhelm,A5034456156,alias,I204730241,round2_inst,277
1996,Tommaso Fellin,A5032412662,exact,I30771326,round4_semtie,104
1997,Yoel Stephane Forterre,A5043915497,fuzzy,I1294671590,round2_inst,160
1998,Martin Peter Weides,A5023404921,fuzzy,I7882870,round2_inst,214
1999,Andrew James Ferguson,A5023302612,fuzzy,I241749,round2_inst,243
2000,Shahal Ilani,A5008232749,exact,,name_unique,85
2002,Oliver Aneurin Williams,A5065233782,alias,I79510175,round2_inst,264
2003,Javier Eulogio Villegas Hernandez,A5084101524,fuzzy,I1294671590,round2_inst,56
2004,Davide Marenduzzo,A5001134453,exact,I98677209,round2_inst,432
2005,Eddy Charles Eric Collin,A5065496328,fuzzy,I1294671590,round2_inst,136
2006,Nicolas Mordant,A5052897496,alias,I899635006,round2_inst,129
2007,Mika Antero Sillanpää,A5103183710,fuzzy,I9927081,round3_semantic,127
2008,Patrice Emmanuel Bertet,A5033073814,fuzzy,I2738703131,round2_inst,156
2009,Francesco Giazotto,A5059450888,alias,,round4_semtie,307
2010,Cristiano Ciuti,A5084984852,exact,,name_unique,323
2011,Silke Biermann,A5067618257,exact,I142476485,round2_inst,188
2012,Benoît Ladoux,A5005890720,exact,,name_unique,189
2013,Stephan Erich Reitzenstein,A5076333546,fuzzy,I4577782,round2_inst,498
2014,Pietro Cicuta,A5045269326,exact,I241749,round2_inst,294
2017,Katharina Jennifer Franke,A5058850173,alias,I75951250,round2_inst,243
2018,Francesco De Angelis,A5029460508,alias,I30771326,round4_semtie,572
2019,Mete Atature,A5052134684,exact,I241749,round2_inst,239
2021,Alexander Brinkman,A5088284608,exact,I94624287,round2_inst,253
2022,Freddy Bouchet,A5043527868,alias,I1294671590,round2_inst,203
2023,Marc Garcia Borràs,A5064302725,exact,I251424209,round2_inst,154
2024,Dennis Kurzbach,A5034707857,exact,I129774422,round2_inst,113
2025,Basile Curchod,A5085817833,alias,I36234482,round2_inst,226
2026,Chih-Jen Shih,A5084655324,alias,I35440088,round2_inst,121
2028,Robert Weatherup,A5034130649,alias,I40120149,round2_inst,141
2029,Jian Cui,A5009180435,exact,I3018134672,round2_inst,135
2030,Simon Olsson,A5022575407,alias,I66862912,round2_inst,103
2031,Brianna Heazlewood,A5041821375,alias,I146655781,round2_inst,49
2032,Thomas Jagau,A5045088990,alias,I99464096,round3_semantic,94
2033,Nikolay Kosinov,A5052823556,alias,I83019370,round4_semtie,94
2034,Cornelia Meinert,A5019519555,alias,I1294671590,round4_semtie,91
2035,Peter Ngene,A5018736655,exact,,name_unique,84
2036,Ilia Kaminker,A5057678945,exact,,name_unique,54
2037,Ida-Marie Høyvik,A5017591549,exact,,name_unique,34
2038,Evan Spruijt,A5022792563,exact,,name_unique,100
2039,Sergii Pud,A5065581707,alias,,round4_semtie,41
2041,Shuxia Tao,A5037141618,exact,I83019370,round2_inst,164
2043,Karl Börjesson,A5057304913,exact,I881427289,round2_inst,136
2044,Patricia Abellan,A5001002298,exact,I1294671590,round2_inst,110
2045,Noelia Barrabes,A5048108617,alias,I145847075,round2_inst,58
2046,Cristobal Perez Cuadrado,A5074818598,alias,I108103353,round2_inst,159
2047,Anneli Kruve,A5028953299,exact,,name_unique,88
2048,Stefan Weber,A5074880525,alias,I100066346,round3_semantic,155
2049,Benjamin Fingerhut,A5091634481,alias,I8204097,round2_inst,115
2050,Sandro Heuke,A5048010612,exact,I1294671590,round2_inst,67
2051,Michal Leskes,A5043746490,alias,I53964585,round2_inst,114
2052,Jean-Nicolas Dumez,A5014310932,alias,I1294671590,round2_inst,145
2053,Robert Seidel,A5045272640,exact,I2800795503,round2_inst,203
2054,Massimiliano Bonomi,A5056483461,exact,,name_unique,120
2055,Rasmus Linser,A5065078318,exact,,name_unique,123
2056,Julien Orts,A5027124241,exact,,name_unique,52
2057,Alexander Buell,A5006551440,alias,I96673099,round2_inst,148
2059,Ioachim Pupeza,A5084605608,alias,I153267046,round2_inst,183
2060,An Ghysels,A5015471372,alias,I32597200,round2_inst,82
2061,David Alsteens,A5071387345,exact,,name_unique,164
2062,Frank Biedermann,A5081774854,exact,,name_unique,173
2063,Willem Noorduin,A5065762620,alias,,round3_semantic,62
2064,Lars Heinke,A5082394369,alias,,round4_semtie,179
2065,Nicolas Plumere,A5037500147,alias,I62916508,round2_inst,94
2066,Benedikt Fritz Warth,A5041929818,fuzzy,I129774422,round2_inst,208
2067,Ali Hassanali,A5088078305,exact,,name_unique,183
2068,Sami Jannin,A5059709361,exact,,name_unique,140
2069,Christoph Langhammer,A5049419508,exact,I66862912,round2_inst,209
2070,Csaba Janaky,A5075233752,exact,I227486990,round4_semtie,203
2071,Tom De Greef,A5054155955,alias,I83019370,round3_semantic,133
2072,Andrew Baldwin,A5091503896,alias,I40120149,round2_inst,128
2073,Jochen Mikosch,A5086245044,exact,,name_unique,64
2074,Vittorio Limongelli,A5026034661,exact,,name_unique,115
2075,Jakob Doganli-Kibsgaard,A5047292046,alias,I96673099,round2_inst,132
2076,Tuomas Pertti Jonathan Knowles,A5041530719,fuzzy,I241749,round4_semtie,653
2077,Susan Perkin,A5015798358,alias,I40120149,round2_inst,87
2078,Michele Ceriotti,A5021241296,exact,I5124864,round2_inst,337
2080,Jan Lipfert,A5010576393,exact,,name_unique,182
2081,Frauke Gräter,A5054677759,exact,,name_unique,202
2082,Andreas Dahlin,A5086078070,exact,I66862912,round2_inst,104
2083,Tonya Oleg Vitova,A5066727532,fuzzy,I102335020,round2_inst,189
2084,Koen Vandewal,A5009368260,alias,I878454856,round2_inst,276
2085,Hagen Hofmann,A5036917964,exact,,name_unique,70
2086,Gareth Parkinson,A5041603922,alias,I145847075,round2_inst,128
2087,Kevin Pagel,A5007527719,exact,I75951250,round4_semtie,211
2088,Oren Tal,A5061253584,alias,I53964585,round4_semtie,44
2089,Peter Zijlstra,A5064494577,exact,I83019370,round2_inst,128
2090,Claire Wilhelm,A5034456156,exact,I1294671590,round4_semtie,277
2091,Fredrik Westerlund,A5090791975,exact,I66862912,round2_inst,242
2092,David Glowacki,A5001229826,alias,I200284239,round2_inst,156
2093,Ifan Stephens,A5039064548,alias,I47508984,round3_semantic,294
2094,Artem Mishchenko,A5081648095,exact,I28407311,round2_inst,142
2095,Pierre-Francois Loos,A5039205389,exact,I1294671590,round2_inst,249
2097,Ian Sharp,A5083020249,alias,I62916508,round2_inst,380
2098,Benjamin Rotenberg,A5077004852,exact,,name_unique,260
2099,Kylie Vincent,A5003568078,alias,I40120149,round2_inst,132
2100,Alfonso De Simone,A5078520379,exact,I71267560,round2_inst,175
2101,Giovanni Maria Pavan,A5061158708,alias,I177477856,round3_semantic,264
2102,Tobias Weidner,A5032665317,alias,I204337017,round2_inst,272
2104,Chiara Cappelli,A5081229473,alias,I157210198,round2_inst,198
2105,Julien Valette,A5005512319,exact,I2738703131,round2_inst,104
2106,Laura Fumagalli,A5067243546,alias,I28407311,round4_semtie,164
2107,Yuval Ebenstein,A5089836860,exact,I16391192,round2_inst,116
2108,Philipp Kukura,A5025711177,alias,I40120149,round2_inst,201
2109,Francesco Ricci,A5018935401,exact,I116067653,round2_inst,314
2111,Patrick Antoine Jean Giraudeau,A5068783722,fuzzy,I97188460,round2_inst,212
2112,Jana Zaumseil,A5041039123,alias,,round4_semtie,232
2113,Mathieu Eric Salanne,A5039582862,fuzzy,I39804081,round2_inst,335
2114,Hans Jakob Wörner,A5011676219,exact,I35440088,round4_semtie,266
2116,Fabio La Mantia,A5002342349,exact,I180437899,round2_inst,226
2119,Gil Nathan Alexandrowicz,A5090792600,fuzzy,I39586589,round2_inst,66
2120,Stefan Muellegger,A5059816302,alias,I121883995,round2_inst,83
2121,Frank Noe,A5055016850,exact,I75951250,round2_inst,410
2122,Ilko Bald,A5048133795,alias,I176453806,round2_inst,184
2123,Richard Kramer Campen,A5048925903,alias,I62318514,round2_inst,94
2124,Annamaria Petrozza,A5040606158,exact,,name_unique,276
2125,Malte Drescher,A5077199202,alias,I189712700,round2_inst,197
2126,Andrew Teale,A5062330784,alias,I142263535,round2_inst,136
2127,Ville-Veikko Telkki,A5005498732,exact,I98381234,round4_semtie,132
2128,Alexandre Tkatchenko,A5026929463,exact,I186903577,round2_inst,489
2129,Christoph Günter Salzmann,A5027451469,fuzzy,I45129253,round2_inst,166
2130,Beat Fierz,A5024361562,exact,,name_unique,149
2131,Madhavi Krishnan,A5049757316,exact,,name_unique,57
2132,Evgeny Alexandrovich Pidko,A5074252826,fuzzy,I98358874,round2_inst,450
2133,Daniel Summerer,A5056825378,exact,,name_unique,115
2134,Martin Ivar Högbom,A5010240755,fuzzy,I161593684,round3_semantic,144
2135,Sebastian Westenhoff,A5073883611,exact,,name_unique,107
2136,Joshua Benno Edel,A5077119082,fuzzy,I47508984,round2_inst,230
2137,Iván Mora Seró,A5024423448,exact,I10902133,round2_inst,385
2138,Beatriz Roldan Cuenya,A5065326930,exact,I149899117,round2_inst,355
2139,Sebastian Josef Maerkl,A5087352392,alias,I5124864,round2_inst,113
2140,Jerome Wenger,A5022399572,exact,I1294671590,round4_semtie,312
2142,Arnaud Comment,A5042577267,alias,I241749,round2_inst,164
2144,Rolf Erni,A5037189873,alias,I71824836,round4_semtie,360
2145,Dan Oron,A5046587873,exact,I53964585,round4_semtie,387
2146,Jana Roithova,A5021283178,alias,I145872427,round2_inst,351
2148,Erwin Reisner,A5026491082,exact,I241749,round2_inst,509
2149,Jiri Vanicek,A5056327375,exact,I5124864,round2_inst,229
2150,Thorsten Hugel,A5061061667,exact,I161046081,round2_inst,158
2151,Notburga Gierlinger,A5042267372,exact,,name_unique,135
2152,Jochen Blumberger,A5079840520,exact,,name_unique,155
2153,Stefano Corni,A5078141074,alias,I138689650,round2_inst,258
2154,Gaël De Paëpe,A5090063965,exact,,name_unique,99
2155,Petra Elisabeth De Jongh,A5040096948,fuzzy,I193662353,round2_inst,287
2157,Xavier Salvatella Giralt,A5016848004,fuzzy,,round4_maxpapers,52
2158,Paola Gori-Giorgi,A5088590587,exact,,name_unique,175
2159,Roland Mitric,A5029118306,exact,,name_unique,249
2160,Véronique Van Speybroeck,A5071451863,alias,I32597200,round2_inst,769
2161,Alexey Alexandrovich Popov,A5065907367,fuzzy,I3018417779,round3_semantic,361
2163,Ferdinand Cornelius Grozema,A5082384741,fuzzy,I98358874,round2_inst,239
2164,Jianting Ye,A5063444087,exact,I169381384,round4_semtie,67
2165,Joachim Dzubiella,A5070790975,alias,I161046081,round2_inst,271
2166,Guido Pintacuda,A5061859662,exact,I1294671590,round2_inst,229
2167,Michele Ceotto,A5024054901,alias,I189158943,round2_inst,137
2168,Edward Anton Lemke,A5037285551,alias,I197323543,round2_inst,185
2169,Ilaria Ciofini,A5063417271,alias,I1294671590,round2_inst,367
2170,Johannes Kästner,A5056979833,exact,,name_unique,443
2171,Jochen Küpper,A5007645050,exact,I2801876189,round2_inst,391
2172,Valérie Gabelica,A5013458899,exact,I154526488,round2_inst,290
2173,Alessandro Troisi,A5089848606,exact,I146655781,round2_inst,255
2174,Sharon Elizabeth Marie Ashbrook,A5011998317,alias,I16835326,round2_inst,448
2175,Angelos Michaelides,A5056513432,exact,,name_unique,371
2176,Zoltan Takats,A5048603885,exact,I47508984,round2_inst,371
2177,Tobias Manuel Brixner,A5073962411,fuzzy,,round3_semantic,236
2178,Serena Debeer,A5053491539,exact,I149899117,round2_inst,534
2180,Sofia Ioana Pascu,A5018800747,alias,I51601045,round2_inst,451
2181,Edvardas Narevicius,A5009082239,exact,,name_unique,91
2182,Sylvie Roke,A5007873537,exact,I5124864,round2_inst,201
2183,Dominik Munz,A5059734226,exact,,name_unique,325
2184,Anat Milo,A5052386381,alias,I124227911,round2_inst,47
2185,Julián Bergueiro Álvarez,A5091109896,alias,I200284239,round2_inst,51
2186,Lutz Greb,A5000849314,exact,,round4_semtie,349
2188,Fernanda Duarte,A5080148464,exact,I40120149,round2_inst,274
2189,Guilhem Chaubet,A5064814898,exact,,name_unique,48
2190,Rebecca Melen,A5005757075,alias,I79510175,round2_inst,432
2191,Malte Gersch,A5077133303,exact,,round4_semtie,41
2192,Robert Kretschmer,A5049289405,exact,I2610724,round2_inst,366
2193,Jesús Campos,A5015045788,alias,I134820265,round2_inst,461
2194,Aurelien De La Torre,A5003652452,exact,,name_unique,57
2195,Seraphine Wegner,A5064508388,alias,I22465464,round2_inst,96
2196,Lars Borchardt,A5071419158,alias,,round4_semtie,184
2197,Stephen Wallace,A5038831116,alias,I98677209,round4_semtie,131
2198,César Rodriguez-Emmenegger,A5020329666,exact,I4210147769,round2_inst,128
2199,Lutz Nuhn,A5034323485,alias,,round4_semtie,135
2200,Matthew Langton,A5088074740,alias,I40120149,round2_inst,87
2201,Guillaume Lefèvre,A5028044238,alias,I1294671590,round4_semtie,339
2202,Ruth Pérez Fernández,A5027704086,exact,I134820265,round2_inst,42
2203,Nir London,A5044428734,alias,I53964585,round4_semtie,279
2204,Wolfgang Zeier,A5052900478,alias,I22465464,round2_inst,329
2205,Milena Patricia Arciniegas,A5089113398,fuzzy,I30771326,round2_inst,50
2206,Anis Tlili,A5031284484,alias,I1294671590,round2_inst,143
2207,Diego Marcelo Andrada,A5039534982,alias,I91712215,round2_inst,336
2208,Karl Mandel,A5059156002,alias,I181369854,round2_inst,160
2211,Job Boekhoven,A5012135288,alias,I62916508,round2_inst,157
2212,Fabian Pfrengle,A5020693561,exact,I92869138,round2_inst,65
2213,Daniele Leonori,A5050256902,exact,,name_unique,144
2214,Viktoria Daeschlein-Gessner,A5054638656,fuzzy,,round3_semantic,683
2215,Leopoldo Molina-Luna,A5011754505,exact,I31512782,round2_inst,177
2216,Graham De Ruiter,A5002354165,exact,,name_unique,140
2217,Laura Hartmann,A5073720658,exact,I161046081,round4_semtie,164
2218,Pedro Leão,A5051018229,alias,I4387153601,round2_inst,97
2220,Birgit Esser,A5054566288,alias,I196349391,round2_inst,170
2221,Carlos Romero Nieto,A5031925331,exact,,name_unique,119
2222,Fabien Cougnon,A5057552942,alias,I94722563,round2_inst,35
2223,François Guérard,A5013200742,exact,I1294671590,round4_semtie,61
2224,Thomas Hermans,A5091560495,alias,I2802543619,round2_inst,92
2225,Amnon Bar-Shir,A5017040501,exact,,name_unique,82
2226,Maria Escudero Escribano,A5011008334,exact,I4210093216,round2_inst,128
2227,Guillaume Berionni,A5067185409,alias,I149768937,round2_inst,235
2228,Filipe Natalio,A5080127326,exact,,name_unique,94
2229,Anton Kuzyk,A5024329973,exact,,name_unique,57
2230,Timothy Noel,A5058411581,alias,I887064364,round2_inst,355
2231,Erik Garnett,A5033885236,alias,,round3_semantic,136
2232,Carlos Marti-Gastaldo,A5087632293,exact,,name_unique,316
2233,Dawid Pinkowicz,A5067823437,alias,I126596746,round2_inst,402
2234,Jiayin Yuan,A5045716658,alias,I161593684,round2_inst,324
2235,Gregory Nocton,A5049206649,exact,,name_unique,451
2236,Philipp Heretsch,A5045730028,exact,,round4_semtie,92
2237,Daniela Wilson,A5042895917,alias,I145872427,round2_inst,218
2238,Shigeyoshi Inoue,A5067961961,alias,I62916508,round2_inst,603
2240,Joris Henricus Bernardus Sprakel,A5007899176,fuzzy,I913481162,round2_inst,187
2241,Tanja Gaich,A5076329931,exact,,name_unique,113
2242,Thomas Magauer,A5062792519,alias,I190249584,round2_inst,201
2243,Mark Crimmin,A5034836508,alias,I47508984,round2_inst,667
2244,Andreas Jean Leopold Walther,A5060067635,fuzzy,I197323543,round3_semantic,402
2245,Joseph Moran,A5090399192,alias,I4210143995,round2_inst,188
2246,Kasper Moth-Poulsen,A5012584282,alias,I9617848,round4_semtie,248
2247,Henry Dube,A5042562320,alias,I181369854,round2_inst,274
2248,Mauri Kostiainen,A5026210883,alias,I9927081,round2_inst,198
2249,Ilja Voets,A5067632981,alias,I83019370,round2_inst,238
2251,Carsten Streb,A5080329256,exact,,name_unique,448
2252,Paolo Arosio,A5001560379,alias,I35440088,round4_semtie,333
2253,Christof Sparr,A5008910219,exact,,name_unique,242
2254,Jan Deska,A5004019879,alias,I133731052,round2_inst,124
2255,Laura Fabris,A5058963090,exact,I177477856,round4_semtie,96
2256,Martín Fañanás-Mastral,A5024147412,alias,I200284239,round4_semtie,158
2258,Katharina Schröder,A5090183844,alias,I145847075,round2_inst,134
2259,Marcos García Suero,A5083733377,alias,I4210088955,round2_inst,82
2260,John Forwood Bower,A5046252728,fuzzy,I146655781,round2_inst,324
2262,Dennis Gillingham,A5021250279,exact,,name_unique,195
2263,Davide Audisio,A5003049034,alias,I2738703131,round2_inst,162
2264,David Portehault,A5012499871,alias,I1294671590,round2_inst,133
2265,Matthew Gibson,A5072841592,alias,I39555362,round3_semantic,363
2266,Sander Izaak Van Kasteren,A5110607137,alias,I121797337,round3_semantic,84
2267,Elena Goun,A5087614985,alias,I4392738145,round3_semantic,38
2270,Thomas Poulsen,A5012032867,alias,I204337017,round3_semantic,167
2271,Benjamin Abécassis,A5041371528,exact,I1294671590,round2_inst,113
2272,Nuno Silva,A5077900736,fuzzy,I60858718,round4_semtie,131
2273,Tim Liedl,A5065609760,exact,,name_unique,182
2274,David Mills,A5039618848,alias,I28407311,round3_semantic,714
2275,Sebastian Hasenstab-Riedel,A5047652345,alias,I75951250,round2_inst,448
2276,Rubén Darío Costa,A5074355883,fuzzy,I62916508,round2_inst,309
2277,Rafal Klajn,A5040680590,alias,I53964585,round3_semantic,157
2278,Tibor Kudernac,A5043715610,exact,I169381384,round2_inst,63
2279,Emilio Pardo,A5007448361,exact,I16097986,round2_inst,495
2280,Sara Bals,A5013888065,exact,I149213910,round2_inst,706
2281,Ryan Gilmour,A5050197366,alias,I22465464,round4_semtie,310
2282,Thibault Cantat,A5105981674,alias,I2738703131,round2_inst,486
2283,Maksym Kovalenko,A5034871143,alias,I35440088,round3_semantic,749
2284,Pol Besenius,A5090589031,alias,I197323543,round2_inst,107
2285,Xinliang Feng,A5100659481,exact,,round4_semtie,1521
2286,Giuseppe Battaglia,A5083505605,alias,I4210147769,round4_semtie,509
2288,Michael James Ingleson,A5023948794,alias,I98677209,round2_inst,437
2289,Ismael Díez Pérez,A5066871664,exact,I183935753,round2_inst,134
2290,Daniel Brandell,A5041676312,exact,I123387679,round2_inst,428
2291,Robert Matthias Wolf,A5087377456,fuzzy,I60668342,round3_semantic,756
2292,Syuzanna Harutyunyan,A5012293576,alias,I169381384,round2_inst,201
2293,Rylie Green,A5009901504,alias,I47508984,round2_inst,99
2294,André Estevez-Torres,A5009252326,exact,,name_unique,60
2295,Lapo Bogani,A5082077111,exact,,name_unique,178
2296,Nathalie Hélène Katsonis,A5057724218,fuzzy,I169381384,round2_inst,98
2297,Paolo Falcaro,A5008169042,exact,I4092182,round2_inst,278
2298,Julien Gautrot,A5083547314,alias,I166337079,round2_inst,198
2299,Jerome Waser,A5008165586,alias,I5124864,round2_inst,518
2300,Heikki Markus Tuononen,A5064601612,fuzzy,I94722563,round2_inst,569
2302,Wolfgang Hoyer,A5068353740,alias,,round4_semtie,103
2303,Oren Alexander Scherman,A5036947777,alias,I241749,round3_semantic,364
2304,Michael Günther Mastalerz,A5043398784,fuzzy,,round3_semantic,499
2305,Stephan Sieber,A5048928672,alias,I62916508,round4_maxpapers,293
2306,Aurelio Mateo Alonso,A5038889906,alias,I169108374,round2_inst,213
2307,Olga Garcia Mancheno,A5033028613,alias,I22465464,round3_semantic,200
2308,Jeroen Dirk Cornelis Codée,A5057071421,fuzzy,I121797337,round3_semantic,332
2309,Mirko Cinchetti,A5076282922,exact,,name_unique,172
2310,Jamie Hans Warner,A5035136972,fuzzy,I40120149,round4_semtie,476
2311,Stephen Michael Goldup,A5058050620,alias,I43439940,round2_inst,252
2312,Fabrice Philippe Pointillart,A5034045220,fuzzy,I1294671590,round3_semantic,525
2313,Nathaniel Isaac Martin,A5088809877,fuzzy,I121797337,round2_inst,171
2314,Guillermo Minguez Espallargas,A5031949580,alias,I16097986,round3_semantic,434
2315,Christian Adam Olsen,A5041984050,alias,I124055696,round2_inst,233
2316,Rienk Eelkema,A5084672238,exact,I98358874,round2_inst,197
2317,Nuria Aliaga-Alcalde,A5064283701,alias,,round4_semtie,250
2318,Michal Otyepka,A5041529029,exact,,name_unique,483
2319,Stephen Patrick Fletcher,A5005894917,fuzzy,I40120149,round3_semantic,191
2320,Paolo Melchiorre,A5088465399,alias,I4210088955,round2_inst,416
2321,Xile Hu,A5076829051,alias,I5124864,round2_inst,470
2322,Axel Jacobi Von Wangelin,A5046541409,alias,I159176309,round2_inst,256
2323,Claudia Höbartner,A5021290270,exact,,round4_semtie,157
2324,Sascha Ott,A5045357913,exact,I123387679,round2_inst,456
2325,Marijn Arnout Van Huis,A5003407724,fuzzy,I193662353,round2_inst,164
2326,Christelle Nathalie Prinz,A5070114252,fuzzy,I187531555,round2_inst,100
2327,Gilles Albert Gasser,A5059114538,alias,I149758196,round3_semantic,552
2328,Guido Heinrich Clever,A5043202190,fuzzy,I200332995,round2_inst,374
2329,Jörg Hartig,A5077253315,alias,I189712700,round2_inst,134
2330,Jens Wenzel Andreasen,A5064138666,exact,I96673099,round2_inst,203
2331,Andrew Peter Dove,A5030433677,fuzzy,I79619799,round2_inst,275
2333,Nuno Xavier Dias Maulide,A5084246998,fuzzy,I129774422,round2_inst,437
2334,Ageeth Bol,A5079178929,alias,I83019370,round2_inst,153
2335,Cristiana Di Valentin,A5076721274,alias,I189158943,round2_inst,253
2337,Alejandro Gaita Ariño,A5084326714,alias,I16097986,round2_inst,203
2339,Daniel Bodo Werz,A5079173916,alias,I94509681,round2_inst,829
2340,Maria Carmen Galan,A5064848403,alias,I36234482,round2_inst,194
2341,Julio Lloret Fillol,A5013865355,exact,I4210088955,round2_inst,324
2342,Tina Düren,A5047806489,exact,,name_unique,218
2343,Martin Georg Steinhart,A5042098091,fuzzy,I170658231,round2_inst,277
2344,Olivier Pierre Renaudet,A5064490338,fuzzy,I899635006,round3_semantic,144
2346,Sven Schneider,A5067235857,alias,I74656192,round2_inst,391
2347,Richard Alan Layfield,A5010601931,fuzzy,I162608824,round2_inst,390
2348,Alexander Andreas Reinhard Klaus Böker,A5045755997,fuzzy,,round3_semantic,258
2349,Julien Bachmann,A5002887494,alias,I181369854,round2_inst,255
2350,Wolfgang Schmitt,A5082829143,alias,I205274468,round2_inst,331
2351,Sebastien Perrier,A5014057252,exact,I39555362,round4_semtie,332
2353,Rebecca Jane Miriam Goss,A5073970185,fuzzy,I16835326,round3_semantic,103
2354,Erik Petrus Antonius Maria Bakkers,A5041376320,fuzzy,I98358874,round4_semtie,498
2355,Sebastian Polarz,A5023573203,alias,I189712700,round2_inst,243
2357,Ruth Maria Gschwind,A5045155782,alias,I60668342,round2_inst,312
2358,Molly Stevens,A5044430674,alias,I47508984,round3_semantic,730
2359,Olivier Berteau,A5062031836,alias,,round4_semtie,90
2360,Jeroen Johannes Lambertus Maria Cornelissen,A5048407450,alias,I94624287,round2_inst,213
2361,Rachel Kerry O'Reilly,A5050816150,alias,I79619799,round2_inst,320
2362,Magnus Rueping,A5071153001,alias,I887968799,round2_inst,752
2363,Martin Albrecht,A5066696423,alias,I118564535,round4_semtie,773
2364,Liberato Manna,A5025956413,exact,I30771326,round4_semtie,819
2365,Stephen Taylor Liddle,A5086963679,fuzzy,I28407311,round3_semantic,1084
2366,Gergely Neu,A5077167635,exact,,name_unique,102
2367,Andreas Geiger,A5016606943,exact,I8087733,round4_semtie,383
2369,Christos Tzamos,A5027430783,exact,,name_unique,174
2370,Ori Lahav,A5102734862,alias,I16391192,round2_inst,112
2371,Klim Efremenko,A5083692440,exact,,name_unique,87
2372,Gil Cohen,A5101865765,alias,I16391192,round4_semtie,254
2374,Joanna Bergström,A5065240151,exact,,name_unique,40
2375,Serena Villata,A5016281730,exact,I1294671590,round4_semtie,270
2376,Wojciech Czerwiński,A5113969130,alias,I4654613,round2_inst,170
2377,Marco Guarnieri,A5069694679,exact,I4210162154,round2_inst,55
2378,Ján Pich,A5059921367,exact,,name_unique,33
2379,Yakir Vizel,A5024975162,exact,I174306211,round2_inst,50
2380,Rayna Dimitrova,A5059464456,alias,I4210128801,round2_inst,55
2381,Michał Pilipczuk,A5000479623,alias,I4654613,round4_semtie,466
2382,Marcel Böhme,A5005260100,exact,,round4_semtie,82
2383,Maria A Zuluaga,A5032634346,fuzzy,I1902872,round2_inst,181
2384,Jesper Nederlof,A5068357631,exact,I193662353,round2_inst,143
2385,Robbert Krebbers,A5029418370,exact,,name_unique,81
2386,Sebastian Stich,A5045519627,alias,I4210128801,round2_inst,146
2387,Manuel Gomez Rodriguez,A5042180520,exact,I149899117,round2_inst,200
2388,Ekaterina Viktorovna Shutova,A5016184654,fuzzy,I887064364,round2_inst,152
2389,Sayan Bhattacharya,A5103251160,alias,I39555362,round2_inst,135
2390,Michal Feldman,A5103282352,alias,I16391192,round4_semtie,309
2391,Matthias Niessner,A5088583491,alias,I62916508,round2_inst,367
2392,Ambrus Kaposi,A5047340010,alias,I106118109,round4_semtie,57
2393,Jan Kretinsky,A5074485601,exact,I21449261,round2_inst,223
2394,Dan Garber,A5019533927,alias,I174306211,round2_inst,77
2395,Alexandru Ioan Tomescu,A5063897224,alias,I133731052,round2_inst,203
2396,Gerhard Neumann,A5088394978,alias,I102335020,round4_semtie,209
2397,Soren Pirk,A5022418359,exact,,round4_semtie,105
2398,Srikanth Srinivasan,A5025305994,exact,I124055696,round2_inst,178
2399,Philipp Hennig,A5022872779,exact,,name_unique,268
2400,Sebastian Erdweg,A5059992246,exact,,name_unique,112
2401,Szymon Toruńczyk,A5085711958,exact,,name_unique,78
2402,Bart Bogaerts,A5089527287,exact,,name_unique,147
2403,Fabrizio Montesi,A5000566520,alias,I177969490,round2_inst,158
2404,Claudio Orlandi,A5028570693,alias,I204337017,round2_inst,137
2405,Carola Doerr,A5040561209,exact,I1294671590,round4_semtie,462
2406,Evangelos Kalogerakis,A5003312344,exact,,name_unique,121
2407,Søren Hauberg,A5072186051,exact,,name_unique,141
2408,Katrina Ligett,A5076701535,exact,I197251160,round2_inst,133
2409,Thomas Schneider,A5100724917,exact,I31512782,round2_inst,631
2410,Maria Naya Plasencia,A5037985740,alias,I1326498283,round3_semantic,155
2411,Aida Todri-Sanial,A5022136174,alias,I83019370,round2_inst,276
2412,Kasper Green Larsen,A5013551063,exact,I204337017,round2_inst,189
2413,Zvika Brakerski,A5023852532,alias,I53964585,round2_inst,196
2414,Maud Marchal,A5006521642,exact,I28221208,round4_semtie,233
2415,Julien Mairal,A5062817741,exact,,name_unique,233
2416,Nicolas Padoy,A5071976104,alias,I68947357,round2_inst,248
2417,Andre Martins,A5051693368,alias,,round3_semantic,319
2418,Nicolas Benoit P Gillis,A5040368041,fuzzy,I130929987,round2_inst,220
2419,Anthony Lin,A5034129725,alias,I153267046,round2_inst,102
2420,Arzucan Ozgur,A5030252794,exact,,name_unique,146
2421,Bernhard Kainz,A5078127596,exact,I181369854,round2_inst,354
2422,Jasmin Christian Blanchette,A5079200257,exact,,name_unique,176
2423,Hayley Hung,A5061353073,alias,I98358874,round2_inst,136
2424,Maks Ovsjanikov,A5072368950,alias,I142476485,round4_semtie,215
2425,Thomas Vidick,A5019616211,alias,I53964585,round2_inst,254
2427,Sebastian Faust,A5066436044,exact,I31512782,round2_inst,147
2428,Frank Hutter,A5031002895,exact,I161046081,round2_inst,409
2429,Barbara Plank,A5088832285,exact,I8204097,round2_inst,325
2430,Ángel Goñi-Moreno,A5053274991,alias,I134820265,round2_inst,102
2431,Juergen Gall,A5012240246,alias,I135140700,round2_inst,376
2432,Gil Segev,A5110233330,alias,I197251160,round4_semtie,164
2433,Sebastian Risi,A5020511097,exact,I83467386,round2_inst,256
2435,Madeline Balaam,A5078308184,exact,I86987016,round2_inst,138
2436,Konrad Rieck,A5066077721,alias,I4577782,round2_inst,178
2437,Georg Martius,A5001474340,exact,I8087733,round2_inst,214
2438,Thorsten Holz,A5056790702,exact,I4210128801,round2_inst,353
2439,Anat Levin,A5060141696,exact,,name_unique,143
2440,Laura Ildiko Kovacs,A5071158512,alias,I145847075,round2_inst,194
2441,Alexandra Martins Da Silva,A5100658822,fuzzy,I45129253,round2_inst,253
2442,Ana Tajadura Jiménez,A5070170965,exact,,name_unique,170
2443,Mattias Guns,A5041230402,alias,I99464096,round2_inst,160
2444,Robert Wille,A5004214923,exact,I62916508,round4_semtie,888
2445,Iddo Tzameret,A5066962007,exact,,name_unique,84
2446,Assia Selma Mahboubi,A5113674451,fuzzy,I1326498283,round3_semantic,60
2447,Olga Sorkine Hornung,A5064927253,alias,I35440088,round4_semtie,167
2448,Viktor Vafeiadis,A5023359178,alias,I149899117,round2_inst,145
2449,Dario Fiore,A5030511364,alias,I4210162154,round2_inst,138
2450,Vadim Lyubashevsky,A5074391920,exact,,name_unique,107
2451,Piotr Faliszewski,A5000000572,alias,I686019,round4_semtie,286
2452,Torsten Hoefler,A5026990786,exact,I35440088,round4_semtie,642
2454,Andrea Vedaldi,A5060511349,exact,,name_unique,511
2455,Stelian Coros,A5055713873,exact,,name_unique,219
2456,Stefan Schmid,A5066080641,alias,I4577782,round4_semtie,921
2457,Andreas Vlachos,A5067943980,alias,I241749,round2_inst,228
2459,Mariëlle Ida Antoinette Stoelinga,A5053065289,alias,I94624287,round2_inst,261
2460,Alex Bronstein,A5025410418,exact,I174306211,round4_semtie,290
2461,Andrea Arcuri,A5052735480,exact,I2800207870,round2_inst,173
2462,Krishnendu Chatterjee,A5052607806,alias,I157556583,round2_inst,756
2463,Jaakko Tapani Lehtinen,A5103009697,fuzzy,I9927081,round2_inst,125
2464,Jian-Jia Chen,A5000417436,exact,I200332995,round4_semtie,413
2465,Michal Feldman,A5103282352,exact,I16391192,round4_semtie,309
2466,Stefan Roth,A5056098625,exact,I31512782,round4_semtie,281
2467,Nils Thuerey,A5047248117,exact,,name_unique,152
2468,Julien Jérôme Tierny,A5074734666,fuzzy,I1294671590,round3_semantic,152
2469,Malte Helmert,A5033577488,exact,,name_unique,210
2470,Dominique Peer Ghislain Unruh,A5031883158,fuzzy,I56085075,round2_inst,139
2471,Ugo Dal Lago,A5084450516,exact,I9360294,round4_semtie,280
2473,Pascal Schweitzer,A5017685495,exact,I31512782,round2_inst,177
2474,Oded Schwartz,A5010957839,exact,,name_unique,90
2475,Amir Globerson,A5047817959,alias,I16391192,round2_inst,248
2476,Saket Saurabh,A5015806060,alias,I4432739,round2_inst,813
2477,Cristian Cadar,A5053355200,exact,,name_unique,99
2478,Ashley Markham Reid Montanaro,A5023685398,fuzzy,I36234482,round2_inst,192
2479,Rainer Andreas Krause,A5109325233,fuzzy,,round4_maxpapers,92
2480,Matthias Christandl,A5006329724,exact,,name_unique,169
2481,Sören Auer,A5071765665,exact,,name_unique,628
2482,Lorenzo Rosasco,A5061220999,alias,I83816512,round2_inst,390
2483,David Steurer,A5089128021,exact,,name_unique,152
2484,Guy Rothblum,A5057788395,alias,I53964585,round2_inst,148
2485,Christian Theobalt,A5020664641,exact,I149899117,round2_inst,739
2486,Damien Woods,A5029275026,alias,I157286207,round2_inst,115
2487,Davide Balzarotti,A5002025561,exact,,name_unique,155
2488,Matteo Maffei,A5059351004,alias,I145847075,round4_semtie,168
2489,Libor Barto,A5071004419,alias,I21250087,round4_semtie,84
2490,Nir Piterman,A5045161607,exact,I881427289,round2_inst,204
2491,Sebastian Rudolph,A5024774718,exact,,round4_semtie,282
2492,Bastian Leibe,A5071006649,exact,,name_unique,353
2493,Jörg Tiedemann,A5082417280,exact,,name_unique,302
2494,Natasa Przulj,A5069984203,alias,I2799803557,round2_inst,174
2495,Yaron Lipman,A5039995559,exact,I53964585,round2_inst,176
2496,Irit Dveer Dinur,A5029616850,fuzzy,I53964585,round2_inst,185
2499,Piotr Sankowski,A5025494465,exact,I4654613,round2_inst,208
2500,Dejan Manojlo Kostic,A5048036382,fuzzy,I86987016,round2_inst,144
2502,Yanlei Diao,A5109548832,alias,I142476485,round2_inst,103
2503,Thomas Neumann,A5101880157,exact,I62916508,round2_inst,275
2504,David Atienza Alonso,A5074236306,alias,I5124864,round4_semtie,572
2506,Lior Wolf,A5078102229,alias,I16391192,round4_semtie,619
2507,Rafal Konrad Mantiuk,A5006381834,alias,I241749,round2_inst,275
2508,Michael Bronstein,A5013638126,alias,I40120149,round2_inst,502
2509,Aleksandar Nanevski,A5026624853,exact,,name_unique,79
2510,Roberto Navigli,A5026648049,alias,I861853513,round2_inst,309
2512,Dennis Oliver Hofheinz,A5003704447,fuzzy,I35440088,round2_inst,156
2513,Maria Elisabeth Oswald,A5040494476,alias,I4210166741,round2_inst,170
2515,Francois-Xavier Leslie A Standaert,A5070542865,fuzzy,I95674353,round3_semantic,453
2516,Dániel Marx,A5012849997,exact,I4210128801,round2_inst,423
2517,Albrecht Schmidt,A5062196262,exact,I8204097,round4_semtie,960
2519,Karthikeyan Bhargavan,A5026297326,exact,I1326498283,round2_inst,141
2520,Manuel Bodirsky,A5058729018,exact,,round4_semtie,296
2521,Mauro Birattari,A5061782786,alias,I132053463,round4_semtie,359
2522,Cédric Févotte,A5022368934,exact,,name_unique,168
2523,Dan Olteanu,A5035180920,alias,I202697423,round2_inst,285
2524,Philippe Cudre-Mauroux,A5028454093,exact,I154338468,round4_semtie,293
2526,Antoine Miné,A5069148908,alias,I39804081,round2_inst,140
2527,Ely Porat,A5049614530,alias,I13955877,round2_inst,286
2528,Bernd Erhard Finkbeiner,A5048189898,fuzzy,I4210128801,round2_inst,338
2529,Derek Dreyer,A5050585539,alias,I149899117,round4_semtie,133
2530,James Robert Cheney,A5056138547,fuzzy,I98677209,round2_inst,290
2531,Stefan Mangard,A5015437576,alias,I4092182,round2_inst,215
2532,Nir Yosef Ailon,A5033770678,fuzzy,I174306211,round2_inst,126
2534,Krzysztof Zbigniew Pietrzak,A5103200276,fuzzy,I157556583,round2_inst,186
2536,Daniel Cremers,A5087710605,alias,I62916508,round2_inst,917
2537,Josef Urban,A5031019731,alias,I44504214,round4_semtie,278
2539,Joel Olivier Ouaknine,A5045412407,fuzzy,I149899117,round2_inst,278
2540,Kasper Anders Soren Hornbæk,A5015615908,fuzzy,I124055696,round2_inst,238
2541,Carsten Lutz,A5034616829,exact,I180437899,round4_semtie,308
2542,Amos Korman,A5040995971,exact,,name_unique,164
2543,James Arthur Robert Marshall,A5010593676,fuzzy,I91136226,round2_inst,161
2544,Stephan Kreutzer,A5062011497,exact,I4577782,round2_inst,169
2545,Leonardo Mariani,A5036120394,alias,I189158943,round4_semtie,276
2547,Anders Møller,A5103189175,alias,I204337017,round4_semtie,169
2548,Carsten Curt Eckard Rother,A5102921586,fuzzy,I4210086570,round2_inst,351
2549,Gustau Camps-Valls,A5039052506,alias,I16097986,round2_inst,665
2550,Cristian Sminchisescu,A5007658897,exact,,name_unique,268
2551,Steve Kremer,A5085316790,exact,,name_unique,141
2552,Graham Cormode,A5031896681,exact,I39555362,round2_inst,366
2553,Klaus Wehrle,A5078646305,exact,,name_unique,499
2554,Nikhil Bansal,A5008689083,alias,I83019370,round2_inst,360
2555,Rahul Santhanam,A5085864294,exact,I40120149,round2_inst,152
2556,Yee Whye Teh,A5064373793,exact,I40120149,round4_semtie,422
2557,Ioannis Tsamardinos,A5070582381,exact,,name_unique,232
2558,Vladimir Kolmogorov,A5021390142,exact,I157556583,round4_semtie,129
2559,Eike Kiltz,A5002016815,exact,,round4_semtie,186
2560,Samuel Fiorini,A5001781037,exact,,name_unique,190
2561,Tijl De Bie,A5076045275,alias,I32597200,round2_inst,272
2562,Yehuda Lindell,A5033036383,alias,I13955877,round4_semtie,276
2563,Michal Koucky,A5040922782,exact,I21250087,round4_semtie,150
2564,Patrick Thomas Eugster,A5024420075,fuzzy,I57201433,round2_inst,235
2565,Eran Yahav,A5061044883,exact,I174306211,round2_inst,218
2566,Ronald De Wolf,A5066563480,alias,,round4_semtie,225
2568,Adrian Markus Perrig,A5056518136,fuzzy,I35440088,round2_inst,541
2569,Rasmus Pagh,A5014293815,alias,I83467386,round2_inst,282
2570,Anastasia Ailamaki,A5070907021,alias,I5124864,round4_semtie,276
2571,Sergio Grammatico,A5006692330,exact,,name_unique,273
2572,Tomislav Dragicevic,A5078176748,exact,I96673099,round2_inst,445
2573,Maryam Kamgarpour,A5082009236,exact,,name_unique,215
2574,Ori Katz,A5085243047,alias,I197251160,round2_inst,182
2575,Sarah Verhulst,A5038482778,exact,,name_unique,132
2576,Libertario Demi,A5021984927,exact,I193223587,round2_inst,231
2577,Ivan Dokmanic,A5002015062,exact,,name_unique,156
2578,Mehul Malik,A5016870304,exact,I32062511,round2_inst,154
2579,Efren Fernandez-Grande,A5048037495,exact,,name_unique,153
2581,Anton Potocnik,A5048495558,exact,,name_unique,73
2582,Irene Otero-Muras,A5069067835,exact,,name_unique,84
2583,Serhat Tozburun,A5078272078,exact,,name_unique,55
2584,Bart Besselink,A5083507299,alias,I169381384,round2_inst,142
2585,Dierck Hillmann,A5009104963,exact,,name_unique,76
2586,Per Augustsson,A5017299669,exact,I187531555,round2_inst,80
2587,Nikos Deligiannis,A5043511500,alias,I13469542,round2_inst,282
2588,Stefanie Kroker,A5019135007,alias,I94509681,round2_inst,124
2589,David Phillips,A5040378209,fuzzy,I23923803,round4_maxpapers,750
2590,Angela Sara Cacciapuoti,A5082456247,alias,I71267560,round2_inst,110
2591,Paavo Rasilo,A5030192236,exact,I166825849,round2_inst,189
2592,Birgit Stiller,A5065896036,alias,,round4_semtie,173
2593,Mohsen Rahmani,A5012281799,alias,I52590639,round2_inst,213
2594,Coen De Visser,A5008760854,alias,I98358874,round4_maxpapers,186
2595,Stanisa Raspopovic,A5033447067,alias,,round4_semtie,110
2596,Klaas-Jan Tielrooij,A5049475284,alias,I83019370,round2_inst,136
2597,Michèle Wigger,A5065826035,alias,,round4_semtie,225
2598,Ivan Minev Rusev,A5001022357,alias,I4210111834,round2_inst,42
2599,Ziwei Ouyang,A5036591063,alias,I96673099,round2_inst,159
2600,François Leo,A5073461329,alias,I132053463,round2_inst,222
2601,Jan Hasenauer,A5063254041,alias,I135140700,round4_semtie,307
2602,Ferruccio Pisanello,A5028454417,exact,I30771326,round4_semtie,171
2604,Lucia Caspani,A5022909078,alias,I115752224,round2_inst,177
2605,Massimo Sartori,A5083381101,exact,I94624287,round2_inst,208
2606,Elena Del Corro,A5038823248,exact,,name_unique,65
2607,Emmanuel Lhuillier,A5036081515,exact,I1294671590,round2_inst,266
2608,Sadegh Soudjani,A5017334634,exact,,name_unique,225
2609,Marian Verhelst,A5012150553,exact,I99464096,round2_inst,360
2610,Nikolaos Bekiaris-Liberis,A5020100534,alias,I55741626,round2_inst,145
2611,Klas Tybrandt,A5059108681,exact,,name_unique,95
2612,Mathieu Mivelle,A5049374199,exact,,name_unique,79
2613,Oscar Versolato,A5063954694,alias,,round3_semantic,149
2614,Kris Myny,A5044710002,exact,I99464096,round2_inst,235
2615,Konstantinos Pantzas,A5035146277,exact,,name_unique,162
2616,Nir Bar-Gill,A5026599520,alias,I197251160,round2_inst,131
2617,Christian Kirches,A5053623605,exact,I94509681,round2_inst,99
2618,Margarita Chli,A5055582765,exact,,name_unique,115
2619,Sebastian Reineke,A5024180183,alias,,round4_semtie,216
2620,Carlos Alonso Ramos,A5011803299,alias,I1294671590,round4_semtie,421
2621,Romain Peretti,A5033683211,alias,I1294671590,round2_inst,121
2622,Stelios Timotheou,A5024136638,exact,I34771391,round2_inst,171
2623,Tal Ellenbogen,A5064616932,exact,,name_unique,114
2624,Clara Mihaela Ionescu,A5004573956,alias,I32597200,round3_semantic,596
2625,Caglar Elbuken,A5012353258,exact,I98381234,round2_inst,89
2626,Elisa Vianello,A5046458712,alias,I2738703131,round4_semtie,293
2627,Eitan Yaakobi,A5021586372,alias,I174306211,round2_inst,454
2628,Larysa Baraban,A5067493852,alias,I2801798921,round2_inst,155
2629,Francesco Negro,A5032001702,alias,I79940851,round2_inst,236
2630,Daniel Brunner,A5007877210,exact,I1294671590,round2_inst,254
2631,Themistoklis Charalambous,A5000676115,alias,I34771391,round2_inst,305
2632,Fei Ding,A5004243536,exact,,round4_semtie,477
2633,Maria Tenje,A5000479314,exact,,name_unique,163
2634,David Marpaung,A5057021040,exact,I94624287,round2_inst,293
2635,Michail Matthaiou,A5035876091,exact,I126231945,round2_inst,462
2636,Kristof Cools,A5001461967,exact,I32597200,round2_inst,177
2637,Yonina Eldar,A5005913897,alias,I53964585,round4_maxpapers,1545
2639,Padraig Cantillon-Murphy,A5001335646,exact,I181231927,round2_inst,79
2640,Barbara Mazzolai,A5078241160,alias,I30771326,round2_inst,438
2641,Yao-Hong Liu,A5014768168,alias,I196972281,round2_inst,121
2643,Laurent Schmalen,A5053280913,exact,I102335020,round4_semtie,296
2644,Avinoam Zadok,A5026421246,alias,I13955877,round2_inst,242
2645,Ori Katz,A5085243047,exact,I197251160,round2_inst,182
2646,Marios Kountouris,A5088602155,alias,I1902872,round2_inst,344
2647,Venkata Kamalakar Mutta,A5079352140,alias,I123387679,round3_semantic,82
2648,Stefan Witte,A5046110011,exact,,round4_semtie,236
2649,Davide Scaramuzza,A5057116316,alias,I202697423,round2_inst,524
2650,Fabrizio De Vico Fallani,A5089157446,exact,I1326498283,round4_semtie,277
2651,Sandra Hirche,A5024376647,exact,I62916508,round2_inst,647
2652,Mario Caironi,A5002619683,exact,I30771326,round2_inst,316
2653,Raphael Jungers,A5056625594,alias,I95674353,round2_inst,439
2654,Dimos Dimarogonas,A5055348953,alias,I86987016,round3_semantic,728
2655,Sarthak Misra,A5050730423,exact,I94624287,round2_inst,321
2656,Clement Merckling,A5016276763,exact,,name_unique,274
2657,Conor Mow-Lowry,A5087247789,alias,I865915315,round2_inst,425
2658,Christophe Collette,A5083554070,alias,I157674565,round2_inst,387
2659,Sarah Benchabane,A5059926620,exact,I1294671590,round2_inst,173
2660,Niels Gregersen,A5028150151,exact,I96673099,round2_inst,201
2661,Asa Haglund,A5006094937,exact,I66862912,round2_inst,157
2662,Andrea Di Falco,A5009045834,alias,I16835326,round2_inst,201
2663,Ioannis Krikidis,A5080502122,exact,I34771391,round2_inst,492
2664,Giuseppe Vicidomini,A5040316453,exact,,name_unique,220
2665,Bastian Rapp,A5089234340,alias,I161046081,round2_inst,279
2666,Drazen Dujic,A5069231238,exact,I5124864,round2_inst,257
2667,Matthias Althoff,A5005383495,exact,I62916508,round4_semtie,413
2668,Juliette Mangeney,A5085504386,alias,I1294671590,round2_inst,273
2669,Francois Andrieu,A5069215871,alias,I2738703131,round4_semtie,211
2670,Christian Ott,A5048539897,exact,I145847075,round2_inst,432
2671,Pietro Valdastri,A5035357710,alias,I130828816,round2_inst,281
2672,Alexandre Aubry,A5038543649,alias,I1294671590,round2_inst,153
2673,Oren Cohen,A5020641761,exact,I174306211,round2_inst,349
2674,David Sarinn Pech,A5028295626,fuzzy,I1294671590,round2_inst,74
2675,Heinz Koeppl,A5070544702,exact,I31512782,round4_semtie,335
2676,Ming Cao,A5021403340,exact,I169381384,round4_semtie,792
2677,Victor Torres Company,A5021864307,alias,I66862912,round2_inst,270
2678,Aloyse Marie Charles Degiron,A5004659389,fuzzy,I1294671590,round3_semantic,94
2679,Darko Zibar,A5025311119,exact,,name_unique,434
2680,Fabien Robert Jocelyn Alibart,A5091510784,fuzzy,I1294671590,round2_inst,146
2681,Thomas Burg,A5010860767,alias,I31512782,round2_inst,70
2682,Gianluca Fiori,A5061426001,exact,I108290504,round2_inst,241
2683,Stephan Sylvest Keller,A5036535149,alias,I96673099,round2_inst,281
2685,Etienne Francois Noël Perret,A5028422261,fuzzy,I106785703,round2_inst,327
2686,Toon Jos M. Van Waterschoot,A5073284331,fuzzy,I99464096,round2_inst,277
2688,Francesco Paolo Andriulli,A5002273642,alias,I177477856,round2_inst,410
2689,Giacomo Scalari,A5027156127,exact,,name_unique,447
2690,Petros Elia,A5015066458,alias,I1902872,round2_inst,203
2691,Antonio Ivorra Cano,A5048107244,fuzzy,,round3_semantic,70
2692,Osvaldo Simeone,A5017736224,exact,I183935753,round2_inst,953
2694,Róisín Meabh Owens,A5076048603,alias,I241749,round2_inst,207
2696,Albert Guillén I Fàbregas,A5005125538,exact,I170486558,round4_maxpapers,246
2697,Tomas Cizmar,A5057385856,exact,,name_unique,217
2698,Giacomo Indiveri,A5060241952,exact,I202697423,round2_inst,469
2699,Esther Rodriguez-Villegas,A5026574215,exact,I47508984,round4_semtie,203
2700,Wim Bogaerts,A5055647062,exact,I32597200,round2_inst,613
2702,Volkan Cevher,A5027059837,exact,,name_unique,520
2703,Marco Peccianti,A5009176490,alias,I143804889,round2_inst,402
2704,Emmanuel Bossy,A5020375818,exact,,name_unique,189
2705,Gernot Rudolf Mueller-Putz,A5053241501,fuzzy,I4092182,round2_inst,538
2706,Kulah Haluk,A5045177705,alias,I201799495,round2_inst,220
2707,Francesco Poletti,A5068700158,alias,I43439940,round2_inst,634
2708,Abu Sebastian,A5017236774,alias,I4210126328,round2_inst,342
2709,Coskun Kocabas,A5027504594,exact,I28407311,round2_inst,223
2710,Miriam Serena Vitiello,A5031885828,alias,,round3_semantic,339
2711,Melissa Louise Mather,A5045281356,alias,I142263535,round2_inst,83
2713,Yonina Eldar,A5005913897,alias,I53964585,round4_maxpapers,1545
2714,Madeleine Mary Lowery,A5077901559,fuzzy,I100930933,round2_inst,198
2715,Robert Huber,A5072604023,alias,I9341345,round4_semtie,434
2716,Wolfgang Leonhard Kellerer,A5021781616,fuzzy,I62916508,round2_inst,631
2717,Christelle Brigitte Isabelle Monat,A5060033364,fuzzy,I112936343,round2_inst,289
2718,Robert Hugh Hadfield,A5014201929,fuzzy,I7882870,round3_semantic,277
2719,Sebastian Sager,A5070436541,alias,I95793202,round4_semtie,155
2720,Bernd Rieger,A5048898725,alias,I98358874,round4_semtie,162
2721,Laurent Jacques Daniel Vivien,A5043600763,fuzzy,I1294671590,round2_inst,824
2722,Nicolae Coriolan Panoiu,A5028081652,alias,I45129253,round2_inst,312
2723,Sonia Maria Garcia Blanco,A5059502643,alias,I94624287,round3_semantic,173
2724,Daniele Ielmini,A5054173368,exact,,name_unique,486
2725,Petar Popovski,A5071289803,exact,I891191580,round2_inst,1251
2726,Davide Iannuzzi,A5008444491,exact,I865915315,round2_inst,163
2727,Sébastien Claude Hentz,A5070939792,fuzzy,I2738703131,round2_inst,134
2728,Marco Liserre,A5053880143,alias,I3133086891,round2_inst,844
2729,Peter Schelkens,A5034083500,exact,I13469542,round2_inst,569
2730,Ozgur B. Akan,A5042130660,alias,I241749,round2_inst,350
2731,Liesbet Lagae,A5053680126,exact,,name_unique,412
2732,Joerg Carsten Widmer,A5064963698,fuzzy,I2802499160,round2_inst,376
2733,Joachim Oberhammer,A5028413031,exact,,name_unique,301
2734,Chun Huang,A5067895502,exact,I47508984,round4_semtie,74
2735,Jérémy Bleyer,A5057171814,exact,,name_unique,134
2736,Sandra Loerakker,A5005698702,exact,,name_unique,103
2737,Alexandra Vallet,A5026237672,alias,,round4_semtie,33
2738,Simone Pezzuto,A5061167549,exact,,name_unique,94
2739,Stefaan Verbruggen,A5087430329,fuzzy,I166337079,round2_inst,34
2740,Sophia Haussener,A5041466191,exact,I5124864,round4_semtie,249
2741,Alessandro Orchini,A5008704477,exact,,name_unique,63
2742,Qinghua Lei,A5085238022,exact,I123387679,round2_inst,170
2743,Olga Fink,A5079637160,exact,I5124864,round2_inst,231
2744,Slawomir Porada,A5023448469,alias,I11923345,round2_inst,61
2746,Caroline Curtin,A5020449311,alias,,round3_semantic,41
2747,Philipp Rothemund,A5016447319,alias,I100066346,round2_inst,40
2748,Mario Merino Martínez,A5040697912,alias,I50357001,round2_inst,117
2749,Riccardo Levato,A5052979435,exact,,name_unique,120
2750,Benjamin Sanderse,A5001549702,exact,,name_unique,103
2751,Michele Marino,A5046964678,alias,I116067653,round4_semtie,126
2752,Corentin Coulais,A5034935548,exact,,name_unique,157
2753,Aisling Ní Annaidh,A5052671739,exact,,name_unique,56
2754,Tomas Reina,A5045877913,alias,I79238269,round2_inst,228
2755,Hans Kainz,A5048563631,exact,I129774422,round2_inst,97
2756,Outi Tammisola,A5038976310,exact,,name_unique,99
2757,Alessio Gizzi,A5010210450,exact,I155125353,round2_inst,124
2758,Carlos Mota,A5058979303,alias,I34352273,round4_semtie,152
2759,Xiaodong Liang,A5063637646,alias,I96673099,round2_inst,198
2760,Andrea Ianiro,A5043881111,alias,I50357001,round2_inst,111
2761,Marco Sagliano,A5074061342,exact,,name_unique,75
2762,Pierre-Thomas Brun,A5113786632,exact,,round4_semtie,56
2763,Andreas Carlson,A5051560174,exact,I184942183,round2_inst,132
2764,Mustafa Onses,A5073160454,alias,I87673952,round2_inst,132
2765,Alessandro Filippo Maria Pellegata,A5082619317,fuzzy,I93860229,round2_inst,37
2766,Nils Goseberg,A5004995298,exact,I94509681,round4_semtie,180
2767,Jelena Radjenovic,A5058771871,exact,I2799562678,round2_inst,100
2768,Michele Conti,A5069653622,alias,I25217355,round4_semtie,223
2769,Philipp Junker,A5079128591,exact,,name_unique,124
2770,Daniel Nieto,A5011125576,alias,I11019714,round2_inst,55
2771,Senbo Xiao,A5047278123,exact,,name_unique,77
2772,Marios Kotsonis,A5082301817,exact,,name_unique,151
2773,Gaetano Sardina,A5045406003,exact,I66862912,round2_inst,104
2774,Daniele Ragni,A5067964931,exact,,name_unique,285
2775,Farbod Alijani,A5074122560,exact,,name_unique,126
2776,Yoeri Van De Burgt,A5089563832,exact,,name_unique,60
2777,Michael Monaghan,A5016008892,alias,I205274468,round3_semantic,82
2779,Niamh Nowlan,A5059933736,alias,I100930933,round2_inst,87
2781,Miguel Muñoz Rojo,A5073605477,exact,,name_unique,98
2782,Richard Stevens,A5020935259,alias,I94624287,round4_semtie,219
2783,Jakob Albert,A5010605577,exact,,name_unique,118
2784,Tommaso Andreussi,A5077428083,exact,,name_unique,66
2786,Cristian Guillermo Gebhardt,A5075069173,exact,,name_unique,81
2787,Camille Duprat,A5012549623,exact,,name_unique,95
2788,Camilla Colombo,A5062668990,exact,I93860229,round2_inst,328
2789,Ioannis Stefanou,A5037413847,alias,,round4_semtie,159
2790,Liesbet Geris,A5030220964,exact,I157674565,round2_inst,456
2791,Shervin Bagheri,A5014297647,exact,,name_unique,131
2792,Wiebe De Vos,A5010299255,alias,I94624287,round2_inst,164
2793,Alexandre Ponrouch,A5055114718,exact,,name_unique,109
2794,Esteban Ferrer,A5073259063,exact,I88060688,round2_inst,157
2795,Diego Misseroni,A5067806576,alias,I193223587,round2_inst,88
2796,Tom Breugelmans,A5060948708,alias,I149213910,round4_semtie,161
2797,Philip Cardiff,A5003527782,exact,I100930933,round2_inst,90
2798,Sara Bagherifard,A5055138043,alias,I93860229,round2_inst,178
2799,Cyprien Soulaine,A5024803701,exact,,name_unique,75
2800,Elie Hachem,A5005367331,exact,,round4_semtie,263
2801,Ricardo Vinuesa,A5049616413,exact,I86987016,round2_inst,394
2802,Gal Shmuel,A5080038729,exact,,name_unique,121
2803,Lisa Prahl Wittberg,A5035228852,exact,I86987016,round2_inst,109
2804,Daniel Tam,A5044795314,alias,I98358874,round2_inst,58
2805,Moran Bercovici,A5078144208,exact,,name_unique,120
2806,Luisa De Marco,A5009922205,exact,,round4_semtie,106
2807,Andreas Fischer,A5054687195,exact,I180437899,round4_semtie,653
2808,Jerome Noailly,A5003051512,exact,,name_unique,145
2809,Hans Bihs,A5005479704,exact,,name_unique,223
2810,Simen Ellingsen,A5071156343,alias,I204778367,round2_inst,148
2811,Antonio D'Amore,A5067981873,alias,I4210150906,round2_inst,168
2812,Baptiste Sirjean,A5025630197,alias,I1294671590,round2_inst,101
2813,Wei Cao,A5064243515,exact,I98381234,round4_semtie,380
2814,Ignazio Maria Viola,A5041519952,alias,I98677209,round4_semtie,226
2815,Ludovic Chamoin,A5066792673,exact,,name_unique,423
2816,Jia Min Chin,A5057969566,alias,I129774422,round2_inst,92
2817,Jose Adam,A5043970680,alias,I60053951,round2_inst,157
2818,Joe Briscoe,A5056611553,exact,I166337079,round2_inst,111
2819,Gerasimos Konstantatos,A5000051253,exact,I179630473,round4_semtie,186
2820,Leticia Hosta Rigau,A5044039884,alias,I96673099,round2_inst,79
2821,Benjamin Klusemann,A5016194547,alias,I4210139239,round2_inst,245
2823,Inga Berre,A5023075206,exact,,name_unique,114
2824,Angela Madeo,A5002209126,alias,I200332995,round2_inst,184
2825,Simon Kuhn,A5066634472,alias,I99464096,round2_inst,171
2826,Stephen Dooley,A5056291369,exact,,name_unique,117
2827,Tanja Tarvainen,A5025562527,exact,I175532246,round2_inst,145
2828,Andrea Toma,A5078864453,alias,I30771326,round2_inst,457
2829,Agnese Seminara,A5079450620,exact,I83816512,round4_semtie,85
2830,Hanna Isaksson,A5074735538,exact,I187531555,round2_inst,252
2831,Dorina Maria Opris,A5007993170,fuzzy,I71824836,round2_inst,109
2832,Michael Wilczek,A5038196934,alias,I54009628,round2_inst,244
2833,Netanel Korin,A5006947163,exact,,name_unique,78
2834,Dimitrios Zevgolis,A5113465391,exact,,name_unique,55
2835,Nicolas Boscher,A5049708445,alias,I4210112527,round2_inst,103
2836,Rene Pecnik,A5055511351,exact,,name_unique,144
2837,Francesco Topputo,A5036488441,exact,,name_unique,273
2838,Josef Kiendl,A5064610853,alias,I40527276,round2_inst,92
2839,Samuel Sanchez Ordonez,A5065206530,alias,I4210147769,round2_inst,36
2840,Triantafyllos Stylianopoulos,A5057504407,exact,I34771391,round2_inst,262
2841,Conor Buckley,A5081947117,alias,I205274468,round2_inst,117
2842,Blazej Grabowski,A5063712375,exact,I100066346,round2_inst,300
2843,Gabi Schierning,A5052587248,exact,,name_unique,120
2845,Michael De Volder,A5027615173,alias,I241749,round4_semtie,260
2846,Irene Vignon-Clementel,A5090379866,exact,I1326498283,round2_inst,168
2847,Kirsi Mikkonen,A5090505827,alias,I133731052,round3_semantic,147
2848,Tobias Manuel Schneider,A5082232920,fuzzy,I5124864,round2_inst,232
2849,Philipp Adelhelm,A5025764420,alias,I39343248,round2_inst,170
2851,Maria Clelia Righi,A5064500027,exact,,name_unique,127
2853,Cecilia Mattevi,A5054443475,exact,,name_unique,119
2854,Christoph Rüdiger Müller,A5024347042,alias,I35440088,round3_semantic,420
2855,Raul Bermejo,A5072317279,alias,I182712176,round2_inst,176
2856,Marco Deluca,A5026281346,alias,I4210135925,round4_semtie,124
2857,Karen Veroy-Grepl,A5064473378,alias,I83019370,round2_inst,107
2858,Pouyan Boukany,A5081100121,alias,I98358874,round2_inst,91
2859,Martí Gich,A5081565629,exact,I134820265,round2_inst,123
2860,Dorota Koziej,A5059231791,exact,,name_unique,97
2861,Antonio Ambrosio,A5014616438,alias,I30771326,round4_semtie,178
2862,Thomas Stergiopoulos,A5001932515,alias,I203474044,round2_inst,100
2863,Kevin Jean-Marie Van Geem,A5004577558,fuzzy,I32597200,round2_inst,665
2864,Francesco Scotognella,A5015787949,exact,I177477856,round4_semtie,356
2865,Rachel Evans,A5036235720,alias,I241749,round3_semantic,173
2866,Nicolas Noiray,A5005160866,exact,I35440088,round4_semtie,191
2867,Aimee Morgans,A5028848706,alias,I47508984,round2_inst,155
2868,Alejandro Antonio Franco,A5080027604,alias,I1294671590,round3_semantic,322
2869,Valeria Chiono,A5027201794,exact,,name_unique,314
2870,Matevz Dular,A5048572853,exact,,name_unique,139
2871,Dennis Michael Kochmann,A5083881460,fuzzy,I35440088,round2_inst,179
2872,Salvador Pané Vidal,A5012597574,alias,I35440088,round3_semantic,333
2873,Liesbet Laura J Geris,A5030220964,fuzzy,I157674565,round2_inst,456
2875,Marc Pera Titus,A5070971453,exact,I79510175,round2_inst,181
2876,Alexandru Vlad,A5007407846,exact,,name_unique,210
2877,Anne-Virginie Salsac,A5063079937,alias,I1294671590,round2_inst,133
2878,Jin-Chong Tan,A5073692835,alias,I40120149,round2_inst,279
2879,Baptiste Gault,A5086156055,exact,I4210106926,round2_inst,851
2880,Aleksandr Ovsianikov,A5091349126,alias,I145847075,round2_inst,191
2881,Daniel Kiener,A5025664616,exact,I182712176,round2_inst,273
2882,Christian Greiner,A5067374965,exact,I102335020,round2_inst,118
2883,Alessandro Molle,A5063678844,exact,,name_unique,211
2884,Samuel Charles Georges Marre,A5014365722,fuzzy,I1294671590,round2_inst,169
2885,Ana Rita Cruz Duarte,A5039840962,alias,,round3_semantic,259
2887,Carlo Spartaco Casari,A5023415731,alias,I93860229,round2_inst,240
2888,David Grojo,A5036412743,exact,,name_unique,200
2889,Nicolas Ranc,A5021060446,exact,I1294671590,round2_inst,106
2890,Gerasimos Konstantatos,A5000051253,alias,I179630473,round4_semtie,186
2892,Rebeca Marcilla Garcia,A5067392040,fuzzy,,round3_semantic,53
2893,Erik Bitzek,A5063333508,exact,I4210106926,round2_inst,119
2894,Carmen Giordano,A5067848089,exact,,name_unique,120
2895,Shahzada Ahmad,A5081850594,alias,I2801587439,round2_inst,265
2896,David Fairen-Jimenez,A5081651773,exact,I241749,round2_inst,293
2897,Tobias-Rossell Gerard,A5024241530,alias,I134820265,round2_inst,155
2898,Christian Poelma,A5048558235,exact,,name_unique,141
2899,Robin Henk A. Ras,A5066212186,fuzzy,I9927081,round2_inst,288
2900,Philippe Christian Chatelain,A5068318937,fuzzy,I95674353,round2_inst,223
2901,Valeria Nicolosi,A5054933448,exact,,name_unique,339
2902,Guillaume Loïc Haiat,A5006223188,fuzzy,I1294671590,round3_semantic,191
2904,Louis Cornelia Patrick Maria De Smet,A5080571080,fuzzy,I913481162,round2_inst,129
2905,Marino Arroyo Balaguer,A5041927899,alias,I9617848,round3_semantic,167
2906,Lucia Nicola,A5057776328,exact,I138689650,round2_inst,67
2907,Guillermo Jose Rein,A5033272811,fuzzy,I47508984,round3_semantic,350
2908,Isaac Boxx,A5036031568,exact,I2898391981,round2_inst,184
2909,Bastian Joachim Max Etzold,A5025897477,fuzzy,I31512782,round2_inst,219
2910,Anke Lindner,A5080024671,exact,,name_unique,191
2911,Francois Courvoisier,A5037973920,alias,I1294671590,round4_semtie,342
2913,Lothar Wondraczek,A5021241484,exact,,name_unique,381
2914,Andrea Camposeo,A5031709636,exact,,name_unique,228
2915,Stéphane Henri Anatole Avril,A5086758918,fuzzy,,round3_semantic,321
2916,Isabel Maria Das Merces Ferreira,A5025162982,alias,,round3_semantic,300
2917,Elena Martínez Fraiz,A5063850102,alias,I4210147769,round3_semantic,176
2918,Matteo Passoni,A5064721109,alias,I93860229,round2_inst,204
2919,Mariano Campoy Quiles,A5029700996,alias,,round4_semtie,206
2920,Víctor Antonio De La Peña O'Shea,A5084324626,alias,I4210085895,round3_semantic,303
2921,Dongsheng Wen,A5070857673,exact,I130828816,round4_semtie,439
2922,Jan Peter Felix Lagerwall,A5029474859,alias,I186903577,round2_inst,190
2923,Daniel John Kelly,A5045482826,alias,I205274468,round3_semantic,357
2924,Manuela Teresa Raimondi,A5063258316,exact,,name_unique,246
2925,Cinzia Casiraghi,A5060778690,exact,,name_unique,185
2926,Maria Concepcion Ovin Ania,A5107336248,alias,I1294671590,round2_inst,230
2927,Tanguy Eugene Le Borgne,A5061402015,fuzzy,I56067802,round3_semantic,414
2929,Jordi Sort Vinas,A5021308810,alias,I123044942,round2_inst,556
2931,Darrell Alec Patterson,A5036808066,exact,I51601045,round2_inst,98
2933,Alexander Zelikin,A5090925128,alias,I204337017,round2_inst,174
2935,Timon Rabczuk,A5065190539,alias,I51441396,round4_semtie,998
2936,Jürgen Groll,A5017257466,exact,I4210126310,round2_inst,331
2937,Avner Rothschild,A5038877770,exact,,name_unique,135
2938,Paula Maria Da Silva Mendes,A5082703612,alias,I79619799,round2_inst,122
2939,Joris Wilfried Maria Cornelius Thybaut,A5002483470,fuzzy,I32597200,round2_inst,569
2940,Marco Dentz,A5059072846,exact,,name_unique,492
2943,Alberto Guardone,A5028685995,alias,I93860229,round4_semtie,275
2944,Paolo Decuzzi,A5061631250,exact,I30771326,round4_semtie,301
2945,Angelo Simone,A5080054157,alias,I138689650,round2_inst,142
2946,Luca Brandt,A5017099728,exact,I86987016,round2_inst,494
2947,Iair Arcavi,A5044822144,alias,I16391192,round3_semantic,783
2948,Evan O'Connor,A5011943627,alias,I161593684,round2_inst,175
2949,Blake Sherwin,A5105473526,alias,I241749,round3_semantic,118
2950,Johan Mazoyer,A5103289951,exact,I1294671590,round2_inst,254
2952,Maria Nikolayevna Drozdovskaya,A5027279709,alias,I118564535,round2_inst,125
2953,Katharine Mulrey,A5090249041,exact,,name_unique,309
2954,Philip Bull,A5019247098,exact,I28407311,round2_inst,229
2955,Paul Mollière,A5076927452,alias,I149899117,round2_inst,406
2956,Pieter De Visser,A5031951399,alias,,round3_semantic,113
2957,Nozair Ashraf Khawaja,A5047479579,alias,I75951250,round2_inst,93
2958,Annalisa Bonafede,A5035103058,alias,I9360294,round2_inst,321
2959,Harm Schoorlemmer,A5013377641,alias,I145872427,round2_inst,358
2960,Else Starkenburg,A5033850791,exact,,name_unique,231
2961,Katja Poppenhaeger,A5057284619,exact,,name_unique,215
2962,Talvikki Hovatta,A5089910311,alias,I9927081,round2_inst,359
2964,Mario Flock,A5083163086,exact,,name_unique,138
2965,Ondrej Pejcha,A5048301562,alias,I21250087,round4_semtie,147
2966,Boon Kok Tan,A5037572044,alias,I40120149,round4_semtie,77
2967,Adam Ingram,A5028280845,alias,I84884186,round2_inst,211
2968,Kate Maguire,A5004662021,alias,I205274468,round2_inst,492
2969,Elisa Pueschel,A5036013971,alias,,round3_semantic,944
2970,Tilman Birnstiel,A5016174491,alias,I8204097,round2_inst,242
2971,Kristina Kislyakova,A5079437698,alias,I129774422,round2_inst,141
2972,Antoine Strugarek,A5085271241,exact,I2738703131,round4_semtie,179
2973,Joao Manuel Do Carmo Fialho Mendonca,A5005701508,fuzzy,I96673099,round2_inst,81
2974,Alessandra Silvestri,A5101571590,alias,I121797337,round4_semtie,206
2975,Victoria Laura Antoci,A5035358816,alias,I96673099,round2_inst,150
2976,Riku Järvinen,A5054315248,alias,I1285790362,round2_inst,209
2977,Izaskun Jiménez-Serra,A5083920844,alias,I134820265,round2_inst,342
2978,Nicholas C. Stone,A5019013125,alias,I197251160,round2_inst,146
2979,Lucile Turc,A5046677391,exact,I133731052,round2_inst,218
2980,Dedong Wang,A5037547489,alias,I4210152878,round2_inst,210
2981,Massimo Gaspari,A5011557883,alias,I122346577,round2_inst,247
2982,Annalisa Pillepich,A5078649440,exact,,name_unique,310
2983,Lena Noack,A5050798999,alias,I75951250,round2_inst,218
2984,Michal Drahus,A5006704814,alias,I126596746,round2_inst,72
2985,Jaime De La Cruz Rodriguez,A5084131983,alias,I161593684,round2_inst,175
2986,Yamila Miguel,A5052372857,exact,,name_unique,187
2987,Mauro Stefanon,A5043012847,exact,,name_unique,248
2988,Francesco De Gasperin,A5081768423,alias,I875825670,round2_inst,313
2989,Jacqueline Hodge,A5020070530,alias,I121797337,round2_inst,208
2990,Paola Popesso,A5107006836,alias,I1321434546,round4_semtie,48
2991,Andreu Font Ribera,A5028921959,alias,I187453708,round2_inst,277
2992,Oliver Gressel,A5004158759,exact,,name_unique,70
2993,Elodie Choquet,A5016303944,exact,,name_unique,268
2994,Christian Moestl,A5000417828,alias,I4387154425,round4_semtie,254
2995,Sebastiano Bernuzzi,A5036798137,alias,,round4_semtie,333
2996,Josquin Errard,A5082065179,exact,I1294671590,round2_inst,167
2997,Jon Sundqvist,A5004997398,alias,I99464096,round2_inst,172
2998,Akira Endo,A5036791785,exact,I98358874,round4_semtie,415
2999,Kaisey Mandel,A5026983512,alias,I241749,round2_inst,162
3000,Eleonora Troja,A5018595778,alias,I116067653,round2_inst,1174
3001,Tetyana Milojevic,A5022853461,exact,,name_unique,43
3002,Gul Esra Bulbul,A5078085557,alias,,round3_semantic,292
3003,Saskia Hekker,A5074798637,alias,I71030271,round2_inst,377
3004,Stefan Kraus,A5040615789,alias,I23923803,round4_semtie,410
3006,Pier-Emmanuel Tremblay,A5049843538,exact,,name_unique,223
3007,Silvia Galli,A5106453768,alias,I1294671590,round3_semantic,101
3008,Myriam Benisty,A5081520912,alias,I899635006,round2_inst,457
3009,Elena Maria Rossi,A5031008643,alias,I121797337,round2_inst,186
3010,Anna Watts,A5037833302,alias,I887064364,round2_inst,255
3011,Sebastiano Cantalupo,A5065902238,exact,,round4_semtie,210
3012,Alexis Carlotti,A5022603250,exact,,name_unique,167
3013,Suzanne Aigrain,A5054667977,alias,I40120149,round2_inst,437
3015,Camille Françoise Bonvin,A5036472909,fuzzy,I114457229,round2_inst,109
3016,Guillaume Laibe,A5002784950,exact,,name_unique,98
3018,Denis Defrere,A5041770370,exact,I99464096,round2_inst,342
3019,Hagai Perets,A5065198365,alias,I174306211,round2_inst,269
3020,Benoit Cerutti,A5041456096,exact,I1294671590,round2_inst,105
3021,Aline Vidotto,A5077207701,alias,I121797337,round2_inst,311
3022,Alberto Sesana,A5013212715,alias,,round4_semtie,364
3023,François Lique,A5042080453,exact,,name_unique,358
3024,Ingunn Kathrine Wehus,A5060541292,alias,I184942183,round4_maxpapers,339
3025,Olivier Absil,A5060123759,exact,,name_unique,642
3026,Andrew Pontzen,A5027649787,exact,,name_unique,173
3027,Enrico Barausse,A5049026088,exact,,name_unique,234
3028,Clare Louise Dobbs,A5061231234,fuzzy,I23923803,round2_inst,156
3029,Ehud Nakar,A5039967505,exact,I16391192,round2_inst,258
3030,Peter Hilding Johansson,A5032012858,alias,I133731052,round2_inst,152
3031,Nanda Rea,A5001612320,alias,I134820265,round2_inst,589
3032,Alberto Gonzalez Fairen,A5010476713,exact,,name_unique,618
3033,Geoffroy Lesur,A5089298782,alias,I1294671590,round2_inst,112
3034,Alexis Rouillard,A5019228628,alias,I1294671590,round2_inst,307
3035,Maarit Käpylä,A5112379716,alias,I9927081,round2_inst,120
3036,Alceste Bonanos,A5065298828,alias,I4210118731,round2_inst,231
3037,Andrea Miglio,A5051016037,alias,I9360294,round2_inst,419
3038,Ian Mccarthy,A5033973593,alias,I63098007,round2_inst,226
3039,Hans Kristian Eriksen,A5013812064,alias,I184942183,round3_semantic,160
3041,Michela Mapelli,A5071822154,exact,,round4_semtie,409
3042,Kevin Heng,A5019327228,exact,I118564535,round4_semtie,365
3043,Sherry Hsuan Suyu,A5071334605,alias,I62916508,round2_inst,273
3046,Asaf Pe'Er,A5084367463,alias,I13955877,round2_inst,235
3047,Konstantinos Tassis,A5071427523,alias,I8901234,round2_inst,203
3048,Olena Khomenko,A5010585644,alias,,round4_maxpapers,62
3049,Jean-Luc Lehners,A5066916947,exact,I149899117,round2_inst,102
3050,Pierre Beck,A5082819947,alias,I899635006,round4_semtie,420
3052,Licia Verde,A5033786381,exact,,name_unique,419
3053,Tom Van Doorsselaere,A5053347479,exact,,name_unique,290
3054,Jens Chluba,A5016230933,exact,,name_unique,294
3055,Frank Bigiel,A5038703475,exact,,name_unique,344
3056,Avishay Gal-Yam,A5053406766,alias,I53964585,round3_semantic,1617
3058,Leigh Nicholas Fletcher,A5050530413,fuzzy,I153648349,round2_inst,747
3059,Frank Heinz Postberg,A5010270936,fuzzy,I75951250,round3_semantic,424
3060,Claudia Anna De Rham,A5032507670,fuzzy,I47508984,round2_inst,171
3061,Daniele Antonangeli,A5004482216,alias,I1294671590,round4_semtie,183
3062,Anders Johansen,A5068874155,alias,I124055696,round2_inst,387
3063,Maria Anna Lugaro,A5036569027,alias,I4210128682,round2_inst,373
3064,Emilia Kilpua,A5020163516,alias,I133731052,round4_maxpapers,492
3065,Andrew James Levan,A5025740124,alias,I145872427,round2_inst,947
3066,Sean Patrick Matt,A5090531727,alias,I23923803,round2_inst,151
3067,Richard David Alexander,A5032451310,fuzzy,I153648349,round2_inst,244
3068,Karina Caputi,A5007647078,alias,I169381384,round2_inst,323
3070,Herve Bouy,A5014011880,alias,I15057530,round2_inst,395
3071,Jaiyul Yoo,A5014715087,exact,I202697423,round2_inst,93
3072,Maria-Rosa Cioni,A5040426329,alias,I2799713863,round3_semantic,323
3073,Frantz Martinache,A5024494164,alias,I4210126779,round4_semtie,312
3074,Arjen Van Der Wel,A5082408263,exact,I32597200,round2_inst,341
3075,Minna Maria Emilia Palmroth,A5006591924,alias,I133731052,round2_inst,398
3076,Sven Wedemeyer,A5009455752,exact,,name_unique,224
3077,Leen Katrien Els Decin,A5050256035,alias,I99464096,round2_inst,584
3078,Sune Toft,A5082903305,exact,I124055696,round2_inst,371
3080,Haley Louise Gomez,A5060096577,alias,I79510175,round4_semtie,102
3081,Kazuya Koyama,A5067428193,alias,I63072094,round3_semantic,921
3082,Christoph Pfrommer,A5042529778,exact,,name_unique,251
3083,Henrik Beuther,A5062209257,alias,I149899117,round2_inst,618
3084,Catherine Elizabeth Cox Heymans,A5011140827,fuzzy,I98677209,round3_semantic,320
3085,Peter Gustaaf Jonker,A5022185514,alias,,round3_semantic,663
3088,Jes Kristian Jørgensen,A5105405721,alias,I124055696,round2_inst,515
3090,Alexander Westphal,A5084197990,exact,I2801876189,round2_inst,398
3093,Marta Volonteri,A5087752642,alias,I1294671590,round2_inst,410
3094,Antony Martin Lewis,A5080085506,fuzzy,I162608824,round2_inst,194
3095,William Percival,A5001753424,alias,I63072094,round2_inst,742
3096,Giovanna Tinetti,A5022203760,alias,I45129253,round2_inst,769
3097,Rainer Schödel,A5110722720,alias,I134820265,round2_inst,358
3098,Thomas Hertog,A5031153449,exact,I99464096,round2_inst,141
3100,Mark Sullivan,A5091372096,alias,I43439940,round2_inst,705
3101,Paola Marigo,A5065642219,exact,,name_unique,310
3102,Constantinos Skordis,A5017238230,exact,,name_unique,88
3103,Saleem Bahaj,A5024894168,exact,,name_unique,45
3104,Julia Cagé,A5011821114,alias,I205092303,round2_inst,140
3105,Jan Stuhler,A5071390181,exact,I50357001,round2_inst,68
3106,Attila Sandor Lindner,A5069395724,alias,I45129253,round2_inst,60
3107,Vladimir Asriyan,A5061091114,exact,,name_unique,37
3108,Maya Eden,A5088525682,exact,,name_unique,63
3109,Luis Aguiar,A5043717166,alias,I202697423,round2_inst,90
3110,Alessia Russo,A5069225762,alias,I138689650,round4_semtie,30
3111,Martin Schmalz,A5088570401,alias,I40120149,round3_semantic,105
3112,Hornung Erik,A5037420297,alias,I180923762,round2_inst,164
3113,Kurt Mitman,A5087954992,exact,,name_unique,91
3114,Sam Asher,A5001234997,alias,I47508984,round2_inst,183
3115,Gal Oestreicher-Singer,A5079624858,alias,I16391192,round2_inst,56
3116,Luca Fornaro,A5000348305,exact,,name_unique,42
3117,Arash Nekoei,A5057259115,exact,I161593684,round4_semtie,36
3118,Yves Le Yaouanq,A5028558761,alias,I142476485,round2_inst,30
3119,Daniel Wilhelm,A5091025078,exact,I8204097,round2_inst,65
3120,Thomas Le Barbanchon,A5032219554,exact,,name_unique,136
3121,Konrad Burchardi,A5045471573,exact,,name_unique,32
3122,Manuel García-Santana,A5034500149,exact,,name_unique,31
3123,Joan Llull,A5069285498,exact,,round4_semtie,33
3124,Ruben Durante,A5090034574,exact,,name_unique,116
3125,Mathieu Couttenier,A5026351385,exact,I113428412,round4_semtie,83
3126,Paula Bustos,A5011506926,alias,I170486558,round2_inst,53
3127,Andrew Rhodes,A5056779507,exact,I4210092408,round4_semtie,56
3129,Christoph Trebesch,A5060997583,alias,I1308524038,round2_inst,160
3130,Roland Rathelot,A5043732987,exact,,name_unique,132
3131,Gaetano Gaballo,A5050845326,exact,I83860666,round2_inst,52
3132,Iris Kesternich,A5055391075,exact,,name_unique,94
3133,Antonio Penta,A5000575461,exact,I170486558,round2_inst,103
3134,Luigi Pascali,A5005979151,exact,,round4_semtie,31
3135,Gabriel Zucman,A5090091703,exact,I57995698,round2_inst,186
3136,Jonas Krabbe Hjort,A5022127778,alias,,round3_semantic,54
3137,Davide Cantoni,A5061039550,exact,,name_unique,113
3138,Tobias Berg,A5110237508,alias,,round4_semtie,225
3139,Sandro Shelegia,A5004424082,exact,,name_unique,51
3140,Janne Tukiainen,A5057106966,alias,I155660961,round2_inst,150
3141,Koen Jochmans,A5089120715,alias,I4210092408,round2_inst,103
3142,Monica Martinez-Bravo,A5073753535,exact,I4210121976,round2_inst,49
3143,Clement De Chaisemartin,A5037977205,exact,I205092303,round2_inst,125
3144,Ghazala Azmat,A5087433849,alias,I205092303,round4_semtie,56
3145,Ingvild Almås,A5013143506,exact,I161593684,round2_inst,121
3146,Filip Matějka,A5033652389,alias,I4210121259,round2_inst,50
3147,Francesco Decarolis,A5018849379,exact,,name_unique,113
3150,Camille Landais,A5078514269,alias,I909854389,round2_inst,141
3151,Peter Koudijs,A5089752790,exact,,name_unique,39
3154,Johan Hombert,A5089604953,exact,,name_unique,92
3155,Vasco Miguel Pereira Marques De Carvalho,A5037879038,fuzzy,I241749,round2_inst,69
3156,Paolo Pinotti,A5063890448,exact,I71209653,round2_inst,171
3157,Benjamin Moll,A5032528341,alias,I909854389,round2_inst,84
3158,Alfred Galichon,A5081456457,exact,I205092303,round2_inst,243
3159,Ramana Nanda,A5050841292,exact,I47508984,round2_inst,175
3160,Ulrich Wagner,A5055239264,alias,I177802217,round2_inst,94
3161,Marek Pycia,A5001011963,exact,,name_unique,80
3162,Seda Ertac,A5028194805,exact,,name_unique,66
3163,Stephen Hansen,A5044176523,alias,I45129253,round4_semtie,90
3164,Gabriella Conti,A5017127452,exact,,name_unique,148
3165,Ralph Ossa,A5090816742,exact,,name_unique,73
3167,Jan Kamiel S. De Loecker,A5085160521,fuzzy,I99464096,round2_inst,77
3168,Nicola Fuchs-Schündeln,A5009244859,exact,,name_unique,122
3169,Donal Crilly,A5088465493,exact,,name_unique,55
3170,Michael Francis Mcmahon,A5007518474,alias,I40120149,round2_inst,96
3171,Martin Weidner,A5017693750,alias,I40120149,round2_inst,100
3172,Rocco Macchiavello,A5042337597,exact,,name_unique,115
3173,Philipp Albert Theodor Kircher,A5012937129,fuzzy,I95674353,round2_inst,156
3174,Jakub Steiner,A5029973134,exact,I4210121259,round2_inst,73
3176,Alessandro Gavazza,A5090222442,exact,,name_unique,71
3178,Maria Libertad González Luna,A5102776436,fuzzy,I170486558,round4_maxpapers,104
3179,Paolo Surico,A5080174692,exact,,name_unique,269
3180,Elias Papaioannou,A5112360343,exact,,name_unique,120
3181,Christoph Rothe,A5110481205,exact,,name_unique,69
3182,Moritz Henning Peter Schularick,A5073446068,fuzzy,I135140700,round2_inst,241
3183,Andrea Galeotti,A5036109808,exact,,name_unique,107
3184,Sigrid Suetens,A5021209074,exact,,name_unique,106
3185,Michelle Sovinsky,A5086476765,exact,,name_unique,32
3186,Kalina Manova,A5113264418,exact,I45129253,round2_inst,77
3187,Julian Di Giovanni,A5071184783,alias,I170486558,round2_inst,118
3188,Christian Walter Bayer,A5102975433,fuzzy,I135140700,round2_inst,141
3189,Adam Gyorgy Szeidl,A5065432388,fuzzy,I198945027,round2_inst,85
3190,Refet Gurkaynak,A5086789254,alias,I168864056,round2_inst,118
3191,Gilat Levy,A5051398775,exact,,name_unique,92
3192,Bård Gjul Harstad,A5112601992,alias,I184942183,round2_inst,94
3193,Henrik Jacobsen Kleven,A5055310448,alias,I909854389,round2_inst,123
3194,Debopam Bhattacharya,A5039352694,alias,I241749,round2_inst,74
3195,Marcin Kacperczyk,A5012056505,exact,,name_unique,120
3196,Vasiliki Skreta,A5034682157,exact,,name_unique,103
3197,Ricardo Augusto Marcos Rocha Reis,A5006318958,fuzzy,I909854389,round3_semantic,274
3198,Alp Enver Atakan,A5043934998,alias,I1351752,round2_inst,38
3200,William Martin Fuchs,A5072666097,fuzzy,I50357001,round2_inst,59
3201,Raffaella Giacomini,A5072253763,exact,,name_unique,83
3202,Pedro Manuel Amaro Da Costa Luz Carneiro,A5002726046,alias,I45129253,round3_semantic,244
3203,Ekaterina Zhuravskaya,A5003763829,exact,I57995698,round2_inst,220
3204,Philipp Daniel Koellinger,A5059104743,fuzzy,I865915315,round2_inst,212
3205,Marta Reynal Querol,A5050966104,alias,I170486558,round2_inst,91
3206,Sophocles Mavroeidis,A5044862033,exact,,name_unique,79
3207,Paolo Surico,A5080174692,exact,,name_unique,269
3209,Tommaso Nannicini,A5040204992,exact,,name_unique,131
3211,Nicola Gennaioli,A5050249057,exact,,name_unique,167
3212,Yann Algan,A5051037471,exact,I205092303,round4_semtie,262
3213,Barbara Rossi,A5101804566,alias,I170486558,round4_semtie,197
3214,Per Einar Pettersson Lidbom,A5008323839,fuzzy,I161593684,round3_semantic,37
3216,Alberto Miguel Martin,A5008945530,fuzzy,I4210115615,round2_inst,148
3217,Pierpaolo Benigno,A5050335831,exact,I56441308,round2_inst,166
3218,Yann Bramoullé,A5015186076,alias,I21491767,round2_inst,106
3219,Daniel Li Chen,A5017324980,fuzzy,I4210092408,round3_semantic,196
3220,Mariacristina De Nardi,A5051392110,alias,I45129253,round2_inst,165
3221,Laurens Julien Henri Cherchye,A5008745851,fuzzy,I99464096,round2_inst,412
3222,Taisuke Otsu,A5049853792,exact,,name_unique,175
3223,Zhichao Kathy Yuan,A5110739338,alias,I909854389,round2_inst,63
3224,Michael Becher,A5062885607,exact,I125068653,round2_inst,123
3225,Jean-Benoit Falisse,A5005616128,alias,I98677209,round2_inst,88
3226,Thibault Schrepel,A5009098941,exact,,name_unique,97
3227,Tore Wig,A5051438092,exact,I184942183,round2_inst,55
3228,Efe Tokdemir,A5080299965,exact,,name_unique,32
3229,Mary Rogan,A5048723929,alias,I205274468,round2_inst,87
3230,Lene Aarøe,A5014485549,exact,,name_unique,130
3231,Abbey Steele,A5045226820,exact,I887064364,round2_inst,60
3232,Matthijs Rooduijn,A5055817949,exact,,name_unique,125
3233,Sofia Vasilopoulou,A5062487626,exact,I183935753,round2_inst,96
3234,Brian Barry,A5075497189,exact,I205274468,round2_inst,218
3236,Devorah Manekin,A5072703485,alias,I197251160,round2_inst,36
3237,Lisa Dellmuth,A5080647482,alias,I161593684,round2_inst,140
3238,Eldar Haber,A5066026585,alias,I91203450,round2_inst,39
3239,Frederik Dhondt,A5062979135,exact,I13469542,round2_inst,238
3240,Steffen Eckhard,A5028821349,alias,,round4_semtie,125
3241,Catherine O'Rourke,A5011271883,alias,,round3_semantic,88
3242,Linda Gröning,A5013061549,alias,I4432739,round2_inst,51
3243,Ignacio Jurado,A5071506658,alias,,round4_semtie,161
3244,Matthew Canfield,A5045057091,exact,,name_unique,30
3245,Tine Destrooper,A5083011831,exact,,name_unique,79
3246,Xavier Prevost,A5049523120,exact,I15057530,round2_inst,177
3247,Inga Winkler,A5102783009,alias,I913481162,round2_inst,58
3248,Julian Garritzmann,A5077213410,alias,,round3_semantic,87
3250,Cathryn Costello,A5059559512,exact,I100930933,round2_inst,105
3251,Maebh Harding,A5079823089,alias,I100930933,round2_inst,45
3252,Jorge Fernandes,A5035094477,alias,I134820265,round3_semantic,63
3253,Bart Klem,A5000634474,exact,,name_unique,56
3254,Aidan Regan,A5052813357,exact,,name_unique,67
3255,Steffen Hurka,A5022004002,exact,,name_unique,76
3256,Christina Eckes,A5088436513,exact,,name_unique,180
3257,Sorcha Macleod,A5075116351,alias,I124055696,round2_inst,98
3258,Sarah Eaton,A5009771753,alias,I39343248,round2_inst,40
3259,Alice Vadrot,A5005429444,alias,I129774422,round2_inst,61
3260,Wim Hardyns,A5039222863,exact,I32597200,round2_inst,383
3261,Juan Antonio Mayoral,A5102729352,alias,I50357001,round2_inst,52
3262,Iosif Kovras,A5006219746,exact,,name_unique,58
3263,Cosmin Cercel,A5031421372,exact,I32597200,round2_inst,45
3264,Aisling Swaine,A5020464119,alias,I100930933,round2_inst,64
3265,Hila Shamir,A5068215012,exact,,name_unique,55
3267,Julia Fleischer,A5005593801,exact,,name_unique,68
3268,Aoife Daly,A5086530124,exact,,round4_semtie,62
3270,Dave De Ruysscher,A5040701845,alias,I193700539,round2_inst,166
3271,Tom Van Der Meer,A5010780363,exact,I887064364,round4_semtie,141
3272,Orna Rabinovich-Einy,A5021041220,exact,I91203450,round2_inst,49
3273,Clara Burbano Herrera,A5011422120,exact,,name_unique,92
3274,Charles Butcher,A5066118007,alias,I204778367,round2_inst,39
3275,Kevin Koehler,A5075209032,exact,I162290304,round2_inst,30
3276,Markus Wagner,A5039706040,exact,I129774422,round3_semantic,148
3277,Barbara Vis,A5062911752,exact,,name_unique,137
3278,Maria Malksoo,A5029193606,exact,I124055696,round4_semtie,94
3279,Luis Simon,A5085626090,alias,I13469542,round2_inst,96
3280,Andrea Herrmann,A5022652001,alias,I145872427,round2_inst,214
3281,Nicole Bolleyer,A5064890257,exact,,name_unique,138
3282,Raluca Cornelia Grosescu,A5088116558,fuzzy,I135790613,round2_inst,34
3283,Carlos Sebastian Villasante Larramendi,A5083204317,exact,,name_unique,37
3284,Inger Skjelsbaek,A5089894308,alias,I184942183,round2_inst,61
3285,Charles Wilson,A5033157082,alias,I40120149,round4_semtie,117
3286,Elisabeth Ivarsflaten,A5054413363,exact,,name_unique,56
3287,David Kosar,A5058353802,alias,I21449261,round2_inst,161
3288,Guillaume Touya,A5015586473,exact,,name_unique,204
3289,Sven-Oliver Proksch,A5055289415,exact,,name_unique,131
3290,Marcus Collier,A5041902167,alias,I205274468,round2_inst,104
3291,Thomas Chadefaux,A5059531306,exact,,name_unique,34
3292,Rutgerd Boelens,A5003945663,alias,I913481162,round2_inst,322
3293,Ragnhild Louise Muriaas,A5039090143,alias,I4432739,round3_semantic,57
3294,Chinwe Ijeoma Ifejika Speranza,A5004736369,fuzzy,I118564535,round3_semantic,176
3295,Tobias Kuemmerle,A5060331729,alias,I39343248,round4_semtie,325
3297,Kristine Eck,A5009884188,exact,,name_unique,61
3298,Anne Rasmussen,A5004039145,exact,I183935753,round2_inst,222
3299,Primavera Margot Maria Sasa Gravier De Filippi,A5087793409,fuzzy,I1294671590,round2_inst,209
3300,Delia Ferri,A5025276430,alias,I157286207,round2_inst,124
3301,Anja Neundorf,A5057708902,exact,,name_unique,67
3302,Joan Ballester,A5004971197,alias,I4210148332,round2_inst,200
3303,Carl Henrik Knutsen,A5031648851,alias,I184942183,round2_inst,273
3304,Matthias Vom Hau,A5066756431,exact,,name_unique,87
3305,Benjamin Straumann,A5035554697,alias,I202697423,round2_inst,78
3307,Joost Van Spanje,A5067804593,exact,I184558857,round2_inst,80
3308,Andrew Futter,A5005944375,alias,I153648349,round2_inst,71
3309,Rune Slothuus,A5089657516,exact,,name_unique,109
3310,Achim Goerres,A5009103150,exact,,name_unique,171
3312,Francesco Ragazzi,A5041985142,exact,,name_unique,95
3313,Harriet Hawkins,A5004391156,exact,I184558857,round2_inst,96
3314,Zaili Yang,A5034690093,exact,I63098007,round2_inst,378
3315,Katherine Browne,A5042835035,alias,I100930933,round2_inst,200
3316,Stefanie Walter,A5004723245,exact,I202697423,round2_inst,243
3317,Niels Petersen,A5065018261,alias,I22465464,round4_semtie,208
3318,Eoin Carolan,A5102849467,alias,I100930933,round4_semtie,73
3320,James Woodcock,A5036593639,exact,I241749,round4_semtie,156
3321,Benjamin Van Rooij,A5046979130,exact,,name_unique,172
3322,Lorraine Elisabeth Whitmarsh,A5012606238,fuzzy,I51601045,round2_inst,221
3323,Detlef Van Vuuren,A5082748474,alias,I193662353,round2_inst,795
3324,Carsten Jensen,A5065496081,alias,I204337017,round2_inst,182
3325,Claudia Elena Aradau,A5071973534,alias,I183935753,round2_inst,134
3326,Matti Kummu,A5079266139,exact,,name_unique,418
3327,Gara Villalba Méndez,A5010005419,alias,I123044942,round2_inst,161
3328,Julia Catherine Gallagher,A5004605831,fuzzy,I31575130,round2_inst,108
3329,Jean-Benoit Pilet,A5036219475,exact,I132053463,round4_semtie,346
3330,Colin Mcfarlane,A5025397186,alias,I190082696,round2_inst,148
3331,Christian Enemark,A5046189272,alias,I43439940,round2_inst,86
3332,Johanna Kantola,A5016833571,exact,,name_unique,164
3334,Giuliano Di Baldassarre,A5050776780,exact,I123387679,round2_inst,454
3335,Denisa Kostovicova,A5060371611,exact,,name_unique,260
3336,Prabha Kotiswaran,A5074885923,exact,I183935753,round2_inst,83
3337,Victoria Reyes-García,A5080550633,exact,I123044942,round4_semtie,407
3338,Daniel Moeckli,A5061753184,alias,I202697423,round2_inst,80
3339,Kaius Tapani Tuori,A5046171527,alias,I133731052,round2_inst,104
3340,Oksana Mont,A5045512462,alias,I187531555,round2_inst,182
3341,Inanna Hamati-Ataya,A5025730021,exact,,name_unique,35
3342,Caspar Gerard Chorus,A5072975158,fuzzy,I98358874,round3_semantic,227
3343,Janine Clark,A5037226633,alias,I79619799,round2_inst,136
3344,Xandra Ellen Kramer,A5085372272,alias,I913958620,round2_inst,176
3345,Roland Erne,A5056505437,exact,I100930933,round2_inst,119
3346,Staffan I. Lindberg,A5082109923,alias,I881427289,round4_semtie,515
3347,Stefan Giljum,A5036854135,alias,I102248843,round2_inst,143
3348,Eva Kristine Østergaard-Nielsen,A5065419522,alias,I123044942,round2_inst,50
3349,Zoe Georgina Davies,A5053168179,alias,I20581793,round2_inst,143
3350,Panagiotis Delimatsis,A5027327104,exact,I193700539,round4_semtie,199
3352,Clionadh Raleigh,A5041513832,exact,I162608824,round2_inst,71
3353,Juliëtte Schaafsma,A5003300336,exact,,name_unique,60
3354,Jochen Peter,A5037694810,exact,I887064364,round4_semtie,137
3355,Sven Aron Oskarsson,A5058805863,fuzzy,I123387679,round3_semantic,119
3356,Jason Aaron Reifler,A5037475402,alias,I23923803,round2_inst,185
3357,Rachel Mary Brooks,A5054393041,fuzzy,I28290843,round4_maxpapers,294
3358,Marieke De Goede,A5042484381,alias,I887064364,round2_inst,113
3359,Don Weenink,A5051897361,exact,,name_unique,69
3360,Carey Louisa Jewitt,A5047922190,fuzzy,I45129253,round2_inst,238
3362,Maarten Vink,A5072424366,alias,I874792244,round2_inst,239
3363,Lynn Cooke,A5017045821,alias,I51601045,round2_inst,52
3364,Klaus Lindgaard Hoeyer,A5017257181,alias,I124055696,round4_maxpapers,119
3365,Nicola Mai,A5020790788,alias,I205051169,round2_inst,77
3366,Tobias William Kelly,A5056976070,fuzzy,I98677209,round2_inst,97
3367,Eileen Marie Moyer,A5039934786,fuzzy,I887064364,round2_inst,94
3368,Phillip Hellwege,A5034364757,alias,I179225836,round2_inst,62
3369,Halvard Buhaug,A5038498708,alias,I60419261,round2_inst,139
3371,Philip Howard,A5079636968,alias,I40120149,round2_inst,217
3372,Lotta Marie Christine Vikström,A5090771140,fuzzy,I90267481,round2_inst,99
3373,Sara Binzer Hobolt,A5070013933,alias,I909854389,round2_inst,319
3375,Károly Takács,A5015566794,alias,I102134673,round2_inst,104
3376,Helena Cristina Ferreira Machado,A5079541400,alias,I99682543,round2_inst,246
3378,Michal Alberstein,A5061589101,alias,I13955877,round2_inst,90
3379,Andreas Fred Fischer-Lescano,A5022588809,fuzzy,I180437899,round2_inst,196
3381,Benjamin Olivier Joseph René Marie Rubbers,A5061776748,fuzzy,I157674565,round2_inst,138
3382,Martin Holbraad,A5043854209,alias,I45129253,round2_inst,121
3383,Markus Gangl,A5017166131,exact,,name_unique,129
3385,Jane Calvert,A5060206174,alias,I98677209,round2_inst,202
3386,Vinh-Kim Nguyen,A5042365595,alias,I951315,round4_semtie,76
3387,Jan Beyers,A5074422626,exact,I149213910,round2_inst,199
3388,Séverine Dusollier,A5080177771,exact,,name_unique,206
3389,Jani Petteri Erola,A5077102480,fuzzy,I155660961,round2_inst,97
3390,Moniek Adrienne Buijzen,A5035909713,fuzzy,I145872427,round2_inst,202
3391,Aouatef Amade M'Charek,A5044269922,alias,I887064364,round2_inst,92
3392,Edward Simpson,A5018349673,exact,I31575130,round4_semtie,128
3393,Sofia Isabel Da Costa D'Aboim Inglez,A5087786404,alias,,round3_semantic,102
3394,Hans Alves,A5023392792,exact,,name_unique,60
3396,Patrick Naef,A5070850900,alias,,round3_semantic,101
3397,Jaron Harambam,A5052722218,alias,I887064364,round2_inst,56
3398,Thijs Bol,A5025186963,exact,,name_unique,80
3399,Pablo Alonso Gonzalez,A5046619694,alias,I134820265,round4_semtie,195
3400,Laura Taylor,A5023060764,alias,I100930933,round2_inst,231
3402,Borja Martinović,A5049804099,exact,,name_unique,85
3403,Patty Leijten,A5048264494,exact,,name_unique,103
3404,Nicolas Sommet,A5017371717,exact,,name_unique,91
3405,Juliane Lischka,A5031084511,alias,I159176309,round2_inst,80
3406,Claire Blencowe,A5028479609,alias,I39555362,round2_inst,35
3407,Karin Doolan,A5060195074,exact,,name_unique,71
3408,Orhan Agirdag,A5035605779,alias,I99464096,round2_inst,155
3409,Marie Rosenkrantz Lindegaard,A5042695244,exact,I865915315,round2_inst,123
3410,Harriet Thomson,A5084415989,exact,,name_unique,51
3411,Carsten Sauer,A5001091566,alias,,round4_semtie,92
3412,Harriet Over,A5056830537,exact,I52099693,round2_inst,103
3413,Milena Tsvetkova,A5069791094,alias,I909854389,round2_inst,66
3414,Liselot Hudders,A5028800885,exact,I32597200,round2_inst,263
3415,Maike Luhmann,A5030819819,exact,,name_unique,202
3416,Pieter-Paul Verhaeghe,A5079259006,exact,,name_unique,100
3417,Naomi Millner,A5066749543,exact,,name_unique,97
3418,Rebekka Friedman,A5049284557,exact,,name_unique,41
3419,Lai Ma,A5101614347,exact,I100930933,round2_inst,77
3420,Ilona Croy,A5012388054,exact,,round4_semtie,240
3421,Luigi Achilli,A5045347137,alias,,round4_semtie,53
3424,Sabina Cehajic-Clancy,A5023810719,exact,I161593684,round2_inst,48
3426,Michael Quayle,A5052854928,exact,I230495080,round2_inst,147
3427,Heidi Stöckl,A5068645875,exact,,name_unique,168
3428,Anna Harris,A5031049095,exact,I34352273,round2_inst,108
3429,Magdalena Wojcieszak,A5044652655,exact,,name_unique,143
3431,Flor Dinis De Araújo Avelino,A5031610815,fuzzy,I193662353,round2_inst,95
3432,Judith Bovensiepen,A5011659010,exact,,name_unique,44
3433,Roberta Sinatra,A5056242621,exact,,name_unique,83
3434,Sahana Udupa,A5089986506,alias,I8204097,round2_inst,110
3435,Philipp Lersch,A5052204047,alias,I1282776028,round2_inst,121
3436,Megha Amrith,A5017841745,exact,,name_unique,55
3437,Jeanine Dagyeli,A5037343994,exact,I129774422,round4_maxpapers,34
3438,Maya Benish-Weisman,A5008725627,alias,I197251160,round4_semtie,47
3440,Pablo Gracia,A5020662752,exact,I123044942,round2_inst,61
3441,Tali Kristal,A5060541841,alias,I91203450,round4_semtie,31
3442,David Reimer,A5068682284,exact,I165368041,round2_inst,84
3443,Moris Triventi,A5001480581,alias,I189158943,round2_inst,105
3444,Egil Nygaard,A5058371653,exact,,name_unique,53
3445,Joris Mulder,A5025801659,alias,I193700539,round4_semtie,153
3446,Tina Kretschmer,A5043912939,exact,,name_unique,121
3447,Martijn Koster,A5063676883,exact,I913481162,round2_inst,53
3449,Miri Yemini,A5024461173,exact,,name_unique,180
3450,Matti Eräsaari,A5035606586,exact,,name_unique,43
3452,Marta Bucholc,A5027000197,exact,I4654613,round2_inst,108
3453,Jochen Gebauer,A5065563886,alias,I177802217,round2_inst,102
3454,Marius Warg Næss,A5015563417,exact,,name_unique,44
3455,Steffen Dalsgaard,A5001563642,exact,,name_unique,56
3456,Tobias Stark,A5000979874,alias,I193662353,round2_inst,134
3457,Seth Holmes,A5091039981,alias,I71999127,round2_inst,105
3458,Eivind Ystrøm,A5003425738,exact,,name_unique,278
3459,Suvi Saarikallio,A5007264746,exact,,name_unique,114
3460,Loes Keijsers,A5043730373,alias,I913958620,round2_inst,183
3461,Hallvard Moe,A5012542798,exact,I4432739,round4_semtie,112
3462,Ana Cristina Santos,A5064304942,exact,I4392738281,round2_inst,149
3463,Rosana Pinheiro Machado,A5033421040,exact,I100930933,round2_inst,78
3464,Eva Beaujouan,A5002714445,exact,I129774422,round2_inst,94
3468,Elisabetta Crocetti,A5061083625,exact,,name_unique,232
3469,Alessia Melegaro,A5061900944,exact,,name_unique,118
3470,Jennifer Beam Dowd,A5009798144,alias,I40120149,round2_inst,158
3471,Simon Chauchard,A5045934118,exact,,name_unique,40
3472,Raya Muttarak,A5012213855,alias,I9360294,round2_inst,162
3473,Maria Melchior,A5020661226,exact,I154526488,round4_semtie,327
3474,Lasse Lindekilde,A5074529181,exact,,name_unique,66
3476,Antonio De Lauri,A5081034645,exact,I2800297018,round2_inst,66
3479,Dace Agnese Dzenovska,A5038442344,alias,I40120149,round2_inst,44
3480,Nicola Barban,A5065594776,exact,I9360294,round2_inst,77
3481,Sander Thomaes,A5069445706,alias,I193662353,round2_inst,127
3482,Iñaki Permanyer Ugartemendia,A5084881724,alias,I4210121658,round3_semantic,93
3483,Anna Matysiak,A5080204326,alias,I4654613,round2_inst,105
3484,Irena Kogan,A5082684875,exact,I177802217,round2_inst,131
3485,Eran Halperin,A5042631896,alias,I197251160,round4_semtie,295
3486,Sonja Zmerli,A5046470069,alias,I899635006,round4_semtie,114
3487,Daniel Patrick Balliet,A5080560235,alias,I865915315,round3_semantic,144
3488,Jennifer Gabrys,A5030599574,exact,I241749,round2_inst,111
3489,Shaul Shalvi,A5077814535,exact,,name_unique,137
3490,Isto Huvila,A5085072172,alias,I123387679,round2_inst,275
3491,Shanshan Lan,A5047905663,alias,I887064364,round2_inst,42
3492,Limor Shifman,A5044191299,exact,,name_unique,72
3493,Henrik Zachrisson,A5050079971,alias,I184942183,round2_inst,93
3494,Jørgen Koren Carling,A5039589388,fuzzy,I60419261,round2_inst,97
3495,Ayse Uskul,A5076088486,alias,I162608824,round2_inst,143
3497,Helga De Valk,A5103954271,alias,I1322597698,round4_semtie,154
3498,Torkild Hovde Lyngstad,A5022144815,alias,I184942183,round4_semtie,103
3499,Katrina Elly Jungnickel,A5064992654,alias,,round3_semantic,75
3500,Jacob Copeman,A5005471124,exact,I200284239,round2_inst,98
3501,Florian Toepfl,A5063735924,exact,I186354981,round2_inst,36
3502,Martijn Oosterbaan,A5061316038,exact,I193662353,round2_inst,53
3503,Mara Yerkes,A5069138370,alias,I193662353,round2_inst,162
3504,Jenny Van Der Steen,A5029338448,alias,I2800006345,round2_inst,398
3505,Jean-Louis Van Gelder,A5060700933,alias,I149899117,round2_inst,143
3506,Bianca Beersma,A5070439681,exact,,name_unique,154
3508,Man Yee Kan,A5012209144,alias,I40120149,round2_inst,68
3509,Lucie Dale Cluver,A5063549016,alias,I40120149,round4_maxpapers,319
3510,Gael Georges Marcel Le Mens,A5074137374,fuzzy,I170486558,round2_inst,81
3512,Susi Geiger,A5046293617,exact,,name_unique,117
3513,Maria Almudena Sevilla,A5038930937,fuzzy,,round4_semtie,69
3514,Camille Georges Régis Roth,A5032110850,fuzzy,I1294671590,round2_inst,139
3515,Christian Borch,A5083575490,exact,I180519160,round2_inst,137
3516,Jakub Kazimierz Bijak,A5063239904,fuzzy,I43439940,round2_inst,180
3517,Michelle Kim Ryan,A5102865009,fuzzy,I23923803,round2_inst,190
3518,Henrik Vigh,A5078315010,alias,I124055696,round2_inst,50
3519,Marit Sissel Irene Skivenes,A5056629631,fuzzy,I4432739,round2_inst,118
3520,Daniele Vignoli,A5075260851,exact,I45084792,round2_inst,175
3522,Judi Mesman,A5086422376,exact,I121797337,round2_inst,209
3523,Marc Anton Luy,A5090508615,fuzzy,I138211613,round2_inst,83
3524,Silvia Rodriguez Maeso,A5085489947,exact,,name_unique,67
3526,Benjamin William Anthony Ansell,A5110857298,fuzzy,,round4_maxpapers,39
3529,Martin Sokol,A5040533039,exact,I205274468,round2_inst,54
3530,Michele Graziano Ceddia,A5071351712,exact,I118564535,round2_inst,54
3531,Valentina Mazzucato,A5049878471,exact,I34352273,round2_inst,144
3532,Maja Schlüter,A5016983952,alias,I161593684,round2_inst,175
3533,Francesco Laio,A5090057711,exact,,name_unique,356
3534,Inga Dora Sigfusdottir,A5067846824,exact,I123185442,round4_semtie,136
3535,Hein Gysbert De Haas,A5001239700,fuzzy,I887064364,round2_inst,155
3536,Ludovic Leclercq,A5059748671,exact,,name_unique,326
3537,Basile Georges Paul Chaix,A5110151710,fuzzy,I154526488,round3_semantic,42
3538,Anna Ray Davies,A5017955133,alias,I205274468,round4_maxpapers,179
3539,Mark Antonius Jan Huijbregts,A5080182359,fuzzy,I145872427,round2_inst,524
3540,Evelyn Sharon Ruppert,A5021340448,alias,,round3_semantic,104
3541,Steffen Martin Fritz,A5040252235,fuzzy,I1317774081,round3_semantic,387
3542,Stephane Hess,A5072345703,exact,I130828816,round2_inst,474
3543,Maarten Van Ham,A5060637918,exact,,name_unique,504
3544,Jörn Fischer,A5024359289,alias,I113456305,round2_inst,384
3545,Melinda Mills,A5018053342,exact,I40120149,round3_semantic,249
3546,Joerg Fingerhut,A5047374678,exact,I39343248,round2_inst,57
3547,Lars Meyer,A5068448582,alias,I149899117,round4_semtie,194
3548,Marina Kalashnikova,A5043494058,exact,I4210104355,round2_inst,92
3549,Tobias Hauser,A5042016465,alias,I8087733,round2_inst,156
3550,John Mansfield,A5064414060,exact,I202697423,round4_semtie,45
3551,Stephanie Forkel,A5017441301,alias,I145872427,round2_inst,81
3552,Okko Räsänen,A5016518233,alias,I166825849,round2_inst,166
3553,Sylvie Nozaradan,A5076449743,exact,,name_unique,82
3554,Ryszard Auksztulewicz,A5026508978,alias,I34352273,round2_inst,65
3555,Dora Matzke,A5034870294,exact,,name_unique,147
3556,Martin Vinck,A5033216984,exact,,name_unique,120
3557,Amber Gayle Thalmayer,A5071598825,alias,I202697423,round2_inst,54
3558,Alexandra Woolgar,A5062680873,exact,,name_unique,101
3559,Christiaan Vinkers,A5032982998,alias,I911458345,round2_inst,334
3560,Laura Dugue,A5025502344,exact,,name_unique,80
3561,Marina Lopez Sola,A5023740479,exact,I71999127,round2_inst,90
3562,Marie Lallier,A5033180394,alias,I4210104355,round2_inst,81
3563,Alireza Salami,A5029416913,alias,I28166907,round2_inst,98
3564,Andrea Martin,A5074060464,alias,I149899117,round2_inst,259
3565,Konstantinos Tsetsos,A5009152397,exact,,name_unique,85
3566,Emma Sprooten,A5017663367,exact,,name_unique,169
3568,Strijkers Kristof,A5030866937,alias,I1294671590,round3_semantic,65
3569,Gordon Feld,A5012687917,alias,I4210105615,round2_inst,56
3570,Neil Cohn,A5091201289,alias,I193700539,round2_inst,130
3571,Paola Binda,A5026349147,exact,,name_unique,133
3572,Giovanni Petri,A5063367289,exact,,name_unique,124
3573,Scott Cairney,A5071690413,alias,I52099693,round2_inst,75
3574,Siri Leknes,A5005944284,alias,I184942183,round4_semtie,75
3575,Roberto Bottini,A5071261878,exact,,name_unique,77
3576,Lisa Genzel,A5027934644,exact,,name_unique,108
3577,Caspar Schwiedrzik,A5065568970,alias,,round3_semantic,59
3578,Malte Rosemeyer,A5037103490,exact,I75951250,round2_inst,67
3579,Ilanit Gordon,A5049276949,alias,I13955877,round2_inst,145
3580,Suzanne Dikker,A5020379911,exact,,name_unique,72
3581,Tamás Faragó,A5017726486,exact,I106118109,round2_inst,94
3582,Matthias Urban,A5008245214,exact,,round4_semtie,68
3583,Wouter Van Den Bos,A5054947147,exact,I887064364,round2_inst,148
3584,Sigal Zilcha-Mano,A5087376272,alias,I91203450,round4_semtie,209
3585,Radoslaw Martin Cichy,A5089543782,alias,I75951250,round2_inst,235
3586,Nathan Faivre,A5051118769,alias,I1294671590,round2_inst,160
3588,Michael Lombardo,A5089543470,alias,I30771326,round2_inst,373
3589,Surjo Soekadar,A5042255270,alias,I7877124,round2_inst,177
3591,Marco Marelli,A5073018684,exact,,name_unique,233
3593,Delphine Oudiette,A5075924830,exact,I154526488,round4_semtie,74
3594,Yuval Hart,A5003719175,exact,I197251160,round4_semtie,43
3595,Tobias Kaufmann,A5089623913,exact,I8087733,round2_inst,371
3597,Philipp Kanske,A5032090455,alias,,round4_semtie,229
3598,Jakub Dotlačil,A5011975016,exact,,name_unique,65
3599,Tom Schonberg,A5089277904,exact,I16391192,round2_inst,85
3600,Thomas Wallis,A5042571927,alias,I31512782,round2_inst,111
3601,Michaël Peyrot,A5073630241,exact,I121797337,round2_inst,49
3602,Tim Van De Cruys,A5067470407,alias,I99464096,round2_inst,82
3603,Constantin Rothkopf,A5015277967,alias,I31512782,round2_inst,181
3604,Kamilla Miskowiak,A5044746918,alias,I124055696,round2_inst,341
3605,Abbie Hantgan-Sonko,A5063756359,alias,I1294671590,round2_inst,36
3606,Claire Sergent,A5045953328,exact,,name_unique,47
3607,Kristian Tylén,A5023034161,exact,,name_unique,115
3608,Arjen Alink,A5056899860,exact,,name_unique,54
3609,Gesa Hartwigsen,A5021157610,exact,,round4_semtie,338
3610,Simon Van Gaal,A5005327084,exact,I887064364,round2_inst,118
3611,Kristin Lemhofer,A5044289908,exact,,name_unique,78
3612,Joshua Tybur,A5066329079,alias,I865915315,round3_semantic,181
3613,Johann-Mattis List,A5012676548,alias,I186354981,round2_inst,428
3614,Valentina Bambini,A5031747764,exact,I2800920820,round2_inst,115
3615,Stefano Palminteri,A5028199267,exact,I154526488,round4_semtie,158
3616,Benjamin Morillon,A5003525004,exact,I154526488,round2_inst,162
3617,Alex Taylor,A5017792679,alias,I123044942,round2_inst,167
3618,Clare Press,A5065860406,exact,I98259816,round2_inst,102
3619,Martijn Pieter Van Den Heuvel,A5009949271,alias,I865915315,round2_inst,324
3620,Bernhard Spitzer,A5073216442,alias,,round4_semtie,71
3621,Minna Torppa,A5004373982,exact,,name_unique,145
3623,Alejandrina Cristia,A5042831132,exact,I1294671590,round4_semtie,334
3624,Sebastian Watzl,A5034857753,exact,I184942183,round2_inst,33
3625,Lukas Van Oudenhove,A5001562615,alias,I99464096,round2_inst,491
3626,Stamatios Sotiropoulos,A5052140351,alias,I142263535,round2_inst,160
3627,Sabina Leonelli,A5027303084,exact,,name_unique,217
3628,Heleen Slagter,A5008830761,alias,I865915315,round2_inst,181
3629,Alexander Schütz,A5053733727,alias,I161103922,round3_semantic,255
3630,Bernhard Staresina,A5087500318,alias,I40120149,round2_inst,114
3631,Floris De Lange,A5091104349,alias,I145872427,round2_inst,278
3632,Daniel Margulies,A5020214490,alias,I1294671590,round3_semantic,871
3633,Birte Forstmann,A5032945266,alias,I887064364,round4_semtie,244
3634,Marios Philiastides,A5003661435,alias,I7882870,round2_inst,71
3635,Bridget Waller,A5020229751,alias,I52590639,round2_inst,131
3636,Lauren Brent,A5005475843,alias,I23923803,round2_inst,155
3637,Bhismadev Chakrabarti,A5007803639,exact,I71052956,round2_inst,215
3638,Stefan Van Der Stigchel,A5050210515,alias,I193662353,round2_inst,368
3639,Redmond O'Connell,A5003893917,alias,I205274468,round2_inst,123
3640,Iris Tatjana Kolassa,A5063783339,exact,,name_unique,208
3641,James Bonaiuto,A5039504387,exact,I1294671590,round2_inst,75
3642,Markus Siegel,A5063636409,exact,I8087733,round2_inst,98
3643,Ellen Hamaker,A5078661846,alias,I193662353,round2_inst,89
3644,Nitzan Censor,A5055337542,exact,,name_unique,69
3645,Yuval Nir,A5069158944,exact,,name_unique,82
3646,Martin Rolfs,A5052693004,exact,,name_unique,193
3647,Dominik Bach,A5054780837,alias,I135140700,round2_inst,338
3648,Michel Thiebaut De Schotten,A5024787899,exact,I1294671590,round4_semtie,266
3651,John Robert Gareth Williams,A5040243886,fuzzy,I130828816,round4_maxpapers,909
3652,Tarja Tellervo Knuuttila,A5003381023,alias,I129774422,round2_inst,91
3653,Aikaterini Fotopoulou,A5000736540,exact,I45129253,round2_inst,216
3654,Marko Nardini,A5010382710,exact,I190082696,round2_inst,221
3656,Bahador Bahrami,A5049607869,alias,I8204097,round4_semtie,126
3657,Adam Sanborn,A5025964235,alias,I39555362,round2_inst,121
3658,Giovanni Pezzulo,A5053290697,alias,,round4_semtie,330
3659,Judit Gervain,A5065300194,alias,I138689650,round2_inst,259
3660,Judith Holler,A5003283632,alias,I145872427,round2_inst,184
3661,Anna Franklin,A5012667644,exact,I162608824,round2_inst,126
3662,Frederick Leon Julien Verbruggen,A5079789064,fuzzy,I32597200,round2_inst,220
3663,Karin Roelofs,A5087340678,alias,I145872427,round2_inst,320
3664,Elizabeth Alice Jefferies,A5062704227,alias,I52099693,round2_inst,286
3665,Andrew J Koontz-Garboden,A5061522229,fuzzy,I28407311,round2_inst,60
3666,Marco Tamietto,A5033230100,exact,,name_unique,91
3667,Gerhard Jocham,A5055635241,exact,,name_unique,70
3668,Catarina Dutilh Novaes,A5026914322,alias,I865915315,round2_inst,143
3669,Kristine Walhovd,A5061605810,alias,I184942183,round2_inst,329
3670,Simone Pika,A5002820090,exact,I170658231,round2_inst,117
3671,Meike Bartels,A5029768836,exact,I865915315,round2_inst,567
3672,Anders Martin Fjell,A5023405914,alias,I184942183,round2_inst,315
3673,Christian Carl Ruff,A5043120916,alias,I202697423,round2_inst,200
3674,Máté Miklós Lengyel,A5023602087,fuzzy,I198945027,round2_inst,166
3675,Victoria Southgate,A5047297638,exact,,name_unique,91
3676,Christian Fritz Andreas Doeller,A5041330412,fuzzy,I204778367,round3_semantic,248
3677,Jelte Wicherts,A5029698090,alias,I193700539,round3_semantic,255
3680,Christopher Iliev Petkov,A5030790098,fuzzy,I84884186,round2_inst,140
3681,Marius Vincent Peelen,A5025496546,alias,I145872427,round2_inst,206
3682,Christopher Summerfield,A5031878516,alias,I40120149,round2_inst,201
3683,Bence Gyorgy Nanay,A5013703767,fuzzy,I149213910,round2_inst,266
3684,Laura Kallmeyer,A5004268590,exact,,name_unique,157
3685,Domenica Bueti,A5008006939,exact,,name_unique,68
3686,Benjamin Ambridge,A5038150862,alias,I146655781,round2_inst,116
3687,Kenneth Smith,A5020926211,alias,I98677209,round3_semantic,477
3688,Isabela Granic,A5041622156,exact,,name_unique,154
3689,Louise Mary Connell,A5003814468,fuzzy,I157286207,round2_inst,134
3690,Francesco Berto,A5046341120,exact,,name_unique,135
3691,Nicholas James Shea,A5079991803,alias,I124357947,round2_inst,105
3693,Amanda Gabrielle Wood,A5033274421,alias,I169199633,round2_inst,198
3694,Eveline Adriana Maria Crone,A5064580768,fuzzy,I913958620,round3_semantic,371
3695,Roland William Fleming,A5048566788,fuzzy,I200763008,round2_inst,334
3696,Erno Jan Hermans,A5077600021,alias,I2802934949,round2_inst,160
3698,Jonas Ferdinand Obleser,A5071259609,fuzzy,I9341345,round2_inst,331
3699,Christopher David Iain Chambers,A5103000465,fuzzy,,round4_semtie,190
3700,David Stifter,A5069712000,alias,I157286207,round2_inst,445
3701,Simon Hanslmayr,A5012219181,exact,I7882870,round4_semtie,181
3702,Martine Robbeets,A5009459959,alias,I149899117,round2_inst,117
3704,Sid Kouider,A5015196854,exact,I29607241,round2_inst,93
3705,Michela Massimi,A5036505806,exact,I98677209,round2_inst,173
3706,Denny Borsboom,A5029100305,exact,I887064364,round2_inst,375
3707,Christine Anna Caldwell,A5033324265,alias,I12093191,round2_inst,101
3709,Robert Klassen,A5071058104,alias,I52099693,round2_inst,175
3710,Pol Van Lier,A5053439178,alias,I865915315,round4_semtie,202
3711,Jonathan Mark Smallwood,A5088006732,fuzzy,I52099693,round2_inst,836
3712,Tom René Beckers,A5087334854,fuzzy,I99464096,round2_inst,360
3713,Sabine Erika Stoll,A5014226773,alias,I202697423,round2_inst,132
3714,Antoine Lutz,A5002695463,exact,,name_unique,187
3715,Morten Lindtner Kringelbach,A5043559110,fuzzy,I40120149,round3_semantic,524
3716,Andrea Evers,A5065164200,alias,I121797337,round4_maxpapers,538
3717,Natalie Sebanz,A5078474815,exact,,name_unique,174
3718,Christian Fiebach,A5069972369,alias,,round3_semantic,164
3719,Julia Claire Simner,A5049914689,fuzzy,I162608824,round3_semantic,151
3720,Rufin Bernard Edmond Vanrullen,A5078188438,fuzzy,I1294671590,round2_inst,294
3721,Lisa Bortolotti,A5067972057,alias,I79619799,round2_inst,180
3722,Martin Lövdén,A5008745650,exact,,name_unique,206
3723,Christian Nicolas Leon Olivers,A5028257885,alias,I865915315,round2_inst,298
3724,Giorgio Coricelli,A5025755962,exact,I193223587,round4_semtie,84
3725,Jan Baedke,A5046161874,exact,,name_unique,41
3727,Daniel Batovici,A5014164625,alias,,round3_semantic,42
3729,Johanna Wolff,A5018949893,alias,I98677209,round2_inst,37
3730,Peter Webb,A5080240323,alias,I121797337,round4_semtie,175
3732,Suganya Anandakichenin,A5091784843,exact,I159176309,round2_inst,31
3733,Michael Stuart,A5059040782,alias,I52099693,round2_inst,51
3735,Samuli Reijula,A5049206353,exact,I133731052,round2_inst,34
3736,Elisa Coda,A5016301908,alias,I108290504,round2_inst,54
3737,Ruth Boeker,A5081922542,alias,I100930933,round2_inst,41
3738,Bryan Roberts,A5067809777,alias,I909854389,round2_inst,190
3740,Magdalena Malecka,A5031976146,alias,,round3_semantic,30
3741,Joel Thiago Klein,A5049638701,exact,,name_unique,79
3742,Cecilia Muratori,A5032321717,alias,I25217355,round2_inst,47
3743,Victor Gysembergh,A5087068413,alias,I1294671590,round2_inst,55
3746,Eva Von Contzen,A5001710677,alias,I161046081,round2_inst,104
3749,Susanne Knittel,A5015952998,alias,I193662353,round2_inst,77
3751,Tuomo Hiippala,A5086267657,exact,,name_unique,116
3755,Silke Felber,A5075534535,exact,,round4_maxpapers,71
3757,Idoia Murga Castro,A5004861502,exact,,name_unique,102
3758,Tom Hoogervorst,A5055169840,exact,,name_unique,81
3759,Merlijn Hurx,A5059303553,exact,,name_unique,32
3760,Matteo Pasquinelli,A5085389494,alias,I149461666,round2_inst,34
3761,Christian Vassallo,A5102901245,alias,I55143463,round2_inst,82
3763,Diana Berruezo-Sanchez,A5003599744,alias,I123044942,round2_inst,52
3764,Karen Desmond,A5049161736,exact,,round4_semtie,48
3765,Annick Payne,A5041687781,exact,I149461666,round2_inst,54
3766,Lena Henningsen,A5064914728,exact,,round4_semtie,30
3768,Susana Viegas,A5025252638,exact,I83558840,round4_semtie,55
3769,Noémie Etienne,A5111044241,alias,I129774422,round2_inst,82
3770,Ana Guerberof Arenas,A5085056171,exact,,name_unique,34
3771,Karin Kukkonen,A5001477689,exact,I184942183,round2_inst,155
3772,Ernst Van Den Hemel,A5045453089,exact,,name_unique,54
3773,Eva Ulrike Pirker,A5008012882,exact,,round4_semtie,106
3774,Geraldine Le Roux,A5081156306,exact,I161929037,round2_inst,74
3776,Nicola Carpentieri,A5074924669,alias,I138689650,round4_semtie,93
3777,Erin A. Mccarthy,A5005698274,alias,I188760350,round2_inst,115
3778,Marieke Van Erp,A5072750611,alias,I1322597698,round2_inst,149
3779,Aaron Butts,A5082363462,alias,I159176309,round2_inst,82
3781,Christina M. Kreinecker,A5074621508,exact,I99464096,round2_inst,73
3782,Quentin Landenne,A5021081743,alias,,round4_semtie,52
3783,Ho Lun Tommy Tse,A5060639319,alias,I887064364,round2_inst,54
3787,Georg Schiemer,A5040695039,exact,,name_unique,34
3788,Eva-Maria Troelenberg,A5084590851,exact,,round4_semtie,62
3789,Glenn Roe,A5010298238,exact,,name_unique,72
3791,Timo Mueller,A5113212927,alias,,round4_maxpapers,187
3792,Marijn Van Putten,A5014080283,alias,I121797337,round2_inst,61
3794,Elahe Haschemi Yekani,A5041089210,exact,,name_unique,48
3795,Uri Gabbay,A5088101427,exact,I197251160,round3_semantic,56
3798,Patricia Vieira,A5061913426,exact,I4392738281,round2_inst,84
3800,Ronny Vollandt,A5058177504,exact,I8204097,round2_inst,69
3803,Anne O'Connor,A5044479079,alias,I188760350,round3_semantic,231
3804,Julia Lajta-Novak,A5066285044,fuzzy,I129774422,round4_semtie,56
3806,Jeremy Francis Walton,A5008765125,alias,I154347574,round2_inst,78
3807,Ronit Ricci,A5089035675,exact,I197251160,round2_inst,75
3808,David O'Shaughnessy,A5025302523,alias,I188760350,round3_semantic,45
3809,Pascale Anne Francoise Hugon,A5052169723,fuzzy,I138211613,round2_inst,32
3811,Jasenka Gudelj,A5061012289,alias,I149461666,round2_inst,79
3812,Hugo Lundhaug,A5016513934,exact,I184942183,round2_inst,44
3813,Catherine Anne Bradley,A5101797306,alias,I184942183,round3_semantic,60
3815,Rutger Jurriaan Gerard Claassen,A5069819284,fuzzy,I193662353,round2_inst,85
3816,Nadine Akkerman,A5087671297,alias,I121797337,round2_inst,60
3817,Valentina Arena,A5001005124,exact,I45129253,round4_semtie,58
3818,Johanna Pink,A5033107277,alias,I161046081,round2_inst,81
3820,Guido Alexander Orgs,A5001644598,fuzzy,,round3_semantic,67
3821,Michael Butter,A5069616116,exact,I8087733,round2_inst,138
3822,Olga Tribulato,A5051893344,alias,I149461666,round2_inst,112
3823,Holger Michael Zellentin,A5041697929,alias,I8087733,round2_inst,48
3824,Gascia Ouzounian,A5077721733,alias,I40120149,round2_inst,72
3826,Julian Henriques,A5043284977,exact,,round4_semtie,49
3827,Lindiwe Dovey,A5090284553,alias,I31575130,round2_inst,65
3828,Charlotte Ribeyrol,A5084489102,alias,I39804081,round2_inst,87
3830,Isabelle Torrance,A5109332237,alias,I204337017,round2_inst,58
3831,Laura Janet Cleaver,A5072392693,fuzzy,I124357947,round2_inst,52
3832,Massimo Leone,A5091416153,alias,I55143463,round4_semtie,290
3833,Ljiljana Radonić,A5010244430,exact,I138211613,round2_inst,68
3834,Markus Messling,A5028233749,alias,I91712215,round2_inst,111
3835,Koen De Temmerman,A5053621288,exact,I32597200,round2_inst,121
3836,Alena Rettová,A5034997266,alias,I54009628,round2_inst,66
3837,Thomas Marcel Douglas,A5012634256,fuzzy,I40120149,round3_semantic,145
3840,Tian Yuan Tan,A5006100628,exact,I40120149,round2_inst,70
3841,Hector Patmore,A5038100318,alias,I99464096,round2_inst,44
3843,Winfried Rudolf,A5048113968,alias,I74656192,round2_inst,61
3844,Beate Fricke,A5086232926,alias,,round4_semtie,105
3846,Marc Brightman,A5029105908,exact,,name_unique,69
3847,Silvia Ferrara,A5020915273,alias,I9360294,round2_inst,74
3848,Marco Carlo Passarotti,A5001999759,alias,I103320735,round2_inst,184
3849,Cameron Browne,A5065924402,exact,I34352273,round2_inst,170
3850,Jill Walker Rettberg,A5069492392,exact,I4432739,round4_semtie,72
3851,Tuomas Erik Tahko,A5012664429,fuzzy,I36234482,round2_inst,70
3852,Anna Alberni,A5064847299,exact,,name_unique,30
3853,Dragos Gheorghe Calma,A5038603199,fuzzy,I100930933,round3_semantic,51
3855,Nicolai Sinai,A5024879309,alias,I40120149,round2_inst,62
3856,Esther Peeren,A5054243668,exact,,name_unique,89
3857,Matteo Martelli,A5039317288,exact,I9360294,round4_semtie,128
3858,Oliver Paul Scharbrodt,A5011853445,fuzzy,I187531555,round2_inst,79
3859,Richard Charles Powell,A5080051349,alias,I241749,round2_inst,413
3860,Carmen Else Maria Angelika Meinert,A5033751648,fuzzy,,round3_semantic,44
3861,Ingrid Alfonsine M. Robeyns,A5050270181,fuzzy,I193662353,round2_inst,138
3862,Pierre Alexandre Tremblay,A5016811679,alias,I133837150,round2_inst,63
3863,Cristina Grasseni,A5011040038,alias,I121797337,round2_inst,127
3864,Alexandros Kioupkiolis,A5061353532,alias,I21370196,round2_inst,102
3865,Burcu Dogramaci,A5088491185,alias,I8204097,round2_inst,296
3866,Niels Henrik Gaul,A5014468734,fuzzy,,round3_semantic,35
3868,Christian Robert Lange,A5101436003,fuzzy,I193662353,round4_maxpapers,138
3869,Dirk Klaas Wilbert Van Miert,A5012631271,fuzzy,I193662353,round3_semantic,149
3870,Clemens Wöllner,A5082494917,exact,I159176309,round2_inst,101
3871,Monika Salzbrunn,A5073286080,alias,I97565354,round4_semtie,174
3872,Annette Adelheid Haug,A5077954085,fuzzy,,round3_semantic,48
3873,Jari Pekka Kaukua,A5027509173,fuzzy,I94722563,round2_inst,89
3874,Livia Holden,A5080897680,alias,I1294671590,round4_semtie,98
3875,Eyal Weizman,A5029924739,alias,,round4_semtie,156
3876,Stijn Reijnders,A5024750843,exact,,name_unique,88
3877,Alicia Montoya,A5050851791,alias,I145872427,round2_inst,118
3878,Erik Bähre,A5002956724,exact,I121797337,round4_semtie,41
3879,Katarzyna Marciniak,A5016295413,alias,I4654613,round4_semtie,93
3881,"Anne-Madeleine, Stéphanie, Louise Goulet",A5072506851,fuzzy,,round3_semantic,89
3882,Mathieu Candea,A5057216390,alias,I241749,round2_inst,93
3883,Nandini Das,A5102800622,exact,I40120149,round2_inst,109
3884,Christophe Florian Erismann,A5020439388,fuzzy,I129774422,round2_inst,60
3885,Sven Georges Mathieu Dupré,A5020867717,fuzzy,I193662353,round2_inst,149
3886,Thomas Alexander Eich,A5025654164,fuzzy,I159176309,round3_semantic,42
3887,Sandra Ponzanesi,A5063365715,alias,I193662353,round4_semtie,117
3888,William  James William  Mallinson,A5019196355,fuzzy,,round3_semantic,58
3890,Maria Margarida De Sa Calafate Ribeiro,A5040523449,fuzzy,,round4_semtie,319
3891,Gesine Ulrike Müller,A5006102966,fuzzy,I180923762,round3_semantic,148
3892,Louise Bethlehem,A5037675099,alias,I197251160,round2_inst,61
3894,Alexander John Marr,A5003689420,fuzzy,I241749,round2_inst,48
3895,Nicolas James Laurent Fernando De Warren,A5076386108,fuzzy,I99464096,round3_semantic,159
3896,Subha Mukherji,A5090952496,alias,I241749,round2_inst,53
3897,Alexander Fidora,A5033704417,alias,I123044942,round2_inst,290
3899,Sylvia Monika Sasse,A5051342747,fuzzy,I202697423,round2_inst,112
3900,Marie-Louise Coolahan,A5030996704,alias,I188760350,round2_inst,73
3901,Jutta Bolt,A5065440777,alias,I169381384,round4_semtie,68
3904,Paul Van Trigt,A5081868361,exact,I121797337,round2_inst,40
3905,Diego Tamburini,A5065471993,exact,,name_unique,72
3907,Debjani Bhattacharyya,A5020681699,exact,I202697423,round2_inst,41
3908,Angela Claire Trentacoste,A5013357993,fuzzy,,round3_semantic,41
3909,Rebekah Clements,A5008441228,alias,I123044942,round2_inst,31
3911,Maria Nowak,A5060531244,alias,I4654613,round2_inst,33
3914,Kati Ihnat,A5082669308,alias,I145872427,round2_inst,56
3916,Agnieszka Sobocinska,A5057586581,exact,I183935753,round2_inst,51
3917,Martin Hinz,A5061303354,alias,,round4_semtie,102
3918,Brigitte Le Normand,A5018178559,alias,I34352273,round2_inst,31
3919,Richard Madgwick,A5048933423,exact,I79510175,round2_inst,97
3920,Małgorzata Kot,A5077715399,alias,I4654613,round2_inst,49
3921,Haakon Andreas Ikonomou,A5040009970,alias,I124055696,round2_inst,34
3924,Zachary Chitwood,A5055449732,exact,,round4_semtie,41
3926,Margit Simon,A5085447214,alias,I4210107808,round2_inst,82
3927,Viktoria Von Hoffmann,A5040136128,exact,I157674565,round2_inst,94
3928,Katerina Douka,A5009770538,exact,I129774422,round2_inst,134
3929,Huw Groucutt,A5087955542,alias,I197854408,round2_inst,133
3931,David Pretel,A5091248521,exact,,round4_semtie,47
3932,Tomos Proffitt,A5021639420,alias,I71503853,round2_inst,66
3933,Beatrice Demarchi,A5064764624,exact,I55143463,round2_inst,78
3935,Camille Rouxpetel,A5002722952,exact,,name_unique,71
3936,Christina Papageorgopoulou,A5035456442,exact,I147962203,round2_inst,64
3938,Matteo Millan,A5004741889,exact,I138689650,round2_inst,32
3939,Lasse Vilien Sørensen,A5056770044,alias,I4210142438,round2_inst,63
3940,Matthias Van Rossum,A5080115057,exact,I1322597698,round2_inst,130
3941,Wei Chu,A5101906116,alias,I121797337,round2_inst,95
3942,Yair Furstenberg,A5071496026,exact,I197251160,round2_inst,44
3943,Andrea Acri,A5017763271,exact,I159885104,round2_inst,99
3946,Marieke Hendriksen,A5015461352,alias,I1322597698,round2_inst,88
3948,Jesper Larsson,A5073379232,alias,I298625061,round2_inst,43
3949,Benjamin Vernot,A5008182805,exact,,name_unique,52
3951,Stefano Biagetti,A5041473440,exact,I170486558,round2_inst,79
3952,Dennis Lehmkuhl,A5072424030,alias,I135140700,round4_maxpapers,51
3953,Jana Tschurenev,A5020784963,alias,,round4_semtie,31
3954,Ere Nokkala,A5019109542,exact,,round4_semtie,31
3955,Stefanie Gänger,A5074677620,exact,,round4_semtie,64
3956,Giedre Motuzaite Matuzeviciute,A5024379219,alias,I173212132,round2_inst,83
3957,Anne Valerie Pont Boulay,A5010632648,fuzzy,I39804081,round2_inst,95
3958,Olalla López Costas,A5091435094,exact,,name_unique,80
3960,Carlos Tornero,A5109471488,exact,I123044942,round2_inst,67
3961,Emmanuel Nantet,A5004989019,alias,I91203450,round2_inst,44
3962,Sven Meeder,A5074779869,exact,I145872427,round2_inst,34
3963,Irial Glynn,A5032206910,exact,,name_unique,43
3964,Saša Čaval,A5005872370,alias,I4387154574,round2_inst,33
3965,Martin Biersack,A5089542934,exact,,round4_semtie,53
3966,Chiara Bonfiglioli,A5000790374,exact,,round4_semtie,53
3967,Hannes Schroeder,A5075885384,exact,,name_unique,88
3968,Michael Dee,A5056272544,alias,I169381384,round2_inst,122
3969,Maud Devolder,A5073199750,exact,,name_unique,108
3970,Umberto Lombardo,A5046272739,exact,I123044942,round4_semtie,75
3971,Elena Franchi,A5110774155,exact,I193223587,round2_inst,33
3972,João Cascalheira,A5037812910,alias,I71503853,round2_inst,113
3973,Stefan Kirmse,A5071983937,alias,,round3_semantic,39
3976,Jarosław Wilczynski,A5090156352,exact,I4210166460,round2_inst,103
3977,Adrian Wüthrich,A5007942422,exact,I4577782,round2_inst,41
3978,Fredrik Thomasson,A5036942235,exact,,name_unique,68
3979,Gabor Karman,A5025203934,exact,I4210131266,round2_inst,54
3981,Helen Foxhall Forbes,A5045931041,exact,,name_unique,41
3982,Lucia Raggetti,A5026736262,exact,I9360294,round2_inst,37
3983,Elena Vezzadini,A5012386428,exact,,name_unique,72
3985,David Zbíral,A5045121768,exact,I21449261,round2_inst,92
3986,Erin Thomas Dailey,A5033712687,alias,I153648349,round2_inst,33
3987,Claudio Ottoni,A5044736504,exact,,name_unique,59
3988,Cristiano Nicosia,A5091135125,alias,I138689650,round2_inst,111
3989,Kristin Kleber,A5000380208,alias,I22465464,round2_inst,55
3990,Felicita Tramontana,A5017658927,alias,,round4_semtie,30
3991,Manuel Bastias Saavedra,A5039655761,exact,,round4_semtie,47
3992,Anastasia Tatiana Theodoropoulou,A5043727279,fuzzy,,round4_maxpapers,42
3995,Justyna Olko,A5076699328,exact,,name_unique,88
3996,Philipp Stockhammer,A5065087354,alias,I8204097,round2_inst,132
3997,Damien Tricoire,A5048954359,exact,I89864525,round2_inst,73
3998,Tara Andrews,A5079227238,alias,I129774422,round2_inst,108
3999,Dario Calomino,A5060783764,exact,,name_unique,38
4002,Henning Trüper,A5083906090,exact,,round4_semtie,45
4003,Kristiina Mannermaa,A5023287364,alias,I133731052,round2_inst,95
4004,Damian Evans,A5052464346,alias,I4210092825,round2_inst,79
4005,Zaroui Pogossian,A5015150951,exact,,name_unique,43
4006,Artemy Kalinovsky,A5113968311,alias,I887064364,round2_inst,99
4007,Andrew Meadows,A5063621177,exact,,name_unique,50
4008,Julia Budka,A5044265620,exact,I8204097,round2_inst,234
4009,Kirsty Penkman,A5019667982,exact,I52099693,round2_inst,182
4012,Naoise Mac Sweeney,A5087715500,alias,I129774422,round2_inst,68
4013,Abdurrahman Atçil,A5036724657,alias,I134235054,round2_inst,33
4014,Maria Ivanova-Bieg,A5101546408,alias,I129774422,round2_inst,37
4015,Nitin Sinha,A5038020168,alias,,round4_semtie,65
4016,Felicitas Maria Becker,A5043954221,alias,I32597200,round2_inst,104
4017,Felix Riede,A5065442345,exact,I204337017,round2_inst,239
4018,Veronique Pouillard,A5039955101,exact,I184942183,round2_inst,84
4019,Victor Corneliu Ghica,A5071667091,fuzzy,I77901215,round3_semantic,32
4020,Ines Domingo Sanz,A5019411930,exact,,name_unique,124
4021,Urs Matthias Zachmann,A5029360665,exact,I75951250,round2_inst,55
4022,Claire Zalc,A5014443416,alias,I1294671590,round4_maxpapers,206
4023,Matthew Skinner,A5058616416,alias,I20581793,round2_inst,252
4025,M'Hamed Oualdi,A5043934762,alias,I205092303,round2_inst,154
4026,Ana B. Marin-Arroyo,A5075907524,exact,,name_unique,154
4028,Andre Carlo Colonese,A5023110307,exact,,name_unique,115
4029,Michal Frankl,A5017358160,alias,I4210134641,round2_inst,36
4030,Maria De Lurdes Pereira Rosa,A5103261909,exact,I83558840,round4_semtie,98
4031,Cheryl Ann Makarewicz,A5028170941,fuzzy,,round3_semantic,113
4032,Monica Brinzei,A5036589621,exact,I1294671590,round2_inst,74
4034,Leyla Dakhli,A5026388312,alias,I1294671590,round4_semtie,135
4035,Willemijn Geertje Ruberg,A5055425839,fuzzy,I193662353,round3_semantic,80
4037,Maria Rentetzi,A5085919363,exact,I181369854,round2_inst,61
4038,Sarah Parson Bowen Savant,A5034494771,fuzzy,,round3_semantic,73
4039,Mehmet Somel,A5044316104,exact,,name_unique,148
4040,Gábor Egry,A5074194307,alias,I4210128508,round2_inst,49
4041,Per Högselius,A5078799679,alias,I86987016,round2_inst,178
4042,Wolfgang Haak,A5010988625,exact,,name_unique,189
4044,Barry Molloy,A5029405820,exact,,name_unique,40
4045,Matthieu Husson,A5062205664,exact,I1294671590,round4_semtie,56
4046,Maria Fusaro,A5031068846,exact,I23923803,round4_semtie,92
4047,Koen André G. Bostoen,A5049300726,fuzzy,I32597200,round2_inst,246
4048,Jordi Tejel Gorgas,A5003976682,alias,I57825437,round2_inst,78
4050,Pietro Daniel Omodeo,A5042205000,exact,I149461666,round4_semtie,296
4051,Guy Geltner,A5083717277,alias,I887064364,round2_inst,142
4052,Julien Loiseau,A5078680462,alias,I21491767,round2_inst,136
4053,Liat Kozma,A5062637310,exact,I197251160,round2_inst,47
4054,Guido Alfani,A5071387499,exact,I71209653,round2_inst,235
4055,Stefano Benazzi,A5024472507,exact,I9360294,round4_semtie,338
4056,Elisheva Baumgarten,A5079659873,alias,I197251160,round4_semtie,66
4057,Miles Larmer,A5061022789,exact,I40120149,round2_inst,83
4058,Jeremy Edmund Taylor,A5024766062,fuzzy,I142263535,round2_inst,143
4059,Petra Marieke Sijpesteijn,A5008066033,alias,I121797337,round2_inst,126
4060,Corinna Rossi,A5072210157,exact,I93860229,round4_semtie,97
4061,Jo Van Steenbergen,A5038094395,exact,I32597200,round2_inst,146
4062,Javier Fernández-López De Pablo,A5058167356,exact,,name_unique,108
4063,Ludovic Antoine Alexandre Orlando,A5032664670,alias,I1294671590,round4_maxpapers,309
4064,Caroline An H Waerzeggers,A5003075197,fuzzy,I121797337,round2_inst,39
4065,Soultana Maria Valamoti,A5081254213,alias,I21370196,round2_inst,157
4067,Monika Krisztina Baar,A5051277148,fuzzy,I121797337,round2_inst,107
4068,Rebekka Asta Elizabeth Von Mallinckrodt,A5063942753,fuzzy,I180437899,round2_inst,32
4069,Nadine Schibille,A5006785460,alias,I1294671590,round2_inst,134
4070,Alexandra Fredricka Caroline Cuffel,A5028238843,fuzzy,I2799784675,round2_inst,58
4071,Constanta Vintila-Ghitulescu,A5033198526,alias,I4210124903,round2_inst,54
4072,Guy Haim Bar Oz,A5014073467,fuzzy,I91203450,round2_inst,181
4073,Tijana Krstic,A5082534843,alias,I198945027,round2_inst,38
4074,Carolina Mallol Duque,A5040106724,alias,I158438070,round2_inst,126
4075,Ann Brysbaert,A5058775570,exact,I121797337,round2_inst,37
4076,Cameron Andrew Petrie,A5030822768,alias,I241749,round2_inst,153
4077,Lorenz Rahmstorf,A5071805941,alias,I74656192,round2_inst,31
4078,Cristina Dondi,A5019052700,alias,I40120149,round2_inst,41
4079,Jay Stock,A5057128742,alias,I241749,round2_inst,218
4082,Pekka Johannes Hämäläinen,A5043568952,fuzzy,I40120149,round2_inst,140
4083,Lydia Zapata,A5073784595,alias,I169108374,round2_inst,68
4085,Beatrice Albertha De Graaf,A5076684481,fuzzy,I193662353,round2_inst,182
4086,Rhiannon Stevens,A5068323514,alias,I45129253,round2_inst,95
4087,Kristen Ounanian,A5006844655,exact,,name_unique,45
4088,Marco Di Nunzio,A5074841364,alias,I79619799,round2_inst,32
4089,Davide Luca,A5026638628,exact,I241749,round2_inst,38
4090,Manjana Milkoreit,A5059308111,exact,,name_unique,52
4091,Isaac Sasson,A5010445649,alias,I16391192,round2_inst,59
4093,Mark Ward,A5103069800,alias,I205274468,round3_semantic,219
4094,Matthias Garschagen,A5058834792,alias,,round4_semtie,187
4095,Ricardo Aleixo Henriques Correia,A5089243341,alias,I155660961,round2_inst,157
4096,Ed Manley,A5049665350,exact,I130828816,round2_inst,122
4097,Shadi Sharif Azadeh,A5046979930,exact,I98358874,round2_inst,65
4098,Laura Vang Rasmussen,A5106671240,exact,,name_unique,95
4099,Oded Cats,A5058766860,alias,I98358874,round4_semtie,406
4100,Emanuele Campiglio,A5080543399,alias,I9360294,round4_semtie,56
4101,Enrico Di Minin,A5069337718,exact,,name_unique,105
4102,Ilona Merikanto,A5075435439,exact,,name_unique,119
4103,Enrico Ronchi,A5029384606,exact,I187531555,round2_inst,174
4104,Mara Ferreri,A5061336735,alias,I177477856,round2_inst,70
4105,Simon Scheider,A5031790635,alias,I193662353,round2_inst,103
4106,Elisabetta De Cao,A5049203811,alias,I9360294,round2_inst,47
4107,Victor Wegner Maus,A5066097635,alias,I102248843,round2_inst,50
4108,Helen Adams,A5048641306,exact,I183935753,round2_inst,91
4109,Laur Kanger,A5064663078,exact,,name_unique,34
4111,Tatiana Filatova,A5025786277,exact,I98358874,round2_inst,385
4112,Inta Mierina,A5013502862,exact,,name_unique,39
4113,Hester Biemans,A5067600197,exact,,name_unique,122
4114,Lucy Anne Parker,A5047448066,alias,I111262870,round2_inst,102
4115,Anna Oksuzyan,A5072977333,exact,,name_unique,70
4116,Beatriz Rodriguez Labajos,A5053084080,exact,,name_unique,75
4117,Caroline Berghammer,A5052376073,exact,,name_unique,50
4118,Panagiota Kotsila,A5069454661,exact,,name_unique,58
4119,Kayvan Bozorgmehr,A5004831415,exact,I203082224,round2_inst,263
4120,Naja Hulvej Rod,A5077913240,exact,,name_unique,250
4121,Willem Boterman,A5034751621,alias,I887064364,round2_inst,67
4122,Evelyn Uuemaa,A5048819296,exact,I56085075,round2_inst,105
4123,Carlos Dionisio Pérez-Blanco,A5084439316,alias,I4210139941,round2_inst,115
4124,Guido Caniglia,A5091464164,exact,,name_unique,64
4125,Aida Cuni Sanchez,A5024498161,alias,I54108979,round2_inst,119
4126,Alessandro Tavoni,A5044362151,exact,,name_unique,117
4127,Mikko Joronen,A5033850690,exact,,name_unique,46
4128,Willem Jan Wouter Botzen,A5065319988,alias,I865915315,round2_inst,356
4129,David Abson,A5016050844,alias,I113456305,round2_inst,106
4130,Eva Kassens-Noor,A5002371660,alias,I31512782,round2_inst,83
4131,Annette Baudisch,A5038074590,exact,I177969490,round2_inst,68
4132,Massimo Tavoni,A5062402898,alias,I93860229,round2_inst,422
4133,Floortje Alkemade,A5011958104,exact,,name_unique,111
4134,Samuel Rufat,A5020082706,exact,,round4_semtie,120
4135,Tuuli Toivonen,A5037120357,exact,,name_unique,169
4136,Sergi Vidal,A5027289201,exact,I123044942,round2_inst,112
4137,David Stuckler,A5071024354,exact,I71209653,round2_inst,488
4138,Daniela Cristina Antelmi Pigosso,A5000390576,alias,I96673099,round2_inst,184
4139,Irene Perez Ibarra,A5101513428,alias,I255234318,round2_inst,82
4140,Sonja Haustein,A5091855919,alias,I96673099,round2_inst,118
4141,Olli Pyyhtinen,A5056555813,exact,,name_unique,103
4144,Iselin Åsedotter Strønen,A5019303974,alias,I4432739,round4_semtie,35
4145,Deborah Nadal,A5050316572,alias,,round4_semtie,30
4146,Marta Dominguez Diaz,A5013158824,exact,I202963720,round2_inst,54
4149,Macarena Garcia González,A5079053390,exact,,round4_semtie,43
4150,Carna Brkovic,A5019346720,alias,I197323543,round2_inst,54
4153,Elise Pape,A5034621661,alias,I90669466,round2_inst,83
4155,Minh Nguyen,A5050267995,alias,,round4_semtie,587
4156,Jaroslav Švelch,A5037686951,alias,I21250087,round2_inst,43
4157,Tamara Bjažić Klarin,A5029718785,alias,I4210097228,round2_inst,68
4159,Laura Feldt,A5067181030,exact,,round4_semtie,93
4160,Martin Fotta,A5089934882,alias,I4210108156,round2_inst,57
4161,Yafa Shanneik,A5003315566,exact,,round4_semtie,65
4162,Elisabetta Costa,A5085014728,alias,I149213910,round2_inst,58
4164,Martin Biersack,A5089542934,alias,,round4_semtie,53
4165,Steffen Martin Fritz,A5040252235,fuzzy,I1317774081,round3_semantic,387
4166,Nicolas James Laurent Fernando De Warren,A5076386108,fuzzy,I99464096,round3_semantic,159
4167,Zhichao Kathy Yuan,A5110739338,alias,I909854389,round2_inst,63
4168,Per Einar Pettersson Lidbom,A5008323839,fuzzy,I161593684,round3_semantic,37
4169,Yann Bramoullé,A5015186076,alias,I21491767,round2_inst,106
4171,Sabine Erika Stoll,A5014226773,alias,I202697423,round2_inst,132
4173,Evelyn Sharon Ruppert,A5021340448,alias,,round3_semantic,104
4174,Pekka Johannes Hämäläinen,A5043568952,fuzzy,I40120149,round2_inst,140
4175,Sylvia Monika Sasse,A5051342747,fuzzy,I202697423,round2_inst,112
4176,Daniel Li Chen,A5017324980,fuzzy,I4210092408,round3_semantic,196
4177,Jörn Fischer,A5024359289,alias,I113456305,round2_inst,384
4178,Rufin Bernard Edmond Vanrullen,A5078188438,fuzzy,I1294671590,round2_inst,294
4180,Gabi Schierning,A5052587248,exact,,name_unique,120
4181,Joerg Carsten Widmer,A5064963698,fuzzy,I2802499160,round2_inst,376
4182,Adrian Markus Perrig,A5056518136,fuzzy,I35440088,round2_inst,541
4183,Erik Petrus Antonius Maria Bakkers,A5041376320,fuzzy,I98358874,round4_semtie,498
4184,Benoît Ladoux,A5005890720,exact,,name_unique,189
4186,Sofia Ioana Pascu,A5018800747,alias,I51601045,round2_inst,451
4188,Sébastien Claude Hentz,A5070939792,fuzzy,I2738703131,round2_inst,134
4189,Michael Karl Köhl,A5102800988,fuzzy,I135140700,round2_inst,133
4190,Patrice Emmanuel Bertet,A5033073814,fuzzy,I2738703131,round2_inst,156
4192,Todd Alan Ehlers,A5013062960,alias,I8087733,round2_inst,497
4195,Niklas Frederik Beisert,A5003736428,fuzzy,I35440088,round2_inst,98
4196,Jose Maria Martell Berrocal,A5058907584,fuzzy,,round3_semantic,64
4198,Rebecca Jane Miriam Goss,A5073970185,fuzzy,I16835326,round4_maxpapers,103
4201,Tobias Manuel Brixner,A5073962411,fuzzy,,round3_semantic,236
4202,Tony Gilbert Lelievre,A5048560398,fuzzy,I142631665,round2_inst,288
4203,Sharon Elizabeth Marie Ashbrook,A5011998317,alias,I16835326,round2_inst,448
4204,Stephen Taylor Liddle,A5086963679,fuzzy,I28407311,round3_semantic,1084
4206,Christine Marie J. Desmedt,A5049771372,fuzzy,I99464096,round2_inst,534
4207,Charles Agyemang,A5067202010,alias,I2802928900,round4_maxpapers,471
4209,Ana Isabel De Sousa Teixeira,A5058949558,fuzzy,I28166907,round2_inst,84
4210,Edgar Rodrigues Almeida Gomes,A5035043270,fuzzy,I141596103,round2_inst,75
4211,Haico Van Attikum,A5091679060,exact,,name_unique,120
4213,Noam Zelcer,A5047655780,exact,,name_unique,116
4214,Jonathan Lawrence Marchini,A5051043751,fuzzy,I40120149,round4_semtie,216
4215,Felicity Clare Jones,A5036964699,fuzzy,I149899117,round2_inst,58
4217,Marc Antoine Gijsbert Gilles Vooijs,A5079711680,fuzzy,I34352273,round2_inst,163
4218,Tobias Georg Bruno Maria Huber,A5076632645,fuzzy,I4210108711,round2_inst,476
4222,Sonia Noémie Garel,A5053318683,fuzzy,I154526488,round2_inst,81
4223,Rosemary Elizabeth Kiernan,A5002801126,fuzzy,I1294671590,round2_inst,49
4224, ,A5015899892,alias,,round3_semantic,423
4225,Olivier Thomas Hamant,A5014061110,fuzzy,,round3_semantic,223
4226,Ronald Van Rij,A5040007262,alias,I145872427,round4_semtie,148
4227,Michaël Philippe Weber,A5010500477,fuzzy,I1294671590,round4_semtie,118
4229,Eric Pierre Bapteste,A5061336204,fuzzy,I39804081,round2_inst,159
4231,Richard Roland Benton,A5078310984,fuzzy,I97565354,round3_semantic,184
4232, ,A5015899892,alias,,round3_semantic,423
4235,Silvio Olivier Rizzoli,A5061167925,fuzzy,I4210116730,round2_inst,211
4238,Daniel Andreas Huber,A5035303223,fuzzy,I114457229,round4_maxpapers,871
