rid,eu_name,authorid,match_type,host_id
3357,Rachel Mary Brooks,A5054393041,fuzzy,I28290843
1738,Matthias Schott,A5107891762,alias,I197323543
2362,Magnus Rueping,A5071153001,alias,I887968799
1722,Akitaka Ariga,A5102802867,alias,I118564535
483,Tobias Georg Bruno Maria Huber,A5076632645,fuzzy,I4210108711
2854,Christoph Rüdiger Müller,A5024347042,alias,I35440088
591,Karin Shmueli,A5006887531,alias,I45129253
2292,Syuzanna Harutyunyan,A5012293576,alias,I169381384
2917,Elena Martínez Fraiz,A5063850102,alias,I4210147769
1064,Yossi Yovel,A5091110520,alias,I16391192
1004,Henrik Salje,A5086547092,alias,I241749
1331,Kathrin Bringmann,A5089032048,exact,I180923762
2699,Esther Rodriguez-Villegas,A5026574215,exact,I47508984
1829,Shuang Zhang,A5100321581,exact,I79619799
2360,Jeroen Johannes Lambertus Maria Cornelissen,A5048407450,alias,I94624287
3447,Martijn Koster,A5063676883,exact,I913481162
1097,Martin Kaltenpoth,A5059004438,exact,I149899117
2166,Guido Pintacuda,A5061859662,exact,I1294671590
699,Stan Johan Jozef Brouns,A5051219873,alias,I98358874
2709,Coskun Kocabas,A5027504594,exact,I28407311
2605,Massimo Sartori,A5083381101,exact,I94624287
3648,Michel Thiebaut De Schotten,A5024787899,alias,I1294671590
3698,Jonas Ferdinand Obleser,A5071259609,fuzzy,I9341345
1688,Ido Kaminer,A5013737776,exact,I174306211
2943,Alberto Guardone,A5028685995,exact,I93860229
3604,Kamilla Miskowiak,A5044746918,alias,I124055696
995,Susan Johnston,A5083372249,alias,I98677209
2506,Lior Wolf,A5078102229,alias,I16391192
4017,Felix Riede,A5065442345,exact,I204337017
4067,Monika Krisztina Baar,A5051277148,fuzzy,I121797337
521,Alessandro Gozzi,A5072821940,exact,I30771326
481,Jan Cools,A5060184481,alias,I2802017950
1789,Yury Litvinov,A5020045922,alias,I169556180
1118,Lee Hsiang Liow,A5039139093,alias,I184942183
523,Sylvain Rheims,A5018669927,exact,I100532134
2828,Andrea Toma,A5078864453,alias,I30771326
927,Charlotte Anita Ling,A5046960589,fuzzy,I187531555
3065,Andrew James Levan,A5025740124,alias,I145872427
2601,Jan Hasenauer,A5063254041,alias,I135140700
2416,Nicolas Padoy,A5071976104,alias,I68947357
2532,Nir Yosef Ailon,A5033770678,fuzzy,I174306211
321,Mohamed Lamkanfi,A5014558436,alias,I32597200
3070,Herve Bouy,A5014011880,alias,I15057530
1969,Luca De' Medici,A5067762434,alias,I98910050
2120,Stefan Muellegger,A5059816302,alias,I121883995
392,Peter Kühnen,A5022408562,alias,I7877124
1830,Dario Polli,A5039440957,alias,I93860229
2086,Gareth Parkinson,A5041603922,alias,I145847075
3768,Susana Viegas,A5017077513,exact,I83558840
853,Peter Boor,A5049305761,exact,I4210120689
865,Timo Johannes Laaksonen,A5004833492,alias,I133731052
222,Sarah Amalia Polonius-Teichmann,A5028596003,fuzzy,I2802476451
2921,Dongsheng Wen,A5070857673,alias,I130828816
2764,Mustafa Onses,A5073160454,alias,I87673952
3651,John Robert Gareth Williams,A5002313174,alias,I130828816
2589,David Phillips,A5040378209,fuzzy,I23923803
2527,Ely Porat,A5049614530,alias,I13955877
1533,Riikka Tiivi Mariisa Rinnan,A5046186806,fuzzy,I124055696
2428,Frank Hutter,A5031002895,exact,I161046081
2616,Nir Bar-Gill,A5026599520,alias,I197251160
1144,Andreas Helmut Hejnol,A5017859842,fuzzy,I4432739
1800,Gary Alexander Steele,A5042843637,alias,I98358874
2847,Kirsi Mikkonen,A5090505827,alias,I133731052
1371,Francis Clément Sais Brown,A5057969937,fuzzy,I40120149
2165,Joachim Dzubiella,A5070790975,alias,I161046081
1861,Michael Knap,A5020137286,alias,I62916508
3056,Avishay Gal-Yam,A5053406766,alias,I53964585
2690,Petros Elia,A5015066458,alias,I1902872
3030,Peter Hilding Johansson,A5032012858,alias,I133731052
1719,Frank Tackmann,A5070951603,alias,I2801876189
912,Julien Jean-Charles Nicolas,A5001640643,fuzzy,I1294671590
3873,Jari Pekka Kaukua,A5027509173,fuzzy,I94722563
2817,Jose Adam,A5043970680,alias,I60053951
1953,Ivan Guilhem Daniel Favero,A5105890259,fuzzy,I1294671590
2084,Koen Vandewal,A5009368260,alias,I878454856
1762,Pasquale Calabrese,A5076249507,exact,I138549579
200,Amos Tanay,A5083312685,alias,I53964585
73,Anja Groth,A5076432360,alias,I124055696
163,Joseph Marsh,A5002238592,alias,I98677209
2768,Michele Conti,A5069653622,alias,I25217355
1298,Jack Thorne,A5050562069,alias,I241749
1359,Mikko Salo,A5078087086,alias,I94722563
930,Unnur Valdimarsdóttir,A5010145550,exact,I165368041
2243,Mark Crimmin,A5034836508,alias,I47508984
4121,Willem Boterman,A5034751621,alias,I887064364
1532,Appy Sluijs,A5039737037,exact,I193662353
4138,Daniela Cristina Antelmi Pigosso,A5000390576,alias,I96673099
564,Susanne Schreiber,A5067638731,exact,I39343248
3683,Bence Gyorgy Nanay,A5013703767,fuzzy,I149213910
3324,Carsten Jensen,A5065496081,alias,I204337017
2558,Vladimir Kolmogorov,A5021390142,alias,I157556583
89,Irina Gutsche,A5067733403,exact,I1294671590
428,George Vassiliou,A5024724352,alias,I241749
2094,Artem Mishchenko,A5081648095,exact,I28407311
1840,Fatih Ömer İlday,A5070012075,alias,I168864056
3623,Alejandrina Cristia,A5106034314,exact,I1294671590
3996,Philipp Stockhammer,A5065087354,alias,I8204097
2875,Marc Pera Titus,A5070971453,exact,I79510175
863,Lena Maier-Hein,A5023493127,exact,I17937529
997,Emily Mitchell,A5114105900,alias,I241749
1013,Tamir Klein,A5050473052,alias,I53964585
3155,Vasco Miguel Pereira Marques De Carvalho,A5037879038,fuzzy,I241749
2730,Ozgur B. Akan,A5042130660,alias,I241749
1409,Martin Burger,A5069220813,exact,I181369854
1753,Mustapha Laatiaoui,A5104470432,alias,I197323543
1714,Magdalena Kowalska,A5102959889,alias,I67311998
1234,Fernando López Gallego,A5033368136,exact,I4210087187
2377,Marco Guarnieri,A5069694679,exact,I4210162154
3709,Robert Klassen,A5071058104,alias,I52099693
260,Jean-Léon Maître,A5032567633,exact,I1294671590
885,Niccolo Bolli,A5051626849,alias,I189158943
2578,Mehul Malik,A5016870304,exact,I32062511
2315,Christian Adam Olsen,A5041984050,alias,I124055696
2127,Ville-Veikko Telkki,A5005498732,alias,I98381234
1890,Péter Makk,A5008130947,alias,I29770179
2902,Guillaume Loïc Haiat,A5103909616,fuzzy,I1294671590
1249,Christine Ruth Faulkner,A5018025372,fuzzy,I100288624
2289,Ismael Díez Pérez,A5066871664,exact,I183935753
1653,Savvas Zafeiropoulos,A5015748226,alias,I1294671590
1903,Pablo Alonso Gonzalez,A5078591848,alias,I165339363
41,Ralf Jungmann,A5052548866,exact,I8204097
3034,Alexis Rouillard,A5019228628,alias,I1294671590
1373,Colin Alfred Guillarmou,A5058506941,fuzzy,I1294671590
3218,Yann Bramoullé,A5015186076,alias,I21491767
3802,Anna Papaeti,A5031110912,alias,I4210127711
3746,Eva Von Contzen,A5001710677,alias,I161046081
3659,Judit Gervain,A5065300194,alias,I138689650
2871,Dennis Michael Kochmann,A5083881460,fuzzy,I35440088
3676,Christian Fritz Andreas Doeller,A5041330412,fuzzy,I204778367
9,Thomas Sharp,A5085976588,alias,I36234482
547,Benjamin Judkewitz,A5070498168,alias,I7877124
216,Alexander Stark,A5052020232,exact,I195525897
3290,Marcus Collier,A5041902167,alias,I205274468
4078,Cristina Dondi,A5019052700,alias,I40120149
4025,M'Hamed Oualdi,A5043934762,alias,I205092303
3484,Irena Kogan,A5082684875,exact,I177802217
2534,Krzysztof Zbigniew Pietrzak,A5103200276,fuzzy,I157556583
638,Rosa Cossart,A5030120520,alias,I154526488
3612,Joshua Tybur,A5066329079,alias,I865915315
411,Jacob Fog Bentzon,A5001564519,alias,I204337017
1046,Petr Keil,A5104087926,alias,I205984670
875,Hugo Aerts,A5001452511,alias,I34352273
554,Sonja Vernes,A5085492585,alias,I16835326
76,Rouslan Efremov,A5032702918,alias,I2802017950
828,Eleni Tomazou,A5072020303,alias,I4388891777
668,Christoph Schneider,A5076104710,alias,I202697423
3760,Matteo Pasquinelli,A5085389494,alias,I149461666
1142,Jonathan Paul Bollback,A5049997602,fuzzy,I146655781
3988,Cristiano Nicosia,A5091135125,alias,I138689650
3834,Markus Messling,A5028233749,alias,I91712215
2954,Philip Bull,A5019247098,exact,I28407311
1185,Guillaume Lobet,A5023803941,alias,I95674353
1937,Wiebke Drenckhan-Andreatta,A5058252309,alias,I1294671590
2486,Damien Woods,A5029275026,alias,I157286207
556,Luca Bonini,A5040229416,alias,I124601658
1027,Aaron Vogan,A5008616285,alias,I123387679
3462,Ana Cristina Santos,A5064304942,exact,I4392738281
2907,Guillermo Jose Rein,A5108532508,fuzzy,I47508984
3941,Wei Chu,A5101906116,alias,I121797337
4125,Aida Cuni Sanchez,A5024498161,alias,I54108979
3280,Andrea Herrmann,A5022652001,alias,I145872427
1171,Zaida Álvarez,A5057679210,exact,I4210147769
959,Hugo Wilhelmus Antonius Maria De Jong,A5111531142,fuzzy,I3018483916
1563,Bas Johannes Henricus Van De Wiel,A5051497306,fuzzy,I98358874
146,Fran Supek,A5025364437,alias,I124055696
3824,Gascia Ouzounian,A5077721733,alias,I40120149
297,Pedro Nuno Chaves Simoes De Carvalho,A5077706232,fuzzy,I40120149
405,Jorge Alegre-Cebollada,A5032009344,alias,I2809107791
2719,Sebastian Sager,A5046168027,alias,I95793202
2620,Carlos Alonso Ramos,A5100674807,fuzzy,I1294671590
2419,Anthony Lin,A5034129725,alias,I153267046
3386,Vinh-Kim Nguyen,A5108899191,exact,I951315
3733,Michael Stuart,A5059040782,alias,I52099693
2224,Thomas Hermans,A5091560495,alias,I2802543619
3318,Eoin Carolan,A5022887881,exact,I100930933
2266,Sander Izaak Van Kasteren,A5110196902,fuzzy,I121797337
2943,Alberto Guardone,A5108153962,exact,I93860229
4130,Eva Kassens-Noor,A5002371660,alias,I31512782
1894,David Zwicker,A5065588007,alias,I149899117
3942,Yair Furstenberg,A5071496026,exact,I197251160
3069,Sarah Louise Bridle,A5104455209,fuzzy,I28407311
4046,Maria Fusaro,A5102471918,alias,I23923803
3368,Phillip Hellwege,A5034364757,alias,I179225836
817,Wessel Ganzevoort,A5005195003,alias,I911458345
2601,Jan Hasenauer,A5016124637,exact,I135140700
192,Stein Luc Aerts,A5002137087,fuzzy,I2802017950
2029,Jian Cui,A5009180435,exact,I3018134672
2164,Jianting Ye,A5055829039,exact,I169381384
3784,Juliane Noth,A5019752030,alias,I75951250
3039,Hans Kristian Eriksen,A5105096654,alias,I184942183
3024,Ingunn Kathrine Wehus,A5024157471,fuzzy,I184942183
1651,Bruno Bertini,A5053950593,alias,I79619799
2444,Robert Wille,A5049470087,alias,I62916508
955,Vincent Wilfred Vishal-Kapoor Jaddoe,A5103392234,fuzzy,I2801952686
137,Minna Kaikkonen-Määttä,A5015361259,alias,I175532246
2283,Maksym Kovalenko,A5111295188,fuzzy,I35440088
1841,Silvia Pascoli,A5083437341,exact,I190082696
3780,Banu Karaca,A5107650046,exact,I4392738182
967,Craig Morgan,A5104050016,fuzzy,I183935753
3214,Per Einar Pettersson Lidbom,A5009152026,fuzzy,I161593684
2245,Joseph Moran,A5090399192,alias,I4210143995
2351,Sebastien Perrier,A5105457154,alias,I39555362
2114,Hans Jakob Wörner,A5102685236,exact,I35440088
200,Amos Tanay,A5098855457,alias,I53964585
526,Tomohisa Toda,A5103264007,exact,I181369854
2088,Oren Tal,A5009968641,alias,I53964585
4064,Caroline An H Waerzeggers,A5003075197,fuzzy,I121797337
1479,Matti Rissanen,A5108265186,alias,I166825849
827,Ritse Mann,A5039912064,fuzzy,I2802934949
705,Noam Stern-Ginossar,A5112538893,alias,I53964585
3891,Gesine Ulrike Müller,A5093527843,fuzzy,I180923762
768,Federico Mingozzi,A5112323088,exact,I4210127167
1239,Cecilia Maria Sahlgren,A5071993102,fuzzy,I130217899
3884,Christophe Florian Erismann,A5020439388,fuzzy,I129774422
1634,Matthew Baker,A5051405385,alias,I34352273
4027,Giulia Giannini,A5106513059,exact,I189158943
2994,Christian Moestl,A5110645754,alias,I4387154425
2140,Jerome Wenger,A5107861039,exact,I1294671590
2267,Elena Goun,A5103258316,exact,I4392738145
3386,Vinh-Kim Nguyen,A5111263485,alias,I951315
388,Ruth Scherz-Shouval,A5084893718,alias,I53964585
4055,Stefano Benazzi,A5018599146,alias,I9360294
3386,Vinh-Kim Nguyen,A5112727221,alias,I951315
1722,Akitaka Ariga,A5020028119,alias,I118564535
1999,Andrew James Ferguson,A5023302612,fuzzy,I241749
740,Marc Schmidt-Supprian,A5018917875,alias,I2802619606
3802,Anna Papaeti,A5051209881,alias,I4210127711
2362,Magnus Rueping,A5071153001,exact,I887968799
4218,Tobias Georg Bruno Maria Huber,A5076632645,fuzzy,I4210108711
591,Karin Shmueli,A5006887531,exact,I45129253
1004,Henrik Salje,A5086547092,exact,I241749
1331,Kathrin Bringmann,A5089032048,alias,I180923762
2699,Esther Rodriguez-Villegas,A5026574215,alias,I47508984
1829,Shuang Zhang,A5100321581,alias,I79619799
1097,Martin Kaltenpoth,A5059004438,alias,I149899117
2166,Guido Pintacuda,A5061859662,alias,I1294671590
2709,Coskun Kocabas,A5027504594,alias,I28407311
2605,Massimo Sartori,A5083381101,alias,I94624287
3648,Michel Thiebaut De Schotten,A5024787899,exact,I1294671590
1688,Ido Kaminer,A5013737776,alias,I174306211
2943,Alberto Guardone,A5028685995,alias,I93860229
2506,Lior Wolf,A5078102229,exact,I16391192
4017,Felix Riede,A5065442345,alias,I204337017
521,Alessandro Gozzi,A5072821940,alias,I30771326
481,Jan Cools,A5060184481,exact,I2802017950
1118,Lee Hsiang Liow,A5039139093,exact,I184942183
523,Sylvain Rheims,A5018669927,alias,I100532134
2828,Andrea Toma,A5078864453,exact,I30771326
2601,Jan Hasenauer,A5063254041,exact,I135140700
2416,Nicolas Padoy,A5071976104,exact,I68947357
321,Mohamed Lamkanfi,A5014558436,exact,I32597200
392,Peter Kühnen,A5022408562,exact,I7877124
1830,Dario Polli,A5039440957,exact,I93860229
3768,Susana Viegas,A5017077513,alias,I83558840
853,Peter Boor,A5049305761,alias,I4210120689
2921,Dongsheng Wen,A5070857673,exact,I130828816
2527,Ely Porat,A5049614530,exact,I13955877
2428,Frank Hutter,A5031002895,alias,I161046081
2616,Nir Bar-Gill,A5026599520,exact,I197251160
2165,Joachim Dzubiella,A5070790975,exact,I161046081
1861,Michael Knap,A5020137286,exact,I62916508
2690,Petros Elia,A5015066458,exact,I1902872
2084,Koen Vandewal,A5009368260,exact,I878454856
1762,Pasquale Calabrese,A5076249507,alias,I138549579
200,Amos Tanay,A5083312685,exact,I53964585
73,Anja Groth,A5076432360,exact,I124055696
2768,Michele Conti,A5069653622,exact,I25217355
1359,Mikko Salo,A5078087086,exact,I94722563
930,Unnur Valdimarsdóttir,A5010145550,alias,I165368041
4121,Willem Boterman,A5034751621,exact,I887064364
1532,Appy Sluijs,A5039737037,alias,I193662353
564,Susanne Schreiber,A5067638731,alias,I39343248
3324,Carsten Jensen,A5065496081,exact,I204337017
2558,Vladimir Kolmogorov,A5021390142,exact,I157556583
89,Irina Gutsche,A5067733403,alias,I1294671590
2094,Artem Mishchenko,A5081648095,alias,I28407311
3623,Alejandrina Cristia,A5106034314,alias,I1294671590
2875,Marc Pera Titus,A5070971453,alias,I79510175
863,Lena Maier-Hein,A5023493127,alias,I17937529
997,Emily Mitchell,A5114105900,exact,I241749
1013,Tamir Klein,A5050473052,exact,I53964585
2730,Ozgur B. Akan,A5042130660,exact,I241749
1409,Martin Burger,A5069220813,alias,I181369854
1234,Fernando López Gallego,A5033368136,alias,I4210087187
2377,Marco Guarnieri,A5069694679,alias,I4210162154
260,Jean-Léon Maître,A5032567633,alias,I1294671590
885,Niccolo Bolli,A5051626849,exact,I189158943
2578,Mehul Malik,A5016870304,alias,I32062511
2127,Ville-Veikko Telkki,A5005498732,exact,I98381234
1890,Péter Makk,A5008130947,exact,I29770179
2289,Ismael Díez Pérez,A5066871664,alias,I183935753
1653,Savvas Zafeiropoulos,A5015748226,exact,I1294671590
1903,Pablo Alonso Gonzalez,A5078591848,exact,I165339363
41,Ralf Jungmann,A5052548866,alias,I8204097
4169,Yann Bramoullé,A5015186076,alias,I21491767
3802,Anna Papaeti,A5031110912,exact,I4210127711
3746,Eva Von Contzen,A5001710677,exact,I161046081
3659,Judit Gervain,A5065300194,exact,I138689650
547,Benjamin Judkewitz,A5070498168,exact,I7877124
216,Alexander Stark,A5052020232,alias,I195525897
3290,Marcus Collier,A5041902167,exact,I205274468
4078,Cristina Dondi,A5019052700,exact,I40120149
3484,Irena Kogan,A5082684875,alias,I177802217
638,Rosa Cossart,A5030120520,exact,I154526488
668,Christoph Schneider,A5076104710,exact,I202697423
3760,Matteo Pasquinelli,A5085389494,exact,I149461666
3988,Cristiano Nicosia,A5091135125,exact,I138689650
2954,Philip Bull,A5019247098,alias,I28407311
1185,Guillaume Lobet,A5023803941,exact,I95674353
2486,Damien Woods,A5029275026,exact,I157286207
556,Luca Bonini,A5040229416,exact,I124601658
3462,Ana Cristina Santos,A5064304942,alias,I4392738281
3941,Wei Chu,A5101906116,exact,I121797337
4125,Aida Cuni Sanchez,A5024498161,exact,I54108979
3280,Andrea Herrmann,A5022652001,exact,I145872427
1171,Zaida Álvarez,A5057679210,alias,I4210147769
146,Fran Supek,A5025364437,exact,I124055696
3824,Gascia Ouzounian,A5077721733,exact,I40120149
3386,Vinh-Kim Nguyen,A5108899191,alias,I951315
3318,Eoin Carolan,A5022887881,alias,I100930933
2943,Alberto Guardone,A5108153962,alias,I93860229
1894,David Zwicker,A5065588007,exact,I149899117
3942,Yair Furstenberg,A5071496026,alias,I197251160
4046,Maria Fusaro,A5102471918,exact,I23923803
3368,Phillip Hellwege,A5034364757,exact,I179225836
817,Wessel Ganzevoort,A5005195003,exact,I911458345
2601,Jan Hasenauer,A5016124637,alias,I135140700
2029,Jian Cui,A5009180435,alias,I3018134672
2164,Jianting Ye,A5055829039,alias,I169381384
3784,Juliane Noth,A5019752030,exact,I75951250
1651,Bruno Bertini,A5053950593,exact,I79619799
137,Minna Kaikkonen-Määttä,A5015361259,exact,I175532246
1841,Silvia Pascoli,A5083437341,alias,I190082696
3780,Banu Karaca,A5107650046,alias,I4392738182
4168,Per Einar Pettersson Lidbom,A5009152026,fuzzy,I161593684
2245,Joseph Moran,A5090399192,exact,I4210143995
2114,Hans Jakob Wörner,A5102685236,alias,I35440088
200,Amos Tanay,A5098855457,exact,I53964585
526,Tomohisa Toda,A5103264007,alias,I181369854
670,Noam Stern-Ginossar,A5112538893,exact,I53964585
768,Federico Mingozzi,A5112323088,alias,I4210127167
4027,Giulia Giannini,A5106513059,alias,I189158943
2994,Christian Moestl,A5110645754,exact,I4387154425
2140,Jerome Wenger,A5107861039,alias,I1294671590
2267,Elena Goun,A5103258316,alias,I4392738145
3386,Vinh-Kim Nguyen,A5111263485,exact,I951315
388,Ruth Scherz-Shouval,A5084893718,exact,I53964585
4055,Stefano Benazzi,A5018599146,exact,I9360294
3386,Vinh-Kim Nguyen,A5112727221,exact,I951315
1722,Akitaka Ariga,A5020028119,exact,I118564535
740,Marc Schmidt-Supprian,A5018917875,exact,I2802619606
3802,Anna Papaeti,A5051209881,exact,I4210127711
3218,Yann Bramoullé,A5015186076,exact,I21491767
705,Noam Stern-Ginossar,A5112538893,exact,I53964585
4169,Yann Bramoullé,A5015186076,exact,I21491767
670,Noam Stern-Ginossar,A5112538893,alias,I53964585
1821,Lucio Cerrito,A5007925027,alias,I116067653
2160,Véronique Van Speybroeck,A5071451863,alias,I32597200
2128,Alexandre Tkatchenko,A5026929463,exact,I186903577
1487,Yan Lavallée,A5059881705,alias,I8204097
463,Rami Aqeilan,A5021249524,alias,I197251160
1976,Rosalind Allen,A5030956076,alias,I98677209
400,Omry Koren,A5018377158,exact,I13955877
2672,Alexandre Aubry,A5038543649,alias,I1294671590
584,Tim Vogels,A5085417824,alias,I157556583
2556,Yee Whye Teh,A5064373793,exact,I40120149
2174,Sharon Elizabeth Marie Ashbrook,A5011998317,alias,I16835326
2562,Yehuda Lindell,A5033036383,alias,I13955877
2488,Matteo Maffei,A5059351004,exact,I145847075
3313,Harriet Hawkins,A5004391156,exact,I184558857
3629,Alexander Schütz,A5053733727,alias,I161103922
2504,David Atienza Alonso,A5074236306,alias,I5124864
3663,Karin Roelofs,A5087340678,alias,I145872427
2812,Baptiste Sirjean,A5025630197,alias,I1294671590
900,Björn Erik Ake Nilsson,A5082274946,fuzzy,I187531555
1418,Velle Toll,A5046636343,alias,I56085075
2026,Chih-Jen Shih,A5084655324,alias,I35440088
2247,Henry Dube,A5042562320,alias,I181369854
2759,Xiaodong Liang,A5063637646,alias,I96673099
787,Marc Vaudel,A5037607788,alias,I4432739
2819,Gerasimos Konstantatos,A5000051253,exact,I179630473
903,Jan Herman Veldink,A5069816083,alias,I3018483916
1066,Fredrik Jutfelt,A5005103518,exact,I204778367
3687,Kenneth Smith,A5020926211,alias,I98677209
3295,Tobias Kuemmerle,A5060331729,alias,I39343248
3140,Janne Tukiainen,A5057106966,alias,I155660961
3316,Stefanie Walter,A5004723245,exact,I202697423
229,Jonathan Lawrence Marchini,A5051043751,fuzzy,I40120149
962,Caroline Klaver,A5029529953,alias,I2801952686
1339,Alberto Enciso,A5021895389,alias,I134820265
3939,Lasse Vilien Sørensen,A5056770044,alias,I4210142438
2563,Michal Koucky,A5079600090,exact,I21250087
3334,Giuliano Di Baldassarre,A5050776780,exact,I123387679
2706,Kulah Haluk,A5045177705,alias,I201799495
1643,Sedat Nizamoglu,A5009830839,exact,I1351752
1228,Henning Jacob Jessen,A5030496315,alias,I161046081
339,Lars Jansen,A5076348351,alias,I40120149
684,Benedikt Kaufer,A5081629994,alias,I75951250
2743,Olga Fink,A5079637160,exact,I5124864
3523,Marc Anton Luy,A5090508615,fuzzy,I138211613
2920,Víctor Antonio De La Peña O'Shea,A5084324626,alias,I4210085895
453,Florian Christoph Bassermann,A5059538708,fuzzy,I2802619606
2145,Dan Oron,A5046587873,alias,I53964585
2622,Stelios Timotheou,A5024136638,exact,I34771391
1068,Mederic Diard,A5103264008,exact,I1850255
3473,Maria Melchior,A5020661226,alias,I154526488
355,Carolina Hagberg,A5006562733,alias,I28166907
2071,Tom De Greef,A5054155955,alias,I83019370
2909,Bastian Joachim Max Etzold,A5025897477,fuzzy,I31512782
3074,Arjen Van Der Wel,A5082408263,exact,I32597200
645,Julie Perroy,A5033599123,alias,I1294671590
659,Thomas Mrsic-Flogel,A5057225739,alias,I45129253
2829,Agnese Seminara,A5079450620,alias,I83816512
1732,John Travers,A5057189106,alias,I32062511
2365,Stephen Taylor Liddle,A5086963679,fuzzy,I28407311
1518,Michael Sigl,A5023875272,alias,I118564535
311,Michael Karl Sixt,A5015575955,fuzzy,I157556583
1357,Siddhartha Mishra,A5101961582,alias,I35440088
376,Rebekka Schneider-Kramann,A5073561254,alias,I4210120689
1531,Karine Sellegri,A5028858445,exact,I1294671590
2722,Nicolae Coriolan Panoiu,A5028081652,alias,I45129253
2207,Diego Marcelo Andrada,A5039534982,alias,I91712215
3100,Mark Sullivan,A5091372096,alias,I43439940
1134,Andrew Neil Radford,A5059329761,fuzzy,I36234482
3156,Paolo Pinotti,A5063890448,exact,I71209653
221,Francesca Demichelis,A5070658179,alias,I193223587
1155,Duncan T Odom,A5056137343,fuzzy,I241749
2144,Rolf Erni,A5037189873,exact,I71824836
2108,Philipp Kukura,A5025711177,alias,I40120149
3927,Viktoria Von Hoffmann,A5040136128,exact,I157674565
2531,Stefan Mangard,A5015437576,alias,I4092182
677,Florian Schmidt,A5053586448,alias,I2799391451
2773,Gaetano Sardina,A5045406003,exact,I66862912
3373,Sara Binzer Hobolt,A5070013933,alias,I909854389
2201,Guillaume Lefèvre,A5021299818,exact,I1294671590
3702,Martine Robbeets,A5009459959,alias,I149899117
3294,Chinwe Ijeoma Ifejika Speranza,A5004736369,fuzzy,I118564535
2405,Carola Doerr,A5040561209,exact,I1294671590
435,Bart Leo Loeys,A5042051309,fuzzy,I149213910
2266,Sander Izaak Van Kasteren,A5110607137,alias,I121797337
1723,Evgeny Skvortsov,A5012434393,exact,I130929987
3673,Christian Carl Ruff,A5043120916,alias,I202697423
3509,Lucie Dale Cluver,A5108122223,fuzzy,I40120149
1230,Anna Rising,A5064378135,alias,I28166907
1764,Ronald Hanson,A5080823740,exact,I98358874
956,Shy Shoham,A5028417315,exact,I174306211
2282,Thibault Cantat,A5105981674,alias,I2738703131
1411,Tony Gilbert Lelievre,A5048560398,fuzzy,I142631665
3340,Oksana Mont,A5045512462,alias,I187531555
1413,Stefaan Vaes,A5090311858,exact,I99464096
3689,Louise Mary Connell,A5003814468,fuzzy,I157286207
1878,Chase Broedersz,A5086345793,alias,I865915315
3144,Ghazala Azmat,A5087433849,exact,I205092303
1477,Alida Timar-Gabor,A5104083460,alias,I3125347698
293,Julien Dumont,A5002172208,alias,I1294671590
658,Silvio Olivier Rizzoli,A5061167925,fuzzy,I4210116730
4063,Ludovic Antoine Alexandre Orlando,A5032664670,alias,I1294671590
690,Lars Dölken,A5069299747,alias,I34809795
1979,Michael Le Bars,A5010885870,alias,I1294671590
648,Thomas Misgeld,A5068651418,exact,I62916508
1995,Claire Wilhelm,A5034456156,alias,I204730241
2090,Claire Wilhelm,A5034456156,alias,I1294671590
3562,Marie Lallier,A5033180394,alias,I4210104355
2884,Samuel Charles Georges Marre,A5014365722,fuzzy,I1294671590
175,Emmanuel Doram Levy,A5041977335,fuzzy,I53964585
3976,Jarosław Wilczynski,A5090156352,exact,I4210166460
3481,Sander Thomaes,A5069445706,alias,I193662353
1129,Kirsten Bomblies,A5064593721,exact,I35440088
3744,Enrique Jiménez,A5016395945,alias,I8204097
3374,Claes Holger De Vreese,A5111362733,fuzzy,I887064364
2150,Thorsten Hugel,A5061061667,exact,I161046081
1977,Paul Andrew Goddard,A5076416474,fuzzy,I39555362
2893,Erik Bitzek,A5063333508,exact,I4210106926
1447,Martin Schiller,A5050832722,alias,I124055696
2675,Heinz Koeppl,A5070544702,alias,I31512782
622,Nachum Ulanovsky,A5086304017,alias,I53964585
1494,Erin Louise Mcclymont,A5026762714,alias,I190082696
3985,David Zbíral,A5045121768,exact,I21449261
427,Roland Rad,A5082231210,exact,I2802619606
3049,Jean-Luc Lehners,A5066916947,exact,I149899117
48,Sergi Padilla-Parra,A5024498144,alias,I183935753
613,James Francis Alexander Poulet,A5079409586,fuzzy,I205582932
266,Ulrika Marklund,A5087519517,alias,I28166907
517,Yarden Cohen,A5052765012,exact,I53964585
2223,François Guérard,A5013200742,exact,I1294671590
3835,Koen De Temmerman,A5053621288,exact,I32597200
3408,Orhan Agirdag,A5035605779,alias,I99464096
151,Tuuli Lappalainen,A5064165945,exact,I86987016
1471,Sophie Bonnet,A5083944985,exact,I4210166444
2949,Blake Sherwin,A5105473526,alias,I241749
3869,Dirk Klaas Wilbert Van Miert,A5012631271,fuzzy,I193662353
3339,Kaius Tapani Tuori,A5046171527,alias,I133731052
301,Emmanuelle Maria Françoise Bayer,A5030122402,fuzzy,I1294671590
2777,Michael Monaghan,A5016008892,alias,I205274468
1130,Judith Elizabeth Mank,A5065185968,alias,I23923803
2998,Akira Endo,A5029659497,exact,I98358874
1169,Randall Platt,A5006938194,alias,I35440088
1151,Hanna Sofia Johannesson,A5037253165,fuzzy,I123387679
974,Nico Luc Marc Callewaert,A5015811382,fuzzy,I2802017950
713,Anat Herskovits,A5052845459,alias,I16391192
404,Guillaume Canaud,A5042298336,exact,I204730241
833,Fernando Calvo,A5047820703,alias,I134820265
259,Matthias Johannes Feige,A5079981447,alias,I62916508
2341,Julio Lloret Fillol,A5013865355,exact,I4210088955
2957,Nozair Ashraf Khawaja,A5047479579,alias,I75951250
30,Elodie Laine,A5076453514,alias,I39804081
650,Richard Roland Benton,A5104706685,fuzzy,I97565354
3033,Geoffroy Lesur,A5089298782,alias,I1294671590
3391,Aouatef Amade M'Charek,A5044269922,alias,I887064364
3514,Camille Georges Régis Roth,A5032110850,fuzzy,I1294671590
1981,Fernando Moreno-Herrero,A5018736467,exact,I134820265
1857,Anupam Sengupta,A5070447077,alias,I186903577
2484,Guy Rothblum,A5057788395,alias,I53964585
1685,Erez Zohar,A5001091267,exact,I16391192
197,Jerome Dejardin,A5017662368,exact,I154526488
2114,Hans Jakob Wörner,A5028381459,alias,I35440088
2657,Conor Mow-Lowry,A5087247789,alias,I865915315
1721,Robert Tohru Koenig,A5110721810,fuzzy,I62916508
2546,Anna-Leena Korhonen,A5108840344,fuzzy,I241749
936,"Christophe John,Willy Moreau",A5088460898,fuzzy,I1294671590
1054,Amelia-Elena Rotaru,A5050995136,exact,I177969490
3768,Susana Viegas,A5025252638,alias,I83558840
1835,Giulia Zanderighi,A5087557958,exact,I67311998
2931,Darrell Alec Patterson,A5036808066,exact,I51601045
1157,Felicity Clare Jones,A5036964699,fuzzy,I149899117
1416,Donato Giovannelli,A5050234558,alias,I71267560
2396,Gerhard Neumann,A5110467801,exact,I102335020
3894,Alexander John Marr,A5003689420,fuzzy,I241749
1470,Alexander Robinson,A5083919011,exact,I127251866
3397,Jaron Harambam,A5052722218,alias,I887064364
2744,Slawomir Porada,A5023448469,alias,I11923345
2977,Izaskun Jiménez-Serra,A5083920844,alias,I134820265
2911,Francois Courvoisier,A5021255066,exact,I1294671590
3278,Maria Malksoo,A5029193606,alias,I124055696
1346,Pierre Berger,A5030919165,exact,I1294671590
1740,Francesco Benini,A5097877650,alias,I138549579
229,Jonathan Lawrence Marchini,A5105365411,fuzzy,I40120149
1423,Eva Stueeken,A5038696331,alias,I16835326
2437,Georg Martius,A5001474340,exact,I8087733
3785,Inge Hinterwaldner,A5047963768,exact,I102335020
1217,Daniela Loessner,A5007482524,alias,I4210111834
3084,Catherine Elizabeth Cox Heymans,A5105619532,fuzzy,I98677209
2212,Fabian Pfrengle,A5020693561,exact,I92869138
1107,Dominic Wright,A5068690309,alias,I102134673
1627,Justin Zoppe,A5050775278,alias,I9617848
2452,Torsten Hoefler,A5035649184,exact,I35440088
655,Rui Manuel Marques Fernandes Da Costa,A5106131989,fuzzy,I113358080
1156,John Leo Quinn,A5061510230,fuzzy,I181231927
3743,Victor Gysembergh,A5087068413,alias,I1294671590
49,Orsolya Barabas,A5018719528,alias,I114457229
3795,Uri Gabbay,A5051066034,alias,I197251160
1294,Christian Webb,A5059014160,exact,I133731052
3386,Vinh-Kim Nguyen,A5108697247,exact,I951315
3152,Eduardo Perez,A5073946143,exact,I205092303
394,Louis Vermeulen,A5043831964,alias,I911458345
1052,Isabel Almudi,A5082959910,exact,I71999127
3843,Winfried Rudolf,A5048113968,alias,I74656192
4176,Daniel Li Chen,A5062328417,fuzzy,I4210092408
2847,Kirsi Mikkonen,A5079095012,alias,I133731052
2363,Martin Albrecht,A5066696423,alias,I118564535
3574,Siri Leknes,A5082617490,alias,I184942183
563,Ana Joao Gomes Rodrigues,A5065397933,fuzzy,I99682543
294,Ari Pekka Mähönen,A5011840407,alias,I133731052
836,Rachela Popovtzer,A5113367793,alias,I13955877
941,Henrik Zetterberg,A5110795268,alias,I881427289
418,Matthew Campbell,A5045438390,alias,I205274468
68,Thomas Arnesen,A5020100254,alias,I4432739
1344,Vincent Calvez,A5107984160,alias,I1294671590
1017,Matthias Fischer,A5072955190,exact,I149899117
1518,Michael Sigl,A5083174347,alias,I118564535
1022,Alexa Sadier,A5066329869,exact,I1294671590
1417,Tristan Biard,A5001590902,alias,I2802487185
3907,Debjani Bhattacharyya,A5020681699,exact,I202697423
2624,Clara Mihaela Ionescu,A5113990671,alias,I32597200
4144,Iselin Åsedotter Strønen,A5004921925,alias,I4432739
3234,Brian Barry,A5075497189,exact,I205274468
1070,Alexander Sang-Jae Suh,A5029225325,fuzzy,I4387155279
294,Ari Pekka Mähönen,A5106084712,exact,I133731052
2414,Maud Marchal,A5112286999,exact,I28221208
836,Rachela Popovtzer,A5112598084,exact,I13955877
404,Guillaume Canaud,A5103285860,exact,I204730241
415,Simon Holst Bekker-Jensen,A5102146618,fuzzy,I124055696
2814,Ignazio Maria Viola,A5103751380,exact,I98677209
1738,Matthias Schott,A5105239769,alias,I197323543
3545,Melinda Mills,A5106477940,alias,I40120149
2813,Wei Cao,A5064243515,alias,I98381234
3004,Stefan Kraus,A5103018213,alias,I23923803
3550,John Mansfield,A5111750966,alias,I202697423
1082,Thomas Couvreur,A5009560629,alias,I4210166444
2562,Yehuda Lindell,A5110911063,exact,I13955877
3081,Kazuya Koyama,A5103964693,alias,I63072094
3461,Hallvard Moe,A5070237569,exact,I4432739
3629,Alexander Schütz,A5110857976,alias,I161103922
2545,Leonardo Mariani,A5103325532,alias,I189158943
1175,Julián Valero Moreno,A5106859715,fuzzy,I204337017
1602,Xuekun Lu,A5024838764,exact,I166337079
2160,Véronique Van Speybroeck,A5071451863,exact,I32597200
2128,Alexandre Tkatchenko,A5026929463,alias,I186903577
1487,Yan Lavallée,A5059881705,exact,I8204097
400,Omry Koren,A5018377158,alias,I13955877
2672,Alexandre Aubry,A5038543649,exact,I1294671590
2556,Yee Whye Teh,A5064373793,alias,I40120149
4203,Sharon Elizabeth Marie Ashbrook,A5011998317,alias,I16835326
2562,Yehuda Lindell,A5033036383,exact,I13955877
2488,Matteo Maffei,A5059351004,alias,I145847075
3313,Harriet Hawkins,A5004391156,alias,I184558857
3663,Karin Roelofs,A5087340678,exact,I145872427
2812,Baptiste Sirjean,A5025630197,exact,I1294671590
1418,Velle Toll,A5046636343,exact,I56085075
2026,Chih-Jen Shih,A5084655324,exact,I35440088
2247,Henry Dube,A5042562320,exact,I181369854
2759,Xiaodong Liang,A5063637646,exact,I96673099
787,Marc Vaudel,A5037607788,exact,I4432739
2890,Gerasimos Konstantatos,A5000051253,exact,I179630473
1066,Fredrik Jutfelt,A5005103518,alias,I204778367
3295,Tobias Kuemmerle,A5060331729,exact,I39343248
3140,Janne Tukiainen,A5057106966,exact,I155660961
3316,Stefanie Walter,A5004723245,alias,I202697423
4214,Jonathan Lawrence Marchini,A5051043751,fuzzy,I40120149
1339,Alberto Enciso,A5021895389,exact,I134820265
2563,Michal Koucky,A5079600090,alias,I21250087
3334,Giuliano Di Baldassarre,A5050776780,alias,I123387679
1643,Sedat Nizamoglu,A5009830839,alias,I1351752
2743,Olga Fink,A5079637160,alias,I5124864
2145,Dan Oron,A5046587873,exact,I53964585
2622,Stelios Timotheou,A5024136638,alias,I34771391
1068,Mederic Diard,A5103264008,alias,I1850255
3473,Maria Melchior,A5020661226,exact,I154526488
3074,Arjen Van Der Wel,A5082408263,alias,I32597200
645,Julie Perroy,A5033599123,exact,I1294671590
2829,Agnese Seminara,A5079450620,exact,I83816512
4204,Stephen Taylor Liddle,A5086963679,fuzzy,I28407311
1518,Michael Sigl,A5023875272,exact,I118564535
1357,Siddhartha Mishra,A5101961582,exact,I35440088
1531,Karine Sellegri,A5028858445,alias,I1294671590
3156,Paolo Pinotti,A5063890448,alias,I71209653
221,Francesca Demichelis,A5070658179,exact,I193223587
2144,Rolf Erni,A5037189873,alias,I71824836
2108,Philipp Kukura,A5025711177,exact,I40120149
3927,Viktoria Von Hoffmann,A5040136128,alias,I157674565
2531,Stefan Mangard,A5015437576,exact,I4092182
2773,Gaetano Sardina,A5045406003,alias,I66862912
2201,Guillaume Lefèvre,A5021299818,alias,I1294671590
3702,Martine Robbeets,A5009459959,exact,I149899117
2405,Carola Doerr,A5040561209,alias,I1294671590
1230,Anna Rising,A5064378135,exact,I28166907
1764,Ronald Hanson,A5080823740,alias,I98358874
956,Shy Shoham,A5028417315,alias,I174306211
2282,Thibault Cantat,A5105981674,exact,I2738703131
4202,Tony Gilbert Lelievre,A5048560398,fuzzy,I142631665
3340,Oksana Mont,A5045512462,exact,I187531555
1413,Stefaan Vaes,A5090311858,alias,I99464096
3144,Ghazala Azmat,A5087433849,alias,I205092303
293,Julien Dumont,A5002172208,exact,I1294671590
4235,Silvio Olivier Rizzoli,A5061167925,fuzzy,I4210116730
690,Lars Dölken,A5069299747,exact,I34809795
1979,Michael Le Bars,A5010885870,exact,I1294671590
648,Thomas Misgeld,A5068651418,alias,I62916508
1995,Claire Wilhelm,A5034456156,exact,I204730241
2090,Claire Wilhelm,A5034456156,exact,I1294671590
3562,Marie Lallier,A5033180394,exact,I4210104355
3976,Jarosław Wilczynski,A5090156352,alias,I4210166460
3481,Sander Thomaes,A5069445706,exact,I193662353
1129,Kirsten Bomblies,A5064593721,alias,I35440088
3744,Enrique Jiménez,A5016395945,exact,I8204097
2150,Thorsten Hugel,A5061061667,alias,I161046081
2893,Erik Bitzek,A5063333508,alias,I4210106926
1447,Martin Schiller,A5050832722,exact,I124055696
2675,Heinz Koeppl,A5070544702,exact,I31512782
622,Nachum Ulanovsky,A5086304017,exact,I53964585
3985,David Zbíral,A5045121768,alias,I21449261
427,Roland Rad,A5082231210,alias,I2802619606
3049,Jean-Luc Lehners,A5066916947,alias,I149899117
48,Sergi Padilla-Parra,A5024498144,exact,I183935753
266,Ulrika Marklund,A5087519517,exact,I28166907
517,Yarden Cohen,A5052765012,alias,I53964585
2223,François Guérard,A5013200742,alias,I1294671590
3835,Koen De Temmerman,A5053621288,alias,I32597200
151,Tuuli Lappalainen,A5064165945,alias,I86987016
1471,Sophie Bonnet,A5083944985,alias,I4210166444
2998,Akira Endo,A5029659497,alias,I98358874
404,Guillaume Canaud,A5042298336,alias,I204730241
833,Fernando Calvo,A5047820703,exact,I134820265
2341,Julio Lloret Fillol,A5013865355,alias,I4210088955
30,Elodie Laine,A5076453514,exact,I39804081
4231,Richard Roland Benton,A5104706685,fuzzy,I97565354
1981,Fernando Moreno-Herrero,A5018736467,alias,I134820265
1857,Anupam Sengupta,A5070447077,exact,I186903577
1685,Erez Zohar,A5001091267,alias,I16391192
197,Jerome Dejardin,A5017662368,alias,I154526488
2114,Hans Jakob Wörner,A5028381459,exact,I35440088
1054,Amelia-Elena Rotaru,A5050995136,alias,I177969490
3768,Susana Viegas,A5025252638,exact,I83558840
1835,Giulia Zanderighi,A5087557958,alias,I67311998
2931,Darrell Alec Patterson,A5036808066,alias,I51601045
4215,Felicity Clare Jones,A5036964699,fuzzy,I149899117
2396,Gerhard Neumann,A5110467801,alias,I102335020
1470,Alexander Robinson,A5083919011,alias,I127251866
3397,Jaron Harambam,A5052722218,exact,I887064364
2911,Francois Courvoisier,A5021255066,alias,I1294671590
3278,Maria Malksoo,A5029193606,exact,I124055696
1346,Pierre Berger,A5030919165,alias,I1294671590
4214,Jonathan Lawrence Marchini,A5105365411,fuzzy,I40120149
1423,Eva Stueeken,A5038696331,exact,I16835326
2437,Georg Martius,A5001474340,alias,I8087733
1217,Daniela Loessner,A5007482524,exact,I4210111834
2212,Fabian Pfrengle,A5020693561,alias,I92869138
2452,Torsten Hoefler,A5035649184,alias,I35440088
4216,Rui Manuel Marques Fernandes Da Costa,A5106131989,fuzzy,I113358080
3743,Victor Gysembergh,A5087068413,exact,I1294671590
3795,Uri Gabbay,A5051066034,exact,I197251160
1294,Christian Webb,A5059014160,alias,I133731052
3386,Vinh-Kim Nguyen,A5108697247,alias,I951315
3152,Eduardo Perez,A5073946143,alias,I205092303
394,Louis Vermeulen,A5043831964,exact,I911458345
1052,Isabel Almudi,A5082959910,alias,I71999127
3843,Winfried Rudolf,A5048113968,exact,I74656192
3219,Daniel Li Chen,A5062328417,fuzzy,I4210092408
2847,Kirsi Mikkonen,A5079095012,exact,I133731052
3574,Siri Leknes,A5082617490,exact,I184942183
836,Rachela Popovtzer,A5113367793,exact,I13955877
1344,Vincent Calvez,A5107984160,exact,I1294671590
1017,Matthias Fischer,A5072955190,alias,I149899117
1022,Alexa Sadier,A5066329869,alias,I1294671590
1417,Tristan Biard,A5001590902,exact,I2802487185
3907,Debjani Bhattacharyya,A5020681699,alias,I202697423
4144,Iselin Åsedotter Strønen,A5004921925,exact,I4432739
3234,Brian Barry,A5075497189,alias,I205274468
294,Ari Pekka Mähönen,A5106084712,alias,I133731052
2414,Maud Marchal,A5112286999,alias,I28221208
836,Rachela Popovtzer,A5112598084,alias,I13955877
404,Guillaume Canaud,A5103285860,alias,I204730241
2814,Ignazio Maria Viola,A5103751380,alias,I98677209
1738,Matthias Schott,A5105239769,exact,I197323543
3545,Melinda Mills,A5106477940,exact,I40120149
2813,Wei Cao,A5064243515,exact,I98381234
3004,Stefan Kraus,A5103018213,exact,I23923803
2562,Yehuda Lindell,A5110911063,alias,I13955877
3461,Hallvard Moe,A5070237569,alias,I4432739
1602,Xuekun Lu,A5024838764,alias,I166337079
2819,Gerasimos Konstantatos,A5000051253,alias,I179630473
2890,Gerasimos Konstantatos,A5000051253,alias,I179630473
1691,Marco Vignati,A5003396902,alias,I861853513
1761,Maurizio Pierini,A5106315352,alias,I67311998
3643,Ellen Hamaker,A5078661846,alias,I193662353
888,Axel Rainer Schambach,A5054362291,fuzzy,I34809795
4198,Rebecca Jane Miriam Goss,A5073970185,fuzzy,I16835326
548,Tarja Malm,A5000776705,alias,I175532246
3634,Marios Philiastides,A5003661435,alias,I7882870
132,Jeroen De Ridder,A5071483953,exact,I3018483916
605,Simon Hippenmeyer,A5080499335,alias,I157556583
2013,Stephan Erich Reitzenstein,A5076333546,fuzzy,I4577782
3019,Hagai Perets,A5065198365,alias,I174306211
2343,Martin Georg Steinhart,A5042098091,fuzzy,I170658231
2552,Graham Cormode,A5031896681,exact,I39555362
1773,Nicola Poli,A5046684931,alias,I45084792
3681,Marius Vincent Peelen,A5025496546,alias,I145872427
1818,Uriel Levy,A5014032344,alias,I197251160
1084,Katie Field,A5004658874,alias,I91136226
2879,Baptiste Gault,A5086156055,exact,I4210106926
4035,Willemijn Geertje Ruberg,A5038179979,fuzzy,I193662353
2939,Joris Wilfried Maria Cornelius Thybaut,A5002483470,fuzzy,I32597200
2249,Ilja Voets,A5067632981,alias,I83019370
3682,Christopher Summerfield,A5031878516,alias,I40120149
2404,Claudio Orlandi,A5028570693,alias,I204337017
2082,Andreas Dahlin,A5086078070,exact,I66862912
3517,Michelle Kim Ryan,A5102865009,fuzzy,I23923803
1577,Martin Gysel Beer,A5069713424,alias,I2802229908
2507,Rafal Konrad Mantiuk,A5006381834,alias,I241749
879,Jenny Myers,A5064959070,alias,I28407311
2146,Jana Roithova,A5021283178,alias,I145872427
2568,Adrian Markus Perrig,A5056518136,fuzzy,I35440088
4009,Kirsty Penkman,A5019667982,exact,I52099693
1333,Simon Riche,A5005759805,alias,I198244214
1875,Julia Herzen,A5068706792,alias,I62916508
1787,Aleksandra Maria Walczak,A5016850339,fuzzy,I1294671590
3519,Marit Sissel Irene Skivenes,A5056629631,fuzzy,I4432739
2859,Martí Gich,A5081565629,exact,I134820265
281,Yvon Bernard Marie Jaillais,A5032149883,fuzzy,I1294671590
2284,Pol Besenius,A5090589031,alias,I197323543
843,Jan Kirschke,A5003938965,alias,I2802619606
1100,Vladimir Hampl,A5005884080,alias,I21250087
2572,Tomislav Dragicevic,A5078176748,exact,I96673099
1917,Dennis Meier,A5041645777,alias,I204778367
1177,Emma Andersson,A5030754446,exact,I28166907
2007,Mika Antero Sillanpää,A5103183710,fuzzy,I9927081
3279,Luis Simon,A5085626090,alias,I13469542
983,Ronit Satchi-Fainaro,A5061202040,exact,I16391192
2515,Francois-Xavier Leslie A Standaert,A5070542865,fuzzy,I95674353
869,Mathilde Touvier,A5106788643,alias,I154526488
1104,Aoife Mclysaght,A5038985205,alias,I205274468
3412,Harriet Over,A5056830537,exact,I52099693
1539,Daniel Roy Parsons,A5014681028,fuzzy,I191240316
997,Emily Mitchell,A5035554455,exact,I241749
2242,Thomas Magauer,A5062792519,alias,I190249584
2424,Maks Ovsjanikov,A5072368950,exact,I142476485
3929,Huw Groucutt,A5087955542,alias,I197854408
905,Francesca Meteora Buffa,A5075865182,alias,I71209653
549,Frederic Gambino,A5021903452,exact,I1294671590
752,Mark Wilson,A5027257135,alias,I2801081054
780,Ine Lentacker,A5010359444,exact,I32597200
2105,Julien Valette,A5005512319,exact,I2738703131
171,Igor Ulitsky,A5088681851,alias,I53964585
1186,Kaspar Valgepea,A5061031098,alias,I56085075
1588,Anne Mangeney,A5040857813,alias,I148261361
184,Benjamin Rowland,A5064187066,alias,I2898336195
1347,Wendy Joy Lowen,A5049922117,fuzzy,I149213910
3203,Ekaterina Zhuravskaya,A5003763829,exact,I57995698
2900,Philippe Christian Chatelain,A5068318937,fuzzy,I95674353
1261,Miia Kristina Lindstrom,A5068288716,fuzzy,I133731052
839,Sigurdur Yngvi Kristinsson,A5001522697,alias,I165368041
1488,Robert Hilton,A5003424407,exact,I40120149
589,Judit Makara,A5041538544,alias,I4210106880
340,Cedric Blanpain,A5079923302,alias,I132053463
3900,Marie-Louise Coolahan,A5030996704,alias,I188760350
1547,Rizlan Bernier-Latmani,A5065088339,exact,I5124864
2765,Alessandro Filippo Maria Pellegata,A5082619317,fuzzy,I93860229
89,Irina Gutsche,A5039571597,exact,I1294671590
3050,Pierre Beck,A5107368772,exact,I899635006
185,Shaul Shalev Itzkovitz,A5042875880,alias,I53964585
2586,Per Augustsson,A5017299669,exact,I187531555
3593,Delphine Oudiette,A5075924830,exact,I154526488
1088,Paul Kardol,A5006451019,alias,I298625061
2017,Katharina Jennifer Franke,A5058850173,alias,I75951250
624,Ileana Livia Opatz,A5071604538,fuzzy,I4210108711
878,Twan Lammers,A5079522186,exact,I4210120689
1304,Gabor Szabo,A5049960571,alias,I99464096
131,Bernhard Renard,A5005996110,alias,I143288331
3302,Joan Ballester,A5004971197,alias,I4210148332
868,Iñaki Comas Espadas,A5072542589,alias,I134820265
1364,Konstantinos Panagiotou,A5075970062,alias,I8204097
1200,Moussa Benhamed,A5065623920,alias,I204730241
1912,Robert Vácha,A5065633302,alias,I21449261
1121,Anna-Liisa Laine,A5089207824,alias,I202697423
1867,Matjaz Humar,A5071582293,alias,I3006985408
3075,Minna Maria Emilia Palmroth,A5006591924,alias,I133731052
3552,Okko Räsänen,A5016518233,alias,I166825849
1505,Angela Gallego-Sala,A5092652572,alias,I23923803
3855,Nicolai Sinai,A5024879309,alias,I40120149
56,Alessandro Costa,A5082896494,alias,I2801081054
1368,Yoel Shkolnisky,A5037804006,alias,I16391192
2423,Hayley Hung,A5061353073,alias,I98358874
431,Ravid Straussman,A5025259421,exact,I53964585
147,Nir Yosef,A5077844473,alias,I53964585
618,Petra Ritter,A5088192973,exact,I7877124
3483,Anna Matysiak,A5080204326,alias,I4654613
3276,Markus Wagner,A5039706040,exact,I129774422
1555,Maud Boyet,A5040237658,alias,I1294671590
2475,Amir Globerson,A5047817959,alias,I16391192
3599,Tom Schonberg,A5089277904,exact,I16391192
2574,Ori Katz,A5085243047,alias,I197251160
2392,Ambrus Kaposi,A5047340010,exact,I106118109
1096,Christina Kaiser,A5016630284,alias,I129774422
3024,Ingunn Kathrine Wehus,A5060541292,alias,I184942183
2948,Evan O'Connor,A5011943627,alias,I161593684
312,David Dolezel,A5019005016,alias,I4210164740
1865,Matthias Althammer,A5049392880,exact,I109144446
1248,Arnaud Pierre Gaby Gautier,A5074868501,fuzzy,I39804081
778,Mads Sylvest Bergholt,A5005663670,alias,I183935753
2944,Paolo Decuzzi,A5061631250,alias,I30771326
581,David Keays,A5062455516,alias,I8204097
3495,Ayse Uskul,A5076088486,alias,I162608824
2288,Michael James Ingleson,A5023948794,alias,I98677209
3167,Jan Kamiel S. De Loecker,A5085160521,fuzzy,I99464096
358,Direna Alonso-Curbelo,A5010025130,alias,I4210122345
3968,Michael Dee,A5056272544,alias,I169381384
3382,Martin Holbraad,A5043854209,alias,I45129253
3386,Vinh-Kim Nguyen,A5042365595,exact,I951315
1741,Christopher Beem,A5029616911,alias,I40120149
2413,Zvika Brakerski,A5023852532,alias,I53964585
955,Vincent Wilfred Vishal-Kapoor Jaddoe,A5107414648,fuzzy,I2801952686
3626,Stamatios Sotiropoulos,A5052140351,alias,I142263535
456,John Andrew Pospisilik,A5039760583,alias,I149899117
295,Sophie Janssens,A5062755318,alias,I2802017950
610,German Sumbre,A5023405833,exact,I154526488
3807,Ronit Ricci,A5089035675,exact,I197251160
1647,Christoph Kirchlechner,A5065769313,alias,I102335020
2276,Rubén Darío Costa,A5074355883,fuzzy,I62916508
539,Julien Bouvier,A5010173240,exact,I1294671590
3574,Siri Leknes,A5005944284,alias,I184942183
2044,Patricia Abellan,A5001002298,exact,I1294671590
3668,Catarina Dutilh Novaes,A5026914322,alias,I865915315
563,Ana Joao Gomes Rodrigues,A5058469610,fuzzy,I99682543
2087,Kevin Pagel,A5111180182,alias,I75951250
2312,Fabrice Philippe Pointillart,A5102110172,fuzzy,I1294671590
1313,Benjamin Gess,A5091000281,alias,I4577782
4059,Petra Marieke Sijpesteijn,A5008066033,alias,I121797337
1609,Samuel Jones,A5056464716,alias,I79619799
3264,Aisling Swaine,A5020464119,alias,I100930933
579,Marta Zlatic,A5059140736,alias,I241749
4075,Ann Brysbaert,A5058775570,exact,I121797337
1738,Matthias Schott,A5107600232,alias,I197323543
134,Xiaoqi Feng,A5081176696,exact,I157556583
3537,Basile Georges Paul Chaix,A5110151710,fuzzy,I154526488
1049,Maria Azeredo De Dornelas,A5014649758,fuzzy,I141596103
1252,Thomas Reinier Maxim Barends,A5041806853,fuzzy,I149899117
220,Alejandro Ramon Toledo Arana,A5078884640,fuzzy,I134820265
1750,Elisabetta Baracchini,A5114378273,alias,I4210150763
1185,Guillaume Lobet,A5009673135,exact,I95674353
4139,Irene Perez Ibarra,A5101513428,alias,I255234318
3236,Devorah Manekin,A5072703485,alias,I197251160
3920,Małgorzata Kot,A5077715399,alias,I4654613
1184,Ewa Szczurek,A5036326710,alias,I3018134672
4097,Shadi Sharif Azadeh,A5046979930,exact,I98358874
1677,Hanieh Fattahi,A5066534247,alias,I149899117
2813,Wei Cao,A5070565949,alias,I98381234
3257,Sorcha Macleod,A5075116351,alias,I124055696
2944,Paolo Decuzzi,A5103094073,alias,I30771326
683,Liliana Mancio Silva,A5107318569,alias,I154526488
288,Jérôme Gros,A5094331361,alias,I157536573
3812,Hugo Lundhaug,A5016513934,exact,I184942183
3744,Enrique Jiménez,A5104093236,alias,I8204097
786,Gustaf Edgren,A5103602519,alias,I28166907
4012,Naoise Mac Sweeney,A5087715500,alias,I129774422
3716,Andrea Evers,A5048360464,fuzzy,I121797337
874,Ali Ertürk,A5051831444,alias,I3018134672
3979,Gabor Karman,A5025203934,exact,I4210131266
768,Federico Mingozzi,A5016168809,alias,I4210127167
466,Lars Zender,A5007870642,exact,I8087733
3777,Erin A. Mccarthy,A5005698274,alias,I188760350
1906,Silvia Vignolini,A5098579770,exact,I241749
4082,Pekka Johannes Hämäläinen,A5043568952,fuzzy,I40120149
3612,Joshua Tybur,A5104535046,alias,I865915315
1279,Tillmann Joachim Lüders,A5050736664,fuzzy,I54009628
2059,Ioachim Pupeza,A5084605608,alias,I153267046
1893,Thomas Salez,A5005895317,alias,I1294671590
2777,Michael Monaghan,A5061094670,alias,I205274468
2031,Brianna Heazlewood,A5041821375,alias,I146655781
3796,Peter Alfred Riedlberger,A5102807900,fuzzy,I94626330
1433,Mar Benavides,A5020147008,alias,I197940685
3756,Noëlle Lynn Wenger Streeton,A5115450459,fuzzy,I184942183
1270,Aitziber Lopez Cortajarena,A5093946356,exact,I4210087187
2,Clemens Plaschka,A5006479386,exact,I195525897
3111,Martin Schmalz,A5098944887,exact,I40120149
3173,Philipp Albert Theodor Kircher,A5012937129,fuzzy,I95674353
2257,Thomas Boettcher,A5107146339,alias,I129774422
3736,Elisa Coda,A5016301908,alias,I108290504
3250,Cathryn Costello,A5059559512,exact,I100930933
1949,Alexander Hoegele,A5091135836,exact,I8204097
3765,Annick Payne,A5041687781,exact,I149461666
910,Olivier Couture,A5023014500,alias,I1294671590
3786,Andre Tavares,A5101930636,fuzzy,I182534213
3805,Khadija Zinnenburg Carroll,A5053209919,fuzzy,I198945027
2456,Stefan Schmid,A5103122168,alias,I4577782
2902,Guillaume Loïc Haiat,A5108497767,fuzzy,I1294671590
2244,Andreas Jean Leopold Walther,A5003565157,fuzzy,I197323543
940,Daniel Razansky,A5103286327,alias,I202697423
560,Nuria Flames Bonilla,A5111447773,fuzzy,I134820265
3152,Eduardo Perez,A5113916929,alias,I205092303
3801,Andrea Cuomo,A5072977313,alias,I32597200
1734,Claudia Nones,A5103625997,exact,I2738703131
2001,Alexander Grueneis,A5114010928,alias,I180923762
3219,Daniel Li Chen,A5071538035,fuzzy,I4210092408
55,Martin Jinek,A5106513148,alias,I202697423
1460,Wei-Li Hong,A5067974430,alias,I161593684
537,Miriam Melis,A5102478725,exact,I172446870
3061,Daniele Antonangeli,A5094316698,alias,I1294671590
1457,Diego Miralles,A5015285567,fuzzy,I32597200
959,Hugo Wilhelmus Antonius Maria De Jong,A5103522499,alias,I3018483916
3887,Sandra Ponzanesi,A5110870222,exact,I193662353
3276,Markus Wagner,A5000928551,exact,I129774422
2447,Olga Sorkine Hornung,A5113424691,alias,I35440088
2675,Heinz Koeppl,A5112930854,alias,I31512782
3574,Siri Leknes,A5110311030,alias,I184942183
2244,Andreas Jean Leopold Walther,A5018406941,fuzzy,I197323543
4070,Alexandra Fredricka Caroline Cuffel,A5028238843,fuzzy,I2799784675
798,Michael White,A5103720799,alias,I157536573
3584,Sigal Zilcha-Mano,A5019181356,alias,I91203450
3361,Marina Castelo Branco Da Costa Lobo,A5113457805,fuzzy,I4392738132
2353,Rebecca Jane Miriam Goss,A5073970185,fuzzy,I16835326
548,Tarja Malm,A5000776705,exact,I175532246
132,Jeroen De Ridder,A5071483953,alias,I3018483916
605,Simon Hippenmeyer,A5080499335,exact,I157556583
2552,Graham Cormode,A5031896681,alias,I39555362
1818,Uriel Levy,A5014032344,exact,I197251160
2879,Baptiste Gault,A5086156055,alias,I4210106926
3682,Christopher Summerfield,A5031878516,exact,I40120149
2404,Claudio Orlandi,A5028570693,exact,I204337017
2082,Andreas Dahlin,A5086078070,alias,I66862912
879,Jenny Myers,A5064959070,exact,I28407311
2146,Jana Roithova,A5021283178,exact,I145872427
4182,Adrian Markus Perrig,A5056518136,fuzzy,I35440088
4009,Kirsty Penkman,A5019667982,alias,I52099693
1333,Simon Riche,A5005759805,exact,I198244214
1875,Julia Herzen,A5068706792,exact,I62916508
2859,Martí Gich,A5081565629,alias,I134820265
2284,Pol Besenius,A5090589031,exact,I197323543
2572,Tomislav Dragicevic,A5078176748,alias,I96673099
1917,Dennis Meier,A5041645777,exact,I204778367
1177,Emma Andersson,A5030754446,alias,I28166907
3279,Luis Simon,A5085626090,exact,I13469542
983,Ronit Satchi-Fainaro,A5061202040,alias,I16391192
869,Mathilde Touvier,A5106788643,exact,I154526488
1104,Aoife Mclysaght,A5038985205,exact,I205274468
3412,Harriet Over,A5056830537,alias,I52099693
997,Emily Mitchell,A5035554455,alias,I241749
2242,Thomas Magauer,A5062792519,exact,I190249584
2424,Maks Ovsjanikov,A5072368950,alias,I142476485
549,Frederic Gambino,A5021903452,alias,I1294671590
780,Ine Lentacker,A5010359444,alias,I32597200
2105,Julien Valette,A5005512319,alias,I2738703131
171,Igor Ulitsky,A5088681851,exact,I53964585
1186,Kaspar Valgepea,A5061031098,exact,I56085075
3203,Ekaterina Zhuravskaya,A5003763829,alias,I57995698
1488,Robert Hilton,A5003424407,alias,I40120149
340,Cedric Blanpain,A5079923302,exact,I132053463
3900,Marie-Louise Coolahan,A5030996704,exact,I188760350
1547,Rizlan Bernier-Latmani,A5065088339,alias,I5124864
89,Irina Gutsche,A5039571597,alias,I1294671590
3050,Pierre Beck,A5107368772,alias,I899635006
2586,Per Augustsson,A5017299669,alias,I187531555
3593,Delphine Oudiette,A5075924830,alias,I154526488
1088,Paul Kardol,A5006451019,exact,I298625061
878,Twan Lammers,A5079522186,alias,I4210120689
1304,Gabor Szabo,A5049960571,exact,I99464096
3302,Joan Ballester,A5004971197,exact,I4210148332
1200,Moussa Benhamed,A5065623920,exact,I204730241
1912,Robert Vácha,A5065633302,exact,I21449261
1121,Anna-Liisa Laine,A5089207824,exact,I202697423
1867,Matjaz Humar,A5071582293,exact,I3006985408
3552,Okko Räsänen,A5016518233,exact,I166825849
3855,Nicolai Sinai,A5024879309,exact,I40120149
56,Alessandro Costa,A5082896494,exact,I2801081054
1368,Yoel Shkolnisky,A5037804006,exact,I16391192
2423,Hayley Hung,A5061353073,exact,I98358874
431,Ravid Straussman,A5025259421,alias,I53964585
618,Petra Ritter,A5088192973,alias,I7877124
3483,Anna Matysiak,A5080204326,exact,I4654613
1555,Maud Boyet,A5040237658,exact,I1294671590
2475,Amir Globerson,A5047817959,exact,I16391192
3599,Tom Schonberg,A5089277904,alias,I16391192
2574,Ori Katz,A5085243047,exact,I197251160
2392,Ambrus Kaposi,A5047340010,alias,I106118109
1096,Christina Kaiser,A5016630284,exact,I129774422
312,David Dolezel,A5019005016,exact,I4210164740
1865,Matthias Althammer,A5049392880,alias,I109144446
2944,Paolo Decuzzi,A5061631250,exact,I30771326
358,Direna Alonso-Curbelo,A5010025130,exact,I4210122345
3382,Martin Holbraad,A5043854209,exact,I45129253
3386,Vinh-Kim Nguyen,A5042365595,alias,I951315
1741,Christopher Beem,A5029616911,exact,I40120149
2413,Zvika Brakerski,A5023852532,exact,I53964585
295,Sophie Janssens,A5062755318,exact,I2802017950
610,German Sumbre,A5023405833,alias,I154526488
3807,Ronit Ricci,A5089035675,alias,I197251160
1647,Christoph Kirchlechner,A5065769313,exact,I102335020
539,Julien Bouvier,A5010173240,alias,I1294671590
3574,Siri Leknes,A5005944284,exact,I184942183
2044,Patricia Abellan,A5001002298,alias,I1294671590
3668,Catarina Dutilh Novaes,A5026914322,exact,I865915315
2087,Kevin Pagel,A5111180182,exact,I75951250
1313,Benjamin Gess,A5091000281,exact,I4577782
3264,Aisling Swaine,A5020464119,exact,I100930933
579,Marta Zlatic,A5059140736,exact,I241749
4075,Ann Brysbaert,A5058775570,alias,I121797337
1738,Matthias Schott,A5107600232,exact,I197323543
134,Xiaoqi Feng,A5081176696,alias,I157556583
1185,Guillaume Lobet,A5009673135,alias,I95674353
3920,Małgorzata Kot,A5077715399,exact,I4654613
1184,Ewa Szczurek,A5036326710,exact,I3018134672
4097,Shadi Sharif Azadeh,A5046979930,alias,I98358874
1677,Hanieh Fattahi,A5066534247,exact,I149899117
2813,Wei Cao,A5070565949,exact,I98381234
2944,Paolo Decuzzi,A5103094073,exact,I30771326
3812,Hugo Lundhaug,A5016513934,alias,I184942183
3744,Enrique Jiménez,A5104093236,exact,I8204097
4012,Naoise Mac Sweeney,A5087715500,exact,I129774422
3979,Gabor Karman,A5025203934,alias,I4210131266
466,Lars Zender,A5007870642,alias,I8087733
1906,Silvia Vignolini,A5098579770,alias,I241749
4174,Pekka Johannes Hämäläinen,A5043568952,fuzzy,I40120149
4219,Tillmann Joachim Lüders,A5050736664,fuzzy,I54009628
2059,Ioachim Pupeza,A5084605608,exact,I153267046
2777,Michael Monaghan,A5061094670,exact,I205274468
1433,Mar Benavides,A5020147008,exact,I197940685
1270,Aitziber Lopez Cortajarena,A5093946356,alias,I4210087187
2,Clemens Plaschka,A5006479386,alias,I195525897
3111,Martin Schmalz,A5098944887,alias,I40120149
2257,Thomas Boettcher,A5107146339,exact,I129774422
3736,Elisa Coda,A5016301908,exact,I108290504
3250,Cathryn Costello,A5059559512,alias,I100930933
1949,Alexander Hoegele,A5091135836,alias,I8204097
3765,Annick Payne,A5041687781,alias,I149461666
910,Olivier Couture,A5023014500,exact,I1294671590
2456,Stefan Schmid,A5103122168,exact,I4577782
940,Daniel Razansky,A5103286327,exact,I202697423
3152,Eduardo Perez,A5113916929,exact,I205092303
1734,Claudia Nones,A5103625997,alias,I2738703131
2001,Alexander Grueneis,A5114010928,exact,I180923762
4176,Daniel Li Chen,A5071538035,fuzzy,I4210092408
55,Martin Jinek,A5106513148,exact,I202697423
537,Miriam Melis,A5102478725,alias,I172446870
959,Hugo Wilhelmus Antonius Maria De Jong,A5103522499,exact,I3018483916
3887,Sandra Ponzanesi,A5110870222,alias,I193662353
3276,Markus Wagner,A5000928551,alias,I129774422
2675,Heinz Koeppl,A5112930854,exact,I31512782
3584,Sigal Zilcha-Mano,A5019181356,exact,I91203450
2645,Ori Katz,A5085243047,exact,I197251160
2645,Ori Katz,A5085243047,alias,I197251160
2430,Ángel Goñi-Moreno,A5053274991,alias,I134820265
2654,Dimos Dimarogonas,A5055348953,alias,I86987016
563,Ana Joao Gomes Rodrigues,A5020683956,fuzzy,I99682543
290,Ana Garcia Saez,A5041672678,alias,I180923762
3314,Zaili Yang,A5034690093,exact,I63098007
2264,David Portehault,A5012499871,alias,I1294671590
2902,Guillaume Loïc Haiat,A5006223188,fuzzy,I1294671590
2972,Antoine Strugarek,A5085271241,exact,I2738703131
289,Maya Schuldiner,A5086426687,alias,I53964585
2718,Robert Hugh Hadfield,A5014201929,fuzzy,I7882870
2713,Yonina Eldar,A5005913897,alias,I53964585
3058,Leigh Nicholas Fletcher,A5050530413,fuzzy,I153648349
704,Marek Basler,A5035190614,exact,I1850255
174,Paola Picotti,A5084914720,alias,I35440088
2734,Chun Huang,A5067895502,exact,I47508984
1382,Lourenco Beirao Da Veiga,A5062969935,alias,I189158943
3337,Victoria Reyes-García,A5080550633,alias,I123044942
2233,Dawid Pinkowicz,A5067823437,alias,I126596746
2476,Saket Saurabh,A5015806060,alias,I4432739
1638,Teresa Pellegrino,A5012179244,alias,I30771326
458,Mathias Florian Heikenwälder,A5022155277,fuzzy,I17937529
2666,Drazen Dujic,A5069231238,exact,I5124864
2827,Tanja Tarvainen,A5025562527,exact,I175532246
967,Craig Morgan,A5045508438,exact,I183935753
2867,Aimee Morgans,A5028848706,alias,I47508984
1929,Yanko Todorov,A5082924162,alias,I1294671590
2849,Philipp Adelhelm,A5025764420,alias,I39343248
2686,Toon Jos M. Van Waterschoot,A5073284331,fuzzy,I99464096
1107,Dominic Wright,A5081673437,exact,I102134673
1636,Anna Sandak,A5023451581,alias,I118905719
3911,Maria Nowak,A5060531244,alias,I4654613
2700,Wim Bogaerts,A5055647062,exact,I32597200
492,Mario Pende,A5050474078,exact,I154526488
2358,Molly Stevens,A5044430674,alias,I47508984
3013,Suzanne Aigrain,A5054667977,alias,I40120149
2324,Sascha Ott,A5045357913,exact,I123387679
2676,Ming Cao,A5021403340,alias,I169381384
2510,Roberto Navigli,A5026648049,alias,I861853513
1905,Lucio Isa,A5015679746,exact,I35440088
3849,Cameron Browne,A5065924402,exact,I34352273
1376,Mathias Dr. Schacht,A5048188412,fuzzy,I159176309
3494,Jørgen Koren Carling,A5039589388,fuzzy,I60419261
3364,Klaus Lindgaard Hoeyer,A5017257181,alias,I124055696
3327,Gara Villalba Méndez,A5010005419,alias,I123044942
3516,Jakub Kazimierz Bijak,A5063239904,fuzzy,I43439940
1446,Wim Thiery,A5049409942,alias,I13469542
2459,Mariëlle Ida Antoinette Stoelinga,A5053065289,alias,I94624287
884,Hester Den Ruijter,A5082843252,alias,I3018483916
1783,Christine Ella Silberhorn,A5036934564,fuzzy,I206945453
2503,Thomas Neumann,A5101880157,exact,I62916508
2433,Sebastian Risi,A5020511097,exact,I83467386
1125,Benoit François Pujol,A5013716422,fuzzy,I1294671590
2436,Konrad Rieck,A5066077721,alias,I4577782
1562,Wouter Peters,A5071349296,exact,I913481162
2640,Barbara Mazzolai,A5078241160,alias,I30771326
3707,Christine Anna Caldwell,A5033324265,alias,I12093191
1846,Gilad Perez,A5103551312,alias,I53964585
2726,Davide Iannuzzi,A5008444491,exact,I865915315
3221,Laurens Julien Henri Cherchye,A5008745851,fuzzy,I99464096
2298,Julien Gautrot,A5083547314,alias,I166337079
2149,Jiri Vanicek,A5056327375,exact,I5124864
898,Shulamit Levenberg,A5012769290,exact,I174306211
3343,Janine Clark,A5037226633,alias,I79619799
2252,Paolo Arosio,A5081005940,alias,I35440088
2649,Davide Scaramuzza,A5057116316,alias,I202697423
3711,Jonathan Mark Smallwood,A5088006732,fuzzy,I52099693
437,Lior Gepstein,A5027217970,exact,I174306211
382,Shona Wood,A5039876698,alias,I78037679
1797,Alexander Dimitrov Mitov,A5064611547,fuzzy,I241749
3654,Marko Nardini,A5010382710,exact,I190082696
2482,Lorenzo Rosasco,A5061220999,alias,I83816512
335,James Turner,A5026072466,alias,I2801081054
1900,Norberto Daniel Lanzillotti Kimura,A5081146776,alias,I1294671590
1914,Roman Gorbachev,A5091528896,alias,I28407311
1696,Thomas Cocolios,A5040987506,alias,I99464096
3160,Ulrich Wagner,A5055239264,alias,I177802217
2451,Piotr Faliszewski,A5000000572,exact,I686019
1726,Philippe Corboz,A5055142434,alias,I887064364
2830,Hanna Isaksson,A5074735538,exact,I187531555
1841,Silvia Pascoli,A5038469819,alias,I190082696
3143,Clement De Chaisemartin,A5037977205,exact,I205092303
1458,Evelyn Füri,A5030165711,exact,I1294671590
3323,Detlef Van Vuuren,A5082748474,alias,I193662353
1500,Ilona Anniina Riipinen,A5038776980,alias,I161593684
861,Matthijs Brouwer,A5005809475,alias,I2802928900
2363,Martin Albrecht,A5032762987,alias,I118564535
2322,Axel Jacobi Von Wangelin,A5046541409,alias,I159176309
1669,Mikkel Brydegaard,A5057068419,alias,I187531555
3067,Richard David Alexander,A5032451310,fuzzy,I153648349
1578,Diego Perugini,A5078724935,alias,I27483092
3592,Ellen De Bruijn,A5030427932,fuzzy,I121797337
565,Georg Keller,A5036840680,alias,I860889466
2537,Josef Urban,A5031019731,alias,I44504214
2069,Christoph Langhammer,A5049419508,exact,I66862912
2999,Kaisey Mandel,A5026983512,alias,I241749
721,Maximiliano Gabriel Gutierrez,A5068817299,alias,I2801081054
2349,Julien Bachmann,A5002887494,alias,I181369854
2050,Sandro Heuke,A5048010612,exact,I1294671590
776,Claudia Langenberg,A5055584673,exact,I166337079
1269,Yannick Francois Rondelez,A5029632144,fuzzy,I1294671590
2593,Mohsen Rahmani,A5012281799,alias,I52590639
3547,Lars Meyer,A5068448582,alias,I149899117
2384,Jesper Nederlof,A5068357631,exact,I193662353
2005,Eddy Charles Eric Collin,A5065496328,fuzzy,I1294671590
2132,Evgeny Alexandrovich Pidko,A5074252826,fuzzy,I98358874
86,Dana Branzei,A5040416077,exact,I4210114103
3537,Basile Georges Paul Chaix,A5020601268,fuzzy,I154526488
24,Gerbrand Van Der Heden Van Noort,A5080047287,fuzzy,I2800006345
1390,Sofia Olhede,A5083945023,alias,I5124864
2023,Marc Garcia Borràs,A5064302725,exact,I251424209
3933,Beatrice Demarchi,A5064764624,exact,I55143463
2594,Coen De Visser,A5110735519,fuzzy,I98358874
1089,Thomas Richards,A5061639514,exact,I40120149
55,Martin Jinek,A5000173541,exact,I202697423
1483,Anna Nele Meckler,A5027261508,exact,I4432739
1201,David Bikard,A5064065434,exact,I157536573
2962,Talvikki Hovatta,A5089910311,alias,I9927081
1554,Razvan Caracas,A5073263693,alias,I1294671590
91,Richard Stefl,A5036569669,exact,I21449261
1543,Caroline Louise Peacock,A5012135074,fuzzy,I130828816
3878,Erik Bähre,A5002956724,alias,I121797337
3237,Lisa Dellmuth,A5080647482,alias,I161593684
1584,Martin Elsner,A5017048288,exact,I62916508
1170,Xingqi Chen,A5056951575,exact,I123387679
429,Yuval Rinkevich,A5028873839,exact,I3018134672
3097,Rainer Schödel,A5110722720,alias,I134820265
2053,Robert Seidel,A5045272640,exact,I2800795503
2576,Libertario Demi,A5021984927,exact,I193223587
3144,Ghazala Azmat,A5108735243,alias,I205092303
3197,Ricardo Augusto Marcos Rocha Reis,A5006318958,fuzzy,I909854389
1493,Ana Godinho Ferreira,A5055812712,fuzzy,I45129253
2286,Giuseppe Battaglia,A5060078978,exact,I4210147769
1378,Alessandro Giuliani,A5060718297,exact,I861853513
1738,Matthias Schott,A5105724654,alias,I197323543
3157,Benjamin Moll,A5032528341,alias,I909854389
1849,Thomas Pfeifer,A5038592632,alias,I149899117
183,Fyodor Kondrashov,A5072121403,alias,I157556583
530,Jakob Macke,A5080225154,alias,I8087733
2519,Karthikeyan Bhargavan,A5026297326,exact,I1326498283
3246,Xavier Prevost,A5049523120,exact,I15057530
2129,Christoph Günter Salzmann,A5027451469,fuzzy,I45129253
3817,Valentina Arena,A5001005124,exact,I45129253
186,Yardena Rachel Samuels,A5042139239,fuzzy,I53964585
3886,Thomas Alexander Eich,A5025654164,fuzzy,I159176309
2516,Dániel Marx,A5012849997,exact,I4210128801
2646,Marios Kountouris,A5088602155,alias,I1902872
1872,Ariel Amir,A5080479523,alias,I53964585
1457,Diego Miralles,A5064045661,exact,I32597200
1214,André-Christian Stiel,A5044610218,fuzzy,I3018134672
2123,Richard Kramer Campen,A5048925903,alias,I62318514
4171,Sabine Erika Stoll,A5014226773,alias,I202697423
4176,Daniel Li Chen,A5023429436,fuzzy,I4210092408
217,Joost Schymkowitz,A5031589452,alias,I2802017950
1956,Sebastian Huber,A5045049327,alias,I35440088
2547,Anders Møller,A5103189175,exact,I204337017
3202,Pedro Manuel Amaro Da Costa Luz Carneiro,A5002726046,alias,I45129253
3385,Jane Calvert,A5060206174,alias,I98677209
3547,Lars Meyer,A5109197029,exact,I149899117
133,Benedetta Bolognesi,A5103158481,exact,I4210147769
2917,Elena Martínez Fraiz,A5050215240,exact,I4210147769
695,Guoliang Cui,A5037980406,exact,I17937529
1316,Tuomas Orponen,A5091472615,alias,I94722563
2545,Leonardo Mariani,A5036120394,alias,I189158943
4045,Matthieu Husson,A5062205664,exact,I1294671590
847,Daniel Aili,A5008417372,alias,I102134673
1777,Aldo Sady Antognini,A5013618600,alias,I2802229908
4096,Ed Manley,A5049665350,exact,I130828816
3231,Abbey Steele,A5045226820,exact,I887064364
3141,Koen Jochmans,A5089120715,alias,I4210092408
3901,Jutta Bolt,A5065440777,alias,I169381384
4099,Oded Cats,A5112418609,alias,I98358874
2512,Dennis Oliver Hofheinz,A5003704447,fuzzy,I35440088
3355,Sven Aron Oskarsson,A5107959189,fuzzy,I123387679
3871,Monika Salzbrunn,A5073286080,alias,I97565354
3247,Inga Winkler,A5102783009,alias,I913481162
2678,Aloyse Marie Charles Degiron,A5107845774,fuzzy,I1294671590
3534,Inga Dora Sigfusdottir,A5105792354,alias,I123185442
3710,Pol Van Lier,A5089377692,exact,I865915315
804,Thomas Grünewald,A5112634135,exact,I17937529
1737,Pierre Brun,A5106632097,alias,I2738703131
1110,Joseph Schacherer,A5107876890,exact,I68947357
435,Bart Leo Loeys,A5077789994,fuzzy,I149213910
962,Caroline Klaver,A5108113385,alias,I2801952686
1285,Andre Belotto Da Silva,A5070833243,alias,I204730241
926,Susana Marina Chuva De Sousa Lopes,A5110818669,exact,I2800006345
1974,Julie Grollier,A5112600126,alias,I1294671590
3374,Claes Holger De Vreese,A5111211300,fuzzy,I887064364
1060,Daniel Montoya,A5056274244,alias,I4210092744
955,Vincent Wilfred Vishal-Kapoor Jaddoe,A5105396752,fuzzy,I2801952686
1658,Tim Langen,A5006507974,exact,I145847075
3125,Mathieu Couttenier,A5071575540,alias,I113428412
1430,Jesper Björklund,A5090460928,alias,I881427289
908,Charles Agyemang,A5112573613,exact,I2802928900
997,Emily Mitchell,A5012590514,exact,I241749
4160,Martin Fotta,A5089934882,alias,I4210108156
1574,Thomas Ingo Rafael Walter,A5007925107,fuzzy,I4210152878
1920,Vincent Jacques,A5104907630,alias,I1294671590
409,Manuel Valiente,A5108832604,alias,I4210089594
3831,Laura Janet Cleaver,A5072392693,fuzzy,I124357947
2723,Sonia Maria Garcia Blanco,A5078328363,exact,I94624287
3895,Nicolas James Laurent Fernando De Warren,A5008328947,fuzzy,I99464096
1903,Pablo Alonso Gonzalez,A5053115163,alias,I165339363
622,Nachum Ulanovsky,A5066373325,alias,I53964585
71,Stephan Gruber,A5101009705,alias,I97565354
1121,Anna-Liisa Laine,A5110717475,alias,I202697423
4022,Claire Zalc,A5013947015,alias,I1294671590
1619,Fabian Meder,A5080178391,exact,I162290304
3118,Yves Le Yaouanq,A5028558761,alias,I142476485
219,Ron Milo,A5101564860,exact,I53964585
2796,Tom Breugelmans,A5022488010,exact,I149213910
1301,Pierre Jacob,A5008296090,alias,I124261006
4021,Urs Matthias Zachmann,A5029360665,exact,I75951250
3901,Jutta Bolt,A5112606072,exact,I169381384
1636,Anna Sandak,A5104156521,alias,I118905719
2308,Jeroen Dirk Cornelis Codée,A5107957254,fuzzy,I121797337
2144,Rolf Erni,A5103774381,alias,I71824836
2071,Tom De Greef,A5103046934,alias,I83019370
2723,Sonia Maria Garcia Blanco,A5110818477,fuzzy,I94624287
1800,Gary Alexander Steele,A5104269610,alias,I98358874
3354,Jochen Peter,A5112460175,alias,I887064364
3868,Christian Robert Lange,A5005730211,fuzzy,I193662353
3271,Tom Van Der Meer,A5082647553,fuzzy,I887064364
925,Tomasz Jan Guzik,A5103098391,fuzzy,I98677209
1420,Gabriele Messori,A5108838266,alias,I123387679
293,Julien Dumont,A5028704834,exact,I1294671590
680,Thomas Marichal,A5060273291,alias,I157674565
2222,Fabien Cougnon,A5057552942,alias,I94722563
2626,Elisa Vianello,A5102867038,exact,I2738703131
539,Julien Bouvier,A5056637853,exact,I1294671590
235,Michaël Philippe Weber,A5001449965,fuzzy,I1294671590
207,Robert John Klose,A5112502284,fuzzy,I40120149
1680,Xin-Yu Luo,A5019520928,alias,I149899117
4035,Willemijn Geertje Ruberg,A5096958309,fuzzy,I193662353
959,Hugo Wilhelmus Antonius Maria De Jong,A5112901992,fuzzy,I3018483916
3739,Chiara Meccariello,A5079684005,exact,I23923803
2430,Ángel Goñi-Moreno,A5053274991,exact,I134820265
3314,Zaili Yang,A5034690093,alias,I63098007
2264,David Portehault,A5012499871,exact,I1294671590
2972,Antoine Strugarek,A5085271241,alias,I2738703131
289,Maya Schuldiner,A5086426687,exact,I53964585
2637,Yonina Eldar,A5005913897,alias,I53964585
704,Marek Basler,A5035190614,alias,I1850255
174,Paola Picotti,A5084914720,exact,I35440088
2734,Chun Huang,A5067895502,alias,I47508984
3337,Victoria Reyes-García,A5080550633,exact,I123044942
2233,Dawid Pinkowicz,A5067823437,exact,I126596746
2476,Saket Saurabh,A5015806060,exact,I4432739
1638,Teresa Pellegrino,A5012179244,exact,I30771326
2666,Drazen Dujic,A5069231238,alias,I5124864
2827,Tanja Tarvainen,A5025562527,alias,I175532246
967,Craig Morgan,A5045508438,alias,I183935753
1929,Yanko Todorov,A5082924162,exact,I1294671590
2849,Philipp Adelhelm,A5025764420,exact,I39343248
1107,Dominic Wright,A5081673437,alias,I102134673
1636,Anna Sandak,A5023451581,exact,I118905719
3911,Maria Nowak,A5060531244,exact,I4654613
2700,Wim Bogaerts,A5055647062,alias,I32597200
492,Mario Pende,A5050474078,alias,I154526488
2324,Sascha Ott,A5045357913,alias,I123387679
2676,Ming Cao,A5021403340,exact,I169381384
2510,Roberto Navigli,A5026648049,exact,I861853513
1905,Lucio Isa,A5015679746,alias,I35440088
3849,Cameron Browne,A5065924402,alias,I34352273
1446,Wim Thiery,A5049409942,exact,I13469542
2503,Thomas Neumann,A5101880157,alias,I62916508
2433,Sebastian Risi,A5020511097,alias,I83467386
2436,Konrad Rieck,A5066077721,exact,I4577782
1562,Wouter Peters,A5071349296,alias,I913481162
2640,Barbara Mazzolai,A5078241160,exact,I30771326
1846,Gilad Perez,A5103551312,exact,I53964585
2726,Davide Iannuzzi,A5008444491,alias,I865915315
2149,Jiri Vanicek,A5056327375,alias,I5124864
898,Shulamit Levenberg,A5012769290,alias,I174306211
2252,Paolo Arosio,A5081005940,exact,I35440088
2649,Davide Scaramuzza,A5057116316,exact,I202697423
437,Lior Gepstein,A5027217970,alias,I174306211
3654,Marko Nardini,A5010382710,alias,I190082696
2482,Lorenzo Rosasco,A5061220999,exact,I83816512
2451,Piotr Faliszewski,A5000000572,alias,I686019
1726,Philippe Corboz,A5055142434,exact,I887064364
2830,Hanna Isaksson,A5074735538,alias,I187531555
1841,Silvia Pascoli,A5038469819,exact,I190082696
3143,Clement De Chaisemartin,A5037977205,alias,I205092303
1458,Evelyn Füri,A5030165711,alias,I1294671590
2363,Martin Albrecht,A5032762987,exact,I118564535
2322,Axel Jacobi Von Wangelin,A5046541409,exact,I159176309
1669,Mikkel Brydegaard,A5057068419,exact,I187531555
1578,Diego Perugini,A5078724935,exact,I27483092
2537,Josef Urban,A5031019731,exact,I44504214
2069,Christoph Langhammer,A5049419508,alias,I66862912
2349,Julien Bachmann,A5002887494,exact,I181369854
2050,Sandro Heuke,A5048010612,alias,I1294671590
776,Claudia Langenberg,A5055584673,alias,I166337079
2593,Mohsen Rahmani,A5012281799,exact,I52590639
3547,Lars Meyer,A5068448582,exact,I149899117
2384,Jesper Nederlof,A5068357631,alias,I193662353
86,Dana Branzei,A5040416077,alias,I4210114103
2023,Marc Garcia Borràs,A5064302725,alias,I251424209
3933,Beatrice Demarchi,A5064764624,alias,I55143463
55,Martin Jinek,A5000173541,alias,I202697423
1483,Anna Nele Meckler,A5027261508,alias,I4432739
1201,David Bikard,A5064065434,alias,I157536573
1554,Razvan Caracas,A5073263693,exact,I1294671590
91,Richard Stefl,A5036569669,alias,I21449261
3878,Erik Bähre,A5002956724,exact,I121797337
3237,Lisa Dellmuth,A5080647482,exact,I161593684
1584,Martin Elsner,A5017048288,alias,I62916508
1170,Xingqi Chen,A5056951575,alias,I123387679
429,Yuval Rinkevich,A5028873839,alias,I3018134672
2053,Robert Seidel,A5045272640,alias,I2800795503
2576,Libertario Demi,A5021984927,alias,I193223587
3144,Ghazala Azmat,A5108735243,exact,I205092303
2286,Giuseppe Battaglia,A5060078978,alias,I4210147769
1378,Alessandro Giuliani,A5060718297,alias,I861853513
1738,Matthias Schott,A5105724654,exact,I197323543
3157,Benjamin Moll,A5032528341,exact,I909854389
1849,Thomas Pfeifer,A5038592632,exact,I149899117
2519,Karthikeyan Bhargavan,A5026297326,alias,I1326498283
3246,Xavier Prevost,A5049523120,alias,I15057530
3817,Valentina Arena,A5001005124,alias,I45129253
2516,Dániel Marx,A5012849997,alias,I4210128801
2646,Marios Kountouris,A5088602155,exact,I1902872
1872,Ariel Amir,A5080479523,exact,I53964585
1457,Diego Miralles,A5064045661,alias,I32597200
3713,Sabine Erika Stoll,A5014226773,alias,I202697423
3219,Daniel Li Chen,A5023429436,fuzzy,I4210092408
217,Joost Schymkowitz,A5031589452,exact,I2802017950
2547,Anders Møller,A5103189175,alias,I204337017
3385,Jane Calvert,A5060206174,exact,I98677209
3547,Lars Meyer,A5109197029,alias,I149899117
133,Benedetta Bolognesi,A5103158481,alias,I4210147769
2917,Elena Martínez Fraiz,A5050215240,alias,I4210147769
695,Guoliang Cui,A5037980406,alias,I17937529
1316,Tuomas Orponen,A5091472615,exact,I94722563
2545,Leonardo Mariani,A5036120394,exact,I189158943
4045,Matthieu Husson,A5062205664,alias,I1294671590
847,Daniel Aili,A5008417372,exact,I102134673
4096,Ed Manley,A5049665350,alias,I130828816
3231,Abbey Steele,A5045226820,alias,I887064364
3141,Koen Jochmans,A5089120715,exact,I4210092408
3901,Jutta Bolt,A5065440777,exact,I169381384
4099,Oded Cats,A5112418609,exact,I98358874
3871,Monika Salzbrunn,A5073286080,exact,I97565354
3534,Inga Dora Sigfusdottir,A5105792354,exact,I123185442
3710,Pol Van Lier,A5089377692,alias,I865915315
804,Thomas Grünewald,A5112634135,alias,I17937529
1110,Joseph Schacherer,A5107876890,alias,I68947357
962,Caroline Klaver,A5108113385,exact,I2801952686
1285,Andre Belotto Da Silva,A5070833243,exact,I204730241
926,Susana Marina Chuva De Sousa Lopes,A5110818669,alias,I2800006345
1974,Julie Grollier,A5112600126,exact,I1294671590
1060,Daniel Montoya,A5056274244,exact,I4210092744
1658,Tim Langen,A5006507974,alias,I145847075
1430,Jesper Björklund,A5090460928,exact,I881427289
4207,Charles Agyemang,A5112573613,exact,I2802928900
997,Emily Mitchell,A5012590514,alias,I241749
4160,Martin Fotta,A5089934882,exact,I4210108156
1920,Vincent Jacques,A5104907630,exact,I1294671590
2723,Sonia Maria Garcia Blanco,A5078328363,alias,I94624287
4166,Nicolas James Laurent Fernando De Warren,A5008328947,fuzzy,I99464096
622,Nachum Ulanovsky,A5066373325,exact,I53964585
71,Stephan Gruber,A5101009705,exact,I97565354
1121,Anna-Liisa Laine,A5110717475,exact,I202697423
4022,Claire Zalc,A5013947015,exact,I1294671590
1619,Fabian Meder,A5080178391,alias,I162290304
3118,Yves Le Yaouanq,A5028558761,exact,I142476485
219,Ron Milo,A5101564860,alias,I53964585
2796,Tom Breugelmans,A5022488010,alias,I149213910
1301,Pierre Jacob,A5008296090,exact,I124261006
4021,Urs Matthias Zachmann,A5029360665,alias,I75951250
3901,Jutta Bolt,A5112606072,alias,I169381384
3354,Jochen Peter,A5112460175,exact,I887064364
293,Julien Dumont,A5028704834,alias,I1294671590
680,Thomas Marichal,A5060273291,exact,I157674565
2626,Elisa Vianello,A5102867038,alias,I2738703131
539,Julien Bouvier,A5056637853,alias,I1294671590
4227,Michaël Philippe Weber,A5001449965,fuzzy,I1294671590
3739,Chiara Meccariello,A5079684005,alias,I23923803
329,Maya Benyamina Schuldiner,A5086426687,fuzzy,I53964585
908,Charles Agyemang,A5112573613,alias,I2802928900
4207,Charles Agyemang,A5112573613,alias,I2802928900
2810,Simen Ellingsen,A5071156343,alias,I204778367
812,Ewout Hoorn,A5027968873,alias,I2801952686
202,Marcus Thomas Pius Gilbert,A5053180525,alias,I124055696
1910,Jens Hjorleifur Bardarson,A5026043009,alias,I86987016
3358,Marieke De Goede,A5042484381,alias,I887064364
836,Rachela Popovtzer,A5039004884,exact,I13955877
1916,Nicolas Roch,A5008465282,alias,I1294671590
2667,Matthias Althoff,A5005383495,alias,I62916508
1728,Simon Gröblacher,A5112342934,exact,I98358874
2396,Gerhard Neumann,A5088394978,exact,I102335020
82,Mariusz Nowacki,A5044820964,alias,I118564535
940,Daniel Razansky,A5082319905,alias,I202697423
1938,Binghai Yan,A5046399891,alias,I53964585
1264,Frank Hollmann,A5039285985,exact,I98358874
3671,Meike Bartels,A5029768836,exact,I865915315
2707,Francesco Poletti,A5068700158,alias,I43439940
1630,Johanna Rosen,A5077791406,alias,I102134673
3534,Inga Dora Sigfusdottir,A5067846824,exact,I123185442
2464,Jian-Jia Chen,A5000417436,alias,I200332995
907,Irinel Anca Catrina,A5046583167,alias,I28166907
1724,Kathrin Wimmer,A5024883254,alias,I169556180
2340,Maria Carmen Galan,A5064848403,alias,I36234482
2051,Michal Leskes,A5043746490,alias,I53964585
2070,Csaba Janaky,A5075233752,exact,I227486990
2740,Sophia Haussener,A5041466191,exact,I5124864
2983,Lena Noack,A5050798999,alias,I75951250
2653,Raphael Jungers,A5056625594,alias,I95674353
2066,Benedikt Fritz Warth,A5041929818,fuzzy,I129774422
3837,Thomas Marcel Douglas,A5012634256,fuzzy,I40120149
594,Ragnhildur Thora Karadottir,A5044032139,exact,I241749
2107,Yuval Ebenstein,A5089836860,exact,I16391192
3376,Helena Cristina Ferreira Machado,A5079541400,alias,I99682543
1503,Wojciech Miloch,A5086688344,alias,I184942183
3372,Lotta Marie Christine Vikström,A5090771140,fuzzy,I90267481
3325,Claudia Elena Aradau,A5071973534,alias,I183935753
597,Amir Amedi,A5034713252,exact,I138898306
419,Ruben Van Boxtel,A5019020568,alias,I4210127118
2705,Gernot Rudolf Mueller-Putz,A5053241501,fuzzy,I4092182
2831,Dorina Maria Opris,A5007993170,fuzzy,I71824836
1440,Sander Nijdam,A5028449814,alias,I83019370
3548,Marina Kalashnikova,A5043494058,exact,I4210104355
2662,Andrea Di Falco,A5009045834,alias,I16835326
2644,Avinoam Zadok,A5026421246,alias,I13955877
2466,Stefan Roth,A5056098625,exact,I31512782
635,Aldo Genovesio,A5005245127,exact,I861853513
3539,Mark Antonius Jan Huijbregts,A5080182359,fuzzy,I145872427
630,Joerg Albert,A5045308729,alias,I45129253
475,Dieter Karl Maximilian Saur,A5090240499,fuzzy,I2802619606
2495,Yaron Lipman,A5039995559,exact,I53964585
2694,Róisín Meabh Owens,A5076048603,alias,I241749
169,Paul Wilmes,A5076512847,alias,I186903577
2163,Ferdinand Cornelius Grozema,A5082384741,fuzzy,I98358874
1090,Yann Mats Clough,A5057350038,fuzzy,I187531555
1544,Athanasios Nenes,A5001150915,exact,I8901234
751,Satu Maarit Mustjoki,A5008868111,fuzzy,I133731052
2617,Christian Kirches,A5053623605,exact,I94509681
3367,Eileen Marie Moyer,A5039934786,fuzzy,I887064364
1449,Florent Gimbert,A5066809808,exact,I1294671590
4129,David Abson,A5016050844,alias,I113456305
933,Gonçalo De Sá E Sousa De Castelo Branco,A5042851935,alias,I28166907
3150,Camille Landais,A5078514269,alias,I909854389
1944,Frank Pollmann,A5049927722,alias,I62916508
1420,Gabriele Messori,A5061617752,alias,I123387679
1505,Angela Gallego-Sala,A5011579501,exact,I23923803
1444,Romain Jolivet,A5052546409,exact,I29607241
1286,Bozhidar Velichkov,A5087382359,alias,I108290504
1404,Martin Hairer,A5016315238,exact,I47508984
2868,Alejandro Antonio Franco,A5080027604,alias,I1294671590
1095,Thijs Ettema,A5086230550,alias,I913481162
871,Camilla Svensson,A5070089176,alias,I28166907
2429,Barbara Plank,A5088832285,exact,I8204097
205,Rotem Sorek,A5024718393,exact,I53964585
3163,Stephen Hansen,A5044176523,exact,I45129253
2071,Tom De Greef,A5102314434,fuzzy,I83019370
1168,Li Tang,A5065125027,alias,I5124864
1942,Guillaume Arthur Francois Schull,A5076893471,fuzzy,I1294671590
4114,Lucy Anne Parker,A5047448066,alias,I111262870
3767,Hubert Feiglstorfer,A5068769793,alias,I138211613
4055,Stefano Benazzi,A5024472507,alias,I9360294
2602,Ferruccio Pisanello,A5073062701,alias,I30771326
2766,Nils Goseberg,A5103919811,alias,I94509681
3287,David Kosar,A5058353802,alias,I21449261
444,Nicolas Adrien Michaël Venteclef,A5019904780,fuzzy,I154526488
2673,Oren Cohen,A5020641761,exact,I174306211
1632,Jaime Martin,A5103086995,alias,I11019714
3064,Emilia Kilpua,A5020163516,exact,I133731052
756,Sebastien Jean Pfeffer,A5043206101,fuzzy,I1294671590
1388,Christian Liedtke,A5102713593,exact,I62916508
2521,Mauro Birattari,A5061782786,alias,I132053463
2650,Fabrizio De Vico Fallani,A5089157446,alias,I1326498283
2530,James Robert Cheney,A5056138547,fuzzy,I98677209
1690,Johannes Fink,A5027590875,alias,I157556583
2685,Etienne Francois Noël Perret,A5028422261,fuzzy,I106785703
969,Jonas Larsson,A5112464570,exact,I187531555
1769,Nicola Neri,A5106314221,alias,I189158943
321,Mohamed Lamkanfi,A5102796633,exact,I32597200
2936,Jürgen Groll,A5017257466,exact,I4210126310
1608,Pablo P Boix,A5040052910,alias,I134820265
1063,Mathieu Lihoreau,A5067924606,exact,I1294671590
973,Massimiliano Pagani,A5075506116,exact,I189158943
1295,David Holmes,A5000435759,exact,I121797337
3670,Simone Pika,A5002820090,exact,I170658231
1231,Sarel-Jacob Fleishman,A5031768744,alias,I53964585
1985,Mikko Pentti Matias Möttönen,A5047643849,fuzzy,I9927081
1727,Albert Schliesser,A5082293397,alias,I124055696
3274,Charles Butcher,A5066118007,alias,I204778367
3928,Katerina Douka,A5009770538,exact,I129774422
880,Johanna Petra Olweus,A5028004266,fuzzy,I184942183
3568,Strijkers Kristof,A5030866937,alias,I1294671590
3219,Daniel Li Chen,A5017324980,fuzzy,I4210092408
1189,Panagiotis Moschou,A5034192143,alias,I8901234
1020,Sophie Sanchez,A5030613963,exact,I123387679
774,Madhuri Salker,A5048649402,alias,I8087733
2494,Natasa Przulj,A5069984203,alias,I2799803557
2763,Andreas Carlson,A5051560174,exact,I184942183
3677,Jelte Wicherts,A5029698090,alias,I193700539
2839,Samuel Sanchez Ordonez,A5065206530,alias,I4210147769
421,Arkaitz Carracedo Perez,A5014972417,alias,I4210112728
1474,Cathy Quantin-Nataf,A5029307055,alias,I100532134
1350,Xin Li,A5100353820,alias,I7882870
1221,Miriam Rosenbaum,A5016954737,alias,I4210162077
3549,Tobias Hauser,A5042016465,alias,I8087733
2032,Thomas Jagau,A5045088990,alias,I99464096
775,Sophia Stoecklein,A5027583465,exact,I8204097
1018,Shuqing Xu,A5042368523,alias,I197323543
2947,Iair Arcavi,A5107883936,exact,I16391192
619,Thomas Nevian,A5077686493,alias,I118564535
3656,Bahador Bahrami,A5000762852,alias,I8204097
58,Michael Hothorn,A5089590993,alias,I114457229
3600,Thomas Wallis,A5042571927,alias,I31512782
21,Magnus Øverlie Arntzen,A5054809561,alias,I54108979
3882,Mathieu Candea,A5057216390,alias,I241749
746,Bruno Miguel De Carvalho E Silva Santos,A5030043762,fuzzy,I141596103
267,Andrea Pauli,A5058477479,alias,I195525897
996,Roberto Salguero-Gómez,A5048557703,exact,I40120149
2500,Dejan Manojlo Kostic,A5048036382,fuzzy,I86987016
562,Federico De Martino,A5090734850,exact,I34352273
746,Bruno Miguel De Carvalho E Silva Santos,A5042551015,fuzzy,I141596103
2065,Nicolas Plumere,A5037500147,alias,I62916508
2950,Johan Mazoyer,A5103289951,exact,I1294671590
2990,Paola Popesso,A5107006836,alias,I1321434546
3020,Benoit Cerutti,A5041456096,exact,I1294671590
1025,Jillian Michelle Petersen,A5063678252,fuzzy,I129774422
1098,Andrea J Betancourt,A5045799799,fuzzy,I146655781
3355,Sven Aron Oskarsson,A5058805863,fuzzy,I123387679
1893,Thomas Salez,A5062740465,alias,I1294671590
2935,Timon Rabczuk,A5108421192,exact,I51441396
960,Dan Peer,A5103097324,alias,I16391192
2544,Stephan Kreutzer,A5062011497,exact,I4577782
3956,Giedre Motuzaite Matuzeviciute,A5024379219,alias,I173212132
1187,Charles Melnyk,A5015411090,alias,I298625061
3292,Rutgerd Boelens,A5003945663,alias,I913481162
3441,Tali Kristal,A5060541841,alias,I91203450
2994,Christian Moestl,A5000417828,alias,I4387154425
993,Cecilia Nilsson,A5054084621,alias,I187531555
4058,Jeremy Edmund Taylor,A5024766062,fuzzy,I142263535
1717,Lorenzo Bianchini,A5013310906,alias,I108290504
997,Emily Mitchell,A5018058827,alias,I241749
1493,Ana Godinho Ferreira,A5103615081,fuzzy,I45129253
4157,Tamara Bjažić Klarin,A5029718785,alias,I4210097228
3170,Michael Francis Mcmahon,A5007518474,alias,I40120149
3105,Jan Stuhler,A5071390181,exact,I50357001
3617,Alex Taylor,A5017792679,alias,I123044942
1216,Kathrin Lang,A5074271707,alias,I35440088
139,Simon Elsässer,A5069126441,alias,I28166907
2604,Lucia Caspani,A5022909078,alias,I115752224
3596,Judith Domínguez Borràs,A5027718334,alias,I71999127
1710,Mikko Voutilainen,A5015158727,alias,I133731052
2018,Francesco De Angelis,A5102893395,alias,I30771326
1523,Carlos Perez Garcia-Pando,A5034402083,exact,I2799803557
3039,Hans Kristian Eriksen,A5105554057,fuzzy,I184942183
248,Peter Walentek,A5017701359,exact,I2801240073
773,Roger Molto Pallares,A5035055430,alias,I4210120689
1378,Alessandro Giuliani,A5013428460,alias,I861853513
3186,Kalina Manova,A5113264418,exact,I45129253
1821,Lucio Cerrito,A5114643364,exact,I116067653
1289,James Maynard,A5074725717,alias,I40120149
378,Anna Obenauf,A5078729702,alias,I195525897
95,Philipp Selenko,A5047530888,alias,I53964585
3285,Charles Wilson,A5033157082,alias,I40120149
563,Ana Joao Gomes Rodrigues,A5104349164,fuzzy,I99682543
1717,Lorenzo Bianchini,A5107880467,alias,I108290504
3329,Jean-Benoit Pilet,A5113458719,alias,I132053463
3735,Samuli Reijula,A5049206353,exact,I133731052
3178,Maria Libertad González Luna,A5101623688,fuzzy,I170486558
3615,Stefano Palminteri,A5102498111,alias,I154526488
1040,Stéphane Hacquard,A5024362734,alias,I149899117
2548,Carsten Curt Eckard Rother,A5102921586,fuzzy,I4210086570
4176,Daniel Li Chen,A5060190552,fuzzy,I4210092408
1912,Robert Vácha,A5029926572,alias,I21449261
822,Valentina Bollati,A5007347746,alias,I189158943
777,Katja Van Den Hurk,A5111227808,alias,I3020210244
3997,Damien Tricoire,A5048954359,exact,I89864525
2114,Hans Jakob Wörner,A5003050424,alias,I35440088
2513,Maria Elisabeth Oswald,A5040494476,alias,I4210166741
3910,Béla Vilmos Mihalik,A5001430221,alias,I4210131266
3409,Marie Rosenkrantz Lindegaard,A5042695244,exact,I865915315
2703,Marco Peccianti,A5009176490,alias,I143804889
2344,Olivier Pierre Renaudet,A5081579199,fuzzy,I899635006
1493,Ana Godinho Ferreira,A5037563280,fuzzy,I45129253
2079,Kasper Dyrberg Rand,A5102632027,fuzzy,I124055696
358,Direna Alonso-Curbelo,A5065536002,exact,I4210122345
1401,Pierre Henri Alexandre Raphael,A5109371196,fuzzy,I241749
2872,Salvador Pané Vidal,A5112508875,alias,I35440088
949,Lorraine Brennan,A5108665883,exact,I100930933
1045,Johan Decelle,A5064893017,exact,I1294671590
50,Robert Ernst,A5043813423,alias,I91712215
3930,Helle Jensen,A5076005249,alias,I204337017
1578,Diego Perugini,A5104002320,exact,I27483092
387,Carmine Settembre,A5110727060,exact,I71267560
193,Martin Beck,A5028999855,exact,I149899117
1033,Laszlo Nagy,A5047717254,exact,I2800351701
463,Rami Aqeilan,A5022363393,exact,I197251160
3932,Tomos Proffitt,A5021639420,alias,I71503853
1657,Karoline Schäffner,A5026083116,alias,I149899117
3986,Erin Thomas Dailey,A5033712687,alias,I153648349
930,Unnur Valdimarsdóttir,A5104666605,fuzzy,I165368041
1350,Xin Li,A5100353894,alias,I7882870
2386,Sebastian Stich,A5045519627,alias,I4210128801
1220,Abel Garcia Pino,A5045177732,exact,I132053463
2001,Alexander Grueneis,A5084866187,alias,I180923762
4106,Elisabetta De Cao,A5049203811,alias,I9360294
2620,Carlos Alonso Ramos,A5113245649,exact,I1294671590
1949,Alexander Hoegele,A5110509198,alias,I8204097
1545,Philip Stier,A5059695975,exact,I40120149
994,Emilia Santos,A5109535194,alias,I241749
2921,Dongsheng Wen,A5103968406,fuzzy,I130828816
2902,Guillaume Loïc Haiat,A5081941524,fuzzy,I1294671590
387,Carmine Settembre,A5056795266,alias,I71267560
2018,Francesco De Angelis,A5102237761,alias,I30771326
101,Vincenzo Costanzo,A5083078779,alias,I189158943
1539,Daniel Roy Parsons,A5113897978,fuzzy,I191240316
250,Maya Bar,A5029142860,alias,I124227911
3355,Sven Aron Oskarsson,A5107484783,fuzzy,I123387679
4100,Emanuele Campiglio,A5107430607,alias,I9360294
2850,Edgardo Ademar Saucedo Silva,A5026009141,fuzzy,I9617848
2471,Ugo Dal Lago,A5099583032,exact,I9360294
132,Jeroen De Ridder,A5113874229,alias,I3018483916
3275,Kevin Koehler,A5075209032,exact,I162290304
2637,Yonina Eldar,A5109257227,fuzzy,I53964585
1467,Mustafa Yucel,A5103901341,fuzzy,I201799495
4151,Nabil Ahmed,A5101602446,alias,I204778367
537,Miriam Melis,A5114904822,alias,I172446870
1313,Benjamin Gess,A5107892054,alias,I4577782
2468,Julien Jérôme Tierny,A5095607338,fuzzy,I1294671590
995,Susan Johnston,A5020633089,alias,I98677209
2101,Giovanni Maria Pavan,A5104123179,alias,I177477856
3687,Kenneth Smith,A5078756552,alias,I98677209
2667,Matthias Althoff,A5109375322,alias,I62916508
2517,Albrecht Schmidt,A5107174608,exact,I8204097
3358,Marieke De Goede,A5042484381,exact,I887064364
836,Rachela Popovtzer,A5039004884,alias,I13955877
1916,Nicolas Roch,A5008465282,exact,I1294671590
2667,Matthias Althoff,A5005383495,exact,I62916508
1728,Simon Gröblacher,A5112342934,alias,I98358874
2396,Gerhard Neumann,A5088394978,alias,I102335020
82,Mariusz Nowacki,A5044820964,exact,I118564535
940,Daniel Razansky,A5082319905,exact,I202697423
1938,Binghai Yan,A5046399891,exact,I53964585
1264,Frank Hollmann,A5039285985,alias,I98358874
3671,Meike Bartels,A5029768836,alias,I865915315
2707,Francesco Poletti,A5068700158,exact,I43439940
1630,Johanna Rosen,A5077791406,exact,I102134673
3534,Inga Dora Sigfusdottir,A5067846824,alias,I123185442
2464,Jian-Jia Chen,A5000417436,exact,I200332995
2051,Michal Leskes,A5043746490,exact,I53964585
2070,Csaba Janaky,A5075233752,alias,I227486990
2740,Sophia Haussener,A5041466191,alias,I5124864
2983,Lena Noack,A5050798999,exact,I75951250
594,Ragnhildur Thora Karadottir,A5044032139,alias,I241749
2107,Yuval Ebenstein,A5089836860,alias,I16391192
597,Amir Amedi,A5034713252,alias,I138898306
419,Ruben Van Boxtel,A5019020568,exact,I4210127118
1440,Sander Nijdam,A5028449814,exact,I83019370
3548,Marina Kalashnikova,A5043494058,alias,I4210104355
2662,Andrea Di Falco,A5009045834,exact,I16835326
2466,Stefan Roth,A5056098625,alias,I31512782
635,Aldo Genovesio,A5005245127,alias,I861853513
2495,Yaron Lipman,A5039995559,alias,I53964585
169,Paul Wilmes,A5076512847,exact,I186903577
1544,Athanasios Nenes,A5001150915,alias,I8901234
2617,Christian Kirches,A5053623605,alias,I94509681
1449,Florent Gimbert,A5066809808,alias,I1294671590
3150,Camille Landais,A5078514269,exact,I909854389
1944,Frank Pollmann,A5049927722,exact,I62916508
1420,Gabriele Messori,A5061617752,exact,I123387679
1505,Angela Gallego-Sala,A5011579501,alias,I23923803
1444,Romain Jolivet,A5052546409,alias,I29607241
1286,Bozhidar Velichkov,A5087382359,exact,I108290504
1404,Martin Hairer,A5016315238,alias,I47508984
2429,Barbara Plank,A5088832285,alias,I8204097
205,Rotem Sorek,A5024718393,alias,I53964585
3163,Stephen Hansen,A5044176523,alias,I45129253
1168,Li Tang,A5065125027,exact,I5124864
4114,Lucy Anne Parker,A5047448066,exact,I111262870
3767,Hubert Feiglstorfer,A5068769793,exact,I138211613
4055,Stefano Benazzi,A5024472507,exact,I9360294
3287,David Kosar,A5058353802,exact,I21449261
1632,Jaime Martin,A5103086995,exact,I11019714
3064,Emilia Kilpua,A5020163516,alias,I133731052
1388,Christian Liedtke,A5102713593,alias,I62916508
2521,Mauro Birattari,A5061782786,exact,I132053463
2650,Fabrizio De Vico Fallani,A5089157446,exact,I1326498283
969,Jonas Larsson,A5112464570,alias,I187531555
321,Mohamed Lamkanfi,A5102796633,alias,I32597200
2936,Jürgen Groll,A5017257466,alias,I4210126310
1063,Mathieu Lihoreau,A5067924606,alias,I1294671590
973,Massimiliano Pagani,A5075506116,alias,I189158943
1295,David Holmes,A5000435759,alias,I121797337
3670,Simone Pika,A5002820090,alias,I170658231
3274,Charles Butcher,A5066118007,exact,I204778367
3928,Katerina Douka,A5009770538,alias,I129774422
4176,Daniel Li Chen,A5017324980,fuzzy,I4210092408
1020,Sophie Sanchez,A5030613963,alias,I123387679
2494,Natasa Przulj,A5069984203,exact,I2799803557
2763,Andreas Carlson,A5051560174,alias,I184942183
1474,Cathy Quantin-Nataf,A5029307055,exact,I100532134
1350,Xin Li,A5100353820,exact,I7882870
775,Sophia Stoecklein,A5027583465,alias,I8204097
1018,Shuqing Xu,A5042368523,exact,I197323543
2947,Iair Arcavi,A5107883936,alias,I16391192
619,Thomas Nevian,A5077686493,exact,I118564535
58,Michael Hothorn,A5089590993,exact,I114457229
267,Andrea Pauli,A5058477479,exact,I195525897
996,Roberto Salguero-Gómez,A5048557703,alias,I40120149
562,Federico De Martino,A5090734850,alias,I34352273
2065,Nicolas Plumere,A5037500147,exact,I62916508
2950,Johan Mazoyer,A5103289951,alias,I1294671590
3020,Benoit Cerutti,A5041456096,alias,I1294671590
1893,Thomas Salez,A5062740465,exact,I1294671590
2935,Timon Rabczuk,A5108421192,alias,I51441396
960,Dan Peer,A5103097324,exact,I16391192
2544,Stephan Kreutzer,A5062011497,alias,I4577782
3956,Giedre Motuzaite Matuzeviciute,A5024379219,exact,I173212132
3292,Rutgerd Boelens,A5003945663,exact,I913481162
3441,Tali Kristal,A5060541841,exact,I91203450
993,Cecilia Nilsson,A5054084621,exact,I187531555
1717,Lorenzo Bianchini,A5013310906,exact,I108290504
4157,Tamara Bjažić Klarin,A5029718785,exact,I4210097228
3105,Jan Stuhler,A5071390181,alias,I50357001
1216,Kathrin Lang,A5074271707,exact,I35440088
2604,Lucia Caspani,A5022909078,exact,I115752224
3596,Judith Domínguez Borràs,A5027718334,exact,I71999127
1710,Mikko Voutilainen,A5015158727,exact,I133731052
2018,Francesco De Angelis,A5102893395,exact,I30771326
1523,Carlos Perez Garcia-Pando,A5034402083,alias,I2799803557
248,Peter Walentek,A5017701359,alias,I2801240073
1378,Alessandro Giuliani,A5013428460,exact,I861853513
3186,Kalina Manova,A5113264418,alias,I45129253
1821,Lucio Cerrito,A5114643364,alias,I116067653
1289,James Maynard,A5074725717,exact,I40120149
95,Philipp Selenko,A5047530888,exact,I53964585
3285,Charles Wilson,A5033157082,exact,I40120149
3329,Jean-Benoit Pilet,A5113458719,exact,I132053463
3735,Samuli Reijula,A5049206353,alias,I133731052
3615,Stefano Palminteri,A5102498111,exact,I154526488
1040,Stéphane Hacquard,A5024362734,exact,I149899117
3219,Daniel Li Chen,A5060190552,fuzzy,I4210092408
777,Katja Van Den Hurk,A5111227808,exact,I3020210244
3997,Damien Tricoire,A5048954359,alias,I89864525
3910,Béla Vilmos Mihalik,A5001430221,exact,I4210131266
3409,Marie Rosenkrantz Lindegaard,A5042695244,alias,I865915315
2703,Marco Peccianti,A5009176490,exact,I143804889
358,Direna Alonso-Curbelo,A5065536002,alias,I4210122345
949,Lorraine Brennan,A5108665883,alias,I100930933
1045,Johan Decelle,A5064893017,alias,I1294671590
1578,Diego Perugini,A5104002320,alias,I27483092
387,Carmine Settembre,A5110727060,alias,I71267560
193,Martin Beck,A5028999855,alias,I149899117
1033,Laszlo Nagy,A5047717254,alias,I2800351701
463,Rami Aqeilan,A5022363393,alias,I197251160
3932,Tomos Proffitt,A5021639420,exact,I71503853
1350,Xin Li,A5100353894,exact,I7882870
1220,Abel Garcia Pino,A5045177732,alias,I132053463
4106,Elisabetta De Cao,A5049203811,exact,I9360294
2620,Carlos Alonso Ramos,A5113245649,alias,I1294671590
1949,Alexander Hoegele,A5110509198,exact,I8204097
1545,Philip Stier,A5059695975,alias,I40120149
994,Emilia Santos,A5109535194,exact,I241749
387,Carmine Settembre,A5056795266,exact,I71267560
2018,Francesco De Angelis,A5102237761,exact,I30771326
101,Vincenzo Costanzo,A5083078779,exact,I189158943
250,Maya Bar,A5029142860,exact,I124227911
4100,Emanuele Campiglio,A5107430607,exact,I9360294
2471,Ugo Dal Lago,A5099583032,alias,I9360294
132,Jeroen De Ridder,A5113874229,exact,I3018483916
3275,Kevin Koehler,A5075209032,alias,I162290304
2713,Yonina Eldar,A5109257227,fuzzy,I53964585
4151,Nabil Ahmed,A5101602446,exact,I204778367
1313,Benjamin Gess,A5107892054,exact,I4577782
995,Susan Johnston,A5020633089,exact,I98677209
2517,Albrecht Schmidt,A5107174608,alias,I8204097
3706,Denny Borsboom,A5029100305,exact,I887064364
1481,Chloe Michaut,A5029449490,exact,I113428412
2364,Liberato Manna,A5025956413,exact,I30771326
3712,Tom René Beckers,A5087334854,fuzzy,I99464096
4099,Oded Cats,A5058766860,alias,I98358874
749,Veit Helmut Hornung,A5016667606,fuzzy,I8204097
1821,Lucio Cerrito,A5110312454,alias,I116067653
2929,Jordi Sort Vinas,A5021308810,alias,I123044942
1075,Tanja Stadler,A5055449742,alias,I35440088
2671,Pietro Valdastri,A5035357710,alias,I130828816
2101,Giovanni Maria Pavan,A5061158708,alias,I177477856
1776,Alexander Schmidt,A5067866874,alias,I887968799
130,Yonatan Stelzer,A5028804644,alias,I53964585
1911,Giovanni Volpe,A5010589630,exact,I881427289
2114,Hans Jakob Wörner,A5011676219,exact,I35440088
2688,Francesco Paolo Andriulli,A5002273642,alias,I177477856
2320,Paolo Melchiorre,A5088465399,alias,I4210088955
3007,Silvia Galli,A5106453768,alias,I1294671590
3192,Bård Gjul Harstad,A5112601992,alias,I184942183
2855,Raul Bermejo,A5072317279,alias,I182712176
2280,Sara Bals,A5013888065,exact,I149213910
4128,Willem Jan Wouter Botzen,A5065319988,alias,I865915315
834,Dario Greco,A5028682033,exact,I166825849
2708,Abu Sebastian,A5017236774,alias,I4210126328
4003,Kristiina Mannermaa,A5023287364,alias,I133731052
2660,Niels Gregersen,A5028150151,exact,I96673099
2614,Kris Myny,A5044710002,exact,I99464096
3583,Wouter Van Den Bos,A5054947147,exact,I887064364
2444,Robert Wille,A5004214923,alias,I62916508
1530,Richard Katz,A5084321199,alias,I40120149
1472,Emma Tomlinson,A5014876044,alias,I205274468
1540,Stephanie Anne Henson,A5075890093,alias,I197940685
2456,Stefan Schmid,A5066080641,exact,I4577782
1385,Peter Karl Friz,A5085656370,fuzzy,I4577782
1954,Sandra Van Aert,A5085957218,alias,I149213910
3056,Avishay Gal-Yam,A5107954008,exact,I53964585
239,Hanna Hõrak,A5076099596,exact,I56085075
1986,Jasper Van Der Gucht,A5074132674,exact,I913481162
1110,Joseph Schacherer,A5091722749,alias,I68947357
308,Aurelio Teleman,A5052778454,alias,I17937529
629,Adrian Michael Isaacs,A5068723908,fuzzy,I45129253
2237,Daniela Wilson,A5042895917,alias,I145872427
1161,Oliver Pybus,A5061658598,alias,I40120149
2903,Chiara Silvia Vitale Brovarone,A5108657387,fuzzy,I177477856
1379,Gianluigi Rozza,A5061558433,exact,I138549579
2230,Timothy Noel,A5058411581,alias,I887064364
2682,Gianluca Fiori,A5061426001,exact,I108290504
2882,Christian Greiner,A5067374965,exact,I102335020
1053,Nicola Segata,A5068576885,alias,I193223587
1116,Alexei Maklakov,A5047986658,alias,I1118541
1559,Hendrik Fuchs,A5057217648,alias,I171892758
2258,Katharina Schröder,A5090183844,alias,I145847075
574,Camilla Bellone,A5002276509,alias,I114457229
1064,Yossi Yovel,A5016325693,alias,I16391192
2418,Nicolas Benoit P Gillis,A5040368041,fuzzy,I130929987
818,Claudia Denkinger,A5022367224,alias,I2802164966
426,Christian Frezza,A5013887971,alias,I4210153755
2238,Shigeyoshi Inoue,A5067961961,alias,I62916508
1744,Dmitry Abanin,A5018660847,alias,I114457229
3038,Ian Mccarthy,A5033973593,alias,I63098007
1507,Stijn De Schepper,A5002139453,alias,I4210107808
1045,Johan Decelle,A5057021217,alias,I1294671590
242,Edouard Hannezo,A5027982101,exact,I157556583
347,Francesco Paneni,A5050799541,alias,I202697423
3035,Maarit Käpylä,A5112379716,alias,I9927081
2079,Kasper Dyrberg Rand,A5052615670,alias,I124055696
1044,Marie Semon,A5091156775,exact,I113428412
3452,Marta Bucholc,A5027000197,exact,I4654613
3619,Martijn Pieter Van Den Heuvel,A5009949271,alias,I865915315
2647,Venkata Kamalakar Mutta,A5079352140,alias,I123387679
407,Nicola Aceto,A5084595779,exact,I35440088
3868,Christian Robert Lange,A5037024448,alias,I193662353
3653,Aikaterini Fotopoulou,A5000736540,exact,I45129253
1614,Jose Lado,A5026208796,alias,I9927081
233,Johan Elf,A5049367949,alias,I123387679
1918,Robert Prevedel,A5062597899,alias,I4210138560
2804,Daniel Tam,A5044795314,alias,I98358874
2272,Nuno Silva,A5100451492,alias,I60858718
2326,Christelle Nathalie Prinz,A5070114252,fuzzy,I187531555
2452,Torsten Hoefler,A5026990786,alias,I35440088
1550,Eric Douglas Galbraith,A5019280918,alias,I123044942
1455,Jeffrey Carpenter,A5083535915,alias,I4210139239
1005,Katherine Helliwell,A5031382933,alias,I23923803
563,Ana Joao Gomes Rodrigues,A5045634165,fuzzy,I99682543
1026,Zuzana Musilová,A5008296954,exact,I21250087
85,Gunter Jurgen Andreas Meister,A5058056443,fuzzy,I60668342
2996,Josquin Errard,A5082065179,exact,I1294671590
1776,Alexander Schmidt,A5062357332,alias,I887968799
43,Sebastian Glatt,A5012531471,alias,I126596746
687,Neta Regev-Rudzki,A5087526855,exact,I53964585
4074,Carolina Mallol Duque,A5040106724,alias,I158438070
3090,Alexander Westphal,A5084197990,exact,I2801876189
2758,Carlos Mota,A5058979303,alias,I34352273
821,Lars Maegdefessel,A5033406476,alias,I2802619606
2403,Fabrizio Montesi,A5000566520,alias,I177969490
1335,David Loeffler,A5070725114,alias,I39555362
1770,Harvey Byron Meyer,A5054527590,fuzzy,I197323543
125,Davide Risso,A5088632823,exact,I138689650
2325,Marijn Arnout Van Huis,A5003407724,fuzzy,I193662353
1021,Suvi Ruuskanen,A5048415511,alias,I94722563
2390,Michal Feldman,A5103282352,alias,I16391192
503,Peter Kok,A5016715765,alias,I45129253
563,Ana Joao Gomes Rodrigues,A5056695245,fuzzy,I99682543
655,Rui Manuel Marques Fernandes Da Costa,A5060965799,fuzzy,I113358080
1506,Corrado Cimarelli,A5025118057,exact,I8204097
2966,Boon Kok Tan,A5037572044,alias,I40120149
3319,Dawn Watkins,A5078266473,alias,I91136226
3581,Tamás Faragó,A5017726486,exact,I106118109
859,Vered Karavani,A5049437339,fuzzy,I16391192
2076,Tuomas Pertti Jonathan Knowles,A5103025659,fuzzy,I241749
2188,Fernanda Duarte,A5080148464,exact,I40120149
215,Petra Hajkova,A5008085628,alias,I47508984
557,Claire Wyart,A5030843888,alias,I154526488
2540,Kasper Anders Soren Hornbæk,A5015615908,fuzzy,I124055696
33,Markus Weingarth,A5024449996,alias,I193662353
343,Thorsten Hoppe,A5079367986,exact,I180923762
1146,Ivana Gudelj,A5048675389,exact,I23923803
784,Philipp Vollmuth,A5038487968,alias,I2799391451
757,Fotini Nina Papavasiliou,A5086882857,alias,I17937529
3778,Marieke Van Erp,A5072750611,alias,I1322597698
1951,John Julian Larrarte Morton,A5050828444,fuzzy,I45129253
2060,An Ghysels,A5015471372,alias,I32597200
1538,Christoph Karl Thomas,A5063333223,fuzzy,I54009628
577,Francesca Cacucci,A5028099121,alias,I45129253
1903,Pablo Alonso Gonzalez,A5109465263,alias,I165339363
249,Kurt Schmoller,A5080584860,alias,I3018134672
2848,Tobias Manuel Schneider,A5082232920,fuzzy,I5124864
693,María Mittelbrunn,A5032075495,alias,I134820265
3836,Alena Rettová,A5034997266,alias,I54009628
2408,Katrina Ligett,A5076701535,exact,I197251160
973,Massimiliano Pagani,A5022465722,alias,I189158943
3943,Andrea Acri,A5017763271,exact,I159885104
235,Michaël Philippe Weber,A5010500477,fuzzy,I1294671590
1139,Ignacio González Bravo,A5074079969,fuzzy,I1294671590
2314,Guillermo Minguez Espallargas,A5042054674,exact,I16097986
2889,Nicolas Ranc,A5021060446,exact,I1294671590
3630,Bernhard Staresina,A5087500318,alias,I40120149
153,Felix Meissner,A5073970595,alias,I2799391451
418,Matthew Campbell,A5042245860,alias,I205274468
2296,Nathalie Hélène Katsonis,A5057724218,fuzzy,I169381384
3371,Philip Howard,A5079636968,alias,I40120149
3434,Sahana Udupa,A5089986506,alias,I8204097
2197,Stephen Wallace,A5038831116,alias,I98677209
2178,Serena Debeer,A5053491539,exact,I149899117
870,Ruben Christiaan Hartkoorn,A5048322980,alias,I154526488
1629,Sergio Fernandez Garrido,A5053351691,exact,I88060688
943,Weimin Ye,A5067181901,alias,I28166907
306,Ana Martin-Villalba,A5065448559,fuzzy,I17937529
3821,Michael Butter,A5069616116,exact,I8087733
1973,Christian Reinhard Ast,A5027387996,alias,I149899117
572,Pascale Bomont,A5108106520,alias,I154526488
240,Lucas Tilmann Jae,A5020434531,fuzzy,I8204097
2100,Alfonso De Simone,A5078520379,exact,I71267560
1362,Gabor Zoltan Pete,A5063213545,fuzzy,I127817813
665,Alexander Clarke,A5028030494,alias,I40120149
1546,Hagit Pnina Affek,A5046887717,fuzzy,I197251160
120,Tineke Lenstra,A5033153166,alias,I2898336195
3961,Emmanuel Nantet,A5004989019,alias,I91203450
3960,Carlos Tornero,A5109471488,exact,I123044942
3315,Katherine Browne,A5042835035,alias,I100930933
326,Magali Aude Emmanuelle Suzanne,A5104581616,fuzzy,I1294671590
479,Susana Gonzalez,A5041586028,alias,I2809107791
1846,Gilad Perez,A5061126453,alias,I53964585
3424,Sabina Cehajic-Clancy,A5023810719,exact,I161593684
3445,Joris Mulder,A5068435789,alias,I193700539
869,Mathilde Touvier,A5114020421,alias,I154526488
2184,Anat Milo,A5052386381,alias,I124227911
3847,Silvia Ferrara,A5020915273,alias,I9360294
176,Maude Audrey Guillier,A5082917219,fuzzy,I1294671590
1625,Kunal Masania,A5082870560,exact,I98358874
1068,Mederic Diard,A5048213818,alias,I1850255
3921,Haakon Andreas Ikonomou,A5040009970,alias,I124055696
2984,Michal Drahus,A5006704814,alias,I126596746
3110,Alessia Russo,A5103922083,exact,I138689650
1299,Sepideh Mirrahimi,A5085283703,exact,I1294671590
280,Nadine Vastenhouw,A5061865787,alias,I97565354
3918,Brigitte Le Normand,A5018178559,alias,I34352273
4030,Maria De Lurdes Pereira Rosa,A5103261909,alias,I83558840
2734,Chun Huang,A5100544905,alias,I47508984
258,Elvan Boke,A5033091736,exact,I4210137962
3687,Kenneth Smith,A5101943875,exact,I98677209
624,Ileana Livia Opatz,A5036675615,fuzzy,I4210108711
2392,Ambrus Kaposi,A5026618450,alias,I106118109
3110,Alessia Russo,A5034747043,alias,I138689650
3916,Agnieszka Sobocinska,A5057586581,exact,I183935753
266,Ulrika Marklund,A5042146774,alias,I28166907
3117,Arash Nekoei,A5000949705,exact,I161593684
3808,David O'Shaughnessy,A5112152246,alias,I188760350
3808,David O'Shaughnessy,A5025302523,alias,I188760350
1075,Tanja Stadler,A5108711246,exact,I35440088
917,Andrea Bertotti,A5111231455,exact,I55143463
3868,Christian Robert Lange,A5101436003,fuzzy,I193662353
899,Marta Alonso-Roldan,A5032014527,fuzzy,I88155538
4131,Annette Baudisch,A5038074590,exact,I177969490
1825,Markus Aspelmeyer,A5109507812,exact,I129774422
653,Colin Jon Akerman,A5111244201,fuzzy,I40120149
1350,Xin Li,A5111362423,exact,I7882870
3926,Margit Simon,A5085447214,alias,I4210107808
2226,Maria Escudero Escribano,A5011008334,exact,I4210093216
904,Matthias Meier,A5101603972,alias,I3018134672
3952,Dennis Lehmkuhl,A5042001188,alias,I135140700
3994,John-Paul Ghobrial,A5112506180,fuzzy,I40120149
594,Ragnhildur Thora Karadottir,A5016675466,alias,I241749
3285,Charles Wilson,A5014878786,alias,I40120149
953,Frederic Amant,A5114187757,alias,I99464096
2090,Claire Wilhelm,A5106432284,alias,I1294671590
1602,Xuekun Lu,A5000724287,alias,I166337079
549,Frederic Gambino,A5114813256,alias,I1294671590
2246,Kasper Moth-Poulsen,A5114229602,exact,I9617848
2866,Nicolas Noiray,A5093685631,alias,I35440088
2537,Josef Urban,A5107379897,exact,I44504214
2127,Ville-Veikko Telkki,A5023732028,exact,I98381234
726,Victoria Cowling,A5052631798,alias,I4210143228
3832,Massimo Leone,A5003359125,exact,I55143463
1757,Reinhild Fatima Yvonne Peters,A5107918940,fuzzy,I28407311
1394,David Perez Garcia,A5100766046,fuzzy,I121748325
1461,Jose Alberto Padron Navarta,A5006433996,alias,I134820265
2814,Ignazio Maria Viola,A5060794094,alias,I98677209
955,Vincent Wilfred Vishal-Kapoor Jaddoe,A5105887230,fuzzy,I2801952686
2255,Laura Fabris,A5099523146,alias,I177477856
1757,Reinhild Fatima Yvonne Peters,A5104088048,alias,I28407311
3050,Pierre Beck,A5108122475,exact,I899635006
1083,Nicolas Puillandre,A5111804489,exact,I4210123595
1559,Hendrik Fuchs,A5112661827,alias,I171892758
2270,Thomas Poulsen,A5108714296,alias,I204337017
2034,Cornelia Meinert,A5054085533,exact,I1294671590
1143,Samuel Alizon,A5001953765,exact,I1294671590
3350,Panagiotis Delimatsis,A5104508304,exact,I193700539
1177,Emma Andersson,A5053110278,fuzzy,I28166907
1108,Gentile Francesco Ficetola,A5112868688,alias,I189158943
3706,Denny Borsboom,A5029100305,alias,I887064364
1481,Chloe Michaut,A5029449490,alias,I113428412
2364,Liberato Manna,A5025956413,alias,I30771326
4099,Oded Cats,A5058766860,exact,I98358874
1075,Tanja Stadler,A5055449742,exact,I35440088
2671,Pietro Valdastri,A5035357710,exact,I130828816
130,Yonatan Stelzer,A5028804644,exact,I53964585
2114,Hans Jakob Wörner,A5011676219,alias,I35440088
2320,Paolo Melchiorre,A5088465399,exact,I4210088955
2855,Raul Bermejo,A5072317279,exact,I182712176
2280,Sara Bals,A5013888065,alias,I149213910
834,Dario Greco,A5028682033,alias,I166825849
2708,Abu Sebastian,A5017236774,exact,I4210126328
4003,Kristiina Mannermaa,A5023287364,exact,I133731052
2660,Niels Gregersen,A5028150151,alias,I96673099
2614,Kris Myny,A5044710002,alias,I99464096
3583,Wouter Van Den Bos,A5054947147,alias,I887064364
2444,Robert Wille,A5004214923,exact,I62916508
2456,Stefan Schmid,A5066080641,alias,I4577782
1954,Sandra Van Aert,A5085957218,exact,I149213910
3056,Avishay Gal-Yam,A5107954008,alias,I53964585
239,Hanna Hõrak,A5076099596,alias,I56085075
1986,Jasper Van Der Gucht,A5074132674,alias,I913481162
1110,Joseph Schacherer,A5091722749,exact,I68947357
1379,Gianluigi Rozza,A5061558433,alias,I138549579
2230,Timothy Noel,A5058411581,exact,I887064364
2682,Gianluca Fiori,A5061426001,alias,I108290504
2882,Christian Greiner,A5067374965,alias,I102335020
1053,Nicola Segata,A5068576885,exact,I193223587
1559,Hendrik Fuchs,A5057217648,exact,I171892758
574,Camilla Bellone,A5002276509,exact,I114457229
1064,Yossi Yovel,A5016325693,exact,I16391192
426,Christian Frezza,A5013887971,exact,I4210153755
2238,Shigeyoshi Inoue,A5067961961,exact,I62916508
1507,Stijn De Schepper,A5002139453,exact,I4210107808
1045,Johan Decelle,A5057021217,exact,I1294671590
242,Edouard Hannezo,A5027982101,alias,I157556583
347,Francesco Paneni,A5050799541,exact,I202697423
1044,Marie Semon,A5091156775,alias,I113428412
3452,Marta Bucholc,A5027000197,alias,I4654613
407,Nicola Aceto,A5084595779,alias,I35440088
3653,Aikaterini Fotopoulou,A5000736540,alias,I45129253
233,Johan Elf,A5049367949,exact,I123387679
1918,Robert Prevedel,A5062597899,exact,I4210138560
2804,Daniel Tam,A5044795314,exact,I98358874
2452,Torsten Hoefler,A5026990786,exact,I35440088
1026,Zuzana Musilová,A5008296954,alias,I21250087
2996,Josquin Errard,A5082065179,alias,I1294671590
43,Sebastian Glatt,A5012531471,exact,I126596746
687,Neta Regev-Rudzki,A5087526855,alias,I53964585
3090,Alexander Westphal,A5084197990,alias,I2801876189
2758,Carlos Mota,A5058979303,exact,I34352273
821,Lars Maegdefessel,A5033406476,exact,I2802619606
2403,Fabrizio Montesi,A5000566520,exact,I177969490
1335,David Loeffler,A5070725114,exact,I39555362
125,Davide Risso,A5088632823,alias,I138689650
1021,Suvi Ruuskanen,A5048415511,exact,I94722563
2390,Michal Feldman,A5103282352,exact,I16391192
503,Peter Kok,A5016715765,exact,I45129253
4216,Rui Manuel Marques Fernandes Da Costa,A5060965799,fuzzy,I113358080
1506,Corrado Cimarelli,A5025118057,alias,I8204097
2966,Boon Kok Tan,A5037572044,exact,I40120149
3319,Dawn Watkins,A5078266473,exact,I91136226
3581,Tamás Faragó,A5017726486,alias,I106118109
2188,Fernanda Duarte,A5080148464,alias,I40120149
215,Petra Hajkova,A5008085628,exact,I47508984
557,Claire Wyart,A5030843888,exact,I154526488
33,Markus Weingarth,A5024449996,exact,I193662353
343,Thorsten Hoppe,A5079367986,alias,I180923762
1146,Ivana Gudelj,A5048675389,alias,I23923803
3778,Marieke Van Erp,A5072750611,exact,I1322597698
2060,An Ghysels,A5015471372,exact,I32597200
577,Francesca Cacucci,A5028099121,exact,I45129253
1903,Pablo Alonso Gonzalez,A5109465263,exact,I165339363
3836,Alena Rettová,A5034997266,exact,I54009628
2408,Katrina Ligett,A5076701535,alias,I197251160
973,Massimiliano Pagani,A5022465722,exact,I189158943
3943,Andrea Acri,A5017763271,alias,I159885104
4227,Michaël Philippe Weber,A5010500477,fuzzy,I1294671590
2314,Guillermo Minguez Espallargas,A5042054674,alias,I16097986
2889,Nicolas Ranc,A5021060446,alias,I1294671590
153,Felix Meissner,A5073970595,exact,I2799391451
3434,Sahana Udupa,A5089986506,exact,I8204097
2178,Serena Debeer,A5053491539,alias,I149899117
1629,Sergio Fernandez Garrido,A5053351691,alias,I88060688
3821,Michael Butter,A5069616116,alias,I8087733
572,Pascale Bomont,A5108106520,exact,I154526488
2100,Alfonso De Simone,A5078520379,alias,I71267560
3961,Emmanuel Nantet,A5004989019,exact,I91203450
3960,Carlos Tornero,A5109471488,alias,I123044942
479,Susana Gonzalez,A5041586028,exact,I2809107791
1846,Gilad Perez,A5061126453,exact,I53964585
3424,Sabina Cehajic-Clancy,A5023810719,alias,I161593684
3445,Joris Mulder,A5068435789,exact,I193700539
869,Mathilde Touvier,A5114020421,exact,I154526488
2184,Anat Milo,A5052386381,exact,I124227911
3847,Silvia Ferrara,A5020915273,exact,I9360294
1625,Kunal Masania,A5082870560,alias,I98358874
1068,Mederic Diard,A5048213818,exact,I1850255
3110,Alessia Russo,A5103922083,alias,I138689650
1299,Sepideh Mirrahimi,A5085283703,alias,I1294671590
3918,Brigitte Le Normand,A5018178559,exact,I34352273
4030,Maria De Lurdes Pereira Rosa,A5103261909,exact,I83558840
2734,Chun Huang,A5100544905,exact,I47508984
258,Elvan Boke,A5033091736,alias,I4210137962
3687,Kenneth Smith,A5101943875,alias,I98677209
3110,Alessia Russo,A5034747043,exact,I138689650
3916,Agnieszka Sobocinska,A5057586581,alias,I183935753
266,Ulrika Marklund,A5042146774,exact,I28166907
3117,Arash Nekoei,A5000949705,alias,I161593684
1075,Tanja Stadler,A5108711246,alias,I35440088
917,Andrea Bertotti,A5111231455,alias,I55143463
4131,Annette Baudisch,A5038074590,alias,I177969490
1825,Markus Aspelmeyer,A5109507812,alias,I129774422
1350,Xin Li,A5111362423,alias,I7882870
2226,Maria Escudero Escribano,A5011008334,alias,I4210093216
904,Matthias Meier,A5101603972,exact,I3018134672
3952,Dennis Lehmkuhl,A5042001188,exact,I135140700
953,Frederic Amant,A5114187757,exact,I99464096
2090,Claire Wilhelm,A5106432284,exact,I1294671590
1602,Xuekun Lu,A5000724287,exact,I166337079
549,Frederic Gambino,A5114813256,exact,I1294671590
2246,Kasper Moth-Poulsen,A5114229602,alias,I9617848
2537,Josef Urban,A5107379897,alias,I44504214
2127,Ville-Veikko Telkki,A5023732028,alias,I98381234
3832,Massimo Leone,A5003359125,alias,I55143463
1461,Jose Alberto Padron Navarta,A5006433996,exact,I134820265
2814,Ignazio Maria Viola,A5060794094,exact,I98677209
2255,Laura Fabris,A5099523146,exact,I177477856
3050,Pierre Beck,A5108122475,alias,I899635006
1083,Nicolas Puillandre,A5111804489,alias,I4210123595
1559,Hendrik Fuchs,A5112661827,exact,I171892758
2270,Thomas Poulsen,A5108714296,exact,I204337017
2034,Cornelia Meinert,A5054085533,alias,I1294671590
1143,Samuel Alizon,A5001953765,alias,I1294671590
3350,Panagiotis Delimatsis,A5104508304,alias,I193700539
2465,Michal Feldman,A5103282352,exact,I16391192
2465,Michal Feldman,A5103282352,alias,I16391192
1536,Alfonso Saiz Lopez,A5034553326,exact,I134820265
2347,Richard Alan Layfield,A5010601931,fuzzy,I162608824
1710,Mikko Voutilainen,A5100661571,alias,I133731052
1445,Olivier Namur,A5083347283,exact,I99464096
926,Susana Marina Chuva De Sousa Lopes,A5006746843,fuzzy,I2800006345
1239,Cecilia Maria Sahlgren,A5052741873,alias,I130217899
3487,Daniel Patrick Balliet,A5080560235,alias,I865915315
2959,Harm Schoorlemmer,A5013377641,alias,I145872427
1250,Roland Ludwig,A5044352119,alias,I92869138
3456,Tobias Stark,A5000979874,alias,I193662353
270,Alena Zikova,A5017181527,alias,I4210164740
2863,Kevin Jean-Marie Van Geem,A5004577558,fuzzy,I32597200
3374,Claes Holger De Vreese,A5061206863,fuzzy,I887064364
2661,Asa Haglund,A5006094937,exact,I66862912
2330,Jens Wenzel Andreasen,A5064138666,exact,I96673099
319,Helder Jose Martins Maiato,A5016676719,alias,I182534213
4079,Jay Stock,A5057128742,alias,I241749
2182,Sylvie Roke,A5007873537,exact,I5124864
4093,Mark Ward,A5103069800,alias,I205274468
3628,Heleen Slagter,A5008830761,alias,I865915315
2872,Salvador Pané Vidal,A5012597574,alias,I35440088
814,Bettina Husebo,A5039904067,alias,I4432739
2447,Olga Sorkine Hornung,A5064927253,exact,I35440088
2918,Matteo Passoni,A5064721109,alias,I93860229
1477,Alida Timar-Gabor,A5016545451,exact,I3125347698
2463,Jaakko Tapani Lehtinen,A5103009697,fuzzy,I9927081
1229,Brigitte Stadler,A5044749762,alias,I204337017
2541,Carsten Lutz,A5034616829,alias,I180437899
3545,Melinda Mills,A5018053342,exact,I40120149
1496,Anne Socquet,A5053237040,exact,I899635006
2122,Ilko Bald,A5048133795,alias,I176453806
2978,Nicholas C. Stone,A5019013125,alias,I197251160
1820,Walter Winter,A5008473973,alias,I2801876189
2801,Ricardo Vinuesa,A5049616413,exact,I86987016
2313,Nathaniel Isaac Martin,A5088809877,fuzzy,I121797337
2798,Sara Bagherifard,A5055138043,alias,I93860229
2643,Laurent Schmalen,A5053280913,exact,I102335020
827,Ritse Mann,A5073381909,alias,I2802934949
3529,Martin Sokol,A5040533039,exact,I205274468
1567,Maarten Gabriel Kleinhans,A5043958212,fuzzy,I193662353
3303,Carl Henrik Knutsen,A5031648851,alias,I184942183
675,Ondrej Stepanek,A5046576229,exact,I4210138103
2153,Stefano Corni,A5078141074,alias,I138689650
3225,Jean-Benoit Falisse,A5005616128,alias,I98677209
3857,Matteo Martelli,A5009894657,exact,I9360294
1113,James Rolfe Guest,A5034389737,fuzzy,I84884186
2478,Ashley Markham Reid Montanaro,A5023685398,fuzzy,I36234482
2034,Cornelia Meinert,A5019519555,exact,I1294671590
618,Petra Ritter,A5067145255,alias,I7877124
3498,Torkild Hovde Lyngstad,A5022144815,exact,I184942183
874,Ali Ertürk,A5050828185,alias,I3018134672
1809,Mark Douglas Hannam,A5024179129,fuzzy,I79510175
466,Lars Zender,A5052075637,alias,I8087733
1414,Balazs Szegedy,A5112443030,alias,I127817813
351,Ihsan Ekin Demir,A5088890575,alias,I2802619606
3461,Hallvard Moe,A5012542798,exact,I4432739
1644,Alessio Zaccone,A5087484656,exact,I189158943
3480,Nicola Barban,A5065594776,exact,I9360294
1143,Samuel Alizon,A5083653654,exact,I1294671590
1738,Matthias Schott,A5106135103,exact,I197323543
1284,Zoltan Vidnyanszky,A5087644896,alias,I106118109
1001,Jussi Lehtonen,A5085798200,exact,I94722563
3031,Nanda Rea,A5001612320,alias,I134820265
2111,Patrick Antoine Jean Giraudeau,A5068783722,fuzzy,I97188460
2946,Luca Brandt,A5017099728,exact,I86987016
3737,Ruth Boeker,A5081922542,alias,I100930933
2539,Joel Olivier Ouaknine,A5045412407,fuzzy,I149899117
2293,Rylie Green,A5009901504,alias,I47508984
1399,Daniel Kral,A5027559065,exact,I21449261
858,Christine Marie J. Desmedt,A5049771372,fuzzy,I99464096
1491,Ryan Stewart Mcwilliams,A5075216002,alias,I98677209
2192,Robert Kretschmer,A5049289405,exact,I2610724
1150,Ashleigh Susannah Griffin,A5000235869,fuzzy,I40120149
3356,Jason Aaron Reifler,A5037475402,alias,I23923803
2803,Lisa Prahl Wittberg,A5035228852,exact,I86987016
294,Ari Pekka Mähönen,A5076653362,exact,I133731052
219,Ron Milo,A5024451873,exact,I53964585
692,Laurent Reber,A5037869759,alias,I154526488
2588,Stefanie Kroker,A5019135007,alias,I94509681
3660,Judith Holler,A5003283632,alias,I145872427
96,Mart Loog,A5090178938,alias,I56085075
1356,Michael Temkin,A5048293958,alias,I197251160
1624,Manuel Mendes,A5090314980,alias,I83558840
886,Marco Helmut Gerlinger,A5101707847,fuzzy,I166337079
1896,Milan Peter Allan,A5062411072,fuzzy,I121797337
883,Anders Rosengren,A5056887678,alias,I881427289
3158,Alfred Galichon,A5081456457,exact,I205092303
954,Raphaël Rodriguez,A5004676065,exact,I80043
2410,Maria Naya Plasencia,A5037985740,alias,I1326498283
3060,Claudia Anna De Rham,A5032507670,fuzzy,I47508984
2394,Dan Garber,A5019533927,alias,I174306211
4167,Zhichao Kathy Yuan,A5110739338,alias,I909854389
3500,Jacob Copeman,A5005471124,exact,I200284239
508,Zhenyu Gao,A5014398858,exact,I2801952686
2244,Andreas Jean Leopold Walther,A5060067635,fuzzy,I197323543
369,Martin Heni,A5008882033,exact,I196349391
307,Sara Wickström,A5039376687,alias,I133731052
1416,Donato Giovannelli,A5089320122,alias,I71267560
2821,Benjamin Klusemann,A5016194547,alias,I4210139239
1004,Henrik Salje,A5104479005,alias,I241749
477,Massimo Santoro,A5048243012,alias,I138689650
2490,Nir Piterman,A5045161607,exact,I881427289
1464,Kjetil Våge,A5012371910,alias,I4432739
2049,Benjamin Fingerhut,A5091634481,alias,I8204097
964,Giandomenico Iannetti,A5009081893,alias,I30771326
2630,Daniel Brunner,A5007877210,exact,I1294671590
1856,Andrej Pustogow,A5066837955,alias,I145847075
3734,Libera Pisano,A5013480667,exact,I170486558
202,Marcus Thomas Pius Gilbert,A5039330186,exact,I124055696
2389,Sayan Bhattacharya,A5103251160,alias,I39555362
147,Nir Yosef,A5026299103,alias,I53964585
405,Jorge Alegre-Cebollada,A5005585216,alias,I2809107791
771,Benedicte Francoise Py,A5021951210,fuzzy,I154526488
4063,Ludovic Antoine Alexandre Orlando,A5046648575,fuzzy,I1294671590
1818,Uriel Levy,A5062368666,fuzzy,I197251160
3293,Ragnhild Louise Muriaas,A5039090143,alias,I4432739
1730,Caterina Doglioni,A5050166026,alias,I28407311
2411,Aida Todri-Sanial,A5022136174,alias,I83019370
2354,Erik Petrus Antonius Maria Bakkers,A5107252008,fuzzy,I98358874
1920,Vincent Jacques,A5105886225,alias,I1294671590
4091,Isaac Sasson,A5010445649,alias,I16391192
2547,Anders Møller,A5028390028,alias,I204337017
723,Luisa Figueiredo,A5031040469,alias,I141596103
762,Mohamed-Ali Hakimi,A5039009013,alias,I1294671590
3039,Hans Kristian Eriksen,A5109395068,alias,I184942183
3214,Per Einar Pettersson Lidbom,A5008323839,fuzzy,I161593684
4053,Liat Kozma,A5062637310,exact,I197251160
3804,Julia Lajta-Novak,A5068650473,exact,I129774422
1344,Vincent Calvez,A5026234029,exact,I1294671590
996,Roberto Salguero-Gómez,A5103731743,alias,I40120149
2449,Dario Fiore,A5030511364,alias,I4210162154
3701,Simon Hanslmayr,A5012219181,alias,I7882870
969,Jonas Larsson,A5101436700,alias,I187531555
229,Jonathan Lawrence Marchini,A5109217340,fuzzy,I40120149
1874,Michael Sentef,A5089228515,alias,I180437899
4008,Julia Budka,A5044265620,exact,I8204097
3197,Ricardo Augusto Marcos Rocha Reis,A5108043721,fuzzy,I909854389
1393,Sarah Zerbes,A5080341690,alias,I45129253
3769,Noémie Etienne,A5111044241,alias,I129774422
4088,Marco Di Nunzio,A5074841364,alias,I79619799
2555,Rahul Santhanam,A5085864294,exact,I40120149
557,Claire Wyart,A5112709291,alias,I154526488
3354,Jochen Peter,A5103714169,exact,I887064364
405,Jorge Alegre-Cebollada,A5113153852,alias,I2809107791
2446,Assia Selma Mahboubi,A5113674451,fuzzy,I1326498283
952,Brian Huntly,A5105573475,fuzzy,I241749
4111,Tatiana Filatova,A5025786277,exact,I98358874
732,Lars Dölken,A5069299747,alias,I4210126310
3307,Joost Van Spanje,A5067804593,exact,I184558857
119,Simone Köhler,A5024168803,exact,I4210138560
889,Bruno De Geest,A5083147395,alias,I32597200
213,Petr Svoboda,A5113996668,alias,I4210138103
2928,Stylianos (Stelios) Choulis,A5035981207,fuzzy,I163151358
640,Patrik Verstreken,A5040983698,exact,I2802017950
2358,Molly Stevens,A5111120751,fuzzy,I47508984
1061,Sandra Nogue,A5088385568,alias,I123044942
597,Amir Amedi,A5067256962,alias,I138898306
1002,Arnau Sebé-Pedrós,A5108945975,exact,I4210137962
563,Ana Joao Gomes Rodrigues,A5047738765,fuzzy,I99682543
725,Jan-Willem Veening,A5108677344,alias,I97565354
2424,Maks Ovsjanikov,A5108914317,exact,I142476485
3648,Michel Thiebaut De Schotten,A5108138650,exact,I1294671590
1605,Jagoda Slawinska,A5068268395,alias,I169381384
3786,Andre Tavares,A5045725977,alias,I182534213
2353,Rebecca Jane Miriam Goss,A5111875558,alias,I16835326
3435,Philipp Lersch,A5052204047,alias,I1282776028
3251,Maebh Harding,A5079823089,alias,I100930933
3443,Moris Triventi,A5001480581,alias,I189158943
1331,Kathrin Bringmann,A5111942229,exact,I180923762
3823,Holger Michael Zellentin,A5041697929,alias,I8087733
544,Boyan Bonev,A5010244124,alias,I3018134672
1641,Feng Gao,A5101697250,alias,I102134673
438,Sarah-Maria Fendt,A5043975935,alias,I2802017950
1664,Franz Herzog,A5106469412,exact,I98677209
1485,Frederic Moynier,A5108128531,alias,I148261361
1165,Gavin Thomas,A5071488584,alias,I91136226
3110,Alessia Russo,A5069225762,exact,I138689650
926,Susana Marina Chuva De Sousa Lopes,A5112768613,fuzzy,I2800006345
1320,Hendrik Weber,A5103951640,exact,I22465464
2291,Robert Matthias Wolf,A5113444651,fuzzy,I60668342
4146,Marta Dominguez Diaz,A5013158824,exact,I202963720
991,Lucie Etienne,A5110735189,alias,I1294671590
3748,Leonie Kirsten Schmidt,A5046437078,fuzzy,I887064364
2624,Clara Mihaela Ionescu,A5113760256,fuzzy,I32597200
4034,Leyla Dakhli,A5026388312,alias,I1294671590
2489,Libor Barto,A5108929560,exact,I21250087
1787,Aleksandra Maria Walczak,A5098875948,fuzzy,I1294671590
2398,Srikanth Srinivasan,A5025305994,exact,I124055696
2003,Javier Eulogio Villegas Hernandez,A5084101524,fuzzy,I1294671590
1333,Simon Riche,A5110042603,alias,I198244214
3745,Michele Cammarosano,A5017759257,exact,I127927624
3886,Thomas Alexander Eich,A5106121893,fuzzy,I159176309
2281,Ryan Gilmour,A5048899192,alias,I22465464
2699,Esther Rodriguez-Villegas,A5050964145,alias,I47508984
2639,Padraig Cantillon-Murphy,A5001335646,exact,I181231927
3487,Daniel Patrick Balliet,A5106900946,fuzzy,I865915315
1083,Nicolas Puillandre,A5001511906,alias,I4210123595
1185,Guillaume Lobet,A5046295937,alias,I95674353
335,James Turner,A5103175311,exact,I2801081054
3271,Tom Van Der Meer,A5103537155,fuzzy,I887064364
354,Arafath Najumudeen,A5062771849,alias,I133731052
804,Thomas Grünewald,A5013858994,alias,I17937529
4010,Gunvor Simonsen,A5056048872,alias,I124055696
2452,Torsten Hoefler,A5023204730,alias,I35440088
1641,Feng Gao,A5069875493,exact,I102134673
1374,Clement Mouhot,A5068942219,exact,I241749
418,Matthew Campbell,A5008861348,alias,I205274468
2447,Olga Sorkine Hornung,A5113997384,alias,I35440088
1228,Henning Jacob Jessen,A5110977930,fuzzy,I161046081
3219,Daniel Li Chen,A5091408593,fuzzy,I4210092408
1694,Michal Heller,A5106764930,fuzzy,I32597200
2164,Jianting Ye,A5101832501,exact,I169381384
1350,Xin Li,A5100353939,exact,I7882870
3869,Dirk Klaas Wilbert Van Miert,A5109655656,fuzzy,I193662353
1493,Ana Godinho Ferreira,A5042921811,fuzzy,I45129253
3073,Frantz Martinache,A5107354580,alias,I4210126779
3730,Peter Webb,A5081494330,alias,I121797337
2524,Philippe Cudre-Mauroux,A5087943148,fuzzy,I154338468
3547,Lars Meyer,A5068447650,alias,I149899117
1750,Elisabetta Baracchini,A5108331255,alias,I4210150763
814,Bettina Husebo,A5112835973,fuzzy,I4432739
1515,Bruno Dhuime,A5026600666,exact,I1294671590
924,Mikko Olavi Niemi,A5103943542,alias,I133731052
1568,Guillaume Dupont-Nivet,A5013958239,alias,I1294671590
1536,Alfonso Saiz Lopez,A5034553326,alias,I134820265
1445,Olivier Namur,A5083347283,alias,I99464096
1250,Roland Ludwig,A5044352119,exact,I92869138
3456,Tobias Stark,A5000979874,exact,I193662353
2661,Asa Haglund,A5006094937,alias,I66862912
2330,Jens Wenzel Andreasen,A5064138666,alias,I96673099
2182,Sylvie Roke,A5007873537,alias,I5124864
2447,Olga Sorkine Hornung,A5064927253,alias,I35440088
1477,Alida Timar-Gabor,A5016545451,alias,I3125347698
1229,Brigitte Stadler,A5044749762,exact,I204337017
2541,Carsten Lutz,A5034616829,exact,I180437899
1496,Anne Socquet,A5053237040,alias,I899635006
2122,Ilko Bald,A5048133795,exact,I176453806
2978,Nicholas C. Stone,A5019013125,exact,I197251160
1820,Walter Winter,A5008473973,exact,I2801876189
2801,Ricardo Vinuesa,A5049616413,alias,I86987016
2798,Sara Bagherifard,A5055138043,exact,I93860229
2643,Laurent Schmalen,A5053280913,alias,I102335020
3529,Martin Sokol,A5040533039,alias,I205274468
3303,Carl Henrik Knutsen,A5031648851,exact,I184942183
675,Ondrej Stepanek,A5046576229,alias,I4210138103
2153,Stefano Corni,A5078141074,exact,I138689650
3225,Jean-Benoit Falisse,A5005616128,exact,I98677209
3857,Matteo Martelli,A5009894657,alias,I9360294
2034,Cornelia Meinert,A5019519555,alias,I1294671590
618,Petra Ritter,A5067145255,exact,I7877124
3498,Torkild Hovde Lyngstad,A5022144815,alias,I184942183
874,Ali Ertürk,A5050828185,exact,I3018134672
466,Lars Zender,A5052075637,exact,I8087733
1414,Balazs Szegedy,A5112443030,exact,I127817813
351,Ihsan Ekin Demir,A5088890575,exact,I2802619606
3461,Hallvard Moe,A5012542798,alias,I4432739
1644,Alessio Zaccone,A5087484656,alias,I189158943
3480,Nicola Barban,A5065594776,alias,I9360294
1143,Samuel Alizon,A5083653654,alias,I1294671590
1738,Matthias Schott,A5106135103,alias,I197323543
1284,Zoltan Vidnyanszky,A5087644896,exact,I106118109
1001,Jussi Lehtonen,A5085798200,alias,I94722563
3737,Ruth Boeker,A5081922542,exact,I100930933
1399,Daniel Kral,A5027559065,alias,I21449261
4206,Christine Marie J. Desmedt,A5049771372,fuzzy,I99464096
2192,Robert Kretschmer,A5049289405,alias,I2610724
2803,Lisa Prahl Wittberg,A5035228852,alias,I86987016
294,Ari Pekka Mähönen,A5076653362,alias,I133731052
219,Ron Milo,A5024451873,alias,I53964585
2588,Stefanie Kroker,A5019135007,exact,I94509681
3660,Judith Holler,A5003283632,exact,I145872427
96,Mart Loog,A5090178938,exact,I56085075
1356,Michael Temkin,A5048293958,exact,I197251160
3158,Alfred Galichon,A5081456457,alias,I205092303
954,Raphaël Rodriguez,A5004676065,alias,I80043
2394,Dan Garber,A5019533927,exact,I174306211
3223,Zhichao Kathy Yuan,A5110739338,alias,I909854389
3500,Jacob Copeman,A5005471124,alias,I200284239
508,Zhenyu Gao,A5014398858,alias,I2801952686
369,Martin Heni,A5008882033,alias,I196349391
1416,Donato Giovannelli,A5089320122,exact,I71267560
2821,Benjamin Klusemann,A5016194547,exact,I4210139239
477,Massimo Santoro,A5048243012,exact,I138689650
2490,Nir Piterman,A5045161607,alias,I881427289
1464,Kjetil Våge,A5012371910,exact,I4432739
2630,Daniel Brunner,A5007877210,alias,I1294671590
1856,Andrej Pustogow,A5066837955,exact,I145847075
3734,Libera Pisano,A5013480667,alias,I170486558
202,Marcus Thomas Pius Gilbert,A5039330186,alias,I124055696
2389,Sayan Bhattacharya,A5103251160,exact,I39555362
147,Nir Yosef,A5026299103,exact,I53964585
405,Jorge Alegre-Cebollada,A5005585216,exact,I2809107791
2411,Aida Todri-Sanial,A5022136174,exact,I83019370
4183,Erik Petrus Antonius Maria Bakkers,A5107252008,fuzzy,I98358874
4091,Isaac Sasson,A5010445649,exact,I16391192
762,Mohamed-Ali Hakimi,A5039009013,exact,I1294671590
4168,Per Einar Pettersson Lidbom,A5008323839,fuzzy,I161593684
4053,Liat Kozma,A5062637310,alias,I197251160
3804,Julia Lajta-Novak,A5068650473,alias,I129774422
1344,Vincent Calvez,A5026234029,alias,I1294671590
2449,Dario Fiore,A5030511364,exact,I4210162154
3701,Simon Hanslmayr,A5012219181,exact,I7882870
969,Jonas Larsson,A5101436700,exact,I187531555
4214,Jonathan Lawrence Marchini,A5109217340,fuzzy,I40120149
4008,Julia Budka,A5044265620,alias,I8204097
3769,Noémie Etienne,A5111044241,exact,I129774422
4088,Marco Di Nunzio,A5074841364,exact,I79619799
2555,Rahul Santhanam,A5085864294,alias,I40120149
557,Claire Wyart,A5112709291,exact,I154526488
3354,Jochen Peter,A5103714169,alias,I887064364
405,Jorge Alegre-Cebollada,A5113153852,exact,I2809107791
4111,Tatiana Filatova,A5025786277,alias,I98358874
732,Lars Dölken,A5069299747,exact,I4210126310
3307,Joost Van Spanje,A5067804593,alias,I184558857
119,Simone Köhler,A5024168803,alias,I4210138560
889,Bruno De Geest,A5083147395,exact,I32597200
213,Petr Svoboda,A5113996668,exact,I4210138103
640,Patrik Verstreken,A5040983698,alias,I2802017950
1061,Sandra Nogue,A5088385568,exact,I123044942
597,Amir Amedi,A5067256962,exact,I138898306
1002,Arnau Sebé-Pedrós,A5108945975,alias,I4210137962
725,Jan-Willem Veening,A5108677344,exact,I97565354
2424,Maks Ovsjanikov,A5108914317,alias,I142476485
3648,Michel Thiebaut De Schotten,A5108138650,alias,I1294671590
3786,Andre Tavares,A5045725977,exact,I182534213
2353,Rebecca Jane Miriam Goss,A5111875558,exact,I16835326
3251,Maebh Harding,A5079823089,exact,I100930933
3443,Moris Triventi,A5001480581,exact,I189158943
1331,Kathrin Bringmann,A5111942229,alias,I180923762
544,Boyan Bonev,A5010244124,exact,I3018134672
1641,Feng Gao,A5101697250,exact,I102134673
438,Sarah-Maria Fendt,A5043975935,exact,I2802017950
1664,Franz Herzog,A5106469412,alias,I98677209
1485,Frederic Moynier,A5108128531,exact,I148261361
3110,Alessia Russo,A5069225762,alias,I138689650
1320,Hendrik Weber,A5103951640,alias,I22465464
4146,Marta Dominguez Diaz,A5013158824,alias,I202963720
991,Lucie Etienne,A5110735189,exact,I1294671590
4034,Leyla Dakhli,A5026388312,exact,I1294671590
2489,Libor Barto,A5108929560,alias,I21250087
2398,Srikanth Srinivasan,A5025305994,alias,I124055696
1333,Simon Riche,A5110042603,exact,I198244214
3745,Michele Cammarosano,A5017759257,alias,I127927624
2281,Ryan Gilmour,A5048899192,exact,I22465464
2699,Esther Rodriguez-Villegas,A5050964145,exact,I47508984
2639,Padraig Cantillon-Murphy,A5001335646,alias,I181231927
1083,Nicolas Puillandre,A5001511906,exact,I4210123595
1185,Guillaume Lobet,A5046295937,exact,I95674353
335,James Turner,A5103175311,alias,I2801081054
4010,Gunvor Simonsen,A5056048872,exact,I124055696
2452,Torsten Hoefler,A5023204730,exact,I35440088
1641,Feng Gao,A5069875493,alias,I102134673
1374,Clement Mouhot,A5068942219,alias,I241749
2447,Olga Sorkine Hornung,A5113997384,exact,I35440088
4176,Daniel Li Chen,A5091408593,fuzzy,I4210092408
2164,Jianting Ye,A5101832501,alias,I169381384
1350,Xin Li,A5100353939,alias,I7882870
3073,Frantz Martinache,A5107354580,exact,I4210126779
3730,Peter Webb,A5081494330,exact,I121797337
1750,Elisabetta Baracchini,A5108331255,exact,I4210150763
1515,Bruno Dhuime,A5026600666,alias,I1294671590
924,Mikko Olavi Niemi,A5103943542,exact,I133731052
4198,Rebecca Jane Miriam Goss,A5111875558,exact,I16835326
4198,Rebecca Jane Miriam Goss,A5111875558,alias,I16835326
1738,Matthias Schott,A5071143509,alias,I197323543
300,Pablo Navarro Gil,A5077710770,alias,I157536573
951,Marju Orho-Melander,A5077037910,exact,I187531555
1656,Mikael Chala,A5067950961,alias,I173304897
2155,Petra Elisabeth De Jongh,A5040096948,fuzzy,I193662353
860,Lars Forsberg,A5038986974,alias,I123387679
167,Tomas Marques Bonet,A5076185839,exact,I170486558
969,Jonas Larsson,A5101436699,exact,I187531555
3715,Morten Lindtner Kringelbach,A5043559110,fuzzy,I40120149
1408,Giancarlo Sangalli,A5059485119,alias,I25217355
2692,Osvaldo Simeone,A5017736224,exact,I183935753
881,Steven Alexander Niederer,A5000435552,alias,I183935753
1568,Guillaume Dupont-Nivet,A5006751458,exact,I1294671590
371,Martin De Borst,A5077283308,alias,I1334415907
2381,Michał Pilipczuk,A5000479623,alias,I4654613
3544,Jörn Fischer,A5024359289,alias,I113456305
2792,Wiebe De Vos,A5010299255,alias,I94624287
822,Valentina Bollati,A5007836073,alias,I189158943
2587,Nikos Deligiannis,A5043511500,alias,I13469542
1955,Gregor Koblmueller,A5108259248,alias,I62916508
1921,Ingmar Swart,A5006317862,exact,I193662353
2634,David Marpaung,A5057021040,exact,I94624287
3042,Kevin Heng,A5019327228,alias,I118564535
2134,Martin Ivar Högbom,A5010240755,fuzzy,I161593684
3632,Daniel Margulies,A5020214490,alias,I1294671590
3664,Elizabeth Alice Jefferies,A5062704227,alias,I52099693
716,Monika Wolkers,A5087282255,alias,I3020210244
3841,Hector Patmore,A5038100318,alias,I99464096
941,Henrik Zetterberg,A5111750310,exact,I881427289
1987,Tobias Kampfrath,A5024467226,exact,I75951250
393,Harry Sokol,A5083701333,exact,I39804081
1579,Sonia Isabelle Seneviratne,A5011579041,alias,I35440088
2947,Iair Arcavi,A5044822144,alias,I16391192
2240,Joris Henricus Bernardus Sprakel,A5007899176,fuzzy,I913481162
398,Rui Miguel Dos Santos Benedito,A5058492800,fuzzy,I2809107791
651,Olivier David,A5009848505,alias,I154526488
3015,Camille Françoise Bonvin,A5036472909,fuzzy,I114457229
3050,Pierre Beck,A5082819947,exact,I899635006
3603,Constantin Rothkopf,A5015277967,alias,I31512782
786,Gustaf Edgren,A5075852201,exact,I28166907
2729,Peter Schelkens,A5034083500,exact,I13469542
2861,Antonio Ambrosio,A5014616438,exact,I30771326
733,Martin Wim V Guilliams,A5002734104,fuzzy,I2802017950
2409,Thomas Schneider,A5100724917,exact,I31512782
1046,Petr Keil,A5055421718,alias,I205984670
2461,Andrea Arcuri,A5052735480,exact,I2800207870
1200,Moussa Benhamed,A5070486620,exact,I204730241
914,Claudia Allemani,A5107970561,exact,I4210089966
2328,Guido Heinrich Clever,A5043202190,fuzzy,I200332995
543,Olivier Marre,A5048550613,alias,I154526488
1422,Penelope Wozniakiewicz,A5004154055,alias,I20581793
53,Milos Filipovic,A5022422208,alias,I4210121365
2795,Diego Misseroni,A5067806576,alias,I193223587
3352,Clionadh Raleigh,A5041513832,exact,I162608824
2087,Kevin Pagel,A5007527719,exact,I75951250
1997,Yoel Stephane Forterre,A5043915497,fuzzy,I1294671590
3532,Maja Schlüter,A5016983952,alias,I161593684
236,Yitzhak Pilpel,A5005581639,alias,I53964585
3068,Karina Caputi,A5007647078,alias,I169381384
2327,Gilles Albert Gasser,A5059114538,alias,I149758196
2173,Alessandro Troisi,A5089848606,exact,I146655781
2311,Stephen Michael Goldup,A5058050620,alias,I43439940
3224,Michael Becher,A5062885607,exact,I125068653
1822,Corinna Susan Kollath,A5107439390,fuzzy,I135140700
4072,Guy Haim Bar Oz,A5014073467,fuzzy,I91203450
2926,Maria Concepcion Ovin Ania,A5107336248,alias,I1294671590
741,Marc Lecuit,A5066356842,exact,I157536573
2337,Alejandro Gaita Ariño,A5084326714,alias,I16097986
3072,Maria-Rosa Cioni,A5040426329,alias,I2799713863
126,Alejandro Burga,A5082494880,exact,I125523173
3129,Christoph Trebesch,A5060997583,alias,I1308524038
137,Minna Kaikkonen-Määttä,A5015092410,alias,I175532246
3948,Jesper Larsson,A5073379232,alias,I298625061
1655,Martin Fertl,A5026810489,alias,I197323543
3063,Maria Anna Lugaro,A5036569027,alias,I4210128682
2045,Noelia Barrabes,A5048108617,alias,I145847075
1551,Philip Pogge Von Strandmann,A5063694053,alias,I45129253
1133,Mariangela Bonizzoni,A5089901991,exact,I25217355
1725,Darrick Chang,A5083419995,alias,I179630473
944,Kim Bak Jensen,A5048881006,alias,I124055696
3721,Lisa Bortolotti,A5067972057,alias,I79619799
403,Aline Bozec,A5072082129,alias,I4210088053
2717,Christelle Brigitte Isabelle Monat,A5060033364,fuzzy,I112936343
890,Anna Christina Kajaste-Rudnitski,A5013633344,fuzzy,I4210133214
3159,Ramana Nanda,A5050841292,exact,I47508984
3028,Clare Louise Dobbs,A5061231234,fuzzy,I23923803
3046,Asaf Pe'Er,A5084367463,alias,I13955877
465,William Edward Louch,A5032822233,fuzzy,I184942183
2620,Carlos Alonso Ramos,A5011803299,exact,I1294671590
3504,Jenny Van Der Steen,A5029338448,alias,I2800006345
830,Thomas Bocklitz,A5034502482,alias,I2801349226
415,Simon Holst Bekker-Jensen,A5063029794,alias,I124055696
1936,Edward Laird,A5017107645,alias,I67415387
2334,Ageeth Bol,A5079178929,alias,I83019370
555,Yaniv Ziv,A5010287804,exact,I53964585
303,Manuel Thery,A5023275493,exact,I2738703131
2720,Bernd Rieger,A5048898725,exact,I98358874
309,Renata Basto,A5058396316,exact,I80043
3270,Dave De Ruysscher,A5040701845,alias,I193700539
1277,Kris Verheyen,A5037447010,alias,I32597200
1270,Aitziber Lopez Cortajarena,A5016034707,alias,I4210087187
866,Jason Holland,A5014626023,alias,I202697423
615,Tara Spires-Jones,A5088747780,alias,I98677209
2307,Olga Garcia Mancheno,A5033028613,alias,I22465464
3833,Ljiljana Radonić,A5010244430,exact,I138211613
2526,Antoine Miné,A5069148908,alias,I39804081
206,Julius Brennecke,A5044585155,alias,I125523173
140,Doug Speed,A5042359312,exact,I204337017
2589,David Phillips,A5002775264,alias,I23923803
3204,Philipp Daniel Koellinger,A5059104743,fuzzy,I865915315
3,Arjen Jakobi,A5078577503,alias,I98358874
3662,Frederick Leon Julien Verbruggen,A5079789064,fuzzy,I32597200
2203,Nir London,A5044428734,exact,I53964585
4136,Sergi Vidal,A5027289201,exact,I123044942
2832,Michael Wilczek,A5038196934,alias,I54009628
3364,Klaus Lindgaard Hoeyer,A5036844178,fuzzy,I124055696
226,Antonin Morillon,A5061414099,alias,I80043
2414,Maud Marchal,A5006521642,alias,I28221208
2052,Jean-Nicolas Dumez,A5014310932,alias,I1294671590
1067,Martin Pilhofer,A5087426368,alias,I35440088
255,Alba Diz-Muñoz,A5082228969,exact,I4210138560
3212,Yann Algan,A5051037471,exact,I205092303
1257,Ana Isabel Caño Delgado,A5090351225,fuzzy,I4210158808
3259,Alice Vadrot,A5005429444,alias,I129774422
4050,Pietro Daniel Omodeo,A5102369157,alias,I149461666
2088,Oren Tal,A5061253584,alias,I53964585
3641,James Bonaiuto,A5039504387,exact,I1294671590
2027,Roberto Rizzato,A5104141749,alias,I62916508
2979,Lucile Turc,A5046677391,exact,I133731052
212,Haikun Liu,A5073093050,alias,I17937529
3885,Sven Georges Mathieu Dupré,A5020867717,fuzzy,I193662353
4046,Maria Fusaro,A5031068846,exact,I23923803
642,Guillermina Eloisa Lopez Bendito,A5035765686,fuzzy,I134820265
1374,Clement Mouhot,A5060848970,exact,I241749
1448,Andreas Nilsson,A5100918219,exact,I187531555
1109,Michael Cunliffe,A5028117910,exact,I114472154
3220,Mariacristina De Nardi,A5051392110,alias,I45129253
527,Nicolas Renier,A5034783300,alias,I154526488
563,Ana Joao Gomes Rodrigues,A5040282505,fuzzy,I99682543
3440,Pablo Gracia,A5020662752,exact,I123044942
643,Joshua Avi Goldberg,A5090513279,fuzzy,I197251160
748,Thomas Gunther Thorsten Korn,A5067928852,fuzzy,I2802619606
290,Ana Garcia Saez,A5110623550,fuzzy,I180923762
4041,Per Högselius,A5078799679,alias,I86987016
3811,Jasenka Gudelj,A5061012289,alias,I149461666
1886,Miguel Moreno Ugeda,A5064737524,alias,I47686490
740,Marc Schmidt-Supprian,A5089219567,alias,I2802619606
2119,Gil Nathan Alexandrowicz,A5090792600,fuzzy,I39586589
1252,Thomas Reinier Maxim Barends,A5082051772,alias,I149899117
3756,Noëlle Lynn Wenger Streeton,A5085817998,alias,I184942183
1594,Stefan Guldin,A5006811097,alias,I62916508
3656,Bahador Bahrami,A5084334220,alias,I8204097
1435,Pablo Ortega,A5033121109,alias,I2799803557
2033,Nikolay Kosinov,A5052823556,alias,I83019370
3817,Valentina Arena,A5112826247,exact,I45129253
3879,Katarzyna Marciniak,A5101508914,alias,I4654613
1983,Massimiliano Gennaro Esposito,A5073912490,fuzzy,I186903577
670,Noam Stern-Ginossar,A5110853855,alias,I53964585
735,Catherine Jill Merrick,A5021262946,alias,I241749
3858,Oliver Paul Scharbrodt,A5011853445,fuzzy,I187531555
3080,Haley Louise Gomez,A5105927634,alias,I79510175
2829,Agnese Seminara,A5094339403,alias,I83816512
986,Charlotte Grossiord,A5075690626,exact,I5124864
2164,Jianting Ye,A5063444087,exact,I169381384
4019,Victor Corneliu Ghica,A5071667091,fuzzy,I77901215
265,Yaniv Elkouby,A5006316405,alias,I197251160
1311,Xavier Ros-Oton,A5005248507,alias,I71999127
3128,Luigi Iovino,A5051884508,alias,I71209653
1841,Silvia Pascoli,A5104492238,exact,I190082696
4045,Matthieu Husson,A5110927911,alias,I1294671590
2048,Stefan Weber,A5074880525,alias,I100066346
1910,Jens Hjorleifur Bardarson,A5040754934,fuzzy,I86987016
558,María Llorens-Martín,A5068800327,exact,I134820265
50,Robert Ernst,A5027385934,exact,I91712215
3219,Daniel Li Chen,A5100696404,fuzzy,I4210092408
1515,Bruno Dhuime,A5086220526,alias,I1294671590
2046,Cristobal Perez Cuadrado,A5074818598,alias,I108103353
2070,Csaba Janaky,A5108807329,alias,I227486990
2861,Antonio Ambrosio,A5075909802,alias,I30771326
2006,Nicolas Mordant,A5052897496,alias,I899635006
514,Amaia Arranz,A5088411067,alias,I4210100306
1798,Sameer Venkatesha Murthy,A5025106432,fuzzy,I183935753
2564,Patrick Thomas Eugster,A5024420075,fuzzy,I57201433
1864,Joshua D. Mcgraw,A5000839932,alias,I1294671590
3547,Lars Meyer,A5021814093,alias,I149899117
3498,Torkild Hovde Lyngstad,A5025154429,alias,I184942183
4032,Monica Brinzei,A5036589621,exact,I1294671590
1662,Dermot Green,A5053884884,alias,I126231945
1738,Matthias Schott,A5105709076,exact,I197323543
3488,Jennifer Gabrys,A5030599574,exact,I241749
2620,Carlos Alonso Ramos,A5107906752,alias,I1294671590
955,Vincent Wilfred Vishal-Kapoor Jaddoe,A5103780141,fuzzy,I2801952686
2570,Anastasia Ailamaki,A5050528177,exact,I5124864
2556,Yee Whye Teh,A5103835353,exact,I40120149
618,Petra Ritter,A5059814273,exact,I7877124
3874,Livia Holden,A5108870876,exact,I1294671590
3089,Stephane Frédéric Noël Paul Mathis,A5113930515,fuzzy,I2738703131
1221,Miriam Rosenbaum,A5109590665,fuzzy,I4210162077
497,Jonas-Frederic Sauer,A5102854350,fuzzy,I91712215
3952,Dennis Lehmkuhl,A5072424030,alias,I135140700
3537,Basile Georges Paul Chaix,A5058805856,fuzzy,I154526488
1920,Vincent Jacques,A5007606099,alias,I1294671590
3813,Catherine Anne Bradley,A5101797306,alias,I184942183
3853,Dragos Gheorghe Calma,A5093418434,fuzzy,I100930933
187,Theodore Alexandrov,A5112562474,alias,I4210138560
84,Helen Walden,A5098661476,exact,I7882870
2524,Philippe Cudre-Mauroux,A5030787107,exact,I154338468
2620,Carlos Alonso Ramos,A5103870028,exact,I1294671590
2270,Thomas Poulsen,A5024030481,fuzzy,I204337017
2758,Carlos Mota,A5109748084,exact,I34352273
218,Marta Radman-Livaja,A5056530950,alias,I1294671590
3813,Catherine Anne Bradley,A5013118838,fuzzy,I184942183
3073,Frantz Martinache,A5107431268,alias,I4210126779
1131,Graham Keith Taylor,A5034466911,fuzzy,I40120149
477,Massimo Santoro,A5076139638,exact,I138689650
81,Maria Falkenberg Gustafsson,A5028737721,fuzzy,I881427289
3337,Victoria Reyes-García,A5084385330,exact,I123044942
863,Lena Maier-Hein,A5108683547,alias,I17937529
3761,Christian Vassallo,A5102901245,alias,I55143463
1201,David Bikard,A5111227275,exact,I157536573
418,Matthew Campbell,A5105690936,exact,I205274468
932,Kathryn Mary Francis Abel,A5110630601,fuzzy,I28407311
1764,Ronald Hanson,A5039442806,alias,I98358874
2197,Stephen Wallace,A5102950388,alias,I98677209
246,Marie-Cécile Caillaud,A5033198976,fuzzy,I1294671590
1757,Reinhild Fatima Yvonne Peters,A5107448738,fuzzy,I28407311
1523,Carlos Perez Garcia-Pando,A5109491073,fuzzy,I2799803557
419,Ruben Van Boxtel,A5112587887,exact,I4210127118
1692,Tetiana Hryn'Ova,A5105708208,alias,I1294671590
4099,Oded Cats,A5109447135,alias,I98358874
2410,Maria Naya Plasencia,A5045303245,exact,I1326498283
1387,Thomas Henry Coates,A5077729374,fuzzy,I47508984
3050,Pierre Beck,A5103876076,exact,I899635006
2305,Stephan Sieber,A5107856452,fuzzy,I62916508
2381,Michał Pilipczuk,A5114026909,exact,I4654613
2451,Piotr Faliszewski,A5097068410,alias,I686019
2405,Carola Doerr,A5094306518,alias,I1294671590
1903,Pablo Alonso Gonzalez,A5099073980,exact,I165339363
213,Petr Svoboda,A5063809380,alias,I4210138103
2405,Carola Doerr,A5113223493,alias,I1294671590
3534,Inga Dora Sigfusdottir,A5105754321,alias,I123185442
951,Marju Orho-Melander,A5077037910,alias,I187531555
167,Tomas Marques Bonet,A5076185839,alias,I170486558
969,Jonas Larsson,A5101436699,alias,I187531555
1408,Giancarlo Sangalli,A5059485119,exact,I25217355
2692,Osvaldo Simeone,A5017736224,alias,I183935753
1568,Guillaume Dupont-Nivet,A5006751458,alias,I1294671590
2381,Michał Pilipczuk,A5000479623,exact,I4654613
4177,Jörn Fischer,A5024359289,alias,I113456305
822,Valentina Bollati,A5007836073,exact,I189158943
2587,Nikos Deligiannis,A5043511500,exact,I13469542
1955,Gregor Koblmueller,A5108259248,exact,I62916508
1921,Ingmar Swart,A5006317862,alias,I193662353
2634,David Marpaung,A5057021040,alias,I94624287
3042,Kevin Heng,A5019327228,exact,I118564535
941,Henrik Zetterberg,A5111750310,alias,I881427289
1987,Tobias Kampfrath,A5024467226,alias,I75951250
393,Harry Sokol,A5083701333,alias,I39804081
651,Olivier David,A5009848505,exact,I154526488
3050,Pierre Beck,A5082819947,alias,I899635006
786,Gustaf Edgren,A5075852201,alias,I28166907
2729,Peter Schelkens,A5034083500,alias,I13469542
2861,Antonio Ambrosio,A5014616438,alias,I30771326
2409,Thomas Schneider,A5100724917,alias,I31512782
1046,Petr Keil,A5055421718,exact,I205984670
2461,Andrea Arcuri,A5052735480,alias,I2800207870
1200,Moussa Benhamed,A5070486620,alias,I204730241
914,Claudia Allemani,A5107970561,alias,I4210089966
543,Olivier Marre,A5048550613,exact,I154526488
3352,Clionadh Raleigh,A5041513832,alias,I162608824
2087,Kevin Pagel,A5007527719,alias,I75951250
236,Yitzhak Pilpel,A5005581639,exact,I53964585
2173,Alessandro Troisi,A5089848606,alias,I146655781
3224,Michael Becher,A5062885607,alias,I125068653
741,Marc Lecuit,A5066356842,alias,I157536573
2337,Alejandro Gaita Ariño,A5084326714,exact,I16097986
126,Alejandro Burga,A5082494880,alias,I125523173
3129,Christoph Trebesch,A5060997583,exact,I1308524038
3948,Jesper Larsson,A5073379232,exact,I298625061
2045,Noelia Barrabes,A5048108617,exact,I145847075
1133,Mariangela Bonizzoni,A5089901991,alias,I25217355
3721,Lisa Bortolotti,A5067972057,exact,I79619799
403,Aline Bozec,A5072082129,exact,I4210088053
3159,Ramana Nanda,A5050841292,alias,I47508984
2620,Carlos Alonso Ramos,A5011803299,alias,I1294671590
830,Thomas Bocklitz,A5034502482,exact,I2801349226
555,Yaniv Ziv,A5010287804,alias,I53964585
303,Manuel Thery,A5023275493,alias,I2738703131
2720,Bernd Rieger,A5048898725,alias,I98358874
309,Renata Basto,A5058396316,alias,I80043
3270,Dave De Ruysscher,A5040701845,exact,I193700539
1277,Kris Verheyen,A5037447010,exact,I32597200
3833,Ljiljana Radonić,A5010244430,alias,I138211613
2526,Antoine Miné,A5069148908,exact,I39804081
206,Julius Brennecke,A5044585155,exact,I125523173
140,Doug Speed,A5042359312,alias,I204337017
2203,Nir London,A5044428734,alias,I53964585
4136,Sergi Vidal,A5027289201,alias,I123044942
2832,Michael Wilczek,A5038196934,exact,I54009628
226,Antonin Morillon,A5061414099,exact,I80043
2414,Maud Marchal,A5006521642,exact,I28221208
2052,Jean-Nicolas Dumez,A5014310932,exact,I1294671590
1067,Martin Pilhofer,A5087426368,exact,I35440088
255,Alba Diz-Muñoz,A5082228969,alias,I4210138560
3212,Yann Algan,A5051037471,alias,I205092303
4050,Pietro Daniel Omodeo,A5102369157,exact,I149461666
2088,Oren Tal,A5061253584,exact,I53964585
3641,James Bonaiuto,A5039504387,alias,I1294671590
2979,Lucile Turc,A5046677391,alias,I133731052
4046,Maria Fusaro,A5031068846,alias,I23923803
1374,Clement Mouhot,A5060848970,alias,I241749
1448,Andreas Nilsson,A5100918219,alias,I187531555
1109,Michael Cunliffe,A5028117910,alias,I114472154
3220,Mariacristina De Nardi,A5051392110,exact,I45129253
527,Nicolas Renier,A5034783300,exact,I154526488
3440,Pablo Gracia,A5020662752,alias,I123044942
4041,Per Högselius,A5078799679,exact,I86987016
3811,Jasenka Gudelj,A5061012289,exact,I149461666
740,Marc Schmidt-Supprian,A5089219567,exact,I2802619606
1594,Stefan Guldin,A5006811097,exact,I62916508
3656,Bahador Bahrami,A5084334220,exact,I8204097
1435,Pablo Ortega,A5033121109,exact,I2799803557
2033,Nikolay Kosinov,A5052823556,exact,I83019370
3817,Valentina Arena,A5112826247,alias,I45129253
3879,Katarzyna Marciniak,A5101508914,exact,I4654613
705,Noam Stern-Ginossar,A5110853855,alias,I53964585
986,Charlotte Grossiord,A5075690626,alias,I5124864
2164,Jianting Ye,A5063444087,alias,I169381384
1311,Xavier Ros-Oton,A5005248507,exact,I71999127
3128,Luigi Iovino,A5051884508,exact,I71209653
1841,Silvia Pascoli,A5104492238,alias,I190082696
4045,Matthieu Husson,A5110927911,exact,I1294671590
558,María Llorens-Martín,A5068800327,alias,I134820265
4176,Daniel Li Chen,A5100696404,fuzzy,I4210092408
1515,Bruno Dhuime,A5086220526,exact,I1294671590
2006,Nicolas Mordant,A5052897496,exact,I899635006
1864,Joshua D. Mcgraw,A5000839932,exact,I1294671590
3498,Torkild Hovde Lyngstad,A5025154429,exact,I184942183
4032,Monica Brinzei,A5036589621,alias,I1294671590
1738,Matthias Schott,A5105709076,alias,I197323543
2620,Carlos Alonso Ramos,A5107906752,exact,I1294671590
2570,Anastasia Ailamaki,A5050528177,alias,I5124864
2556,Yee Whye Teh,A5103835353,alias,I40120149
618,Petra Ritter,A5059814273,alias,I7877124
3874,Livia Holden,A5108870876,alias,I1294671590
187,Theodore Alexandrov,A5112562474,exact,I4210138560
84,Helen Walden,A5098661476,alias,I7882870
2524,Philippe Cudre-Mauroux,A5030787107,alias,I154338468
2620,Carlos Alonso Ramos,A5103870028,alias,I1294671590
2758,Carlos Mota,A5109748084,alias,I34352273
218,Marta Radman-Livaja,A5056530950,exact,I1294671590
3073,Frantz Martinache,A5107431268,exact,I4210126779
477,Massimo Santoro,A5076139638,alias,I138689650
3337,Victoria Reyes-García,A5084385330,alias,I123044942
3761,Christian Vassallo,A5102901245,exact,I55143463
1201,David Bikard,A5111227275,alias,I157536573
418,Matthew Campbell,A5105690936,alias,I205274468
419,Ruben Van Boxtel,A5112587887,alias,I4210127118
4099,Oded Cats,A5109447135,exact,I98358874
2410,Maria Naya Plasencia,A5045303245,alias,I1326498283
3050,Pierre Beck,A5103876076,alias,I899635006
2381,Michał Pilipczuk,A5114026909,alias,I4654613
1903,Pablo Alonso Gonzalez,A5099073980,alias,I165339363
213,Petr Svoboda,A5063809380,exact,I4210138103
2405,Carola Doerr,A5113223493,exact,I1294671590
3534,Inga Dora Sigfusdottir,A5105754321,exact,I123185442
670,Noam Stern-Ginossar,A5110853855,exact,I53964585
705,Noam Stern-Ginossar,A5110853855,exact,I53964585
1990,Ulrich Felix Keyser,A5053044199,alias,I241749
327,Guillaume Thomas Charras,A5044372884,alias,I45129253
228,Eran Segal,A5012450539,exact,I53964585
1964,Philipp Werner,A5086215751,alias,I154338468
1318,Annika Lang,A5013038827,alias,I66862912
761,Maria Rescigno,A5085944050,exact,I1339471597
2314,Guillermo Minguez Espallargas,A5031949580,alias,I16097986
1825,Markus Aspelmeyer,A5073463154,exact,I129774422
214,Chuna Ram Choudhary,A5016136160,alias,I124055696
2388,Ekaterina Viktorovna Shutova,A5016184654,fuzzy,I887064364
1342,Penka Georgieva,A5089738866,alias,I39804081
2636,Kristof Cools,A5001461967,exact,I32597200
2412,Kasper Green Larsen,A5013551063,exact,I204337017
953,Frederic Amant,A5023783658,alias,I99464096
1941,Alexander Khajetoorians,A5008550693,alias,I145872427
578,Mehmet Fatih Yanik,A5032212627,exact,I35440088
2635,Michail Matthaiou,A5035876091,exact,I126231945
2014,Pietro Cicuta,A5045269326,exact,I241749
1108,Gentile Francesco Ficetola,A5012749425,exact,I189158943
2204,Wolfgang Zeier,A5052900478,alias,I22465464
3111,Martin Schmalz,A5088570401,alias,I40120149
3194,Debopam Bhattacharya,A5039352694,alias,I241749
1089,Thomas Richards,A5005492049,alias,I40120149
2594,Coen De Visser,A5008760854,alias,I98358874
1793,Yann Mairesse,A5063348099,alias,I1294671590
1010,Andreas Nord,A5023368062,alias,I187531555
2546,Anna-Leena Korhonen,A5081393566,fuzzy,I241749
3861,Ingrid Alfonsine M. Robeyns,A5050270181,fuzzy,I193662353
1574,Thomas Ingo Rafael Walter,A5084104212,fuzzy,I4210152878
688,Francis Impens,A5040383692,exact,I2802017950
3088,Jes Kristian Jørgensen,A5105405721,alias,I124055696
1182,Oren Ram,A5065279883,alias,I197251160
2452,Torsten Hoefler,A5102875426,alias,I35440088
2881,Daniel Kiener,A5025664616,exact,I182712176
1457,Diego Miralles,A5030207043,alias,I32597200
2370,Ori Lahav,A5102734862,alias,I16391192
3493,Henrik Zachrisson,A5050079971,alias,I184942183
3719,Julia Claire Simner,A5049914689,fuzzy,I162608824
1906,Silvia Vignolini,A5050782114,exact,I241749
2681,Thomas Burg,A5010860767,alias,I31512782
2091,Fredrik Westerlund,A5090791975,exact,I66862912
3637,Bhismadev Chakrabarti,A5007803639,exact,I71052956
2395,Alexandru Ioan Tomescu,A5063897224,alias,I133731052
1117,Claire Noelle Spottiswoode,A5038587209,fuzzy,I241749
2524,Philippe Cudre-Mauroux,A5028454093,exact,I154338468
3145,Ingvild Almås,A5013143506,exact,I161593684
2290,Daniel Brandell,A5041676312,exact,I123387679
710,Emma Wetter Slack,A5064708056,alias,I35440088
3198,Alp Enver Atakan,A5043934998,alias,I1351752
3213,Barbara Rossi,A5101804566,alias,I170486558
1930,Christoph Stampfer,A5001060363,alias,I887968799
1947,Georg Fantner,A5077783881,alias,I5124864
3694,Eveline Adriana Maria Crone,A5064580768,fuzzy,I913958620
904,Matthias Meier,A5053507788,alias,I3018134672
3047,Konstantinos Tassis,A5071427523,alias,I8901234
832,Karim Lekadir,A5078391768,alias,I71999127
1322,Arnulf Jentzen,A5074382323,alias,I22465464
1852,Beatriz Seoane Bartolomé,A5011613939,alias,I121748325
3957,Anne Valerie Pont Boulay,A5010632648,fuzzy,I39804081
4132,Massimo Tavoni,A5062402898,alias,I93860229
2846,Irene Vignon-Clementel,A5090379866,exact,I1326498283
384,Sarah Doyle,A5067053382,exact,I205274468
1082,Thomas Couvreur,A5041691419,alias,I4210166444
2076,Tuomas Pertti Jonathan Knowles,A5041530719,fuzzy,I241749
1903,Pablo Alonso Gonzalez,A5090637560,fuzzy,I165339363
1808,Reinhard Kienberger,A5085130425,alias,I62916508
2263,Davide Audisio,A5003049034,alias,I2738703131
2677,Victor Torres Company,A5021864307,alias,I66862912
1945,Suchitra Sebastian,A5025591471,alias,I241749
2896,David Fairen-Jimenez,A5081651773,exact,I241749
3665,Andrew J Koontz-Garboden,A5061522229,fuzzy,I28407311
747,Andrew Edwin Firth,A5007404143,alias,I241749
1946,Guillaume Frédéric Marcel Baffou,A5036617739,fuzzy,I1294671590
2255,Laura Fabris,A5058963090,exact,I177477856
3037,Andrea Miglio,A5051016037,alias,I9360294
1523,Carlos Perez Garcia-Pando,A5040545550,alias,I2799803557
1811,Malcolm Douglas Stephen Fairbairn,A5061681290,fuzzy,I183935753
2543,James Arthur Robert Marshall,A5010593676,fuzzy,I91136226
1520,Christopher Finlay,A5034040026,alias,I96673099
991,Lucie Etienne,A5048275896,exact,I1294671590
1795,Cesar Domingo Pardo,A5060529555,alias,I134820265
64,Cyril Boris Zipfel,A5055236444,fuzzy,I202697423
3428,Anna Harris,A5031049095,exact,I34352273
138,Arnaud Krebs,A5020051043,alias,I4210138560
3284,Inger Skjelsbaek,A5089894308,alias,I184942183
3390,Moniek Adrienne Buijzen,A5035909713,fuzzy,I145872427
1694,Michal Heller,A5030304574,alias,I32597200
1860,Christian Schneider,A5007701157,alias,I129877168
2678,Aloyse Marie Charles Degiron,A5004659389,fuzzy,I1294671590
3470,Jennifer Beam Dowd,A5009798144,alias,I40120149
2976,Riku Järvinen,A5054315248,alias,I1285790362
3636,Lauren Brent,A5005475843,alias,I23923803
448,Paolo Giacobini,A5058705393,alias,I154526488
2468,Julien Jérôme Tierny,A5074734666,fuzzy,I1294671590
844,An Hendrix,A5075264102,exact,I32597200
679,Joan Yuan,A5077900379,exact,I187531555
1024,Antoine Wystrach,A5108976295,exact,I1294671590
2206,Anis Tlili,A5031284484,alias,I1294671590
2945,Angelo Simone,A5080054157,alias,I138689650
2968,Kate Maguire,A5004662021,alias,I205274468
2457,Andreas Vlachos,A5067943980,alias,I241749
2563,Michal Koucky,A5040922782,alias,I21250087
988,Cornelia Welte,A5035182754,alias,I145872427
1476,Marie Spohn,A5015497931,alias,I298625061
2367,Andreas Geiger,A5016606943,exact,I8087733
4089,Davide Luca,A5026638628,exact,I241749
3405,Juliane Lischka,A5031084511,alias,I159176309
3592,Ellen De Bruijn,A5018617932,exact,I121797337
491,Edgar Rodrigues Almeida Gomes,A5035043270,fuzzy,I141596103
3887,Sandra Ponzanesi,A5063365715,alias,I193662353
2452,Torsten Hoefler,A5112753114,alias,I35440088
3950,Artur Obluski,A5054915891,alias,I4654613
654,Davide Franco Zoccolan,A5023025526,alias,I138549579
3491,Shanshan Lan,A5047905663,alias,I887064364
506,Isabel Beets,A5070285020,alias,I99464096
941,Henrik Zetterberg,A5111354912,alias,I881427289
3776,Nicola Carpentieri,A5059225496,exact,I138689650
2303,Oren Alexander Scherman,A5112049018,fuzzy,I241749
783,Thomas Dorlo,A5054194543,alias,I123387679
3897,Alexander Fidora,A5033704417,alias,I123044942
2935,Timon Rabczuk,A5112866070,alias,I51441396
3946,Marieke Hendriksen,A5015461352,alias,I1322597698
664,Barbara Susanne Sixt,A5016800306,alias,I90267481
2504,David Atienza Alonso,A5041778119,alias,I5124864
798,Michael White,A5102658212,exact,I157536573
52,Stefan Ameres,A5051413908,alias,I129774422
1132,Stephanie Bedhomme,A5024965499,alias,I1294671590
3559,Christiaan Vinkers,A5032982998,alias,I911458345
2218,Pedro Leão,A5051018229,alias,I4387153601
4176,Daniel Li Chen,A5018904107,fuzzy,I4210092408
3485,Eran Halperin,A5107999727,alias,I197251160
3828,Charlotte Ribeyrol,A5084489102,alias,I39804081
1237,Kevin Chalut,A5082249024,alias,I241749
2319,Stephen Patrick Fletcher,A5028647836,fuzzy,I40120149
2438,Thorsten Holz,A5056790702,exact,I4210128801
1961,Hendrik Dietz,A5057940153,exact,I62916508
4000,Sireen El Zaatari,A5079881496,alias,I8087733
1452,Jia Chen,A5100416039,exact,I62916508
1131,Graham Keith Taylor,A5048693285,fuzzy,I40120149
3719,Julia Claire Simner,A5107940725,fuzzy,I162608824
1579,Sonia Isabelle Seneviratne,A5112572775,fuzzy,I35440088
2161,Alexey Alexandrovich Popov,A5101909494,fuzzy,I3018417779
3715,Morten Lindtner Kringelbach,A5110937167,fuzzy,I40120149
3197,Ricardo Augusto Marcos Rocha Reis,A5002822219,fuzzy,I909854389
3282,Raluca Cornelia Grosescu,A5088116558,fuzzy,I135790613
3863,Cristina Grasseni,A5011040038,alias,I121797337
3238,Eldar Haber,A5066026585,alias,I91203450
2650,Fabrizio De Vico Fallani,A5105840687,alias,I1326498283
3437,Jeanine Dagyeli,A5093796153,fuzzy,I129774422
3615,Stefano Palminteri,A5019123940,alias,I154526488
1366,Chris M Wendl,A5004713685,fuzzy,I39343248
1958,Virginie Chamard,A5110490996,alias,I1294671590
529,Ayal Ben-Zvi,A5066671374,alias,I197251160
2365,Stephen Taylor Liddle,A5110331680,fuzzy,I28407311
118,Miao-Ping Chien,A5027154794,fuzzy,I2801952686
737,Stefania Spano,A5056203171,alias,I195460627
3909,Rebekah Clements,A5008441228,alias,I123044942
3651,John Robert Gareth Williams,A5040243886,fuzzy,I130828816
2770,Daniel Nieto,A5011125576,alias,I11019714
314,Sara Cristiana Barbara Buonomo,A5010645043,fuzzy,I98677209
186,Yardena Rachel Samuels,A5112267345,fuzzy,I53964585
3830,Isabelle Torrance,A5109332237,alias,I204337017
3331,Christian Enemark,A5046189272,alias,I43439940
1911,Giovanni Volpe,A5053795821,exact,I881427289
1379,Gianluigi Rozza,A5076664451,fuzzy,I138549579
546,Silvia Cappello,A5056811679,exact,I8204097
3473,Maria Melchior,A5111252103,alias,I154526488
4027,Giulia Giannini,A5001465618,exact,I189158943
3930,Helle Jensen,A5086366376,alias,I204337017
563,Ana Joao Gomes Rodrigues,A5100608736,fuzzy,I99682543
1394,David Perez Garcia,A5114050683,exact,I121748325
1043,Alvaro San Millan,A5000337643,alias,I134820265
2448,Viktor Vafeiadis,A5023359178,alias,I149899117
13,Olivier Duss,A5072324762,exact,I4210138560
2274,David Mills,A5021404805,exact,I28407311
1981,Fernando Moreno-Herrero,A5103727917,fuzzy,I134820265
3676,Christian Fritz Andreas Doeller,A5106514178,fuzzy,I204778367
4176,Daniel Li Chen,A5054909248,fuzzy,I4210092408
3213,Barbara Rossi,A5059374703,alias,I170486558
1553,Alejandro Luque Estepa,A5003540136,alias,I134820265
2620,Carlos Alonso Ramos,A5112647248,alias,I1294671590
881,Steven Alexander Niederer,A5069258667,fuzzy,I183935753
2473,Pascal Schweitzer,A5017685495,exact,I31512782
36,Marvin Tanenbaum,A5050072827,alias,I1322597698
3878,Erik Bähre,A5109593213,alias,I121797337
563,Ana Joao Gomes Rodrigues,A5007385769,fuzzy,I99682543
1668,Tim Schröder,A5102074841,alias,I39343248
1133,Mariangela Bonizzoni,A5093357706,alias,I25217355
3970,Umberto Lombardo,A5059864669,alias,I123044942
3152,Eduardo Perez,A5012825870,alias,I205092303
2092,David Glowacki,A5001229826,alias,I200284239
1654,Stefan Schoppmann,A5019969240,alias,I197323543
3463,Rosana Pinheiro Machado,A5033421040,exact,I100930933
2521,Mauro Birattari,A5105933440,alias,I132053463
1448,Andreas Nilsson,A5110264816,alias,I187531555
983,Ronit Satchi-Fainaro,A5026654271,alias,I16391192
1641,Feng Gao,A5031926000,exact,I102134673
3278,Maria Malksoo,A5024396954,alias,I124055696
2456,Stefan Schmid,A5019006329,alias,I4577782
3069,Sarah Louise Bridle,A5104087059,fuzzy,I28407311
2541,Carsten Lutz,A5111447491,alias,I180437899
419,Ruben Van Boxtel,A5092645449,alias,I4210127118
3994,John-Paul Ghobrial,A5075681746,alias,I40120149
3438,Maya Benish-Weisman,A5088721569,alias,I197251160
1145,Andrea Manica,A5051634777,exact,I241749
857,Christoph Bock,A5113261346,alias,I4210127611
1277,Kris Verheyen,A5112842104,alias,I32597200
955,Vincent Wilfred Vishal-Kapoor Jaddoe,A5106486158,fuzzy,I2801952686
2446,Assia Selma Mahboubi,A5034173374,fuzzy,I1326498283
877,Jean-Baptiste Pingault,A5108942339,alias,I45129253
3947,Valentina Fusari,A5020024952,exact,I55143463
2256,Martín Fañanás-Mastral,A5091781818,exact,I200284239
4019,Victor Corneliu Ghica,A5104509061,fuzzy,I77901215
4123,Carlos Dionisio Pérez-Blanco,A5084439316,alias,I4210139941
3923,Pascal Warnking,A5065577078,alias,I89864525
1903,Pablo Alonso Gonzalez,A5046619694,alias,I165339363
174,Paola Picotti,A5109553288,alias,I35440088
347,Francesco Paneni,A5092821669,alias,I202697423
2452,Torsten Hoefler,A5102459643,exact,I35440088
195,Ido Amit,A5108005028,exact,I53964585
3726,Elena Spangenberg Yanes,A5001334699,exact,I861853513
3486,Sonja Zmerli,A5113982199,alias,I899635006
1163,Iñaki Ruiz Trillo,A5011520143,exact,I170486558
3632,Daniel Margulies,A5006201680,exact,I1294671590
2529,Derek Dreyer,A5088697951,exact,I149899117
228,Eran Segal,A5012450539,alias,I53964585
1964,Philipp Werner,A5086215751,exact,I154338468
1318,Annika Lang,A5013038827,exact,I66862912
761,Maria Rescigno,A5085944050,alias,I1339471597
1825,Markus Aspelmeyer,A5073463154,alias,I129774422
1342,Penka Georgieva,A5089738866,exact,I39804081
2636,Kristof Cools,A5001461967,alias,I32597200
2412,Kasper Green Larsen,A5013551063,alias,I204337017
953,Frederic Amant,A5023783658,exact,I99464096
578,Mehmet Fatih Yanik,A5032212627,alias,I35440088
2635,Michail Matthaiou,A5035876091,alias,I126231945
2014,Pietro Cicuta,A5045269326,alias,I241749
1108,Gentile Francesco Ficetola,A5012749425,alias,I189158943
3194,Debopam Bhattacharya,A5039352694,exact,I241749
1010,Andreas Nord,A5023368062,exact,I187531555
688,Francis Impens,A5040383692,alias,I2802017950
1182,Oren Ram,A5065279883,exact,I197251160
2452,Torsten Hoefler,A5102875426,exact,I35440088
2881,Daniel Kiener,A5025664616,alias,I182712176
2370,Ori Lahav,A5102734862,exact,I16391192
1906,Silvia Vignolini,A5050782114,alias,I241749
2091,Fredrik Westerlund,A5090791975,alias,I66862912
3637,Bhismadev Chakrabarti,A5007803639,alias,I71052956
2524,Philippe Cudre-Mauroux,A5028454093,alias,I154338468
3145,Ingvild Almås,A5013143506,alias,I161593684
2290,Daniel Brandell,A5041676312,alias,I123387679
3213,Barbara Rossi,A5101804566,exact,I170486558
1930,Christoph Stampfer,A5001060363,exact,I887968799
904,Matthias Meier,A5053507788,exact,I3018134672
3047,Konstantinos Tassis,A5071427523,exact,I8901234
832,Karim Lekadir,A5078391768,exact,I71999127
1322,Arnulf Jentzen,A5074382323,exact,I22465464
4132,Massimo Tavoni,A5062402898,exact,I93860229
2846,Irene Vignon-Clementel,A5090379866,alias,I1326498283
384,Sarah Doyle,A5067053382,alias,I205274468
1808,Reinhard Kienberger,A5085130425,exact,I62916508
2263,Davide Audisio,A5003049034,exact,I2738703131
2677,Victor Torres Company,A5021864307,exact,I66862912
2896,David Fairen-Jimenez,A5081651773,alias,I241749
2255,Laura Fabris,A5058963090,alias,I177477856
1523,Carlos Perez Garcia-Pando,A5040545550,exact,I2799803557
991,Lucie Etienne,A5048275896,alias,I1294671590
3428,Anna Harris,A5031049095,alias,I34352273
1860,Christian Schneider,A5007701157,exact,I129877168
448,Paolo Giacobini,A5058705393,exact,I154526488
844,An Hendrix,A5075264102,alias,I32597200
679,Joan Yuan,A5077900379,alias,I187531555
1024,Antoine Wystrach,A5108976295,alias,I1294671590
2206,Anis Tlili,A5031284484,exact,I1294671590
2457,Andreas Vlachos,A5067943980,exact,I241749
2563,Michal Koucky,A5040922782,exact,I21250087
1476,Marie Spohn,A5015497931,exact,I298625061
2367,Andreas Geiger,A5016606943,alias,I8087733
4089,Davide Luca,A5026638628,alias,I241749
3592,Ellen De Bruijn,A5018617932,alias,I121797337
4210,Edgar Rodrigues Almeida Gomes,A5035043270,fuzzy,I141596103
3887,Sandra Ponzanesi,A5063365715,exact,I193662353
2452,Torsten Hoefler,A5112753114,exact,I35440088
3491,Shanshan Lan,A5047905663,exact,I887064364
506,Isabel Beets,A5070285020,exact,I99464096
941,Henrik Zetterberg,A5111354912,exact,I881427289
3776,Nicola Carpentieri,A5059225496,alias,I138689650
3897,Alexander Fidora,A5033704417,exact,I123044942
2935,Timon Rabczuk,A5112866070,exact,I51441396
2504,David Atienza Alonso,A5041778119,exact,I5124864
798,Michael White,A5102658212,alias,I157536573
1132,Stephanie Bedhomme,A5024965499,exact,I1294671590
3219,Daniel Li Chen,A5018904107,fuzzy,I4210092408
3485,Eran Halperin,A5107999727,exact,I197251160
3828,Charlotte Ribeyrol,A5084489102,exact,I39804081
2438,Thorsten Holz,A5056790702,alias,I4210128801
1961,Hendrik Dietz,A5057940153,alias,I62916508
4000,Sireen El Zaatari,A5079881496,exact,I8087733
1452,Jia Chen,A5100416039,alias,I62916508
3863,Cristina Grasseni,A5011040038,exact,I121797337
3238,Eldar Haber,A5066026585,exact,I91203450
2650,Fabrizio De Vico Fallani,A5105840687,exact,I1326498283
3615,Stefano Palminteri,A5019123940,exact,I154526488
1958,Virginie Chamard,A5110490996,exact,I1294671590
529,Ayal Ben-Zvi,A5066671374,exact,I197251160
4204,Stephen Taylor Liddle,A5110331680,fuzzy,I28407311
737,Stefania Spano,A5056203171,exact,I195460627
3909,Rebekah Clements,A5008441228,exact,I123044942
2770,Daniel Nieto,A5011125576,exact,I11019714
3830,Isabelle Torrance,A5109332237,exact,I204337017
3331,Christian Enemark,A5046189272,exact,I43439940
1911,Giovanni Volpe,A5053795821,alias,I881427289
546,Silvia Cappello,A5056811679,alias,I8204097
4027,Giulia Giannini,A5001465618,alias,I189158943
1394,David Perez Garcia,A5114050683,alias,I121748325
1043,Alvaro San Millan,A5000337643,exact,I134820265
2448,Viktor Vafeiadis,A5023359178,exact,I149899117
13,Olivier Duss,A5072324762,alias,I4210138560
2274,David Mills,A5021404805,alias,I28407311
3219,Daniel Li Chen,A5054909248,fuzzy,I4210092408
3213,Barbara Rossi,A5059374703,exact,I170486558
2473,Pascal Schweitzer,A5017685495,alias,I31512782
3878,Erik Bähre,A5109593213,exact,I121797337
1668,Tim Schröder,A5102074841,exact,I39343248
3152,Eduardo Perez,A5012825870,exact,I205092303
3463,Rosana Pinheiro Machado,A5033421040,alias,I100930933
2521,Mauro Birattari,A5105933440,exact,I132053463
1448,Andreas Nilsson,A5110264816,exact,I187531555
983,Ronit Satchi-Fainaro,A5026654271,exact,I16391192
1641,Feng Gao,A5031926000,alias,I102134673
3278,Maria Malksoo,A5024396954,exact,I124055696
2541,Carsten Lutz,A5111447491,exact,I180437899
3994,John-Paul Ghobrial,A5075681746,exact,I40120149
3438,Maya Benish-Weisman,A5088721569,exact,I197251160
1145,Andrea Manica,A5051634777,alias,I241749
857,Christoph Bock,A5113261346,exact,I4210127611
1277,Kris Verheyen,A5112842104,exact,I32597200
877,Jean-Baptiste Pingault,A5108942339,exact,I45129253
3947,Valentina Fusari,A5020024952,alias,I55143463
2256,Martín Fañanás-Mastral,A5091781818,alias,I200284239
3923,Pascal Warnking,A5065577078,exact,I89864525
1903,Pablo Alonso Gonzalez,A5046619694,exact,I165339363
174,Paola Picotti,A5109553288,exact,I35440088
2452,Torsten Hoefler,A5102459643,alias,I35440088
195,Ido Amit,A5108005028,alias,I53964585
3726,Elena Spangenberg Yanes,A5001334699,alias,I861853513
3486,Sonja Zmerli,A5113982199,exact,I899635006
1163,Iñaki Ruiz Trillo,A5011520143,alias,I170486558
3632,Daniel Margulies,A5006201680,alias,I1294671590
2529,Derek Dreyer,A5088697951,alias,I149899117
1232,Rob Lavigne,A5056568447,alias,I99464096
1851,Francisco José Rodríguez Fortuño,A5043497375,alias,I183935753
219,Ron Milo,A5108112876,exact,I53964585
2283,Maksym Kovalenko,A5034871143,alias,I35440088
2140,Jerome Wenger,A5022399572,exact,I1294671590
1545,Philip Stier,A5087616218,alias,I40120149
943,Weimin Ye,A5100601148,alias,I28166907
3669,Kristine Walhovd,A5061605810,alias,I184942183
3009,Elena Maria Rossi,A5031008643,alias,I121797337
2139,Sebastian Josef Maerkl,A5087352392,alias,I5124864
970,Jennifer Irene Keiser,A5033452459,fuzzy,I158937107
2339,Daniel Bodo Werz,A5079173916,alias,I94509681
1452,Jia Chen,A5086814847,alias,I62916508
620,Stephanie Baulac,A5070118171,exact,I154526488
908,Charles Agyemang,A5067202010,alias,I2802928900
805,Sebastian Kobold,A5050281853,alias,I8204097
2190,Rebecca Melen,A5005757075,alias,I79510175
2651,Sandra Hirche,A5024376647,exact,I62916508
1062,Jane Catford,A5033756643,alias,I183935753
2305,Stephan Sieber,A5048928672,alias,I62916508
3930,Helle Jensen,A5034433636,fuzzy,I204337017
2126,Andrew Teale,A5062330784,alias,I142263535
2027,Roberto Rizzato,A5079611641,alias,I62916508
2732,Joerg Carsten Widmer,A5064963698,fuzzy,I2802499160
3518,Henrik Vigh,A5078315010,alias,I124055696
759,Jason Paul Mercer,A5042993609,fuzzy,I79619799
3369,Halvard Buhaug,A5038498708,alias,I60419261
743,Sophie Elizabeth J. Lucas,A5058712436,fuzzy,I95674353
719,Mariana Luisa Tomas Gomes De Pinho,A5068113754,fuzzy,I83558840
2935,Timon Rabczuk,A5065190539,alias,I51441396
1844,Riccardo Raabe,A5001631448,alias,I99464096
3716,Andrea Evers,A5065164200,alias,I121797337
602,Matthew Stuart Grubb,A5047455423,fuzzy,I183935753
3071,Jaiyul Yoo,A5014715087,exact,I202697423
2022,Freddy Bouchet,A5043527868,alias,I1294671590
2333,Nuno Xavier Dias Maulide,A5084246998,fuzzy,I129774422
1437,Ylona Van Dinther,A5067792157,exact,I193662353
2278,Tibor Kudernac,A5043715610,exact,I169381384
2824,Angela Madeo,A5002209126,alias,I200332995
1888,Ville Maisi,A5008861565,alias,I187531555
2838,Josef Kiendl,A5064610853,alias,I40527276
3419,Lai Ma,A5101614347,exact,I100930933
3004,Stefan Kraus,A5040615789,alias,I23923803
1734,Claudia Nones,A5101655197,alias,I2738703131
2813,Wei Cao,A5080190437,exact,I98381234
460,Janine Terra Erler,A5039753115,alias,I124055696
2432,Gil Segev,A5110233330,alias,I197251160
1273,Pascal Falter-Braun,A5101952278,alias,I3018134672
1933,Erez Berg,A5080237536,exact,I53964585
1635,Magnus Jonsson,A5057206902,alias,I102134673
1127,Pierre Antoine Georges Cardol,A5047127287,fuzzy,I157674565
3508,Man Yee Kan,A5012209144,alias,I40120149
2641,Yao-Hong Liu,A5014768168,alias,I196972281
2021,Alexander Brinkman,A5088284608,exact,I94624287
3354,Jochen Peter,A5037694810,alias,I887064364
1850,Radha Boya,A5029687421,alias,I28407311
2435,Madeline Balaam,A5078308184,exact,I86987016
3142,Monica Martinez-Bravo,A5073753535,exact,I4210121976
1615,Samuel Stranks,A5077878068,alias,I241749
2899,Robin Henk A. Ras,A5066212186,fuzzy,I9927081
2719,Sebastian Sager,A5070436541,alias,I95793202
3561,Marina Lopez Sola,A5023740479,exact,I71999127
2346,Sven Schneider,A5067235857,alias,I74656192
1111,Andy Gardner,A5075192983,exact,I16835326
1174,Volker Lauschke,A5053109650,alias,I28166907
3595,Tobias Kaufmann,A5089623913,exact,I8087733
2485,Christian Theobalt,A5020664641,exact,I149899117
3381,Benjamin Olivier Joseph René Marie Rubbers,A5061776748,fuzzy,I157674565
2980,Dedong Wang,A5037547489,alias,I4210152878
2211,Job Boekhoven,A5012135288,alias,I62916508
1805,Stuart Peter David Mangles,A5018979664,alias,I47508984
3625,Lukas Van Oudenhove,A5001562615,alias,I99464096
2845,Michael De Volder,A5085031090,fuzzy,I241749
323,Daniel Joseph G Van Damme,A5076713300,fuzzy,I2802017950
1164,Benjamin Prud'Homme,A5027369072,alias,I1294671590
40,Bjørn Panyella Pedersen,A5057382760,exact,I204337017
462,Marcel Van Vugt,A5025446346,alias,I1334415907
4086,Rhiannon Stevens,A5068323514,alias,I45129253
2698,Giacomo Indiveri,A5060241952,exact,I202697423
666,Robert De Vries,A5049515007,alias,I193662353
3569,Gordon Feld,A5012687917,alias,I4210105615
2168,Edward Anton Lemke,A5037285551,alias,I197323543
1953,Ivan Guilhem Daniel Favero,A5033271744,fuzzy,I1294671590
3379,Andreas Fred Fischer-Lescano,A5022588809,fuzzy,I180437899
1448,Andreas Nilsson,A5047834365,exact,I187531555
3486,Sonja Zmerli,A5046470069,alias,I899635006
3059,Frank Heinz Postberg,A5114205349,fuzzy,I75951250
2019,Mete Atature,A5052134684,exact,I241749
1415,Jose Luis Rodrigo,A5103252995,alias,I39555362
1522,Gianluca Botter,A5084584851,exact,I138689650
2767,Jelena Radjenovic,A5058771871,exact,I2799562678
2751,Michele Marino,A5046964678,exact,I116067653
720,David Finlay,A5039033149,alias,I205274468
1813,Sebastian Ludwig Diehl,A5031042601,fuzzy,I180923762
1394,David Perez Garcia,A5037099975,alias,I121748325
389,Christiane Opitz,A5011907940,alias,I17937529
3430,Ariane Sadjed,A5081377703,alias,I138211613
3389,Jani Petteri Erola,A5077102480,fuzzy,I155660961
2460,Alex Bronstein,A5023373622,alias,I174306211
3610,Simon Van Gaal,A5005327084,exact,I887064364
2991,Andreu Font Ribera,A5028921959,alias,I187453708
3972,João Cascalheira,A5037812910,alias,I71503853
1951,John Julian Larrarte Morton,A5070143479,fuzzy,I45129253
671,Matthieu Mahevas,A5039798351,alias,I197681013
380,Nina Henriette Uhlenhaut,A5064933213,alias,I62916508
408,Paul Thomas Pfluger,A5082822397,alias,I3018134672
607,Adam Denes,A5038618629,exact,I4210106880
1351,Stefano Favaro,A5083953277,alias,I55143463
224,Diether Lambrechts,A5078760536,alias,I2802017950
66,Markus Andreas Seeger,A5086591800,fuzzy,I202697423
1475,Faysal Bibi,A5038250577,exact,I1313606977
3792,Marijn Van Putten,A5014080283,alias,I121797337
111,David Burstein,A5101885296,exact,I16391192
1283,Michael Magee,A5009972049,alias,I190082696
804,Thomas Grünewald,A5010237107,alias,I17937529
1397,Alexander Bufetov,A5041116284,alias,I1294671590
98,Danny Huang,A5047487479,alias,I4210143228
1807,Alessandro Bacchetta,A5111891262,alias,I25217355
592,Joseph Paton,A5001236766,alias,I113358080
3951,Stefano Biagetti,A5041473440,exact,I170486558
660,Sonia Noémie Garel,A5053318683,fuzzy,I154526488
1158,Eric Pierre Bapteste,A5061336204,fuzzy,I39804081
3906,Volha Bartash,A5091435793,exact,I4210131093
1349,Rico Zenklusen,A5033406324,exact,I35440088
2185,Julián Bergueiro Álvarez,A5091109896,alias,I200284239
3551,Stephanie Forkel,A5017441301,alias,I145872427
1423,Eva Stueeken,A5074674276,alias,I16835326
2877,Anne-Virginie Salsac,A5063079937,alias,I1294671590
3392,Edward Simpson,A5018349673,exact,I31575130
38,João Pedro Fernandes De Matos,A5012540233,fuzzy,I129774422
3814,Ludek Broz,A5064240437,alias,I4210108156
1123,Karine Marianne F Van Doninck,A5061793701,fuzzy,I132053463
2198,César Rodriguez-Emmenegger,A5020329666,exact,I4210147769
2782,Richard Stevens,A5020935259,alias,I94624287
711,Carlos Filipe Ribeiro Lemos Pereira,A5011181093,fuzzy,I187531555
2949,Blake Sherwin,A5107073535,alias,I241749
2856,Marco Deluca,A5112435619,alias,I4210135925
3937,Hilmi Ozan Ozavci,A5013691136,alias,I193662353
2598,Ivan Minev Rusev,A5001022357,alias,I4210111834
3125,Mathieu Couttenier,A5026351385,exact,I113428412
1188,Ainhoa Martinez Medina,A5017396023,exact,I134820265
3613,Johann-Mattis List,A5012676548,alias,I186354981
3704,Sid Kouider,A5015196854,exact,I29607241
4019,Victor Corneliu Ghica,A5092177592,fuzzy,I77901215
1925,Pierre Thibault,A5019680990,alias,I142444530
4104,Mara Ferreri,A5061336735,alias,I177477856
3363,Lynn Cooke,A5017045821,alias,I51601045
1220,Abel Garcia Pino,A5102866116,exact,I132053463
1426,Piero Poli,A5086162214,alias,I138689650
924,Mikko Olavi Niemi,A5046137598,fuzzy,I133731052
3724,Giorgio Coricelli,A5025755962,alias,I193223587
1232,Rob Lavigne,A5104359714,alias,I99464096
997,Emily Mitchell,A5108138570,fuzzy,I241749
520,Fabian Sinz,A5036361185,alias,I74656192
2256,Martín Fañanás-Mastral,A5024147412,exact,I200284239
3809,Pascale Anne Francoise Hugon,A5052169723,fuzzy,I138211613
903,Jan Herman Veldink,A5107901479,fuzzy,I3018483916
4100,Emanuele Campiglio,A5107423226,exact,I9360294
1770,Harvey Byron Meyer,A5108573485,fuzzy,I197323543
3803,Anne O'Connor,A5026212797,alias,I188760350
3879,Katarzyna Marciniak,A5016295413,exact,I4654613
4056,Elisheva Baumgarten,A5079659873,alias,I197251160
3904,Paul Van Trigt,A5081868361,exact,I121797337
3346,Staffan I. Lindberg,A5103554007,fuzzy,I881427289
3806,Jeremy Francis Walton,A5008765125,alias,I154347574
3399,Pablo Alonso Gonzalez,A5078591848,alias,I134820265
1107,Dominic Wright,A5104142107,alias,I102134673
2547,Anders Møller,A5103421703,fuzzy,I204337017
3578,Malte Rosemeyer,A5037103490,exact,I75951250
1235,Georgios Skretas,A5081417503,alias,I6820528
4052,Julien Loiseau,A5078680462,alias,I21491767
563,Ana Joao Gomes Rodrigues,A5037786006,fuzzy,I99682543
1050,Andrew David Foote,A5027442178,alias,I184942183
418,Matthew Campbell,A5113997385,exact,I205274468
2596,Klaas-Jan Tielrooij,A5049475284,alias,I83019370
1563,Bas Johannes Henricus Van De Wiel,A5021373140,fuzzy,I98358874
2145,Dan Oron,A5107835992,alias,I53964585
2923,Daniel John Kelly,A5066919301,alias,I205274468
618,Petra Ritter,A5103607661,alias,I7877124
3710,Pol Van Lier,A5062596683,fuzzy,I865915315
3790,Marta Puxan,A5031195330,alias,I50441567
3593,Delphine Oudiette,A5104532585,exact,I154526488
798,Michael White,A5074314249,alias,I157536573
205,Rotem Sorek,A5051417124,exact,I53964585
1236,Lars Ingemar André,A5032814517,fuzzy,I187531555
1248,Arnaud Pierre Gaby Gautier,A5072757442,fuzzy,I39804081
539,Julien Bouvier,A5020065223,exact,I1294671590
599,Susana Lima,A5003616800,alias,I113358080
1803,Antonin Vacheret,A5063689819,alias,I47508984
1774,Johannes Martin Henn,A5066875521,fuzzy,I149899117
2868,Alejandro Antonio Franco,A5102965924,alias,I1294671590
472,Thomas Thum,A5113713974,alias,I34809795
3212,Yann Algan,A5105453237,alias,I205092303
3202,Pedro Manuel Amaro Da Costa Luz Carneiro,A5107809680,fuzzy,I45129253
2272,Nuno Silva,A5082326781,alias,I60858718
2807,Andreas Fischer,A5103989680,alias,I180437899
3977,Adrian Wüthrich,A5007942422,exact,I4577782
3114,Sam Asher,A5001234997,alias,I47508984
351,Ihsan Ekin Demir,A5101037355,alias,I2802619606
972,Giuseppe Testa,A5104652934,alias,I189158943
223,Felipe Cortés Ledesma,A5062090815,alias,I4210089594
1687,Pawel Caputa,A5011483650,alias,I161593684
2990,Paola Popesso,A5104977953,alias,I1321434546
2515,Francois-Xavier Leslie A Standaert,A5004989106,fuzzy,I95674353
4152,Christopher Haworth,A5025939375,exact,I79619799
967,Craig Morgan,A5113269293,alias,I183935753
142,Eivind Valen,A5067360861,alias,I184942183
59,Chirlmin Joo,A5099162919,alias,I98358874
966,Patrizio Lancellotti,A5109774607,alias,I157674565
1012,Fabien Condamine,A5111168442,fuzzy,I1294671590
3701,Simon Hanslmayr,A5098778534,alias,I7882870
2286,Giuseppe Battaglia,A5010306028,exact,I4210147769
824,Siawoosh Mohammadi,A5086856273,alias,I4210112713
2981,Massimo Gaspari,A5011557883,alias,I122346577
1209,Nuria Montserrat Pulido,A5038163469,alias,I4210147769
4176,Daniel Li Chen,A5079510738,fuzzy,I4210092408
3099,Wouter Henricus Theodorus Vlemmings,A5105938740,fuzzy,I66862912
738,Matthias Marti,A5113257776,alias,I7882870
1641,Feng Gao,A5101741369,alias,I102134673
3687,Kenneth Smith,A5101943876,alias,I98677209
1507,Stijn De Schepper,A5003243760,alias,I4210107808
1279,Tillmann Joachim Lüders,A5109681086,fuzzy,I54009628
3293,Ragnhild Louise Muriaas,A5096988275,fuzzy,I4432739
1232,Rob Lavigne,A5056568447,exact,I99464096
219,Ron Milo,A5108112876,alias,I53964585
2140,Jerome Wenger,A5022399572,alias,I1294671590
1545,Philip Stier,A5087616218,exact,I40120149
943,Weimin Ye,A5100601148,exact,I28166907
4236,Jennifer Irene Keiser,A5033452459,fuzzy,I158937107
1452,Jia Chen,A5086814847,exact,I62916508
620,Stephanie Baulac,A5070118171,alias,I154526488
908,Charles Agyemang,A5067202010,exact,I2802928900
805,Sebastian Kobold,A5050281853,exact,I8204097
2651,Sandra Hirche,A5024376647,alias,I62916508
2027,Roberto Rizzato,A5079611641,exact,I62916508
4181,Joerg Carsten Widmer,A5064963698,fuzzy,I2802499160
3518,Henrik Vigh,A5078315010,exact,I124055696
3369,Halvard Buhaug,A5038498708,exact,I60419261
2935,Timon Rabczuk,A5065190539,exact,I51441396
3071,Jaiyul Yoo,A5014715087,alias,I202697423
2022,Freddy Bouchet,A5043527868,exact,I1294671590
1437,Ylona Van Dinther,A5067792157,alias,I193662353
2278,Tibor Kudernac,A5043715610,alias,I169381384
2824,Angela Madeo,A5002209126,exact,I200332995
2838,Josef Kiendl,A5064610853,exact,I40527276
3419,Lai Ma,A5101614347,alias,I100930933
3004,Stefan Kraus,A5040615789,exact,I23923803
2813,Wei Cao,A5080190437,alias,I98381234
2432,Gil Segev,A5110233330,exact,I197251160
1933,Erez Berg,A5080237536,alias,I53964585
3508,Man Yee Kan,A5012209144,exact,I40120149
2641,Yao-Hong Liu,A5014768168,exact,I196972281
2021,Alexander Brinkman,A5088284608,alias,I94624287
3354,Jochen Peter,A5037694810,exact,I887064364
2435,Madeline Balaam,A5078308184,alias,I86987016
3142,Monica Martinez-Bravo,A5073753535,alias,I4210121976
2719,Sebastian Sager,A5070436541,exact,I95793202
3561,Marina Lopez Sola,A5023740479,alias,I71999127
2346,Sven Schneider,A5067235857,exact,I74656192
1111,Andy Gardner,A5075192983,alias,I16835326
3595,Tobias Kaufmann,A5089623913,alias,I8087733
2485,Christian Theobalt,A5020664641,alias,I149899117
2980,Dedong Wang,A5037547489,exact,I4210152878
2211,Job Boekhoven,A5012135288,exact,I62916508
3625,Lukas Van Oudenhove,A5001562615,exact,I99464096
40,Bjørn Panyella Pedersen,A5057382760,alias,I204337017
2698,Giacomo Indiveri,A5060241952,alias,I202697423
1448,Andreas Nilsson,A5047834365,alias,I187531555
3486,Sonja Zmerli,A5046470069,exact,I899635006
2019,Mete Atature,A5052134684,alias,I241749
1522,Gianluca Botter,A5084584851,alias,I138689650
2767,Jelena Radjenovic,A5058771871,alias,I2799562678
2751,Michele Marino,A5046964678,alias,I116067653
3430,Ariane Sadjed,A5081377703,exact,I138211613
2460,Alex Bronstein,A5023373622,exact,I174306211
3610,Simon Van Gaal,A5005327084,alias,I887064364
2991,Andreu Font Ribera,A5028921959,exact,I187453708
3972,João Cascalheira,A5037812910,exact,I71503853
671,Matthieu Mahevas,A5039798351,exact,I197681013
607,Adam Denes,A5038618629,alias,I4210106880
1351,Stefano Favaro,A5083953277,exact,I55143463
224,Diether Lambrechts,A5078760536,exact,I2802017950
1475,Faysal Bibi,A5038250577,alias,I1313606977
3792,Marijn Van Putten,A5014080283,exact,I121797337
111,David Burstein,A5101885296,alias,I16391192
1283,Michael Magee,A5009972049,exact,I190082696
1807,Alessandro Bacchetta,A5111891262,exact,I25217355
3951,Stefano Biagetti,A5041473440,alias,I170486558
4222,Sonia Noémie Garel,A5053318683,fuzzy,I154526488
4229,Eric Pierre Bapteste,A5061336204,fuzzy,I39804081
3906,Volha Bartash,A5091435793,alias,I4210131093
1349,Rico Zenklusen,A5033406324,alias,I35440088
1423,Eva Stueeken,A5074674276,exact,I16835326
2877,Anne-Virginie Salsac,A5063079937,exact,I1294671590
3392,Edward Simpson,A5018349673,alias,I31575130
3814,Ludek Broz,A5064240437,exact,I4210108156
2198,César Rodriguez-Emmenegger,A5020329666,alias,I4210147769
2856,Marco Deluca,A5112435619,exact,I4210135925
3125,Mathieu Couttenier,A5026351385,alias,I113428412
1188,Ainhoa Martinez Medina,A5017396023,alias,I134820265
3613,Johann-Mattis List,A5012676548,exact,I186354981
3704,Sid Kouider,A5015196854,alias,I29607241
1925,Pierre Thibault,A5019680990,exact,I142444530
4104,Mara Ferreri,A5061336735,exact,I177477856
1220,Abel Garcia Pino,A5102866116,alias,I132053463
1426,Piero Poli,A5086162214,exact,I138689650
3724,Giorgio Coricelli,A5025755962,exact,I193223587
2256,Martín Fañanás-Mastral,A5024147412,alias,I200284239
4100,Emanuele Campiglio,A5107423226,alias,I9360294
3879,Katarzyna Marciniak,A5016295413,alias,I4654613
4056,Elisheva Baumgarten,A5079659873,exact,I197251160
3904,Paul Van Trigt,A5081868361,alias,I121797337
3399,Pablo Alonso Gonzalez,A5078591848,exact,I134820265
1107,Dominic Wright,A5104142107,exact,I102134673
3578,Malte Rosemeyer,A5037103490,alias,I75951250
4052,Julien Loiseau,A5078680462,exact,I21491767
418,Matthew Campbell,A5113997385,alias,I205274468
2596,Klaas-Jan Tielrooij,A5049475284,exact,I83019370
2145,Dan Oron,A5107835992,exact,I53964585
3593,Delphine Oudiette,A5104532585,alias,I154526488
798,Michael White,A5074314249,exact,I157536573
205,Rotem Sorek,A5051417124,alias,I53964585
539,Julien Bouvier,A5020065223,alias,I1294671590
599,Susana Lima,A5003616800,exact,I113358080
472,Thomas Thum,A5113713974,exact,I34809795
3212,Yann Algan,A5105453237,exact,I205092303
2272,Nuno Silva,A5082326781,exact,I60858718
3977,Adrian Wüthrich,A5007942422,alias,I4577782
3114,Sam Asher,A5001234997,exact,I47508984
223,Felipe Cortés Ledesma,A5062090815,exact,I4210089594
2990,Paola Popesso,A5104977953,exact,I1321434546
4152,Christopher Haworth,A5025939375,alias,I79619799
967,Craig Morgan,A5113269293,exact,I183935753
142,Eivind Valen,A5067360861,exact,I184942183
59,Chirlmin Joo,A5099162919,exact,I98358874
966,Patrizio Lancellotti,A5109774607,exact,I157674565
3701,Simon Hanslmayr,A5098778534,exact,I7882870
2286,Giuseppe Battaglia,A5010306028,alias,I4210147769
824,Siawoosh Mohammadi,A5086856273,exact,I4210112713
3219,Daniel Li Chen,A5079510738,fuzzy,I4210092408
738,Matthias Marti,A5113257776,exact,I7882870
1641,Feng Gao,A5101741369,exact,I102134673
1507,Stijn De Schepper,A5003243760,exact,I4210107808
4219,Tillmann Joachim Lüders,A5109681086,fuzzy,I54009628
4207,Charles Agyemang,A5067202010,exact,I2802928900
4207,Charles Agyemang,A5067202010,alias,I2802928900
1791,Andrea Longhin,A5101932677,alias,I138689650
1634,Matthew Baker,A5056551110,alias,I34352273
2355,Sebastian Polarz,A5023573203,alias,I189712700
3563,Alireza Salami,A5029416913,alias,I28166907
4122,Evelyn Uuemaa,A5048819296,exact,I56085075
681,Troels Scheel,A5000059912,alias,I124055696
2607,Emmanuel Lhuillier,A5036081515,exact,I1294671590
3638,Stefan Van Der Stigchel,A5050210515,alias,I193662353
1807,Alessandro Bacchetta,A5025191314,exact,I25217355
1628,Ulrich Wilhelm Paetzold,A5083057729,alias,I102335020
738,Matthias Marti,A5004504354,alias,I7882870
2570,Anastasia Ailamaki,A5070907021,alias,I5124864
889,Bruno De Geest,A5046634481,fuzzy,I32597200
4238,Daniel Andreas Huber,A5035303223,fuzzy,I114457229
1760,Anu Kankainen,A5044839828,alias,I94722563
947,Mette Marie Rosenkilde,A5035872776,alias,I124055696
2018,Francesco De Angelis,A5105761882,alias,I30771326
2169,Ilaria Ciofini,A5063417271,alias,I1294671590
1340,Asaf Shapira,A5089978763,alias,I16391192
1103,Michael Thomas-Poulsen,A5068921976,alias,I124055696
3043,Sherry Hsuan Suyu,A5071334605,alias,I62916508
2316,Rienk Eelkema,A5084672238,exact,I98358874
2715,Robert Huber,A5072604023,alias,I9341345
2078,Michele Ceriotti,A5021241296,exact,I5124864
1392,Peter Keevash,A5023231478,exact,I40120149
932,Kathryn Mary Francis Abel,A5035300724,fuzzy,I28407311
2680,Fabien Robert Jocelyn Alibart,A5091510784,fuzzy,I1294671590
2665,Bastian Rapp,A5089234340,alias,I161046081
2097,Ian Sharp,A5083020249,alias,I62916508
2905,Marino Arroyo Balaguer,A5041927899,alias,I9617848
2303,Oren Alexander Scherman,A5036947777,alias,I241749
680,Thomas Marichal,A5076651905,alias,I157674565
2668,Juliette Mangeney,A5085504386,alias,I1294671590
1524,Ulrike Herzschuh,A5085075467,alias,I127251866
2354,Erik Petrus Antonius Maria Bakkers,A5041376320,fuzzy,I98358874
1871,Nicola Poccia,A5042543177,alias,I3018417779
826,Olivia Merkel,A5025193205,alias,I8204097
1528,Boris Jozef Paul Kaus,A5000595449,alias,I197323543
2866,Nicolas Noiray,A5005160866,alias,I35440088
3624,Sebastian Watzl,A5034857753,exact,I184942183
3482,Iñaki Permanyer Ugartemendia,A5084881724,alias,I4210121658
3062,Anders Johansen,A5068874155,alias,I124055696
1580,Heiko Pälike,A5049627320,exact,I180437899
977,Sara Richter,A5069115725,alias,I138689650
2655,Sarthak Misra,A5050730423,exact,I94624287
1024,Antoine Wystrach,A5061323512,exact,I1294671590
2840,Triantafyllos Stylianopoulos,A5057504407,exact,I34771391
4144,Iselin Åsedotter Strønen,A5019303974,alias,I4432739
342,Casper Cassander Hoogenraad,A5058356091,fuzzy,I193662353
499,Natalia Goriounova,A5073618426,alias,I865915315
1207,Akane Kawamura,A5085494254,alias,I84884186
2121,Frank Noe,A5055016850,exact,I75951250
1573,Mark Adriaan Van Zuilen,A5073115811,fuzzy,I148261361
963,Kevin Braeckmans,A5028407212,alias,I32597200
2180,Sofia Ioana Pascu,A5018800747,alias,I51601045
2312,Fabrice Philippe Pointillart,A5034045220,fuzzy,I1294671590
2602,Ferruccio Pisanello,A5028454417,alias,I30771326
1585,Paul Martin Winkler,A5042382547,alias,I129774422
3919,Richard Madgwick,A5048933423,exact,I79510175
816,Adam Williamson,A5012563992,exact,I4210136987
2748,Mario Merino Martínez,A5040697912,alias,I50357001
2488,Matteo Maffei,A5104313217,alias,I145847075
3557,Amber Gayle Thalmayer,A5071598825,alias,I202697423
2590,Angela Sara Cacciapuoti,A5082456247,alias,I71267560
3080,Haley Louise Gomez,A5060096577,alias,I79510175
473,Taija Marianna Makinen,A5063288234,fuzzy,I123387679
1091,Julien Cote,A5015359801,exact,I1294671590
3818,Johanna Pink,A5033107277,alias,I161046081
1932,Pietro Tierno,A5044821677,exact,I71999127
900,Björn Erik Ake Nilsson,A5058419662,fuzzy,I187531555
769,Pierre Bruhns,A5029545795,exact,I154526488
3657,Adam Sanborn,A5025964235,alias,I39555362
2985,Jaime De La Cruz Rodriguez,A5084131983,alias,I161593684
1786,Sylvain Herve Gigan,A5043933499,fuzzy,I1294671590
2727,Sébastien Claude Hentz,A5070939792,fuzzy,I2738703131
2966,Boon Kok Tan,A5112878560,alias,I40120149
1816,Piero Giubilato,A5022887737,alias,I138689650
2137,Iván Mora Seró,A5024423448,exact,I10902133
2814,Ignazio Maria Viola,A5041519952,alias,I98677209
3000,Eleonora Troja,A5018595778,alias,I116067653
1604,Giulia Grancini,A5045697365,alias,I25217355
1633,Yana Vaynzof,A5088452379,alias,I3018417779
2499,Piotr Sankowski,A5025494465,exact,I4654613
4051,Guy Geltner,A5083717277,alias,I887064364
1919,Francesco Cardarelli,A5073809598,alias,I157210198
777,Katja Van Den Hurk,A5049510588,alias,I3020210244
2391,Matthias Niessner,A5088583491,alias,I62916508
72,Naoko Mizuno,A5062504169,exact,I149899117
604,Rony Paz,A5063807588,alias,I53964585
847,Daniel Aili,A5033045367,alias,I102134673
3804,Julia Lajta-Novak,A5066285044,fuzzy,I129774422
396,Rafael Johannes Thomas Kramann,A5028674815,fuzzy,I4210120689
2643,Laurent Schmalen,A5065580698,alias,I102335020
3616,Benjamin Morillon,A5003525004,exact,I154526488
2306,Aurelio Mateo Alonso,A5038889906,alias,I169108374
3233,Sofia Vasilopoulou,A5062487626,exact,I183935753
152,Judith Zaugg,A5045317851,alias,I4210138560
910,Olivier Couture,A5028875960,exact,I1294671590
4085,Beatrice Albertha De Graaf,A5076684481,fuzzy,I193662353
1508,Alma Hodzic,A5033843250,alias,I1294671590
68,Thomas Arnesen,A5032682346,alias,I4432739
3729,Johanna Wolff,A5018949893,alias,I98677209
3763,Diana Berruezo-Sanchez,A5003599744,alias,I123044942
3850,Jill Walker Rettberg,A5069492392,alias,I4432739
439,Guido Bommer,A5003824473,alias,I95674353
1740,Francesco Benini,A5037607367,exact,I138549579
4108,Helen Adams,A5048641306,exact,I183935753
941,Henrik Zetterberg,A5108154215,alias,I881427289
3700,David Stifter,A5069712000,alias,I157286207
633,Nathalie Anne Spassky,A5043555955,fuzzy,I154526488
2106,Laura Fumagalli,A5062032912,exact,I28407311
3744,Enrique Jiménez,A5109359445,alias,I8204097
3059,Frank Heinz Postberg,A5010270936,fuzzy,I75951250
860,Lars Forsberg,A5025173593,alias,I123387679
1026,Zuzana Musilová,A5010080078,alias,I21250087
2952,Maria Nikolayevna Drozdovskaya,A5027279709,alias,I118564535
559,Ilaria Testa,A5025195430,exact,I86987016
2331,Andrew Peter Dove,A5030433677,fuzzy,I79619799
2440,Laura Ildiko Kovacs,A5071158512,alias,I145847075
3008,Myriam Benisty,A5081520912,alias,I899635006
2464,Jian-Jia Chen,A5107997940,exact,I200332995
3365,Nicola Mai,A5020790788,alias,I205051169
1862,Toeno Van Der Sar,A5085376455,exact,I98358874
2547,Anders Møller,A5076644461,alias,I204337017
3851,Tuomas Erik Tahko,A5012664429,fuzzy,I36234482
2007,Mika Antero Sillanpää,A5068175005,fuzzy,I9927081
1785,Vladimir Gligorov,A5036973852,alias,I1294671590
2460,Alex Bronstein,A5025410418,alias,I174306211
2028,Robert Weatherup,A5034130649,alias,I40120149
1502,Harsha Bhat Suresh,A5108136706,alias,I1294671590
566,Tiago Ramos Alegre Branco,A5102753308,fuzzy,I45129253
2077,Susan Perkin,A5015798358,alias,I40120149
2018,Francesco De Angelis,A5019956695,exact,I30771326
1292,Antoine Levitt,A5110812555,alias,I277688954
1053,Nicola Segata,A5104669843,alias,I193223587
1684,Guilherme Leite Pimentel,A5047576925,alias,I157210198
1447,Martin Schiller,A5020526599,alias,I124055696
4147,Aike Peter Rots,A5022249335,alias,I184942183
288,Jérôme Gros,A5089103667,alias,I157536573
765,Ron Dzikowski,A5108445442,alias,I197251160
2254,Jan Deska,A5004019879,alias,I133731052
1545,Philip Stier,A5104269708,alias,I40120149
608,Karim Robert Marc Benchenane,A5051955676,fuzzy,I1294671590
3962,Sven Meeder,A5074779869,exact,I145872427
2625,Caglar Elbuken,A5012353258,exact,I98381234
1345,Lenny Taelman,A5011292891,exact,I887064364
65,Katja Strässer,A5026002214,alias,I200763008
3271,Tom Van Der Meer,A5070076633,alias,I887064364
1351,Stefano Favaro,A5107959429,exact,I55143463
943,Weimin Ye,A5058607499,alias,I28166907
3117,Arash Nekoei,A5057259115,exact,I161593684
1729,Leticia Cunqueiro Mendez,A5103121220,alias,I861853513
3380,Peter Alexandrov Stamatov,A5035651320,fuzzy,I50357001
3299,Primavera Margot Maria Sasa Gravier De Filippi,A5087793409,fuzzy,I1294671590
3837,Thomas Marcel Douglas,A5112832594,fuzzy,I40120149
229,Jonathan Lawrence Marchini,A5105781330,fuzzy,I40120149
3109,Luis Aguiar,A5043717166,alias,I202697423
2364,Liberato Manna,A5114217558,alias,I30771326
3749,Susanne Knittel,A5015952998,alias,I193662353
3865,Burcu Dogramaci,A5088491185,alias,I8204097
2286,Giuseppe Battaglia,A5083505605,exact,I4210147769
746,Bruno Miguel De Carvalho E Silva Santos,A5061446626,fuzzy,I141596103
3135,Gabriel Zucman,A5090091703,exact,I57995698
1017,Matthias Fischer,A5080341519,alias,I149899117
668,Christoph Schneider,A5033849275,alias,I202697423
2272,Nuno Silva,A5075089565,alias,I60858718
2425,Thomas Vidick,A5019616211,alias,I53964585
3783,Ho Lun Tommy Tse,A5060639319,alias,I887064364
3295,Tobias Kuemmerle,A5020405332,alias,I39343248
3656,Bahador Bahrami,A5049607869,alias,I8204097
2372,Gil Cohen,A5101865765,alias,I16391192
3442,David Reimer,A5068682284,exact,I165368041
2161,Alexey Alexandrovich Popov,A5065907367,fuzzy,I3018417779
293,Julien Dumont,A5044435724,exact,I1294671590
3126,Paula Bustos,A5011506926,alias,I170486558
2696,Albert Guillén I Fàbregas,A5012207024,fuzzy,I170486558
2718,Robert Hugh Hadfield,A5104361163,exact,I7882870
3399,Pablo Alonso Gonzalez,A5046619694,exact,I134820265
1465,Jan-Hendrik Hehemann,A5110617522,alias,I180437899
3119,Daniel Wilhelm,A5091025078,exact,I8204097
4162,Elisabetta Costa,A5085014728,alias,I149213910
3550,John Mansfield,A5064414060,exact,I202697423
2488,Matteo Maffei,A5113158773,alias,I145847075
926,Susana Marina Chuva De Sousa Lopes,A5110470412,fuzzy,I2800006345
563,Ana Joao Gomes Rodrigues,A5103967626,fuzzy,I99682543
1431,Sara Callegaro,A5080493405,exact,I9360294
970,Jennifer Irene Keiser,A5112859373,fuzzy,I158937107
3066,Sean Patrick Matt,A5090531727,alias,I23923803
1509,Horst Machguth,A5094320773,alias,I154338468
531,Adam Ranson,A5084558179,alias,I123044942
1139,Ignacio González Bravo,A5107459357,fuzzy,I1294671590
4176,Daniel Li Chen,A5034007809,fuzzy,I4210092408
618,Petra Ritter,A5113258186,alias,I7877124
2310,Jamie Hans Warner,A5060720897,fuzzy,I40120149
2902,Guillaume Loïc Haiat,A5079674332,fuzzy,I1294671590
1415,Jose Luis Rodrigo,A5067064660,alias,I39555362
2197,Stephen Wallace,A5067978390,alias,I98677209
3261,Juan Antonio Mayoral,A5102729352,alias,I50357001
1738,Matthias Schott,A5104534861,alias,I197323543
1331,Kathrin Bringmann,A5032643254,exact,I180923762
3178,Maria Libertad González Luna,A5102776436,fuzzy,I170486558
3039,Hans Kristian Eriksen,A5105068642,fuzzy,I184942183
1016,Pieter De Frenne,A5063224634,alias,I32597200
3940,Matthias Van Rossum,A5080115057,exact,I1322597698
2949,Blake Sherwin,A5037031598,fuzzy,I241749
593,Tatiana Korotkova,A5080488472,alias,I4210153755
891,Borja Ibáñez Cabeza,A5018282925,exact,I2809107791
2161,Alexey Alexandrovich Popov,A5104041982,fuzzy,I3018417779
96,Mart Loog,A5112360472,alias,I56085075
3800,Ronny Vollandt,A5058177504,exact,I8204097
2927,Tanguy Eugene Le Borgne,A5086625806,fuzzy,I56067802
2782,Richard Stevens,A5111991567,exact,I94624287
947,Mette Marie Rosenkilde,A5112586642,exact,I124055696
2145,Dan Oron,A5105525214,alias,I53964585
525,Susanne Hoffmann,A5049323019,alias,I149899117
1919,Francesco Cardarelli,A5101903494,alias,I157210198
2506,Lior Wolf,A5076279043,alias,I16391192
2854,Christoph Rüdiger Müller,A5101546537,fuzzy,I35440088
3441,Tali Kristal,A5044300925,alias,I91203450
1033,Laszlo Nagy,A5106086052,fuzzy,I2800351701
3687,Kenneth Smith,A5079641573,alias,I98677209
405,Jorge Alegre-Cebollada,A5098316013,exact,I2809107791
2654,Dimos Dimarogonas,A5057967274,alias,I86987016
3964,Saša Čaval,A5005872370,alias,I4387154574
1563,Bas Johannes Henricus Van De Wiel,A5083576492,exact,I98358874
2103,Sebastiaan Y T Van De Meerakker,A5061217843,fuzzy,I145872427
750,Jose Henrique Veiga Fernandes,A5083079209,fuzzy,I113358080
2935,Timon Rabczuk,A5029974008,alias,I51441396
687,Neta Regev-Rudzki,A5098646599,alias,I53964585
962,Caroline Klaver,A5062316395,alias,I2801952686
3263,Cosmin Cercel,A5031421372,exact,I32597200
409,Manuel Valiente,A5070418898,exact,I4210089594
944,Kim Bak Jensen,A5111212852,exact,I124055696
1516,Samuel Jaccard,A5112455289,alias,I97565354
1054,Amelia-Elena Rotaru,A5094116652,fuzzy,I177969490
209,Ian Robert Henderson,A5033221106,alias,I241749
1350,Xin Li,A5100353932,alias,I7882870
3505,Jean-Louis Van Gelder,A5060700933,alias,I149899117
3832,Massimo Leone,A5107218880,exact,I55143463
418,Matthew Campbell,A5056152186,alias,I205274468
2355,Sebastian Polarz,A5023573203,exact,I189712700
3563,Alireza Salami,A5029416913,exact,I28166907
4122,Evelyn Uuemaa,A5048819296,alias,I56085075
2607,Emmanuel Lhuillier,A5036081515,alias,I1294671590
3638,Stefan Van Der Stigchel,A5050210515,exact,I193662353
1807,Alessandro Bacchetta,A5025191314,alias,I25217355
738,Matthias Marti,A5004504354,exact,I7882870
2570,Anastasia Ailamaki,A5070907021,exact,I5124864
661,Daniel Andreas Huber,A5035303223,fuzzy,I114457229
2018,Francesco De Angelis,A5105761882,exact,I30771326
2169,Ilaria Ciofini,A5063417271,exact,I1294671590
2316,Rienk Eelkema,A5084672238,alias,I98358874
2715,Robert Huber,A5072604023,exact,I9341345
2078,Michele Ceriotti,A5021241296,alias,I5124864
1392,Peter Keevash,A5023231478,alias,I40120149
680,Thomas Marichal,A5076651905,exact,I157674565
1524,Ulrike Herzschuh,A5085075467,exact,I127251866
4183,Erik Petrus Antonius Maria Bakkers,A5041376320,fuzzy,I98358874
1871,Nicola Poccia,A5042543177,exact,I3018417779
2866,Nicolas Noiray,A5005160866,exact,I35440088
3624,Sebastian Watzl,A5034857753,alias,I184942183
3062,Anders Johansen,A5068874155,exact,I124055696
1580,Heiko Pälike,A5049627320,alias,I180437899
2655,Sarthak Misra,A5050730423,alias,I94624287
1024,Antoine Wystrach,A5061323512,alias,I1294671590
2840,Triantafyllos Stylianopoulos,A5057504407,alias,I34771391
4144,Iselin Åsedotter Strønen,A5019303974,exact,I4432739
1207,Akane Kawamura,A5085494254,exact,I84884186
2121,Frank Noe,A5055016850,alias,I75951250
963,Kevin Braeckmans,A5028407212,exact,I32597200
4186,Sofia Ioana Pascu,A5018800747,alias,I51601045
2602,Ferruccio Pisanello,A5028454417,exact,I30771326
3919,Richard Madgwick,A5048933423,alias,I79510175
816,Adam Williamson,A5012563992,alias,I4210136987
2488,Matteo Maffei,A5104313217,exact,I145847075
3557,Amber Gayle Thalmayer,A5071598825,exact,I202697423
2590,Angela Sara Cacciapuoti,A5082456247,exact,I71267560
1091,Julien Cote,A5015359801,alias,I1294671590
3818,Johanna Pink,A5033107277,exact,I161046081
1932,Pietro Tierno,A5044821677,alias,I71999127
769,Pierre Bruhns,A5029545795,alias,I154526488
4188,Sébastien Claude Hentz,A5070939792,fuzzy,I2738703131
2966,Boon Kok Tan,A5112878560,exact,I40120149
2137,Iván Mora Seró,A5024423448,alias,I10902133
2814,Ignazio Maria Viola,A5041519952,exact,I98677209
1604,Giulia Grancini,A5045697365,exact,I25217355
1633,Yana Vaynzof,A5088452379,exact,I3018417779
2499,Piotr Sankowski,A5025494465,alias,I4654613
4051,Guy Geltner,A5083717277,exact,I887064364
1919,Francesco Cardarelli,A5073809598,exact,I157210198
777,Katja Van Den Hurk,A5049510588,exact,I3020210244
72,Naoko Mizuno,A5062504169,alias,I149899117
604,Rony Paz,A5063807588,exact,I53964585
847,Daniel Aili,A5033045367,exact,I102134673
2643,Laurent Schmalen,A5065580698,exact,I102335020
3616,Benjamin Morillon,A5003525004,alias,I154526488
2306,Aurelio Mateo Alonso,A5038889906,exact,I169108374
3233,Sofia Vasilopoulou,A5062487626,alias,I183935753
910,Olivier Couture,A5028875960,alias,I1294671590
1508,Alma Hodzic,A5033843250,exact,I1294671590
68,Thomas Arnesen,A5032682346,exact,I4432739
3729,Johanna Wolff,A5018949893,exact,I98677209
3763,Diana Berruezo-Sanchez,A5003599744,exact,I123044942
3850,Jill Walker Rettberg,A5069492392,exact,I4432739
1740,Francesco Benini,A5037607367,alias,I138549579
4108,Helen Adams,A5048641306,alias,I183935753
941,Henrik Zetterberg,A5108154215,exact,I881427289
3700,David Stifter,A5069712000,exact,I157286207
2106,Laura Fumagalli,A5062032912,alias,I28407311
3744,Enrique Jiménez,A5109359445,exact,I8204097
860,Lars Forsberg,A5025173593,exact,I123387679
1026,Zuzana Musilová,A5010080078,exact,I21250087
559,Ilaria Testa,A5025195430,alias,I86987016
2464,Jian-Jia Chen,A5107997940,alias,I200332995
3365,Nicola Mai,A5020790788,exact,I205051169
1862,Toeno Van Der Sar,A5085376455,alias,I98358874
2460,Alex Bronstein,A5025410418,exact,I174306211
2077,Susan Perkin,A5015798358,exact,I40120149
2018,Francesco De Angelis,A5019956695,alias,I30771326
1292,Antoine Levitt,A5110812555,exact,I277688954
1447,Martin Schiller,A5020526599,exact,I124055696
288,Jérôme Gros,A5089103667,exact,I157536573
765,Ron Dzikowski,A5108445442,exact,I197251160
2254,Jan Deska,A5004019879,exact,I133731052
3962,Sven Meeder,A5074779869,alias,I145872427
2625,Caglar Elbuken,A5012353258,alias,I98381234
1345,Lenny Taelman,A5011292891,alias,I887064364
1351,Stefano Favaro,A5107959429,alias,I55143463
943,Weimin Ye,A5058607499,exact,I28166907
3117,Arash Nekoei,A5057259115,alias,I161593684
4214,Jonathan Lawrence Marchini,A5105781330,fuzzy,I40120149
3109,Luis Aguiar,A5043717166,exact,I202697423
2364,Liberato Manna,A5114217558,exact,I30771326
2286,Giuseppe Battaglia,A5083505605,alias,I4210147769
3135,Gabriel Zucman,A5090091703,alias,I57995698
1017,Matthias Fischer,A5080341519,exact,I149899117
668,Christoph Schneider,A5033849275,exact,I202697423
2425,Thomas Vidick,A5019616211,exact,I53964585
3295,Tobias Kuemmerle,A5020405332,exact,I39343248
3656,Bahador Bahrami,A5049607869,exact,I8204097
3442,David Reimer,A5068682284,alias,I165368041
293,Julien Dumont,A5044435724,alias,I1294671590
3126,Paula Bustos,A5011506926,exact,I170486558
2718,Robert Hugh Hadfield,A5104361163,alias,I7882870
3399,Pablo Alonso Gonzalez,A5046619694,alias,I134820265
1465,Jan-Hendrik Hehemann,A5110617522,exact,I180437899
3119,Daniel Wilhelm,A5091025078,alias,I8204097
4162,Elisabetta Costa,A5085014728,exact,I149213910
3550,John Mansfield,A5064414060,alias,I202697423
1431,Sara Callegaro,A5080493405,alias,I9360294
4236,Jennifer Irene Keiser,A5112859373,fuzzy,I158937107
531,Adam Ranson,A5084558179,exact,I123044942
3219,Daniel Li Chen,A5034007809,fuzzy,I4210092408
618,Petra Ritter,A5113258186,exact,I7877124
1738,Matthias Schott,A5104534861,exact,I197323543
1331,Kathrin Bringmann,A5032643254,alias,I180923762
3940,Matthias Van Rossum,A5080115057,alias,I1322597698
593,Tatiana Korotkova,A5080488472,exact,I4210153755
891,Borja Ibáñez Cabeza,A5018282925,alias,I2809107791
96,Mart Loog,A5112360472,exact,I56085075
3800,Ronny Vollandt,A5058177504,alias,I8204097
2782,Richard Stevens,A5111991567,alias,I94624287
947,Mette Marie Rosenkilde,A5112586642,alias,I124055696
2145,Dan Oron,A5105525214,exact,I53964585
1919,Francesco Cardarelli,A5101903494,exact,I157210198
3687,Kenneth Smith,A5079641573,exact,I98677209
405,Jorge Alegre-Cebollada,A5098316013,alias,I2809107791
3964,Saša Čaval,A5005872370,exact,I4387154574
1563,Bas Johannes Henricus Van De Wiel,A5083576492,alias,I98358874
2935,Timon Rabczuk,A5029974008,exact,I51441396
687,Neta Regev-Rudzki,A5098646599,exact,I53964585
962,Caroline Klaver,A5062316395,exact,I2801952686
3263,Cosmin Cercel,A5031421372,alias,I32597200
944,Kim Bak Jensen,A5111212852,alias,I124055696
1350,Xin Li,A5100353932,exact,I7882870
3505,Jean-Louis Van Gelder,A5060700933,exact,I149899117
3832,Massimo Leone,A5107218880,alias,I55143463
482,Peter Friedl,A5026527299,exact,I145872427
472,Thomas Thum,A5020543934,alias,I34809795
1842,Antonio Acín,A5006366861,exact,I179630473
3061,Daniele Antonangeli,A5004482216,exact,I1294671590
815,Martin Bech,A5043426343,alias,I187531555
3029,Ehud Nakar,A5039967505,exact,I16391192
2248,Mauri Kostiainen,A5026210883,alias,I9927081
3672,Anders Martin Fjell,A5023405914,alias,I184942183
2018,Francesco De Angelis,A5029460508,alias,I30771326
2277,Rafal Klajn,A5040680590,alias,I53964585
724,Petr Broz,A5034864461,exact,I97565354
2895,Shahzada Ahmad,A5081850594,alias,I2801587439
59,Chirlmin Joo,A5088856493,alias,I98358874
2319,Stephen Patrick Fletcher,A5005894917,fuzzy,I40120149
725,Jan-Willem Veening,A5021934828,exact,I97565354
2652,Mario Caironi,A5002619683,exact,I30771326
1641,Feng Gao,A5100729278,exact,I102134673
2998,Akira Endo,A5036791785,alias,I98358874
1958,Virginie Chamard,A5075664474,alias,I1294671590
2714,Madeleine Mary Lowery,A5077901559,fuzzy,I100930933
2725,Petar Popovski,A5071289803,exact,I891191580
2565,Eran Yahav,A5061044883,exact,I174306211
3631,Floris De Lange,A5091104349,alias,I145872427
2923,Daniel John Kelly,A5045482826,alias,I205274468
965,Per Jonas Levi Svenningsson,A5036364090,fuzzy,I28166907
1486,Damien Daval,A5033507984,exact,I1294671590
2208,Karl Mandel,A5059156002,alias,I181369854
207,Robert John Klose,A5073071237,alias,I40120149
515,Claudia Clopath,A5039497694,exact,I47508984
2933,Alexander Zelikin,A5090925128,alias,I204337017
2721,Laurent Jacques Daniel Vivien,A5043600763,fuzzy,I1294671590
1243,Chris Barnes,A5031424617,alias,I45129253
1950,Kristian Sommer Thygesen,A5067980873,alias,I96673099
4192,Todd Alan Ehlers,A5013062960,alias,I8087733
1961,Hendrik Dietz,A5072507626,exact,I62916508
2291,Robert Matthias Wolf,A5087377456,fuzzy,I60668342
3003,Saskia Hekker,A5074798637,alias,I71030271
2845,Michael De Volder,A5027615173,exact,I241749
3635,Bridget Waller,A5020229751,alias,I52590639
3104,Julia Cagé,A5011821114,alias,I205092303
537,Miriam Melis,A5045189209,exact,I172446870
2788,Camilla Colombo,A5062668990,exact,I93860229
1165,Gavin Thomas,A5114376992,alias,I91136226
3738,Bryan Roberts,A5067809777,alias,I909854389
1646,Morten Smedskjaer,A5022182707,alias,I891191580
3623,Alejandrina Cristia,A5042831132,alias,I1294671590
959,Hugo Wilhelmus Antonius Maria De Jong,A5112710239,fuzzy,I3018483916
2011,Silke Biermann,A5067618257,exact,I142476485
352,Arthur Liesz,A5005297652,alias,I8204097
588,Erik Jan Marthe Storkebaum,A5078562469,fuzzy,I145872427
2862,Thomas Stergiopoulos,A5001932515,alias,I203474044
1519,Tamsin Mather,A5031862821,alias,I40120149
2816,Jia Min Chin,A5057969566,alias,I129774422
1176,Ben Maoz,A5056536823,alias,I16391192
2083,Tonya Oleg Vitova,A5066727532,fuzzy,I102335020
2095,Pierre-Francois Loos,A5039205389,exact,I1294671590
937,Paul William Selberg-Franks,A5024645589,fuzzy,I187531555
1002,Arnau Sebé-Pedrós,A5004697708,alias,I4210137962
2279,Emilio Pardo,A5007448361,exact,I16097986
3336,Prabha Kotiswaran,A5074885923,exact,I183935753
2766,Nils Goseberg,A5004995298,alias,I94509681
450,Pawel Dominik Swietach,A5026204246,fuzzy,I40120149
1055,Vincent Merckx,A5053820901,alias,I1295562517
2113,Mathieu Eric Salanne,A5039582862,fuzzy,I39804081
803,Ines Thiele,A5074725115,alias,I188760350
2220,Birgit Esser,A5054566288,alias,I196349391
1637,Christian Müller,A5027252979,alias,I66862912
2297,Paolo Falcaro,A5008169042,exact,I4092182
1576,Nicolas Coltice,A5013155157,exact,I29607241
2387,Manuel Gomez Rodriguez,A5042180520,exact,I149899117
960,Dan Peer,A5108942105,exact,I16391192
2865,Rachel Evans,A5036235720,alias,I241749
3864,Alexandros Kioupkiolis,A5061353532,alias,I21370196
3219,Daniel Li Chen,A5080621841,fuzzy,I4210092408
3594,Yuval Hart,A5003719175,alias,I197251160
3642,Markus Siegel,A5063636409,exact,I8087733
708,Doron Merkler,A5074794983,alias,I114457229
1836,Roee Ozeri,A5038915880,exact,I53964585
1380,Jonatan Carl Anders Lenells,A5074222101,fuzzy,I86987016
3584,Sigal Zilcha-Mano,A5087376272,alias,I91203450
1866,Florian Kaiser,A5075071583,exact,I4210112527
2754,Tomas Reina,A5045877913,alias,I79238269
2025,Basile Curchod,A5085817833,alias,I36234482
563,Ana Joao Gomes Rodrigues,A5030980936,fuzzy,I99682543
1462,Catherine Larose,A5037232032,alias,I1294671590
1163,Iñaki Ruiz Trillo,A5018607362,exact,I170486558
1012,Fabien Condamine,A5031952133,alias,I1294671590
1926,Beena Kalisky,A5055462627,exact,I13955877
2489,Libor Barto,A5071004419,alias,I21250087
165,Steven Herman Spoel,A5063016242,fuzzy,I98677209
2008,Patrice Emmanuel Bertet,A5033073814,fuzzy,I2738703131
3350,Panagiotis Delimatsis,A5027327104,alias,I193700539
3344,Xandra Ellen Kramer,A5085372272,alias,I913958620
3349,Zoe Georgina Davies,A5053168179,alias,I20581793
1274,Renier Adrianus Leonardus Van Der Hoorn,A5090600754,fuzzy,I40120149
2443,Mattias Guns,A5041230402,alias,I99464096
238,Claudius Frank Kratochwil,A5035026759,alias,I133731052
1479,Matti Rissanen,A5073788174,exact,I166825849
621,Grégoire Richard Courtine,A5018530098,fuzzy,I5124864
2072,Andrew Baldwin,A5091503896,alias,I40120149
4023,Matthew Skinner,A5058616416,alias,I20581793
3115,Gal Oestreicher-Singer,A5079624858,alias,I16391192
1493,Ana Godinho Ferreira,A5039305073,fuzzy,I45129253
1810,Ruth Britto,A5004298140,exact,I205274468
919,Björn Högberg,A5069122955,exact,I28166907
3677,Jelte Wicherts,A5021799332,exact,I193700539
862,Andre Marquand,A5054538140,alias,I2802934949
3039,Hans Kristian Eriksen,A5013812064,alias,I184942183
1754,Paolo Crivelli,A5081585128,alias,I35440088
2723,Sonia Maria Garcia Blanco,A5059502643,alias,I94624287
430,Nadia Mercader Huber,A5014798491,alias,I118564535
1225,Arnold Boersma,A5049597496,alias,I193662353
1222,Gil Westmeyer,A5039343293,alias,I62916508
2259,Marcos García Suero,A5083733377,alias,I4210088955
598,Jennifer Kim Bizley,A5041450957,alias,I45129253
4060,Corinna Rossi,A5008759910,alias,I93860229
3531,Valentina Mazzucato,A5049878471,exact,I34352273
2375,Serena Villata,A5016281730,alias,I1294671590
3896,Subha Mukherji,A5090952496,alias,I241749
2344,Olivier Pierre Renaudet,A5064490338,fuzzy,I899635006
2958,Annalisa Bonafede,A5035103058,alias,I9360294
2272,Nuno Silva,A5077900736,fuzzy,I60858718
1056,Katharina Wollenberg Valero,A5040267568,alias,I100930933
1206,Jorunn Bos,A5018823709,alias,I177639307
1595,Miguel Dias Castilho,A5090921422,alias,I83019370
2383,Maria A Zuluaga,A5032634346,fuzzy,I1902872
1516,Samuel Jaccard,A5087925100,alias,I97565354
3127,Andrew Rhodes,A5056779507,exact,I4210092408
2842,Blazej Grabowski,A5063712375,exact,I100066346
3227,Tore Wig,A5051438092,exact,I184942183
989,Alex De Mendoza,A5045064147,exact,I166337079
1607,Assaf Gal,A5058222746,exact,I53964585
222,Sarah Amalia Polonius-Teichmann,A5048955201,fuzzy,I2802476451
3857,Matteo Martelli,A5039317288,alias,I9360294
433,Claus Jorgensen,A5037846010,alias,I28407311
1818,Uriel Levy,A5108099796,fuzzy,I197251160
765,Ron Dzikowski,A5023420108,alias,I197251160
35,Martijn Luijsterburg,A5002710740,alias,I2800006345
101,Vincenzo Costanzo,A5056633333,alias,I189158943
3501,Florian Toepfl,A5063735924,exact,I186354981
1750,Elisabetta Baracchini,A5107809105,alias,I4210150763
3217,Pierpaolo Benigno,A5050335831,exact,I56441308
3258,Sarah Eaton,A5009771753,alias,I39343248
3803,Anne O'Connor,A5044479079,alias,I188760350
3083,Henrik Beuther,A5062209257,alias,I149899117
2041,Shuxia Tao,A5037141618,exact,I83019370
1728,Simon Gröblacher,A5005655147,alias,I98358874
328,Iva Marija Tolic,A5085903358,alias,I4210123216
1397,Alexander Bufetov,A5111155432,alias,I1294671590
3406,Claire Blencowe,A5028479609,alias,I39555362
1293,Markus Bachmayr,A5017726844,alias,I887968799
3200,William Martin Fuchs,A5072666097,fuzzy,I50357001
552,Gaia Novarino,A5049497512,alias,I157556583
4018,Veronique Pouillard,A5039955101,exact,I184942183
3837,Thomas Marcel Douglas,A5013479321,fuzzy,I40120149
2905,Marino Arroyo Balaguer,A5074158304,exact,I9617848
3413,Milena Tsvetkova,A5069791094,alias,I909854389
244,Lisa Frankel,A5027567583,alias,I4210148920
1978,Ralph Bernhard Ernstorfer,A5046414081,fuzzy,I149899117
241,Katharina Sonnen,A5020842333,alias,I1322597698
1551,Philip Pogge Von Strandmann,A5072408255,fuzzy,I45129253
701,Maria João Lopes Gonçalves De Brito Amorim,A5067340936,alias,I2802805223
1221,Miriam Rosenbaum,A5042503383,fuzzy,I4210162077
980,Ana Isabel De Sousa Teixeira,A5058949558,fuzzy,I28166907
518,Simon Jacob,A5103220023,fuzzy,I2802619606
4071,Constanta Vintila-Ghitulescu,A5033198526,alias,I4210124903
2203,Nir London,A5063473197,alias,I53964585
3674,Máté Miklós Lengyel,A5023602087,fuzzy,I198945027
188,Jan Korbel,A5033477011,exact,I4210138560
1315,Lauri Oksanen,A5014787639,alias,I133731052
3998,Tara Andrews,A5079227238,alias,I129774422
548,Tarja Malm,A5103455150,alias,I175532246
1523,Carlos Perez Garcia-Pando,A5086018458,exact,I2799803557
1278,Mark Howarth,A5112272578,alias,I40120149
529,Ayal Ben-Zvi,A5020821028,alias,I197251160
3537,Basile Georges Paul Chaix,A5107318845,fuzzy,I154526488
3374,Claes Holger De Vreese,A5075389431,fuzzy,I887064364
3883,Nandini Das,A5102800622,exact,I40120149
3910,Béla Vilmos Mihalik,A5093774212,fuzzy,I4210131266
4046,Maria Fusaro,A5042687720,exact,I23923803
2106,Laura Fumagalli,A5067243546,exact,I28407311
889,Bruno De Geest,A5001683073,alias,I32597200
4061,Jo Van Steenbergen,A5038094395,exact,I32597200
1435,Pablo Ortega,A5054457106,alias,I2799803557
3781,Christina M. Kreinecker,A5074621508,exact,I99464096
711,Carlos Filipe Ribeiro Lemos Pereira,A5067710557,fuzzy,I187531555
4073,Tijana Krstic,A5082534843,alias,I198945027
590,Brice Jean Philippe Bathellier,A5010693521,fuzzy,I1294671590
2327,Gilles Albert Gasser,A5019041975,fuzzy,I149758196
1530,Richard Katz,A5067630345,alias,I40120149
1974,Julie Grollier,A5003518506,alias,I1294671590
19,Tristan Wagner,A5065545180,exact,I2738703131
3930,Helle Jensen,A5030608905,fuzzy,I204337017
650,Richard Roland Benton,A5111054061,fuzzy,I97565354
2375,Serena Villata,A5112997683,exact,I1294671590
3305,Benjamin Straumann,A5035554697,alias,I202697423
2529,Derek Dreyer,A5050585539,alias,I149899117
3294,Chinwe Ijeoma Ifejika Speranza,A5103316163,fuzzy,I118564535
2265,Matthew Gibson,A5014528641,alias,I39555362
374,Christoph Stein-Thoeringer,A5009730934,alias,I8087733
4176,Daniel Li Chen,A5100696399,fuzzy,I4210092408
3072,Maria-Rosa Cioni,A5107297553,exact,I2799713863
2747,Philipp Rothemund,A5016447319,alias,I100066346
3395,Yatun Sastramidjaja,A5045020889,exact,I887064364
2972,Antoine Strugarek,A5083434040,alias,I2738703131
834,Dario Greco,A5048340537,exact,I166825849
1786,Sylvain Herve Gigan,A5105465632,fuzzy,I1294671590
2728,Marco Liserre,A5053880143,alias,I3133086891
3437,Jeanine Dagyeli,A5037343994,alias,I129774422
235,Michaël Philippe Weber,A5113620876,fuzzy,I1294671590
3042,Kevin Heng,A5042001835,alias,I118564535
1074,Aris Katzourakis,A5108728937,exact,I40120149
2103,Sebastiaan Y T Van De Meerakker,A5038062650,fuzzy,I145872427
2740,Sophia Haussener,A5104109385,alias,I5124864
3357,Rachel Mary Brooks,A5107789925,fuzzy,I28290843
2854,Christoph Rüdiger Müller,A5104534360,fuzzy,I35440088
4027,Giulia Giannini,A5015133923,alias,I189158943
1145,Andrea Manica,A5105972626,alias,I241749
1829,Shuang Zhang,A5062828291,alias,I79619799
482,Peter Friedl,A5026527299,alias,I145872427
472,Thomas Thum,A5020543934,exact,I34809795
1842,Antonio Acín,A5006366861,alias,I179630473
3061,Daniele Antonangeli,A5004482216,alias,I1294671590
815,Martin Bech,A5043426343,exact,I187531555
3029,Ehud Nakar,A5039967505,alias,I16391192
724,Petr Broz,A5034864461,alias,I97565354
2895,Shahzada Ahmad,A5081850594,exact,I2801587439
59,Chirlmin Joo,A5088856493,exact,I98358874
725,Jan-Willem Veening,A5021934828,alias,I97565354
2652,Mario Caironi,A5002619683,alias,I30771326
1641,Feng Gao,A5100729278,alias,I102134673
2998,Akira Endo,A5036791785,exact,I98358874
1958,Virginie Chamard,A5075664474,exact,I1294671590
2725,Petar Popovski,A5071289803,alias,I891191580
2565,Eran Yahav,A5061044883,alias,I174306211
1486,Damien Daval,A5033507984,alias,I1294671590
2208,Karl Mandel,A5059156002,exact,I181369854
515,Claudia Clopath,A5039497694,alias,I47508984
1581,Todd Alan Ehlers,A5013062960,alias,I8087733
1961,Hendrik Dietz,A5072507626,alias,I62916508
2845,Michael De Volder,A5027615173,alias,I241749
3104,Julia Cagé,A5011821114,exact,I205092303
537,Miriam Melis,A5045189209,alias,I172446870
2788,Camilla Colombo,A5062668990,alias,I93860229
3623,Alejandrina Cristia,A5042831132,exact,I1294671590
2011,Silke Biermann,A5067618257,alias,I142476485
352,Arthur Liesz,A5005297652,exact,I8204097
2816,Jia Min Chin,A5057969566,exact,I129774422
2095,Pierre-Francois Loos,A5039205389,alias,I1294671590
1002,Arnau Sebé-Pedrós,A5004697708,exact,I4210137962
2279,Emilio Pardo,A5007448361,alias,I16097986
3336,Prabha Kotiswaran,A5074885923,alias,I183935753
2766,Nils Goseberg,A5004995298,exact,I94509681
803,Ines Thiele,A5074725115,exact,I188760350
2220,Birgit Esser,A5054566288,exact,I196349391
1637,Christian Müller,A5027252979,exact,I66862912
2297,Paolo Falcaro,A5008169042,alias,I4092182
1576,Nicolas Coltice,A5013155157,alias,I29607241
2387,Manuel Gomez Rodriguez,A5042180520,alias,I149899117
960,Dan Peer,A5108942105,alias,I16391192
4176,Daniel Li Chen,A5080621841,fuzzy,I4210092408
3594,Yuval Hart,A5003719175,exact,I197251160
3642,Markus Siegel,A5063636409,alias,I8087733
708,Doron Merkler,A5074794983,exact,I114457229
1836,Roee Ozeri,A5038915880,alias,I53964585
3584,Sigal Zilcha-Mano,A5087376272,exact,I91203450
1866,Florian Kaiser,A5075071583,alias,I4210112527
1462,Catherine Larose,A5037232032,exact,I1294671590
1163,Iñaki Ruiz Trillo,A5018607362,alias,I170486558
1926,Beena Kalisky,A5055462627,alias,I13955877
2489,Libor Barto,A5071004419,exact,I21250087
4190,Patrice Emmanuel Bertet,A5033073814,fuzzy,I2738703131
3350,Panagiotis Delimatsis,A5027327104,exact,I193700539
1479,Matti Rissanen,A5073788174,alias,I166825849
3115,Gal Oestreicher-Singer,A5079624858,exact,I16391192
1810,Ruth Britto,A5004298140,alias,I205274468
919,Björn Högberg,A5069122955,alias,I28166907
3677,Jelte Wicherts,A5021799332,alias,I193700539
3531,Valentina Mazzucato,A5049878471,alias,I34352273
2375,Serena Villata,A5016281730,exact,I1294671590
3896,Subha Mukherji,A5090952496,exact,I241749
3127,Andrew Rhodes,A5056779507,alias,I4210092408
2842,Blazej Grabowski,A5063712375,alias,I100066346
3227,Tore Wig,A5051438092,alias,I184942183
989,Alex De Mendoza,A5045064147,alias,I166337079
1607,Assaf Gal,A5058222746,alias,I53964585
3857,Matteo Martelli,A5039317288,exact,I9360294
765,Ron Dzikowski,A5023420108,exact,I197251160
101,Vincenzo Costanzo,A5056633333,exact,I189158943
3501,Florian Toepfl,A5063735924,alias,I186354981
1750,Elisabetta Baracchini,A5107809105,exact,I4210150763
3217,Pierpaolo Benigno,A5050335831,alias,I56441308
3258,Sarah Eaton,A5009771753,exact,I39343248
2041,Shuxia Tao,A5037141618,alias,I83019370
3406,Claire Blencowe,A5028479609,exact,I39555362
1293,Markus Bachmayr,A5017726844,exact,I887968799
552,Gaia Novarino,A5049497512,exact,I157556583
4018,Veronique Pouillard,A5039955101,alias,I184942183
2905,Marino Arroyo Balaguer,A5074158304,alias,I9617848
3413,Milena Tsvetkova,A5069791094,exact,I909854389
4209,Ana Isabel De Sousa Teixeira,A5058949558,fuzzy,I28166907
188,Jan Korbel,A5033477011,alias,I4210138560
1315,Lauri Oksanen,A5014787639,exact,I133731052
1523,Carlos Perez Garcia-Pando,A5086018458,alias,I2799803557
1278,Mark Howarth,A5112272578,exact,I40120149
529,Ayal Ben-Zvi,A5020821028,exact,I197251160
3883,Nandini Das,A5102800622,alias,I40120149
4046,Maria Fusaro,A5042687720,alias,I23923803
2106,Laura Fumagalli,A5067243546,alias,I28407311
4061,Jo Van Steenbergen,A5038094395,alias,I32597200
3781,Christina M. Kreinecker,A5074621508,alias,I99464096
4073,Tijana Krstic,A5082534843,exact,I198945027
19,Tristan Wagner,A5065545180,alias,I2738703131
4231,Richard Roland Benton,A5111054061,fuzzy,I97565354
2375,Serena Villata,A5112997683,alias,I1294671590
3305,Benjamin Straumann,A5035554697,exact,I202697423
2529,Derek Dreyer,A5050585539,exact,I149899117
3219,Daniel Li Chen,A5100696399,fuzzy,I4210092408
3072,Maria-Rosa Cioni,A5107297553,alias,I2799713863
2747,Philipp Rothemund,A5016447319,exact,I100066346
3395,Yatun Sastramidjaja,A5045020889,alias,I887064364
2972,Antoine Strugarek,A5083434040,exact,I2738703131
834,Dario Greco,A5048340537,alias,I166825849
2728,Marco Liserre,A5053880143,exact,I3133086891
3437,Jeanine Dagyeli,A5037343994,exact,I129774422
4227,Michaël Philippe Weber,A5113620876,fuzzy,I1294671590
1074,Aris Katzourakis,A5108728937,alias,I40120149
1145,Andrea Manica,A5105972626,exact,I241749
1829,Shuang Zhang,A5062828291,exact,I79619799
1847,Markus Cristinziani,A5032186284,alias,I135140700
1692,Tetiana Hryn'Ova,A5043736797,alias,I1294671590
916,Leendert Trouw,A5060898190,alias,I2800006345
188,Jan Korbel,A5071136927,alias,I4210138560
3093,Marta Volonteri,A5087752642,alias,I1294671590
663,Paul Bourgine,A5006777098,exact,I187531555
3520,Daniele Vignoli,A5075260851,exact,I45084792
644,Giovanna Rachele Mallucci,A5067030643,fuzzy,I241749
996,Roberto Salguero-Gómez,A5069697028,exact,I40120149
395,Amélie Bonnefond,A5025636710,exact,I154526488
2215,Leopoldo Molina-Luna,A5011754505,exact,I31512782
1240,Miina Alina Rautiainen,A5079472711,fuzzy,I9927081
1256,Petra Stephanie Dittrich,A5020918811,alias,I35440088
2350,Wolfgang Schmitt,A5082829143,alias,I205274468
2549,Gustau Camps-Valls,A5039052506,alias,I16097986
1935,Christian Lukas Degen,A5057491317,alias,I35440088
2841,Conor Buckley,A5081947117,alias,I205274468
3096,Giovanna Tinetti,A5022203760,alias,I45129253
3686,Benjamin Ambridge,A5038150862,alias,I146655781
3695,Roland William Fleming,A5048566788,fuzzy,I200763008
955,Vincent Wilfred Vishal-Kapoor Jaddoe,A5012921360,fuzzy,I2801952686
3084,Catherine Elizabeth Cox Heymans,A5011140827,fuzzy,I98677209
958,Dominique Lievin Pierre Baeten,A5046625022,fuzzy,I2802928900
2004,Davide Marenduzzo,A5001134453,exact,I98677209
1131,Graham Keith Taylor,A5058791881,fuzzy,I40120149
2109,Francesco Ricci,A5018935401,exact,I116067653
2075,Jakob Doganli-Kibsgaard,A5047292046,alias,I96673099
2172,Valérie Gabelica,A5013458899,exact,I154526488
2878,Jin-Chong Tan,A5073692835,alias,I40120149
1258,Thorsten Schnurbusch,A5089171994,alias,I4210127902
3095,William Percival,A5001753424,alias,I63072094
1736,Nikolay Gromov,A5041807424,alias,I183935753
950,Sebastien Jean Antoine Granier,A5054725044,fuzzy,I154526488
3346,Staffan I. Lindberg,A5082109923,alias,I881427289
2716,Wolfgang Leonhard Kellerer,A5021781616,fuzzy,I62916508
3538,Anna Ray Davies,A5017955133,alias,I205274468
1478,Trude Storelvmo,A5025021005,alias,I184942183
790,Johannes Espolin Roksund Hov,A5087109628,alias,I184942183
23,Julien Philippe Duxin,A5027776611,fuzzy,I124055696
177,Stefan Pfister,A5041096535,alias,I17937529
2136,Joshua Benno Edel,A5077119082,fuzzy,I47508984
1705,Konstantinos Makris,A5021214129,alias,I8901234
3639,Redmond O'Connell,A5003893917,alias,I205274468
2329,Jörg Hartig,A5077253315,alias,I189712700
2300,Heikki Markus Tuononen,A5064601612,fuzzy,I94722563
2161,Alexey Alexandrovich Popov,A5088665202,fuzzy,I3018417779
2683,Stephan Sylvest Keller,A5036535149,alias,I96673099
1889,Annica Black-Schaffer,A5051714581,alias,I123387679
2858,Pouyan Boukany,A5081100121,alias,I98358874
2265,Matthew Gibson,A5072841592,alias,I39555362
3036,Alceste Bonanos,A5065298828,alias,I4210118731
4093,Mark Ward,A5040947740,alias,I205274468
1102,Anna Kuparinen,A5058555514,alias,I94722563
939,Oliver Denis Hantschel,A5008651904,fuzzy,I161103922
2591,Paavo Rasilo,A5030192236,exact,I166825849
2669,Francois Andrieu,A5069215871,alias,I2738703131
2627,Eitan Yaakobi,A5021586372,alias,I174306211
213,Petr Svoboda,A5060049750,alias,I4210138103
2260,John Forwood Bower,A5046252728,fuzzy,I146655781
2569,Rasmus Pagh,A5014293815,alias,I83467386
2195,Seraphine Wegner,A5064508388,alias,I22465464
296,Ewa Paluch,A5020755611,alias,I241749
1265,Nikolaj Gadegaard,A5049586449,alias,I7882870
1984,Eric Jean-Marie Lauga,A5003974917,fuzzy,I241749
1160,Hélène Morlon,A5098030078,alias,I1294671590
3589,Surjo Soekadar,A5042255270,alias,I7877124
2658,Christophe Collette,A5083554070,alias,I157674565
2125,Malte Drescher,A5077199202,alias,I189712700
1582,Hayley Jane Fowler,A5061602805,fuzzy,I84884186
1707,Marcus Huber,A5027058735,exact,I145847075
1949,Alexander Hoegele,A5013851830,alias,I8204097
1745,Jérôme Beugnon,A5106267453,alias,I39804081
3189,Adam Gyorgy Szeidl,A5065432388,fuzzy,I198945027
209,Ian Robert Henderson,A5036043656,alias,I241749
4156,Jaroslav Švelch,A5037686951,alias,I21250087
409,Manuel Valiente,A5056747631,alias,I4210089594
3182,Moritz Henning Peter Schularick,A5073446068,fuzzy,I135140700
4050,Pietro Daniel Omodeo,A5042205000,exact,I149461666
697,Suzan Rooijakkers,A5033008855,alias,I3018483916
1848,Michael Karl Köhl,A5102800988,fuzzy,I135140700
2205,Milena Patricia Arciniegas,A5089113398,fuzzy,I30771326
1033,Laszlo Nagy,A5026813986,alias,I2800351701
3010,Anna Watts,A5037833302,alias,I887064364
3242,Linda Gröning,A5013061549,alias,I4432739
2104,Chiara Cappelli,A5081229473,alias,I157210198
1836,Roee Ozeri,A5091027104,alias,I53964585
2558,Vladimir Kolmogorov,A5112860886,exact,I157556583
1626,Ian Marius Peters,A5061704673,exact,I171892758
1974,Julie Grollier,A5035082537,alias,I1294671590
3260,Wim Hardyns,A5039222863,exact,I32597200
1583,Thorsten Kleine,A5084879320,alias,I22465464
1957,Brian David Gerardot,A5079516724,fuzzy,I32062511
2600,François Leo,A5073461329,alias,I132053463
863,Lena Maier-Hein,A5027292126,alias,I17937529
2393,Jan Kretinsky,A5074485601,exact,I21449261
1344,Vincent Calvez,A5114375058,exact,I1294671590
4076,Cameron Andrew Petrie,A5030822768,alias,I241749
4057,Miles Larmer,A5061022789,exact,I40120149
653,Colin Jon Akerman,A5032933053,fuzzy,I40120149
2043,Karl Börjesson,A5057304913,exact,I881427289
2102,Tobias Weidner,A5032665317,alias,I204337017
1304,Gabor Szabo,A5054049660,exact,I99464096
877,Jean-Baptiste Pingault,A5013110004,exact,I45129253
3131,Gaetano Gaballo,A5050845326,exact,I83860666
365,Liran Shlush,A5034717529,alias,I53964585
1758,Daniele Brida,A5082810697,exact,I186903577
1428,Eva Ternon,A5045085411,alias,I1294671590
2971,Kristina Kislyakova,A5079437698,alias,I129774422
1244,Fernando Montealegre-Zapata,A5049927845,alias,I51532219
2030,Simon Olsson,A5022575407,alias,I66862912
1983,Massimiliano Gennaro Esposito,A5023030824,fuzzy,I186903577
3586,Nathan Faivre,A5051118769,alias,I1294671590
3870,Clemens Wöllner,A5082494917,exact,I159176309
1557,Alexandre Jean-Marie Schubnel,A5065572521,fuzzy,I1294671590
70,Friedrich Förster,A5073848521,alias,I193662353
1465,Jan-Hendrik Hehemann,A5062026003,exact,I180437899
2379,Yakir Vizel,A5024975162,exact,I174306211
3895,Nicolas James Laurent Fernando De Warren,A5076386108,fuzzy,I99464096
3476,Antonio De Lauri,A5081034645,exact,I2800297018
1398,Miklos Abert,A5090415354,exact,I127817813
3605,Abbie Hantgan-Sonko,A5063756359,alias,I1294671590
3473,Maria Melchior,A5082721015,exact,I154526488
388,Ruth Scherz-Shouval,A5006544087,alias,I53964585
16,Petya Violinova Krasteva,A5013510837,alias,I1294671590
1803,Antonin Vacheret,A5103825356,alias,I47508984
566,Tiago Ramos Alegre Branco,A5007641436,fuzzy,I45129253
3564,Andrea Martin,A5074060464,alias,I149899117
1224,Ivan Matic,A5040520718,exact,I149899117
1267,Cristina Maria Da Costa Silva Pereira,A5080716262,fuzzy,I83558840
268,Pekka Katajisto,A5012423760,alias,I133731052
1931,Marie-Ingrid Richard,A5069136323,alias,I2738703131
3347,Stefan Giljum,A5036854135,alias,I102248843
3822,Olga Tribulato,A5051893344,alias,I149461666
955,Vincent Wilfred Vishal-Kapoor Jaddoe,A5107875416,fuzzy,I2801952686
3007,Silvia Galli,A5102003835,alias,I1294671590
4153,Elise Pape,A5034621661,alias,I90669466
1272,Lionel Xavier Dupuy,A5011601478,alias,I4210129734
3229,Mary Rogan,A5048723929,alias,I205274468
2674,David Sarinn Pech,A5028295626,fuzzy,I1294671590
324,Sascha Martens,A5029002091,alias,I129774422
1863,Dominik Kraus,A5063046560,alias,I4665924
2603,Oliver Höhn,A5113862039,alias,I161046081
3375,Károly Takács,A5015566794,alias,I102134673
145,Annaliese Mason,A5017354853,alias,I135140700
128,Francesco Iorio,A5084431909,alias,I4210115812
1451,Pascal Bohleber,A5087770878,exact,I127251866
3374,Claes Holger De Vreese,A5103785726,alias,I887064364
2880,Aleksandr Ovsianikov,A5091349126,alias,I145847075
1881,Moshe Ben Shalom,A5088510360,alias,I16391192
1616,Karin Leistner,A5008244988,exact,I2610724
118,Miao-Ping Chien,A5076454824,exact,I2801952686
628,Jean Livet,A5014215458,alias,I39804081
992,Michael Bok,A5049417712,alias,I187531555
4069,Nadine Schibille,A5006785460,alias,I1294671590
1173,Julia Qüesta,A5039827810,alias,I4210158808
2857,Karen Veroy-Grepl,A5064473378,alias,I83019370
1708,Miguel Fernandes Paulos,A5025389654,alias,I1294671590
2974,Alessandra Silvestri,A5102979651,alias,I121797337
1497,Alberto Vitale Brovarone,A5009989419,alias,I9360294
895,Rudolf Allert De Boer,A5031658795,alias,I2801952686
1759,Simon David Badger,A5017973670,alias,I55143463
3827,Lindiwe Dovey,A5090284553,alias,I31575130
1467,Mustafa Yucel,A5006534189,exact,I201799495
576,Marta De Aragão Pacheco Moita,A5054158726,fuzzy,I113358080
3938,Matteo Millan,A5004741889,exact,I138689650
3768,Susana Viegas,A5061979104,alias,I83558840
3774,Geraldine Le Roux,A5081156306,exact,I161929037
1826,Romain Roger Quidant,A5070996686,fuzzy,I35440088
1698,Balt Van Rees,A5054152988,alias,I142476485
1452,Jia Chen,A5100416035,alias,I62916508
670,Noam Stern-Ginossar,A5082856046,alias,I53964585
2897,Tobias-Rossell Gerard,A5024241530,alias,I134820265
1324,Phan Thanh Nam,A5048239767,alias,I8204097
3534,Inga Dora Sigfusdottir,A5108117394,fuzzy,I123185442
941,Henrik Zetterberg,A5103818906,alias,I881427289
1891,Jeremie Palacci,A5055738338,exact,I157556583
1031,Jarno Vanhatalo,A5057385440,exact,I133731052
2217,Laura Hartmann,A5073720658,exact,I161046081
925,Tomasz Jan Guzik,A5040329167,alias,I98677209
1361,Eva Viehmann,A5006235119,alias,I22465464
572,Pascale Bomont,A5074532965,alias,I154526488
1394,David Perez Garcia,A5103936089,exact,I121748325
4030,Maria De Lurdes Pereira Rosa,A5088188023,alias,I83558840
2975,Victoria Laura Antoci,A5035358816,alias,I96673099
1925,Pierre Thibault,A5009187210,alias,I142444530
2142,Arnaud Comment,A5042577267,alias,I241749
2811,Antonio D'Amore,A5067981873,alias,I4210150906
4100,Emanuele Campiglio,A5080543399,exact,I9360294
360,Benoit Chassaing,A5053821596,alias,I154526488
3742,Cecilia Muratori,A5032321717,alias,I25217355
3187,Julian Di Giovanni,A5071184783,alias,I170486558
3840,Tian Yuan Tan,A5006100628,exact,I40120149
952,Brian Huntly,A5099013894,fuzzy,I241749
4077,Lorenz Rahmstorf,A5071805941,alias,I74656192
2965,Ondrej Pejcha,A5026263890,exact,I21250087
2,Clemens Plaschka,A5112598398,alias,I195525897
3971,Elena Franchi,A5110774155,exact,I193223587
2335,Cristiana Di Valentin,A5076721274,alias,I189158943
4068,Rebekka Asta Elizabeth Von Mallinckrodt,A5063942753,fuzzy,I180437899
2907,Guillermo Jose Rein,A5109432594,fuzzy,I47508984
3127,Andrew Rhodes,A5066774610,alias,I4210092408
3298,Anne Rasmussen,A5004039145,exact,I183935753
746,Bruno Miguel De Carvalho E Silva Santos,A5107862620,fuzzy,I141596103
2715,Robert Huber,A5112417481,alias,I9341345
1609,Samuel Jones,A5060666192,alias,I79619799
1488,Robert Hilton,A5056968044,alias,I40120149
3061,Daniele Antonangeli,A5111158876,alias,I1294671590
2372,Gil Cohen,A5018113933,alias,I16391192
2164,Jianting Ye,A5109664813,alias,I169381384
1460,Wei-Li Hong,A5078847976,alias,I161593684
2033,Nikolay Kosinov,A5107885491,exact,I83019370
4022,Claire Zalc,A5014443416,exact,I1294671590
3594,Yuval Hart,A5102728418,alias,I197251160
1172,Velia Siciliano,A5102898391,alias,I30771326
3651,John Robert Gareth Williams,A5046795259,fuzzy,I130828816
286,Moritz Nowack,A5079001964,alias,I2802017950
112,Claudia Keller Valsecchi,A5019867019,fuzzy,I1850255
1228,Henning Jacob Jessen,A5113237150,fuzzy,I161046081
2620,Carlos Alonso Ramos,A5108113044,alias,I1294671590
3633,Birte Forstmann,A5069594618,alias,I887064364
1474,Cathy Quantin-Nataf,A5081103620,alias,I100532134
722,Serge Mostowy,A5109480889,alias,I4210089966
2032,Thomas Jagau,A5052226863,fuzzy,I99464096
1569,Benjamin John Murray,A5102903529,fuzzy,I130828816
3871,Monika Salzbrunn,A5010218346,exact,I97565354
3632,Daniel Margulies,A5108119313,fuzzy,I1294671590
1392,Peter Keevash,A5093875956,alias,I40120149
2669,Francois Andrieu,A5071461121,alias,I2738703131
1296,Javier Fresán,A5075747054,exact,I39804081
605,Simon Hippenmeyer,A5110924729,alias,I157556583
3285,Charles Wilson,A5047477714,alias,I40120149
3850,Jill Walker Rettberg,A5112732942,alias,I4432739
563,Ana Joao Gomes Rodrigues,A5108827752,fuzzy,I99682543
1292,Antoine Levitt,A5040118029,exact,I277688954
3694,Eveline Adriana Maria Crone,A5109684799,fuzzy,I913958620
2988,Francesco De Gasperin,A5081768423,alias,I875825670
2138,Beatriz Roldan Cuenya,A5065326930,exact,I149899117
746,Bruno Miguel De Carvalho E Silva Santos,A5112022689,fuzzy,I141596103
1531,Karine Sellegri,A5114340128,alias,I1294671590
1574,Thomas Ingo Rafael Walter,A5107934994,fuzzy,I4210152878
242,Edouard Hannezo,A5114026040,exact,I157556583
3798,Patricia Vieira,A5061913426,exact,I4392738281
2048,Stefan Weber,A5101911083,exact,I100066346
204,Nuria Lopez Bigas,A5006614776,alias,I4210122345
2367,Andreas Geiger,A5114401566,exact,I8087733
4150,Carna Brkovic,A5019346720,alias,I197323543
3716,Andrea Evers,A5103895527,fuzzy,I121797337
24,Gerbrand Van Der Heden Van Noort,A5033653145,alias,I2800006345
1257,Ana Isabel Caño Delgado,A5098645781,fuzzy,I4210158808
996,Roberto Salguero-Gómez,A5072763341,alias,I40120149
2272,Nuno Silva,A5051621503,alias,I60858718
3093,Marta Volonteri,A5087752642,exact,I1294671590
663,Paul Bourgine,A5006777098,alias,I187531555
3520,Daniele Vignoli,A5075260851,alias,I45084792
996,Roberto Salguero-Gómez,A5069697028,alias,I40120149
395,Amélie Bonnefond,A5025636710,alias,I154526488
2215,Leopoldo Molina-Luna,A5011754505,alias,I31512782
2350,Wolfgang Schmitt,A5082829143,exact,I205274468
2549,Gustau Camps-Valls,A5039052506,exact,I16097986
2004,Davide Marenduzzo,A5001134453,alias,I98677209
2109,Francesco Ricci,A5018935401,alias,I116067653
2172,Valérie Gabelica,A5013458899,alias,I154526488
2878,Jin-Chong Tan,A5073692835,exact,I40120149
1258,Thorsten Schnurbusch,A5089171994,exact,I4210127902
1736,Nikolay Gromov,A5041807424,exact,I183935753
3346,Staffan I. Lindberg,A5082109923,exact,I881427289
1478,Trude Storelvmo,A5025021005,exact,I184942183
2683,Stephan Sylvest Keller,A5036535149,exact,I96673099
1102,Anna Kuparinen,A5058555514,exact,I94722563
2591,Paavo Rasilo,A5030192236,alias,I166825849
2627,Eitan Yaakobi,A5021586372,exact,I174306211
213,Petr Svoboda,A5060049750,exact,I4210138103
2569,Rasmus Pagh,A5014293815,exact,I83467386
1265,Nikolaj Gadegaard,A5049586449,exact,I7882870
2658,Christophe Collette,A5083554070,exact,I157674565
2125,Malte Drescher,A5077199202,exact,I189712700
1707,Marcus Huber,A5027058735,alias,I145847075
4156,Jaroslav Švelch,A5037686951,exact,I21250087
409,Manuel Valiente,A5056747631,exact,I4210089594
4050,Pietro Daniel Omodeo,A5042205000,alias,I149461666
4189,Michael Karl Köhl,A5102800988,fuzzy,I135140700
3242,Linda Gröning,A5013061549,exact,I4432739
2104,Chiara Cappelli,A5081229473,exact,I157210198
1836,Roee Ozeri,A5091027104,exact,I53964585
2558,Vladimir Kolmogorov,A5112860886,alias,I157556583
1626,Ian Marius Peters,A5061704673,alias,I171892758
1974,Julie Grollier,A5035082537,exact,I1294671590
3260,Wim Hardyns,A5039222863,alias,I32597200
2600,François Leo,A5073461329,exact,I132053463
2393,Jan Kretinsky,A5074485601,alias,I21449261
1344,Vincent Calvez,A5114375058,alias,I1294671590
4057,Miles Larmer,A5061022789,alias,I40120149
2043,Karl Börjesson,A5057304913,alias,I881427289
2102,Tobias Weidner,A5032665317,exact,I204337017
1304,Gabor Szabo,A5054049660,alias,I99464096
877,Jean-Baptiste Pingault,A5013110004,alias,I45129253
3131,Gaetano Gaballo,A5050845326,alias,I83860666
1758,Daniele Brida,A5082810697,alias,I186903577
1428,Eva Ternon,A5045085411,exact,I1294671590
2030,Simon Olsson,A5022575407,exact,I66862912
3586,Nathan Faivre,A5051118769,exact,I1294671590
3870,Clemens Wöllner,A5082494917,alias,I159176309
70,Friedrich Förster,A5073848521,exact,I193662353
1465,Jan-Hendrik Hehemann,A5062026003,alias,I180437899
2379,Yakir Vizel,A5024975162,alias,I174306211
4166,Nicolas James Laurent Fernando De Warren,A5076386108,fuzzy,I99464096
3476,Antonio De Lauri,A5081034645,alias,I2800297018
1398,Miklos Abert,A5090415354,alias,I127817813
3473,Maria Melchior,A5082721015,alias,I154526488
388,Ruth Scherz-Shouval,A5006544087,exact,I53964585
1803,Antonin Vacheret,A5103825356,exact,I47508984
1224,Ivan Matic,A5040520718,alias,I149899117
268,Pekka Katajisto,A5012423760,exact,I133731052
1931,Marie-Ingrid Richard,A5069136323,exact,I2738703131
3347,Stefan Giljum,A5036854135,exact,I102248843
3822,Olga Tribulato,A5051893344,exact,I149461666
4153,Elise Pape,A5034621661,exact,I90669466
3229,Mary Rogan,A5048723929,exact,I205274468
324,Sascha Martens,A5029002091,exact,I129774422
2603,Oliver Höhn,A5113862039,exact,I161046081
3375,Károly Takács,A5015566794,exact,I102134673
128,Francesco Iorio,A5084431909,exact,I4210115812
1451,Pascal Bohleber,A5087770878,alias,I127251866
3374,Claes Holger De Vreese,A5103785726,exact,I887064364
2880,Aleksandr Ovsianikov,A5091349126,exact,I145847075
1616,Karin Leistner,A5008244988,alias,I2610724
118,Miao-Ping Chien,A5076454824,alias,I2801952686
628,Jean Livet,A5014215458,exact,I39804081
4069,Nadine Schibille,A5006785460,exact,I1294671590
2974,Alessandra Silvestri,A5102979651,exact,I121797337
1497,Alberto Vitale Brovarone,A5009989419,exact,I9360294
3827,Lindiwe Dovey,A5090284553,exact,I31575130
1467,Mustafa Yucel,A5006534189,alias,I201799495
3938,Matteo Millan,A5004741889,alias,I138689650
3774,Geraldine Le Roux,A5081156306,alias,I161929037
1452,Jia Chen,A5100416035,exact,I62916508
670,Noam Stern-Ginossar,A5082856046,exact,I53964585
1324,Phan Thanh Nam,A5048239767,exact,I8204097
1891,Jeremie Palacci,A5055738338,alias,I157556583
1031,Jarno Vanhatalo,A5057385440,alias,I133731052
2217,Laura Hartmann,A5073720658,alias,I161046081
1361,Eva Viehmann,A5006235119,exact,I22465464
572,Pascale Bomont,A5074532965,exact,I154526488
1394,David Perez Garcia,A5103936089,alias,I121748325
1925,Pierre Thibault,A5009187210,exact,I142444530
2142,Arnaud Comment,A5042577267,exact,I241749
4100,Emanuele Campiglio,A5080543399,alias,I9360294
360,Benoit Chassaing,A5053821596,exact,I154526488
3742,Cecilia Muratori,A5032321717,exact,I25217355
3187,Julian Di Giovanni,A5071184783,exact,I170486558
3840,Tian Yuan Tan,A5006100628,alias,I40120149
4077,Lorenz Rahmstorf,A5071805941,exact,I74656192
2965,Ondrej Pejcha,A5026263890,alias,I21250087
2,Clemens Plaschka,A5112598398,exact,I195525897
3971,Elena Franchi,A5110774155,alias,I193223587
2335,Cristiana Di Valentin,A5076721274,exact,I189158943
3127,Andrew Rhodes,A5066774610,exact,I4210092408
3298,Anne Rasmussen,A5004039145,alias,I183935753
2715,Robert Huber,A5112417481,exact,I9341345
1488,Robert Hilton,A5056968044,exact,I40120149
2372,Gil Cohen,A5018113933,exact,I16391192
2164,Jianting Ye,A5109664813,exact,I169381384
2033,Nikolay Kosinov,A5107885491,alias,I83019370
4022,Claire Zalc,A5014443416,alias,I1294671590
3594,Yuval Hart,A5102728418,exact,I197251160
1172,Velia Siciliano,A5102898391,exact,I30771326
722,Serge Mostowy,A5109480889,exact,I4210089966
3871,Monika Salzbrunn,A5010218346,alias,I97565354
1392,Peter Keevash,A5093875956,exact,I40120149
2669,Francois Andrieu,A5071461121,exact,I2738703131
1296,Javier Fresán,A5075747054,alias,I39804081
605,Simon Hippenmeyer,A5110924729,exact,I157556583
3850,Jill Walker Rettberg,A5112732942,exact,I4432739
1292,Antoine Levitt,A5040118029,alias,I277688954
2138,Beatriz Roldan Cuenya,A5065326930,alias,I149899117
242,Edouard Hannezo,A5114026040,alias,I157556583
3798,Patricia Vieira,A5061913426,alias,I4392738281
2048,Stefan Weber,A5101911083,alias,I100066346
204,Nuria Lopez Bigas,A5006614776,exact,I4210122345
2367,Andreas Geiger,A5114401566,alias,I8087733
4150,Carna Brkovic,A5019346720,exact,I197323543
24,Gerbrand Van Der Heden Van Noort,A5033653145,exact,I2800006345
996,Roberto Salguero-Gómez,A5072763341,exact,I40120149
705,Noam Stern-Ginossar,A5082856046,exact,I53964585
705,Noam Stern-Ginossar,A5082856046,alias,I53964585
3366,Tobias William Kelly,A5056976070,fuzzy,I98677209
941,Henrik Zetterberg,A5079766290,exact,I881427289
627,Sebastian Kadener,A5038140921,exact,I197251160
1640,Rob Ameloot,A5007730201,alias,I99464096
3720,Rufin Bernard Edmond Vanrullen,A5078188438,fuzzy,I1294671590
772,Ronald Van Rij,A5040007262,alias,I145872427
1241,Thomas Bert Van Leeuwen,A5063389950,fuzzy,I32597200
1991,Gwendal Feve,A5082284569,exact,I1294671590
1943,Stephanie Reich,A5045431784,alias,I75951250
1860,Christian Schneider,A5011588936,exact,I129877168
703,Amy Buck,A5046455079,alias,I98677209
722,Serge Mostowy,A5000285007,exact,I4210089966
2757,Alessio Gizzi,A5010210450,exact,I155125353
1834,Niklas Frederik Beisert,A5003736428,fuzzy,I35440088
1498,Andrew Hooper,A5091769787,alias,I130828816
3732,Suganya Anandakichenin,A5091784843,exact,I159176309
2299,Jerome Waser,A5008165586,alias,I5124864
2856,Marco Deluca,A5026281346,exact,I4210135925
959,Hugo Wilhelmus Antonius Maria De Jong,A5051038749,fuzzy,I3018483916
981,Helene Andersson Svahn,A5018960239,alias,I86987016
924,Mikko Olavi Niemi,A5047851431,fuzzy,I133731052
876,Carsten Marr,A5046721596,alias,I3018134672
3771,Karin Kukkonen,A5001477689,exact,I184942183
2561,Tijl De Bie,A5076045275,alias,I32597200
1517,Adrian Jäggi,A5072456620,exact,I118564535
2246,Kasper Moth-Poulsen,A5012584282,alias,I9617848
3271,Tom Van Der Meer,A5010780363,exact,I887064364
3112,Hornung Erik,A5037420297,alias,I180923762
2093,Ifan Stephens,A5039064548,alias,I47508984
381,Zachary Philip Gerhart-Hines,A5073216233,fuzzy,I124055696
2462,Krishnendu Chatterjee,A5052607806,alias,I157556583
1806,Leonardo Fallani,A5013710925,alias,I45084792
2148,Erwin Reisner,A5026491082,exact,I241749
2797,Philip Cardiff,A5003527782,exact,I100930933
2099,Kylie Vincent,A5003568078,alias,I40120149
1276,Günter Mayer,A5041783466,alias,I135140700
2970,Tilman Birnstiel,A5016174491,alias,I8204097
1334,Anton Mellit,A5055419764,exact,I129774422
795,James Thackeray,A5004315051,alias,I34809795
2427,Sebastian Faust,A5066436044,exact,I31512782
1277,Kris Verheyen,A5025403876,exact,I32597200
1548,Rosalind Emily Mayors Rickaby,A5082449899,fuzzy,I40120149
934,Robert Franz Karl Zeiser,A5084803299,fuzzy,I2801240073
3509,Lucie Dale Cluver,A5063549016,alias,I40120149
88,Juha Huiskonen,A5074800971,alias,I133731052
949,Lorraine Brennan,A5003874766,alias,I100930933
789,Betty Tijms,A5030923361,alias,I911458345
3317,Niels Petersen,A5065018261,alias,I22465464
2779,Niamh Nowlan,A5059933736,alias,I100930933
2584,Bart Besselink,A5083507299,alias,I169381384
3768,Susana Viegas,A5015231548,alias,I83558840
1538,Christoph Karl Thomas,A5074981980,alias,I54009628
2989,Jacqueline Hodge,A5020070530,alias,I121797337
3982,Lucia Raggetti,A5026736262,exact,I9360294
2496,Irit Dveer Dinur,A5029616850,fuzzy,I53964585
2523,Dan Olteanu,A5035180920,alias,I202697423
946,Niel Hens,A5042663607,exact,I878454856
3445,Joris Mulder,A5025801659,alias,I193700539
3239,Frederik Dhondt,A5062979135,exact,I13469542
3077,Leen Katrien Els Decin,A5050256035,alias,I99464096
1456,Naomi Murdoch,A5083763814,alias,I193033237
1711,Nathan Goldman,A5083932690,exact,I132053463
2820,Leticia Hosta Rigau,A5044039884,alias,I96673099
1785,Vladimir Gligorov,A5039105937,alias,I1294671590
1280,Kathrin Barbara Fenner,A5044405346,alias,I63664421
1988,Andras Kis,A5026176713,alias,I5124864
1755,Justine Serrano,A5070918038,alias,I1294671590
468,Jason Scott Carroll,A5084427699,fuzzy,I241749
1521,Dominick Spracklen,A5080902801,alias,I130828816
2967,Adam Ingram,A5028280845,alias,I84884186
1812,Peter Gerhard Baum,A5000240801,fuzzy,I189712700
3069,Sarah Louise Bridle,A5037398308,fuzzy,I28407311
2669,Francois Andrieu,A5109803377,alias,I2738703131
1589,Martin Bizzarro,A5034179199,exact,I124055696
3892,Louise Bethlehem,A5037675099,alias,I197251160
1220,Abel Garcia Pino,A5025516016,alias,I132053463
3345,Roland Erne,A5056505437,exact,I100930933
3106,Attila Sandor Lindner,A5069395724,alias,I45129253
4103,Enrico Ronchi,A5029384606,exact,I187531555
1471,Sophie Bonnet,A5105309490,alias,I4210166444
412,Claudia Lengerke,A5088208446,alias,I8087733
3647,Dominik Bach,A5054780837,alias,I135140700
3570,Neil Cohn,A5091201289,alias,I193700539
676,Nicola Gagliani,A5037272617,alias,I4210108711
2647,Venkata Kamalakar Mutta,A5068051557,exact,I123387679
3171,Martin Weidner,A5017693750,alias,I40120149
2631,Themistoklis Charalambous,A5000676115,alias,I34771391
3541,Steffen Martin Fritz,A5040252235,fuzzy,I1317774081
501,Armin Lak,A5032963618,alias,I40120149
158,Colm Nestor,A5084550031,alias,I102134673
1794,Sakura Schafer-Nameki,A5062397066,exact,I40120149
3680,Christopher Iliev Petkov,A5030790098,fuzzy,I84884186
3216,Alberto Miguel Martin,A5008945530,fuzzy,I4210115615
3618,Clare Press,A5065860406,exact,I98259816
3862,Pierre Alexandre Tremblay,A5016811679,alias,I133837150
2906,Lucia Nicola,A5057776328,exact,I138689650
227,Déborah Bourc'His,A5072227443,alias,I80043
4065,Soultana Maria Valamoti,A5081254213,alias,I21370196
3426,Michael Quayle,A5052854928,exact,I230495080
906,Yuval Yechiel Shaked,A5068166516,fuzzy,I174306211
2629,Francesco Negro,A5032001702,alias,I79940851
1648,Juan Jose Vilatela,A5043783689,alias,I4210090776
2171,Jochen Küpper,A5007645050,exact,I2801876189
1443,Eleni Anagnostou,A5067306886,exact,I34403800
2281,Ryan Gilmour,A5050197366,alias,I22465464
199,Eva Ran Hoffmann,A5058906995,alias,I124055696
3094,Antony Martin Lewis,A5080085506,fuzzy,I162608824
1525,Thorsten Mauritsen,A5000717001,exact,I161593684
17,Karl Duderstadt,A5036678986,alias,I62916508
2927,Tanguy Eugene Le Borgne,A5061402015,fuzzy,I56067802
3080,Haley Louise Gomez,A5103490355,alias,I79510175
60,Sophie Polo,A5048423328,alias,I1294671590
3502,Martijn Oosterbaan,A5061316038,exact,I193662353
1330,Matthew Thomas Morrow,A5005166458,alias,I1294671590
647,Jean-Marc Goaillard,A5009276385,exact,I154526488
3479,Dace Agnese Dzenovska,A5038442344,alias,I40120149
3448,Erica Weiss,A5076899110,alias,I16391192
2818,Joe Briscoe,A5056611553,exact,I166337079
2272,Nuno Silva,A5100451488,alias,I60858718
785,Bulat Ibragimov,A5070871008,exact,I124055696
1319,Nicolas Curien,A5107933108,exact,I277688954
2057,Alexander Buell,A5006551440,alias,I96673099
2864,Francesco Scotognella,A5015787949,alias,I177477856
768,Federico Mingozzi,A5049298836,exact,I4210127167
896,Lukas Jeker,A5033585559,alias,I1850255
971,Marc Antoine Gijsbert Gilles Vooijs,A5079711680,fuzzy,I34352273
3912,Ceren Kabukcu,A5059357437,alias,I146655781
3338,Daniel Moeckli,A5061753184,alias,I202697423
391,Ana Cvejic,A5036718218,exact,I124055696
3815,Rutger Jurriaan Gerard Claassen,A5069819284,fuzzy,I193662353
1827,Frank Paul Bernard Verstraete,A5001154267,fuzzy,I32597200
3970,Umberto Lombardo,A5046272739,exact,I123044942
1331,Kathrin Bringmann,A5105452405,alias,I180923762
3163,Stephen Hansen,A5033504000,exact,I45129253
575,Nathalie Rochefort,A5037861106,alias,I98677209
1998,Martin Peter Weides,A5023404921,fuzzy,I7882870
113,Leandro Quadrana,A5059026378,exact,I1294671590
1460,Wei-Li Hong,A5053211960,alias,I161593684
1227,Maja Banks-Köhn,A5055181051,alias,I161046081
4004,Damian Evans,A5052464346,alias,I4210092825
551,Alexander Matthias Walter,A5018228978,alias,I124055696
269,Mounia Lagha,A5028537170,exact,I1294671590
3472,Raya Muttarak,A5012213855,alias,I9360294
1400,David Christophe Hernandez,A5102796273,fuzzy,I1294671590
1514,Orit Sivan,A5007815935,alias,I124227911
4006,Artemy Kalinovsky,A5113968311,alias,I887064364
1389,Søren Galatius,A5103267969,exact,I124055696
1291,Alexandra Carpentier,A5021658783,alias,I176453806
1236,Lars Ingemar André,A5110463751,fuzzy,I187531555
3362,Maarten Vink,A5072424366,alias,I874792244
3601,Michaël Peyrot,A5073630241,exact,I121797337
4083,Lydia Zapata,A5073784595,alias,I169108374
3308,Andrew Futter,A5005944375,alias,I153648349
2742,Qinghua Lei,A5085238022,exact,I123387679
1670,Jacob Friedrich Finkenrath,A5043006782,alias,I167360494
3018,Denis Defrere,A5041770370,exact,I99464096
3252,Jorge Fernandes,A5014068436,alias,I134820265
4040,Gábor Egry,A5074194307,alias,I4210128508
3877,Alicia Montoya,A5050851791,alias,I145872427
333,Jan Huisken,A5005769811,alias,I149899117
4119,Kayvan Bozorgmehr,A5004831415,exact,I203082224
3615,Stefano Palminteri,A5028199267,alias,I154526488
1429,Jenny Gales,A5000672954,alias,I897542642
2018,Francesco De Angelis,A5108124657,alias,I30771326
1360,Nathalie Anne M. Wahl,A5082652450,fuzzy,I124055696
209,Ian Robert Henderson,A5067853296,fuzzy,I241749
25,Ruben Fernandez Busnadiego,A5061030857,exact,I4210116730
3914,Kati Ihnat,A5082669308,alias,I145872427
1179,Tomas Pluskal,A5088461185,alias,I4210145889
2865,Rachel Evans,A5081156622,fuzzy,I241749
548,Tarja Malm,A5072671702,alias,I175532246
3652,Tarja Tellervo Knuuttila,A5003381023,alias,I129774422
461,Eva Gonzalez Suarez,A5032787506,exact,I4210089594
372,Carmelo Quarta,A5051646344,alias,I154526488
474,Hugo Georges Roger Aguilaniu,A5033838889,fuzzy,I1294671590
1279,Tillmann Joachim Lüders,A5006088926,fuzzy,I54009628
3328,Julia Catherine Gallagher,A5004605831,fuzzy,I31575130
966,Patrizio Lancellotti,A5108096312,exact,I157674565
2018,Francesco De Angelis,A5029663159,exact,I30771326
563,Ana Joao Gomes Rodrigues,A5103254509,fuzzy,I99682543
3989,Kristin Kleber,A5000380208,alias,I22465464
993,Cecilia Nilsson,A5110789696,alias,I187531555
1168,Li Tang,A5060524828,alias,I5124864
87,Han Karel Remaut,A5026194678,alias,I2802017950
1243,Chris Barnes,A5018040610,exact,I45129253
3004,Stefan Kraus,A5104478365,exact,I23923803
4034,Leyla Dakhli,A5093811001,exact,I1294671590
4011,Valentina Lepri,A5077243151,alias,I4210108857
3768,Susana Viegas,A5109539960,alias,I83558840
2201,Guillaume Lefèvre,A5028044238,alias,I1294671590
1132,Stephanie Bedhomme,A5052774658,alias,I1294671590
1465,Jan-Hendrik Hehemann,A5110570088,alias,I180437899
290,Ana Garcia Saez,A5084027840,fuzzy,I180923762
3779,Aaron Butts,A5082363462,alias,I159176309
2751,Michele Marino,A5104044833,exact,I116067653
3592,Ellen De Bruijn,A5111592249,fuzzy,I121797337
2466,Stefan Roth,A5039746777,alias,I31512782
1531,Karine Sellegri,A5105370734,exact,I1294671590
683,Liliana Mancio Silva,A5028637796,alias,I154526488
925,Tomasz Jan Guzik,A5101660381,fuzzy,I98677209
2907,Guillermo Jose Rein,A5112136964,fuzzy,I47508984
842,Andrea Ditadi,A5015115031,alias,I4210133214
1872,Ariel Amir,A5104504111,exact,I53964585
2307,Olga Garcia Mancheno,A5108209356,exact,I22465464
1107,Dominic Wright,A5008597065,alias,I102134673
2974,Alessandra Silvestri,A5101571590,alias,I121797337
1357,Siddhartha Mishra,A5104083095,alias,I35440088
430,Nadia Mercader Huber,A5113742864,alias,I118564535
2272,Nuno Silva,A5109726587,alias,I60858718
1434,Pietro Sternai,A5066630823,exact,I189158943
2252,Paolo Arosio,A5001560379,exact,I35440088
3482,Iñaki Permanyer Ugartemendia,A5013717810,exact,I4210121658
2090,Claire Wilhelm,A5112894191,exact,I1294671590
1738,Matthias Schott,A5106585329,alias,I197323543
2676,Ming Cao,A5061006460,exact,I169381384
2093,Ifan Stephens,A5108151539,fuzzy,I47508984
1776,Alexander Schmidt,A5049932078,fuzzy,I887968799
3592,Ellen De Bruijn,A5010286692,fuzzy,I121797337
1920,Vincent Jacques,A5107536531,alias,I1294671590
1881,Moshe Ben Shalom,A5093880615,fuzzy,I16391192
635,Aldo Genovesio,A5104092719,alias,I861853513
2920,Víctor Antonio De La Peña O'Shea,A5065836688,fuzzy,I4210085895
4046,Maria Fusaro,A5094038385,exact,I23923803
1324,Phan Thanh Nam,A5112909562,alias,I8204097
1279,Tillmann Joachim Lüders,A5008039354,fuzzy,I54009628
941,Henrik Zetterberg,A5079766290,alias,I881427289
627,Sebastian Kadener,A5038140921,alias,I197251160
1640,Rob Ameloot,A5007730201,exact,I99464096
4178,Rufin Bernard Edmond Vanrullen,A5078188438,fuzzy,I1294671590
4226,Ronald Van Rij,A5040007262,alias,I145872427
1991,Gwendal Feve,A5082284569,alias,I1294671590
1943,Stephanie Reich,A5045431784,exact,I75951250
1860,Christian Schneider,A5011588936,alias,I129877168
722,Serge Mostowy,A5000285007,alias,I4210089966
2757,Alessio Gizzi,A5010210450,alias,I155125353
4195,Niklas Frederik Beisert,A5003736428,fuzzy,I35440088
1498,Andrew Hooper,A5091769787,exact,I130828816
3732,Suganya Anandakichenin,A5091784843,alias,I159176309
2299,Jerome Waser,A5008165586,exact,I5124864
2856,Marco Deluca,A5026281346,alias,I4210135925
981,Helene Andersson Svahn,A5018960239,exact,I86987016
876,Carsten Marr,A5046721596,exact,I3018134672
3771,Karin Kukkonen,A5001477689,alias,I184942183
2561,Tijl De Bie,A5076045275,exact,I32597200
1517,Adrian Jäggi,A5072456620,alias,I118564535
2246,Kasper Moth-Poulsen,A5012584282,exact,I9617848
3271,Tom Van Der Meer,A5010780363,alias,I887064364
2462,Krishnendu Chatterjee,A5052607806,exact,I157556583
2148,Erwin Reisner,A5026491082,alias,I241749
2797,Philip Cardiff,A5003527782,alias,I100930933
1276,Günter Mayer,A5041783466,exact,I135140700
1334,Anton Mellit,A5055419764,alias,I129774422
2427,Sebastian Faust,A5066436044,alias,I31512782
1277,Kris Verheyen,A5025403876,alias,I32597200
949,Lorraine Brennan,A5003874766,exact,I100930933
3317,Niels Petersen,A5065018261,exact,I22465464
2584,Bart Besselink,A5083507299,exact,I169381384
2989,Jacqueline Hodge,A5020070530,exact,I121797337
3982,Lucia Raggetti,A5026736262,alias,I9360294
2523,Dan Olteanu,A5035180920,exact,I202697423
946,Niel Hens,A5042663607,alias,I878454856
3445,Joris Mulder,A5025801659,exact,I193700539
3239,Frederik Dhondt,A5062979135,alias,I13469542
1456,Naomi Murdoch,A5083763814,exact,I193033237
1711,Nathan Goldman,A5083932690,alias,I132053463
2820,Leticia Hosta Rigau,A5044039884,exact,I96673099
1988,Andras Kis,A5026176713,exact,I5124864
2967,Adam Ingram,A5028280845,exact,I84884186
1589,Martin Bizzarro,A5034179199,alias,I124055696
3892,Louise Bethlehem,A5037675099,exact,I197251160
1220,Abel Garcia Pino,A5025516016,exact,I132053463
3345,Roland Erne,A5056505437,alias,I100930933
4103,Enrico Ronchi,A5029384606,alias,I187531555
412,Claudia Lengerke,A5088208446,exact,I8087733
3570,Neil Cohn,A5091201289,exact,I193700539
676,Nicola Gagliani,A5037272617,exact,I4210108711
2647,Venkata Kamalakar Mutta,A5068051557,alias,I123387679
3171,Martin Weidner,A5017693750,exact,I40120149
2631,Themistoklis Charalambous,A5000676115,exact,I34771391
4165,Steffen Martin Fritz,A5040252235,fuzzy,I1317774081
501,Armin Lak,A5032963618,exact,I40120149
1794,Sakura Schafer-Nameki,A5062397066,alias,I40120149
3862,Pierre Alexandre Tremblay,A5016811679,exact,I133837150
2906,Lucia Nicola,A5057776328,alias,I138689650
4065,Soultana Maria Valamoti,A5081254213,exact,I21370196
3426,Michael Quayle,A5052854928,alias,I230495080
2629,Francesco Negro,A5032001702,exact,I79940851
2171,Jochen Küpper,A5007645050,alias,I2801876189
1443,Eleni Anagnostou,A5067306886,alias,I34403800
2281,Ryan Gilmour,A5050197366,exact,I22465464
1525,Thorsten Mauritsen,A5000717001,alias,I161593684
3502,Martijn Oosterbaan,A5061316038,alias,I193662353
647,Jean-Marc Goaillard,A5009276385,alias,I154526488
3448,Erica Weiss,A5076899110,exact,I16391192
2818,Joe Briscoe,A5056611553,alias,I166337079
785,Bulat Ibragimov,A5070871008,alias,I124055696
1319,Nicolas Curien,A5107933108,alias,I277688954
2864,Francesco Scotognella,A5015787949,exact,I177477856
768,Federico Mingozzi,A5049298836,alias,I4210127167
4217,Marc Antoine Gijsbert Gilles Vooijs,A5079711680,fuzzy,I34352273
3912,Ceren Kabukcu,A5059357437,exact,I146655781
3338,Daniel Moeckli,A5061753184,exact,I202697423
391,Ana Cvejic,A5036718218,alias,I124055696
3970,Umberto Lombardo,A5046272739,alias,I123044942
1331,Kathrin Bringmann,A5105452405,exact,I180923762
3163,Stephen Hansen,A5033504000,alias,I45129253
113,Leandro Quadrana,A5059026378,alias,I1294671590
1460,Wei-Li Hong,A5053211960,exact,I161593684
4004,Damian Evans,A5052464346,exact,I4210092825
269,Mounia Lagha,A5028537170,alias,I1294671590
3472,Raya Muttarak,A5012213855,exact,I9360294
1514,Orit Sivan,A5007815935,exact,I124227911
1389,Søren Galatius,A5103267969,alias,I124055696
1291,Alexandra Carpentier,A5021658783,exact,I176453806
3362,Maarten Vink,A5072424366,exact,I874792244
3601,Michaël Peyrot,A5073630241,alias,I121797337
4083,Lydia Zapata,A5073784595,exact,I169108374
3308,Andrew Futter,A5005944375,exact,I153648349
2742,Qinghua Lei,A5085238022,alias,I123387679
3018,Denis Defrere,A5041770370,alias,I99464096
4040,Gábor Egry,A5074194307,exact,I4210128508
333,Jan Huisken,A5005769811,exact,I149899117
4119,Kayvan Bozorgmehr,A5004831415,alias,I203082224
3615,Stefano Palminteri,A5028199267,exact,I154526488
2018,Francesco De Angelis,A5108124657,exact,I30771326
25,Ruben Fernandez Busnadiego,A5061030857,alias,I4210116730
3914,Kati Ihnat,A5082669308,exact,I145872427
1179,Tomas Pluskal,A5088461185,exact,I4210145889
548,Tarja Malm,A5072671702,exact,I175532246
461,Eva Gonzalez Suarez,A5032787506,alias,I4210089594
372,Carmelo Quarta,A5051646344,exact,I154526488
4219,Tillmann Joachim Lüders,A5006088926,fuzzy,I54009628
966,Patrizio Lancellotti,A5108096312,alias,I157674565
2018,Francesco De Angelis,A5029663159,alias,I30771326
993,Cecilia Nilsson,A5110789696,exact,I187531555
1168,Li Tang,A5060524828,exact,I5124864
1243,Chris Barnes,A5018040610,alias,I45129253
3004,Stefan Kraus,A5104478365,alias,I23923803
4034,Leyla Dakhli,A5093811001,alias,I1294671590
4011,Valentina Lepri,A5077243151,exact,I4210108857
3768,Susana Viegas,A5109539960,exact,I83558840
2201,Guillaume Lefèvre,A5028044238,exact,I1294671590
1132,Stephanie Bedhomme,A5052774658,exact,I1294671590
1465,Jan-Hendrik Hehemann,A5110570088,exact,I180437899
2751,Michele Marino,A5104044833,alias,I116067653
1531,Karine Sellegri,A5105370734,alias,I1294671590
683,Liliana Mancio Silva,A5028637796,exact,I154526488
842,Andrea Ditadi,A5015115031,exact,I4210133214
1872,Ariel Amir,A5104504111,alias,I53964585
2307,Olga Garcia Mancheno,A5108209356,alias,I22465464
1357,Siddhartha Mishra,A5104083095,exact,I35440088
1434,Pietro Sternai,A5066630823,alias,I189158943
2252,Paolo Arosio,A5001560379,alias,I35440088
3482,Iñaki Permanyer Ugartemendia,A5013717810,alias,I4210121658
2090,Claire Wilhelm,A5112894191,alias,I1294671590
1738,Matthias Schott,A5106585329,exact,I197323543
2676,Ming Cao,A5061006460,alias,I169381384
1920,Vincent Jacques,A5107536531,exact,I1294671590
4046,Maria Fusaro,A5094038385,alias,I23923803
1324,Phan Thanh Nam,A5112909562,exact,I8204097
4219,Tillmann Joachim Lüders,A5008039354,fuzzy,I54009628
1763,Sinead Marie Farrington,A5102849626,alias,I98677209
195,Ido Amit,A5048280875,exact,I53964585
187,Theodore Alexandrov,A5023802736,exact,I4210138560
1542,David Torbjorn Emanuel Bastviken,A5078790493,fuzzy,I102134673
1967,Pascal Rene Sebastien Hersen,A5068511908,fuzzy,I1294671590
2825,Simon Kuhn,A5066634472,alias,I99464096
709,Samuel Huber,A5091016746,exact,I4210108711
857,Christoph Bock,A5059183480,alias,I4210127611
2234,Jiayin Yuan,A5045716658,alias,I161593684
3098,Thomas Hertog,A5031153449,exact,I99464096
1549,Arwen Fedora Deuss,A5071884555,fuzzy,I193662353
3081,Kazuya Koyama,A5067428193,alias,I63072094
2308,Jeroen Dirk Cornelis Codée,A5057071421,fuzzy,I121797337
2270,Thomas Poulsen,A5012032867,alias,I204337017
966,Patrizio Lancellotti,A5034995895,exact,I157674565
302,Stefan Kubicek,A5084485181,alias,I4210127611
2711,Melissa Louise Mather,A5045281356,alias,I142263535
3542,Stephane Hess,A5072345703,exact,I130828816
1642,Mahmoud Tavakoli,A5059837485,exact,I76903346
2376,Wojciech Czerwiński,A5113969130,alias,I4654613
135,Lynn Vanhaecke,A5031907769,exact,I32597200
2796,Tom Breugelmans,A5060948708,alias,I149213910
418,Matthew Campbell,A5009631835,alias,I205274468
3485,Eran Halperin,A5042631896,exact,I197251160
3322,Lorraine Elisabeth Whitmarsh,A5012606238,fuzzy,I51601045
3378,Michal Alberstein,A5061589101,alias,I13955877
1509,Horst Machguth,A5036217745,alias,I154338468
3832,Massimo Leone,A5091416153,alias,I55143463
767,Robin Charles May,A5058738414,alias,I79619799
2626,Elisa Vianello,A5046458712,alias,I2738703131
2351,Sebastien Perrier,A5014057252,exact,I39555362
1971,Frank Henricus Louis Koppens,A5019599310,alias,I179630473
2663,Ioannis Krikidis,A5080502122,exact,I34771391
1661,Eleonora Viezzer,A5065893910,alias,I79238269
1778,Thomas Zentgraf,A5051981300,exact,I206945453
1312,Tomer Schlank,A5048927306,alias,I197251160
739,Jost Heiko Enninga,A5027674094,fuzzy,I157536573
2624,Clara Mihaela Ionescu,A5004573956,alias,I32597200
1205,Nick Wierckx,A5063605485,alias,I171892758
1934,Kinneret Magda Keren,A5082583378,fuzzy,I174306211
1016,Pieter De Frenne,A5000715083,alias,I32597200
2554,Nikhil Bansal,A5008689083,alias,I83019370
957,Arthur Kaser,A5050963621,alias,I241749
2621,Romain Peretti,A5033683211,alias,I1294671590
2116,Fabio La Mantia,A5002342349,exact,I180437899
2807,Andreas Fischer,A5054687195,exact,I180437899
3078,Sune Toft,A5082903305,exact,I124055696
2193,Jesús Campos,A5015045788,alias,I134820265
851,Daniël Pijnappels,A5041678517,alias,I2800006345
800,Ben Jeurissen,A5052945963,exact,I149213910
2508,Michael Bronstein,A5013638126,alias,I40120149
1154,Joah Madden,A5084231652,alias,I23923803
2176,Zoltan Takats,A5048603885,exact,I47508984
3193,Henrik Jacobsen Kleven,A5055310448,alias,I909854389
1883,Filipe Maia,A5057703441,alias,I123387679
3723,Christian Nicolas Leon Olivers,A5028257885,alias,I865915315
2997,Jon Sundqvist,A5004997398,alias,I99464096
1993,Nicolas David Minc,A5033215238,fuzzy,I1294671590
2200,Matthew Langton,A5088074740,alias,I40120149
2471,Ugo Dal Lago,A5084450516,exact,I9360294
2310,Jamie Hans Warner,A5035136972,fuzzy,I40120149
1336,Ron Yehuda Peled,A5071389695,fuzzy,I16391192
3503,Mara Yerkes,A5069138370,alias,I193662353
2922,Jan Peter Felix Lagerwall,A5029474859,alias,I186903577
3387,Jan Beyers,A5074422626,exact,I149213910
609,Antoine Roger Adamantidis,A5027508273,alias,I118564535
960,Dan Peer,A5038855686,alias,I16391192
2002,Oliver Aneurin Williams,A5065233782,alias,I79510175
2911,Francois Courvoisier,A5037973920,exact,I1294671590
204,Nuria Lopez Bigas,A5057300983,exact,I4210122345
3360,Carey Louisa Jewitt,A5047922190,fuzzy,I45129253
2760,Andrea Ianiro,A5043881111,alias,I50357001
2696,Albert Guillén I Fàbregas,A5005125538,alias,I170486558
332,Jochen Christian Rink,A5057369360,alias,I149899117
3464,Eva Beaujouan,A5002714445,exact,I129774422
999,Jan De Vries,A5100670296,exact,I74656192
3696,Erno Jan Hermans,A5077600021,alias,I2802934949
1442,Sergey Lobanov,A5068319360,alias,I4210152878
1454,Sascha Brune,A5089281652,exact,I4210152878
2739,Stefaan Verbruggen,A5087430329,fuzzy,I166337079
1211,Rupert Seidl,A5085506794,alias,I62916508
3460,Loes Keijsers,A5043730373,alias,I913958620
3515,Christian Borch,A5083575490,exact,I180519160
1996,Tommaso Fellin,A5032412662,exact,I30771326
3453,Jochen Gebauer,A5065563886,alias,I177802217
2361,Rachel Kerry O'Reilly,A5050816150,alias,I79619799
488,Eva Van Rooij,A5061534140,alias,I1322597698
1572,Noel Sebastian Keenlyside,A5073806842,alias,I4432739
952,Brian Huntly,A5029251605,alias,I241749
625,Penelope Anne Lewis,A5115601534,fuzzy,I79510175
107,Robbie Joseph Loewith,A5011556912,alias,I114457229
3546,Joerg Fingerhut,A5047374678,exact,I39343248
3190,Refet Gurkaynak,A5086789254,alias,I168864056
3710,Pol Van Lier,A5053439178,alias,I865915315
1920,Vincent Jacques,A5075122850,exact,I1294671590
1358,Damien Calaque,A5019993325,alias,I19894307
246,Marie-Cécile Caillaud,A5017462808,exact,I1294671590
4035,Willemijn Geertje Ruberg,A5055425839,fuzzy,I193662353
2421,Bernhard Kainz,A5078127596,exact,I181369854
3300,Delia Ferri,A5025276430,alias,I157286207
380,Nina Henriette Uhlenhaut,A5002280496,fuzzy,I62916508
583,Bryan Strange,A5024005442,alias,I88060688
349,Andreas Moor,A5050934828,alias,I35440088
338,Niko Geldner,A5030307663,exact,I97565354
1668,Tim Schröder,A5029645305,alias,I39343248
3602,Tim Van De Cruys,A5067470407,alias,I99464096
2902,Guillaume Loïc Haiat,A5109166610,fuzzy,I1294671590
4140,Sonja Haustein,A5091855919,alias,I96673099
2965,Ondrej Pejcha,A5048301562,exact,I21250087
1531,Karine Sellegri,A5005650821,alias,I1294671590
2904,Louis Cornelia Patrick Maria De Smet,A5080571080,fuzzy,I913481162
4107,Victor Wegner Maus,A5066097635,alias,I102248843
3848,Marco Carlo Passarotti,A5001999759,alias,I103320735
3661,Anna Franklin,A5012667644,exact,I162608824
2103,Sebastiaan Y T Van De Meerakker,A5089003350,fuzzy,I145872427
1748,Olivier Arcizet,A5089031806,alias,I1294671590
3853,Dragos Gheorghe Calma,A5038603199,fuzzy,I100930933
3188,Christian Walter Bayer,A5102975433,fuzzy,I135140700
2470,Dominique Peer Ghislain Unruh,A5031883158,fuzzy,I56085075
105,Ayelet Erez,A5058704729,alias,I53964585
1966,Roel Petrus Angela Dullens,A5079601883,fuzzy,I145872427
3021,Aline Vidotto,A5077207701,alias,I121797337
2269,Luís Mafra Monteiro,A5058074735,fuzzy,I60858718
7,Dina Schneidman,A5020529918,alias,I197251160
1814,Giulia Manca,A5023103994,alias,I172446870
3073,Frantz Martinache,A5024494164,exact,I4210126779
519,Cécile Charrier,A5080554000,exact,I154526488
3541,Steffen Martin Fritz,A5101672464,fuzzy,I1317774081
2669,Francois Andrieu,A5104440312,exact,I2738703131
2670,Christian Ott,A5048539897,exact,I145847075
673,Christina Zielinski,A5083436454,alias,I4210162077
3859,Richard Charles Powell,A5080051349,alias,I241749
1156,John Leo Quinn,A5113997285,fuzzy,I181231927
946,Niel Hens,A5104006905,alias,I878454856
99,Stefan Raunser,A5020492463,exact,I149899117
2390,Michal Feldman,A5091422283,alias,I16391192
1776,Alexander Schmidt,A5107894969,alias,I887968799
1692,Tetiana Hryn'Ova,A5107932515,alias,I1294671590
252,Bruno Hudry,A5018280421,exact,I1294671590
2955,Paul Mollière,A5076927452,alias,I149899117
2755,Hans Kainz,A5048563631,exact,I129774422
2271,Benjamin Abécassis,A5041371528,exact,I1294671590
727,Dietmar Zehn,A5044386428,alias,I62916508
4037,Maria Rentetzi,A5085919363,exact,I181369854
768,Federico Mingozzi,A5104706711,exact,I4210127167
4095,Ricardo Aleixo Henriques Correia,A5089243341,alias,I155660961
3431,Flor Dinis De Araújo Avelino,A5031610815,fuzzy,I193662353
116,Francisco Martínez-Jiménez,A5085923029,alias,I4387155398
841,Katleen De Preter,A5034282785,alias,I2802017950
807,Roosmarijn Vandenbroucke,A5043807997,alias,I2802017950
944,Kim Bak Jensen,A5102931010,fuzzy,I124055696
2269,Luís Mafra Monteiro,A5101893241,fuzzy,I60858718
1524,Ulrike Herzschuh,A5103987529,alias,I127251866
3174,Jakub Steiner,A5029973134,exact,I4210121259
2380,Rayna Dimitrova,A5059464456,alias,I4210128801
1172,Velia Siciliano,A5030631840,alias,I30771326
4000,Sireen El Zaatari,A5071063019,alias,I8087733
117,Ines Drinnenberg,A5038330559,alias,I1294671590
4056,Elisheva Baumgarten,A5110978968,exact,I197251160
3528,Christiaan Willem Simon Monden,A5110883201,exact,I40120149
946,Niel Hens,A5109739882,alias,I878454856
3219,Daniel Li Chen,A5020637369,fuzzy,I4210092408
1707,Marcus Huber,A5052222572,alias,I145847075
219,Ron Milo,A5067175080,alias,I53964585
2281,Ryan Gilmour,A5055680199,alias,I22465464
3632,Daniel Margulies,A5107920091,fuzzy,I1294671590
1348,Vincent Hubert Pilloni,A5084593582,fuzzy,I1294671590
997,Emily Mitchell,A5103375461,fuzzy,I241749
859,Vered Karavani,A5067452269,fuzzy,I16391192
3485,Eran Halperin,A5050273239,exact,I197251160
2890,Gerasimos Konstantatos,A5076482098,alias,I179630473
1445,Olivier Namur,A5108038153,alias,I99464096
360,Benoit Chassaing,A5028881892,exact,I154526488
772,Ronald Van Rij,A5011840137,alias,I145872427
926,Susana Marina Chuva De Sousa Lopes,A5113666252,fuzzy,I2800006345
3007,Silvia Galli,A5105096622,exact,I1294671590
3747,Anna Grasskamp,A5115565730,alias,I184942183
3457,Seth Holmes,A5091039981,alias,I71999127
2768,Michele Conti,A5028072829,alias,I25217355
966,Patrizio Lancellotti,A5105686047,exact,I157674565
3889,Michael Paul Ellison,A5034782384,fuzzy,I36234482
1346,Pierre Berger,A5006653195,alias,I1294671590
2414,Maud Marchal,A5104622064,exact,I28221208
565,Georg Keller,A5111228151,fuzzy,I860889466
1701,Luca Pattavina,A5011491326,alias,I189158943
204,Nuria Lopez Bigas,A5094079408,alias,I4210122345
954,Raphaël Rodriguez,A5104033734,exact,I80043
1668,Tim Schröder,A5113883170,alias,I39343248
1371,Francis Clément Sais Brown,A5112871915,fuzzy,I40120149
163,Joseph Marsh,A5102796917,alias,I98677209
3423,Radhika Gupta,A5101183744,alias,I121797337
3776,Nicola Carpentieri,A5074924669,alias,I138689650
4147,Aike Peter Rots,A5005597192,fuzzy,I184942183
563,Ana Joao Gomes Rodrigues,A5049480651,fuzzy,I99682543
1885,Juan Carlos Rojas Sanchez,A5106928968,exact,I1294671590
1860,Christian Schneider,A5101476329,alias,I129877168
1017,Matthias Fischer,A5037877028,exact,I149899117
3538,Anna Ray Davies,A5110778514,fuzzy,I205274468
2807,Andreas Fischer,A5012118059,alias,I180437899
563,Ana Joao Gomes Rodrigues,A5053692834,fuzzy,I99682543
627,Sebastian Kadener,A5111432894,alias,I197251160
195,Ido Amit,A5048280875,alias,I53964585
187,Theodore Alexandrov,A5023802736,alias,I4210138560
2825,Simon Kuhn,A5066634472,exact,I99464096
709,Samuel Huber,A5091016746,alias,I4210108711
857,Christoph Bock,A5059183480,exact,I4210127611
2234,Jiayin Yuan,A5045716658,exact,I161593684
3098,Thomas Hertog,A5031153449,alias,I99464096
966,Patrizio Lancellotti,A5034995895,alias,I157674565
302,Stefan Kubicek,A5084485181,exact,I4210127611
3542,Stephane Hess,A5072345703,alias,I130828816
1642,Mahmoud Tavakoli,A5059837485,alias,I76903346
2376,Wojciech Czerwiński,A5113969130,exact,I4654613
135,Lynn Vanhaecke,A5031907769,alias,I32597200
2796,Tom Breugelmans,A5060948708,exact,I149213910
418,Matthew Campbell,A5009631835,exact,I205274468
3485,Eran Halperin,A5042631896,alias,I197251160
3378,Michal Alberstein,A5061589101,exact,I13955877
1509,Horst Machguth,A5036217745,exact,I154338468
3832,Massimo Leone,A5091416153,exact,I55143463
2626,Elisa Vianello,A5046458712,exact,I2738703131
2351,Sebastien Perrier,A5014057252,alias,I39555362
2663,Ioannis Krikidis,A5080502122,alias,I34771391
1778,Thomas Zentgraf,A5051981300,alias,I206945453
1205,Nick Wierckx,A5063605485,exact,I171892758
1016,Pieter De Frenne,A5000715083,exact,I32597200
2554,Nikhil Bansal,A5008689083,exact,I83019370
957,Arthur Kaser,A5050963621,exact,I241749
2621,Romain Peretti,A5033683211,exact,I1294671590
2116,Fabio La Mantia,A5002342349,alias,I180437899
2807,Andreas Fischer,A5054687195,alias,I180437899
3078,Sune Toft,A5082903305,alias,I124055696
2193,Jesús Campos,A5015045788,exact,I134820265
800,Ben Jeurissen,A5052945963,alias,I149213910
2176,Zoltan Takats,A5048603885,alias,I47508984
2471,Ugo Dal Lago,A5084450516,alias,I9360294
960,Dan Peer,A5038855686,exact,I16391192
2911,Francois Courvoisier,A5037973920,alias,I1294671590
204,Nuria Lopez Bigas,A5057300983,alias,I4210122345
2760,Andrea Ianiro,A5043881111,exact,I50357001
2696,Albert Guillén I Fàbregas,A5005125538,exact,I170486558
3464,Eva Beaujouan,A5002714445,alias,I129774422
1454,Sascha Brune,A5089281652,alias,I4210152878
1211,Rupert Seidl,A5085506794,exact,I62916508
3460,Loes Keijsers,A5043730373,exact,I913958620
3515,Christian Borch,A5083575490,alias,I180519160
1996,Tommaso Fellin,A5032412662,alias,I30771326
488,Eva Van Rooij,A5061534140,exact,I1322597698
3546,Joerg Fingerhut,A5047374678,alias,I39343248
1920,Vincent Jacques,A5075122850,alias,I1294671590
1358,Damien Calaque,A5019993325,exact,I19894307
246,Marie-Cécile Caillaud,A5017462808,alias,I1294671590
2421,Bernhard Kainz,A5078127596,alias,I181369854
3300,Delia Ferri,A5025276430,exact,I157286207
338,Niko Geldner,A5030307663,alias,I97565354
1668,Tim Schröder,A5029645305,exact,I39343248
3602,Tim Van De Cruys,A5067470407,exact,I99464096
4140,Sonja Haustein,A5091855919,exact,I96673099
2965,Ondrej Pejcha,A5048301562,alias,I21250087
1531,Karine Sellegri,A5005650821,exact,I1294671590
897,Ayelet Erez,A5058704729,alias,I53964585
3073,Frantz Martinache,A5024494164,alias,I4210126779
519,Cécile Charrier,A5080554000,alias,I154526488
4165,Steffen Martin Fritz,A5101672464,fuzzy,I1317774081
2669,Francois Andrieu,A5104440312,alias,I2738703131
2670,Christian Ott,A5048539897,alias,I145847075
99,Stefan Raunser,A5020492463,alias,I149899117
2390,Michal Feldman,A5091422283,exact,I16391192
252,Bruno Hudry,A5018280421,alias,I1294671590
2755,Hans Kainz,A5048563631,alias,I129774422
2271,Benjamin Abécassis,A5041371528,alias,I1294671590
727,Dietmar Zehn,A5044386428,exact,I62916508
4037,Maria Rentetzi,A5085919363,alias,I181369854
768,Federico Mingozzi,A5104706711,alias,I4210127167
116,Francisco Martínez-Jiménez,A5085923029,exact,I4387155398
841,Katleen De Preter,A5034282785,exact,I2802017950
3174,Jakub Steiner,A5029973134,alias,I4210121259
2380,Rayna Dimitrova,A5059464456,exact,I4210128801
1172,Velia Siciliano,A5030631840,exact,I30771326
4000,Sireen El Zaatari,A5071063019,exact,I8087733
4056,Elisheva Baumgarten,A5110978968,alias,I197251160
3528,Christiaan Willem Simon Monden,A5110883201,alias,I40120149
946,Niel Hens,A5109739882,exact,I878454856
4176,Daniel Li Chen,A5020637369,fuzzy,I4210092408
219,Ron Milo,A5067175080,exact,I53964585
2281,Ryan Gilmour,A5055680199,exact,I22465464
3485,Eran Halperin,A5050273239,alias,I197251160
2819,Gerasimos Konstantatos,A5076482098,alias,I179630473
1445,Olivier Namur,A5108038153,exact,I99464096
360,Benoit Chassaing,A5028881892,alias,I154526488
772,Ronald Van Rij,A5011840137,exact,I145872427
3007,Silvia Galli,A5105096622,alias,I1294671590
3747,Anna Grasskamp,A5115565730,exact,I184942183
966,Patrizio Lancellotti,A5105686047,alias,I157674565
1346,Pierre Berger,A5006653195,exact,I1294671590
2414,Maud Marchal,A5104622064,alias,I28221208
204,Nuria Lopez Bigas,A5094079408,exact,I4210122345
954,Raphaël Rodriguez,A5104033734,alias,I80043
1668,Tim Schröder,A5113883170,exact,I39343248
3423,Radhika Gupta,A5101183744,exact,I121797337
3776,Nicola Carpentieri,A5074924669,exact,I138689650
1885,Juan Carlos Rojas Sanchez,A5106928968,alias,I1294671590
1860,Christian Schneider,A5101476329,exact,I129877168
1017,Matthias Fischer,A5037877028,alias,I149899117
2807,Andreas Fischer,A5012118059,exact,I180437899
105,Ayelet Erez,A5058704729,exact,I53964585
2465,Michal Feldman,A5091422283,exact,I16391192
2819,Gerasimos Konstantatos,A5076482098,exact,I179630473
4226,Ronald Van Rij,A5011840137,exact,I145872427
897,Ayelet Erez,A5058704729,exact,I53964585
2465,Michal Feldman,A5091422283,alias,I16391192
2890,Gerasimos Konstantatos,A5076482098,exact,I179630473
4226,Ronald Van Rij,A5011840137,alias,I145872427
3320,James Woodcock,A5036593639,alias,I241749
764,Eicke Latz,A5009349672,exact,I2799391451
782,Rebecca Richmond,A5072739924,alias,I36234482
3633,Birte Forstmann,A5032945266,alias,I887064364
1149,Csaba Pal,A5064280940,exact,I2800351701
2887,Carlo Spartaco Casari,A5023415731,alias,I93860229
1489,Stefano Manzoni,A5036229388,exact,I161593684
1870,Nahid Talebi,A5057562421,exact,I3133086891
855,Jingyuan Fu,A5006921045,alias,I1334415907
1920,Vincent Jacques,A5062152732,alias,I1294671590
1823,Tünde-Maria Fülöp,A5091859675,alias,I66862912
3579,Ilanit Gordon,A5049276949,alias,I13955877
2908,Isaac Boxx,A5036031568,exact,I2898391981
835,Martin O'Halloran,A5047214527,alias,I188760350
2321,Xile Hu,A5076829051,alias,I5124864
2167,Michele Ceotto,A5024054901,alias,I189158943
3899,Sylvia Monika Sasse,A5051342747,fuzzy,I202697423
2517,Albrecht Schmidt,A5062196262,exact,I8204097
2089,Peter Zijlstra,A5064494577,exact,I83019370
2536,Daniel Cremers,A5087710605,alias,I62916508
2275,Sebastian Hasenstab-Riedel,A5047652345,alias,I75951250
3522,Judi Mesman,A5086422376,exact,I121797337
2464,Jian-Jia Chen,A5040715141,alias,I200332995
4137,David Stuckler,A5071024354,exact,I71209653
2357,Ruth Maria Gschwind,A5045155782,alias,I60668342
3329,Jean-Benoit Pilet,A5036219475,exact,I132053463
2024,Dennis Kurzbach,A5034707857,exact,I129774422
1108,Gentile Francesco Ficetola,A5007433758,alias,I189158943
2610,Nikolaos Bekiaris-Liberis,A5020100534,alias,I55741626
231,Haike Antelmann,A5020611058,alias,I75951250
1145,Andrea Manica,A5006178689,alias,I241749
1141,Virpi  Annikki Lummaa,A5073396537,fuzzy,I155660961
3936,Christina Papageorgopoulou,A5035456442,exact,I147962203
3588,Michael Lombardo,A5089543470,alias,I30771326
3414,Liselot Hudders,A5028800885,exact,I32597200
3724,Giorgio Coricelli,A5107336409,exact,I193223587
272,Bert De Rybel,A5011795455,exact,I2802017950
2903,Chiara Silvia Vitale Brovarone,A5075266238,fuzzy,I177477856
4054,Guido Alfani,A5071387499,exact,I71209653
1535,Alessandro Tagliabue,A5049870717,alias,I146655781
559,Ilaria Testa,A5077962429,exact,I86987016
650,Richard Roland Benton,A5078310984,fuzzy,I97565354
918,Yaqub Hanna,A5013792306,alias,I53964585
2794,Esteban Ferrer,A5073259063,exact,I88060688
972,Giuseppe Testa,A5087706646,exact,I189158943
1907,Marco Schiro,A5006823740,alias,I1294671590
2790,Liesbet Geris,A5030220964,exact,I157674565
915,Danny David Jonigk,A5068639127,alias,I34809795
2599,Ziwei Ouyang,A5036591063,alias,I96673099
4047,Koen André G. Bostoen,A5049300726,fuzzy,I32597200
626,Jozsef Balázs Rózsa,A5000761021,alias,I4210106880
3205,Marta Reynal Querol,A5050966104,alias,I170486558
3528,Christiaan Willem Simon Monden,A5029786878,fuzzy,I40120149
2528,Bernd Erhard Finkbeiner,A5048189898,fuzzy,I4210128801
636,Mikael Jakob Simons,A5079565983,fuzzy,I62916508
1556,Alexander Nils Knohl,A5051172985,fuzzy,I74656192
383,Maria Ermolaeva,A5020945421,alias,I4210127789
1948,Fabrizio Carbone,A5030346068,exact,I5124864
3438,Maya Benish-Weisman,A5008725627,alias,I197251160
3400,Laura Taylor,A5023060764,alias,I100930933
1389,Søren Galatius,A5089158851,exact,I124055696
291,Lukas Christian Kapitein,A5025164063,fuzzy,I193662353
894,Jens Gunnar Hakan Hjerling Leffler,A5077085914,fuzzy,I28166907
3693,Amanda Gabrielle Wood,A5033274421,alias,I169199633
601,Smita Saxena,A5063666811,exact,I118564535
1427,Lennart De Groot,A5061555315,alias,I193662353
2274,David Mills,A5039618848,alias,I28407311
2441,Alexandra Martins Da Silva,A5100658822,fuzzy,I45129253
3330,Colin Mcfarlane,A5025397186,alias,I190082696
3691,Nicholas James Shea,A5079991803,alias,I124357947
1569,Benjamin John Murray,A5031447909,alias,I130828816
1885,Juan Carlos Rojas Sanchez,A5090666979,alias,I1294671590
1160,Hélène Morlon,A5084776094,alias,I1294671590
1928,Thomas Jespersen,A5084678477,alias,I96673099
2907,Guillermo Jose Rein,A5033272811,fuzzy,I47508984
1166,Abderrahman Khila,A5042880774,exact,I1294671590
1439,Zoyne Pedrero Zayas,A5057611538,alias,I1294671590
3510,Gael Georges Marcel Le Mens,A5074137374,fuzzy,I170486558
1395,Martin Vohralik,A5020083948,alias,I1326498283
360,Benoit Chassaing,A5018718565,alias,I154526488
1552,Daniel Metcalfe,A5029604628,alias,I90267481
1780,Alexandre Obertelli,A5075753843,alias,I31512782
599,Susana Lima,A5063057508,fuzzy,I113358080
1586,Giulio Di Toro,A5058567673,alias,I138689650
306,Ana Martin-Villalba,A5003387515,alias,I17937529
1278,Mark Howarth,A5012100815,exact,I40120149
2609,Marian Verhelst,A5012150553,exact,I99464096
1485,Frederic Moynier,A5036994564,alias,I148261361
3573,Scott Cairney,A5071690413,alias,I52099693
2659,Sarah Benchabane,A5059926620,exact,I1294671590
744,Adrian Liston,A5082974246,alias,I1302113299
1529,Francesca Pellicciotti,A5040884723,alias,I2800262456
1734,Claudia Nones,A5109271736,alias,I2738703131
3490,Isto Huvila,A5085072172,alias,I123387679
3705,Michela Massimi,A5036505806,exact,I98677209
1665,Christoph Heyl,A5090203580,alias,I2801876189
1678,Valentina Sola,A5106315727,alias,I55143463
1895,Mathias Weiler,A5033325689,alias,I153267046
3585,Radoslaw Martin Cichy,A5089543782,alias,I75951250
661,Daniel Andreas Huber,A5049462145,fuzzy,I114457229
100,Niels Mailand,A5063679562,exact,I124055696
766,Eran Elinav,A5082822020,alias,I53964585
671,Matthieu Mahevas,A5031127153,exact,I197681013
553,Juliette Godin,A5074345717,alias,I154526488
2547,Anders Møller,A5039382493,alias,I204337017
3342,Caspar Gerard Chorus,A5072975158,fuzzy,I98358874
3348,Eva Kristine Østergaard-Nielsen,A5065419522,alias,I123044942
3795,Uri Gabbay,A5088101427,exact,I197251160
990,Erin Saupe,A5022428558,alias,I40120149
3272,Orna Rabinovich-Einy,A5021041220,exact,I91203450
1114,Yin Chen,A5046212412,exact,I39555362
3318,Eoin Carolan,A5102849467,exact,I100930933
3317,Niels Petersen,A5109924009,alias,I22465464
798,Michael White,A5056258333,alias,I157536573
57,David Drew,A5056582003,exact,I161593684
449,Annemiek Van Spriel,A5042252674,alias,I2802934949
273,Anna Kostadinova Kicheva,A5082395135,fuzzy,I157556583
2973,Joao Manuel Do Carmo Fialho Mendonca,A5005701508,fuzzy,I96673099
3530,Michele Graziano Ceddia,A5071351712,exact,I118564535
1706,Elli Pomoni,A5052712877,alias,I2801876189
1074,Aris Katzourakis,A5058450513,alias,I40120149
1650,Jordy De Vries,A5039841302,exact,I887064364
190,Romain Koszul,A5045736877,alias,I157536573
2431,Juergen Gall,A5012240246,alias,I135140700
429,Yuval Rinkevich,A5027977934,alias,I3018134672
1196,Jochem Verrelst,A5079448372,alias,I16097986
71,Stephan Gruber,A5007805763,alias,I97565354
3614,Valentina Bambini,A5031747764,exact,I2800920820
2202,Ruth Pérez Fernández,A5027704086,exact,I134820265
4105,Simon Scheider,A5031790635,alias,I193662353
1135,Nathalie Balaban,A5015455656,alias,I197251160
2835,Nicolas Boscher,A5049708445,alias,I4210112527
727,Dietmar Zehn,A5016497210,exact,I62916508
63,Hans Heugh Wandall,A5028540597,alias,I124055696
1009,Stefanie Muff,A5025165097,alias,I204778367
3891,Gesine Ulrike Müller,A5006102966,fuzzy,I180923762
375,Nicolas Gaudenzio,A5003492206,alias,I154526488
4060,Corinna Rossi,A5072210157,alias,I93860229
2938,Paula Maria Da Silva Mendes,A5082703612,alias,I79619799
1251,Christa Sylvie Testerink,A5029582021,fuzzy,I913481162
402,Reinier Boon,A5016611690,alias,I911458345
3133,Antonio Penta,A5000575461,exact,I170486558
1320,Hendrik Weber,A5001883810,alias,I22465464
1575,Roland Von Glasow,A5075995207,alias,I1118541
1737,Pierre Brun,A5104062094,alias,I2738703131
1253,Steffen Klamt,A5080707502,exact,I149899117
3752,Bernhard Bauer,A5074804368,alias,I15766117
1263,Emma Rusi Master,A5046367806,fuzzy,I9927081
318,Brian Marc Stramer,A5027559739,alias,I183935753
917,Andrea Bertotti,A5031287599,alias,I55143463
1290,Katharina Schratz,A5027189972,exact,I39804081
1078,Lena Wilfert,A5003534307,alias,I196349391
1868,Martin Setvin,A5091049707,alias,I21250087
2628,Larysa Baraban,A5067493852,alias,I2801798921
3816,Nadine Akkerman,A5087671297,alias,I121797337
1218,Chase Lawrence Beisel,A5053601159,alias,I4210124929
1315,Lauri Oksanen,A5044437642,exact,I133731052
399,Camilla Charlotte Scheele,A5086814581,fuzzy,I124055696
1094,Colin Russell,A5009802857,alias,I2802928900
1183,Clemens Mayer,A5023576125,exact,I169381384
1204,Rosa Lozano-Duran,A5031066862,exact,I8087733
569,Megan Rose Carey,A5045839083,fuzzy,I113358080
1881,Moshe Ben Shalom,A5088836116,alias,I16391192
144,Marzena Magda Bienko,A5008912701,alias,I4210115812
596,Michael Brian Orger,A5066413155,fuzzy,I113358080
4016,Felicitas Maria Becker,A5043954221,alias,I32597200
1992,Jan Kunes,A5026526510,alias,I145847075
652,Nikolaus Weiskopf,A5024555751,alias,I149899117
843,Jan Kirschke,A5112890815,fuzzy,I2802619606
1197,Marta Martinez Sanz,A5008855386,exact,I134820265
1792,Barbara Terhal,A5058819109,alias,I98358874
157,Tim Nicolai Siegel,A5011945733,alias,I8204097
1994,Christian Peter Hess,A5101849481,fuzzy,I3018417779
84,Helen Walden,A5055937619,alias,I7882870
1996,Tommaso Fellin,A5108097130,alias,I30771326
1586,Giulio Di Toro,A5063805963,alias,I138689650
2227,Guillaume Berionni,A5067185409,alias,I149768937
924,Mikko Olavi Niemi,A5104778565,fuzzy,I133731052
4029,Michal Frankl,A5017358160,alias,I4210134641
730,Susanne Christiane Haeussler,A5035082532,fuzzy,I4210124929
3874,Livia Holden,A5080897680,alias,I1294671590
4014,Maria Ivanova-Bieg,A5101546408,alias,I129774422
3535,Hein Gysbert De Haas,A5001239700,fuzzy,I887064364
1110,Joseph Schacherer,A5111031481,alias,I68947357
1664,Franz Herzog,A5054539660,alias,I98677209
210,Kevin Joan Verstrepen,A5080156795,alias,I2802017950
1475,Faysal Bibi,A5087240553,alias,I1313606977
325,Rita Helene Groß-Hardt,A5074098149,fuzzy,I180437899
3554,Ryszard Auksztulewicz,A5026508978,alias,I34352273
2502,Yanlei Diao,A5109548832,alias,I142476485
1493,Ana Godinho Ferreira,A5081621027,fuzzy,I45129253
245,Saskia Suijkerbuijk,A5078011098,alias,I193662353
3050,Pierre Beck,A5083313564,alias,I899635006
4048,Jordi Tejel Gorgas,A5003976682,alias,I57825437
2546,Anna-Leena Korhonen,A5040854564,exact,I241749
3568,Strijkers Kristof,A5105024642,alias,I1294671590
232,Rosemary Elizabeth Kiernan,A5002801126,fuzzy,I1294671590
457,Julien Jean-Louis Marie Vermot,A5016295444,fuzzy,I47508984
3392,Edward Simpson,A5014673352,exact,I31575130
534,Maximilian Albert Jösch,A5110943159,fuzzy,I157556583
1973,Christian Reinhard Ast,A5110727888,fuzzy,I149899117
552,Gaia Novarino,A5092176080,alias,I157556583
2432,Gil Segev,A5058442825,alias,I197251160
804,Thomas Grünewald,A5114188055,fuzzy,I17937529
3146,Filip Matějka,A5033652389,alias,I4210121259
581,David Keays,A5015783800,alias,I8204097
360,Benoit Chassaing,A5108173673,alias,I154526488
746,Bruno Miguel De Carvalho E Silva Santos,A5090468604,fuzzy,I141596103
655,Rui Manuel Marques Fernandes Da Costa,A5101430063,fuzzy,I113358080
2217,Laura Hartmann,A5089884023,alias,I161046081
2267,Elena Goun,A5087614985,alias,I4392738145
283,Patrick Müller,A5077931913,exact,I189712700
2277,Rafal Klajn,A5050537578,alias,I53964585
3320,James Woodcock,A5006626759,alias,I241749
2223,François Guérard,A5113259762,alias,I1294671590
3439,Valentina Bonifacio,A5014487385,exact,I149461666
2134,Martin Ivar Högbom,A5097355089,fuzzy,I161593684
708,Doron Merkler,A5107957900,exact,I114457229
3497,Helga De Valk,A5103954271,alias,I1322597698
2456,Stefan Schmid,A5042442907,alias,I4577782
863,Lena Maier-Hein,A5000135359,alias,I17937529
1304,Gabor Szabo,A5107440055,exact,I99464096
1641,Feng Gao,A5101862829,exact,I102134673
2720,Bernd Rieger,A5096935736,alias,I98358874
4013,Abdurrahman Atçil,A5036724657,alias,I134235054
3497,Helga De Valk,A5005439744,alias,I1322597698
3252,Jorge Fernandes,A5035094477,alias,I134820265
574,Camilla Bellone,A5069396485,exact,I114457229
585,Jan Siemens,A5012227593,exact,I2802164966
1240,Miina Alina Rautiainen,A5003859529,fuzzy,I9927081
1094,Colin Russell,A5043288289,alias,I2802928900
3730,Peter Webb,A5080240323,exact,I121797337
9,Thomas Sharp,A5105870158,fuzzy,I36234482
3064,Emilia Kilpua,A5104187613,fuzzy,I133731052
1419,Emma Järvinen,A5025864552,exact,I167360494
3342,Caspar Gerard Chorus,A5112855701,alias,I98358874
30,Elodie Laine,A5037904264,exact,I39804081
2864,Francesco Scotognella,A5104157654,alias,I177477856
3069,Sarah Louise Bridle,A5103604379,fuzzy,I28407311
3320,James Woodcock,A5036593639,exact,I241749
764,Eicke Latz,A5009349672,alias,I2799391451
1149,Csaba Pal,A5064280940,alias,I2800351701
1489,Stefano Manzoni,A5036229388,alias,I161593684
1870,Nahid Talebi,A5057562421,alias,I3133086891
855,Jingyuan Fu,A5006921045,exact,I1334415907
3579,Ilanit Gordon,A5049276949,exact,I13955877
2908,Isaac Boxx,A5036031568,alias,I2898391981
2321,Xile Hu,A5076829051,exact,I5124864
2167,Michele Ceotto,A5024054901,exact,I189158943
4175,Sylvia Monika Sasse,A5051342747,fuzzy,I202697423
2517,Albrecht Schmidt,A5062196262,alias,I8204097
2089,Peter Zijlstra,A5064494577,alias,I83019370
2536,Daniel Cremers,A5087710605,exact,I62916508
3522,Judi Mesman,A5086422376,alias,I121797337
4137,David Stuckler,A5071024354,alias,I71209653
3329,Jean-Benoit Pilet,A5036219475,alias,I132053463
2024,Dennis Kurzbach,A5034707857,alias,I129774422
2610,Nikolaos Bekiaris-Liberis,A5020100534,exact,I55741626
231,Haike Antelmann,A5020611058,exact,I75951250
1145,Andrea Manica,A5006178689,exact,I241749
3936,Christina Papageorgopoulou,A5035456442,alias,I147962203
3588,Michael Lombardo,A5089543470,exact,I30771326
3414,Liselot Hudders,A5028800885,alias,I32597200
3724,Giorgio Coricelli,A5107336409,alias,I193223587
272,Bert De Rybel,A5011795455,alias,I2802017950
4054,Guido Alfani,A5071387499,alias,I71209653
1535,Alessandro Tagliabue,A5049870717,exact,I146655781
559,Ilaria Testa,A5077962429,alias,I86987016
4231,Richard Roland Benton,A5078310984,fuzzy,I97565354
1195,Yaqub Hanna,A5013792306,alias,I53964585
2794,Esteban Ferrer,A5073259063,alias,I88060688
972,Giuseppe Testa,A5087706646,alias,I189158943
1907,Marco Schiro,A5006823740,exact,I1294671590
2790,Liesbet Geris,A5030220964,alias,I157674565
2599,Ziwei Ouyang,A5036591063,exact,I96673099
3205,Marta Reynal Querol,A5050966104,exact,I170486558
383,Maria Ermolaeva,A5020945421,exact,I4210127789
1948,Fabrizio Carbone,A5030346068,alias,I5124864
3438,Maya Benish-Weisman,A5008725627,exact,I197251160
1389,Søren Galatius,A5089158851,alias,I124055696
601,Smita Saxena,A5063666811,alias,I118564535
3330,Colin Mcfarlane,A5025397186,exact,I190082696
1160,Hélène Morlon,A5084776094,exact,I1294671590
1166,Abderrahman Khila,A5042880774,alias,I1294671590
360,Benoit Chassaing,A5018718565,exact,I154526488
1586,Giulio Di Toro,A5058567673,exact,I138689650
306,Ana Martin-Villalba,A5003387515,exact,I17937529
1278,Mark Howarth,A5012100815,alias,I40120149
2609,Marian Verhelst,A5012150553,alias,I99464096
1485,Frederic Moynier,A5036994564,exact,I148261361
2659,Sarah Benchabane,A5059926620,alias,I1294671590
744,Adrian Liston,A5082974246,exact,I1302113299
1529,Francesca Pellicciotti,A5040884723,exact,I2800262456
3490,Isto Huvila,A5085072172,exact,I123387679
3705,Michela Massimi,A5036505806,alias,I98677209
1895,Mathias Weiler,A5033325689,exact,I153267046
4238,Daniel Andreas Huber,A5049462145,fuzzy,I114457229
100,Niels Mailand,A5063679562,alias,I124055696
712,Eran Elinav,A5082822020,exact,I53964585
671,Matthieu Mahevas,A5031127153,alias,I197681013
3272,Orna Rabinovich-Einy,A5021041220,alias,I91203450
1114,Yin Chen,A5046212412,alias,I39555362
3318,Eoin Carolan,A5102849467,alias,I100930933
3317,Niels Petersen,A5109924009,exact,I22465464
798,Michael White,A5056258333,exact,I157536573
57,David Drew,A5056582003,alias,I161593684
3530,Michele Graziano Ceddia,A5071351712,alias,I118564535
1706,Elli Pomoni,A5052712877,exact,I2801876189
1074,Aris Katzourakis,A5058450513,exact,I40120149
1650,Jordy De Vries,A5039841302,alias,I887064364
190,Romain Koszul,A5045736877,exact,I157536573
2431,Juergen Gall,A5012240246,exact,I135140700
429,Yuval Rinkevich,A5027977934,exact,I3018134672
1196,Jochem Verrelst,A5079448372,exact,I16097986
71,Stephan Gruber,A5007805763,exact,I97565354
3614,Valentina Bambini,A5031747764,alias,I2800920820
2202,Ruth Pérez Fernández,A5027704086,alias,I134820265
4105,Simon Scheider,A5031790635,exact,I193662353
727,Dietmar Zehn,A5016497210,alias,I62916508
1009,Stefanie Muff,A5025165097,exact,I204778367
375,Nicolas Gaudenzio,A5003492206,exact,I154526488
4060,Corinna Rossi,A5072210157,exact,I93860229
3133,Antonio Penta,A5000575461,alias,I170486558
1320,Hendrik Weber,A5001883810,exact,I22465464
1737,Pierre Brun,A5104062094,exact,I2738703131
1253,Steffen Klamt,A5080707502,alias,I149899117
3752,Bernhard Bauer,A5074804368,exact,I15766117
917,Andrea Bertotti,A5031287599,exact,I55143463
1290,Katharina Schratz,A5027189972,alias,I39804081
1078,Lena Wilfert,A5003534307,exact,I196349391
1868,Martin Setvin,A5091049707,exact,I21250087
2628,Larysa Baraban,A5067493852,exact,I2801798921
3816,Nadine Akkerman,A5087671297,exact,I121797337
1315,Lauri Oksanen,A5044437642,alias,I133731052
1183,Clemens Mayer,A5023576125,alias,I169381384
1204,Rosa Lozano-Duran,A5031066862,alias,I8087733
652,Nikolaus Weiskopf,A5024555751,exact,I149899117
1197,Marta Martinez Sanz,A5008855386,alias,I134820265
84,Helen Walden,A5055937619,exact,I7882870
1996,Tommaso Fellin,A5108097130,exact,I30771326
2227,Guillaume Berionni,A5067185409,exact,I149768937
4029,Michal Frankl,A5017358160,exact,I4210134641
3874,Livia Holden,A5080897680,exact,I1294671590
1110,Joseph Schacherer,A5111031481,exact,I68947357
1664,Franz Herzog,A5054539660,exact,I98677209
1475,Faysal Bibi,A5087240553,exact,I1313606977
3554,Ryszard Auksztulewicz,A5026508978,exact,I34352273
2502,Yanlei Diao,A5109548832,exact,I142476485
2546,Anna-Leena Korhonen,A5040854564,alias,I241749
4223,Rosemary Elizabeth Kiernan,A5002801126,fuzzy,I1294671590
3392,Edward Simpson,A5014673352,alias,I31575130
552,Gaia Novarino,A5092176080,exact,I157556583
3146,Filip Matějka,A5033652389,exact,I4210121259
360,Benoit Chassaing,A5108173673,exact,I154526488
4216,Rui Manuel Marques Fernandes Da Costa,A5101430063,fuzzy,I113358080
2217,Laura Hartmann,A5089884023,exact,I161046081
283,Patrick Müller,A5077931913,alias,I189712700
2277,Rafal Klajn,A5050537578,exact,I53964585
2223,François Guérard,A5113259762,exact,I1294671590
3439,Valentina Bonifacio,A5014487385,alias,I149461666
708,Doron Merkler,A5107957900,alias,I114457229
3497,Helga De Valk,A5103954271,exact,I1322597698
2456,Stefan Schmid,A5042442907,exact,I4577782
863,Lena Maier-Hein,A5000135359,exact,I17937529
1304,Gabor Szabo,A5107440055,alias,I99464096
1641,Feng Gao,A5101862829,alias,I102134673
574,Camilla Bellone,A5069396485,alias,I114457229
585,Jan Siemens,A5012227593,alias,I2802164966
3730,Peter Webb,A5080240323,alias,I121797337
1419,Emma Järvinen,A5025864552,alias,I167360494
3342,Caspar Gerard Chorus,A5112855701,exact,I98358874
30,Elodie Laine,A5037904264,alias,I39804081
2873,Liesbet Laura J Geris,A5030220964,fuzzy,I157674565
766,Eran Elinav,A5082822020,exact,I53964585
712,Eran Elinav,A5082822020,alias,I53964585
