Programme,Acronym,Project Title,Abstract,Researcher(s),Host Institution(s),Country,Region,Project Number,Call,Grant Type,Domain,Panel,Call Year,Start Date,End Date,EU contribution,CORDIS Link
Horizon 2020,NascenTomiX,Ribosome inhibition by nascent or antimicrobial peptides,"During the translation of genetic information into protein by the ribosome, nascent peptides occasionally inhibit their own synthesis by interacting with the exit tunnel of the large ribosomal subunit. Known as nascent chain-mediated translational arrest, this process depends primarily upon the amino acid sequence of the arrest peptide. However, it can also rely upon the sensing of a low molecular weight ligand by the ribosome nascent chain complex, explaining its use for metabolite-dependent gene regulation in both bacteria and eukaryotes. Biochemical and structural studies of arrest peptides have yielded key insights into their mode of action, but their ability to sense different types of small molecules, their impact as regulators of gene expression in nature and the precise molecular details behind the arrest process are still largely unexplored.
The groundbreaking aim of this ERC Consolidator research program is to decipher the arrest code governing nascent chain-mediated translational arrest in bacteria. My approach will be based on a technique recently developed in my group, referred to here as inverse toeprinting, which precisely maps the position of an arrested ribosome nascent chain complex on the mRNA while retaining the entire peptide-coding region up to the point of stalling.

The overall aim will be achieved through four complementary objectives: (i) to assess the extent to which arrest peptides can act as small molecule sensors; (ii) to identify naturally occurring arrest peptides in bacteria; (iii) to develop trans-inhibitory peptides that target the ribosome; and (iv) to perform the structural characterization of new ribosome inhibitory peptides.

By addressing the natural diversity and molecular bases of the arrest process, this project will be the key to understanding a unique form of gene regulation and a fundamental aspect of ribosome function. It will also provide a handle for designing next-generation antibiotics.

",Cristobal Axel Innis,"National Institute of Health and Medical Research (INSERM) [999997833,FR]",France,Ile-de-France (FR1),724040,ERC-2016-COG,Consolidator Grants,Life Sciences (LS),"LS1 - Molecules of Life: Biological Mechanisms, Structures & Functions",2016,2017-06-01 00:00:00,2023-05-31 00:00:00,1999125,https://cordis.europa.eu/project/id/724040
Horizon 2020,CRISPRsition,Developing CRISPR adaptation platforms for basic and applied research,"The CRISPR-Cas system has been extensively studied for its ability to cleave DNA. In contrast, studies of the ability of the system to acquire and integrate new DNA from invaders as a form of prokaryotic adaptive immunity, have lagged behind. This delay reflects the extreme enthusiasm surrounding the potential of using the system’s cleavage capabilities as a genome editing tool. However, the enormous potential of the adaptation process can and should arouse a similar degree of enthusiasm. My lab has pioneered studies on the CRISPR adaptation process by establishing new methodologies, and applying them to demonstrate the essential role of the proteins and DNA elements, as well as the molecular mechanisms, operating in this process. In this project, I will establish novel platforms for studying adaptation and develop them into biotechnological applications and research tools. These tools will allow me to identify the first natural and synthetic inhibitors of the adaptation process. This, in turn, will provide genetic tools to control adaptation, as well as advance the understanding of the arms race between bacteria and their invaders. I will also harness the adaptation process as a platform for diversifying genetic elements for phage display, and for extending phage recognition of a wide range of hosts. Lastly, I will provide the first evidence for an association between the CRISPR adaptation system and gene repression. This linkage will form the basis of a molecular scanner and recorder platform that I will develop and that can be used to identify crucial genetic elements in phage genomes as well as novel regulatory circuits in the bacterial genome. Together, my findings will represent a considerable leap in the understanding of CRISPR adaptation with respect to the process, potential applications, and the intriguing evolutionary significance.",Ehud Itzhak Qimron,"Tel Aviv University [999901609,IL]",Israel,-,818878,ERC-2018-COG,Consolidator Grants,Life Sciences (LS),LS2 - Integrative Biology: From Genes & Genomes to Systems,2018,2019-12-01 00:00:00,2026-11-30 00:00:00,2000000,https://cordis.europa.eu/project/id/818878
Horizon 2020,3D-REPAIR,Spatial organization of DNA repair within the nucleus,"Faithful repair of double stranded DNA breaks (DSBs) is essential, as they are at the origin of genome instability, chromosomal translocations and cancer. Cells repair DSBs through different pathways, which can be faithful or mutagenic, and the balance between them at a given locus must be tightly regulated to preserve genome integrity. Although, much is known about DSB repair factors, how the choice between pathways is controlled within the nuclear environment is not understood. We have shown that nuclear architecture and non-random genome organization determine the frequency of chromosomal translocations and that pathway choice is dictated by the spatial organization of DNA in the nucleus. Nevertheless, what determines which pathway is activated in response to DSBs at specific genomic locations is not understood. Furthermore, the impact of 3D-genome folding on the kinetics and efficiency of DSB repair is completely unknown.
Here we aim to understand how nuclear compartmentalization, chromatin structure and genome organization impact on the efficiency of detection, signaling and repair of DSBs. We will unravel what determines the DNA repair specificity within distinct nuclear compartments using protein tethering, promiscuous biotinylation and quantitative proteomics. We will determine how DNA repair is orchestrated at different heterochromatin structures using a CRISPR/Cas9-based system that allows, for the first time robust induction of DSBs at specific heterochromatin compartments. Finally, we will investigate the role of 3D-genome folding in the kinetics of DNA repair and pathway choice using single nucleotide resolution DSB-mapping coupled to 3D-topological maps.
This proposal has significant implications for understanding the mechanisms controlling DNA repair within the nuclear environment and will reveal the regions of the genome that are susceptible to genomic instability and help us understand why certain mutations and translocations are recurrent in cancer",Evanthia Soutoglou,"University of Sussex [999852721,UK]",United Kingdom,-,682939,ERC-2015-COG,Consolidator Grants,Life Sciences (LS),LS2 - Integrative Biology: From Genes & Genomes to Systems,2015,2017-03-01 00:00:00,2022-04-30 00:00:00,1999750,https://cordis.europa.eu/project/id/682939
Horizon 2020,IdrSeq,Discovery and characterization of functional disordered regions and the genes involved in their regulation through next generation sequencing,"A large fraction of any eukaryotic genome (>40%) encodes protein segments that do not adopt a defined tertiary structure. These proteins or regions are called intrinsically disordered proteins/regions (IDPs/IDRs). IDRs are enriched in critical functions such as transcription and signaling, and have been linked with numerous diseases including neurodegeneration and cancer. In contrast to structured regions, the molecular principles behind the sequence-function relationship of IDRs remain poorly understood.

We propose to identify functional IDRs and discover genes that regulate their function using yeast as a cellular model. We will develop and apply a targeted, high-throughput approach called IdrSeq. This technology exploits next generation sequencing to simultaneously assay vast libraries of sequences (~millions) that code for IDRs by coupling IDR sequence (genotype) to a selectable function (phenotype) and identifying functional variants through a selection experiment. 

Specifically, using IdrSeq, we aim to identify and characterize IDRs in a cellular context that can
(Aim 1) activate transcription, and discover genes that regulate IDR mediated transcription 
(Aim 2) influence protein stability, and discover genes that regulate IDR mediated half-life
(Aim 3) form higher-order assemblies and discover genes that regulate assembly formation 

The unique feature of this proposal is its integrative vision of synthetic & systems biology, structural biology, cell biology, genetics, experiments and computation to establish a discovery platform to study IDRs in a cellular context. Since IdrSeq is modular and scalable, it can be readily extended to investigate a broad range of IDR functions, and adapted to other organisms. Elucidating the principles of sequence-function-gene relationship of IDRs holds enormous potential for synthetic biology. The discovery of genes that regulate IDR function has direct implications for human health by revealing novel therapeutic targets.",Madanbabu Mohan,"United Kingdom Research and Innovation [906446474,UK]",United Kingdom,-,682414,ERC-2015-COG,Consolidator Grants,Life Sciences (LS),LS2 - Integrative Biology: From Genes & Genomes to Systems,2015,2016-05-01 00:00:00,2021-04-30 00:00:00,1998126,https://cordis.europa.eu/project/id/682414
Horizon 2020,Allelic Regulation,"Revealing Allele-level Regulation and Dynamics using Single-cell Gene Expression Analyses
","As diploid organisms inherit one gene copy from each parent, a gene can be expressed from both alleles (biallelic) or from only one allele (monoallelic). Although transcription from both alleles is detected for most genes in cell population experiments, little is known about allele-specific expression in single cells and its phenotypic consequences. To answer fundamental questions about allelic transcription heterogeneity in single cells, this research program will focus on single-cell transcriptome analyses with allelic-origin resolution. To this end, we will investigate both clonally stable and dynamic random monoallelic expression across a large number of cell types, including cells from embryonic and adult stages. This research program will be accomplished with the novel single-cell RNA-seq method developed within my lab to obtain quantitative, genome-wide gene expression measurement. To distinguish between mitotically stable and dynamic patterns of allelic expression, we will analyze large numbers a clonally related cells per cell type, from both primary cultures (in vitro) and using transgenic models to obtain clonally related cells in vivo._x000D__x000D_The biological significance of the research program is first an understanding of allelic transcription, including the nature and extent of random monoallelic expression across in vivo tissues and cell types. These novel insights into allelic transcription will be important for an improved understanding of how variable phenotypes (e.g. incomplete penetrance and variable expressivity) can arise in genetically identical individuals. Additionally, the single-cell transcriptome analyses of clonally related cells in vivo will provide unique insights into the clonality of gene expression per se.",Thore Rickard Hakan Sandberg,"Karolinska Institute [999978530,SE]",Sweden,Östra Sverige (SE1),648842,ERC-2014-COG,Consolidator Grants,Life Sciences (LS),LS2 - Integrative Biology: From Genes & Genomes to Systems,2014,2015-07-01 00:00:00,2020-12-31 00:00:00,1923060,https://cordis.europa.eu/project/id/648842
FP7,SysPharmAD,A systems pharmacology approach to the discovery of novel therapeutics in Alzheimer´s disease,"Alzheimer´s disease (AD) is the most common form of dementia, with over 35 million people suffering from it worldwide, and it constitutes a personal and societal tragedy of immense proportions. Fifty years of intense research have revealed many key elements of the biology of this neurodegenerative disorder. However, our understanding of the molecular bases of the disease is still very limited, and the available medical treatments for AD are purely symptomatic and hardly effective. It is now clear that the modulation of a single target is unlikely to yield the desired outcome, and we should move from gene-centric to network-centric therapeutic strategies. In addition, we should focus on early (asymptomatic) phases of AD, before the brain damage is irreversible, and the identification of molecular biomarkers to monitor the response of patients is paramount._x000D__x000D_Accordingly, the main objective of our proposal is the identification of novel biomarkers in AD to monitor the onset and progression of the pathology from very early stages, and to discover combinations of drug targets and chemical compounds able to modify the biology of the disease. We will first run proteomics and transcriptomics experiments, in AD mouse models, to reveal the organization of proteins and genes that are up- or down-regulated at different ages and AD stages, and their potential translocation into/out of mitochondria. We will then construct the AD-associated network, incorporating clinical data, which we will use as a framework for the integration and analyses of the –omics data collected. We will transform the static data snapshots, corresponding to the different AD stages, into a dynamic model able to explain the progression of the disease, providing hints as to the best strategies to monitor and modulate AD evolution. We will finally design and validate a systems pharmacology strategy, based on concerted multi-target perturbations with small molecules, to modify the biology of the disease.",Patricio Aloy Calaf,"Institute for Research in Biomedicine Barcelona [999541836,ES]",Spain,Este (ES5),614944,ERC-2013-COG,Consolidator Grants,Life Sciences (LS),LS2 - Integrative Biology: From Genes & Genomes to Systems,2013,2014-04-01 00:00:00,2019-09-30 00:00:00,1296000,https://cordis.europa.eu/project/id/614944
Horizon Europe,MECHANOJAS,Unravelling biophysical signals governing phytohormone production and plant acclimation,"Both animals and plants produce potently active mediators in response to tissue injury. These oxygenated lipid derivatives include leukotrienes and prostaglandins in animals, and jasmonates (JAs) in plants with JA-Ile serving as the bioactive phytohormone in angiosperms. JAs are synthesized from poly unsaturated fatty acids residing in plant-specific plastidial membranes, and are essential to protect plants against numerous biotic and abiotic challenges including insect herbivory and temperature extremes. Despite the vital roles of JAs in sustaining plant fitness and although JA-Ile biosynthesis and signalling are well characterized, it is still unknown how are damage signals transmitted to plastids to initiate phytohormone production and what is the nature of the transmitted signal(s). Our previous work in Arabidopsis uncovered that osmotically-induced turgor pressure changes elicit JA-Ile biosynthesis. We hence hypothesise that JA-Ile biosynthesis initiation may result from the transmission of mechanical signals through tissues and cell compartments leading to biophysical changes of plastidial membranes granting substrate accessibility to JA biosynthesis enzymes. To address these central questions in plant biology we aim to:

1. Quantify the mechanical forces and osmotic pressure changes required to induce JA biosynthesis
2. Characterize cellular events that transduce mechanical and osmotic stress signals to plastids for JA-Ile precursor production 
3. Alter plastidial biophysical parameters and study the consequences on JA-Ile precursor production 
4. Identify genetic components involved in sensing and decoding biophysical stimuli for JA-Ile production

This proposal thus intends to fill a critical gap in knowledge on stress phytohormone biology regulating plant acclimation and, concomitantly, expand our understanding on fundamental aspects of plant mechano- and osmo-sensing.
",Dr. Debora Gasperini,"Leibniz Institute of Plant Biochemistry [997593688,DE]",Germany,Sachsen-Anhalt (DEE),101088876,ERC-2022-COG,Consolidator Grants,Life Sciences (LS),"LS3 - Cellular, Developmental & Regenerative Biology",2022,2023-07-01 00:00:00,2028-06-30 00:00:00,1984565,https://cordis.europa.eu/project/id/101088876
Horizon Europe,REG_ORGatSCALE,Mechanisms of liver regeneration and disease across scales; from molecules to cells and tissue,"Despite recent advances, the principles that regulate liver regeneration and how their deregulation leads to disease remain largely unknown. The main goal of this application is to uncover molecular and cellular principles that govern liver regeneration and disease and exploit this knowledge to develop more complex multicellular organoid systems capable of reconstructing liver tissue in a dish. We will adopt a multi-scale (from molecule to tissue), and multidisciplinary approach, addressing the interplay between cell-intrinsic and cell-extrinsic mechanisms in damage paradigms that result in repair vs disease.

In Aim 1 we will identify the genomic loci (e.g. Transcription factors, signalling pathways or epigenetic regulators) involved in regeneration and disease, to gain a systems-level understanding of the gene regulatory mechanisms driving liver regeneration and disease. 

In Aim 2 we will investigate the biochemical signals mediated through cell-cell interactions between ductal cells and mesenchymal, to gain mechanistic understanding on how epithelial – mesenchymal cellular interactions regulate regeneration and their role in disease, particularly fibrosis.

In Aim 3 we will build complex multicellular organoids to reconstruct the liver lobule cellular interactions and architecture.

An in-depth understanding of the molecular and cellular mechanisms driving tissue regeneration and their deregulation in disease holds the potential to uncover new principles of liver biology. The generation of complex multicellular organoids that recapitulate liver cellular interactions and architecture will provide valuable tools for future mechanistic studies aiming at investigating molecular and cellular principles of tissue maintenance, repair and disease. Transferring these to human tissues will facilitate future studies addressing the long-standing question as to which principles of repair are conserved in humans and which are human specific.
",Meritxell Huch Ortega,"Max Planck Society [999990267,DE]",Germany,Bayern (DE2),101088869,ERC-2022-COG,Consolidator Grants,Life Sciences (LS),"LS3 - Cellular, Developmental & Regenerative Biology",2022,2023-05-01 00:00:00,2028-04-30 00:00:00,1999980,https://cordis.europa.eu/project/id/101088869
Horizon 2020,GPSorganoids,Generation of Position Specific organoids to study human neuromuscular system development and disease,"Locomotion results from the interaction between muscles and the nervous system. Dysfunction of such cells results in deadly diseases such as spinal muscular atrophy (SMA) and amyotrophic lateral sclerosis (ALS). These diseases often show regional selectivity but the underlying reasons remain obscure due to the lack of a suitable model system.  In previous work of my laboratory, we established a 3D neuromuscular organoid (NMO) model that allows the simultaneous generation of spinal cord neurons and skeletal muscle cells from human pluripotent stem cells (hPSCs) through a bipotent neuromesodermal progenitor (NMP). NMPs, located in the posterior part of the embryo, are driving axial elongation and coordinated growth of the trunk neuromuscular system. We coaxed hPSC derived NMPs to develop into neuromuscular organoids that form functional neuromuscular junctions supported by the presence of terminal Schwann cells and central pattern generator-like circuits. Thus, we are in the unique position to study in an organoid model the regulatory mechanisms involved in the formation and maintenance of the human neuromuscular system, and the disruption of these mechanisms in diseases. We will (i) identify the molecular requirements for the Generation of Position Specific (GPS) organoids representing distinct spinal cord segments, (ii) use NMOs to model and study ALS and SMA including the establishment of a drug screening platform and (iii) assemble hPSC-derived cerebral organoids and NMOs to include in the model human corticospinal tracts. In the long term, the information gained will have important implications for understanding and eventually treating neuromuscular diseases.",Asimina Gkouti,"Max Delbrueck Center for Molecular Medicine [999990461,DE]",Germany,Berlin (DE3),101002689,ERC-2020-COG,Consolidator Grants,Life Sciences (LS),"LS3 - Cellular, Developmental & Regenerative Biology",2020,2022-01-01 00:00:00,2026-12-31 00:00:00,2799375,https://cordis.europa.eu/project/id/101002689
Horizon 2020,CELLFUSION,Molecular dissection of the mechanisms of cell-cell fusion in the fission yeast,"Cell fusion is critical for fertilization and development, for instance underlying muscle or bone formation. Cell fusion may also play important roles in regeneration and cancer. A conceptual understanding is emerging that cell fusion requires cell-cell communication, polarization of the cells towards each other, and assembly of a fusion machinery, in which an actin-based structure promotes membrane juxtaposition and fusogenic factors drive membrane fusion. However, in no single system have the molecular nature of all these parts been described, and thus the molecular basis of cell fusion remains poorly understood. 

This proposal aims to depict the complete fusion process in a single organism, using the simple yeast model Schizosaccharomyces pombe, which has a long track record of discoveries in fundamental cellular processes. These haploid cells, which fuse to generate a diploid zygote, use highly conserved mechanisms of cell-cell communication (through pheromones and GPCR signaling), cell polarization (centred around the small GTPase Cdc42) and fusion. Indeed, we recently showed that these cells assemble an actin-based fusion structure, dubbed the actin fusion focus. Our five aims probe the molecular nature of, and the links between, signaling, polarization and the fusion machinery from initiation to termination of the process. These are:

1: To define the roles and feedback regulation of Cdc42 during cell fusion
2: To understand the molecular mechanisms of actin fusion focus formation
3: To identify the fusogen(s) promoting membrane fusion
4: To probe the GPCR signal for fusion initiation
5: To define the mechanism of fusion termination

By combining genetic, optogenetic, biochemical, live-imaging, synthetic and modeling approaches, this project will bring a molecular and conceptual understanding of cell fusion. This work will have far-ranging relevance for cell polarization, cytoskeletal organization, cell signalling and communication, and cell fate regulation.",Sophie Geneviève Elisabeth Martin Benton,"University of Lausanne [999841469,CH]",Switzerland,-,681505,ERC-2015-COG,Consolidator Grants,Life Sciences (LS),"LS3 - Cellular, Developmental & Regenerative Biology",2015,2016-10-01 00:00:00,2022-03-31 00:00:00,1999955.99,https://cordis.europa.eu/project/id/681505
FP7,AdheSwitches,Adhesion switches in cancer and development: from in vivo to synthetic biology,"Integrins are transmembrane cell adhesion receptors controlling cell proliferation and migration. Our objective is to gain fundamentally novel mechanistic insight into the emerging new roles of integrins in cancer and to generate a road map of integrin dependent pathways critical in mammary gland development and integrin signalling thus opening new targets for therapeutic interventions. We will combine an in vivo based translational approach with cell and molecular biological studies aiming to identify entirely novel concepts in integrin function using cutting edge techniques and synthetic-biology tools._x000D__x000D_The specific objectives are:_x000D_1) Integrin inactivation in branching morphogenesis and cancer invasion. Integrins regulate mammary gland development and cancer invasion but the role of integrin inactivating proteins in these processes is currently completely unknown. We will investigate this using genetically modified mice, ex-vivo organoid models and human tissues with the aim to identify beneficial combinational treatments against cancer invasion._x000D__x000D_2) Endosomal adhesomes – cross-talk between integrin activity and integrin “inside-in signaling”. We hypothesize that endocytosed active integrins engage in specialized endosomal signaling that governs cell survival especially in cancer. RNAi cell arrays, super-resolution STED imaging and endosomal proteomics will be used to investigate integrin signaling in endosomes._x000D__x000D_3) Spatio-temporal co-ordination of adhesion and endocytosis. Several cytosolic proteins compete for integrin binding to regulate activation, endocytosis and recycling. Photoactivatable protein-traps and predefined matrix micropatterns will be employed to mechanistically dissect the spatio-temporal dynamics and hierarchy of their recruitment. _x000D__x000D_We will employ innovative and unconventional techniques to address three major unanswered questions in the field and significantly advance our understanding of integrin function in development and cancer.",Mari Johanna Ivaska,"University of Turku [999903064,FI]",Finland,Manner-Suomi (FI1),615258,ERC-2013-COG,Consolidator Grants,Life Sciences (LS),"LS3 - Cellular, Developmental & Regenerative Biology",2013,2014-05-01 00:00:00,2019-04-30 00:00:00,1887910,https://cordis.europa.eu/project/id/615258
Horizon 2020,Restoring Roots,Pulmonary hypertension: “aberrant” mimicry of lung vascular morphogenesis?,"Chronic pulmonary hypertension (PH) is a lethal disease characterized by the accumulation of persistently activated cell types in the pulmonary vasculature, exhibiting aberrant expression of genes driving apoptosis resistance, proliferation, inflammation and matrix remodeling. Current vasodilatory therapies for PH do not normalize these activated phenotypes. I have performed an “integromics” approach – combining epigenetic and transcriptional analyses to comprehensively elucidate the underlying molecular mechanisms. This approach provided evidence for the recapitulation of a “fetal-like” “remodeled” lung vascular phenotype, orchestrated via central lung developmental transcription factor (TF) networks with particular emphasis on TBX4, TBX5 and SOX9. Moreover, in addition to de-novo onset of this “fetal epigenetic programming” in adult PH, postnatal maintenance of such programming may underlie persistent pulmonary hypertension of the newborn (PPHN). Placing TBX4/TBX5/SOX9 at the center, I will probe this hypothesis i.e. will define their contribution to vascular remodeling processes underlying neonatal and adult PH. Studies will be performed in primary vascular cells and viable tissue slices from human/ experimental PH lungs, and various transgenic mouse lines. Furthermore, I will address the relationship among TBX4/TBX5/SOX9 in a transcription network that controls PH development using CRISPR–dCas9-activator mice. In addition, uncovering the TBX4/TBX5/SOX9-epigenetic circuitry by profiling epigenetic landscape ([sc]RNA-, ChIP-, ATAC-, MeD-, histone PTMs- seq) in both “pathological remodeling” and the loss of “physiological reverse remodeling” in PPHN, I aim to harness novel intervention strategies (locus-specific epigenetic modifications) to reverse aberrant remodeling and foster regeneration of lung vasculature. Hence, this proposal is highly innovative as it explores the hypothesis of a “developmental origin” of PH and PPHN and offers novel therapeutic strategies.",Soni Savai,"University of Giessen [999840111,DE]",Germany,Hessen (DE7),866051,ERC-2019-COG,Consolidator Grants,Life Sciences (LS),"LS4 - Physiology in Health, Disease & Ageing",2019,2020-10-01 00:00:00,2026-09-30 00:00:00,2000000,https://cordis.europa.eu/project/id/866051
Horizon 2020,PROGLUTASIS,Protection of cardiometabolic inflammation by modulation of myeloid glutamine homeostasis,"The metabolic syndrome (MetS) represents one of the major public health challenges worldwide. It reflects a combination of medical disorders that, when occurring together, increase the risk of developing diabetes and cardiovascular disease. The prevalence in the USA is estimated at 30% of the population and the European community follows this trajectory. It is now recognized that the state of chronic low-grade inflammation may favor the onset and progression of the MetS. While the notion of metabolic flexibility in hematopoietic cells has recently emerged in several inflammatory diseases, the origin of this immunometabolic alteration in the MetS remains elusive. There is a growing appreciation that the apportioning of nutrients into different metabolic pathways can support or direct functional immune and hematopoietic changes. Glutamine is the most abundant amino acid in the plasma and an important energy source through glutaminolysis. Despite its potential proliferative and/or immunosuppressive function and the strong association between high glutamine-to-glutamate ratio with cardiometabolic traits, the underlying mechanisms are poorly understood. Thus, there is a considerable therapeutic interest in better understanding the mechanisms linking glutamine to cardiometabolic risks and in particular cardiometabolic inflammation. In PROGLUTASIS, we will investigate the metabolic and immune regulation of glutamine homeostasis in the metabolic syndrome. We will validate the contribution of glutaminolysis in cardiometabolic inflammation, including obesity, diabetes and atherosclerosis through its role on hematopoiesis and macrophage dynamics. Given the ubiquitous association between glutamine and chronic metabolic stress, we expect that identifying the underlying molecular mechanism will offer novel therapeutic perspective on how to intervene in this pathway. This will ultimately allow for tailored strategies aimed at dampening cardiometabolic inflammation in the MetS.","Laurent, Arnaud, Philippe Yvan-Charvet","National Institute of Health and Medical Research (INSERM) [999997833,FR]",France,Ile-de-France (FR1),724838,ERC-2016-COG,Consolidator Grants,Life Sciences (LS),"LS4 - Physiology in Health, Disease & Ageing",2016,2017-04-01 00:00:00,2023-09-30 00:00:00,2091338,https://cordis.europa.eu/project/id/724838
Horizon 2020,CD40-INN,CD40 goes innate: defining and targeting CD40 signaling intermediates in the macrophage to treat atherosclerosis,"Atherosclerosis, the underlying cause of the majority of cardiovascular diseases (CVD), is a lipid driven, inflammatory disease of the large arteries. Despite a 25% relative risk reduction achieved by lipid-lowering treatment, the vast majority of atherosclerosis-induced CVD risk remains unaddressed.  Therefore, characterizing mediators of the inflammatory aspect of atherosclerosis is a widely recognized scientific goal with great therapeutic implications.
Co-stimulatory molecules are key players in modulating immune interactions. My laboratory has defined the co-stimulatory CD40-CD40L dyad as a major driver of atherosclerosis. Inhibition of CD40, and of its interaction with the adaptor molecule TRAF6 by genetic deficiency, antibody treatment or (nanoparticle based) small molecule inhibitor (SMI) treatment, is one of the most powerful therapies to reduce atherosclerosis in a laboratory setting. Although CD40-CD40L interactions are associated with adaptive immunity, I recently identified the macrophage as a driver of CD40-induced inflammation in atherosclerosis. We will use state-of-the-art in vitro experiments, live cell-, super resolution imaging, proteomics approaches and mutant mouse models to unravel the role of macrophage CD40 in atherosclerosis. Moreover, using structure based virtual ligand screening, I will develop lead SMIs targeting macrophage CD40-signaling, which I will deliver using macrophage-targeting nanoparticles. My goal is to define the role of macrophage CD40 in inflammation and immunity and disentangle how its activation affects atherosclerosis. I will finally test the feasibility of targeting macrophage CD40-signaling as a treatment for CVD.
These studies will define the role of CD40-signaling in the innate immune system in health and (cardiovascular) disease. As components of macrophage CD40-signaling have the potential to be amenable to pharmacological manipulation, we will establish their feasibility as novel targets for (CVD) treatment.
",Esther Lutgens Leiner,"University of Munich (LMU) [999978433,DE]",Germany,Bayern (DE2),681493,ERC-2015-COG,Consolidator Grants,Life Sciences (LS),"LS4 - Physiology in Health, Disease & Ageing",2015,2016-12-01 00:00:00,2023-11-30 00:00:00,1999420,https://cordis.europa.eu/project/id/681493
Horizon 2020,DeFiNER,Nucleotide Excision Repair: Decoding its Functional Role in Mammals,"Genome maintenance, chromatin remodelling and transcription are tightly linked biological processes that are currently poorly understood and vastly unexplored. Nucleotide excision repair (NER) is a major DNA repair pathway that mammalian cells employ to maintain their genome intact and faithfully transmit it into their progeny. Besides cancer and aging, however, defects in NER give rise to developmental disorders whose clinical heterogeneity and varying severity can only insufficiently be explained by the DNA repair defect. Recent work reveals that NER factors play a role, in addition to DNA repair, in transcription and the three-dimensional organization of our genome. Indeed, NER factors are now known to function in the regulation of gene expression, the transcriptional reprogramming of pluripotent stem cells and the fine-tuning of growth hormones during mammalian development. In this regard, the non-random organization of our genome, chromatin and the process of transcription itself are expected to play paramount roles in how NER factors coordinate, prioritize and execute their distinct tasks during development and disease progression. At present, however, no solid evidence exists as to how NER is functionally involved in such complex processes, what are the NER-associated protein complexes and underlying gene networks or how NER factors operate within the complex chromatin architecture. This is primarily due to our difficulties in dissecting the diverse functional contributions of NER proteins in an intact organism. Here, we propose to use a unique series of knock-in, transgenic and NER progeroid mice to decode the functional role of NER in mammals, thus paving the way for understanding how genome maintenance pathways are connected to developmental defects and disease mechanisms in vivo.",Georgios Garinis,"Foundation for Research and Technology Hellas [999995893,EL]",Greece,"Νησιά Αιγαίου, Κρήτη (EL4)",646663,ERC-2014-COG,Consolidator Grants,Life Sciences (LS),"LS4 - Physiology in Health, Disease & Ageing",2014,2016-01-01 00:00:00,2021-06-30 00:00:00,1995000,https://cordis.europa.eu/project/id/646663
Horizon 2020,PERIF,"Perivascular cells at the crossroads of inflammation, regeneration and fibrosis","The survival of organisms requires the ability to repair tissues upon injury, as well as, after birth, to fight foreign invaders that may have contaminated the wound. This last function is mediated by a complex host response involving immune cells, blood vessels and inflammatory mediators that collectively intend to neutralize the harmful agent and eliminate damaged/necrotic tissue. Initially beneficial, this massive inflammatory response comes with a cost, and adult injured tissues usually heal with a scar, which is an area of fibrous tissue that transiently replaces normal tissue. In chronic settings, scarring can become excessive in a process called fibrosis, to the point of preventing functional recovery of the injured organ and be life threatening. Nearly half of all deaths in industrialized world are due to diseases involving inappropriate, often chronic, inflammatory and fibrotic responses, including lung, kidney and liver diseases, scleroderma, inflammatory bowel diseases, muscular dystrophies, cardiovascular diseases, and tumors. However our current knowledge of the biological processes regulating fibrosis is partial, which has hindered therapeutic advances in the field. Recent data from our team and others drew new attention on a discrete population of mesenchymal cells that wraps around vessels, variously called mural cells, perivascular cells or pericytes, as a major source for profibrotic stromal cells generating scar tissue. Previously known for their vascular protective functions, increasing evidence suggests new and unexpected roles for these cells also in inflammation, repair/regeneration, and cancer. These new findings raise a number of challenging questions relative to their functional diversity, as well as mechanisms of activation/ regulation in disease. The identification and specific targeting of functional subsets of mesenchymal perivascular cells may have notable impact in research and medicine, paving the way for new therapeutic avenues in inflammatory/fibrotic diseases and cancer.",Luciana Isabella Peduto,"Pasteur Institute [999993080,FR]",France,Ile-de-France (FR1),648428,ERC-2014-COG,Consolidator Grants,Life Sciences (LS),"LS4 - Physiology in Health, Disease & Ageing",2014,2015-11-01 00:00:00,2023-04-30 00:00:00,1976100,https://cordis.europa.eu/project/id/648428
FP7,METABASE,Metagenome and Bariatric Surgery - New Avenues to Treat Metabolic Disease,"Obesity and associated metabolic diseases such as type 2 diabetes are increasing worldwide and are the result of complex gene-environment interactions. Recent studies indicate that socio-demographic and environmental factors are more important for disease development than genetics, and we and others have demonstrated that the gut microbiota can be considered an environmental factor that contributes to obesity. Effective treatment for obesity remains a challenge and bariatric surgery is the only available therapy that is proven to maintain weight loss. Intriguingly, bariatric surgery also improves glucose metabolism, but the underlying molecular mechanisms for this beneficial effect are unclear. An altered gut microbiota has been linked to metabolic diseases and pilot studies indicate that the gut microbiota is also altered upon bariatric surgery; these findings suggest that some of the improved metabolic features following bariatric surgery may be mediated by altered composition of the gut microbiota. The overall goal of this proposal is to integrate clinical research with mechanistic studies in mice to determine if and how the gut microbiota mediates the beneficial effects of bariatric surgery. We will define how bariatric surgery alters the gut metagenome in humans, both at a species and at a functional level. By transferring the fecal microbiota from these patients before and after surgery to germ-free mice, we will determine if an altered gut microbiota directly modulates host metabolism. Finally, we will establish surgical methods in germ-free mice to directly test whether the beneficial effects observed following surgery require a microbiota. Increased understanding of these mechanisms may provide the basis for non-surgical treatments based on supplementation of novel probiotics to treat metabolic diseases. Follow-up work in larger clinical cohorts may also indicate how patients can be stratified to determine who would benefit the most from bariatric surgery.",Gert Fredrik Bäckhed,"University of Gothenburg [999981925,SE]",Sweden,Södra Sverige (SE2),615362,ERC-2013-COG,Consolidator Grants,Life Sciences (LS),"LS4 - Physiology in Health, Disease & Ageing",2013,2014-11-01 00:00:00,2019-10-31 00:00:00,2000000,https://cordis.europa.eu/project/id/615362
Horizon Europe,StarTicking,The early ticking of the central circadian pacemaker: when and how,"The 24-h (circadian) timing system develops during the perinatal period and rules our physiology later in life. It has the essential task of anticipating daily recurring changes in the environment (day/night) to find the best time for each molecular and cellular process. It is organised hierarchically, with a master pacemaker in the hypothalamic suprachiasmatic nucleus (SCN), which is able to perceive environmental light and tell the body what time is it. Our modern 24/7 lifestyle favours a disruptive environment for the circadian system, which is especially negative during pregnancy. We have found, in mice and pre-term infants, that when mothers are exposed to glucocorticoids (GCs) at the wrong time of day, the offspring show behaviour disorders later in life. Our mechanistic findings showed for the first time, a role of the foetal clock before birth, challenging the view on the clock being immature and non-functional.
StarTicking proposes to answer a long-standing question in the field: When and how the circadian clock starts ticking. With a multidisciplinary and integrated approach, we will go beyond the state-of-the-art to understand mechanistically the development of the central circadian pacemaker in mice and humans. We will investigate: 
1) How the SCN forms by a detailed assessment of the developmental trajectory of the mouse SCN with single cell resolution. 
2) When the SCN becomes functional by testing a yet unexplored player: Astrocytes as drivers of the gain of functionality of the mouse SCN.
3) What the influence of the early environment on the human SCN maturation is. The generation of a human SCN organoid will allow us to test maternal signals in vitro with high-throughput. We will link mechanistic findings to the development of SCN-driven rhythms in a cohort of pre-term babies. 
StarTicking will provide ground-breaking mechanistic evidence and valuable knowledge to alleviate the behavioural consequences of the circadian disruption early in life


",Mariana Astiz Cadenas,"Achucarro Basque Center for Neuroscience [952920144,ES]",Spain,Noreste (ES2),101088375,ERC-2022-COG,Consolidator Grants,Life Sciences (LS),LS5 - Neuroscience & Disorders of the Nervous Systems,2022,2024-01-01 00:00:00,2028-12-31 00:00:00,1955875,https://cordis.europa.eu/project/id/101088375
Horizon 2020,CLAUSTRUM,The Claustrum: A Circuit Hub for Attention,"Our senses face a constant barrage of information. Hence, understanding how our brain enables us to attend to relevant stimuli, while ignoring distractions, is of increasing biomedical importance. Recently, I discovered that the claustrum, a multi-sensory hub and recipient of extensive neuromodulatory input, enables resilience to distraction.

In my ERC project, I will explore the mechanisms underlying claustral mediation of resilience to distraction and develop novel approaches for assessing and modulating attention in mice, with implications for humans. Transgenic mouse models that I identified as enabling selective access to claustral neurons overcome its limiting anatomy, making the claustrum accessible to functional investigation. Using this novel genetic access, I obtained preliminary results strongly suggesting that the claustrum functions to filter distractions by adjusting cortical sensory gain.

My specific aims are: 1) To delineate the mechanisms whereby the claustrum achieves sensory gain control, by applying in-vivo cell-attached, multi-unit and fiber photometry recordings from claustral and cortical neurons during attention-demanding tasks. 2) To discriminate between the functions of the claustrum in multi-sensory integration and implementation of attention strategies, by employing multi-sensory behavioral paradigms while modulating claustral function. 3) To develop validated complementary physiological and behavioral protocols for adjusting claustral mediation of attention via neuromodulation.

This study is unique in its focus and aims: it will provide a stringent neurophysiological framework for defining a key mechanism underlying cognitive concepts of attention, and establish a novel platform for studying the function of the claustrum and manipulating its activity. The project is designed to achieve breakthroughs of fundamental nature and potentially lead to diagnostic and therapeutic advances relevant to attention disorders.
",Amihai Citri,"Hebrew University of Jerusalem [999975038,IL]",Israel,-,770951,ERC-2017-COG,Consolidator Grants,Life Sciences (LS),LS5 - Neuroscience & Disorders of the Nervous Systems,2017,2018-03-01 00:00:00,2024-02-29 00:00:00,1995000,https://cordis.europa.eu/project/id/770951
Horizon 2020,Brain3.0,Invasive cognitive brain computer interfaces to enhance and restore attention: proof of concept and underlying cortical mechanisms.,"The present project focuses on a barely scratched aspect of invasive cognitive brain-computer interfaces (cBCIs), i.e. closed-loop invasive cBCIs to augment and restore attentional functions. Its aim is to achieve an efficient enhanced cognition protocol both in the healthy brain and in the damaged brain and to study the local and global plasticity mechanisms underlying these effects. The project relies on the unique methodological combination of multi-electrode multisite intracortical recordings and functional magnetic resonance imaging, in association with reversible cortical lesions and intracortical microstimulations, in an experimental model allowing to approach the attentional human function and its dysfunctions to the best. Our goal is to achieve:
1. A closed-loop invasive cBCI for augmented attention, by providing the subjects with a feedback on their cortical spatial and feature attention information content as estimated from real-time population decoding procedures, using reinforcement learning, to have them improve this cognitive content, and as a result, improve their overt attentional behavioural performance.
2. A closed-loop invasive cBCI for restored attention, by inducing a controlled attentional loss thanks to reversible cortical lesions targeted to key functionally-identified cortical regions and using the closed-loop cBCI to restore attentional performance.
3. An invasive cBCI for stimulated attentional functions. We will identify the neuronal population changes leading to a voluntary enhancement of attentional functions as quantified in aim 1 and inject these changes, using complex patterns of microstimulations, mimicking spikes, to enhance or restore attention, in the absence of any active control by the subjects. 
This project will contribute to the development of novel therapeutical applications to restore acute or chronic severe attentional deficits and to provide an in depth understanding of the neural bases underlying closed-loop cBCIs.",Suliann Benhamed-Daghighi-Ardekani,"National Centre for Scientific Research (CNRS) [999997930,FR]",France,Ile-de-France (FR1),681978,ERC-2015-COG,Consolidator Grants,Life Sciences (LS),LS5 - Neuroscience & Disorders of the Nervous Systems,2015,2016-10-01 00:00:00,2023-09-30 00:00:00,1997748,https://cordis.europa.eu/project/id/681978
Horizon 2020,iDysChart,Charting key molecules and mechanisms of human immune Dysregulation,"The central challenge for the immune system is to efficiently recognize and neutralize foreign antigen while protecting self. If the latter fails, autoimmunity and/or autoinflammation may occur, as observed in many human diseases. Though several human genes involved in the process have been identified we still lack: i) a comprehensive appreciation of all contributing molecular pathways, ii) an understanding of the interplay and epistatic relationships among the various elements and iii) a satisfactory strategy to counteract dysregulation based on an understanding of the regulatory logic. 
I hypothesize that there is only a finite number of pathways involved and that it should be possible to mount a synergistic strategy to create a first chart of the entire “territory”. Key to this endeavor is the identification of sufficient elements by mapping immune dysregulation genes to “anchor” the chart onto signposts of which the human pathophysiological relevance is certain. From these signposts, contextualization and integration is achieved by interaction proteomics and network informatics mining the existing data universe, validated through biochemical and imaging tools to power an established set of immune assays. While it may be preposterous to claim feasibility with one ERC grant, I propose that once such a chart exists, even at initial low resolution, it can help reconcile disconnected observations and coalesce future work while being immensely improved in accuracy and mechanistic understanding by the entire community. iDysChart will work towards these goals by 1) identifying novel monogenic causes of autoimmune/autoinflammatory diseases, enabling elucidation of fundamental mechanisms, 2) creating a network-level understanding of molecular pathways of immune dysregulation and 3) employing chemical and genetic screens to complement human disease gene discovery in predicting the core human immune dysregulome and investigating potential avenues for therapeutic modulation.",Ahmet Kaan Boztug,"Children's Cancer Research Institute [891384896,AT]",Austria,Ostösterreich (AT1),820074,ERC-2018-COG,Consolidator Grants,Life Sciences (LS),"LS6 - Immunity, Infection & Immunotherapy",2018,2019-06-01 00:00:00,2025-05-31 00:00:00,1999263,https://cordis.europa.eu/project/id/820074
FP7,RNAiMMUNITY,Dynamics of the RNAi-mediated antiviral immunity,"RNA interference (RNAi) is a conserved sequence-specific, gene-silencing mechanism that is induced by double-stranded RNA (dsRNA). Double-stranded RNA is commonly generated during viral replication and is considered to be a molecular pattern associated with viral infection. Our previous work demonstrated that viral infections in the fruit fly Drosophila melanogaster are countered by an antiviral RNAi response: the small interfering RNA (siRNA) pathway is the major antiviral defence mechanism in insects. Recently, another RNAi pathway was also suggested to be involved in antiviral defence, the piwi-interacting RNA (piRNA) pathway._x000D_The field of insect immunity has been largely dominated by studies on antimicrobial immunity, while antiviral immunity has received relatively little attention. Based on a combination of basic and applied science as well as bioinformatic approaches, we propose to investigate the molecular and cellular aspects underlying the immune dynamics of the antiviral response. We want to uncover fully the mechanism of antiviral RNAi in insects and its main attributes, such as memory, long-lasting immunity, specificity, and effect on the virus._x000D_The “nucleic-acid based” immune system that we are deciphering points to the concerted effort of multiple defence pathways from both partners as a new perspective in immunity and host-pathogen relationships.",Maria Carla Saleh Bottegoni,"Pasteur Institute [999993080,FR]",France,Ile-de-France (FR1),615220,ERC-2013-COG,Consolidator Grants,Life Sciences (LS),"LS6 - Immunity, Infection & Immunotherapy",2013,2015-01-01 00:00:00,2020-12-31 00:00:00,1442600,https://cordis.europa.eu/project/id/615220
Horizon 2020,BLASTOID,A drug discovery platform for early human embryogenesis.,"	    	        	         	         	                      	
The first weeks of human embryonic development are crucial. Early abnormalities or insults result not only in infertility, but also contribute to long-term impairment of human health (e.g., cardiovascular disease and diabetes). Managing the onset of pregnancy therefore offers a huge opportunity to improve public health through effective family planning and disease prevention.
 
To better manage pregnancy, biomedical research would require large numbers of human embryos for use in genetic and drug screening. Unfortunately, however, the scarcity of human embryos makes this impossible. Recently, hope for an alternative approach has come from work in my lab showing that mouse stem cells self-organize into structures closely resembling pre-implantation embryos (a.k.a. blastocysts), that we termed blastoids. Because stem cells can be largely expanded and genetically-modified, these synthetic embryos provide a powerful, scalable alternative that is amenable to drug and genetic screens, thus opening numerous possibilities for therapeutic breakthroughs.

Here, I propose the development of human blastoids and uterine organoids to model embryogenesis and uterine implantation in vitro. This platform will be used to identify potential targets for the therapeutic modulation of the molecular pathways that control (1) early embryogenesis and (2) interactions between the embryo and uterus, and will pave the way to (3) establishing a drug discovery pipeline for the management of implantation.
 
This project will generate key insights into druggable molecules controlling early human embryogenesis, facilitating identification of therapeutic targets to improve in vitro fertilization (IVF) procedures and contraception and, ultimately, to prevent several chronic diseases.","Nicolas, Clement Rivron","Institute of Molecular Biotechnology (IMBA) [999919263,AT]",Austria,Ostösterreich (AT1),101002317,ERC-2020-COG,Consolidator Grants,Life Sciences (LS),"LS7 - Prevention, Diagnosis & Treatment of Human Diseases",2020,2021-07-01 00:00:00,2026-06-30 00:00:00,2000000,https://cordis.europa.eu/project/id/101002317
Horizon 2020,QUANTUM,Quantifying the spread of P. falciparum malaria,"Background: A major challenge for malaria elimination is its phenomenally efficient spread through sexual stage parasites (gametocytes). Many individuals in endemic settings harbour low but transmissible gametocyte densities. It is currently unclear how gametocyte density translates into the likelihood that an infected mosquito gives rise to secondary infections, who drive malaria transmission at population level and how anti-gametocyte immunity affects gametocyte production and infectivity. 

I hypothesize that secondary infections can arise from low-density infections but that higher gametocyte densities result in comparatively more infectious mosquitoes and an increased number of secondary infections. I further hypothesize that malaria transmission efficiency and changes therein can only be accurately predicted if anti-gametocyte immunity is thoroughly understood and that the rapid loss of gametocyte immunity during effective control results in increased transmission efficiency.

Aims and approach: I will perform the first-ever direct assessment of numbers of malaria parasites ejected by mosquitoes in relation to natural gametocyte densities. Using novel genotyping approaches, longitudinal sampling of infections at unsurpassed resolution and state-of-the art analytical approaches, I will perform the most comprehensive molecular evaluation of malaria transmission in a real community ever performed. Lastly, I will quantify the impact of immune responses that reduce gametocyte density and infectivity by novel immune-profiling approaches and mathematical transmission models.

Importance and innovation: this project will profoundly improve understanding of the production and infectivity of gametocytes and the epidemiological impact of human immune responses that influence these processes. The work in different African settings will provide a major leap forward in understanding the human infectious reservoir for malaria and has direct implications for elimination",Jan Teun Bousema,"Radboud University Medical Center [892057785,NL]",Netherlands,Oost-Nederland (NL2),864180,ERC-2019-COG,Consolidator Grants,Life Sciences (LS),"LS7 - Prevention, Diagnosis & Treatment of Human Diseases",2019,2020-07-01 00:00:00,2025-06-30 00:00:00,2000000,https://cordis.europa.eu/project/id/864180
Horizon 2020,METAPTPs,"PROTEIN TYROSINE PHOSPHATASES IN METABOLIC DISEASES: OXIDATION, DYSFUNCTION AND THERAPEUTIC POTENTIAL","Diabetes mellitus is characterised by hyperglycaemia caused by an absolute or relative insulin deficiency. The global prevalence of diabetes has reached more than 410 million individuals, underscoring the need for novel therapeutic strategies targeting the pathology as a multi-organ disease. Protein tyrosine phosphatases (PTPs) constitute a superfamily of enzymes that dephosphorylate tyrosine-phosphorylated proteins and oppose the actions of protein tyrosine kinases. My previous studies and preliminary data suggest that PTPs act as molecular switches for key signalling events in the development of diabetes, i.e. insulin/glucose/cytokine signalling. Dysregulation of these pathways results in metabolic consequences that are cell-specific. Oxidative stress abrogates the nucleophilic properties of the PTP active site and induces conformational changes that inhibit PTP activity and prevent substrate-binding. I have recently developed an innovative proteomic approach to quantify PTP oxidation in vivo and demonstrated that this occurs in liver/pancreas under pathological conditions, including obesity and inflammation. In this proposal, I aim to fully characterise the activity and oxidation status of PTPs in dysfunctional metabolic relevant cells in obesity and diabetes. Importantly, the crucial role of PTPs make them promising candidates for the treatment of metabolic disorders. I hypothesise that specific antioxidants, diets and/or adenovirus will restore PTP function and ameliorate the metabolic deleterious defects in pre-clinical studies. Over the next 5 years, I aim to:

• Identify the major oxidised PTPs in metabolic relevant tissues/cells in both obesity and diabetes.
• Determine the contribution of PTP inactivation in cellular responses to metabolic signalling in human samples.
• Assess the impact of tissue-specific PTP deficiency on the development of obesity and diabetes.
• Test novel therapeutic approaches targeting PTPs to prevent/reverse metabolic disorders.",Esteban Gurzov Amarelo,"ULB - Free University of Brussels [999986290,BE]",Belgium,Région de Bruxelles-Capitale/Brussels Hoofdstedelijk Gewest (BE1),817940,ERC-2018-COG,Consolidator Grants,Life Sciences (LS),"LS7 - Prevention, Diagnosis & Treatment of Human Diseases",2018,2019-04-01 00:00:00,2026-03-31 00:00:00,1966906,https://cordis.europa.eu/project/id/817940
Horizon 2020,EVICARE,Extracellular Vesicle-Inspired CArdiac Repair,"More than 3.5 million people are newly diagnosed with heart failure every year in Europe with a long-term prognosis of 50% mortality within 4 years. There is a major need for more innovative, regenerative therapies that have the potential to change the course of disease. My hypothesis is that we can recondition heart failure by stimulating cardiac repair with extracellular vesicles that are derived from progenitor cells. In my laboratory, extracellular released vesicles containing a cocktail of stimulating factors, are amongst the most potent vectors for cardiac repair.
To achieve a sustainable and long-term therapeutic effect of these vesicles and enhance cardiac function by stimulating myocardial repair, we will 1) improve local cardiac delivery of progenitor cell-derived extracellular vesicles, 2) understand the mechanism of action of extracellular vesicles, and 3) stimulate extracellular vesicles release and/or production by progenitor cells.
These questions form the rationale for the current proposal in which we will co-inject extracellular vesicles and slow-release biomaterials into the damaged myocardium. By subsequent genetic tracing, we will determine fate mapping of injected vesicles in vivo, and perform further mechanistic understanding in in vitro culture models of targeted and identified myocardial cell types. Moreover, we will upscale the vesicles production by progenitor cells further via bioreactor culturing and medium-throughput screening on factors that stimulate vesicles release. 
The use of stem cell-derived extracellular vesicles to stimulate cardiac repair will potentially allow for an off-the shelf approach, including mechanistic understanding and future clinical use. Additionally, since these vesicles act as a natural carrier system outperforming current artificial drug delivery, we might understand and mimic their characteristics to enhance local (RNA-based) drug delivery systems for cardiovascular application.",Joseph Petrus Gerardus Sluijter,"University Medical Center Utrecht [999915189,NL]",Netherlands,West-Nederland (NL3),725229,ERC-2016-COG,Consolidator Grants,Life Sciences (LS),"LS7 - Prevention, Diagnosis & Treatment of Human Diseases",2016,2017-09-01 00:00:00,2023-08-31 00:00:00,1997297.99,https://cordis.europa.eu/project/id/725229
Horizon 2020,VascArbor,Vascular Tree Formation in Multi-Structural Tissue Engineering,"Engineered tissues offer a great promise to the field of medicine as an alternative for donor tissues, for which the supply is not meeting the demands. However, the clinical application of engineered tissues is hampered. The integration of engineered tissues after implantation is limited due to the lack of a vascular network. Currently, strategies to include vascular networks rely on the spontaneous organization of vascular cells, or on the patterning of these cells. However, this results in either vascular networks that are not organized, or networks that lose their initial organization fast. This project will use a unique and novel approach to control vascular development and will therefore result in a vascular network with a controllable long-term organization. By allowing for anastomosis, and increasing nutrient delivery, this project will tackle an essential problem and will greatly enhance the clinical applicability of engineered tissues.

Within VascArbor, fluid flows through engineered tissues will be designed and controlled to guide vascular organization. Apart from that, growth factors will be patterned in space and time to further direct the formation of a vascular network with a controlled organization. In parallel, computational models will be developed that can predict vascular organization and development based on processing parameters. This will be a breakthrough in vascularized tissue engineering by enabling a direct link between a desired vascular organization, and the tissue construct geometry and processing conditions that are needed to acquire this organization. 

To maximize the impact of VascArbor on the field of tissue engineering and medicine, the principles that will guide vascular organization are compatible with multiple current and future tissue fabrication technologies. Within VascArbor, tissue building blocks and bio-printing will be used to engineer vascularized cardiac muscle tissue based on the principles developed in this project.",Jeroen Rouwkema Lieten,"University of Twente [999900833,NL]",Netherlands,Oost-Nederland (NL2),724469,ERC-2016-COG,Consolidator Grants,Life Sciences (LS),"LS7 - Prevention, Diagnosis & Treatment of Human Diseases",2016,2017-04-01 00:00:00,2022-03-31 00:00:00,2000000,https://cordis.europa.eu/project/id/724469
Horizon 2020,MMAF,"Novel multimodal approach to atrial fibrillation risk assessment and identification of targets for prevention by interdisciplinary exploitation of omics, advanced electrocardiography, and imaging","There is a growing need for novel risk schemes in atrial fibrillation (AF) to permit prevention, contribute to a better understanding of the pathophysiology, and discover targets for individualized treatment.
Primary prevention efforts are scant despite the imminent AF epidemic. In international cohorts I have developed and validated the first risk prediction algorithm. However, it explains only 60% of the attributable risk and efforts at improving discrimination are urgently required.
Therefore, my overall goal is to develop an enhanced risk prediction algorithm based on cutting-edge technology. The specific focus will be on parameters representative of early stages of the disease process and intermediate phenotypes such as atrial electrical and structural remodelling, chronic subclinical inflammation, oxidative stress, and autonomous tone in manifest and incident AF. Subclinical, potentially reversible changes are ideally suited to provide independent information complementary to known risk markers.
My ambitious concept is to choose a multimodal approach in an interdisciplinary team to systematically assess:
1) Blood and tissue omics (genomics, expression, proteomics, metabolomics),
2) Advanced electrocardiography,
3) Imaging (echocardiography, cardiac MRI), and
4) Gender applying innovative tools and analyses strategies aimed at a systems biology integration of the accumulated information.
I have collected comprehensive biological and epidemiologic information on distinct AF phenotypes in unique prospective population (N>60,000) and clinical cohorts (N>1,000). We are not aware of other groups with access to such a well-established prospective AF biobank.
Informed by omics, electrocardiography and imaging we will provide pathophysiological insights into the disease process, highlight targets for intervention, and develop a contemporary risk scheme. Our results will lay the ground for rapid translation into clinical practice with significant public health impact.",Renate Bonin-Geb.Schnabel,"University Medical Center Hamburg-Eppendorf [999857474,DE]",Germany,Hamburg (DE6),648131,ERC-2014-COG,Consolidator Grants,Life Sciences (LS),"LS7 - Prevention, Diagnosis & Treatment of Human Diseases",2014,2016-01-01 00:00:00,2021-06-30 00:00:00,1999305,https://cordis.europa.eu/project/id/648131
FP7,HEALTHMPOWR,A New Paradigm for Public Health Surveillance: Unlocking the Potential of Data to Empower Women and Health Systems,"Rationale: State of the art health registries, cornerstones of public health surveillance, have hardly capitalized on the information and communication technology revolution. Many continue to be static, fragmented, and passive data repositories disseminating outdated reports only to a closed loop of public health officials. _x000D_Aim: In a radical departure from traditional science, this proposal introduces a new paradigm for public health surveillance: Maximizing the potential of data by disseminating data-driven individualized real-time information directly to women and providers to empower self-care in pregnancy and better healthcare delivery. _x000D_Research question: Is routine, data-driven and automated feedback from a reproductive health registry (RHR) effective in improving health behavior and quality of care? _x000D_Plan: Based on the roll-out of a RHR in the Palestinian West Bank, four stepped wedged cluster randomized controlled trials will be undertaken to investigate the comparative effectiveness of a series of feedback modules to women and care providers. Main outcomes include adherence to evidence-based guidelines for providers, and self-care and care seeking among women. _x000D_PI and Team: I lead the international team of the WHO/NIPH’s “harmonized Reproductive Health Registry (hRHR) Initiative” which provides the new WHO framework for registries that I will put to test at scale. Joining the hRHR team with my affiliation in the newly awarded national Center of Excellence CISMAC (Center for Intervention Sciences for Maternal and Child Health), I will lead an extraordinary team to ensure excellent feasibility and scientific rigor. _x000D_Impact: Coalescing with WHO/NIPH’s dissemination of the hRHR Initiative, the scientific horizons emerging from this proposal have potential for exceptional impact. Radically transforming public health surveillance by empowering women and health care providers with information can translate into better health care and behaviors thus saving lives.",Jahn Frederik Froen,"Norwegian Institute of Public Health [999478883,NO]",Norway,-,617639,ERC-2013-COG,Consolidator Grants,Life Sciences (LS),"LS7 - Prevention, Diagnosis & Treatment of Human Diseases",2013,2014-09-01 00:00:00,2020-08-31 00:00:00,2212136,https://cordis.europa.eu/project/id/617639
Horizon Europe,ZOMBIHAVIOUR,Leveraging the zombie-making strategies of Ophiocordyceps fungi to understand animal behaviour,"Reminiscent of zombies in pop culture, some parasites hijack host behaviours. Our understanding of this parasite strategy to improve transmission is minimal, despite its convergent evolution across major taxa. Functional genetics studies would advance our knowledge of the molecular underpinnings of “zombie behaviour”. Additionally, learning how behaviour can be altered would elucidate how “normal” phenotypes are maintained. However, most zombie-making parasites and their hosts are not classic model organisms, which complicates mechanistic interrogation.

The so-called “zombie ants’ can be used to study parasite hijacking of animal behaviour in more detail. Zombie ants are infected by Ophiocordyceps fungi that cause summit disease. Infected ants ascend vegetation that they bite into as they die to ensure fungal spore dispersal. My lab developed fungal culturing techniques, infection methods and behavioural assays to detail infection-related changes in daily ant foraging, communication, and locomotion. Additionally, by integrating multi-omics tools, we identified candidate fungal products and ant host pathways that might underlie the behavioural changes observed. However, to move from correlation to causation these candidates need to be functionally tested.

By leveraging my lab’s pioneering work and my training in molecular microbiology I aim to elucidate the molecular genetics underlying parasite hijacking of host behaviour. I propose to 1) adopt molecular genetics tools to characterise fungal products that induce altered host behavioural phenotypes, 2) use RNASeq and RNAi to investigate the affected ant pathways that give rise to those phenotypes, and 3) further establish involvement of these behavioural pathways through integration of the animal model Drosophila melanogaster.

The proposed work will be transformative in our understanding of parasite manipulation strategies and spark novel research into sustainable pest control strategies and fungus-derived drugs.",Adriana Maria (Charissa) De Bekker,"Utrecht University [999985805,NL]",Netherlands,West-Nederland (NL3),101124277,ERC-2023-COG,Consolidator Grants,Life Sciences (LS),"LS8 - Environmental Biology, Ecology & Evolution",2023,2024-05-01 00:00:00,2029-04-30 00:00:00,2000000,https://cordis.europa.eu/project/id/101124277
Horizon 2020,SELECTHAPLOID,Testing the Evolutionary Consequences of Haploid Selection in Animals,"Selection occurring during the haploid gametic phase of any sexually reproducing eukaryote may have far-reaching consequences for major biological processes. Selection acting on a haploid genome results in efficient removal of deleterious alleles and rapid fixation of beneficial alleles, which in turn affect adaptation, genetic load and the evolution of recombination rates. Despite their potential importance, we know surprisingly little about the genetic processes occurring during the time window after meiosis until the fusion of male and female pronuclei. This is particularly true for haploid selection in the gametes of predominantly diploid animals. Male gametes (sperm) are produced in vast numbers but only few fertilise eggs and therefore offer a strong opportunity for selection. A prevailing view that such haploid selection is of minimal consequence in animals has been recently overturned by evidence from our lab, which revealed strong links between sperm phenotype and offspring fitness, as well as sperm phenotype and its haploid genotype. The genetic mechanisms underlying these observations are currently poorly understood. In this project, I will tackle three key questions arising from these recent findings: i) How strong are purifying and positive selection during the haploid phase? ii) What are the mechanisms maintaining genetic variation in genes expressed during the haploid phase? iii) How does haploid selection affect the interaction between male and female gametes? By combining carefully designed innovative experimental approaches with cutting-edge single-cell genome and transcriptome sequencing technologies, this project will provide entirely novel insights into the process that is shared by all eukaryotic life. Findings from this project will illuminate not only the fields of evolutionary biology and genetics but far beyond into the areas of animal breeding and human reproduction.",Simone Immler Maklakov,"University of East Anglia [999985611,UK]",United Kingdom,-,101001341,ERC-2020-COG,Consolidator Grants,Life Sciences (LS),"LS8 - Environmental Biology, Ecology & Evolution",2020,2022-01-01 00:00:00,2026-12-31 00:00:00,2122476,https://cordis.europa.eu/project/id/101001341
Horizon 2020,DiversiPHI,Predicting the evolution of complex phage-host interactions,"What determines if a phage can infect a host? This question arises as we work to understand the ecological roles of the hundreds of thousands of unknown viruses that I and others have discovered around the world. Phages are the most abundant life forms on Earth with important applications in medicine and biotechnology and far-ranging effects on microbial community functioning in all environments. Phage-host interactions (PHI) are an emergent trait that depends on the complex integration of factors like their taxonomic identity, the environment, and phage- and host-encoded proteins. With DiversiPHI, I propose a research program to unravel PHI by 1) measuring, 2) modelling, and 3) experimentally testing these diverse factors to develop a predictive understanding of host-range evolution.
I will first measure a range of evolutionary, ecological, and molecular factors contributing to PHI at high resolution using newly developed computational tools that exploit high-throughput datasets from thousands of natural environments around the world. Next, I will apply deep learning to integrate these measurements to simultaneously (i) quantify the relative importance and complex inter-dependencies of the different factors, and (ii) create a unique predictive model of host-range evolution. To complement these in silico predictions, I will develop an experimental evolution setup that tests the effect of the different PHI factors on host-range evolution in vitro.
Little is known about the abundant phages and their role in shaping our microbial world. DiversiPHI will vastly elevate this understanding and contribute new fundamental knowledge on how species-species interactions evolve in complex environments. Moreover, I will provide valuable new analysis tools to the community and consolidate my strong international reputation as a pioneering researcher in the cross-disciplinary field encompassing microbial ecology, virology, metagenomics, bioinformatics, and computer learning.",Bastiaan  Elie Dutilh,"University of Jena [999868726,DE]",Germany,Thüringen (DEG),865694,ERC-2019-COG,Consolidator Grants,Life Sciences (LS),"LS8 - Environmental Biology, Ecology & Evolution",2019,2020-05-01 00:00:00,2026-10-31 00:00:00,2000000,https://cordis.europa.eu/project/id/865694
Horizon 2020,EvoGutHealth,Evolution of gut-associated microbial communities and its functional relevance in health and disease,"The gut is a highly dynamic microbial ecosystem that controls human health through its collective metabolic activities. Microbial communities form metabolic networks that are essential for dietary breakdown, production of bioactive metabolites and resistance to infections. Bacterial lineages making up these networks evolve rapidly to adapt to the microbial, metabolic and immune environment of the gut. The lack of suitable model systems has limited our current understanding of the relevance of microbial community evolution in the gut and its impact on microbe-host mutualism.

EvoGutHealth aims to fill this gap in knowledge by using an innovative, tuneable oligo-microbial model system that allows the study of how a native bacterial consortium evolves in its autochthonous host. Based on our preliminary data, we hypothesize that adaptive evolution shapes synergistic metabolic interactions between individual community members and this eventually affects global microbiome functions such as colonization resistance against pathogens. EvoGutHealth pursues three research goals: First, to identify environmental and host factors that shape the genetic potential of microbial communities in the gut. Second, to uncover how microbial community evolution influences disease-relevant microbiome features and metabolic pathways. Third, to model bacterial metabolic networks and elucidate how they are affected by the genetic alterations of their components.

This combined work will fundamentally advance our understanding of the driving forces underlying metabolic network evolution in the mammalian gut. Moreover, it will illuminate how this evolution translates into functional changes. Finally, EvoGutHealth will provide necessary insight to develop strategies to steer microbial communities towards beneficial interactions promoting human health.
",Barbara Stecher-Letsch,"University of Munich (LMU) [999978433,DE]",Germany,Bayern (DE2),865615,ERC-2019-COG,Consolidator Grants,Life Sciences (LS),"LS8 - Environmental Biology, Ecology & Evolution",2019,2020-09-01 00:00:00,2026-08-31 00:00:00,1999085,https://cordis.europa.eu/project/id/865615
Horizon 2020,EPIDEMICSonCHIP,EPIDEMICS in ant societies ON a CHIP,"Living in societies amplifies the risk of getting sick, as pathogens can easily spread along the dense social interaction networks of the hosts. Sanitary care and the organisational structure of societies are expected to limit the risk of epidemics. Yet, how the defences of the individual group members scale-up, combine and synergise towards society-level protection, is poorly understood, as the majority of societies can only be studied via correlational and modeling approaches. Insect societies provide a powerful system for experimental studies, as whole societies are accessible for surveillance and manipulative approaches. We can monitor every behavioural interaction between all members, determine their effects on colony-wide disease spread and replicate experiments arbitrarily. The fitness effects of collective disease defences can be quantified, as they result in a single fitness measure of colony productivity. This is because all members of a social insect colony form a reproductive entity composed of the reproductive queens and males and their sterile workers. I will use an ant host–fungal pathogen system to find out how initial infection develops into an epidemic, and, in turn, how colony-level defence emerges from the interactions between its members. To infer effect from cause, I will not only observe the colony after initial infection of a subset of colony members, but also manipulate the sanitary behaviours and spatiotemporal interaction of host individuals. To this end, I will engineer an automatised platform, following the principles of lab-on-a-chip techniques, to individually target and manipulate colony members, and to quantify their behaviours. Fitness effects will be read out by the quantity and quality of reproductive offspring in the next generation. Such a long-term whole-colony approach is required for understanding the evolution of social immunity, that is, how disease shapes society and how society shapes disease.",Sylvia Maria Cremer-Sixt,"Institute of Science and Technology Austria [996479740,AT]",Austria,Ostösterreich (AT1),771402,ERC-2017-COG,Consolidator Grants,Life Sciences (LS),"LS8 - Environmental Biology, Ecology & Evolution",2017,2018-04-01 00:00:00,2023-03-31 00:00:00,1991564,https://cordis.europa.eu/project/id/771402
Horizon 2020,Virocellsphere,Host-virus chemical arms race during algal bloom in the ocean at a single cell resolution,"Phytoplankton blooms are ephemeral events of exceptionally high primary productivity that regulate the flux of carbon across marine food webs. The cosmopolitan coccolithophore Emiliania huxleyi (Haptophyta) is a unicellular eukaryotic alga responsible for the largest oceanic algal blooms covering thousands of square kilometers. These annual blooms are frequently terminated by a specific large dsDNA E. huxleyi virus (EhV). 
Despite the huge ecological importance of host-virus interactions, the ability to assess their ecological impact is limited to current approaches, which focus mainly on quantification of viral abundance and diversity. On the molecular basis, a major challenge in the current understanding of host-virus interactions in the marine environment is the ability to decode the wealth of “omics” data and translate it into cellular mechanisms that mediate host susceptibility and resistance to viral infection. 
In the current proposal we intend to provide novel functional insights into molecular mechanisms that regulate host-virus interactions at the single-cell level by unravelling phenotypic heterogeneity within infected populations. By using physiological markers and single-cell transcriptomics, we propose to discern between host subpopulations and define their different “metabolic states”, in order to map them into different modes of susceptibility and resistance. By using advanced metabolomic approaches, we also aim to define the infochemical microenvironment generated during viral infection and examine how it can shape host phenotypic plasticity. Mapping the transcriptomic and metabolic footprints of viral infection will provide a meaningful tool to assess the dynamics of active viral infection during natural E. huxleyi blooms. Our novel approaches will pave the way for unprecedented quantification of the “viral shunt” that drives nutrient fluxes in marine food webs, from a single-cell level to a population and eventually ecosystem levels. 
",Asaf Vardi,"Weizmann Institute [999979306,IL]",Israel,-,681715,ERC-2015-COG,Consolidator Grants,Life Sciences (LS),"LS8 - Environmental Biology, Ecology & Evolution",2015,2016-11-01 00:00:00,2021-10-31 00:00:00,2749901,https://cordis.europa.eu/project/id/681715
Horizon 2020,ECOWIZARD,EcoWizard: innovative nanomaterials require ecologically based safety assessment,"Engineered nanomaterials (ENMs) are widely used, and nanotechnological innovations grow with rapid pace. Studies on nanotoxicology have demonstrated that chemical toxicology as well as particle toxicology should be accounted for in predicting the safety of ENMs; and no simple correlation between toxic responses and mass, nanoparticle size or any other particle characteristic is found. Effects often occur only after long-term exposure, whereas evidence of acute toxicity induced by ENMs is limited. Hence, current hazard assessment lacks accurate approaches to assess the safety of ENMs at species level nor does it accounted knowledge for knowledge on how ENMs affect species relationships. To overcome these problems, I address within my proposal 2 key gaps: 1) The current lack of understanding of the chronic effects of ENMs at environmentally relevant conditions at the individual species level as well as at higher ecological levels including considerations of species interactions. 2) The current lack of transferability of dose and response knowledge allowing to extrapolation towards untested (advanced) ENMs and untested species. The EcoWizard project aims to acquire fundamental and generalizable insights into the chronic effects on species and species interactions induced by long-term exposure to (advanced) ENMs at environmentally relevant conditions. My ambitious aim is to combine lab-based experiments and field-realistic mesocosm experiments in tandem with ecophysiological modelling and ecological modelling. Results obtained during this project will ultimately break new grounds by providing the first fundamental insights into the chronic impacts of ENMs on organisms and species interactions, explicitly accounting for the ‘ecology’ in ecotoxicology. The project results will generate the backbone of new ecological-based models that allow to quantify the environmental impact of newly developed ENMs and that are broadly applicable to other ecosystems.",Martha Gerdina Vijver,"Leiden University [999974553,NL]",Netherlands,West-Nederland (NL3),101002123,ERC-2020-COG,Consolidator Grants,Life Sciences (LS),LS9 - Biotechnology & Biosystems Engineering,2020,2021-05-01 00:00:00,2026-04-30 00:00:00,2000000,https://cordis.europa.eu/project/id/101002123
Horizon 2020,AdLibYeast,Synthetic platforms for ad libitum remodelling of yeast central metabolism,"Replacement of petrochemistry by bio-based processes is key to sustainable development and requires microbes equipped with novel-to-nature capabilities. The efficiency of such engineered microbes strongly depends on their native metabolic networks. However, aeons of evolution have optimized these networks for fitness in nature rather than for industrial performance. As a result, central metabolic networks are complex and encoded by mosaic microbial genomes in which genes, irrespective of their function, are scattered over the genome and chromosomes. This absence of a modular organization tremendously restricts genetic accessibility and presents a major hurdle for fundamental understanding and rational engineering of central metabolism. To conquer this limitation, I introduce the concept of ‘pathway swapping’, which will enable experimenters to remodel the core machinery of microbes at will._x000D_Using the yeast Saccharomyces cerevisiae, an industrial biotechnology work horse and model eukaryotic cell, I propose to design and construct a microbial chassis in which all genes encoding enzymes in central carbon metabolism are relocated to a specialized synthetic chromosome, from which they can be easily swapped by any –  homologous or heterologous – synthetic pathway. This challenging and innovative project paves the way for a modular approach to engineering of central metabolism._x000D_Beyond providing a ground-breaking enabling technology, the ultimate goal of the pathway swapping technology is to address hitherto unanswered fundamental questions. Access to a sheer endless variety of configurations of central metabolism offers unique, new possibilities to study the fundamental design of metabolic pathways, the constraints that have shaped them and unifying principles for their structure and regulation. Moreover, this technology enables fast, combinatorial optimization studies on central metabolism to optimize its performance in biotechnological purposes.",Pascale Andrée Simone Lapujade Daran,"Delft University of Technology [999977366,NL]",Netherlands,West-Nederland (NL3),648141,ERC-2014-COG,Consolidator Grants,Life Sciences (LS),LS9 - Biotechnology & Biosystems Engineering,2014,2015-09-01 00:00:00,2020-08-31 00:00:00,2149717.5,https://cordis.europa.eu/project/id/648141
Horizon Europe,FourSurf,Surfaces on fourfolds,"Enumerative geometry is the field of algebraic geometry dealing with counting geometric objects satisfying constraints. For instance, in Ancient Greece, Apollonius asked how many circles are tangent to three given circles in the plane. It is a very active area due to unexpected connections with other fields of mathematics and physics. So far, modern enumerative geometry is largely about counting curves. Recently I worked on foundations for a theory for counting surfaces in 4-dimensional spaces. This is the starting point of this proposal, which is about discovering new properties of 4-dimensional spaces using surface counting.  

Project A explores surface counting in Calabi-Yau, hyper-Kähler, and Abelian fourfolds in a series of concrete settings. The impact is this: when the count is non-zero for some (2,2) class γ on X, then it implies the variational Hodge conjecture for (X,γ). The Hodge conjecture is one of the millennium prize problems and the first open case is for (2,2) classes on 4-dimensional spaces. 

Project B investigates 4-dimensional singularities. It is about discovering a connection between the geometry and algebra hidden in the singularity called ""crepant resolution conjecture"". The impact is this: for 3-dimensional singularities the crepant resolution conjecture does not work when surfaces get contracted. By embedding 3-dimensional singularities in 4 dimensions, I expect to solve this open case. 

Project C shifts from counting surfaces in 4-dimensional space to counting representations of 4-dimensional non-commutative rings. The same move for 3-dimensional rings opened up an entire field, and this project will do the same for 4-dimensional rings. Interesting examples include Sklyanin algebras, non-commutative resolutions of 4D Gorenstein singularities, and quantum Fermat sextic fourfolds.

The common denominator of these projects is that they involve 4D phenomena that could previously not be explored and are made accessible by this proposal.",Martinus Kool,"Utrecht University [999985805,NL]",Netherlands,West-Nederland (NL3),101087365,ERC-2022-COG,Consolidator Grants,Physical sciences & engineering (PE),PE1 - Mathematics,2022,2023-09-01 00:00:00,2028-08-31 00:00:00,1870000,https://cordis.europa.eu/project/id/101087365
Horizon 2020,GRANT,"Groups, Representations and Analysis in Number Theory","The last decade has seen remarkable progress in the study of growth in infinite families of groups. The main approach has its roots in additive combinatorics, but has truly given fruit in a non-commutative context. It is becoming clear that the central role is played not by groups in isolation, but by actions of groups. It is from this perspective that my plan addresses, at the same time, questions on growth in groups as such and hard problems in analytic number theory._x000D__x000D_While this line of research on growth started with the study of matrix groups, it has now given strong results on permutation groups as well. Two outstanding matters are the control of dependence on rank in matrix groups, and the removal of the need for the Classification Theorem in permutation groups. Going beyond these questions on diameter and expansion, there are at least three new directions I propose to follow: towards algorithms, towards geometric group theory, and towards number theory._x000D__x000D_Some of the main recent results in the area take the form of diameter bounds. Bounding a diameter amounts to showing that one can express any element of a group as a short product of generators. One of the main algorithmic questions consists in actually finding such an expression, and doing so rapidly. Links between geometric group theory (which studies growth in infinite groups) and the new combinatorial techniques ought to become stronger. Sofic and hyperlinear groups -- which arose in part from geometric group theory -- seem to invite a combinatorial approach._x000D__x000D_Additive combinatorics has already shown its relevance to exponential sums, a key subject in analytic number theory. Can a newer perspective based on actions of groups give more general results? Short Kloosterman sums, which are particularly hard to bound, can be framed as a test case._x000D__x000D_I also plan to pursue related interests in automorphic forms - which are a classical example of the relevance of group actions to number theory - and model theory.",Harald Andres Helfgott Seier,"University of Goettingen [999845640,DE]",Germany,Niedersachsen (DE9),648329,ERC-2014-COG,Consolidator Grants,Physical sciences & engineering (PE),PE1 - Mathematics,2014,2015-09-01 00:00:00,2021-08-31 00:00:00,1374250,https://cordis.europa.eu/project/id/648329
FP7,GeTeMo,"Geometry, Groups and Model Theory.","Our proposed research lies at the interface of Geometry, Group Theory, Number Theory and Combinatorics. In recent years, striking results were obtained in those disciplines with the help of a surprise newcomer at the border between mathematics and logic: Model Theory. Bringing its unique point of view and its powerful formalism, Model Theory made a resounding entry into several different fields of mathematics. Here shedding new light on a classical phenomenon, there solving a long-standing open problem via a completely new method._x000D__x000D_Recent examples of concrete mathematical problems where Model Theory interacted in a fruitful manner abound: the local version of Hilbert's 5th problem by Goldbring and van den Dries, Szemeredi's theorems in combinatorics and graph theory, the André-Oort conjecture in diophantine geometry (Pila, Wilkie, Zannier), etc. In this vein, and building on Hrushovski's model-theoretic work, Green, Tao and myself recently settled a conjecture of Lindenstrauss pertaining to the structure of approximate groups._x000D__x000D_Our plan in this project is to put these methods into further use, to collaborate with model theorists, and to start looking through this prism at a small collection of familiar problems coming from combinatorics, group theory, analysis and spectral geometry of metric spaces, or from arithmetic geometry. Among them: extend our study of approximate groups to the general setting of locally compact groups, obtain uniform estimates on the spectrum of Cayley graphs of large finite groups, prove an analogue for character varieties of the Pink-Zilber conjectures in relation with rigidity theory for discrete subgroups of Lie groups, and clarify the links between uniform spectral gaps and height lower bounds in diophantine geometry with a view towards Lehmer's conjecture.","Emmanuel, François, Jean Breuillard","University of Cambridge [999977172,UK]",United Kingdom,-,617129,ERC-2013-COG,Consolidator Grants,Physical sciences & engineering (PE),PE1 - Mathematics,2013,2014-06-01 00:00:00,2019-05-31 00:00:00,1284000,https://cordis.europa.eu/project/id/617129
Horizon 2020,MAST,Imaging Magmatic Architecture using Strain Tomography,"Volcanic unrest can give warning of impending eruptions, thus monitoring and appropriate emergency management saves lives. However, the ability to accurately forecast the future behaviour of individual volcanoes relies on interpreting changes in the underlying magmatic system. The conceptual understanding of magmatic systems has evolved rapidly and there is now ample geophysical and petrological evidence that a fluid-dominated ‘magma chamber’ is only one component of a much larger system with a heterogeneous distribution of melts, crystals and gases. The opportunity exists to use these advances to interpret monitoring signals, to improve forecasting skills and in turn contribute to the paradigm shift in understanding. In particular, satellite technology has revolutionised the coverage, resolution and frequency of deformation measurements and is increasingly used for volcano monitoring. Dense time-series of high-resolution images reveal complexity and diversity than was not apparent when only infrequent point measurements were available. The latest images are more compatible with the paradigm of extensive multiphase, magmatic systems, but even the most recent models still rely on spheroidal chamber geometries.

The aims of MAST are thus 1) to analyse and model volcano deformation independent of constraints on geometry or rheology and 2) to link the long-term evolution of the temperature and melt fraction to patterns of surface deformation. These aims capitalise on the rise of satellite data, and recent advances in machine learning, strain imaging and the modelling of multiphase systems. The outputs will provide a scientific basis for observatories to interpret signals observed during unrest and to forecast future activity. Most importantly, the outputs will be consistent with – and contribute to - the latest understanding of magmatic systems. This multidisciplinary proposal is inherently high risk, but builds on my experience leading a broad team of investigators.
",Clare Juliet Biggs,"University of Bristol [999974262,UK]",United Kingdom,-,101003173,ERC-2020-COG,Consolidator Grants,Physical sciences & engineering (PE),PE10 - Earth System Science,2020,2022-07-01 00:00:00,2027-06-30 00:00:00,1995365,https://cordis.europa.eu/project/id/101003173
Horizon 2020,FaultScan,Passive seismic scanning of the preparation phase of damaging earthquakes,"The recent September 2017, magnitude 7.1, central Mexico earthquake that caused 370 casualties reminds us that earthquakes are among the most dramatic natural disasters worldwide. Causal physical processes are not instantaneous and laboratory and numerical experiments predict that earthquakes should be preceded by a detectable slow preparation phase. Despite considerable efforts, however, robust geophysical precursors have not yet been observed before damaging earthquakes. 
My FaultScan project will revolutionize our ability to directly observe transient deformation within the core of active faults and provide unprecedented accuracy in the detection of earthquake precursors. My ambition is to develop a new, noise-based, high resolution, seismic monitoring approach. I intend to grasp the opportunity of a recent step change in seismic instrumentation and data processing capabilities to achieve a dream for seismologists: reproduce repeatable, daily, virtual seismic sources that can probe the core of active faults at seismogenic depths using only passive seismic records. 
I plan to target the San Jacinto Fault (a branch of the San Andreas Fault system) that is currently believed to pose one of the largest seismic risks in California. It is an ideal fault for this project because it is very active, already extensively studied and easily accessible for the pilot field data acquisition work.
This project is in collaboration with the Univ. of South. California, the Univ. of Cal. San Diego and specialists in earthquake mechanics and will include earthquake preparation processes and seismic modeling that will guide us for our long-term (3 years), breakthrough, passive seismic experiment and further data analysis and interpretation.
I strongly believe that this project has a very high potential for providing fundamental results on the physics of earthquakes and faults and that it will have a major impact on earthquake prediction worldwide in the near future.","Florent, Billy Brenguier","University Grenoble Alpes [897379108,FR]",France,Auvergne-Rhône-Alpes (FRK),817803,ERC-2018-COG,Consolidator Grants,Physical sciences & engineering (PE),PE10 - Earth System Science,2018,2019-06-01 00:00:00,2025-05-31 00:00:00,2524630,https://cordis.europa.eu/project/id/817803
Horizon 2020,ICORDA,Ice CORe DAting tools revisited to infer the dynamic of glacial – interglacial transitions over the last 1.5 million years,"The Quaternary period (last 2600 thousands of years, hereafter ka) is the ideal period to evaluate our understanding of climate processes with general circulation models (GCM) used for prediction of future climate. During this period, the largest climate changes are glacial – interglacial transitions, hereafter terminations, the last termination being a classical benchmark for GCM. The rhythm of terminations changed from a world associated with a 40 ka periodicity to a world associated with a 100 ka glacial – interglacial periodicity between 1250 and 700 ka. The cause for this transition is a long debated question highlighting that the causes and mechanisms of terminations are still poorly understood. The timing and amplitudes of terminations indeed result from multiple influences of insolation forcing, ice sheet size, atmospheric greenhouse gases (GHG) concentration as well as shorter (millennial) scale climate variability. The big challenge of ICORDA consists in solving major puzzles on the mechanisms of terminations by deciphering these different influences using two key Antarctic ice core records: EPICA Dome C covering the last 800 ka and an ice core to be drilled in the coming years and covering the last 1500 ka. While ice cores provide unique continuous and high resolution climatic and GHG records, they are still too poorly dated on long timescales to address the aforementioned challenge. ICORDA aims at rethinking the way ice core chronology is built for decreasing drastically the associated uncertainties. This will be done by (1) developing a mechanistic approach for the interpretation of isotopic tracers used for ice core dating and (2) combining numerous low to mid latitude ice core tracers to provide a global picture of climate change during terminations. The strategy involves interdisciplinarity between climate, geochemistry, ecophysiology and innovative instrumental developments as well as field, laboratory experiments and modeling.",Amaelle Adeline Landais Israel,"National Centre for Scientific Research (CNRS) [999997930,FR]",France,Ile-de-France (FR1),817493,ERC-2018-COG,Consolidator Grants,Physical sciences & engineering (PE),PE10 - Earth System Science,2018,2019-12-01 00:00:00,2025-05-31 00:00:00,1994100,https://cordis.europa.eu/project/id/817493
FP7,PALEOGENIE,PAst Links in the Evolution of Ocean’s Global ENvIronment and Ecology,"Species do not live in isolation, but adapt and ultimately, evolve, in relationship with other species as well as with their chemical and physical environment. In the marine environment, this interaction is intimately two-way – the surface biogeochemical environment modulates the makeup of the pelagic ecosystem, yet at the same time, the ecosystem assemblage, by setting the strength of the biological pump and ultimately, in regulating the carbon and nutrient inventory of the ocean and atmospheric pCO2, influences the surface geochemical environment. Feedbacks, both negative and positive, must therefore exist between plankton ecology and global biogeochemical cycles. This has implications for understanding the geological record and particularly the response and recovery of marine ecosystems following major environmental perturbation, but also complicates making projections of future ocean changes._x000D_The proposed project – PALEOGENiE – will directly address these challenges via the development of a unique coupled model of past plankton ecology and global biogeochemical cycles. The geological record of planktic ecosystems – nannofossils – will be collated and analyzed across a spectrum of geological events for which evidence of major changes in climate and massive carbon release together with the response of planktic ecosystems are recorded: the Paleocene-Eocene Thermal Maximum, the end Cretaceous, and Ocean Anoxic Event 2. Both model and data will then be brought together in a unique attempt to better understanding the micropaleontological record of how sensitive marine ecosystems are to global change as well as how they recover. If successful, PALEOGENiE may help constrain the potential for adaptation as well as rates of evolutionary change, and ultimately could lead to meaningful insights and guidance for the next generation of Earth system models we need to better constrain the future response of marine ecosystems to continued fossil fuel combustion.",Andrew John Ridgwell,"University of Bristol [999974262,UK]",United Kingdom,-,617313,ERC-2013-COG,Consolidator Grants,Physical sciences & engineering (PE),PE10 - Earth System Science,2013,2014-05-01 00:00:00,2019-04-30 00:00:00,1930472,https://cordis.europa.eu/project/id/617313
Horizon Europe,DORMATRIX,Engineering cancer dormancy as a collective emergent phenomenon: from matrix-enabled dormancy to collective dormancy-on-a-chip,"Cancer dormancy and the trigger to transition to active metastatic growth is a big open question. Current in vivo models focus on niche-specific cell and molecular mechanisms, ignoring biophysical aspects. Dormancy evolves with complex spatio-temporal dynamics; yet, there is a knowledge gap in the understanding of the heterogeneity of the units, and the dynamics of their interaction and evolution. Emergence occurs when a critical mass of units synergistically communicates giving rise to a new macro-level organization, with properties greater than the sum of the units. Engineering emergent phenomena in biological systems is a big research challenge as they originate from multiscale communication. 
In DORMATRIX, I propose a radically new view. I hypothesize that the balance between cancer dormancy and “awakening” is a collective emergent phenomenon, whereby a critical mass of micro-units communicates with each other and the environment in order to transition to metastatic growth. The main objective of DORMATRIX is to engineer breast cancer (BC) dormancy as a collective emergent phenomenon using biomaterials-based dormancy-on-a-chip devices. 
My previous data shows that we can (i) apply biophysical cues to control BC proliferation and (ii) visualize in vivo early BC bone metastasis. I will now address this outstanding challenge with a multidisciplinary approach and 1) apply biophysical principles with novel biomaterials to model in vitro cancer micro-units, 2) develop advanced 3D imaging to visualize collective cancer dormancy and bone microdamage, 3) develop in silico models based on evolutionary game theory to predict the dynamics, and 4) prove my hypothesis with dormancy-on-a-chip devices. Understanding the critical mass and multiscale communication required for emergent phenomena will enable the development of novel therapies to delay or prevent metastasis. The resulting technology for engineering emergent phenomena will spark research on other biological systems.",Amaia Cipitria Sagardia,"Biogipuzkoa Health Research Institute [972652078,ES]",Spain,Noreste (ES2),101123883,ERC-2023-COG,Consolidator Grants,Physical sciences & engineering (PE),PE11 - Materials Engineering,2023,2024-10-01 00:00:00,2029-09-30 00:00:00,2349943,https://cordis.europa.eu/project/id/101123883
Horizon 2020,SPEAR,Standard model Precision Electroweak tests at Acute Rapidities,"The Standard Model (SM) is widely accepted to be an approximation of a more complete theory of nature, but laboratory tests have failed to identify a conclusive deviation from its precise predictions. In the SM two of the four fundamental forces of nature, namely the electromagnetic and weak nuclear forces, are governed by three fundamental parameters. These parameters are precisely fixed by experimental determinations of the Z boson mass, the fine structure constant, and the Fermi constant. Other parameters are subsequently predictable and can therefore be confronted with experimental data, potentially exposing physics effects beyond the SM. Of notable importance are the W boson mass and the weak-mixing angle since these two parameters are not yet measured as precisely as they are predicted. A delicate feature of the SM, which could easily be perturbed by new physics, is the universality between the coupling strengths of the three known lepton generations to the gauge bosons. There is an intriguing set of beauty hadron measurements which suggest a violation of lepton universality, with a particularly large effect in the third generation. While inconclusive at this stage these results intensify the demand for a test of a potentially related anomaly in the partial decay width of the W boson to third generation leptons. Qualitatively new ideas are needed to tackle these scientific problems.  LHCb is the first experiment of its kind, as a small-angle spectrometer detector at a hadron collider, and the SPEAR project is well timed to analyse existing data from LHCb and the full dataset from the first running period with the LHCb upgrade. The SPEAR project sets ambitious goals of (i) measuring the W mass for the first time with a small-angle spectrometer (ii), making the first weak mixing angle determination at a hadron collider that matches the precision of electron-positron colliders, and (iii) resolving the long-standing W boson lepton universality puzzle.",Mikael Anton Vesterinen,"University of Warwick [999976784,UK]",United Kingdom,-,865469,ERC-2019-COG,Consolidator Grants,Physical sciences & engineering (PE),PE2 - Fundamental Constituents of Matter,2019,2020-06-01 00:00:00,2026-05-31 00:00:00,1875781,https://cordis.europa.eu/project/id/865469
Horizon 2020,QRES,"Transforming the limits of resolution by utilizing quantum information
","Quantum sensing(QS) and metrology exploit physical laws governing individual quantum systems, and correlations between systems, to measure a physical quantity. Recently, an appreciation of the vast potential for a variety of applications, including magnetic and electric fields, pressure and temperature sensors, and imaging at the nanoscale, has positioned QS at the centre of quantum science and technology. QS is a rapidly growing field, with the most common platforms being spin qubits, trapped ions and flux qubits. The main resource for quantum sensing is coherence, the definite phase relation between different states. This phase can only survive until the coherence time, which limits the sensitivity of quantum sensing. For quantum sensing the decay time T1 is believed to be the ultimate limit.

QS targets a broad spectrum of physical quantities, of both static and time-dependent types. While 
the most important characteristic for static quantities is sensitivity, for time-dependent signals it is the resolution, i.e. the ability to resolve two different frequencies. This is the central subject of the proposed research.

Quantum computing has been shown to be feasible thanks to the realization that error correction can be applied to quantum operations in a fault-tolerant way. This opens up the possibility to realize quantum operations at very precise levels of accuracy and resolution.

In my planned research I will address the issue of whether this extraordinary accuracy, when combined with robust time keeping methods, can be exploited to enhance quantum sensing in general - and resolution in particular. For this purpose, I will design protocols that far surpass the state-of-the-art, with the final goal being to overcome the T1 limit. Besides the insights gained for quantum theory, the research will result in detailed proposals for experiments to be realized by experimental groups investigating Nitrogen-Vacancy color centers in diamond and trapped-ion quantum logic.
",Alexander Retzker Menes,"Hebrew University of Jerusalem [999975038,IL]",Israel,-,770929,ERC-2017-COG,Consolidator Grants,Physical sciences & engineering (PE),PE2 - Fundamental Constituents of Matter,2017,2018-04-01 00:00:00,2025-03-31 00:00:00,1820475,https://cordis.europa.eu/project/id/770929
FP7,NearFieldAtto,Attosecond physics at nanoscale metal tips - strong field physics in the near-field optics regime,"Electron dynamics in metals and nanostructures take place on attosecond timescales. Until today, these extremely fast processes are little understood let alone utilized. With NearFieldAtto, strong-field driven phenomena at nanoscale metal structures will be explored to elucidate collective electron dynamics and to induce optical-field-driven currents -- on attosecond timescales. We will investigate the near-field of a nanotip, resulting from the collective dynamics, both in amplitude and phase. Conversely, we will use the tip as a nanometric sensor to map out the electric field inside the focus of a pulsed laser beam and will directly measure the local phase. In two-tip and molecular junctions, we will explore the ultrafast steering of electronic currents by optical fields, both over a nanometric gap and inside a molecule, taking advantage of the large near-field enhancement the systems offer. _x000D__x000D_My group has recently shown that attosecond physics phenomena can be observed at solids, namely at nanoscale tips [Krüger et al., Nature 2011]. Hence, in NearFieldAtto we will employ techniques well known from attosecond physics with isolated objects, like gas-phase atoms and molecules, to steer laser-emitted electrons with the electric field of few-cycle laser pulses. We will use these electrons as nanometric probes to investigate optical properties of the solid state system and compare the results with those of isolated objects in gas-phase measurements. With two tips facing each other, we will realize a nanometric junction over which we will steer electrons with the optical field. A molecule placed between two tips will enable the investigation of a novel, ultrafast switching mechanism._x000D__x000D_NearFieldAtto will bring attosecond physics a leap forward as compared to the state-of-the-art, will introduce strong-field physics into (quantum-)plasmonics, and will open the door towards lightwave or petahertz nano-electronics in metallic and molecular nano-systems.",Jens Peter Hommelhoff,"University of Erlangen-Nuremberg [999995408,DE]",Germany,Bayern (DE2),616823,ERC-2013-COG,Consolidator Grants,Physical sciences & engineering (PE),PE2 - Fundamental Constituents of Matter,2013,2014-04-01 00:00:00,2019-03-31 00:00:00,2012733,https://cordis.europa.eu/project/id/616823
Horizon 2020,QTONE,Quantum Plasmomechanics with THz Phonons and Molecular Nano-junctions,"QTONE aims at discovering new quantum phenomena involving THz vibrational modes, and at gaining control over them using novel concepts inspired from cavity quantum optomechanics and new techniques developed for nano-plasmonics and molecular break-junctions. The three main goals of the project are:

(i) Perform optomechanical quantum information processing with THz phonons in low-dimensional systems, using a combination of ultrafast spectroscopy and time-correlated photon counting to measure quantum correlations mediated by non-classical vibrational states. 

(ii) Demonstrate the feasibility of dynamical backaction amplification of THz phonons by coupling molecules and nanomaterials to plasmonic cavities and by leveraging exciton-phonon coupling to realize exciton-assisted optomechanics. 

(iii) Interrogate and drive a single-molecule inside a plasmonic nanocavity using simultaneous inelastic electron tunneling and Raman spectroscopies in a molecular break-junction with engineered plasmonic resonance. 

I anticipate that this project will have widespread impacts on our understanding of quantum phenomena in molecular-scale oscillators, and will foster the excellence of Europe in fields ranging from fundamental science to quantum technologies and molecular electronics.","Christophe, Marcel, Georges Galland","Swiss Federal Institute of Technology Lausanne (EPFL) [999973971,CH]",Switzerland,-,820196,ERC-2018-COG,Consolidator Grants,Physical sciences & engineering (PE),PE3 - Condensed Matter Physics,2018,2019-08-01 00:00:00,2024-11-30 00:00:00,2437500,https://cordis.europa.eu/project/id/820196
Horizon 2020,MechaDynA,Multi-scale mechanics of dynamic leukocyte adhesion,"Leukocytes, white blood cells, patrol the vascular wall of our vessels in search of sites of inflammation. In the so-called leukocyte adhesion cascade, leukocytes flowing at high velocities (up to mm/s) impact the vessel wall, roll at µm/s, and finally migrate at nm/s to the site of inflammation. They are thus subjected to mechanical forces from sub-msec to several minutes. Complete understanding of the physical processes behind leukocyte adhesion requires an approach over multiple length and time scales, from single protein molecules to the whole cell. This is far from being established due, in part, to the lack of techniques covering the wide range of length and time scales involved. We have recently implemented high-speed atomic force microscopy (HS-AFM) to perform force spectroscopy measurements on biological samples with microsec time resolution. The novel acoustic force spectroscopy (AFS) traps hundreds of particles in parallel allowing hours-long measurements on single molecules.
MechaDynA proposes to develop and apply these two novel nanotools to allow force measurements on living cells with the goal of obtaining a complete, multi-scale picture of the physics behind the leukocyte adhesion cascade over the widest dynamic range (µs-min). This will require development of HS-AFM technology and coupling with advanced optical microscopy. We will probe the binding strength of single adhesion complexes, and membrane and cytoskeleton mechanics at physiologically relevant time scales not explored so far. Technologically, it will establish HS-AFM and AFS as force measurement tools for living cells covering the widest temporal range. This will open the door to unexplored physical phenomena in cell biology, biological physics and soft condensed matter. Biomedically, the expected outcomes will provide a mechanistic description of the physical phenomena in leukocyte immune response that may lead to better diagnosis and therapeutics.",Felix Emilio Rico Camps,"Aix-Marseille University [955518483,FR]",France,Provence-Alpes-Côte d’Azur (FRL),772257,ERC-2017-COG,Consolidator Grants,Physical sciences & engineering (PE),PE3 - Condensed Matter Physics,2017,2018-09-01 00:00:00,2024-08-31 00:00:00,2068959,https://cordis.europa.eu/project/id/772257
Horizon 2020,GlassUniversality,Universal explanation of low-temperature glass anomalies,"While amorphous solids constitute most of the solid matter found in Nature, their understanding is much poorer than for
crystalline solids, at the point that most solid state textbooks are entirely focused on crystals. The reason underlying this uncomfortable situation is that amorphous solids display all kind of anomalies with respect to a simple description in terms of phonon excitations around a perfect lattice. In particular, they display an excess of low-frequency vibrational modes, their thermodynamic and transport coefficients behave differently from crystals, they respond non-linearly to arbitrarily small strains, and have highly cooperative dynamics. Traditionally, each of these aspects has been studied independently of the others, by almost distinct communities, and in terms of microscopic elements that are specific to a given material.

The objective of this proposal is to take a different approach and seek a universal explanation of all the anomalies of amorphous solids, in terms of criticality associated with a new phase transition between two distinct glass phases.

This goal is both ambitious and reachable. It is reachable because such a phase transition has just been theoretically predicted to exist on rigorous grounds, in an abstract limit of infinite spatial dimensions; its existence allows one to compute the critical exponents of jamming, in strikingly good agreement with numerical simulations; and the transition has been observed numerically in a realistic model of glass. It is ambitious because it requires to firmly establish the universal nature of the transition, and connect it to the experimentally observed anomalies through concrete analytical and numerical calculations, which will open the way to a direct experimental test. Both tasks require solving a number of difficult conceptual and technical problems. But, if successful, this project could lead to a revolution in our understanding of amorphous solid matter.","Francesco, Ascanio Mario Marcello Zamponi","National Centre for Scientific Research (CNRS) [999997930,FR]",France,Ile-de-France (FR1),723955,ERC-2016-COG,Consolidator Grants,Physical sciences & engineering (PE),PE3 - Condensed Matter Physics,2016,2017-09-01 00:00:00,2023-02-28 00:00:00,1362125,https://cordis.europa.eu/project/id/723955
Horizon 2020,SPINBEYOND,Spin Transport Beyond Electrons,"Spintronics is motivated by the quest for the next-generation beyond-Moore electronics. The conventional approach that is based on single-electron spin currents does, however, not solve the thermodynamic bottleneck that is caused by the dissipation associated with moving electrons. A revolutionary new approach to electronics is based on information processing and transfer by means of magnons, i.e., quanta of the collective spin-wave excitations in magnets, so that the electrons do not move at all. On top of this application perspective, magnons give rise to completely new physical phenomena that arise due to magnonic collective effects and that do not fit the paradigm of single-electron spintronics.
This shift from single-electron to collective degrees of freedom to carry spin current – in large part substantiated by a 2015 experimental breakthrough involving the PI – calls for the formulation of a new basic model that includes these novel collective phenomena on equal footing with single-particle spin currents. It is the central and unifying scientific goal of this theoretical-physics proposal to develop this model. We focus on three material systems: ferromagnetic insulators, ferromagnetic metals, and antiferromagnets, and for each of these the objective is to bring out the new physics that arises due to i) coupled spin-heat transport in the linear-response regime, ii) collective effects in spin valves, and iii) magnon Bose-Einstein condensation and spin superfluidity. The latter paves the way for “magnon superspintronics”, the integration of room-temperature spin superfluidity with spintronics. In terms of methodology the proposed research spans the spectrum from phenomenological hydrodynamic theory to evaluation of the various bulk and interface parameters from microscopic descriptions. Our recent work gives us, combined with our background in cold-atom systems, a head start to carry out the proposed research.",Rembertus Abraham Duine,"Utrecht University [999985805,NL]",Netherlands,West-Nederland (NL3),725509,ERC-2016-COG,Consolidator Grants,Physical sciences & engineering (PE),PE3 - Condensed Matter Physics,2016,2017-09-01 00:00:00,2022-08-31 00:00:00,1617500,https://cordis.europa.eu/project/id/725509
Horizon 2020,TheONE,The Janus-face of the localized carrier in cuprates: Generating the pseudogap and high temperature superconductivity,"The phenomenon of high-temperature (high-Tc) superconductivity (SC) is one of the most exciting, thoroughly investigated yet still unresolved problems in physics. A major difficulty in understanding high-Tc systems lies in the complexity of the materials and phase diagram. The delicate balance between material specific properties, disorder and the number of electronic phases superimpose makes it hard to identify the leading interactions. Consequently, theoretical models attempting to describe the high-Tc SC are significantly disparate and identifying the mechanism of SC at elevated temperatures is full of hardship.
Due to the proximity of the antiferromagnetic phase, the strong electronic interactions, the appearance of a pseudogap etc., the electronic phase is considered to be exotic, a non-Fermi Liquid and the coupling mechanism for Cooper pairs strange. Based on my recent experiments, here I propose a change of paradigm:
•that the charge carriers which couple to give high temperature superconductivity follow the well-known Fermi-liquid behavior
•that the pseudogap phenomenon corresponds to a gradual (Mott-like) localization of exactly ONE charge carrier per unit cell
•the “Glue” for pairing stems from a bosonic excitation of ONE localized carrier leading to a novel excitonic mechanism for SC.
These hypotheses will be tested primarily on the model compound Hg1201, which features a simple tetragonal structure, minimal disorder effects, and the highest Tc in its class of single-layer compounds. Fermi-liquid aspects will be probed by novel approaches to (magneto)transport, optical conductivity. The relation between SC and The ONE will be explored by unique experimental setups that combine uniaxial-pressure with local/structural probes.
If the above conjectures are indeed confirmed it would give an enormous boost to this field. Beyond finding the solution of a 30-year-old enigma, it would enable an educated search for new materials with potentially even higher Tc's.","Neven, Zitomir Barisic","Vienna University of Technology [999979888,AT]",Austria,Ostösterreich (AT1),725521,ERC-2016-COG,Consolidator Grants,Physical sciences & engineering (PE),PE3 - Condensed Matter Physics,2016,2017-09-01 00:00:00,2023-08-31 00:00:00,2133950,https://cordis.europa.eu/project/id/725521
Horizon 2020,CNT-QUBIT,Carbon Nanotube Quantum Circuits,"The aim of this proposal is to use spin qubits defined in carbon nanotube quantum dots to demonstrate measurement-based entanglement in an all-electrical and scalable solid-state architecture. The project makes use of spin-orbit interaction to drive spin rotations in the carbon nanotube host system and hyperfine interaction to store quantum information in the nuclear spin states. The proposal builds on techniques developed by the principal investigator for fast and non-invasive read-out of the electron spin qubits using radio-frequency reflectometry and spin-to-charge conversion._x000D__x000D_Any quantum computer requires entanglement. One route to achieve entanglement between electron spin qubits in quantum dots is to use the direct interaction of neighbouring qubits due to their electron wavefunction overlap. This approach, however, becomes rapidly impractical for any large scale quantum processor, as distant qubits can only be entangled through the use of qubits in between. Here I propose an alternative strategy which makes use of an intriguing quantum mechanical effect by which two spatially separated spin qubits coupled to a single electrical resonator become entangled if a measurement cannot tell them apart._x000D__x000D_The quantum information encoded in the entangled electron spin qubits will be transferred to carbon-13 nuclear spins which are used as a quantum memory with coherence times that exceed seconds. Entanglement with further qubits then proceeds again via projective measurements of the electron spin qubits without risk of losing the existing entanglement. When entanglement of the electron spin qubits is heralded – which might take several attempts – the quantum information is transferred again to the nuclear spin states. This allows for the coupling of large numbers of physically separated qubits, building up so-called graph or cluster states in an all-electrical and scalable solid-state architecture._x000D_",Mark Robertus Buitelaar,"University College London [999975620,UK]",United Kingdom,-,648229,ERC-2014-COG,Consolidator Grants,Physical sciences & engineering (PE),PE3 - Condensed Matter Physics,2014,2015-09-01 00:00:00,2021-04-30 00:00:00,1998574,https://cordis.europa.eu/project/id/648229
Horizon 2020,QLIMIT,Challenging The Limits Of Molecular Quantum Interference Effects,"Over the last ten years, there has been a growing interest in quantum interference effects observed in molecules. Remarkably, given their fragility in mesoscopic physics, molecular quantum interference effects can be readily observed at room temperature in solution. This robustness comes from the extremely small size of the molecular components (1-2nm) and thereby the small dimensions over which phase coherence is required.   The aim of this project is to challenge the limits of molecular quantum interference effects delivering clear predictions of how to realise these effects in three challenge areas.  1. Beyond single molecules: intermolecular interference effects. This work package will investigate interference effects between molecules and in monolayers to find systems where intermolecular interference effects emerge with a long-term view to materials.  2. Beyond classical electronics: Quantum gates  Given that interference effects are an indication of phase coherence being maintained across the molecule, we should be able to exploit the quantum nature of the system for more than simply suppressing current. Proposals exist in the literature for realising a quantum computer through scattering, so this work package will investigate use the interference effects in molecules to suggest candidate systems for this type of quantum computer. 3. Beyond electron transport: Controlling vibrational energy redistribution  This work package will focus on how to use interference effects to control vibrational energy redistribution within single molecules with an aim of using this to modulate product ratios in organic reactions.  This project takes ideas that have come out of molecular electronics and tests the scope of their application in three neighbouring areas: supramolecular chemistry, quantum computing and organic chemistry. This project takes a first step in these directions, and success in any work package has the possibility to open a whole new field of research.",Gemma Clare Solomon Larsen,"University of Copenhagen [999991043,DK]",Denmark,Danmark (DK0),865870,ERC-2019-COG,Consolidator Grants,Physical sciences & engineering (PE),PE4 - Physical & Analytical Chemical Sciences,2019,2020-06-01 00:00:00,2026-05-31 00:00:00,1999468,https://cordis.europa.eu/project/id/865870
Horizon 2020,PushQChem,Pushing Quantum Chemistry by Advancing Photoswitchable Catalysis,"This project exploits the synergy between the trending area of artificial molecular machines and cutting edge computational chemistry approaches. Specific emphasis is placed on photoswitchable catalysts, which respond to external stimuli with a conformational or configurational change. These controllable motions allow catalytic function to be turned ON/OFF in a switch type fashion by opening/hindering access of a substrate to a catalytic site. On one hand, the rich morphology and chemistry of these smart catalysts calls for computational insights and design principles that complement experiment and push the field forward. On the other hand, the inherent complexity of these highly fluxional molecules makes them perfect subjects for driving modern quantum chemistry out of its comfort zone. To benefit from this synergy, the latest innovations in quantum chemistry-based machine learning techniques will be combined with methods capable of thoroughly mapping the intricate chemistry of molecular actuators. Overall, we aim to bridge the gap between the current state-of-the-art, which has reached reasonable quantum chemical accuracy for rigid medium size organic molecules, and more challenging fluxional architectures. The proposed methodological toolbox will be applied to the field of smart catalysis where general strategies for improving the efficiencies and enhancing enantioselectivity will be formulated. Thus, this project involves exploiting a wide range of modern computational approaches to chemical tasks that are broadly relevant to flexible/switchable catalytic systems. The anticipated output will furnish the computational chemistry community with a comprehensive array of novel next-generation approaches with applicability beyond the field of molecular machines.",Anne-Clémence Corminboeuf Wodrich,"Swiss Federal Institute of Technology Lausanne (EPFL) [999973971,CH]",Switzerland,-,817977,ERC-2018-COG,Consolidator Grants,Physical sciences & engineering (PE),PE4 - Physical & Analytical Chemical Sciences,2018,2019-10-01 00:00:00,2025-12-31 00:00:00,1949385,https://cordis.europa.eu/project/id/817977
Horizon 2020,MISOTOP,Mechanochemistry: a unique opportunity for oxygen isotopic labelling and NMR spectroscopy,"Oxygen is an element of major importance, due to its presence in the vast majority of molecules and materials. Over the years, much effort has been put into the development of analytical techniques allowing the study of oxygen environments, in view of elucidating key questions about the structure and reactivity of a variety of systems. In this context, Nuclear Magnetic Resonance (NMR) spectroscopy has been the focus of much attention, because it has progressively emerged as a technique capable of providing deep insight into the local structure around this atom. However, NMR spectroscopy is highly challenging for oxygen, mainly because the NMR-active isotope, oxygen-17, has a very low natural abundance (0.04%), and hence a very poor sensitivity. Because of this, the majority of 17O NMR studies require enriching the molecules and materials of interest in 17O. Unfortunately, 17O-labelling is simply unaffordable at the moment for most research groups, meaning that 17O NMR spectroscopy is inaccessible to the broad community, and still considered as an “exotic” tool of analysis. 
           In this ERC project, the goal is to develop new rapid, user-friendly, and low-cost protocols for enriching a wide variety of organic and inorganic compounds in 17O by using mechanosynthesis. This original approach will then be taken as a unique opportunity (i) to push the current boundaries of 17O solid state NMR spectroscopy (by developing new tools for studying the structure of complex molecular and materials systems), and (ii) to elucidate major questions which could not be addressed so far, especially concerning reaction mechanisms between solids and the structure of interfaces of biological relevance. 
           In doing so, the overall idea is to make 17O NMR spectroscopy become a more standard analytical tool used by a vast research community, including chemists, biologists and physicists.
","Danielle, Anna Laurencin","National Centre for Scientific Research (CNRS) [999997930,FR]",France,Ile-de-France (FR1),772204,ERC-2017-COG,Consolidator Grants,Physical sciences & engineering (PE),PE4 - Physical & Analytical Chemical Sciences,2017,2018-10-01 00:00:00,2024-12-31 00:00:00,1999836,https://cordis.europa.eu/project/id/772204
Horizon 2020,GRANN,Graphene Coated Nanoparticles and Nanograins,"In a truly cross-disciplinary research project encompassing surface science, optics, nano-science, astrophysics and chemistry we will synthesize a novel family of high quality mono-layer graphene coated nanoparticles and graphene nanograins with new chemical and optical properties and investigate their catalytic activity, chemical stability and optical characteristics to gauge their relevance for and applicability in industrial catalysis, solar cells, and interstellar chemistry. _x000D__x000D_This will be accomplished by extending existing expertise, knowledge and methods developed by us and by international colleagues for graphene synthesis, graphene reactivity and chemical functionalization, graphene coatings on industrially relevant samples and interstellar surface astrochemistry on carbonaceous materials, into the nanoparticle regime. Combined with state-of-the-art surface science characterization methods with emphasis on scanning tunnelling microscopy and spectroscopy, high resolution transmission electron microscopy, X-ray photoelectron spectroscopy, and thermal desorption mass spectrometry, complemented by Raman and transmission spectroscopy, this will enable us to design, characterize, and understand the properties of this new family of particles at the atomic level. _x000D__x000D_The vision is to harness and combine the remarkable properties of graphene and nanoparticles to create systems with entirely new and unexplored characteristics, to tune these characteristics to be useful for real-world applications, and to exploit the new systems as the first realistic laboratory models of catalytic nanoparticles for interstellar surface chemistry._x000D__x000D_This ambitious and cross-disciplinary research program will predominantly take place at the Surface Dynamics Laboratory at Aarhus University which is headed by the applicant, but will also involve local, national and international collaborators._x000D_",Liv Haahr Hornekaer,"Aarhus University [999997736,DK]",Denmark,Danmark (DK0),648551,ERC-2014-COG,Consolidator Grants,Physical sciences & engineering (PE),PE4 - Physical & Analytical Chemical Sciences,2014,2015-07-01 00:00:00,2020-06-30 00:00:00,1996147,https://cordis.europa.eu/project/id/648551
Horizon Europe,StimulART,Stimuli responsive bio-based bisphenols for the synthesis of recyclable thermosets,"Thermosets are an intriguing class of polymeric materials characterized by high durability and excellent thermal stability, indispensable in many industrial sectors such as construction, transportation and aviation. However, due to precisely these sought-after characteristics, they are typically not recycled, contributing to raising environmental concerns. Moreover, thermosets are typically manufactured from unsustainable, petrol-derived Bisphenol-A.
StimulART will tackle the two key scientific challenges that need to be addressed in order to achieve sustainability in thermosets and to integrate this material class into the Circular Economy: a.) Enabling efficient low-temperature recycling through judicious structural and molecular design b.) Achieving meaningful use of renewable resources by embracing their innate structure and reactivity.
This highly interdisciplinary StimulART cuts across scientific boundaries ranging from the chemistry of renewables and sustainable biorefining, organic & green chemistry and catalysis, separation science, materials synthesis and characterization in order to develop fundamental molecular and sustainable biorefinery concepts. Thereby, it will allow access to well-defined, structurally modular, stimuli responsive bisphenols directly from lignocellulosic biomass for creating recyclable, high-performance polybenzoxazine and epoxy thermosets, enabling closed loop recycling strategies in thermosets.
The main objectives are:
i) a wide variety of new stimuli-responsive bisphenols obtained directly from lignocellulosic biomass, through innovative protection group- or biomass orthogonal click chemistry, 
ii) semi-continuous flow-setups with integrated bisphenol separation via crystallization/precipitation and catch-and-release
iii) the development of recyclable, bio-based epoxy- and benzoxazine thermosets and novel catalytic strategies to enhance their end-of-life processing
StimulART matches Horizon Europe strategies like the Green Deal.",Katalin Barta Weissert,"University of Graz [999873188,AT]",Austria,Südösterreich (AT2),101126170,ERC-2023-COG,Consolidator Grants,Physical sciences & engineering (PE),PE5 - Synthetic Chemistry & Materials,2023,2024-05-01 00:00:00,2029-04-30 00:00:00,1999271,https://cordis.europa.eu/project/id/101126170
Horizon Europe,HighEntropy2D,Two-dimensional high entropy alloys and ceramics,"“Entropy engineering” recently had exceptional impact on bulk materials science by invention of bul“Entropy engineering” recently had exceptional impact on bulk materials science by invention of bulk high entropy alloys and ceramics. The underlying idea is that by equiatomically adding ≥5 principal elements to alloys/compounds, the much increased configurational entropy stabilizes otherwise non-accessible single “high entropy” phases with an unique random elemental occupancy on a crystalline lattice and hence novel functional properties. Likewise, reducing dimensionality in “two-dimensional” (2D) materials recently had exceptional impact on materials science due to the 2D materials’ unique functional properties. Despite these exciting individual prospects of “entropy engineering” and “2D materials”, combination of these two concepts to synergetically create novel 2D high entropy materials (2D HEMs) as  a novel materials class with novel functional properties with possible applications in electronics and catalysis remains lacking. In “HighEntropy2d” we will fabricate unprecedented 2D HEMs (2D high entropy alloys, oxides and sulfides) using for the first time scalable vapour deposition and a 2D template/2D confinement approach for both 2D film and 2D nanoflake form, asses their novel properties and perform first tests of their applicability for electronic devices and catalysis. Reducing HEM dimensionality to 2D will also create a unique opportunity to for the first time study in situ and at the atomic scale currently unknown fundamental diffusion, crystallisation, phase transition and separation mechanisms in HEMs (using a globally unique (scanning) transmission electron microscopy ((S)TEM) setup), to obtain fundamental insights relevant to HEMs even beyond the here newly introduced 2D HEMs. The proven track record of principal applicant Bernhard C. Bayer in 2D materials synthesis and atomic scale in situ (S)TEM is an ideal basis for this ambitious research programme.",Bernhard Christian Bayer-Skoff,"Vienna University of Technology [999979888,AT]",Austria,Ostösterreich (AT1),101088366,ERC-2022-COG,Consolidator Grants,Physical sciences & engineering (PE),PE5 - Synthetic Chemistry & Materials,2022,2023-06-01 00:00:00,2028-05-31 00:00:00,1995465,https://cordis.europa.eu/project/id/101088366
Horizon 2020,TiDrugArchitectures,"Highly Competent and Safe Titanium(IV) Therapeutic Frameworks that are Cancer Targeted based on Complex 1, 2, and 3D Chemical Architectures","This proposal aims to develop custom designed anticancer therapeutic frameworks that are effective, stable, safe, and tumor targeted, based on the biocompatible TiIV metal. The Tshuva group has established that water stable phenolato TiIV complexes are especially effective as anticancer agents both in vitro and in vivo, with markedly reduced side effects. Optimal derivatives will be developed to combine activity, stability, and biological accessibility, by maintaining small steric bulk while incorporating strong binding donors and hydrophilicity. The mechanism of action will be investigated by chemical and biological methods, including analyzing bio-distribution, cellular pathways and targets, and interaction with bio-molecules. Specifically, the active metal centers will be linked to bioactive moieties through redox-sensitive S–S bonds to enable tumor targeting. Cell penetrating peptides will facilitate cellular penetration for redox-dependent release of the active species selectively in cancer cells; steroid moieties will direct selectivity to hormone-dependent cancer cell types. Since the combination of TiIV- with Pt-based drugs has shown synergistic effects, multi-active entities will include two or more metal centers, possibly also linked to a transport unit. In addition to linear conjugates, polymeric and dendritic assemblies, exploiting the enhanced permeability of cancer cells, will be constructed with theoretically unlimited options for targeted delivery of multiple active sites. Most importantly, flexible well-defined redox-sensitive cages, as well as rigid pH sensitive complex cages, constructed with customized 3D geometries, will enable specific targeting of any active compound or conjugate and selective dissociation only where desired. This study should yield superior anticancer drugs, while unraveling the mystery of their complex biochemistry, and will contribute to the development of novel chemical and medicinal research directions and applications.",Edit Yehudit Tshuva Goldberg,"Hebrew University of Jerusalem [999975038,IL]",Israel,-,681243,ERC-2015-COG,Consolidator Grants,Physical sciences & engineering (PE),PE5 - Synthetic Chemistry & Materials,2015,2016-06-01 00:00:00,2022-05-31 00:00:00,2000000,https://cordis.europa.eu/project/id/681243
Horizon 2020,BrightSens,Ultrabright Turn-on Fluorescent Organic Nanoparticles for Amplified Molecular Sensing in Living Cells,"Existing fluorescent molecular probes, due to limited brightness, do not allow imaging individual biomolecules directly in living cells, whereas bright fluorescent nanoparticles are unable to respond to single molecular stimuli and their inorganic core is not biodegradable. The aim of BrightSens is to develop ultrabright fluorescent organic nanoparticles (FONs) capable to convert single molecular stimuli into collective turn-on response of >100 encapsulated dyes, and to apply them in amplified molecular sensing of specific targets at the cell surface (receptors) and in the cytosol (mRNA). The project is composed of three work packages. (1) Synthesis of FONs: Dye-doped polymer and micellar FONs will be obtained by self-assembly. Molecular design of dyes and the use of bulky hydrophobic counterions will enable precise control of dyes organization inside FONs, which will resolve the fundamental problems of self-quenching and cooperative on/off switching in dye ensembles. (2) Synthesis of nanoprobes: Using cooperative Forster Resonance Energy Transfer from FONs to originally designed acceptor-sensor unit, we propose synthesis of the first nanoprobes that (a) undergo complete turn-on or colour switch in response to single molecular targets and (b) harvest light energy into photochemical disruption of cell membrane barriers. (3) Cellular applications: The obtained nanoprobes will be applied in 2D and 3D cultures of cancer cells for background-free single-molecule detection of membrane receptors and intracellular mRNA, which are important markers of cancer and apoptosis. An original concept of amplified photochemical internalization is proposed to trigger by light entry of nanoprobes into the cytosol. This high-risk/high-gain multidisciplinary project will result in new organic nanomaterials with unique photophysical properties that will enable visualization of biomolecules at work in living cells with expected impact on cancer research.",Andrii Andrey Klymchenko,"University of Strasbourg [996569950,FR]",France,Grand Est (FRF),648528,ERC-2014-COG,Consolidator Grants,Physical sciences & engineering (PE),PE5 - Synthetic Chemistry & Materials,2014,2015-06-01 00:00:00,2020-11-30 00:00:00,1999750,https://cordis.europa.eu/project/id/648528
Horizon 2020,ENERCAPSULE,Nanoencapsulation for Energy Storage and Controlled Release,"The main vision of the project ENERCAPSULE is the development of nanoencapsulation technologies based on switchable nanoscale barriers for novel generation of controlled energy storage and delivery systems. These systems will be based on the “smart” nanocontainers (size below 200 nm) loaded with the energy-enriched active components: materials for thermal energy (both latent and based on chemical reactions) storage and substances for bioenergy (ATP or its components) storage for synthetic biology platforms. First novelty of the proposed project is the protection of the nanoscaled energy-enriched materials against environment during storage and controlled release of the encapsulated energy on demand only using both inherent properties of nanocontainer shell or biomimetic nanovalves introduced as shell components. Another main objective of the project is to study the structure and surface-to-volume properties of the energy enriched materials dispersed and encapsulated on nanoscale. The questions of stability of energy nanomaterials, influence of the nanocontainer shell on their energy capacity, homogeneity and operation lifetime will be investigated. Polymer organic nanocapsules with hollow interior and mesoporous carbon nanoparticles are chosen in the project as main types of the nanocontainer scaffolds for energy-enriched materials due to their high loading capacity and potential to design their shells to attain them controlled permeability properties. At the end of the project, developed novel energy storage and delivery systems will be combined within one network having several mechanisms for release and uptake of energy, which can be activated depending on type and intensity of the external impact (demand). The potential applications of such multienergy storage systems will be tested by industrial companies supporting the project.",Dzmitry Shchukin,"University of Liverpool [999980567,UK]",United Kingdom,-,647969,ERC-2014-COG,Consolidator Grants,Physical sciences & engineering (PE),PE5 - Synthetic Chemistry & Materials,2014,2015-09-01 00:00:00,2022-02-28 00:00:00,2004500,https://cordis.europa.eu/project/id/647969
Horizon Europe,MIRA,Multimodal Interaction for Remote Physical Artefacts,"Digitally replicating the tactile, spatial, and multisensory qualities critical for interacting with physical objects remains an unsolved complex problem. This is challenge is felt acutely in cases such as remote collaboration, which is central to modern work practices, offering flexibility and sustainability. Significant challenges arise when physical objects are integral to collaboration. MIRA answers the question:

How can we create a multimodal proxy for remote physical objects, effectively replicating and going beyond the experience of in-person interaction with the actual object?

MIRA proposes a new Theory of Interaction with Remote Physical Objects by combining research in Human-Computer Interaction, psychological theories, and innovative applications integrating materials science and Multimodal Interaction. Central to this is the creation of a new class of interactive tools, termed multimodal proxies. The effectiveness of these proxies will be tested by designing effective and engaging remote collaboration systems.  

MIRA has three objectives:  

1. Develop Foundational Principles: Establish a novel set of principles for designing systems supporting remote interaction with physical objects. This has never been done before and will draw on psychological theories and empirical data from large-scale interview and observation studies.  
2. Create Multimodal Proxies: Develop a new class of interactive tools that simulate the physical properties of remote objects, integrating sensory feedback—visual, auditory, and haptic—for synchronized interaction, addressing technological asymmetries.  
3. Extend Interaction Paradigms: Explore unique affordances of multimodal proxies to unlock interaction possibilities beyond those in traditional co-located settings, for richer, more transformative collaboration.  

MIRA’s contributions include a novel theoretical framework, cutting-edge multimodal technologies, and real-world evaluations. 
",Eve Hoggan Christensen,"Aarhus University [999997736,DK]",Denmark,Danmark (DK0),101232265,ERC-2025-COG,Consolidator Grants,Physical sciences & engineering (PE),PE6 - Computer Science & Informatics,2025,2026-06-01 00:00:00,2031-05-31 00:00:00,1999797,https://cordis.europa.eu/project/id/101232265
Horizon Europe,CoDiNA,Computational Discovery of Numerical Algorithms for Animation and Simulation of Natural Phenomena,"Modern numerical algorithms and high performance computing systems are capable of simulating physical systems far more efficiently than those from just few years ago. However, this recent increase in computational power comes with an insatiable demand for complexity and scale: scientists and artists now wish to model textiles at the level of individual fibers and simulate oceans down to the smallest ripple. The typical strategy of analytically deriving integrators and hand-tuning parameters will inevitably fail to cope with the increasing non-linearity and complexity of these problems. This shift in problem complexity necessitates entirely novel strategies for discovering numerical algorithms.

We will redefine the state of the art in numerical simulation and animation by combining three different approaches: First, we will develop analytical tools customized for large scales; we will derive optimal numerical algorithms by viewing physics through the lens of computational complexity, and by observing limiting behaviors as problems increase in size. Next, we will gain physical insights by simulating huge numbers of smaller simulations and generating large data sets. By discovering trends in this data, we will faithfully approximate aggregate behaviors in systems that are far too complex for analytical techniques to penetrate. Finally, by framing the derivation of numerical algorithms as a constrained optimization problem, we will be able to deliver provably optimal code for a given piece of hardware and precisely control accuracy/efficiency trade-offs.

The combination of these research directions will enable efficient simulations of massively complicated systems that are currently unfeasible to compute. Due to the timely and groundbreaking nature of these proposed directions, we also expect to develop entirely unprecedented methods for physics simulation and discover a number of theoretical insights and scientific advances along the way.

",Christopher John Wojtan,"Institute of Science and Technology Austria [996479740,AT]",Austria,Ostösterreich (AT1),101045083,ERC-2021-COG,Consolidator Grants,Physical sciences & engineering (PE),PE6 - Computer Science & Informatics,2021,2022-06-01 00:00:00,2027-05-31 00:00:00,1936503,https://cordis.europa.eu/project/id/101045083
Horizon 2020,BLaSt,Better Languages for Statistics: foundations for non-parametric probabilistic programming,"Probabilistic programming is a powerful method for Bayesian statistical modelling, particularly where the sample space is complex or unbounded (non-parametric). This is because the statistical model can be described clearly in a way that is precise but separate from inference algorithms. It accommodates complex models in such a way that outcomes are still explainable.

The objective of the proposed research is to develop a semantic foundation for probabilistic programming that properly explains the non-parametric aspects, particularly the symmetries that arise there. There are three ultimate goals:

* to propose new probabilistic programming languages: better languages for statistics;
* to devise new general inference methods for probabilistic programs;
* to build new foundations for probability.

The method is to build on advances on exploiting symmetries in traditional programming lan- guage semantics, by combining this with recent successes in formal semantics and verification for probabilistic programming.",Samuel Staton,"University of Oxford [999984350,UK]",United Kingdom,-,864202,ERC-2019-COG,Consolidator Grants,Physical sciences & engineering (PE),PE6 - Computer Science & Informatics,2019,2020-10-01 00:00:00,2026-09-30 00:00:00,1931178,https://cordis.europa.eu/project/id/864202
Horizon 2020,VESTA,VErified STAtic analysis platform,"Computer software pervades our life but far too much of it contains programming errors (bugs). Software is more and more complex and such errors are unavoidable if programmers are not accompanied with some tools that help auditing software codes. Static analysis is an increasingly popular technique that aims at automatically compute properties of software. These properties then help finding bugs, or proving absence of them. Industrial static analysers are flourishing. Facebook, Google, Microsoft develop their own static analysis tools to help maintaining their huge code base. Critical software industry (aircraft, railways, nuclear, etc.) has embraced the use of advanced static analysis tool as Astrée to companion and sometimes, ligthen their traditional software validation campaigns based on meticulous testing and reviews. Unfortunately, designing advanced static analyses like Astrée requires a very rare expertise in Abstract Interpretation, a foundational landmark in the research area, and implementing these ideas efficiently and correctly is specially tricky.
The VESTA project will propose guidance and tool-support to the designers of static analysis, in order to build advanced but reliable static analysis tools. We focus on analyzing low-level softwares written in C, leveraging on the CompCert verified compiler. This compiler toolchain is fully verified in the Coq proof assistant.
Verasco is a verified static analyser that I have architected. It analyses C programs and follows many of the advanced abstract interpretation technique developped for Astrée, but it is formally verified. The outcome of the VESTA project will be a platform that help designing other verified advanced abstract interpreters like Verasco, without starting from a white page. We will apply this technique to develop security analyses for C programs. The platform will be open-source and will help the adoption of abstract interpretation techniques.","David, Francois Pichardie","Normal Superior School of Rennes [944762056,FR]",France,Bretagne (FRH),772568,ERC-2017-COG,Consolidator Grants,Physical sciences & engineering (PE),PE6 - Computer Science & Informatics,2017,2018-09-01 00:00:00,2023-08-31 00:00:00,1885566,https://cordis.europa.eu/project/id/772568
Horizon 2020,NORIA,Numerical Optimal tRansport for ImAging,"Optimal Transport (OT) theory provides a powerful framework to manipulate probability distributions using simple and intuitive geometric principles. OT distances compare favorably to all other alternatives, notably Euclidean metrics or information divergences, whose outputs are particularly sensitive to changes in quantization and are not suitable to compare point clouds. Because of these and many more favorable properties, OT should be a standard tool in imaging sciences where probability distributions are routinely used. However, at this time, OT is but a confidential tool restricted to niche applications. OT is barely used because it is complex mathematically, which hinders its dissemination in more applied fields, and because it consumes substantial computational resources when used naively. NORIA will address these two bottlenecks and develop the next generation of theoretical, numerical and algorithmic advances to enable large-scale optimal transport computations in imag- ing sciences. The algorithms developed by NORIA will rely on several mathematical breakthroughs: highly parallelizable entropic regularization schemes, Bregman stochastic optimization and gradient flows for metric spaces. They will be implemented using fast optimization codes that will be interfaced through a high-level, easy to use, scripting language. These algorithms will have far reaching applications in imaging sciences and data science in a broad sense. In particular, they will be used in three flagship applications: color and material processing in computer graphics, texture analysis and synthesis in computer vision, and exploration of the visual cortex in neuroimaging. NORIA’s members are key players in the European mathematical school of optimal transport, which is very strong. NORIA is the unique opportunity to give a computational and practical embodiment to this wealth of theoretical knowledge.","Gabriel, Louis, Jean Peyré","National Centre for Scientific Research (CNRS) [999997930,FR]",France,Ile-de-France (FR1),724175,ERC-2016-COG,Consolidator Grants,Physical sciences & engineering (PE),PE6 - Computer Science & Informatics,2016,2017-10-01 00:00:00,2023-09-30 00:00:00,1996720,https://cordis.europa.eu/project/id/724175
Horizon 2020,SEQUOIA,Robust algorithms for learning from modern data,"Machine learning is needed and used everywhere, from science to industry, with a growing impact on many disciplines. While first successes were due at least in part to simple supervised learning algorithms used primarily as black boxes on medium-scale problems, modern data pose new challenges. Scalability is an important issue of course: with large amounts of data, many current problems far exceed the capabilities of existing algorithms despite sophisticated computing architectures. But beyond this, the core classical model of supervised machine learning, with the usual assumptions of independent and identically distributed data, or well-defined features, outputs and loss functions, has reached its theoretical and practical limits.

Given this new setting, existing optimization-based algorithms are not adapted. The main objective of this proposal is to push the frontiers of supervised machine learning, in terms of (a) scalability to data with massive numbers of observations, features, and tasks, (b) adaptability to modern computing environments, in particular for parallel and distributed processing, (c) provable adaptivity and robustness to problem and hardware specifications, and (d) robustness to non-convexities inherent in machine learning problems.

To achieve the expected breakthroughs, we will design a novel generation of learning algorithms amenable to a tight convergence analysis with realistic assumptions and efficient implementations. They will help transition machine learning algorithms towards the same wide-spread robust use as numerical linear algebra libraries. Outcomes of the research described in this proposal will include algorithms that come with strong convergence guarantees and are well-tested on real-life benchmarks coming from computer vision, bioinformatics, audio processing and natural language processing. For both distributed and non-distributed settings, we will release open-source software, adapted to widely available computing platforms.","Francis, René, Julien Bach","National Institute for Research in Computer Science and Automatic Control (INRIA) [999547074,FR]",France,Ile-de-France (FR1),724063,ERC-2016-COG,Consolidator Grants,Physical sciences & engineering (PE),PE6 - Computer Science & Informatics,2016,2017-09-01 00:00:00,2023-08-31 00:00:00,1998750,https://cordis.europa.eu/project/id/724063
Horizon 2020,LIPA,"A unified theory of finite-state recognisability
","Finite-state devices like finite automata and monoids on finite words, or extensions to trees and infinite objects, are fundamental tools of logic in computer science. There are tens of models in the literature, ranging from finite automata on finite words to weighted automata on infinite trees. Many existing finite-state models share important similarities, like existence of canonical (minimal) devices, or decidability of emptiness, or a logic-automata connection. The first and primary goal of this project is to systematically investigate these similarities, and create a unified theory of finite-state devices, which:

1. covers the whole spectrum of existing finite-state devices, including settings with diverse inputs (e.g. words and trees, or infinite inputs, or infinite alphabets) and diverse outputs (e.g. Boolean like in the classical automata, or numbers like in weighted automata); and

2. sheds light on the correct notion of finite-state device in settings where there is no universally accepted choice or where finite-state devices have not been considered at all.

The theory of finite-state devices is one of those fields of theory where even the more advanced results have natural potential for applications. It is surprising and sad how little of this potential is normally realised, with most existing software using only the most rudimentary theoretical techniques. The second goal of the project is to create two tools which use more advanced aspects of the theory of automata to solve simple problems of wide applicability (i.e. at least tens of thousands of users):

1. a system that automatically grades exercises in automata, which goes beyond simple testing, and forces the students to write proofs

2. a system that uses learning to synthesise text transformations (such a search-and-replace, but also more powerful ones) by using examples
",Mikolaj Konstanty Bojanczyk,"University of Warsaw [999572294,PL]",Poland,Makroregion województwo mazowieckie (PL9),683080,ERC-2015-COG,Consolidator Grants,Physical sciences & engineering (PE),PE6 - Computer Science & Informatics,2015,2016-05-01 00:00:00,2021-10-31 00:00:00,1768125,https://cordis.europa.eu/project/id/683080
Horizon 2020,TissueMaps,Integrating spatial and genetic information via automated image analysis and interactive visualization of tissue data,"Digital imaging of tissue samples and genetic analysis by next generation sequencing are two rapidly emerging fields in pathology. The exponential growth in digital imaging in pathology is catalyzed by more advanced imaging hardware, comparable to the complete shift from analog to digital images that took place in radiology a couple of decades ago: Entire glass slides can be digitized at near the optical resolution limits in only a few minutes’ time, and fluorescence as well as bright field stains can be imaged in parallel. 

Genetic analysis, and particularly transcriptomics, is rapidly evolving thanks to the impressive development of next generation sequencing technologies, enabling genome-wide single-cell analysis of DNA and RNA in thousands of cells at constantly decreasing costs. However, most of today’s available technologies result in a genetic analysis that is decoupled from the morphological and spatial information of the original tissue sample, while many important questions in tumor- and developmental biology require single cell spatial resolution to understand tissue heterogeneity.

The goal of the proposed project is to develop computational methods that bridge these two emerging fields. We want to combine spatially resolved high-throughput genomics analysis of tissue sections with digital image analysis of tissue morphology. Together with collaborators from the biomedical field, we propose two approaches for spatially resolved genomics; one based on sequencing mRNA transcripts directly in tissue samples, and one based on spatially resolved cellular barcoding followed by single cell sequencing. Both approaches require development of advanced digital image processing methods. Thus, we will couple genetic analysis with digital pathology. Going beyond visual assessment of this rich digital data will be a fundamental component for the future development of histopathology, both as a diagnostic tool and as a research field.

",Ewa Asa Carolina Wahlby,"Uppsala University [999985029,SE]",Sweden,Östra Sverige (SE1),682810,ERC-2015-COG,Consolidator Grants,Physical sciences & engineering (PE),PE6 - Computer Science & Informatics,2015,2016-04-01 00:00:00,2022-03-31 00:00:00,1738690,https://cordis.europa.eu/project/id/682810
Horizon 2020,AUTAR,A Unified Theory of Algorithmic Relaxations,"For a large family of computational problems collectively known as constrained optimization and satisfaction problems (CSPs), four decades of research in algorithms and computational complexity have led to a theory that tries to classify them as algorithmically tractable vs. intractable, i.e.  polynomial-time solvable vs. NP-hard. However, there remains an important gap in our knowledge in that many CSPs of interest resist classification by this theory. Some such problems of practical relevance include fundamental partition problems in graph theory, isomorphism problems in combinatorics, and strategy-design problems in mathematical game theory. To tackle this gap in our knowledge, the research of the last decade has been driven either by finding hard instances for algorithms that solve tighter and tighter relaxations of the original problem, or by formulating new hardness-hypotheses that are stronger but admittedly less robust than NP-hardness.

The ultimate goal of this project is closing the gap between the partial progress that these approaches represent and the original classification project into tractable vs. intractable problems. Our thesis is that the field has reached a point where, in many cases of interest, the analysis of the current candidate algorithms that appear to solve all instances could suffice to classify the problem one way or the other, without the need for alternative hardness-hypotheses. The novelty in our approach is a program to develop our recent discovery that, in some cases of interest, two methods from different areas match in strength: indistinguishability pebble games from mathematical logic, and hierarchies of convex relaxations from mathematical programming. Thus, we aim at making significant advances in the status of important algorithmic problems by looking for a general theory that unifies and goes beyond the current understanding of its components.
",Albert Atserias Peri,"Technical University of Catalonia [999976202,ES]",Spain,Este (ES5),648276,ERC-2014-COG,Consolidator Grants,Physical sciences & engineering (PE),PE6 - Computer Science & Informatics,2014,2015-06-01 00:00:00,2020-09-30 00:00:00,1725656,https://cordis.europa.eu/project/id/648276
FP7,REINS,Responsible Intelligent Systems,"I propose to develop a formal framework for automating responsibility, liability and risk checking for intelligent systems. The computational checking mechanisms have models of an intelligent system, an environment and a normative system (e.g., a system of law) as inputs; the outputs are answers to decision problems concerning responsibilities, liabilities and risks. The goal is to answer three central questions, corresponding to three sub-projects of the proposal: (1) What are suitable formal logical representation formalisms for knowledge of agentive responsibility in action, interaction and joint action? (2) How can we formally reason about the evaluation of grades of responsibility and risks relative to normative systems? (3) How can we perform computational checks of responsibilities in complex intelligent systems interacting with human agents? To answer the first two questions, we will design logical specification languages for collective responsibilities and for probability-based graded responsibilities, relative to normative systems. To answer the third question, we will design suitable translations to related logical formalisms, for which optimized model checkers and theorem provers exist. Success of the project will hinge on combining insights from three disciplines: philosophy, legal theory and computer science.",Johannes Maria Broersen,"Utrecht University [999985805,NL]",Netherlands,West-Nederland (NL3),616512,ERC-2013-COG,Consolidator Grants,Physical sciences & engineering (PE),PE6 - Computer Science & Informatics,2013,2014-03-01 00:00:00,2019-02-28 00:00:00,1968057,https://cordis.europa.eu/project/id/616512
Horizon 2020,MultiQubit,Multi-Qubit Photonic Devices,"MultiQubit is built on the concept of a novel type of quantum dots — crystal-phase quantum dots — discovered and developed by the PI. Crystal-phase quantum dots have a unique advantage — growth control with the ultimate accuracy of a single atomic layer. This advantage will break the major limitation in the field of optically-active quantum dots — impossibility to build quantum devices with multiple quantum dots due to lack of the required growth control — and thus unlock their true potential for Quantum Technologies. Based on these, MultiQubit is committed to creating a robust technological platform for making solid-state multi-qubit devices with a photonic interface. This platform shall be a game-changer in Quantum Technologies, allowing to connect quantum computers across the world. In particular, MultiQubit will develop and demonstrate all the steps from the fabrication of basic quantum structures to distributed entanglement between remote nodes of a multi-qubit Quantum Information Network. For the successful realization of these ideas, the PI proposes three key objectives:

1. Explore and demonstrate a novel crystal-phase qubit — the central element of MultiQubit. This qubit is based on crystal-phase quantum dots, which are fully designable and scalable, because their geometry can be controlled with the ultimate accuracy of a single atomic layer during the growth.

2. Build the first designable and scalable multi-qubit quantum register with a photonic interface. This is one of the major components in Quantum Information Networks to be implemented.

3. Design and demonstrate a quantum network of multi-qubit photonic devices. This may be a potential prototype of the forthcoming Quantum Internet.",Nikolay Akopian,"Technical University of Denmark [999990655,DK]",Denmark,Danmark (DK0),101003378,ERC-2020-COG,Consolidator Grants,Physical sciences & engineering (PE),PE7 - Systems & Communication Engineering,2020,2021-06-01 00:00:00,2028-01-31 00:00:00,2587745,https://cordis.europa.eu/project/id/101003378
Horizon 2020,TeraSHAPE,Terahertz Waveform Synthesis and Analysis Using Hybrid Photonic-Electronic Circuits,"Generation, detection, and processing of electromagnetic waveforms is one the most important tech-nical foundations of modern society. Digital signal processing, in particular, has revolutionized many areas of science and engineering. By exploiting massively parallel processing with tens of billions of transistors at comparatively low internal clock speed, CMOS circuits can provide output data rates of hundreds of gigabit per second, corresponding to effective clock rates of several hundred GHz. In contrast to that, the analog bandwidth of electronic circuits is much more difficult to scale due to limited switching speed of semiconductor devices, strongly increased transmission line losses at high frequencies, and the considerable complexity associated with high-speed circuit packaging and as-sembly.
TeraSHAPE aims at overcoming these limitations by establishing the foundations of novel signal processing concepts at T-wave frequencies between 100 GHz and 1 THz. Capitalizing on cutting-edge results in the fields of photonic integration and optical frequency comb generation, TeraSHAPE will combine massively parallel processing in digital electronic circuits with synthesis and analysis of broadband waveforms in the optical domain. To convert waveforms between optical and T-wave frequencies, TeraSHAPE will explore novel concepts for ultra-fast devices such as silicon-organic hybrid electro-optic modulators and silicon-plasmonic photodetectors with bandwidths of hundreds of GHz. Advances on the device level will be complemented by scalable assembly concepts, where TeraSHAPE will exploit 3D printing on the micro- and nanoscale both for hybrid photonic integration and for realizing sub-mm THz waveguides. The viability of the TeraSHAPE concepts will be experimentally demonstrated in applications of high relevance such as high-speed wireless communications at data rates of up to 1 Tbit/s or signal processing in high-field electron paramagnetic resonance (EPR) spectroscopy.
",Christian Gunter Koos,"Karlsruhe Institute of Technology [990797674,DE]",Germany,Baden-Württemberg (DE1),773248,ERC-2017-COG,Consolidator Grants,Physical sciences & engineering (PE),PE7 - Systems & Communication Engineering,2017,2018-05-01 00:00:00,2024-01-31 00:00:00,2498954,https://cordis.europa.eu/project/id/773248
Horizon 2020,HYPNOTIC,"Hybrid Indium Phosphide on Silicon nanophotonics for ultimate laser diodes, flip-flops and memories","The HYPNOTIC project aims at achieving a breakthrough in Silicon laser science and technology by taking forward the III-V semiconductors on Silicon hybrid technology into the nanophotonic world to make the dream of the convergence of microelectronics and photonics on a chip come true. This project intends to take up the challenge of bringing to reality electrically powered photonic crystal nanolasers as reference sources for dense integration and logical processing in a Silicon-based optical platform by accomplishing: (i) power efficiency with extremely low activation energies of few fJ, (ii) high bandwidth beyond 40Gbits/s, (iii) compactness with footprints less than 100µm² for high integration density of 103-104 of devices per mm2.
A paradigm change will be brought to Silicon photonics by laying down 3 corner stones which consist firstly in the realisation of ultimate nanolaser diode sources at telecom wavelengths using an optimised single hybrid active nanocavity. Secondly, the groundbreaking atomic physics concepts of superradiance and lasing without inversion of population resonators will be transposed to nanophotonics by coupling several active nanocavities. Besides studying them for their fundamental interest, the project will capitalise on them to drastically augment the power efficiency and the modulation bandwidth of the nanosources. Finally, the fabricated nanolaser diodes using these novel concepts will be exploited to demonstrate cutting-edge flip-flop and memory devices able to surpass current off-chip electronic random access memories in access times and bandwidth which could enable unprecedented computational power. 

","Fabrice, Denis Raineri","National Centre for Scientific Research (CNRS) [999997930,FR]",France,Ile-de-France (FR1),726420,ERC-2016-COG,Consolidator Grants,Physical sciences & engineering (PE),PE7 - Systems & Communication Engineering,2016,2017-04-01 00:00:00,2023-09-30 00:00:00,1981721,https://cordis.europa.eu/project/id/726420
Horizon 2020,PROCSYS,Towards programmable cyber-physical systems: a symbolic control approach,"Cyber-physical systems (CPS) consist of computational elements monitoring and controlling physical entities. The main objective of the PROCSYS project is to propose a general framework for the design of programmable CPS that will allow engineers to develop advanced functionalities using a high-level programming language for specifying the behaviours of a CPS while abstracting the details of the physical dynamics. Controllers enforcing the specified behaviours will be generated from a high-level program using an automated model-based synthesis tool. Correctness of the controllers will be guaranteed by following the correct by construction synthesis paradigm through the use of symbolic control techniques: the continuous physical dynamics is abstracted by a symbolic model, which is a purely discrete dynamical system; an interface consisting of low-level controllers is designed such that the physical system and the symbolic model behaves identically; a high-level symbolic controller is then synthesized automatically from the high-level program and the symbolic model. We will develop a high-level programming language, based on the intuitive formalism of hybrid automata, which will enable to specify a rich set of behaviours while enabling the development of efficient controller synthesis algorithms. The project will also tackle the two main bottlenecks in the area of symbolic control, which will enable its use in challenging real-life applications. Firstly, scalability of symbolic control will be achieved by the computation of more compact symbolic models and by controller synthesis algorithms that require only partial exploration of the symbolic models. Secondly, robustness will be ensured at all levels of control by developing novel algorithms for the synthesis of robust interfaces and of symbolic controllers. The algorithms developed in the project will be implemented in a symbolic control toolbox, which will enable the use of our approach by systems engineers.","Antoine, Sébastien Girard","National Centre for Scientific Research (CNRS) [999997930,FR]",France,Ile-de-France (FR1),725144,ERC-2016-COG,Consolidator Grants,Physical sciences & engineering (PE),PE7 - Systems & Communication Engineering,2016,2017-09-01 00:00:00,2023-08-31 00:00:00,1266731,https://cordis.europa.eu/project/id/725144
Horizon 2020,MEMETic,Mechanobiologically mimetic model systems for study of Bone disease (MEMETic),"Despite immense efforts to develop therapies for osteoporosis, conventional drugs that target bone loss only prevent osteoporotic fractures in 50% of sufferers, and the worldwide economic burden of treatment is projected to reach $132 billion by 2050. Recently our research has (1) identified important tissue-level changes in osteoporotic bone and (2) provided evidence that the biological mechanisms by which the cells normally respond to their mechanical environment are altered. However, no existing therapeutic approach has been developed to account for these. It is timely to build upon our important research findings and significantly advance the state of the art in the field of mechanobiology to understand osteoporosis aetiology and ultimately inform effective therapies.
A particular challenge for the international research field, has been that most current understanding of bone biology and pathophysiology has been derived either using 2D cell culture, which fails to capture vital biomechanical aspects of bone that govern bone biology, or animal studies, whose biology differs from that of humans. So, existing approaches cannot fully capture, or account for both human biological and mechanical factors, and this project seeks to address this challenge. 
 The global objective of the MEMETic project is to provide a paradigm change for studies of bone disease and therapeutics by consolidating, and significantly advancing, our novel approaches to develop advanced ex vivo models that recreate in vivo biomechanical cues in a living and multicellular 3D environment to replicate the mechanobiological function of bone. The MEMETic models will be applied to advance understanding of osteoporosis and a new osteoporosis therapy (sclerostin antibody). A unique multidisciplinary approach, combining cell and molecular biology with biomechanical and mechanobiological techniques, will enable these important advances, and consolidate a world leading mechanobiology research program.",Laoise Maria Cunningham,"National University of Ireland, Galway [999978045,IE]",Ireland,Ireland (IE0),863795,ERC-2019-COG,Consolidator Grants,Physical sciences & engineering (PE),PE8 - Products & Processes Engineering,2019,2020-09-01 00:00:00,2026-08-31 00:00:00,1999956,https://cordis.europa.eu/project/id/863795
FP7,BrainMicroFlow,Brain Microcirculation : Numerical simulation for inter-species translation with applications in human health,"The cerebral microvascular system is essential to a large variety of physiological processes in the brain, including blood delivery and blood flow regulation as a function of neuronal activity (neuro-vascular coupling). It plays a major role in the associated mechanisms leading to disease (stroke, neurodegenerative diseases, …). In the last decade, cutting edge technologies, including two-photon scanning laser microscopy (TPSLM) and optical manipulation of blood flow, have produced huge amounts of anatomic and functional experimental data in normal and Alzheimer Disease (AD) mice. These require accurate, highly quantitative, physiologically informed modeling and analysis for any coherent understanding and for translating results between species._x000D_In this context, our first aim is to develop a general methodological framework for physiologically informed microvascular fluid dynamics modeling, understood in a broad meaning, i.e. blood flow, molecule transport and resulting functional imaging signals or signal surrogates. _x000D_Our second aim is to validate this methodological framework by direct comparison of in vivo anatomical and functional TPSLM measurements with the simulation results based on the same anatomical data. _x000D_The third objective is to exploit these methodologies in order to identify the logic of the structure/function relationships of brain microcirculation and neurovascular coupling, in human health and disease, with a focus on the role of vascular factors in AD. _x000D_Specific hypotheses on how vascular changes in AD affect both vascular function and neurovascular coupling can be experimentally tested in animal models of AD. Crucially, similar anatomical (but not functional) data can be acquired in healthy and AD humans. This will enable us to model how AD-induced vascular alterations could affect human patients. Ultimately, it provides us with new avenues for design and/or evaluation of improved diagnosis/preventive/treatment strategies.","Sylvie, Jeanine Lejeune Ép Lorthois","National Centre for Scientific Research (CNRS) [999997930,FR]",France,Ile-de-France (FR1),615102,ERC-2013-COG,Consolidator Grants,Physical sciences & engineering (PE),PE8 - Products & Processes Engineering,2013,2014-06-01 00:00:00,2019-05-31 00:00:00,1999873,https://cordis.europa.eu/project/id/615102
FP7,BubbleBoost,Microfluidic bubbles for novel applications: acoustic laser and ultrasonically controlled swimming microrobots,"Microfluidic techniques developed since the year 2000 have now matured to provide a unique tool to produce large amounts of microbubbles that are not only finely tuned in size, but that can also be embedded in tiny microfabricated structures. _x000D__x000D_In the present proposal, we plan to take advantage of these novel microfabrication techniques to develop two innovative acoustic applications. These applications, which were out of reach without current techniques, are based on the use of microbubbles with a huge acoustic resonance. The project is structured in two parts that only differ in the way bubbles are embedded in microfluidic environments: _x000D__x000D_1) Arrays of bubbles: Acoustic Laser  _x000D_This first part is the development of an acoustic laser, based on microbubbles trapped in a microfluidic circuit. To obtain the conditions for an acoustic laser, arrays of microbubbles will be designed so that they bubbles pulsate in phase, reemitting their energy coherently. The applications are novel systems for high ultrasonic emission power, or meta-materials that store vibration energy._x000D__x000D_2) Mobile “armoured” bubbles:  swimming micro-robots remotely powered by ultrasound _x000D_The second part is the conception of ultrasonically activated microswimming devices, with microbubbles embedded within freely moving objects. Their application is to behave as carriers, such as drug carriers, activated at a distance, or to be active tracers that enhance mixing. Microswimmers are mechanical analogues to RFID devices (where electromagnetic vibration is converted into current), here sound is converted into motion at small scales. _x000D__x000D_Both parts include the same three complementary steps: step 1 is the 3D microfabrication of the geometry where bubbles are embedded, step 2 is their ultrasonic activation, and then step 3 is the optimisation of their resonance by a study of individual resonators.","Philippe, Guy, Marie Marmottant","National Centre for Scientific Research (CNRS) [999997930,FR]",France,Ile-de-France (FR1),614655,ERC-2013-COG,Consolidator Grants,Physical sciences & engineering (PE),PE8 - Products & Processes Engineering,2013,2014-04-01 00:00:00,2019-03-31 00:00:00,1856542,https://cordis.europa.eu/project/id/614655
FP7,NONSPHEREFLOW,Multiscale modelling of gas-fluidized flows of non-spherical particles,"Many important products are made using fluidized bed reactors, where solid particles are suspended by a gas flow. This promotes highly efficient gas-particle contact, resulting in high heat transfer, high chemical reaction rates and high product yields. Multiscale modelling has proven to be indispensable in the design and optimisation of fluidized bed reactors. Most coarse-grained models assume that the solid particles are of spherical shape because this simplifies the treatment of gas-solid drag and particle collisions. However, many particles used in fluidized bed (bio)reactors are non-spherical. This means that anisotropic collisions, anisotropic gas-solid drag, effects of local particle alignment, and alignment by nearby internal and external walls all need to be taken into account._x000D_I propose to pioneer a multiscale simulation methodology, backed up by validating in-house experiments, for prediction of structure formation in gas-solid flows of inelastic non-spherical particles. As a first step we focus on elongated particles. The multiscale approach consists of: 1) fully resolved simulations to obtain closures for translational and rotational gas drag tensors in crowded environments and near external and internal walls, 2) Discrete Particle Model simulations to validate the drag closures with matching experiments and to obtain statistics of angular and linear velocity changes due to inter-particle collisions between groups of particles, 3) a novel Lagrangian method based on stochastic multi-particle collisions. The collision propagation rules make maximum use of conservation laws and local symmetries of the particle configuration, orientation and deformation rates. The coarse-grained model is amenable to a parcel approach and can be coupled with heat and mass transfer models, allowing for simulation of industrial scale reactors with non-spherical particles.",Johannes Tiemen Padding,"Delft University of Technology [999977366,NL]",Netherlands,West-Nederland (NL3),615096,ERC-2013-COG,Consolidator Grants,Physical sciences & engineering (PE),PE8 - Products & Processes Engineering,2013,2014-05-01 00:00:00,2019-08-31 00:00:00,1983012,https://cordis.europa.eu/project/id/615096
Horizon Europe,QuickBlitz,Using short radio flashes to probe the remnants of neutron star mergers,"Neutron stars are the densest objects in the Universe, but an ongoing mystery is how massive can they get? By examining what happens when two neutron stars merge, we can help unravel this mystery. Some mergers will leave behind a black hole, while others instead make an even more massive neutron star. This massive neutron star will be spinning exceptionally fast and have a huge magnetic field (known as a magnetar). How long this magnetar lives completely depends on its mass, its spin energy and its magnetism. By studying this magnetar, we can learn about the maximum mass of neutron stars and emission mechanisms in extreme environments.
By studying emission in X-rays and optical wavelengths following these mergers, we have seen observational features associated with magnetars, but these features are not conclusive. Newly formed magnetars are predicted to give bright, short duration, flashes of coherent radio emission. If the magnetar is too massive, it will collapse to a black hole with its magnetic energy being released as a burst of radio emission – these sources are called Blitzars. Excitingly, I have made a first candidate detection of a radio flash following the likely merger of two neutron stars.
The goal of QuickBlitz is to search for coherent radio emission following the merger of two neutron stars, advancing our fundamental understanding of neutron star behaviour at extreme masses and magnetic fields. Neutron star mergers power gravitational wave emission and a short burst of gamma-rays. By automatically triggering on these, QuickBlitz will obtain radio observations that will be used to study the origin and emission mechanism of coherent radio flashes. Many of these mergers are poorly localised, so it is essential to know the underlying population of radio transients to confirm associations between radio transients and neutron star mergers. Thus, QuickBlitz will also conduct a deep legacy survey for radio transients, with durations of seconds to minutes.",Beatrix Rowlinson,"University of Amsterdam [999985708,NL]",Netherlands,West-Nederland (NL3),101170284,ERC-2024-COG,Consolidator Grants,Physical sciences & engineering (PE),PE9 - Universe Sciences,2024,2025-03-01 00:00:00,2030-02-28 00:00:00,2991325,https://cordis.europa.eu/project/id/101170284
Horizon 2020,LOVE-NEST,Looking for Super-Massive Neutron Stars,"The astrophysics field of compact binary millisecond pulsars is thriving. This growing class of rapidly spinning neutron stars – also known as ""spiders""– constitutes the most promising place to find massive pulsars. Super-massive neutron stars, with a mass significantly higher than two Solar masses, cannot contain exotic particles. Finding such stars would have profound implications for nuclear physics. The maximum neutron star mass has also important consequences for the fate of supernovae and the gravitational wave signal from neutron star mergers. In addition, spiders offer a unique probe of the pulsar's innermost wind and a nearby site for particle acceleration. The past years have seen exciting discoveries in this field, in which I have been closely involved. As a result, a new way has opened up to study fundamental astrophysical phenomena from compact binary millisecond pulsars.

The purpose of this project is to find the most massive neutron stars and to understand the interaction between accretion flows, pulsar winds and neutron star magnetospheres. LOVE-NEST will first uncover a hidden population of millisecond pulsars, with a targeted search of gamma-ray candidate sources. We will then measure accurately the masses of the heaviest pulsars, using a novel technique that we have recently established. We will also investigate nearby spiders as potential sources of cosmic rays and astrophysical neutrinos, placing unprecedented constraints on particle acceleration in relativistic pulsar wind shocks. 

LOVE-NEST will have a strong impact on gravitational wave astronomy, nuclear physics, astrophysics and astro-particle physics. As a leader in the field, and having developed a new method to measure pulsar masses, I am in an excellent position to achieve these ambitious goals.",Manuel Linares Alegret,"Norwegian University of Science and Technology [999977851,NO]",Norway,-,101002352,ERC-2020-COG,Consolidator Grants,Physical sciences & engineering (PE),PE9 - Universe Sciences,2020,2021-12-01 00:00:00,2027-08-31 00:00:00,1997625,https://cordis.europa.eu/project/id/101002352
Horizon 2020,COSMIC-LITMUS,Turning cosmic shear into a litmus test for the standard model of cosmology,"The standard model of cosmology is impressively consistent with a large number of observations. Its parameters have been determined with great accuracy with the Planck CMB (cosmic microwave background) mission. However, recently local determinations of the Hubble constant as well as ob- servations of strong and weak gravitational lensing have found some tension with Planck. Are those observations first glimpses at a crack in the standard model and hints of an evolving dark energy com- ponent? With this ERC Consolidator Grant I will answer these questions by greatly increasing the robustness of one of those cosmological probes, the weak lensing effect of the large scale structure of the Universe also called cosmic shear.
In order to reach this goal I will concentrate on the largest outstanding source of systematic error: photometric redshifts (photo-z). I will exploit the unique combination of two European imaging surveys in the optical and infrared wavelength regime, an additional narrow-band imaging survey with extremely precise photo-z, and spectroscopic calibration data from a recently approved ESO large program on the VLT. Using angular cross-correlations and machine-learning I will calibrate the photo- z in a two-stage process making sure that this crucial systematic uncertainty will keep pace with the growing statistical power of imaging surveys. This will yield an uncertainty on the amplitude of the clustering of dark matter that is smaller than the best constraints from the CMB.
I will also apply these methods to ESA’s Euclid mission launching in 2020, which will fail if photo-z are not better understood by then. If the discrepancy between lensing and CMB measurements holds this would potentially result in a revolution of our understanding of the Universe. Regardless of this spectacular short-term possibility I will turn cosmic shear – one of the most powerful cosmological probes of dark energy – into a litmus test for our cosmological paradigm.",Hendrik Jurgen Hildebrandt,"University of Bochum [999988812,DE]",Germany,Nordrhein-Westfalen (DEA),770935,ERC-2017-COG,Consolidator Grants,Physical sciences & engineering (PE),PE9 - Universe Sciences,2017,2018-06-01 00:00:00,2024-05-31 00:00:00,1931493,https://cordis.europa.eu/project/id/770935
Horizon 2020,MAGALOPS,"The MAgnetic field in the GALaxy, using Optical Polarization of Stars","What makes our Galaxy’s ecosystem so fascinating is the complex interactions between its components: stars, gas, dust, magnetic fields, and cosmic rays. Of these components, the Galactic magnetic field (GMF) may well be the most enigmatic. Only partially observable through indirect means, its study relies heavily on modeling, almost exclusively using line-of-sight integrated radio-polarimetric data.  Although much has been learned, many questions are still unanswered especially about the turbulent, small-scale field component and out-of-plane field. 

The crucial innovations proposed here are large independent data sets with 3D (distance) information – which can only be provided by stars polarized due to differential absorption by interstellar dust, with known distances – and more advanced Bayesian statistics which allows including prior knowledge and enables quantitative model comparison. 

I propose to use 2 new polarization surveys in the V (visual) band, resulting in polarimetry of millions of stars across the southern sky. With distance information provided by the GAIA satellite, this improves the current data situation by 3 orders of magnitude. We will test GMF models against all available data, employing a Bayesian inference software package which we are developing. In the process, we will produce the first 3D all-sky (out to absorption limits) dust distribution consistent with both UV/optical/near IR absorption and optical polarization.

This research will result in a next-generation GMF model that includes all observational GMF tracers and can use informative priors. It will allow mapping out interstellar magnetized turbulence in the Galaxy, instead of providing averaged parameters only, and understanding the interplay between the local GMF, gas and dust. Its legacy is a 1000x increased stellar polarization catalog, an all-sky 3D dust model, a bayesian sampler for GMF models, and a superior GMF model for use in cosmic ray modeling or foreground subtraction.",Marijke Haverkorn Van Rijsewijk,"Radboud University Nijmegen [999992110,NL]",Netherlands,Oost-Nederland (NL2),772663,ERC-2017-COG,Consolidator Grants,Physical sciences & engineering (PE),PE9 - Universe Sciences,2017,2018-09-01 00:00:00,2025-08-31 00:00:00,2000000,https://cordis.europa.eu/project/id/772663
Horizon 2020,MULTIPLES,The MULTIPLicity of supErnova progenitorS,"With stellar masses in the range of eight to several hundreds of solar masses, massive stars are among the most important cosmic engines, each individual object strongly impacting its local environment and populations of massive stars driving the evolution of galaxies throughout the history of the universe. Recently, I have shown that stars more massive than 15 Msun rarely, if at all, form and live in isolation but rather as part of a binary or higher-order multiple system. Understanding the life cycle of massive multiple systems, from their birth to their death as supernovae and long-duration gamma ray bursts, is one of the most pressing scientific questions in modern astrophysics. 

To obtain the key observational breakthroughs needed to revolutionize our understanding of high-mass stars, my research program is developed along three themes: 
(i)    investigate the physical processes that set the multiplicity properties of massive stars, 
(ii)  establish the multiplicity properties of unevolved massive stars across the entire mass range,
(iii) identify and uniquely characterize post-interaction products. 

The implementation of the MULTIPLES program involves ambitious time-resolved observational campaigns targeting large populations of massive stars at key stages of their pre-supernova evolution and in different metallicity environments. These campaigns will combine state-of-the-art spectroscopy and high-angular resolution techniques with novel multiplicity and atmosphere analysis methods appropriate for multiple systems.  Upon completion, the observational constraints that will be obtained in this project will have implications that extend well beyond the sole domain of stellar astrophysics. 

",Hugues Albert Sana,"University of Leuven [999991334,BE]",Belgium,Vlaams Gewest (BE2),772225,ERC-2017-COG,Consolidator Grants,Physical sciences & engineering (PE),PE9 - Universe Sciences,2017,2018-10-01 00:00:00,2024-09-30 00:00:00,1991243,https://cordis.europa.eu/project/id/772225
Horizon 2020,FOUR ACES,Future of upper atmospheric characterisation of exoplanets with spectroscopy,"This project will open a new path to characterise the atmospheres of exoplanets down to Earth-size objects, using the spatial extension of upper atmospheres as a magnifying glass to access the atmospheric properties. The tremendous energy received by exoplanets close to their stars leads to dramatic atmospheric expansion and escape, which could result in the formation of hot rocky super-Earths seen in recent years. While the escape mechanisms and evolutionary impact on planets and atmospheres remain debated, the atmospheric expansion gives rise to spectacular spectroscopic signatures in the UV, only detectable with the Hubble Space Telescope (HST). In 2015, I discovered a huge extended atmosphere escaping from a “warm Neptune”, which represents a milestone on the road to the atmospheres of lower-mass, more temperate planets. Using HARPS spectroscopy from the ground, I revealed the extreme conditions in the upper atmosphere of a “hot Jupiter”, probing the onset of atmospheric escape in the optical, linking the upper and lower atmospheres. I propose to consolidate these breakthroughs via a thorough exploitation of the vast amount of observations I obtained for ~20 planets (100+ hours on HST and 250+ hours on HARPS and HARPS-N) in the wake of my results. I will use those data to bind theories describing the lower and upper atmospheres of exoplanets, and determine how these are impacted by stellar activity. In a second step, I will build and deliver a legacy archive of UV observations by the end of HST in ~2020. In an era where new transit surveys will provide hundreds of easier-to-study exoplanets transiting bright stars, I will use my priviledged access to the reconnaissance capabilities of the ESA CHEOPS mission (2018–2022) to cherry-pick the very best planets for atmospheric characterisation. I will combine the space-borne and ground-based high-resolution spectroscopic follow-ups of these planets to deliver a novel, comprehensive view of exoplanetary atmospheres.",David René Bernard Ehrenreich,"University of Geneva [999974650,CH]",Switzerland,-,724427,ERC-2016-COG,Consolidator Grants,Physical sciences & engineering (PE),PE9 - Universe Sciences,2016,2017-06-01 00:00:00,2023-05-31 00:00:00,1999475,https://cordis.europa.eu/project/id/724427
Horizon 2020,CORONALDOLLS,Multi-Scale Coronal Heating: A New Approach to an Old Question.,"CORONALDOLLS will tackle the long-standing question of the extremely high temperatures in the Sun’s outer atmosphere (corona) by taking a modern, progressive approach: forward modelling (creating synthetic observations) will be used to (i) link 3D numerical simulations of in-depth models with large scale computational experiments and (ii) provide observational diagnostics to compare models to high resolution, multi wavelength observations both qualitatively and quantitatively. This timely, multi-scale (‘russian dolls’) approach will achieve an innovative synergy between coronal heating and coronal seismology, where the coronal heating models will use input from, and be benchmarked against, information gained about the solar atmosphere through coronal seismology._x000D__x000D_From a series of in-depth, 3D numerical studies, considering, in turn, three of the most promising heating processes (Taylor relaxation, braiding and Alfvén wave heating) at their particular spatial and temporal scales, we will determine:_x000D_- the cadence of the heating: low-frequency (‘bursty’) vs high-frequency (‘near-continuous’);_x000D_- the range of parameters for which heating is most efficient (i.e. reaches a threshold temperature and is distributed throughout the 3D volume);_x000D_- observational diagnostics to compare with large scale computational experiments and observational data._x000D__x000D_This systematic, comprehensive study will allow CORONALDOLLS to answer the fundamental question: Can we unambiguously identify physical heating mechanisms and determine their relative contributions, both in large-scale numerical simulations and high resolution observations and, if so, how?_x000D__x000D_In parallel, the advanced 3D computational models will provide a ‘proof of concept’ for coronal seismology, i.e. establish the robustness of the currently used simple models and how the interpretation of observed waves and oscillations in the optically thin solar atmosphere is affected by line-of-sight integration and instrument resolution.",Ine Marie J Ineke De Moortel,"University of St. Andrews [999984253,UK]",United Kingdom,-,647214,ERC-2014-COG,Consolidator Grants,Physical sciences & engineering (PE),PE9 - Universe Sciences,2014,2015-10-01 00:00:00,2022-03-31 00:00:00,2000000,https://cordis.europa.eu/project/id/647214
FP7,ALERT,ALERT - The Apertif-LOFAR Exploration of the Radio Transient Sky,"In our largely unchanging radio Universe, a highly dynamic component was recently discovered: flashes of bright radio emission that last only milliseconds but appear all over the sky. Some of these radio bursts can be traced to intermittently pulsating neutron stars. Other bursts however, apparently originate far outside our Galaxy. Due to great observational challenges, the evolution of the neutron stars is not understood, while more importantly, the nature of the extragalactic bursts remains an outright mystery._x000D__x000D_My overall aim is to understand the physics that drives both kinds of brief and luminous bursts._x000D__x000D_My primary goal is to identify the highly compact astrophysical explosions powering the extragalactic  bursts. My previous surveys are the state of the art in fast-transient detection; I will now increase by a factor of 10 this exploration volume.  In real-time I will provide arcsec positions, 10,000-fold more accurate than currently possible, to localize such extragalactic bursts for the first time and understand their origin._x000D__x000D_My secondary goal is to unravel the unexplained evolution of intermittently pulsating neutron stars (building on e.g., my recent papers in Science, 2013), by doubling their number and modeling their population._x000D__x000D_To achieve these goals, I will carry out a highly innovative survey: the Apertif-LOFAR Exploration of the Radio Transient Sky. ALERT is over an order of magnitude more sensitive than all current state-of-the art fast-transient surveys._x000D__x000D_Through its novel, extremely wide field-of-view, Westerbork/Apertif will detect many tens of extragalactic bursts. Through real-time triggers to LOFAR I will next provide the precise localisation that is essential for radio, optical and high-energy follow-up to, for the first time, shed light on the physics and objects driving these bursts – evaporating primordial black holes; explosions in host galaxies; or, the unknown?",Albert Van Leeuwen,"Netherlands Foundation of Scientific Research Institutes [999624092,NL]",Netherlands,West-Nederland (NL3),617199,ERC-2013-COG,Consolidator Grants,Physical sciences & engineering (PE),PE9 - Universe Sciences,2013,2014-12-01 00:00:00,2020-11-30 00:00:00,1999823,https://cordis.europa.eu/project/id/617199
Horizon 2020,DINFO,"Dynamic Information Acquisition, Experimentation, and Communication","Individuals, firms, and public organizations spend significant time and reIndividuals, firms, and public organizations spend significant time and resources to acquire, collect, and process information that guides and optimizes their decision making. Information is acquired directly by own research efforts, from academic publications that selectively publish scientific research, or from self-interested third parties that control the flow of information to influence decisions, and often information can also be learned through data-collection during day-to-day business. 

How much and what information should be acquired? How can third parties be incentivised to provide information? What is the role of commitment and verifiability of evidence in communication between a self-interested information provider and a user of that information? How should data collected from day-to-day business be used to optimize decisions, if these decisions also affect and feed back into future data collection? How should results of scientific research be communicated if it affects both decision by practitioners as well as the choice of future research topics?

This research programme aims to shed light on these questions. Recognizing that information acquisition takes time, and happens gradually, often in multiple stages, it develops dynamic models of information acquisition and experimentation. The programme has four parts: (1) It develops a novel framework to analyse frictions in dynamic information acquisition and transmission that arise in communication and persuasion. (2) It develops new techniques to analyse robust dynamic information choice. (3) It develops a dynamic model of incentives for information production and communication in scientific research that contributes to the debate on publication standards. (4) It develops a theoretical framework to analyse the optimal use of data in the nascent field of predictive policing and other applications of data-driven resource allocation.",Joachim Konrad Mierendorff,"University College London [999975620,UK]",United Kingdom,-,101001594,ERC-2020-COG,Consolidator Grants,Social sciences & humanities (SH),"SH1 - Individuals, Markets & Organisations",2020,2021-09-01 00:00:00,2026-08-31 00:00:00,1705804,https://cordis.europa.eu/project/id/101001594
Horizon 2020,KIDSNGROUPS,Early Origins of Social Cohesion in Increasingly Diverse Societies,"In-group favouritism and out-group discrimination are ubiquitous phenomena, threatening social cohesion in diverse societies. Notwithstanding growing urgency, we lack a systematic understanding of the causes and consequences of in-group out-group biases, or to put it more broadly, of social cohesion.

KIDSNGROUPS will open frontiers to advance our knowledge on social cohesion by focusing on the early life cycle, and thus the most formative years in people’s life. Its main objective is to break ground regarding the causal origins of in-group out-group preferences. For this purpose, it will study the role of the family (vertical socialization) and other socialization processes like imitation and learning (horizontal socialization) in shaping children’s in-group out-group preferences. Moreover, it will shed novel light on the economic relevance of social cohesion. To the extent that in-group favouritism and out-group discrimination prevent children from helping each other, they may hamper children’s welfare, and thus the future of diverse societies.

Striving to provide a comprehensive picture of the origins and the impact of social cohesion, KIDSNGROUPS will draw upon methods from the frontier of various research fields. In particular, it will propose an innovative combination of i) experimental methods to study in- and out-group phenomena, ii) administrative records to get access to large-scale, non-selected samples and hands on high quality measures of children’s human capital, and iii) state-of-the-art econometric techniques to infer causality. In so doing, KIDSNGROUPS will open up new avenues for any science interested in people’s behaviour.

In summary, KIDSNGROUPS will not only advance in a creative and significant manner an active research area, it will also impact public policy by generating essential insights on one of the most urgent topics on Europe’s political agenda.
",Christina Felfe De Ormeno,"University of Konstanz [999866204,DE]",Germany,Baden-Württemberg (DE1),101001284,ERC-2020-COG,Consolidator Grants,Social sciences & humanities (SH),"SH1 - Individuals, Markets & Organisations",2020,2021-10-01 00:00:00,2027-09-30 00:00:00,1999992,https://cordis.europa.eu/project/id/101001284
Horizon 2020,MACROTRADE,Research on Macroeconomic Fluctuations and Trade,"The proposal is divided into three strands whose main goals are to i) study macroeconomic fluctuations, ii) identify the mechanisms that drive and propagate these fluctuations, and iii) use the empirical findings to inform and formulate models that can be used for quantitative policy and positive analysis.

The first strand will exploit a new dataset to study housing markets during the build-up and aftermath of the crisis. We will document a robust pattern of history dependence in housing markets and investigate four main channels to potentially explain this pattern: Down payment requirements; matching quality; learning; and anchoring. Using these results we will build and structurally estimate a model with the aim to use in policy and positive analysis.

The second strand studies an unexplored mechanism for the transmission of monetary policy. A main winner from monetary policy expansions in most countries is the government, which sees a reduction in the value of its debt and typically, better borrowing terms. We will investigate how public spending, revenues, and debt management react to changes in monetary policy; the extent to which the response of activity is driven by the public sector; the interactions between public and private sector responses; and the (intra- and inter-generational) distributional effects from monetary policy interventions. We will then formulate a DSGE model embedding a careful description of the government’s role in the transmission mechanism.

The third strand studies the effect of terms-of-trade fluctuations on agricultural production and trade. We will focus on the distribution of gains from trade in markets characterized by oligopsonies buying from small farmers and exporting in international markets. We will study how this configuration, characteristic of agricultural markets in low-income economies, alters the gains from trade and the effects of terms-of-trade changes vis-a-vis the standard framework of perfect competition.",Maria Silvana Tenreyro,"London School of Economics and Political Science (LSE) [999861063,UK]",United Kingdom,-,681664,ERC-2015-COG,Consolidator Grants,Social sciences & humanities (SH),"SH1 - Individuals, Markets & Organisations",2015,2016-10-01 00:00:00,2023-09-30 00:00:00,1257242.51,https://cordis.europa.eu/project/id/681664
Horizon Europe,POSTNORM,Post-Authoritarian Norms and the Ideological Legacy of Dictatorships,"Why have once successful left-wing parties in Poland nearly died out by 2015 (Grzymala-Busse 2019)? Why has Portugal been one of the last countries in Western Europe to see a radical right party in the national parliament? Why are right-wing individuals more likely to protest in Eastern Europe than left-wing individuals (Kostelka and Rovny 2019)? POSTNORM proposes a theory postulating that these seemingly unrelated patterns are the product of a single process: the rejection of the ideological brand of the past authoritarian regime. Through novel survey experiments, POSTNORM will examine how in new democracies, the ideological associations with the old regime serve as a focal point for norms that govern what are appropriate political positions for voters and parties: in democracies following left(right-)wing dictatorship, voters and political elites avoid associating themselves with the left(right) respectively. POSTNORM further derives a set of testable expectations about how this bias shapes both the demand- and the supply side of party competition. The bias colors citizens’ ideological preferences; perceptions about parties’ stances in these issues; national identity; political discussions; the supply of new parties; post-transition party names and pro-grammatic stances; and party elite discourse. POSTNORM will deliver a parsimonious new theory that will help make sense of heterogeneity in political competition across new democracies",Elias - Ilias Dinas - Ntinas,"European University Institute [999902385,IT]",Italy,Centro (IT) (ITI),101088868,ERC-2022-COG,Consolidator Grants,Social sciences & humanities (SH),"SH2 - Institutions, Governance & Legal Systems",2022,2023-09-01 00:00:00,2028-08-31 00:00:00,1896800,https://cordis.europa.eu/project/id/101088868
Horizon 2020,TRADE LAW 4.0,Trade Law for the Data-Driven Economy,"Data has been conceptualized as the ‘new oil’ and although this is a flawed statement, it catches well the value attached to data as a driver of economic growth and innovation, and as a force of change in all facets of societal life. Accordingly, data has emerged as an important topic in contemporary law and policy—on the one hand, because it is critical to understand whether and how different societal areas have been affected by digital transformations, including disruptive phenomena like Big Data and Artificial Intelligence (AI), and on the other hand, because governance toolkits, including legal rules, need to adapt to reflect these implications. Despite the urgency attached to both tasks and the intensified mobilization of policy and research efforts to address them, the topic of data-driven transformation has been explored in a fragmented manner. The domain of trade law has been particularly slow to react—neither do we have a full understanding of the impact of digitization on the entire body of global trade rules, nor have we seen legal adaptation. To put it plainly, despite living in times of industries 4.0, we have trade rules grounded at 1.0.
The project addresses these flaws by conducting research in three interrelated fields that seek to: (1) enhance our understanding of the implications of digital disruption for trade law and vice versa, including through a thorough analysis of all existing trade rules that matter for data, as it flows across borders and is regulated domestically; (2) boost our toolkits for tackling the tensions inherent to the data-driven economy by mapping and analyzing all available mechanisms for reconciling economic and non-economic objectives, with a strong focus on data protection but including also other values, such as freedom of speech, that may be important for national constituencies; and ultimately, (3) suggest design for trade law that can be sustainable in an environment of fluid technological change.",Tihomira Burri,"University of Lucerne [987974004,CH]",Switzerland,-,101003216,ERC-2020-COG,Consolidator Grants,Social sciences & humanities (SH),"SH2 - Institutions, Governance & Legal Systems",2020,2021-09-01 00:00:00,2026-08-31 00:00:00,1600975,https://cordis.europa.eu/project/id/101003216
Horizon 2020,RevACLaw,Revamping Anticorruption Criminal Law – Strategies and Consequences,"Fighting transnational corporate corruption is today a global task, resulting in an increase in criminalisation. However, when it comes to law enforcement, prosecutors face major problems: fact-finding is hampered and gathering evidence from foreign jurisdictions by way of traditional mutual legal assistance is arduous, if not impossible. Despite these major difficulties, since 2000 the enforcement of anti-corruption norms has flourished, resulting in multi-jurisdictional criminal procedures. This change is due to the revamping of strategies in three major fields of law (substantive criminal law, procedural criminal law, mutual legal assistance in criminal matters), and the resulting cross-cutting dynamics. A hybrid model of corporate criminal justice has emerged, which was unthinkable in the past and still is in almost any other field of criminal justice. This heretofore insufficiently studied model has led to a new, opaque, and exclusive way of conducting criminal justice. RevACLAW’s ambitious objective is to provide a comprehensive conceptual framework for the study of revamping strategies, leading to a hybrid corporate criminal justice model, as well as the consequences resulting from such a mdoel. RevACLAW will focus on four jurisdictions (France, Switzerland, USA, and the UK), and its objectives are the following: (A) unveiling the revamping strategies and how they interact in the three fields of law mentioned, and conceptualising this new way of conducting justice as a social practice, (B) delivering both a theoretical and empirical analysis of the accessibility of the resulting settlements, and (C) analysing case-making and the occurring narratives of corporate corruption and anticorruption law enforcement. These objectives will be achieved by a novel interdisciplinary approach, including both legal and empirical research. This project will impact the fields of legal theory as well as the study of law and society with regard to a present-day phenomenon.",Nadia Capus,"University of Neuchatel [999870181,CH]",Switzerland,-,864498,ERC-2019-COG,Consolidator Grants,Social sciences & humanities (SH),"SH2 - Institutions, Governance & Legal Systems",2019,2020-09-01 00:00:00,2026-03-31 00:00:00,1952689.98,https://cordis.europa.eu/project/id/864498
Horizon 2020,EUSOL,Solidarity in the European Union,"What principles of socioeconomic justice, if any, should apply to the European Union? Do European citizens have obligations of social justice that cross the borders of member states? If so, what are their grounds? I propose to answer these questions by providing a normative account of one of the fundamental values underpinning European integration, namely solidarity. The project has two main aims. The first is to develop a normative model of inter-, trans-, and supra-national solidarity that is responsive to the specific circumstances and history of the European Union (EUSOL1). The second aim is to apply this model to a number of central issues dividing the EU, including the free movement of persons, burden-sharing within the EU’s refugee policy, inter-state transfers, and enlargement and accession (EUSOL2). The project breaks new ground in normative debates on the nature and development of the EU, international/global justice, and the role of facts in normative political theory, and addresses some of the most pressing issues facing the EU today.",Andrea Sangiovanni Vincentelli,"King's College London [999981052,UK]",United Kingdom,-,771635,ERC-2017-COG,Consolidator Grants,Social sciences & humanities (SH),"SH2 - Institutions, Governance & Legal Systems",2017,2018-09-01 00:00:00,2025-08-31 00:00:00,1013604,https://cordis.europa.eu/project/id/771635
Horizon 2020,Family Justice,Justice and the Family: An Analysis of the Normative Significance of Procreation and Parenthood in a Just Society,"This project examines the normative significance of procreation and parenthood for theories of justice. Important questions of justice about the family arise once we acknowledge and keep in view that procreation and parenthood are both integral to the existence of any society (and therefore, a just society), and that they involve substantial benefits and burdens for parents, children, and society at large. Yet existing theories of justice generally neglect these questions by assuming that the principles they formulate are to regulate the main institutions of societies constituted by fully formed adult individuals whose creation and care are taken as given.  The project identifies and analyses three main sets of questions about family justice: 1) Does justice require that parents and non-parents share, and share equally, the costs and benefits of having children, and how do different answers to this question bear on our theory of distributive justice? 2) What are the claims of justice that we have as children, how do they relate to those we have as adults, and who bears the correlative duties? 3) Do all contemporaries, regardless of whether they are parents or non-parents, have the same obligations of justice towards future generations, and how, if at all, are the justification and the content of those obligations affected by considerations about what parents owe their children and parents and non-parents owe to each other? Addressing these questions contributes to developing normative-theoretical framework needed to address pressing public policy concerns, and also turns out to be more central to the formulation of a complete and defensible theory of justice than political philosophers have realised to date.",Maria Serena Olsaretti,"Pompeu Fabra University [999867077,ES]",Spain,Este (ES5),648610,ERC-2014-COG,Consolidator Grants,Social sciences & humanities (SH),"SH2 - Institutions, Governance & Legal Systems",2014,2015-09-01 00:00:00,2021-02-28 00:00:00,811750,https://cordis.europa.eu/project/id/648610
FP7,Emerging Subjects,Emerging Subjects of the New Economy: Tracing Economic Growth in Mongolia,"This project examines how predicted economic growth is experienced by people in Mongolia with the advent of large-scale mining operations. Our project will generate new insight into two areas of concern for economic anthropology and beyond.  First we will examine the way that the economy is unfolding in a distinct way in East Asia through different kinds of predictive narratives that come to have an effect on the way people act. Second we will explore how individual subjects also shape the economy in their everyday relations through various forms of exchange and the accumulation of wealth. _x000D_ _x000D_This dual focus provides the basis for a nuanced and powerful critique of our understanding of the way in which economic realities are shaped through predictive narratives as well as formed, from the ground-up, by local actors who carve out new forms of subjectivity through such actions. Indeed it is our suggestion that these new subjects of the growing economy are distinctly different from the post-socialist selves described in previous literature on the region. Instead they are powerful and hopeful subjects who demand a different kind of engagement and entitlement. The form such engagement takes and the kind of economic realities produced out of such forms is the focus of our study.",Rebecca Anna Empson Mannerfelt,"University College London [999975620,UK]",United Kingdom,-,615785,ERC-2013-COG,Consolidator Grants,Social sciences & humanities (SH),"SH2 - Institutions, Governance & Legal Systems",2013,2014-09-01 00:00:00,2019-06-30 00:00:00,1658373,https://cordis.europa.eu/project/id/615785
Horizon 2020,ENGINEERING,"Engineering a Trustworthy Society: The Evolution, Perception and Impact of China’s Social Credit System","The Chinese Social Credit System (SCS) is an ambitious social engineering scheme of an unprecedented nature. It collects information from commercial, legal and social spheres; integrates this data into a centralised platform; and establishes reputations to steer the behaviour of individuals and organisations through incentives and sanctions. The SCS ties in with global discussions on information collection, governance and authoritarian rule. It is of major significance for European interests. Empirical research on the SCS is still in its infancy. What is the shape of this system, how does it vary across regions and how does it evolve? How does the Chinese public perceive and evaluate the SCS? What are its social, political and cultural impacts?

This 60-month project will provide answers to these questions and push forward theoretical debates on governance with information collection and classification schemes, data privacy, trust and trustworthiness. The project’s empirical strategy is centred on public opinion surveys, complemented by field research as well as qualitative and quantitative content analysis. Its survey data will allow an assessment of the utility of face-to-face and online survey methods and generate rarely available longitudinal data from China. The project will help to clarify important unresolved questions on the shape of the SCS and provide the public with empirically grounded insights. It will establish a centre of competence on the SCS in Austria and train junior scholars in social scientific China Studies. 

The project is led by H. Christoph Steinhardt (Assistant Professor, University of Vienna, Department of East Asian Studies). The research team includes a post-doctoral researcher, a doctoral student and two student research assistants. For selected parts of the project, Steinhardt will work with collaborators in Austria, China and Germany.
",Heinz Christoph Steinhardt,"University of Vienna [999866883,AT]",Austria,Ostösterreich (AT1),101001964,ERC-2020-COG,Consolidator Grants,Social sciences & humanities (SH),SH3 - The Social World and its Diversity,2020,2021-04-01 00:00:00,2026-03-31 00:00:00,1887444,https://cordis.europa.eu/project/id/101001964
Horizon 2020,FORAGING,Foraging at the Edge of Capitalism,"In this moment of economic and environmental breakdown, an unexpected source of income has risen in global importance: foraging. In Tibet and Nepal, scores of collectors rush to the mountains each spring to collect yartsagunbu – a rare mushroom more valuable than gold. In Siberia, “tuskers” scavenge for woolly mammoth ivory in the thawing permafrost. From Amazonia to Mongolia, artisanal miners extract precious minerals where transnational conglomerates have left. In the US, “Amazon nomads” tour foreclosed shops and sell their bounty online.

Broadly understood as practices of collecting, scavenging and gleaning, foraging is a global phenomenon of our times. However, it only gains patchy attention in mainstream debates on conservation and development. What is missing is a conceptual understanding of foraging as a basic economic strategy and a form of socio-environmental entanglement. The objective of this project is to take on this task and develop a political ecology of foraging in the Anthropocene.

The project is timely. In the aftermath of the world financial crisis between 2008 to 2011, foraging has gained in relevance around the globe. In an era when the dream of a middle-class life based on a stable, salaried job no longer seems viable, and in places where the welfare state is under pressure, has never existed or has vanished, foraging is often the only avenue to upward social mobility. At the same time, the climate crisis and concerns for the rapid loss of biodiversity are raising the urgency for environmental conservation. To understand the evolving frictions at this interface is highly relevant at this historical moment – both in academia and beyond.

Interdisciplinary in outlook but grounded in anthropology, the project will be carried out by an international team of five researchers at the Rachel Carson Center, LMU Munich. Outputs include 2 monograph, 3 edited collections, 3 PhD thesis, 12 peer-reviewed articles, a film and an exhibition.",Johannes Martin Saxer,"University of Munich (LMU) [999978433,DE]",Germany,Bayern (DE2),101001792,ERC-2020-COG,Consolidator Grants,Social sciences & humanities (SH),SH3 - The Social World and its Diversity,2020,2022-01-01 00:00:00,2026-12-31 00:00:00,1999625,https://cordis.europa.eu/project/id/101001792
Horizon 2020,GHOSTWORK,The ghostworker's well-being: An integrative framework,"Artificial intelligence depends on human labour to conduct tasks such as data cleaning, coding, and classifying content. This on-demand work is offered and performed online, paid by the task, on platforms like Amazon Mechanical Turk. Conceptualized as ‘ghost work’, this rapidly growing, platform-based work is largely unseen: workers are unable to speak with managers, do not get feedback, and lack labour protections. How do these specific work conditions influence ghost workers’ well-being? To ensure decent work conditions as automation continues to expand, knowledge about the effects of ghost work on well-being is urgently needed.

The proposed project will develop and test an integrative framework for analysing the effects of ghost work on worker’s well-being. Existing models for analysing the impact of work conditions on well-being fall short for studying ghost work, as these models assume a person has a job and most likely an employer and colleagues. Therefore, this project begins from the specificities of ghost work to synthesize theories and concepts about algorithmic control, occupational well-being, human computation, and platform labour, in order to understand how and through which mechanisms ghost work influences well-being.

The project will contribute to and advance cross-disciplinary scholarship on platform labour and organizational studies of algorithmic technologies. Using a multi-methodological approach to study the effects of ghost work, it begins with in-depth interview-based fieldwork on ghostworkers’ work conditions, and then entails qualitative diary studies of the short-term dynamics of ghost work for worker’s work conditions and well-being. Finally, a 4-wave longitudinal panel study will investigate the relationship between ghost work and well-being over time. Scholars in multiple fields, as well as policy makers and industry leaders, will be keenly interested in both the resulting integrative framework and empirical findings.",Clara Laetitia Ter Hoeven,"Erasmus University Rotterdam [999839335,NL]",Netherlands,West-Nederland (NL3),101003134,ERC-2020-COG,Consolidator Grants,Social sciences & humanities (SH),SH3 - The Social World and its Diversity,2020,2021-09-01 00:00:00,2027-02-28 00:00:00,1958490,https://cordis.europa.eu/project/id/101003134
Horizon 2020,INSCONS,"Addressing Global Challenges through International Scientific Consortia (INSCONS); 
Case studies in biomedicine, the geosciences, and nuclear fusion research
","INSCONS is a groundbreaking, large-scale examination of the organisational dynamics of international scientific consortia (ISCs) and the interactions of these consortia with broader scientific communities, national bureaucracies, and industry. ISCs are very complex organisations with work being carried out at geographically dispersed sites, and involving international stakeholder groups from across the realms of science, policy, and industry. As these ISCs are becoming more important in efforts to address global challenges in areas such as health, the environment, and clean energy, our understanding of the distinctive organizational dynamics governing these consortia has lagged behind. Accordingly, there is a pressing need for novel organisational theory and frameworks that will advance our understanding of ISCs. INSCONS is an ambitious effort to address this need, using a comparative, interdisciplinary approach. Three case studies of large, international ISCs in nuclear fusion research, biomedicine, and the geosciences are at the core of INSCONS. The INSCONS project will examine four aspects of these ISCs. It will 1) Map the internal organisational dynamics of ISCs using interviews, bibliometric network analyses, and ethnographic field studies on everyday work in ISCs. 2) It will study ISCs’ interactions with the broader scientific community by conducting a survey among researchers in the scholarly fields ISCs operate in, and by analysing these fields’ co-authorship networks. 3) It will examine the (inter)national political processes and bureaucratic wrangling shaping ISCs. 4) It will examine relationships of dependency and influence between ISCs and industry through case studies as well as analyses of patenting and publication activities. Taken together, the project outputs of INSCONS will bring into clear focus the sociology and politics, as well as the operational complexities that govern this important, new organisational form in contemporary science.",Simcha Jong Kon Chin,"Leiden University [999974553,NL]",United Kingdom,-,819533,ERC-2018-COG,Consolidator Grants,Social sciences & humanities (SH),SH3 - The Social World and its Diversity,2018,2019-09-01 00:00:00,2026-08-31 00:00:00,1997021,https://cordis.europa.eu/project/id/819533
Horizon 2020,INTRANSITION,Development of Identity and Relationships during Transitions in Adolescence,"
A key developmental task in adolescence is the development of identity, which coincides with development of autonomy in close relationships. The INTRANSITION project aims to examine how development of identity and autonomy affect each other during adolescence. The project will advance the field by examining intra-individual (or within-person, as opposed to inter-individual or between-person) processes of change in identity and autonomy. This is crucial as inter-individual processes are not related or translatable to intra-individual processes. Often theories are examined by comparing adolescents to other adolescents, whereas the theoretical question focuses on understanding developmental changes within adolescents. To this end I will apply innovative intra-individual techniques to analyze development of identity and autonomy at different time scales: real-time moment-to-moment behavior, interactions across hours and days, and long-term development. In five interrelated work packages, I will examine development of adolescent identity and autonomy by putting the individual back in development. Work package 1 focuses on short-term intra-individual developmental processes of identity and autonomy. Work package 2 examines how developmental transitions affect intra-individual development of identity and autonomy. Work package 3 will focus on how person-environment interactions moderate intra-individual development of identity and autonomy. Work package 4 will examine emotional and behavioral variability in intra-individual development of identity and autonomy. Work package 5 addresses gene-environment interactions and epigenetic processes in intra-individual development of identity and autonomy. Together, these work packages will offer a better understanding of the short-term and long-term intra-individual developmental processes of identity and autonomy during transitional periods, thereby allowing to better understand how these changes take place within individuals.",Susannne Branje,"Utrecht University [999985805,NL]",Netherlands,West-Nederland (NL3),773023,ERC-2017-COG,Consolidator Grants,Social sciences & humanities (SH),SH3 - The Social World and its Diversity,2017,2018-09-01 00:00:00,2023-08-31 00:00:00,1999960,https://cordis.europa.eu/project/id/773023
Horizon 2020,EUROMIX,Regulating mixed intimacies in Europe,"This project is a study of the regulation of ‘mixture’(‘interracial’ sex, relationships and marriage) in Europe’s past and present. Informed by critical race and critical mixed race studies, it challenges the common assumption that Europe never had ‘anti-miscegenation’ laws comparable to those in the United States. In exploring if, when, how and why forms of regulation aiming to prevent or restrict ‘interracial mixture’ developed in Europe in certain times and places, the project delivers a vital contribution to our knowledge of the development of  racial thinking in Europe. The concept of ‘mixture’ provides an eminently suitable approach to the construction of ‘race’, since ‘mixture’ confuses and destabilizes racialized categories that seem fixed and essentialized in specific times and places, such as ‘black/white’. 
The project consist of a historical and a contemporary part. The historical part looks at the regulation of ‘mixture’ in four European countries: France, Italy, the Netherlands, and the United Kingdom, in their African colonies, and wartime Europe. The contemporary part explores whether and how, in spite of norms of formal equality and colour-blindness, ‘race’ and ‘monoracial family norms’ still play a part in European law and the lived experiences of ‘interracial’ couples with law in their everyday lives. Through archival research, legal analysis and interviews with modern-day ‘mixed’ couples and families, this approach helps us understand what lawmakers and enforcers believed ‘race’ was, what they believed ‘mixture’ was, how this was translated into legal practices, and how targeted couples responded. 
Theoretically, the project delivers a groundbreaking contribution to the genealogy of racial thinking in Europe, especially in addressing the understudied role of law and legal scholarship in the social construction of ‘race’ and ‘mixture’ in a increasingly diverse Europe.




",Bertha De Hart,"Free University and Medical Center Amsterdam (VU-VUmc) [954530344,NL]",Netherlands,West-Nederland (NL3),725238,ERC-2016-COG,Consolidator Grants,Social sciences & humanities (SH),SH3 - The Social World and its Diversity,2016,2017-11-01 00:00:00,2023-04-30 00:00:00,1999823,https://cordis.europa.eu/project/id/725238
Horizon 2020,CityNet,"Cities in Global Financial Networks: Financial and Business Services and Development
in the 21st Century
","Financial and business services (FABS), including law, accounting, and business consulting, have been one of the most dynamic sectors of the world economy, with a fivefold rise in real value added since 1980. Although FABS are central to the processes of globalisation, financialisation, urbanisation and development, our understanding of the sector in the context of tumultuous changes of the early 21st century is partial. How have the FABS firms and centres been affected by the global financial crisis and the Eurozone crisis? How are they changing in response to new financial regulation, the expected shift of economic activity to the Asia-Pacific region, and the digital revolution? What are the impacts of FABS on urban, regional, and global development? We urgently need groundbreaking frontier research to better understand the nature and dynamics of FABS, and their implications.
This project is designed to address this challenge by focusing on three objectives: mapping the FABS sector and its transactional networks worldwide; analysing strategies of FABS firms, as well as policies towards FABS and their institutional environments in cities; explaining the impacts of FABS, their strategies, and place-specific factors on growth, stability, and inequality at urban, regional, national and global level. In doing so, we will develop a new theoretical framework, called the Global Financial Networks, which positions FABS and their networks in the broader economy. Using a mixed-methods approach, we will document the development of FABS and their consequences, cutting through the hype of financial centre indices, and through the fog of ideologically charged debates on the virtues and vices of the financial sector. One of the outcomes of the project will be the world’s first ever atlas of finance. The project will provide a robust evidence base crucial in shaping future rounds of investment by and in FABS, and policies towards FABS by governments and other organisations.","Dariusz, Jacek Wojcik","University of Oxford [999984350,UK]",United Kingdom,-,681337,ERC-2015-COG,Consolidator Grants,Social sciences & humanities (SH),SH3 - The Social World and its Diversity,2015,2016-08-01 00:00:00,2022-07-31 00:00:00,1929306,https://cordis.europa.eu/project/id/681337
Horizon 2020,ENGINE,Engineering Interdependence - A Window into the Evolution of the Human Mind,"The human mind is very similar to that of other great apes, yet also strikingly different, and a vast body of research converges on one conclusion: this gap is fundamentally social. Moreover, it emerges early in ontogeny, reflects the distinctly human neurochemical profile, and is characterized by physiological, hormonal, and behavioural synchronicity. But why did this gap evolve in the first place, and why was it us, rather than any of the other great apes, who diverged so dramatically and evolved this unique socio-cognitive niche? Multiple proposals stress interdependence as the key factor during human cognitive evolution, but testing this idea empirically remains a major challenge for the field. ENGINE sets out to do so, by proposing a process-oriented working model of human cognitive evolution in which interdependence takes centre stage, and testing it by engineering interdependence in the marmoset monkey, the emerging next-generation model for human social behaviour. I will thus produce an inter-dependent lineage of marmosets that will only be able to overcome daily challenges (i.e. finding food, defence against out-groups and predators, securing comfort) via mandatory cooperation, whereas an in-dependent lineage will have to overcome these challenges via individual effort. I will investigate downstream effects of this experimentally induced variation in interdependence on neurochemistry, synchronization at various levels, and cognitive outcomes. I will examine both immediate and long-term effects, when mandatory interdependence is experienced during ontogeny and over generations of animals. I will complement this engineering part by studies with human children, and validate it with wild marmosets. ENGINE thus allows us for the first time to comprehensively assess how interdependence affects socio-cognitive functioning in nonhuman primates, which brings us a crucial step forward in understanding how and why the human mind evolved.",Judith Burkart Natalucci,"University of Zurich [999976396,CH]",Switzerland,-,101001295,ERC-2020-COG,Consolidator Grants,Social sciences & humanities (SH),SH4 - The Human Mind and its Complexity,2020,2021-10-01 00:00:00,2028-09-30 00:00:00,2000000,https://cordis.europa.eu/project/id/101001295
Horizon 2020,ReadCalibration,"Phonemic representations in speech perception and production: Recalibration by reading
acquisition","The main goal of this project is to demonstrate that reading acquisition (RA) drastically reshapes our phonemic inventory, and to investigate the time-course and fine-grained properties of this recalibration. The main innovative and ground-breaking aspect of this project is the merging of two research fields, (1) reading acquisition and (2) phonemic recalibration, together with a deep and extensive exploration of the (3) perception-production link, which results in a new research line that pushes the boundaries of our understanding of the complex interactions between auditory and visual language perception and production. 

We will demonstrate that phonemic representations (PRs) become more stable (less dispersed) during the process of learning to read, and that this recalibration varies according to the grapheme-phoneme conversion rules of the reading system. We will explore such recalibration by means of the first cross-linguistic longitudinal study examining the position and dispersion of PRs, both in perception and production of phonemes and words. Secondly, we will explore how recalibration develops when RA is impaired as is the case in dyslexic children –informing the research field on (4) dyslexia– and when pre-reading PRs are unstable as is the case in deaf children with cochlear implants –informing the research field on (5) deafness. Finally, the research will also be extended to PR recalibration during RA in a second language –informing the research on (6) bilingualism.

 This proposal provides the first systematic investigation of phonemic recalibration during literacy acquisition, and will provide important insight for pragmatic research and theoretical accounts of language perception and production and phonemic recalibration. This project will also have major implications for the clinical field (theories and remediation of dyslexia and deafness) and for social policies and education (bilingualism, spoken and written language teaching).
","Clara, Dominique, Sylvie Martin","BCBL Basque Center on Cognition, Brain and Language [996120064,ES]",Spain,Noreste (ES2),819093,ERC-2018-COG,Consolidator Grants,Social sciences & humanities (SH),SH4 - The Human Mind and its Complexity,2018,2019-10-01 00:00:00,2025-09-30 00:00:00,1875000,https://cordis.europa.eu/project/id/819093
Horizon 2020,JOINTATT,The evolutionary and developmental origins of Joint Attention: a longitudinal cross-species and cross-cultural comparison,"Humans frequently coordinate and share attention about objects and events. Our basic ability to engage in joint attention (JA) is thought to underpin our uniquely complex cooperation skills and language, raising the possibility that the emergence of JA was a ‘small change that made a big difference’ in the evolution of human cognition. Despite the theoretical importance of JA for understanding human social cognition, we know surprisingly little about JA across species and cultures.  Methodological shortcomings limit our understanding of the extent to which JA is uniquely human or shared with our primate cousins, and we lack data on how this ability develops in non-western cultures, which aspects of the social environment are necessary for JA to emerge and how JA is related to the emergence of cooperation. The JOINTATT project will address these four key issues by collecting longitudinal data on mother-infant dyads over the first 2 years of the infant’s life, across four different study groups: Ugandan and British humans; wild chimpanzees and crested macaque monkeys. The project will develop novel tasks and measures that allow the same set of data to be collected in directly comparable ways across species and provide the first valid, rigorous test of whether engagement in JA is a uniquely human trait. Data from the two human groups will test how different elements of JA are related and whether JA develops in a uniform way across cultures. Longitudinal data on mother-infant interactions and the infant’s environment will be related to performance on JA tasks across all four groups, enabling us to identify conditions that are likely necessary for JA to emerge. Performance on JA and cooperative tasks will be compared to assess whether engagement in JA predicts the later emergence of cooperation. This project will provide ground-breaking insights into JA and its evolutionary origins, and is likely to challenge current theories of how human social cognition evolved.",Kathryn Elizabeth Slocombe,"University of York [999978336,UK]",United Kingdom,-,724608,ERC-2016-COG,Consolidator Grants,Social sciences & humanities (SH),SH4 - The Human Mind and its Complexity,2016,2017-07-01 00:00:00,2022-12-31 00:00:00,1989611,https://cordis.europa.eu/project/id/724608
Horizon 2020,TRANS-ID,"TIME FOR A CHANGE: 
An out-of-the-box approach to unravel transitions in depression
","Major Depression (MD) is often chronic and characterized by frequent recurrences of symptoms and burden. The need to better understand how and when relevant transitions in symptoms occur is urgent. A seemingly unsolvable scientific problem is the enormous etiological complexity of mental disorders such as MD, involving continuously ongoing gene-environment interactions that act in highly person-specific ways. This hampers accurate assessment of personalized risk. 
I will use an out-of-the-box and interdisciplinary approach to tackle this problem. MD is not the only phenomenon that is influenced by many factors, is unpredictable and makes sudden transitions. This is also the case for other so-called complex dynamical systems such as climate or water quality of lakes. For the latter systems generic early warning signals (EWS) have been found that indicate the approach of a transition. I hypothesize that transitions in mood can be anticipated using the same generic EWS as reported for other complex dynamical systems. 
Finding direct evidence for this hypothesis requires a completely novel approach in the field of psychiatry, which would involve (i) a design that captures data of the complete dynamic process within a single individual in order to detect the timing of EWS and sudden transitions in symptoms, prospectively and intra-individually, and (ii) frequent replications of these individual experiments. With help of recent technology and my acquired expertise I will use precisely this novel approach to search for personalized EWS that anticipate critical transitions in depression. This is the aim of my project.
Evidence that transitions in mood behave according to principles of complex dynamical systems would change the field majorly. First, it would lead to a new understanding of mental disorders and the way we study them. Second, it would yield a sophisticated novel way of obtaining personalized and clinically relevant information on risk for transitions.
",Maria Catharina Wichers,"University Medical Center Groningen [999914801,NL]",Netherlands,Noord-Nederland (NL1),681466,ERC-2015-COG,Consolidator Grants,Social sciences & humanities (SH),SH4 - The Human Mind and its Complexity,2015,2016-08-01 00:00:00,2021-07-31 00:00:00,1994076,https://cordis.europa.eu/project/id/681466
Horizon 2020,KINSHIP,How do humans recognise kin?,"Kinship moderates important social outcomes, such as interpersonal violence and sexual behaviour, but how do you know who your kin are? On the surface, this appears to be a simple question, but the specific cues and cognitive systems that mediate these complex relationships are yet to be understood. This pioneering project will combine biological theories regarding the essential role of kinship in regulating social and sexual behaviour with advanced methods from experimental psychology, genetics, acoustics, computer graphics and experimental economics, to develop and test the first comprehensive model of human kin recognition._x000D__x000D_Early research on human kin recognition typically investigated the effect of a single kinship cue on one domain of behaviour and in one relationship type. For example, research on the Westermarck Effect focusses on the effect of co-residence on sexual aversion among siblings. The proposed project will investigate a diverse range of potential kinship cues (e.g., contextual, phenotypic and cognitive), both relevant behavioural domains (i.e., prosocial and sexual), and several relationship types (e.g., primary and secondary; consanguine, affine and adoptive). The resulting model will allow for complex interactions, such as conditional or domain-specific cue use, that are suggested by work on kin recognition in other species. This, in turn, will allow for a greater understanding of the mechanisms underpinning how humans recognise and respond to kin. _x000D__x000D_The project will also produce a quantitative model of how family resemblance is expressed in the face, which will be used to develop novel methodologies for assessing family resemblance from face images and experimentally creating realistic and biologically plausible “virtual relatives” using computer graphics.",Lisa Marie De Bruine,"University of Glasgow [999974165,UK]",United Kingdom,-,647910,ERC-2014-COG,Consolidator Grants,Social sciences & humanities (SH),SH4 - The Human Mind and its Complexity,2014,2015-10-01 00:00:00,2021-09-30 00:00:00,1984776,https://cordis.europa.eu/project/id/647910
Horizon 2020,SCANS,Social Cognition in Adolescents: Brain Networks and Social Networks,"The forming of social bonds is an evolutionary imperative, and a rich target for empirical research. Social scientists have scrutinized the structure of the elaborate social networks that characterize today’s society. Neuroscientists have elucidated the brain mechanisms underlying our ability to navigate this social world. Yet, these research lines have been largely separated. This proposal aims to integrate social network research and social brain research, focusing on adolescence as the most dynamic phase shaping the interplay between social networks and the social brain. Social development in adolescents is clearly driven by maturation of specific social-cognitive functions; yet these functions are manifest in, and moulded by, interpersonal relationships within social networks. I aim to clarify how changes in the social brain relate to changes in social network position and structure during adolescent development. This can be achieved by using the quantitative tools of social network analysis in conjunction with the experimental approach of social neuroscience. I plan to investigate a cohort of approximately 1000 adolescents nested in 50 classes in a longitudinal design with 6 measurements over 3 years; fMRI investigating task-related functional activation and connectivity is conducted yearly in a subsample of 100. The neural and behavioural correlates of social cognition are investigated using experimental tasks tapping i) understanding others and ii) interacting with others; social behaviour is charted through ecological momentary assessment techniques; social networks are mapped using surveys and digital information acquired routinely via mobile phones (mobile sensing). This approach clarifies how during a crucial developmental phase the social brain shapes the social environment, and vice versa, the social environment influences maturation of the social brain.",Alberdina Cornelia Krabbendam,"Free University and Medical Center Amsterdam (VU-VUmc) [954530344,NL]",Netherlands,West-Nederland (NL3),648082,ERC-2014-COG,Consolidator Grants,Social sciences & humanities (SH),SH4 - The Human Mind and its Complexity,2014,2016-02-01 00:00:00,2022-01-31 00:00:00,1998655,https://cordis.europa.eu/project/id/648082
Horizon Europe,ARTDETECT,A New Connoisseurship: Smart ways to detect forgeries,"Although scientific methods to analyze cultural heritage are being developed rapidly, research in the field of forgery detection (art created with the intent to deceive) is too fragmentary and discipline-bound to face the current scholarly confusion and information overload. This project lays the intellectual foundation for a new type of connoisseurship, building on the latest developments in (technical) art history and data science. Art historians are used to focus on the past and the present. This project will allow art experts –for the first time– to face forward and predict high risks. The goal is to first generate fundamental new insights into significant anomalies that betray forged paintings (as well as into key characteristics of comparable originals); secondly, to develop ‘thin-slicing’ tools, i.e. computer programs and checklists that help to quickly and effectively select potential forgeries for in-depth analysis; and ultimately, to give connoisseurship a new reach and relevance through the novel, integrated approach to assess, categorize and interpret paintings. 

	Despite the great importance of connoisseurship for art history (providing the basic classification of who created what and when, information essential for virtually all interpretative studies in this field), its methodology has not kept abreast with innovative multi-disciplinary approaches to collaboration among experts in different fields of inquiry. The 21st century has witnessed major breakthroughs in thinking about authenticity within art history; the scientific methods and technical means to examine artworks have improved tremendously; and data science and data visualization techniques allow us to think on an unprecedented scale. Building on classified research for the French Ministry of Justice, two recent Dutch Research Council (NWO) projects and extensive experience, I am in a unique position to forge effective multi-disciplinary collaborations and spearhead this project.",Johanna Tummers,"Ghent University [999986096,BE]",Belgium,Vlaams Gewest (BE2),101088056,ERC-2022-COG,Consolidator Grants,Social sciences & humanities (SH),SH5 - Cultures & Cultural Production,2022,2024-01-01 00:00:00,2028-12-31 00:00:00,1999430,https://cordis.europa.eu/project/id/101088056
Horizon Europe,THEAGENT,Theatre and Gentrification in the European City,"Since the European Middle Ages, the fates of theatre and the city have been intertwined. Mystery plays thrived amidst the urban guilds of medieval Paris, city comedies heralded merchant capitalism in seventeenth-century London, and Ottoman shadow puppetry shaped coffeehouse culture in nineteenth-century Istanbul. The emergence of the modern European city in particular was linked to the development of both state-sponsored and independent theatre institutions; theatre and performance practices drew on the human proximity that city living made possible, and shaped the visions of cultural heterogeneity that emerged from urban cohabitation. Today, unprecedented dynamics of migration, globalization, and rapid gentrification are fundamentally changing theatre’s importance in the urban environment. Theatre and performance practices are all but absent from urban studies, however, and theatre scholarship often views the urban question through a limited analytic lens.
Combining multi-sited ethnographic and archival research, this interdisciplinary research project will focus on the key cities of London, Paris, Berlin, Warsaw and Istanbul to analyze the complicated and often ambivalent relationship between theatre practices and urban transformation in twenty-first-century Europe. Following key thematic threads like migration and memory, Theatre and Gentrification’s original case studies will illustrate the diversity of property relations and housing tenure across the European continent, as well as the complex roles that theatre and performance practices play in producing urban subjectivities and structuring the cultural politics of gentrification. Groundbreaking in its use of theatre as its vantage point, this ambitious project will change the way we think about the contradictions of culture in the twenty-first century city, from its role in securing claims to global urban stature, to its position within imaginaries of authentic local resistance.

",Emine Fisek Turem,"Austrian Academy of Science (AAS) [999823912,AT]",Austria,Ostösterreich (AT1),101043740,ERC-2021-COG,Consolidator Grants,Social sciences & humanities (SH),SH5 - Cultures & Cultural Production,2021,2023-09-01 00:00:00,2028-08-31 00:00:00,1843311,https://cordis.europa.eu/project/id/101043740
Horizon 2020,DigiScore,Digital Scores – investigating the technological transformation of the music score,"Digital scores utilising computational technology and digital media are emerging worldwide as the next evolutionary stage in the concept of the music score (Vear 2019). Yet there has been no scientific study of digital scores; nor their effect upon creativity and musicianship. This is remarkable for two reasons:  First, because digital scores are generating new music experiences, innovative compositional approaches, novel performance opportunities, and broader accessibility for a vast number of musicians and music cultures around the world.  Second, because many topics immediately adjacent or informing digital scores have been theorised thereby liberating these subjects and innovating creative practices, e.g. digital media art, digital performance, electro-acoustic music.  This project will launch the first scientific investigation into the transformation of the music score through computational technologies.  The core aims of the project are to:          (1) determine scientific knowledge of how digital scores stimulate new creative opportunities and experiences within a range of music practices,          (2) develop a theoretical framework for digital scores as an important transdisciplinary area of research,           (3) build a scientific study of inclusive digital musicianship through the transformative potential of the digital score.  This project will investigate these questions through an innovative combination of artistic and scientific research methods, undertaken by a transdisciplinary and international team of scientists and artists, led by a world expert of digital scores: Prof. Dr. Craig Vear. This is real “frontier research”, the benefits of which extend beyond music studies into computer science, new media research, digital humanities, performance studies and creative practice.",Anthony Craig Vear,"University of Nottingham [999976978,UK]",United Kingdom,-,101002086,ERC-2020-COG,Consolidator Grants,Social sciences & humanities (SH),SH5 - Cultures & Cultural Production,2020,2021-10-01 00:00:00,2026-09-30 00:00:00,1999985,https://cordis.europa.eu/project/id/101002086
Horizon 2020,INTENT,Intelligent Instruments: Understanding 21st-Century AI Through Creative Music Technologies,"Artificial Intelligence is becoming increasingly human-like and it is now proficient in a key human activity: musical creativity. But what does this mean? How does creative AI change our notions of art, culture and society? As new machine learning technologies begin to mirror ourselves, we need to look into that mirror and ask how AI is changing us. This project takes a pioneering leap in research about AI by answering how new creative AI transforms our relationships with technology and other people.

This ambitious vision is achieved by using music as a platform to establish public understanding of AI. Through technology development we will create the conditions to study higher level theoretical questions on the meaning of creative AI in contemporary culture. Three respective work packages will develop: 1) instruments with creative AI; 2) human-AI collaboration in music; and 3) sonic instruments as scientific instruments. The project initiates a public discourse on creative AI and develops a theoretical framework describing the transformed notions of self, others and knowledge when we adopt intelligent instruments in our work.

INTENT is interdisciplinary in nature. Applying the methodology of our new research collaboration protocol, we summon researchers from diverse disciplines to conduct frontier science on intelligent instruments as boundary objects. Through open science methods the outcomes will address: a) the role of creative AI in embodied technologies, and b) the understanding and reflection of artificial intelligence in future society. Grounded equally in technology development and the humanities, the project will benefit diverse disciplines by developing a theoretical framework of creative AI, initiating a discourse around human-centred creative AI, and defining principles of human-AI relations in services and products.",Thorhallur Magnusson,"Iceland University of the Arts [950429378,IS]",Iceland,-,101001848,ERC-2020-COG,Consolidator Grants,Social sciences & humanities (SH),SH5 - Cultures & Cultural Production,2020,2021-09-01 00:00:00,2026-08-31 00:00:00,1999460,https://cordis.europa.eu/project/id/101001848
Horizon 2020,MUSAiC,Music at the Frontiers of Artificial Creativity and Criticism,"Artificial intelligence (AI) is an especially disruptive technology, impacting a growing number of domains in ways both beneficial and detrimental. It is even showing surprising impacts in the Arts, provoking questions fundamental to philosophy, law, and engineering, not to mention practices in the Arts themselves. MUSAiC is an interdisciplinary research venture confronting questions and challenges at the frontier of the AI disruption of music. It aims to analyze, criticize and fundamentally broaden the AI transformation of three interrelated music practices: 1) listening, 2) composition and performance, and 3) analysis and criticism. For each practice, and grounded in two specific music traditions (Irish and Swedish), MUSAiC will document and critically analyze the impacts of and ethical issues surrounding AI. MUSAiC will formulate and implement the first music pedagogy for AI, the lack of which continues to result in the creation of AI systems that have only a surface knowledge of music. From this pedagogy, MUSAiC will develop new holistic methods for understanding and benchmarking AI, and improving them and their application. It will implement and test novel AI systems that dynamically adapt to specific users as “digital apprentices”, thus bringing human-AI music partnerships to new levels of fruitfulness. The outcomes of MUSAiC will facilitate applications of AI to music in robust and responsible ways, impacting a wide variety of stakeholders. It will not only prepare music practitioners and audiences of the present (human and artificial) for new ways of listening, working, appraising, and developing the art form, but will also pave the way for analyzing, criticizing and broadening the AI transformation of the other Arts. The PI, a leading figure in music AI and music informatics, is employed at a world-leading research department at the top-rated technical university in Sweden. He is also a composer, frequently illustrating his research outcomes through music.",Bobby Lee Townsend Sturm Jr,"Royal Institute of Technology (KTH) [999990946,SE]",Sweden,Östra Sverige (SE1),864189,ERC-2019-COG,Consolidator Grants,Social sciences & humanities (SH),SH5 - Cultures & Cultural Production,2019,2020-10-01 00:00:00,2025-09-30 00:00:00,1997918,https://cordis.europa.eu/project/id/864189
Horizon 2020,SoundKnowledge,Sound Knowledge: Alternative Epistemologies of Music in the Western Pacific Island World,"SoundKnowledge aims to rethink, for the first time, music in terms of the procedural knowledge inherent in and specific to music-making by exploring music-making as knowledge practices in Micronesia, Western Pacific Island world. This knowledge, formed in the performance of musical practice, may prove to be key to survival in the complex postcolonial predicament of Micronesia. I will address the issues of climate change, social alienation and postcolonial trauma in specific parts of Micronesia by fleshing out the nature and dynamics of that knowledge both conceptually and ethnographically. The systematic analysis of music as knowledge will allow me to identify strategies to foster resilience in the face of these urgent crises. At the same time, it will offer a first-of-its-kind theorization of the procedural knowledge inherent in and specific to music-making.

The knowledge of music is self-referential and forms multilayered connections and ruptures with pasts, presents and futures and surrounding orders of knowledge. SoundKnowledge asks what Western Pacific musical practices know and how do they know it, how music-making makes this knowledge operable and how humans mobilize upon this knowledge in coping with their life-world through music. The project, therefore, explores how music functions as a distinct epistemic form that is often referred to as the proverbial power of music. Music research has the tools to unlock this power, and SoundKnowledge intends to plough a path here.

SoundKnowledge provides insights into the specific knowledge of Western Pacific music in its entanglement with pressing cultural and social issues of the early 21st century. In contributing to the theoretical debate on the knowledge of music, the project probes vital questions of knowledge resources and human futures. SoundKnowledge will also instigate change: In collaboration with local institutions, the research results will be used towards the development of community action strategies.",Birgit Abels-Eisenlohr,"University of Goettingen [999845640,DE]",Germany,Niedersachsen (DE9),862367,ERC-2019-COG,Consolidator Grants,Social sciences & humanities (SH),SH5 - Cultures & Cultural Production,2019,2020-04-01 00:00:00,2026-09-30 00:00:00,1964136,https://cordis.europa.eu/project/id/862367
Horizon 2020,HANDMADE,Handmade: Understanding Creative Gesture in Pottery Making,"
Human beings have always relied on the skills of the hand for exploring their creative potential. The process of making by hand lies at the intersection between embodied cognition and material culture – linking the plasticity of the brain to the incredibly variety of bodily techniques, materials and forms of material culture. Still, the full creative dimensions of this process as well as the changing relationship of the human hand with past and present material culture are not well understood and require cross-disciplinary research. This project aims to fill this gap in our knowledge focusing on one specific material with long archaeological history and cross-cultural significance, i.e., clay and the craft of ceramics. The morphogenetic potential and plasticity of clay offers a unique kinaesthetic resource for studying the creative ecology of handmaking and exploring questions about skill, memory, distributed intelligence, material agency, tradition and innovation. Our plan is to study pottery making at first hand through sustained multi-sited participant observation in several traditional ceramic workshops spread around mainland Greece and the Islands. We will use a combination of methods from anthropology, archaeology and embodied cognitive science to record, measure, describe, compare and analyse the exact ways by which craft practitioners use their hands to produce a variety of material forms. We shall be collecting our data using extensive video recording, photography as well as through semi-structured interviews and interaction analysis. Our research procedure, grounded on material engagement theory, is designed to facilitate a heightened responsiveness to the details of action and the properties of the materials and the tools involved. Our broader aim is to use our knowledge about the creative entanglement of the hand and the clay and lay down the basic conceptual foundation for an archaeology of handmaking over the long term.



",Lampros Malafouris,"University of Oxford [999984350,UK]",United Kingdom,-,771997,ERC-2017-COG,Consolidator Grants,Social sciences & humanities (SH),SH5 - Cultures & Cultural Production,2017,2018-04-01 00:00:00,2025-01-31 00:00:00,1889292,https://cordis.europa.eu/project/id/771997
FP7,ChinaCreative,From Made in China to Created in China - A Comparative Study of Creative Practice and Production in Contemporary China,"With its emergence as a global power, China aspires to move from a “made in China” towards a “created in China” country. Creativity and culture have become a crucial source for innovation and financial growth, but are also mobilised to promote a new and open China to both the citizenry as well as the outside world. They are part of what is termed China’s “soft power.”  _x000D_What does creativity mean in the context of China, and what does it do? When both the state and profoundly globalised creative industries are so deeply implicated in the promotion of creativity, what are the possibilities of criticality, if any? Whereas creativity has been extensively researched in the fields of psychology, law and neurosciences, scholarship in the humanities has by and large side-tracked the thorny issue of creativity. Yet, the worldwide resurgence of the term under the banner of creative industries makes it all the more urgent to develop a theory of creativity. This project understands creativity as a textual, a social as well as a heritage practice. It aims to analyse claims of creativity in different cultural practices, and to analyse how emerging creativities in China are part of tactics of governmentality and disable or enable possibilities of criticality. _x000D_Using a comparative, multi-disciplinary, multi-method and multi-sited research design, five subprojects analyse (1) contemporary art, (2) calligraphy, (3) independent documentary cinema, (4) television from Hunan Satellite TV and (5) “fake” (shanzhai) art. By including both popular and high arts, by including both more Westernized as well as more specifically Chinese art forms, by including both the “real” as well as the “fake,” by studying different localities, and by mobilising methods from both the social sciences and the humanities, this project is pushing the notion of comparative research to a new level.",Bastiaan Jeroen De Kloet,"University of Amsterdam [999985708,NL]",Netherlands,West-Nederland (NL3),616882,ERC-2013-COG,Consolidator Grants,Social sciences & humanities (SH),SH5 - Cultures & Cultural Production,2013,2014-09-01 00:00:00,2019-08-31 00:00:00,1947448,https://cordis.europa.eu/project/id/616882
Horizon Europe,PLUNDERED LIVES,Intimate Dispossession: The Afterlives of Plundered Jewish Personal Possessions in the Aftermath of the Holocaust,"This project aims to write the history of the great plunder of small things—everyday household objects, and personal items, including clothing, looted on a mass-scale by local non-Jews during, and in the aftermath of, the Holocaust. While historical research has focused on the top-down and centralized Nazi state’s takeover of Jewish financial assets, real estate, businesses, or art objects, we know nothing about the afterlives of unmarked objects of daily use that changed hands in the course of the Holocaust and continued being used for decades in the small local communities of East-Central Europe. The main objectives of the project are to document different modes of how Jewish personal possessions were appropriated by non-Jewish local populations of East-Central European shtetls; examine how they have been redeployed, adapted, and misused by their new owners; and assess the social and psychological trans-generational impact of this kind of plunder on the communities of both the beneficiaries and the victims. Breaking with the top-down view on Holocaust dispossession, this project focuses on eight microstudies of communities located in three different administrative units of German-occupied East-Central Europe. PLUNDERED LIVES’ novelty is in a combination of a microhistorical analysis with qualitative approaches of social studies and social psychology; extending the typical time frame (1939-1945) to include dispossession practices that continued after WWII; and experimental outreach strategies of digital crowdsourcing, curatorial interventions in public spaces, and cross-generational interviewing to elicit responses from the implicated communities and document hitherto inaccessible material in private possession. Highly interdisciplinary, PLUNDERED LIVES will open avenues for future research into the fields of genocide studies, anthropology of conflict, social psychology, economic history and forensic studies.",Magdalena Waligórska-Huhle,"Humboldt University of Berlin [999850781,DE]",Germany,Berlin (DE3),101124323,ERC-2023-COG,Consolidator Grants,Social sciences & humanities (SH),SH6 - The Study of the Human Past,2023,2024-04-01 00:00:00,2029-03-31 00:00:00,1999888,https://cordis.europa.eu/project/id/101124323
Horizon Europe,PresentDead,The Present Dead: Investigating Interactions with the Dead in Early Medieval Central and Eastern Europe from 5th to 8th Centuries CE,"The project aims to investigate the practical, mental and emotional dimensions of human interactions with the materials of the dead (graves, human remains and artefacts) in early medieval central and eastern Europe (5th to 8th centuries CE). Based on archaeological and textual evidence, diverse contexts of contact will be investigated through an innovative approach combining cutting-edge scientific methods, technical solutions and new theoretical approaches. The project’s working hypothesis is that perspectives on interaction with the materials of the dead will vary with the ritual stages of funerals.

Early medieval cemeteries comprise of up to hundreds of graves where corpses were generally inhumed in individual graves, frequently together with lavish objects. Many graves were interfered with soon after burial. While disturbed graves have elsewhere been seen as an inferior source of evidence, this project argues that these interventions are important sources for early medieval practices relating to the dead. Investigating cemeteries and out-of-cemetery contexts in four central- and eastern European regions it pursues the following objectives: 1. Investigating the range of practices and contexts in the archaeological records. 2. Analysing textual perspectives in diverse genres. 3. Synthesising material and textual perspectives via an innovative technical solution for semantic integration of data. The methodological objectives for achieving the archaeological goals are: 1. Consolidation of methods and development of research protocols. 2. Development of strategies to mitigate deficiencies of archaeological data. The development of digital tools, moving from high- to low resolution evidence, will be novel and key to the approach.

The project will significantly contribute to our understanding of the relationship between the living and the dead in early medieval Europe.",Edeltraud Aspoeck,"University of Graz [999873188,AT]",Austria,Südösterreich (AT2),101089324,ERC-2022-COG,Consolidator Grants,Social sciences & humanities (SH),SH6 - The Study of the Human Past,2022,2023-09-01 00:00:00,2028-08-31 00:00:00,1965598,https://cordis.europa.eu/project/id/101089324
Horizon 2020,GHOST,"Geographies and Histories of the Ottoman Supernatural Tradition
Exploring Magic, the Marvelous, and the Strange in Ottoman Mentalities
","The project aims to explore Ottoman notions and belief systems concerning the supernatural. Its major objectives will be to explore the meaning and content of the perceptions of the “supernatural”, to localize such beliefs in the various Ottoman systems of thought, to analyze the changes that took place and to associate them with emerging or declining layers of culture and specific social groups. The project will address larger debates in recent historiography about the relevance of the “disenchantment” and “enlightenment” paradigms, integrating Ottoman intellectual history into the broader early modern cultural history.
The research team, composed of the PI, three post-doctoral fellows, four collaborating researchers, five post-graduate students and a technical assistant, will explore these objectives and produce a web portal (containing crowd-sourced dictionaries and bibliographies, open access papers and other material), three international meetings, monographs and papers, and an annual open-access periodical journal. Specific research modules will study the rationalist trends in Ottoman science, various aspects of the Ottoman occult and magic, and the formation and development of the Ottoman cosmological culture. A monograph will be written by the PI and dwell in: the various conceptions of the supernatural/preternatural and their development, the presence of spirits/jinn in Ottoman world image, theory and practice of Ottoman magic, attitudes toward folklore traditions, saintly miracles, and “marvelous geographies”. Monographs will also be produced by the post-doctoral fellows.
The project proposes an innovative approach in many ways, in a subject very much in the frontiers of the field; by exploring the supernatural and the occult in the context of the Ottoman Weltanschauung, the project will address a wider problématique on the Ottoman culture and its place in early modernity, especially as it will focus to the role of different cultural and social layers.",Marinos Sarigiannis,"Foundation for Research and Technology Hellas [999995893,EL]",Greece,"Νησιά Αιγαίου, Κρήτη (EL4)",771766,ERC-2017-COG,Consolidator Grants,Social sciences & humanities (SH),SH6 - The Study of the Human Past,2017,2018-03-01 00:00:00,2024-08-31 00:00:00,1289737.75,https://cordis.europa.eu/project/id/771766
Horizon 2020,TextileLab,"Race to the bottom? Family labour, household livelihood and consumption in the relocation of global cotton manufacturing, ca. 1750-1990","Globalization and the shift of industries and jobs to low-wage countries are topical political issues, but have deep historical roots. For long, cotton manufacturing has been central in global trade and industrial relocation. Textile production has existed almost everywhere, but its major export centres have relocated in the past 250 years, notably from Asia to Europe/the US, then back to Asia. When and why these shifts occur is however still poorly understood. Reducing labour costs has been argued to be central in this ‘race to the bottom’, but this does not explain why textile production was resilient in some regions and periods, and not in others.
This project explores the macro-economic global relocation of textile production from a micro-level perspective: households’ labour and consumption decisions. It proposes an in-depth comparative study of changes in labour allocation and consumption at the household level, to deepen macro-level studies on global textile production. Its main question is to what extent, and how, gender divisions of work, households’ multiple livelihood strategies, and local consumption patterns have influenced the continuation and disappearance of textile manufacturing over time and space? Its empirical contribution is a systematic long-term global comparison of nominal and real textile wages in the context of total household income. Its methodological innovation is to comparatively study labour costs, skill formation and income over time from the micro- perspective of the household, using quantitative and qualitative approaches from several academic fields. Its analytical value is to study interactions between causal mechanisms on the macro-economic level (markets, institutions) and the location of textile manufacturing, with households’ production and consumption choices. This lends workers and households the agency that most studies have overlooked, thus offering new explanations for the global division of labour.",Elisabeth (Elise) Van Nederveen Meerkerk,"Utrecht University [999985805,NL]",Netherlands,West-Nederland (NL3),771288,ERC-2017-COG,Consolidator Grants,Social sciences & humanities (SH),SH6 - The Study of the Human Past,2017,2018-10-01 00:00:00,2024-03-31 00:00:00,1999250,https://cordis.europa.eu/project/id/771288
Horizon 2020,CROSSROADS,Human Evolution at the Crossroads,"The most important open questions in European paleoanthropology concern the timing, number and origin of early human dispersals into the continent, the identity and number of taxa present, and their possible interactions. These issues remain unresolved partly due to the lack of research in South-East Europe, a region at the crossroads between continents and a refugium for fauna, flora and possibly human populations during glacial times. The PI’s previous work there (ERC StG PaGE) aimed to add new evidence to further our understanding of human evolution on the continent. PaGE led to the discovery of several new Paleolithic sites, including the oldest radiometrically dated archaeological site from South-East Europe, placing the region squarely in the Paleolithic map of Europe.  
CROSSROADS is an ambitious, groundbreaking research program that builds on the foundation of PaGE to take Paleolithic research in the region to a new level. In contrast to the exploratory goals of PaGE, it focuses on the early part of the Paleolithic targeting the following questions: Can human presence in South-East Europe, considered a major dispersal route into the continent from Africa and the Near East, be documented beyond the current known chronology of ca. 500 ka BP, as shown in the West? Is there a gap between the earliest human arrival and subsequent human activity in the region, or was human habitation continuous, as would be expected in a refugium? What was the environmental backdrop of the early human dispersal and subsequent evolution? How did behavioral / biological change correlate with environmental changes, chronology and landscape use? Can we document a higher level of diversity in the human fossil record of the region than would be expected under evolutionary scenarios developed on Western European evidence, suggesting that different evolutionary processes were at work? The answers to these questions will be essential for testing hypotheses about human evolution in Eurasia.",Aikaterini Charvati,"University of Tuebingen [999991916,DE]",Germany,Baden-Württemberg (DE1),724703,ERC-2016-COG,Consolidator Grants,Social sciences & humanities (SH),SH6 - The Study of the Human Past,2016,2017-04-01 00:00:00,2022-03-31 00:00:00,1999250,https://cordis.europa.eu/project/id/724703
Horizon 2020,ArtEmpire,"An ARTery of EMPIRE. Conquest, Commerce, Crisis, Culture and the Panamanian Junction (1513-1671)","European incursions onto the narrow isthmian pass that divided and connected the Atlantic and Pacific oceans made it a strategic node of the Spanish Empire and a crucial site for early modern globalization.  On the front lines of the convergence of four continents, Old Panama offers an unusual opportunity for examining the diverse, often asymmetrical impacts of cultural and commercial contacts. The role of Italian, Portuguese, British, Dutch, and French interests in the area, as well as an influx of African slaves and Asian merchandise, have left a unique material legacy that requires an integrated, interdisciplinary approach to its varied sources. Bones, teeth and artifacts on this artery of Empire offer the possibility of new insights into the cultural and biological impact of early globalization.  They also invite an interdisciplinary approach to different groups’ tactics for survival, including possible dietary changes, and the pursuit of profit. Such strategies may have led the diverse peoples inhabiting this junction, from indigenous allies to African and Asian bandits to European corsairs, to develop and to favor local production and Pacific trade networks at the expense of commerce with the metropolis._x000D_This project applies historical, archaeological and archaeometric methodologies to evidence of encounters between peoples and goods from Europe, America, Africa and Asia that took place on the Isthmus of Panama during the sixteenth and seventeenth centuries.  Forging an interdisciplinary approach to early globalization, it challenges both Euro-centric and Hispano-phobic interpretations of the impact of the conquest of America, traditionally seen as a demographic catastrophe that reached its nadir in the so-called seventeenth-century crisis.  Rather than applying quantitative methods to incomplete source material, researchers will adopt a contextualized, inter-disciplinary, qualitative approach to diverse agents involved in cultural and commercial exchange. _x000D_",Bethany Aram Worzella,"Pablo de Olavide University [999846513,ES]",Spain,Sur (ES6),648535,ERC-2014-COG,Consolidator Grants,Social sciences & humanities (SH),SH6 - The Study of the Human Past,2014,2016-01-01 00:00:00,2021-06-30 00:00:00,1998875,https://cordis.europa.eu/project/id/648535
FP7,Judaism and Rome,Re-thinking Judaism’s Encounter with the Roman Empire: Rome’s Political and Religious Challenge to Israel and its Impact on Judaism (2nd Century BCE – 7th Century CE),"Scholars have studied the history of the relationship between Rome and the Jewish people in Antiquity from many angles; however, they have focused mainly on the political and military confrontation between the two. Recently, scholarship has turned to a new research agenda less focused on conflict: the examination of the Romanness of the Jews who lived in the Roman empire, and, in particular, that of the Palestinian Rabbis. While this new trend is both welcome and necessary in order to balance previous approaches, it still leaves an essential question unanswered, perhaps the great impensé of the encounter between Jews and Romans. Beyond Roman concrete political decisions concerning Jews, and the Jews’ adoption of Roman cultural features such as baths, how did Roman imperialism affect the ways Judaism – both rabbinic and non-rabbinic – defined itself? 
This project shall answer this question by analyzing an overlooked dimension of the problem. It will examine how Roman imperialism challenged Judaism both religiously and politically because of the rivalry – from the Jewish perspective – between Jewish and Roman universalisms and “messianic” ideals. This analysis shall make it possible to assess how the Jewish encounter with Rome contributed to shaping Judaism itself, in particular regarding sensitive issues such as the integration of non-Jews in Jewish society, the Jews’ conception of Jewish Law as a national and/or universal law, and Israel’s role in the establishment of a just universal political order. Moreover, in order to better comprehend the specificity of the Jewish responses to Rome, this study shall compare them to those of the Greeks and other peoples dominated by Rome, as well as to those of the Christians until the beginning of the fourth century CE. Finally, it shall try to assess the impact of the Christianization of the empire on the changes within Judaism that began with its encounter with “pagan” Rome.","Katell, Anne, Sophie Berthelot","National Centre for Scientific Research (CNRS) [999997930,FR]",France,Ile-de-France (FR1),614424,ERC-2013-COG,Consolidator Grants,Social sciences & humanities (SH),SH6 - The Study of the Human Past,2013,2014-09-01 00:00:00,2019-08-31 00:00:00,1433123,https://cordis.europa.eu/project/id/614424
Horizon Europe,-,-,-,," [,]",Netherlands,-,101232147,ERC-2025-COG,Consolidator Grants,Social sciences & humanities (SH),-,2025,-,-,-,https://cordis.europa.eu/project/id/101232147
FP7,-,-,-,Rebecca Anna Empson Mannerfelt,"University College London [999975620,UK]",United Kingdom,-,615785,ERC-2013-COG,Consolidator Grants,Social sciences & humanities (SH),-,2013,-,-,-,https://cordis.europa.eu/project/id/615785
Horizon Europe,-,-,-,," [,]",Austria,-,101231979,ERC-2025-COG,Consolidator Grants,Physical sciences & engineering (PE),-,2025,-,-,-,https://cordis.europa.eu/project/id/101231979
FP7,-,-,-,"Emmanuel, François, Jean Breuillard","University of Cambridge [999977172,UK]",France,-,617129,ERC-2013-COG,Consolidator Grants,Physical sciences & engineering (PE),-,2013,-,-,-,https://cordis.europa.eu/project/id/617129
FP7,-,-,-,Jens Peter Hommelhoff,"University of Erlangen-Nuremberg [999995408,DE]",Germany,-,616823,ERC-2013-COG,Consolidator Grants,Physical sciences & engineering (PE),-,2013,-,-,-,https://cordis.europa.eu/project/id/616823
FP7,-,-,-,"Sylvie, Jeanine Lejeune Ép Lorthois","National Centre for Scientific Research (CNRS) [999997930,FR]",France,-,615102,ERC-2013-COG,Consolidator Grants,Physical sciences & engineering (PE),-,2013,-,-,-,https://cordis.europa.eu/project/id/615102
FP7,-,-,-,"Philippe, Guy, Marie Marmottant","National Centre for Scientific Research (CNRS) [999997930,FR]",France,-,614655,ERC-2013-COG,Consolidator Grants,Physical sciences & engineering (PE),-,2013,-,-,-,https://cordis.europa.eu/project/id/614655
Horizon Europe,-,-,-,," [,]",Belgium,-,101228783,ERC-2025-COG,Consolidator Grants,Life Sciences (LS),-,2025,-,-,-,https://cordis.europa.eu/project/id/101228783
FP7,-,-,-,Gert Fredrik Bäckhed,"University of Gothenburg [999981925,SE]",Sweden,-,615362,ERC-2013-COG,Consolidator Grants,Life Sciences (LS),-,2013,-,-,-,https://cordis.europa.eu/project/id/615362
FP7,-,-,-,Maria Carla Saleh Bottegoni,"Pasteur Institute [999993080,FR]",France,-,615220,ERC-2013-COG,Consolidator Grants,Life Sciences (LS),-,2013,-,-,-,https://cordis.europa.eu/project/id/615220
FP7,-,-,-,Patricio Aloy Calaf,"Institute for Research in Biomedicine Barcelona [999541836,ES]",Spain,-,614944,ERC-2013-COG,Consolidator Grants,Life Sciences (LS),-,2013,-,-,-,https://cordis.europa.eu/project/id/614944
Horizon Europe,ISDEM,Investigating Spin Dynamics with Electron Microscopy,"Transmission electron microscopy (TEM) is a highly developed technology that employs wave properties of electrons to resolve structures at an atomic level. Unfortunately, for sensitive (e.g. biological) specimens, radiation-induced damage remains a significant limitation, preventing the observation of dynamics at relevant scales and hindering access to the ultimate resolutions achievable with TEM.
ISDEM combines for the first time non-invasive magnetic resonance spectroscopic techniques with electron microscopy. We will develop novel methods for microwave-pump electron-probe investigations of spin dynamics on the nanoscale.
By detecting the phase shift induced on the free electron wavefunction by the sample's spin systems, this technique enables the probing of unique quantum features which was hitherto inaccessible in TEM. It captures not only the chemical shifts of the spins within their molecular environment but also their dynamics due to the surrounding quantum states.	
Since our technique allows for an aloof electron beam, not directly impacting the region of interest, radiation damage is highly suppressed.
With this project, I envision bridging the extremely successful fields of electron microscopy and spin resonance spectroscopy, enabling novel analytic quantum tools for fundamental and materials science.
",," [,]",Austria,Ostösterreich (AT1),101231979,ERC-2025-COG,Consolidator Grants,-,-,2025,2026-06-01 00:00:00,2031-05-31 00:00:00,1996776,https://cordis.europa.eu/project/id/101231979
Horizon Europe,SYNTHESIS,Unveiling the Heterogeneity of Treatment Effects in Psychotherapy for Depression: A Synthesis of Individual Patient Data,"Depression affects hundreds of millions of people, causing profound global suffering and underscoring the urgent need for effective treatments, like various psychotherapy types. Despite decades of research demonstrating psychotherapy’s effectiveness, outcomes remain stagnant, with over 50% of patients not responding to treatment. This stagnation underscores the necessity for targeted approaches to maximize treatment benefits, particularly given the heterogeneity of treatment effects (HTE) driven by individual differences and study contexts. SYNTHESIS addresses these challenges by utilizing an ambitious computational framework, which integrates Individual Patient Data (component) Network Meta-Analyses (IPD[c]NMAs) with machine learning (ML) to pave the way to precision psychology. It reconceptualizes psychotherapy as a dynamic, context-sensitive, and patient-centered network of interventions, addressing a key unanswered question: i.e., what is the optimal treatment, and its components based on individual differences. Moving beyond traditional approaches focusing on group averages, SYNTHESIS will uncover the HTE, addressing the generalizability crisis in psychotherapy research while advancing knowledge of treatment response variability. Key innovations include comparing all head-to-head comparison of psychotherapies, deconstructing these therapies into components, mapping their interactions with patient characteristics, and using ML to identify complex patterns in treatment responses within a causal IPD(c)NMA framework. Outputs such as an unparalleled IPD data warehouse, predictive models, and open-access clinical decision tools will revolutionize clinical research and practice. By advancing methodological approaches to targeted interventions, SYNTHESIS sets a new standard for precision psychology. Its scalable framework extends beyond depression, providing a blueprint for precision approaches in other disorders and disciplines where personalization is essential.",," [,]",Netherlands,West-Nederland (NL3),101232147,ERC-2025-COG,Consolidator Grants,-,-,2025,2026-06-01 00:00:00,2031-05-31 00:00:00,2038241,https://cordis.europa.eu/project/id/101232147
Horizon Europe,TOPOHEART,Topology for understanding the paired nature of cardiac arrhythmia,"This proposal aims to revolutionize the understanding and treatment of cardiac arrhythmias by introducing a topological perspective, a completely novel approach in the field, offering a transformative opportunity to advance both the understanding and treatment of life-threatening arrhythmias. Reentries, where the heart's electrical signal follows an abnormal circular path, are central to arrhythmias. Current ablation strategies aim to scar tissue to disrupt these circuits.  

I challenge the prevailing belief that reentries exist as isolated phenomena, showing instead that they are interconnected. By applying the index theorem for phase singularities, I demonstrate that reentries occur in pairs: a clockwise loop (index -1) is always accompanied by a counterclockwise loop (index +1), ensuring the sum of indices is zero. Crucially, incomplete reentry loops, often dismissed as irrelevant, also carry a non-zero index and must be targeted to effectively terminate arrhythmias.  

The project focuses on three major arrhythmias: atrial tachycardia (AT), ventricular tachycardia (VT), and atrial fibrillation (AF). For AT, we build on substantial computational and clinical evidence showing paired reentry circuits around critical boundaries (CBs). We aim to expand this framework to bi-atrial ATs, a previously uncharted territory. For VT, the ventricles' thickness adds 3D complexity; we hypothesize the index theorem remains valid, with reentry loops and CBs transforming into 3D structures. Using simulations, pig experiments, and clinical analyses, we will identify these 3D CBs and develop precise ablation strategies. For AF, persistent irregular reentries challenge the limits of the index theorem. Through simulations and high-density human recordings, we will determine whether CBs remain relevant as ablation targets.  

All findings will be integrated into an open-source software package, ensuring reproducibility and accessibility for the broader research community.",," [,]",Belgium,Vlaams Gewest (BE2),101228783,ERC-2025-COG,Consolidator Grants,-,-,2025,2027-01-01 00:00:00,2031-12-31 00:00:00,2000000,https://cordis.europa.eu/project/id/101228783
